Channel Accuracy: 10 Bits
Measurement Range 0...5V --> Resolution: 5V/2^10 = 4.9mV
Measured two channels at a Frequency of 1000 Hz
Time (s)	Ch.1 (V)	Ch.2 (V)
0	2.9296875	3.06640625
0.001	2.75390625	2.9296875
0.002	2.5732421875	2.7685546875
0.003	2.3876953125	2.59765625
0.004	2.197265625	2.421875
0.004996	2.01171875	2.24609375
0.005996	1.8408203125	2.0654296875
0.006996	1.708984375	1.904296875
0.007996	1.58203125	1.7578125
0.008996	1.50390625	1.640625
0.009996	1.4501953125	1.5478515625
0.010996	1.4208984375	1.494140625
0.011996	1.455078125	1.474609375
0.012996	1.5283203125	1.4892578125
0.013996	1.6259765625	1.5380859375
0.014996	1.7529296875	1.62109375
0.015996	1.9091796875	1.73828125
0.016996	2.080078125	1.8798828125
0.017996	2.265625	2.0361328125
0.018996	2.4658203125	2.216796875
0.019996	2.6513671875	2.40234375
0.020996	2.841796875	2.578125
0.021996	3.0078125	2.7490234375
0.022996	3.134765625	2.91015625
0.023996	3.251953125	3.0517578125
0.024996	3.33984375	3.173828125
0.025996	3.388671875	3.26171875
0.026996	3.3837890625	3.3056640625
0.027996	3.359375	3.3349609375
0.028996	3.28125	3.310546875
0.029996	3.193359375	3.251953125
0.030996	3.0517578125	3.1591796875
0.031996	2.8857421875	3.0419921875
0.032996	2.71484375	2.890625
0.033996	2.51953125	2.724609375
0.034996	2.32421875	2.5439453125
0.036	2.1337890625	2.36328125
0.037	1.953125	2.1826171875
0.038	1.7919921875	2.0068359375
0.039	1.6455078125	1.8505859375
0.04	1.54296875	1.708984375
0.041	1.4697265625	1.6015625
0.042	1.4404296875	1.5234375
0.043	1.4404296875	1.484375
0.044	1.484375	1.4794921875
0.045	1.5771484375	1.513671875
0.046	1.6943359375	1.58203125
0.047	1.8408203125	1.6845703125
0.047996	2.0068359375	1.8212890625
0.048996	2.197265625	1.9677734375
0.049996	2.3876953125	2.1533203125
0.050996	2.5927734375	2.333984375
0.051996	2.783203125	2.509765625
0.052996	2.958984375	2.6953125
0.053996	3.1201171875	2.87109375
0.054996	3.2373046875	3.0224609375
0.055996	3.330078125	3.1494140625
0.056996	3.369140625	3.2373046875
0.057996	3.3984375	3.30078125
0.058996	3.359375	3.330078125
0.059996	3.30078125	3.3056640625
0.060996	3.203125	3.2568359375
0.061996	3.0517578125	3.1689453125
0.062996	2.8955078125	3.046875
0.063996	2.7197265625	2.900390625
0.064996	2.51953125	2.724609375
0.065996	2.314453125	2.5439453125
0.066996	2.119140625	2.3583984375
0.067996	1.9384765625	2.177734375
0.068996	1.767578125	1.9970703125
0.069996	1.6259765625	1.8359375
0.070996	1.5283203125	1.7041015625
0.071996	1.4599609375	1.5966796875
0.072996	1.435546875	1.5185546875
0.073996	1.455078125	1.484375
0.074996	1.513671875	1.4892578125
0.075996	1.6015625	1.5234375
0.076996	1.728515625	1.611328125
0.078008	1.884765625	1.728515625
0.079	2.0703125	1.875
0.08	2.2607421875	2.03125
0.081	2.470703125	2.2216796875
0.082	2.6806640625	2.40234375
0.083	2.87109375	2.5927734375
0.084	3.0322265625	2.7734375
0.085	3.1787109375	2.9443359375
0.086	3.2861328125	3.0859375
0.087	3.359375	3.193359375
0.088	3.388671875	3.271484375
0.089	3.37890625	3.3154296875
0.089996	3.330078125	3.310546875
0.090996	3.2421875	3.28125
0.091996	3.1103515625	3.2080078125
0.092996	2.9541015625	3.0859375
0.093996	2.7734375	2.9443359375
0.094996	2.5732421875	2.7880859375
0.095996	2.373046875	2.59765625
0.096996	2.1630859375	2.4072265625
0.097996	1.9775390625	2.2216796875
0.098996	1.796875	2.041015625
0.099996	1.650390625	1.865234375
0.100996	1.5478515625	1.728515625
0.101996	1.46484375	1.611328125
0.102996	1.4404296875	1.533203125
0.103996	1.455078125	1.4892578125
0.104996	1.50390625	1.494140625
0.105996	1.591796875	1.5283203125
0.106996	1.728515625	1.6064453125
0.107996	1.89453125	1.728515625
0.108996	2.0751953125	1.865234375
0.109996	2.275390625	2.041015625
0.110996	2.4853515625	2.2265625
0.111996	2.6953125	2.4169921875
0.112996	2.8857421875	2.59765625
0.113996	3.046875	2.79296875
0.114996	3.1982421875	2.9541015625
0.115996	3.3056640625	3.1005859375
0.116996	3.3740234375	3.2080078125
0.117996	3.3935546875	3.2763671875
0.118996	3.369140625	3.3154296875
0.119996	3.3056640625	3.310546875
0.121	3.212890625	3.251953125
0.122	3.06640625	3.1787109375
0.123	2.890625	3.0419921875
0.124	2.7001953125	2.900390625
0.125	2.490234375	2.7197265625
0.126	2.28515625	2.5390625
0.127	2.080078125	2.3388671875
0.128	1.8896484375	2.1435546875
0.129	1.7236328125	1.97265625
0.13	1.6015625	1.806640625
0.131	1.4990234375	1.6748046875
0.132	1.4404296875	1.572265625
0.132996	1.4306640625	1.513671875
0.133996	1.4697265625	1.494140625
0.134996	1.5576171875	1.5087890625
0.135996	1.669921875	1.572265625
0.136996	1.81640625	1.6796875
0.137996	2.0068359375	1.8115234375
0.138996	2.20703125	1.9775390625
0.139996	2.4169921875	2.1630859375
0.140996	2.63671875	2.36328125
0.141996	2.8271484375	2.5390625
0.142996	3.017578125	2.7294921875
0.143996	3.1640625	2.9150390625
0.144996	3.2861328125	3.056640625
0.145996	3.3642578125	3.1787109375
0.146996	3.388671875	3.2666015625
0.147996	3.3740234375	3.3154296875
0.148996	3.310546875	3.3154296875
0.149996	3.22265625	3.2666015625
0.150996	3.0712890625	3.18359375
0.151996	2.9052734375	3.0615234375
0.152996	2.71484375	2.900390625
0.153996	2.4951171875	2.734375
0.154996	2.294921875	2.5390625
0.155996	2.0849609375	2.333984375
0.156996	1.8896484375	2.1484375
0.157996	1.7138671875	1.9580078125
0.158996	1.591796875	1.8017578125
0.159996	1.494140625	1.66015625
0.160996	1.4501953125	1.572265625
0.161996	1.435546875	1.5087890625
0.162996	1.4892578125	1.494140625
0.164	1.5771484375	1.5234375
0.165	1.7041015625	1.591796875
0.166	1.8701171875	1.708984375
0.167	2.0654296875	1.845703125
0.168	2.2705078125	2.021484375
0.169	2.490234375	2.2119140625
0.17	2.7099609375	2.4072265625
0.171	2.8759765625	2.59765625
0.172	3.06640625	2.783203125
0.173	3.203125	2.958984375
0.174	3.3203125	3.1005859375
0.175	3.3740234375	3.2177734375
0.175996	3.388671875	3.28125
0.176996	3.359375	3.3154296875
0.177996	3.28125	3.2958984375
0.178996	3.1591796875	3.22265625
0.179996	2.998046875	3.125
0.180996	2.8125	2.98828125
0.181996	2.59765625	2.822265625
0.182996	2.3828125	2.626953125
0.183996	2.16796875	2.431640625
0.184996	1.962890625	2.2314453125
0.185996	1.7724609375	2.041015625
0.186996	1.6259765625	1.8603515625
0.187996	1.5234375	1.71875
0.188996	1.455078125	1.6015625
0.189996	1.4306640625	1.5283203125
0.190996	1.46484375	1.4990234375
0.191996	1.5478515625	1.513671875
0.192996	1.6748046875	1.572265625
0.193996	1.8212890625	1.669921875
0.194996	2.0166015625	1.8115234375
0.195996	2.2314453125	1.97265625
0.196996	2.451171875	2.16796875
0.197996	2.67578125	2.373046875
0.198996	2.8759765625	2.568359375
0.199996	3.056640625	2.7587890625
0.200996	3.2080078125	2.939453125
0.201996	3.3154296875	3.095703125
0.202996	3.37890625	3.2080078125
0.203996	3.3984375	3.271484375
0.204996	3.349609375	3.310546875
0.206008	3.28125	3.2861328125
0.207	3.1494140625	3.232421875
0.208	2.9833984375	3.1103515625
0.209	2.79296875	2.9736328125
0.21	2.5830078125	2.8076171875
0.211	2.36328125	2.6171875
0.212	2.1435546875	2.4169921875
0.213	1.93359375	2.2119140625
0.214	1.7578125	2.0166015625
0.215	1.6064453125	1.845703125
0.216	1.5087890625	1.69921875
0.217	1.4501953125	1.591796875
0.217996	1.4453125	1.5185546875
0.218996	1.484375	1.50390625
0.219996	1.5771484375	1.5234375
0.220996	1.708984375	1.6015625
0.221996	1.884765625	1.71875
0.222996	2.08984375	1.85546875
0.223996	2.3046875	2.03125
0.224996	2.5390625	2.2412109375
0.225996	2.75390625	2.4462890625
0.226996	2.94921875	2.6513671875
0.227996	3.125	2.83203125
0.228996	3.26171875	3.0078125
0.229996	3.3447265625	3.1494140625
0.230996	3.3935546875	3.2373046875
0.231996	3.3837890625	3.2958984375
0.232996	3.3251953125	3.3056640625
0.233996	3.2080078125	3.26171875
0.234996	3.0615234375	3.1787109375
0.235996	2.880859375	3.046875
0.236996	2.6708984375	2.8759765625
0.237996	2.44140625	2.685546875
0.238996	2.216796875	2.4951171875
0.239996	1.9970703125	2.2900390625
0.240996	1.8115234375	2.0849609375
0.241996	1.650390625	1.89453125
0.242996	1.5283203125	1.7578125
0.243996	1.4599609375	1.62109375
0.244996	1.4404296875	1.54296875
0.245996	1.4697265625	1.50390625
0.246996	1.552734375	1.5234375
0.247996	1.6845703125	1.58203125
0.249	1.845703125	1.689453125
0.25	2.0556640625	1.8359375
0.251	2.275390625	2.0068359375
0.252	2.509765625	2.2119140625
0.253	2.724609375	2.4169921875
0.254	2.9296875	2.6220703125
0.255	3.10546875	2.8173828125
0.256	3.2568359375	2.9833984375
0.257	3.349609375	3.134765625
0.258	3.3935546875	3.22265625
0.259	3.37890625	3.2861328125
0.26	3.3251953125	3.2958984375
0.260996	3.2080078125	3.2568359375
0.261996	3.046875	3.1591796875
0.262996	2.861328125	3.0419921875
0.263996	2.646484375	2.8662109375
0.264996	2.421875	2.6806640625
0.265996	2.1875	2.4755859375
0.266996	1.9775390625	2.265625
0.267996	1.787109375	2.0654296875
0.268996	1.6162109375	1.8798828125
0.269996	1.513671875	1.71875
0.270996	1.4404296875	1.6015625
0.271996	1.435546875	1.533203125
0.272996	1.484375	1.513671875
0.273996	1.58203125	1.5283203125
0.274996	1.728515625	1.6064453125
0.275996	1.9091796875	1.728515625
0.276996	2.1142578125	1.8798828125
0.277996	2.34375	2.0751953125
0.278996	2.587890625	2.265625
0.279996	2.802734375	2.490234375
0.280996	3.0078125	2.685546875
0.281996	3.1787109375	2.8759765625
0.282996	3.30078125	3.037109375
0.283996	3.369140625	3.1787109375
0.284996	3.388671875	3.26171875
0.285996	3.3544921875	3.2958984375
0.286996	3.2666015625	3.28125
0.287996	3.134765625	3.2177734375
0.288996	2.9541015625	3.1103515625
0.289996	2.75390625	2.9541015625
0.290996	2.5146484375	2.7734375
0.292	2.2802734375	2.5634765625
0.293	2.0556640625	2.36328125
0.294	1.85546875	2.1484375
0.295	1.6796875	1.9580078125
0.296	1.54296875	1.787109375
0.297	1.46484375	1.650390625
0.298	1.4306640625	1.5673828125
0.299	1.46484375	1.5234375
0.3	1.5576171875	1.5234375
0.301	1.6796875	1.5869140625
0.302	1.8603515625	1.689453125
0.303	2.0654296875	1.8310546875
0.303996	2.294921875	2.0263671875
0.304996	2.5390625	2.2314453125
0.305996	2.7685546875	2.431640625
0.306996	2.96875	2.63671875
0.307996	3.154296875	2.83203125
0.308996	3.28125	3.0126953125
0.309996	3.369140625	3.14453125
0.310996	3.3984375	3.2373046875
0.311996	3.369140625	3.2861328125
0.312996	3.28125	3.2763671875
0.313996	3.14453125	3.2177734375
0.314996	2.96875	3.115234375
0.315996	2.75390625	2.958984375
0.316996	2.529296875	2.7783203125
0.317996	2.28515625	2.568359375
0.318996	2.060546875	2.36328125
0.319996	1.845703125	2.1435546875
0.320996	1.669921875	1.9580078125
0.321996	1.54296875	1.787109375
0.322996	1.46484375	1.650390625
0.323996	1.4404296875	1.5625
0.324996	1.474609375	1.5185546875
0.325996	1.5673828125	1.5234375
0.326996	1.7041015625	1.5966796875
0.327996	1.89453125	1.708984375
0.328996	2.1044921875	1.875
0.329996	2.3486328125	2.0556640625
0.330996	2.587890625	2.2705078125
0.331996	2.8173828125	2.4755859375
0.332996	3.0224609375	2.6904296875
0.334008	3.193359375	2.880859375
0.335	3.3056640625	3.0517578125
0.336	3.3837890625	3.1787109375
0.337	3.3935546875	3.2568359375
0.338	3.3447265625	3.2861328125
0.339	3.2373046875	3.251953125
0.34	3.0810546875	3.18359375
0.341	2.890625	3.056640625
0.342	2.65625	2.8955078125
0.343	2.431640625	2.705078125
0.344	2.1875	2.490234375
0.345	1.962890625	2.2705078125
0.345996	1.7578125	2.060546875
0.346996	1.6015625	1.875
0.347996	1.494140625	1.708984375
0.348996	1.4404296875	1.6015625
0.349996	1.4501953125	1.5380859375
0.350996	1.5087890625	1.5234375
0.351996	1.640625	1.5576171875
0.352996	1.806640625	1.650390625
0.353996	2.021484375	1.796875
0.354996	2.255859375	1.9775390625
0.355996	2.5	2.1826171875
0.356996	2.7294921875	2.392578125
0.357996	2.958984375	2.607421875
0.358996	3.1396484375	2.8173828125
0.359996	3.2763671875	2.98828125
0.360996	3.3642578125	3.1396484375
0.361996	3.3935546875	3.2373046875
0.362996	3.3642578125	3.2763671875
0.363996	3.2763671875	3.2666015625
0.364996	3.1201171875	3.212890625
0.365996	2.9345703125	3.0908203125
0.366996	2.7099609375	2.939453125
0.367996	2.470703125	2.75390625
0.368996	2.2216796875	2.5390625
0.369996	1.9970703125	2.3193359375
0.370996	1.7822265625	2.1044921875
0.371996	1.62109375	1.9091796875
0.372996	1.494140625	1.7431640625
0.373996	1.4404296875	1.62109375
0.374996	1.435546875	1.5380859375
0.375996	1.5087890625	1.5283203125
0.377	1.6357421875	1.5673828125
0.378	1.796875	1.6552734375
0.379	2.0068359375	1.796875
0.38	2.24609375	1.9677734375
0.381	2.5	2.16796875
0.382	2.7392578125	2.392578125
0.383	2.958984375	2.6123046875
0.384	3.1494140625	2.8076171875
0.385	3.2861328125	2.9931640625
0.386	3.3642578125	3.1396484375
0.387	3.3984375	3.2275390625
0.388	3.349609375	3.271484375
0.388996	3.2421875	3.2666015625
0.389996	3.10546875	3.1982421875
0.390996	2.8955078125	3.0712890625
0.391996	2.6708984375	2.91015625
0.392996	2.431640625	2.7099609375
0.393996	2.1728515625	2.4951171875
0.394996	1.9384765625	2.275390625
0.395996	1.7431640625	2.0654296875
0.396996	1.591796875	1.865234375
0.397996	1.4794921875	1.708984375
0.398996	1.435546875	1.6015625
0.399996	1.4599609375	1.5380859375
0.400996	1.54296875	1.533203125
0.401996	1.6796875	1.591796875
0.402996	1.8701171875	1.6943359375
0.403996	2.0947265625	1.8505859375
0.404996	2.333984375	2.041015625
0.405996	2.59765625	2.255859375
0.406996	2.83203125	2.4755859375
0.407996	3.0419921875	2.6806640625
0.408996	3.2080078125	2.890625
0.409996	3.330078125	3.046875
0.410996	3.388671875	3.18359375
0.411996	3.37890625	3.2568359375
0.412996	3.3154296875	3.271484375
0.413996	3.18359375	3.232421875
0.414996	3.0029296875	3.1396484375
0.415996	2.783203125	2.98828125
0.416996	2.5341796875	2.8125
0.417996	2.28515625	2.587890625
0.418996	2.0361328125	2.3681640625
0.42	1.81640625	2.158203125
0.421	1.640625	1.953125
0.422	1.5087890625	1.7724609375
0.423	1.4404296875	1.6455078125
0.424	1.4501953125	1.5576171875
0.425	1.5087890625	1.533203125
0.426	1.6357421875	1.5673828125
0.427	1.8115234375	1.6552734375
0.428	2.021484375	1.796875
0.429	2.2607421875	1.982421875
0.43	2.529296875	2.1826171875
0.431	2.7734375	2.4169921875
0.431996	2.9931640625	2.6318359375
0.432996	3.1787109375	2.841796875
0.433996	3.3056640625	3.017578125
0.434996	3.37890625	3.1591796875
0.435996	3.388671875	3.2373046875
0.436996	3.3203125	3.2666015625
0.437996	3.1982421875	3.2373046875
0.438996	3.0224609375	3.154296875
0.439996	2.8173828125	3.0078125
0.440996	2.568359375	2.83203125
0.441996	2.3095703125	2.6171875
0.442996	2.060546875	2.40234375
0.443996	1.8359375	2.1728515625
0.444996	1.650390625	1.962890625
0.445996	1.5283203125	1.7919921875
0.446996	1.4501953125	1.650390625
0.447996	1.4453125	1.5673828125
0.448996	1.50390625	1.5478515625
0.449996	1.630859375	1.5771484375
0.450996	1.8115234375	1.6552734375
0.451996	2.0361328125	1.796875
0.452996	2.275390625	1.9873046875
0.453996	2.548828125	2.1923828125
0.454996	2.7978515625	2.4267578125
0.455996	3.017578125	2.646484375
0.456996	3.1884765625	2.841796875
0.457996	3.3251953125	3.02734375
0.458996	3.3837890625	3.154296875
0.459996	3.388671875	3.2373046875
0.460996	3.310546875	3.26171875
0.462008	3.1787109375	3.2177734375
0.463	2.9931640625	3.1201171875
0.464	2.763671875	2.9736328125
0.465	2.5146484375	2.79296875
0.466	2.2509765625	2.5732421875
0.467	2.001953125	2.3486328125
0.468	1.77734375	2.1240234375
0.469	1.6064453125	1.923828125
0.47	1.494140625	1.7529296875
0.471	1.435546875	1.6259765625
0.472	1.4599609375	1.5576171875
0.473	1.54296875	1.552734375
0.473996	1.6845703125	1.6015625
0.474996	1.8896484375	1.7041015625
0.475996	2.119140625	1.865234375
0.476996	2.3779296875	2.0654296875
0.477996	2.6513671875	2.2802734375
0.478996	2.880859375	2.509765625
0.479996	3.0908203125	2.7294921875
0.480996	3.2568359375	2.9296875
0.481996	3.3642578125	3.0859375
0.482996	3.3935546875	3.1884765625
0.483996	3.359375	3.2470703125
0.484996	3.251953125	3.2373046875
0.485996	3.0908203125	3.173828125
0.486996	2.87109375	3.0517578125
0.487996	2.626953125	2.880859375
0.488996	2.3681640625	2.6806640625
0.489996	2.109375	2.4560546875
0.490996	1.8701171875	2.2265625
0.491996	1.669921875	2.01171875
0.492996	1.5283203125	1.826171875
0.493996	1.455078125	1.6748046875
0.494996	1.4453125	1.591796875
0.495996	1.5087890625	1.552734375
0.496996	1.6357421875	1.5771484375
0.497996	1.8212890625	1.6650390625
0.498996	2.05078125	1.8115234375
0.499996	2.3046875	2.001953125
0.500996	2.568359375	2.216796875
0.501996	2.822265625	2.4462890625
0.502996	3.0517578125	2.6708984375
0.503996	3.2275390625	2.8759765625
0.505	3.3447265625	3.0419921875
0.506	3.388671875	3.1689453125
0.507	3.369140625	3.2421875
0.508	3.2763671875	3.251953125
0.509	3.1201171875	3.193359375
0.51	2.9150390625	3.0810546875
0.511	2.6708984375	2.9150390625
0.512	2.4072265625	2.7099609375
0.513	2.1337890625	2.4951171875
0.514	1.8994140625	2.265625
0.515	1.6943359375	2.041015625
0.516	1.54296875	1.845703125
0.516996	1.4599609375	1.6943359375
0.517996	1.4453125	1.5966796875
0.518996	1.4990234375	1.5478515625
0.519996	1.62109375	1.58203125
0.520996	1.806640625	1.669921875
0.521996	2.0458984375	1.806640625
0.522996	2.294921875	1.9921875
0.523996	2.5830078125	2.2021484375
0.524996	2.8271484375	2.44140625
0.525996	3.0615234375	2.666015625
0.526996	3.2373046875	2.8662109375
0.527996	3.3447265625	3.0419921875
0.528996	3.3935546875	3.173828125
0.529996	3.369140625	3.2373046875
0.530996	3.271484375	3.2421875
0.531996	3.095703125	3.1787109375
0.532996	2.8759765625	3.056640625
0.533996	2.6318359375	2.8955078125
0.534996	2.36328125	2.6806640625
0.535996	2.099609375	2.4609375
0.536996	1.8505859375	2.2314453125
0.537996	1.6552734375	2.0068359375
0.538996	1.5185546875	1.826171875
0.539996	1.4453125	1.6748046875
0.540996	1.4501953125	1.58203125
0.541996	1.5283203125	1.5673828125
0.542996	1.669921875	1.6064453125
0.543996	1.875	1.6943359375
0.544996	2.119140625	1.85546875
0.545996	2.3828125	2.0458984375
0.546996	2.65625	2.2705078125
0.548	2.91015625	2.5048828125
0.549	3.115234375	2.7294921875
0.55	3.2763671875	2.9296875
0.551	3.3984375	3.0810546875
0.552	3.3935546875	3.1982421875
0.553	3.330078125	3.2421875
0.554	3.2080078125	3.2177734375
0.555	3.017578125	3.1396484375
0.556	2.783203125	2.9931640625
0.557	2.5146484375	2.8076171875
0.558	2.2509765625	2.5927734375
0.559	1.982421875	2.3486328125
0.559996	1.7626953125	2.12890625
0.560996	1.591796875	1.923828125
0.561996	1.4794921875	1.7529296875
0.562996	1.4453125	1.6357421875
0.563996	1.484375	1.5771484375
0.564996	1.591796875	1.58203125
0.565996	1.77734375	1.6455078125
0.566996	1.9970703125	1.7822265625
0.567996	2.2607421875	1.962890625
0.568996	2.5341796875	2.177734375
0.569996	2.7978515625	2.4072265625
0.570996	3.046875	2.63671875
0.571996	3.2275390625	2.841796875
0.572996	3.3447265625	3.02734375
0.573996	3.388671875	3.154296875
0.574996	3.3544921875	3.22265625
0.575996	3.251953125	3.22265625
0.576996	3.076171875	3.173828125
0.577996	2.8564453125	3.046875
0.578996	2.59765625	2.8759765625
0.579996	2.32421875	2.65625
0.580996	2.0556640625	2.4267578125
0.581996	1.81640625	2.1923828125
0.582996	1.62109375	1.9775390625
0.583996	1.484375	1.8017578125
0.584996	1.435546875	1.66015625
0.585996	1.46484375	1.591796875
0.586996	1.572265625	1.58203125
0.587996	1.7333984375	1.6357421875
0.588996	1.9580078125	1.7578125
0.590008	2.2265625	1.9140625
0.591	2.5048828125	2.1337890625
0.592	2.7685546875	2.353515625
0.593	3.0126953125	2.59765625
0.594	3.1982421875	2.8125
0.595	3.33984375	2.998046875
0.596	3.3935546875	3.134765625
0.597	3.369140625	3.212890625
0.598	3.2666015625	3.22265625
0.599	3.1005859375	3.1689453125
0.6	2.8759765625	3.056640625
0.601	2.6025390625	2.8857421875
0.601996	2.32421875	2.67578125
0.602996	2.05078125	2.4462890625
0.603996	1.8115234375	2.2119140625
0.604996	1.62109375	1.9921875
0.605996	1.4892578125	1.806640625
0.606996	1.435546875	1.6650390625
0.607996	1.46484375	1.591796875
0.608996	1.5771484375	1.58203125
0.609996	1.748046875	1.640625
0.610996	1.97265625	1.767578125
0.611996	2.24609375	1.943359375
0.612996	2.5341796875	2.1533203125
0.613996	2.802734375	2.3876953125
0.614996	3.0419921875	2.6220703125
0.615996	3.22265625	2.83203125
0.616996	3.3447265625	3.0126953125
0.617996	3.3984375	3.14453125
0.618996	3.3544921875	3.203125
0.619996	3.2421875	3.2177734375
0.620996	3.0517578125	3.1494140625
0.621996	2.8173828125	3.0224609375
0.622996	2.548828125	2.841796875
0.623996	2.265625	2.6220703125
0.624996	1.9921875	2.3828125
0.625996	1.767578125	2.158203125
0.626996	1.572265625	1.9384765625
0.627996	1.46484375	1.77734375
0.628996	1.4453125	1.6455078125
0.629996	1.4990234375	1.591796875
0.630996	1.6162109375	1.6015625
0.631996	1.8115234375	1.6796875
0.633	2.0751953125	1.81640625
0.634	2.3486328125	2.0068359375
0.635	2.6318359375	2.2265625
0.636	2.8955078125	2.470703125
0.637	3.125	2.6953125
0.638	3.2861328125	2.9052734375
0.639	3.3740234375	3.06640625
0.64	3.388671875	3.173828125
0.641	3.3154296875	3.212890625
0.642	3.1640625	3.193359375
0.643	2.9443359375	3.1005859375
0.644	2.6953125	2.9443359375
0.644996	2.4072265625	2.7392578125
0.645996	2.1337890625	2.5146484375
0.646996	1.875	2.28515625
0.647996	1.6552734375	2.060546875
0.648996	1.5087890625	1.8603515625
0.649996	1.4453125	1.7138671875
0.650996	1.455078125	1.611328125
0.651996	1.552734375	1.5966796875
0.652996	1.7333984375	1.630859375
0.653996	1.9580078125	1.7529296875
0.654996	2.2265625	1.923828125
0.655996	2.51953125	2.12890625
0.656996	2.7880859375	2.3681640625
0.657996	3.02734375	2.59765625
0.658996	3.2275390625	2.8173828125
0.659996	3.349609375	2.998046875
0.660996	3.3984375	3.134765625
0.661996	3.349609375	3.203125
0.662996	3.22265625	3.1982421875
0.663996	3.017578125	3.134765625
0.664996	2.7783203125	2.98828125
0.665996	2.4951171875	2.8125
0.666996	2.2021484375	2.5830078125
0.667996	1.93359375	2.353515625
0.668996	1.708984375	2.1240234375
0.669996	1.54296875	1.9091796875
0.670996	1.455078125	1.7529296875
0.671996	1.4453125	1.640625
0.672996	1.5283203125	1.6015625
0.673996	1.6748046875	1.630859375
0.674996	1.9091796875	1.7236328125
0.676	2.1826171875	1.884765625
0.677	2.4609375	2.0849609375
0.678	2.75390625	2.3193359375
0.679	3.0078125	2.5537109375
0.68	3.2080078125	2.7734375
0.681	3.3447265625	2.9736328125
0.682	3.388671875	3.115234375
0.683	3.3544921875	3.18359375
0.684	3.2373046875	3.193359375
0.685	3.0419921875	3.125
0.686	2.79296875	3.0078125
0.687	2.5146484375	2.8271484375
0.687996	2.2216796875	2.6025390625
0.688996	1.9482421875	2.373046875
0.689996	1.71875	2.1337890625
0.690996	1.5380859375	1.9189453125
0.691996	1.4501953125	1.7578125
0.692996	1.455078125	1.6455078125
0.693996	1.533203125	1.6064453125
0.694996	1.69921875	1.6357421875
0.695996	1.9189453125	1.728515625
0.696996	2.1923828125	1.8896484375
0.697996	2.4853515625	2.099609375
0.698996	2.7685546875	2.3291015625
0.699996	3.02734375	2.568359375
0.700996	3.2275390625	2.79296875
0.701996	3.349609375	2.978515625
0.702996	3.388671875	3.115234375
0.703996	3.349609375	3.18359375
0.704996	3.212890625	3.1884765625
0.705996	3.017578125	3.1201171875
0.706996	2.7490234375	2.98828125
0.707996	2.470703125	2.7978515625
0.708996	2.1728515625	2.5732421875
0.709996	1.904296875	2.333984375
0.710996	1.6796875	2.1044921875
0.711996	1.5185546875	1.89453125
0.712996	1.4453125	1.728515625
0.713996	1.4599609375	1.630859375
0.714996	1.5673828125	1.611328125
0.715996	1.73828125	1.6552734375
0.716996	1.9873046875	1.767578125
0.718008	2.265625	1.9482421875
0.719	2.568359375	2.1630859375
0.72	2.8466796875	2.3974609375
0.721	3.095703125	2.6220703125
0.722	3.2666015625	2.8466796875
0.723	3.3642578125	3.017578125
0.724	3.388671875	3.1396484375
0.725	3.3056640625	3.1787109375
0.726	3.1494140625	3.1640625
0.727	2.919921875	3.076171875
0.728	2.6513671875	2.9150390625
0.729	2.3583984375	2.71484375
0.729996	2.060546875	2.4853515625
0.730996	1.8017578125	2.2412109375
0.731996	1.6015625	2.021484375
0.732996	1.474609375	1.8408203125
0.733996	1.4404296875	1.69921875
0.734996	1.494140625	1.62109375
0.735996	1.630859375	1.6259765625
0.736996	1.845703125	1.7041015625
0.737996	2.109375	1.845703125
0.738996	2.412109375	2.0458984375
0.739996	2.7099609375	2.265625
0.740996	2.96875	2.5048828125
0.741996	3.1884765625	2.734375
0.742996	3.3349609375	2.9248046875
0.743996	3.3935546875	3.0712890625
0.744996	3.3544921875	3.1689453125
0.745996	3.22265625	3.18359375
0.746996	3.037109375	3.115234375
0.747996	2.7734375	2.9931640625
0.748996	2.48046875	2.8076171875
0.749996	2.177734375	2.578125
0.750996	1.89453125	2.34375
0.751996	1.669921875	2.109375
0.752996	1.513671875	1.8994140625
0.753996	1.435546875	1.748046875
0.754996	1.4697265625	1.6455078125
0.755996	1.572265625	1.630859375
0.756996	1.7626953125	1.6748046875
0.757996	2.021484375	1.7919921875
0.758996	2.314453125	1.9677734375
0.759996	2.626953125	2.197265625
0.761	2.9052734375	2.431640625
0.762	3.134765625	2.666015625
0.763	3.30078125	2.8759765625
0.764	3.388671875	3.037109375
0.765	3.3740234375	3.14453125
0.766	3.2666015625	3.1689453125
0.767	3.0859375	3.1396484375
0.768	2.8369140625	3.0224609375
0.769	2.5439453125	2.8564453125
0.77	2.2412109375	2.63671875
0.771	1.9482421875	2.3974609375
0.772	1.7041015625	2.1630859375
0.772996	1.5283203125	1.9482421875
0.773996	1.4501953125	1.787109375
0.774996	1.455078125	1.6650390625
0.775996	1.552734375	1.6357421875
0.776996	1.73828125	1.6650390625
0.777996	1.9921875	1.7822265625
0.778996	2.275390625	1.943359375
0.779996	2.5927734375	2.1630859375
0.780996	2.8759765625	2.3974609375
0.781996	3.115234375	2.63671875
0.782996	3.291015625	2.8515625
0.783996	3.3740234375	3.017578125
0.784996	3.369140625	3.134765625
0.785996	3.28125	3.1640625
0.786996	3.0908203125	3.134765625
0.787996	2.841796875	3.0322265625
0.788996	2.548828125	2.8515625
0.789996	2.2412109375	2.6416015625
0.790996	1.953125	2.3974609375
0.791996	1.708984375	2.16796875
0.792996	1.533203125	1.9482421875
0.793996	1.4501953125	1.787109375
0.794996	1.46484375	1.6748046875
0.795996	1.5625	1.6357421875
0.796996	1.7529296875	1.6748046875
0.797996	2.01171875	1.787109375
0.798996	2.3046875	1.9677734375
0.799996	2.6123046875	2.1826171875
0.800996	2.8955078125	2.421875
0.801996	3.1396484375	2.646484375
0.802996	3.310546875	2.8564453125
0.804	3.3837890625	3.02734375
0.805	3.3740234375	3.134765625
0.806	3.2568359375	3.1640625
0.807	3.056640625	3.1201171875
0.808	2.79296875	2.9931640625
0.809	2.490234375	2.8173828125
0.81	2.1826171875	2.5927734375
0.811	1.904296875	2.3583984375
0.812	1.669921875	2.1240234375
0.813	1.5087890625	1.9287109375
0.814	1.435546875	1.7724609375
0.815	1.474609375	1.6650390625
0.815996	1.6015625	1.640625
0.816996	1.81640625	1.69921875
0.817996	2.0849609375	1.826171875
0.818996	2.392578125	2.021484375
0.819996	2.7001953125	2.2509765625
0.820996	2.978515625	2.4853515625
0.821996	3.193359375	2.7099609375
0.822996	3.33984375	2.9052734375
0.823996	3.3935546875	3.0517578125
0.824996	3.330078125	3.134765625
0.825996	3.193359375	3.1494140625
0.826996	2.96875	3.0810546875
0.827996	2.6953125	2.939453125
0.828996	2.3828125	2.744140625
0.829996	2.0751953125	2.509765625
0.830996	1.8115234375	2.275390625
0.831996	1.5966796875	2.0556640625
0.832996	1.46484375	1.865234375
0.833996	1.4404296875	1.728515625
0.834996	1.5185546875	1.66015625
0.835996	1.6796875	1.6748046875
0.836996	1.9287109375	1.748046875
0.837996	2.2216796875	1.9140625
0.838996	2.5341796875	2.12890625
0.839996	2.841796875	2.34375
0.840996	3.0859375	2.5830078125
0.841996	3.2763671875	2.7978515625
0.842996	3.37890625	2.98828125
0.843996	3.369140625	3.1005859375
0.844996	3.2666015625	3.1494140625
0.846008	3.0859375	3.1103515625
0.847	2.8271484375	3.0029296875
0.848	2.51953125	2.841796875
0.849	2.2021484375	2.6171875
0.85	1.9091796875	2.3876953125
0.851	1.6748046875	2.158203125
0.852	1.513671875	1.943359375
0.853	1.4453125	1.77734375
0.854	1.4794921875	1.6845703125
0.855	1.611328125	1.669921875
0.856	1.8212890625	1.7236328125
0.857	2.099609375	1.8505859375
0.857996	2.421875	2.041015625
0.858996	2.7294921875	2.255859375
0.859996	3.0078125	2.5048828125
0.860996	3.2275390625	2.724609375
0.861996	3.359375	2.9150390625
0.862996	3.3837890625	3.0615234375
0.863996	3.3154296875	3.134765625
0.864996	3.1494140625	3.1298828125
0.865996	2.900390625	3.046875
0.866996	2.6171875	2.8955078125
0.867996	2.28515625	2.6904296875
0.868996	1.9873046875	2.451171875
0.869996	1.71875	2.2119140625
0.870996	1.5478515625	1.9970703125
0.871996	1.4501953125	1.8212890625
0.872996	1.46484375	1.7138671875
0.873996	1.572265625	1.6748046875
0.874996	1.767578125	1.7041015625
0.875996	2.041015625	1.8212890625
0.876996	2.353515625	1.9921875
0.877996	2.6806640625	2.216796875
0.878996	2.9736328125	2.451171875
0.879996	3.203125	2.6806640625
0.880996	3.33984375	2.880859375
0.881996	3.388671875	3.0322265625
0.882996	3.3349609375	3.1201171875
0.883996	3.1689453125	3.115234375
0.884996	2.9345703125	3.056640625
0.885996	2.646484375	2.91015625
0.886996	2.3193359375	2.71484375
0.887996	2.0166015625	2.4853515625
0.889	1.7431640625	2.2509765625
0.89	1.552734375	2.03125
0.891	1.4599609375	1.8505859375
0.892	1.4599609375	1.728515625
0.893	1.5625	1.6796875
0.894	1.767578125	1.708984375
0.895	2.0361328125	1.8212890625
0.896	2.34375	1.9921875
0.897	2.6708984375	2.197265625
0.898	2.96875	2.44140625
0.899	3.1982421875	2.6708984375
0.9	3.3447265625	2.8662109375
0.900996	3.3935546875	3.0224609375
0.901996	3.3349609375	3.1103515625
0.902996	3.1640625	3.1201171875
0.903996	2.919921875	3.046875
0.904996	2.6318359375	2.890625
0.905996	2.3046875	2.7099609375
0.906996	1.9970703125	2.4755859375
0.907996	1.728515625	2.2412109375
0.908996	1.54296875	2.01171875
0.909996	1.4501953125	1.845703125
0.910996	1.4697265625	1.728515625
0.911996	1.58203125	1.6943359375
0.912996	1.7919921875	1.728515625
0.913996	2.0751953125	1.8359375
0.914996	2.3974609375	2.0166015625
0.915996	2.71484375	2.24609375
0.916996	3.0029296875	2.48046875
0.917996	3.22265625	2.705078125
0.918996	3.3544921875	2.900390625
0.919996	3.388671875	3.037109375
0.920996	3.30078125	3.10546875
0.921996	3.1298828125	3.095703125
0.922996	2.87109375	3.017578125
0.923996	2.55859375	2.861328125
0.924996	2.2265625	2.6513671875
0.925996	1.9287109375	2.4169921875
0.926996	1.6845703125	2.1875
0.927996	1.5087890625	1.982421875
0.928996	1.4453125	1.8115234375
0.929996	1.484375	1.71875
0.930996	1.6357421875	1.6845703125
0.932	1.8798828125	1.7578125
0.933	2.1728515625	1.8896484375
0.934	2.5	2.08984375
0.935	2.8173828125	2.3046875
0.936	3.0859375	2.548828125
0.937	3.2763671875	2.7587890625
0.938	3.3837890625	2.9345703125
0.939	3.3740234375	3.046875
0.94	3.2568359375	3.1103515625
0.941	3.037109375	3.06640625
0.942	2.7587890625	2.958984375
0.943	2.4267578125	2.783203125
0.943996	2.099609375	2.55859375
0.944996	1.8115234375	2.3291015625
0.945996	1.5966796875	2.1044921875
0.946996	1.4697265625	1.9140625
0.947996	1.4453125	1.767578125
0.948996	1.533203125	1.7138671875
0.949996	1.728515625	1.7236328125
0.950996	2.001953125	1.806640625
0.951996	2.314453125	1.97265625
0.952996	2.646484375	2.1826171875
0.953996	2.9541015625	2.4169921875
0.954996	3.193359375	2.646484375
0.955996	3.33984375	2.8466796875
0.956996	3.388671875	2.9931640625
0.957996	3.3203125	3.0810546875
0.958996	3.154296875	3.0908203125
0.959996	2.8955078125	3.0126953125
0.960996	2.5927734375	2.87109375
0.961996	2.2607421875	2.6708984375
0.962996	1.943359375	2.4462890625
0.963996	1.689453125	2.20703125
0.964996	1.513671875	2.0068359375
0.965996	1.4404296875	1.8408203125
0.966996	1.4892578125	1.73828125
0.967996	1.630859375	1.71875
0.968996	1.884765625	1.767578125
0.969996	2.1923828125	1.8994140625
0.970996	2.529296875	2.1044921875
0.971996	2.841796875	2.3291015625
0.972996	3.10546875	2.548828125
0.974008	3.2958984375	2.763671875
0.975	3.388671875	2.94921875
0.976	3.3544921875	3.0517578125
0.977	3.2177734375	3.095703125
0.978	2.98828125	3.0517578125
0.979	2.6953125	2.919921875
0.98	2.3583984375	2.734375
0.981	2.03125	2.509765625
0.982	1.7529296875	2.28515625
0.983	1.5478515625	2.0703125
0.984	1.455078125	1.8798828125
0.985	1.4697265625	1.767578125
0.985996	1.591796875	1.7236328125
0.986996	1.8115234375	1.7529296875
0.987996	2.1044921875	1.865234375
0.988996	2.4365234375	2.05078125
0.989996	2.7734375	2.265625
0.990996	3.0517578125	2.490234375
0.991996	3.26171875	2.705078125
0.992996	3.3740234375	2.890625
0.993996	3.3740234375	3.02734375
0.994996	3.2568359375	3.0810546875
0.995996	3.0322265625	3.056640625
0.996996	2.744140625	2.94921875
0.997996	2.412109375	2.7734375
0.998996	2.080078125	2.5634765625
0.999996	1.7919921875	2.32421875
1.000996	1.572265625	2.099609375
1.001996	1.46484375	1.9189453125
1.002996	1.46484375	1.787109375
1.003996	1.572265625	1.7333984375
1.004996	1.787109375	1.7578125
1.005996	2.080078125	1.85546875
1.006996	2.412109375	2.03125
1.007996	2.744140625	2.24609375
1.008996	3.0322265625	2.48046875
1.009996	3.2421875	2.685546875
1.010996	3.369140625	2.880859375
1.011996	3.369140625	3.0126953125
1.012996	3.26171875	3.0712890625
1.013996	3.0419921875	3.0419921875
1.014996	2.7587890625	2.94921875
1.015996	2.4267578125	2.7783203125
1.017	2.0849609375	2.568359375
1.018	1.7919921875	2.3388671875
1.019	1.58203125	2.109375
1.02	1.46484375	1.923828125
1.021	1.455078125	1.796875
1.022	1.572265625	1.7431640625
1.023	1.787109375	1.767578125
1.024	2.08984375	1.865234375
1.025	2.421875	2.03125
1.026	2.7587890625	2.24609375
1.027	3.046875	2.48046875
1.028	3.2666015625	2.705078125
1.028996	3.37890625	2.8759765625
1.029996	3.3740234375	3.0078125
1.030996	3.2421875	3.06640625
1.031996	3.0126953125	3.037109375
1.032996	2.7197265625	2.9296875
1.033996	2.3828125	2.75390625
1.034996	2.05078125	2.5341796875
1.035996	1.7626953125	2.3095703125
1.036996	1.5625	2.0947265625
1.037996	1.4453125	1.9140625
1.038996	1.46484375	1.7919921875
1.039996	1.5966796875	1.7578125
1.040996	1.8408203125	1.77734375
1.041996	2.1435546875	1.9091796875
1.042996	2.48046875	2.080078125
1.043996	2.822265625	2.3046875
1.044996	3.10546875	2.51953125
1.045996	3.30078125	2.7294921875
1.046996	3.37890625	2.91015625
1.047996	3.349609375	3.017578125
1.048996	3.203125	3.046875
1.049996	2.94921875	3.0029296875
1.050996	2.63671875	2.880859375
1.051996	2.2900390625	2.7001953125
1.052996	1.97265625	2.4755859375
1.053996	1.6943359375	2.255859375
1.054996	1.5087890625	2.0458984375
1.055996	1.4453125	1.8798828125
1.056996	1.494140625	1.7822265625
1.057996	1.669921875	1.7529296875
1.058996	1.9287109375	1.826171875
1.06	2.2607421875	1.953125
1.061	2.607421875	2.1435546875
1.062	2.9296875	2.3681640625
1.063	3.18359375	2.59765625
1.064	3.3349609375	2.79296875
1.065	3.388671875	2.9345703125
1.066	3.310546875	3.0322265625
1.067	3.115234375	3.037109375
1.068	2.841796875	2.958984375
1.069	2.5048828125	2.8125
1.07	2.1630859375	2.607421875
1.071	1.8408203125	2.3974609375
1.071996	1.6064453125	2.16796875
1.072996	1.46484375	1.9775390625
1.073996	1.4453125	1.8408203125
1.074996	1.552734375	1.7724609375
1.075996	1.7724609375	1.77734375
1.076996	2.0703125	1.8798828125
1.077996	2.4169921875	2.0361328125
1.078996	2.7587890625	2.24609375
1.079996	3.056640625	2.4609375
1.080996	3.271484375	2.67578125
1.081996	3.37890625	2.8515625
1.082996	3.359375	2.98828125
1.083996	3.2177734375	3.0322265625
1.084996	2.9931640625	3.0029296875
1.085996	2.6708984375	2.8955078125
1.086996	2.3193359375	2.7197265625
1.087996	1.9873046875	2.5048828125
1.088996	1.708984375	2.2802734375
1.089996	1.5234375	2.0703125
1.090996	1.4453125	1.9091796875
1.091996	1.494140625	1.8017578125
1.092996	1.6650390625	1.77734375
1.093996	1.9384765625	1.8310546875
1.094996	2.265625	1.962890625
1.095996	2.6220703125	2.1533203125
1.096996	2.9443359375	2.3681640625
1.097996	3.1982421875	2.59765625
1.098996	3.349609375	2.7880859375
1.099996	3.37890625	2.9345703125
1.100996	3.28125	3.0078125
1.102008	3.0810546875	3.0126953125
1.103	2.783203125	2.9248046875
1.104	2.4462890625	2.783203125
1.105	2.1044921875	2.578125
1.106	1.7919921875	2.3583984375
1.107	1.5625	2.1484375
1.108	1.4501953125	1.962890625
1.109	1.4697265625	1.8408203125
1.11	1.6015625	1.7822265625
1.111	1.8408203125	1.8212890625
1.112	2.16796875	1.923828125
1.113	2.5244140625	2.099609375
1.113996	2.861328125	2.3095703125
1.114996	3.134765625	2.529296875
1.115996	3.3251953125	2.7294921875
1.116996	3.3837890625	2.8857421875
1.117996	3.3251953125	2.9833984375
1.118996	3.14453125	3.0126953125
1.119996	2.87109375	2.9541015625
1.120996	2.529296875	2.8173828125
1.121996	2.1728515625	2.626953125
1.122996	1.8505859375	2.4072265625
1.123996	1.611328125	2.1875
1.124996	1.4599609375	2.0068359375
1.125996	1.4501953125	1.8701171875
1.126996	1.5673828125	1.806640625
1.127996	1.796875	1.81640625
1.128996	2.109375	1.904296875
1.129996	2.451171875	2.0751953125
1.130996	2.8076171875	2.2705078125
1.131996	3.0908203125	2.490234375
1.132996	3.291015625	2.6904296875
1.133996	3.388671875	2.8662109375
1.134996	3.3349609375	2.9736328125
1.135996	3.173828125	2.998046875
1.136996	2.9052734375	2.9541015625
1.137996	2.5634765625	2.83203125
1.138996	2.2021484375	2.646484375
1.139996	1.884765625	2.431640625
1.140996	1.6259765625	2.2216796875
1.141996	1.4697265625	2.0263671875
1.142996	1.4501953125	1.884765625
1.143996	1.5478515625	1.81640625
1.145	1.7822265625	1.826171875
1.146	2.08984375	1.9091796875
1.147	2.44140625	2.0703125
1.148	2.7880859375	2.265625
1.149	3.095703125	2.48046875
1.15	3.291015625	2.67578125
1.151	3.3837890625	2.8564453125
1.152	3.33984375	2.9638671875
1.153	3.1689453125	2.9931640625
1.154	2.900390625	2.9443359375
1.155	2.5537109375	2.8271484375
1.156	2.2021484375	2.6416015625
1.156996	1.8798828125	2.4267578125
1.157996	1.62109375	2.216796875
1.158996	1.474609375	2.0263671875
1.159996	1.4599609375	1.8896484375
1.160996	1.5625	1.826171875
1.161996	1.8017578125	1.8310546875
1.162996	2.1142578125	1.9189453125
1.163996	2.4755859375	2.080078125
1.164996	2.822265625	2.2705078125
1.165996	3.1201171875	2.4951171875
1.166996	3.3056640625	2.6953125
1.167996	3.388671875	2.8564453125
1.168996	3.330078125	2.9541015625
1.169996	3.1396484375	2.9833984375
1.170996	2.861328125	2.9296875
1.171996	2.51953125	2.79296875
1.172996	2.197265625	2.6123046875
1.173996	1.8310546875	2.40234375
1.174996	1.58203125	2.1875
1.175996	1.46484375	2.01171875
1.176996	1.4599609375	1.8896484375
1.177996	1.6015625	1.826171875
1.178996	1.8505859375	1.8505859375
1.179996	2.1826171875	1.9580078125
1.180996	2.5439453125	2.1142578125
1.181996	2.880859375	2.3291015625
1.182996	3.1591796875	2.5341796875
1.183996	3.33984375	2.724609375
1.184996	3.388671875	2.87109375
1.185996	3.30078125	2.94921875
1.186996	3.0859375	2.96875
1.188	2.7685546875	2.8857421875
1.189	2.421875	2.7490234375
1.19	2.0654296875	2.55859375
1.191	1.7626953125	2.353515625
1.192	1.5380859375	2.158203125
1.193	1.4453125	1.9873046875
1.194	1.484375	1.875
1.195	1.6650390625	1.8408203125
1.196	1.9384765625	1.8798828125
1.197	2.28515625	2.001953125
1.198	2.6513671875	2.1826171875
1.199	2.98828125	2.3828125
1.199996	3.2275390625	2.5927734375
1.200996	3.369140625	2.7734375
1.201996	3.359375	2.900390625
1.202996	3.232421875	2.9638671875
1.203996	2.978515625	2.939453125
1.204996	2.6611328125	2.841796875
1.205996	2.294921875	2.6806640625
1.206996	1.9482421875	2.48046875
1.207996	1.6552734375	2.2705078125
1.208996	1.4892578125	2.08984375
1.209996	1.4453125	1.943359375
1.210996	1.5478515625	1.85546875
1.211996	1.7529296875	1.8603515625
1.212996	2.0703125	1.9287109375
1.213996	2.44140625	2.0703125
1.214996	2.7978515625	2.265625
1.215996	3.10546875	2.4755859375
1.216996	3.310546875	2.666015625
1.217996	3.3837890625	2.83203125
1.218996	3.3154296875	2.9248046875
1.219996	3.134765625	2.94921875
1.220996	2.841796875	2.8955078125
1.221996	2.4853515625	2.7734375
1.222996	2.1240234375	2.5927734375
1.223996	1.796875	2.3876953125
1.224996	1.5576171875	2.1923828125
1.225996	1.455078125	2.0263671875
1.226996	1.484375	1.904296875
1.227996	1.6357421875	1.8603515625
1.228996	1.9189453125	1.89453125
1.230008	2.2705078125	2.0068359375
1.231	2.6416015625	2.1728515625
1.232	2.9736328125	2.3779296875
1.233	3.2275390625	2.5732421875
1.234	3.3642578125	2.7490234375
1.235	3.359375	2.880859375
1.236	3.2373046875	2.9443359375
1.237	2.9736328125	2.919921875
1.238	2.6416015625	2.8271484375
1.239	2.275390625	2.666015625
1.24	1.9287109375	2.4755859375
1.241	1.650390625	2.2802734375
1.241996	1.484375	2.0947265625
1.242996	1.455078125	1.9482421875
1.243996	1.5576171875	1.8798828125
1.244996	1.806640625	1.884765625
1.245996	2.12890625	1.9580078125
1.246996	2.4951171875	2.1337890625
1.247996	2.8564453125	2.3046875
1.248996	3.1494140625	2.5048828125
1.249996	3.330078125	2.6904296875
1.250996	3.388671875	2.8271484375
1.251996	3.28125	2.919921875
1.252996	3.076171875	2.919921875
1.253996	2.7587890625	2.861328125
1.254996	2.392578125	2.724609375
1.255996	2.0166015625	2.5390625
1.256996	1.7138671875	2.3291015625
1.257996	1.5185546875	2.1484375
1.258996	1.4501953125	2.001953125
1.259996	1.5234375	1.8994140625
1.260996	1.728515625	1.8798828125
1.261996	2.03125	1.943359375
1.262996	2.3974609375	2.0751953125
1.263996	2.7685546875	2.2509765625
1.264996	3.0859375	2.451171875
1.265996	3.30078125	2.6416015625
1.266996	3.3837890625	2.7880859375
1.267996	3.3251953125	2.8857421875
1.268996	3.125	2.919921875
1.269996	2.822265625	2.87109375
1.270996	2.4658203125	2.75390625
1.271996	2.0947265625	2.5732421875
1.273	1.7724609375	2.3779296875
1.274	1.54296875	2.1875
1.275	1.4501953125	2.03125
1.276	1.4892578125	1.9287109375
1.277	1.6845703125	1.8896484375
1.278	1.9775390625	1.93359375
1.279	2.3388671875	2.0458984375
1.28	2.71484375	2.2265625
1.281	3.037109375	2.421875
1.282	3.2763671875	2.6025390625
1.283	3.37890625	2.7685546875
1.284	3.33984375	2.87109375
1.284996	3.1591796875	2.91015625
1.285996	2.87109375	2.87109375
1.286996	2.509765625	2.7587890625
1.287996	2.1337890625	2.5927734375
1.288996	1.8017578125	2.392578125
1.289996	1.5576171875	2.20703125
1.290996	1.455078125	2.0458984375
1.291996	1.484375	1.93359375
1.292996	1.66015625	1.8994140625
1.293996	1.9580078125	1.9384765625
1.294996	2.3193359375	2.041015625
1.295996	2.7001953125	2.2119140625
1.296996	3.0322265625	2.4072265625
1.297996	3.26171875	2.5927734375
1.298996	3.388671875	2.7490234375
1.299996	3.33984375	2.861328125
1.300996	3.1591796875	2.8955078125
1.301996	2.880859375	2.861328125
1.302996	2.509765625	2.7490234375
1.303996	2.138671875	2.5830078125
1.304996	1.796875	2.40234375
1.305996	1.5625	2.216796875
1.306996	1.4501953125	2.05078125
1.307996	1.4892578125	1.9482421875
1.308996	1.6748046875	1.9140625
1.309996	1.97265625	1.9482421875
1.310996	2.333984375	2.060546875
1.311996	2.71484375	2.2265625
1.312996	3.0517578125	2.412109375
1.313996	3.28125	2.59765625
1.314996	3.3837890625	2.7490234375
1.316	3.3349609375	2.8466796875
1.317	3.154296875	2.8857421875
1.318	2.841796875	2.841796875
1.319	2.470703125	2.734375
1.32	2.099609375	2.568359375
1.321	1.7724609375	2.3828125
1.322	1.5380859375	2.2021484375
1.323	1.4501953125	2.05078125
1.324	1.5087890625	1.9482421875
1.325	1.7041015625	1.923828125
1.326	2.0166015625	1.97265625
1.327	2.392578125	2.08984375
1.327996	2.7685546875	2.2509765625
1.328996	3.0908203125	2.44140625
1.329996	3.3056640625	2.6220703125
1.330996	3.388671875	2.763671875
1.331996	3.3056640625	2.8564453125
1.332996	3.095703125	2.87109375
1.333996	2.783203125	2.822265625
1.334996	2.4072265625	2.6953125
1.335996	2.03125	2.529296875
1.336996	1.7138671875	2.3388671875
1.337996	1.5087890625	2.1728515625
1.338996	1.4404296875	2.0361328125
1.339996	1.54296875	1.9482421875
1.340996	1.7724609375	1.93359375
1.341996	2.08984375	2.001953125
1.342996	2.48046875	2.138671875
1.343996	2.8515625	2.3046875
1.344996	3.1591796875	2.4853515625
1.345996	3.3447265625	2.6513671875
1.346996	3.3837890625	2.7734375
1.347996	3.2666015625	2.8515625
1.348996	3.0224609375	2.8564453125
1.349996	2.67578125	2.7880859375
1.350996	2.294921875	2.646484375
1.351996	1.923828125	2.4755859375
1.352996	1.6357421875	2.2900390625
1.353996	1.46484375	2.1337890625
1.354996	1.455078125	2.01171875
1.355996	1.5966796875	1.953125
1.356996	1.865234375	1.962890625
1.358008	2.2216796875	2.041015625
1.359	2.6171875	2.197265625
1.36	2.96875	2.36328125
1.361	3.2373046875	2.5341796875
1.362	3.3740234375	2.6904296875
1.363	3.349609375	2.8076171875
1.364	3.193359375	2.8515625
1.365	2.9052734375	2.8173828125
1.366	2.5390625	2.724609375
1.367	2.1435546875	2.587890625
1.368	1.806640625	2.40234375
1.369	1.5673828125	2.236328125
1.369996	1.4404296875	2.0849609375
1.370996	1.4990234375	1.9921875
1.371996	1.6943359375	1.953125
1.372996	2.001953125	1.9970703125
1.373996	2.3828125	2.109375
1.374996	2.7685546875	2.2705078125
1.375996	3.1005859375	2.4462890625
1.376996	3.3154296875	2.607421875
1.377996	3.37890625	2.7392578125
1.378996	3.2958984375	2.8271484375
1.379996	3.076171875	2.8369140625
1.380996	2.744140625	2.783203125
1.381996	2.3583984375	2.6611328125
1.382996	1.97265625	2.5048828125
1.383996	1.669921875	2.32421875
1.384996	1.4892578125	2.16796875
1.385996	1.455078125	2.0361328125
1.386996	1.5771484375	1.9775390625
1.387996	1.8359375	1.9775390625
1.388996	2.1875	2.060546875
1.389996	2.5830078125	2.1826171875
1.390996	2.94921875	2.353515625
1.391996	3.2177734375	2.529296875
1.392996	3.3642578125	2.6708984375
1.393996	3.359375	2.783203125
1.394996	3.1884765625	2.8173828125
1.395996	2.8955078125	2.8076171875
1.396996	2.529296875	2.71484375
1.397996	2.138671875	2.568359375
1.398996	1.787109375	2.392578125
1.399996	1.552734375	2.2265625
1.401	1.4453125	2.08984375
1.402	1.513671875	2.0068359375
1.403	1.7138671875	1.982421875
1.404	2.0361328125	2.03125
1.405	2.4267578125	2.1435546875
1.406	2.8173828125	2.294921875
1.407	3.1298828125	2.4609375
1.408	3.3203125	2.6171875
1.409	3.3740234375	2.7392578125
1.41	3.2666015625	2.8125
1.411	3.0126953125	2.8125
1.412	2.6708984375	2.7490234375
1.412996	2.2705078125	2.6171875
1.413996	1.904296875	2.451171875
1.414996	1.6162109375	2.28515625
1.415996	1.46484375	2.1435546875
1.416996	1.46484375	2.0361328125
1.417996	1.6357421875	1.982421875
1.418996	1.923828125	2.021484375
1.419996	2.2998046875	2.0947265625
1.420996	2.7001953125	2.24609375
1.421996	3.0419921875	2.412109375
1.422996	3.2861328125	2.578125
1.423996	3.37890625	2.6953125
1.424996	3.3056640625	2.783203125
1.425996	3.095703125	2.8271484375
1.426996	2.7685546875	2.7587890625
1.427996	2.3779296875	2.6513671875
1.428996	1.9873046875	2.490234375
1.429996	1.6796875	2.3291015625
1.430996	1.4892578125	2.177734375
1.431996	1.4501953125	2.060546875
1.432996	1.5771484375	2.0068359375
1.433996	1.8505859375	2.01171875
1.434996	2.2216796875	2.0947265625
1.435996	2.6220703125	2.2216796875
1.436996	2.978515625	2.373046875
1.437996	3.2470703125	2.5439453125
1.438996	3.3837890625	2.6708984375
1.439996	3.33984375	2.75390625
1.440996	3.154296875	2.7978515625
1.441996	2.841796875	2.763671875
1.442996	2.4462890625	2.6611328125
1.444	2.0556640625	2.51953125
1.445	1.71875	2.353515625
1.446	1.50390625	2.2021484375
1.447	1.4404296875	2.0947265625
1.448	1.552734375	2.021484375
1.449	1.8017578125	2.0263671875
1.45	2.158203125	2.080078125
1.451	2.55859375	2.2021484375
1.452	2.939453125	2.3779296875
1.453	3.22265625	2.509765625
1.454	3.3740234375	2.65625
1.455	3.349609375	2.7392578125
1.455996	3.18359375	2.7880859375
1.456996	2.8759765625	2.75390625
1.457996	2.48046875	2.6611328125
1.458996	2.0849609375	2.5244140625
1.459996	1.7431640625	2.3681640625
1.460996	1.5185546875	2.2216796875
1.461996	1.4453125	2.099609375
1.462996	1.54296875	2.0361328125
1.463996	1.787109375	2.03125
1.464996	2.1337890625	2.08984375
1.465996	2.5390625	2.197265625
1.466996	2.91015625	2.353515625
1.467996	3.2080078125	2.5146484375
1.468996	3.369140625	2.646484375
1.469996	3.359375	2.734375
1.470996	3.1884765625	2.7734375
1.471996	2.87109375	2.744140625
1.472996	2.4951171875	2.666015625
1.473996	2.0947265625	2.529296875
1.474996	1.7431640625	2.373046875
1.475996	1.5185546875	2.2314453125
1.476996	1.4501953125	2.1142578125
1.477996	1.5478515625	2.0458984375
1.478996	1.7919921875	2.0361328125
1.479996	2.1435546875	2.099609375
1.480996	2.5537109375	2.216796875
1.481996	2.9248046875	2.3583984375
1.482996	3.212890625	2.5146484375
1.483996	3.3642578125	2.646484375
1.484996	3.3447265625	2.734375
1.486008	3.173828125	2.7587890625
1.487	2.861328125	2.7294921875
1.488	2.4609375	2.646484375
1.489	2.0703125	2.5146484375
1.49	1.728515625	2.3583984375
1.491	1.50390625	2.216796875
1.492	1.4501953125	2.1142578125
1.493	1.5625	2.0556640625
1.494	1.8212890625	2.060546875
1.495	2.1875	2.119140625
1.496	2.587890625	2.2412109375
1.497	2.9736328125	2.3828125
1.497996	3.2470703125	2.5244140625
1.498996	3.37890625	2.65625
1.499996	3.33984375	2.724609375
1.500996	3.1396484375	2.744140625
1.501996	2.7978515625	2.7197265625
1.502996	2.4072265625	2.6171875
1.503996	2.0068359375	2.4853515625
1.504996	1.6845703125	2.333984375
1.505996	1.4990234375	2.20703125
1.506996	1.46484375	2.0947265625
1.507996	1.6015625	2.05078125
1.508996	1.8798828125	2.0654296875
1.509996	2.265625	2.1435546875
1.510996	2.666015625	2.275390625
1.511996	3.0322265625	2.4169921875
1.512996	3.2861328125	2.548828125
1.513996	3.37890625	2.666015625
1.514996	3.3056640625	2.734375
1.515996	3.076171875	2.734375
1.516996	2.724609375	2.6904296875
1.517996	2.3193359375	2.5830078125
1.518996	1.923828125	2.451171875
1.519996	1.6259765625	2.3095703125
1.520996	1.46484375	2.1875
1.521996	1.4794921875	2.099609375
1.522996	1.66015625	2.0703125
1.523996	1.97265625	2.0947265625
1.524996	2.3681640625	2.1875
1.525996	2.7734375	2.3193359375
1.526996	3.1201171875	2.4609375
1.527996	3.3349609375	2.5830078125
1.529	3.37890625	2.6806640625
1.53	3.251953125	2.734375
1.531	2.9833984375	2.7197265625
1.532	2.6025390625	2.646484375
1.533	2.1875	2.5341796875
1.534	1.81640625	2.3974609375
1.535	1.5576171875	2.2607421875
1.536	1.455078125	2.1533203125
1.537	1.513671875	2.08984375
1.538	1.7529296875	2.080078125
1.539	2.099609375	2.1337890625
1.54	2.5146484375	2.2412109375
1.540996	2.8955078125	2.373046875
1.541996	3.212890625	2.5048828125
1.542996	3.3642578125	2.6220703125
1.543996	3.3544921875	2.6953125
1.544996	3.1640625	2.724609375
1.545996	2.841796875	2.6904296875
1.546996	2.44140625	2.607421875
1.547996	2.041015625	2.470703125
1.548996	1.6943359375	2.3388671875
1.549996	1.4892578125	2.2216796875
1.550996	1.4599609375	2.1337890625
1.551996	1.591796875	2.08984375
1.552996	1.8798828125	2.109375
1.553996	2.265625	2.177734375
1.554996	2.685546875	2.294921875
1.555996	3.046875	2.431640625
1.556996	3.2958984375	2.55859375
1.557996	3.37890625	2.646484375
1.558996	3.2861328125	2.7099609375
1.559996	3.0322265625	2.705078125
1.560996	2.6708984375	2.6416015625
1.561996	2.255859375	2.5390625
1.562996	1.865234375	2.4072265625
1.563996	1.5771484375	2.2802734375
1.564996	1.455078125	2.177734375
1.565996	1.50390625	2.109375
1.566996	1.71875	2.099609375
1.567996	2.0654296875	2.1484375
1.568996	2.4755859375	2.2412109375
1.569996	2.87109375	2.36328125
1.570996	3.1884765625	2.5
1.572	3.3642578125	2.6123046875
1.573	3.349609375	2.67578125
1.574	3.1787109375	2.705078125
1.575	2.8515625	2.666015625
1.576	2.451171875	2.578125
1.577	2.0458984375	2.4609375
1.578	1.7041015625	2.3388671875
1.579	1.484375	2.2216796875
1.58	1.455078125	2.1435546875
1.581	1.6015625	2.1142578125
1.582	1.8994140625	2.138671875
1.583	2.294921875	2.2021484375
1.583996	2.7099609375	2.32421875
1.584996	3.0712890625	2.451171875
1.585996	3.310546875	2.568359375
1.586996	3.37890625	2.6513671875
1.587996	3.26171875	2.6904296875
1.588996	3.0029296875	2.67578125
1.589996	2.6220703125	2.6123046875
1.590996	2.2021484375	2.5048828125
1.591996	1.8212890625	2.3779296875
1.592996	1.5576171875	2.2607421875
1.593996	1.455078125	2.177734375
1.594996	1.5234375	2.12890625
1.595996	1.77734375	2.12890625
1.596996	2.138671875	2.177734375
1.597996	2.5634765625	2.28515625
1.598996	2.958984375	2.412109375
1.599996	3.2470703125	2.51953125
1.600996	3.3837890625	2.6171875
1.601996	3.3349609375	2.67578125
1.602996	3.095703125	2.6806640625
1.603996	2.7490234375	2.6318359375
1.604996	2.3291015625	2.5390625
1.605996	1.923828125	2.4169921875
1.606996	1.6259765625	2.294921875
1.607996	1.4599609375	2.197265625
1.608996	1.4794921875	2.1337890625
1.609996	1.6845703125	2.12890625
1.610996	2.021484375	2.16796875
1.611996	2.4462890625	2.2607421875
1.612996	2.8564453125	2.373046875
1.614008	3.1787109375	2.5
1.615	3.3642578125	2.5927734375
1.616	3.3544921875	2.6611328125
1.617	3.18359375	2.6708984375
1.618	2.8564453125	2.6318359375
1.619	2.451171875	2.5537109375
1.62	2.03125	2.44140625
1.621	1.6796875	2.314453125
1.622	1.484375	2.2216796875
1.623	1.46484375	2.1630859375
1.624	1.62109375	2.1337890625
1.625	1.93359375	2.16796875
1.625996	2.34375	2.2412109375
1.626996	2.7587890625	2.36328125
1.627996	3.1201171875	2.48046875
1.628996	3.33984375	2.578125
1.629996	3.3740234375	2.63671875
1.630996	3.2275390625	2.65625
1.631996	2.9296875	2.63671875
1.632996	2.529296875	2.5634765625
1.633996	2.1044921875	2.4560546875
1.634996	1.73828125	2.34375
1.635996	1.513671875	2.2314453125
1.636996	1.4599609375	2.1728515625
1.637996	1.58203125	2.1435546875
1.638996	1.884765625	2.16796875
1.639996	2.275390625	2.2412109375
1.640996	2.7099609375	2.3486328125
1.641996	3.0810546875	2.4658203125
1.642996	3.310546875	2.5634765625
1.643996	3.3837890625	2.626953125
1.644996	3.2568359375	2.65625
1.645996	2.9638671875	2.6416015625
1.646996	2.568359375	2.568359375
1.647996	2.1435546875	2.4658203125
1.648996	1.767578125	2.353515625
1.649996	1.5283203125	2.24609375
1.650996	1.4501953125	2.1875
1.651996	1.5673828125	2.158203125
1.652996	1.8505859375	2.1826171875
1.653996	2.2265625	2.2509765625
1.654996	2.67578125	2.353515625
1.655996	3.0517578125	2.4609375
1.657	3.30078125	2.548828125
1.658	3.3740234375	2.6220703125
1.659	3.2666015625	2.646484375
1.66	2.9833984375	2.626953125
1.661	2.59765625	2.5537109375
1.662	2.16796875	2.4560546875
1.663	1.787109375	2.34375
1.664	1.533203125	2.2412109375
1.665	1.455078125	2.1875
1.666	1.5625	2.1630859375
1.667	1.8408203125	2.1826171875
1.668	2.236328125	2.255859375
1.668996	2.6708984375	2.3486328125
1.669996	3.0517578125	2.4658203125
1.670996	3.30078125	2.55859375
1.671996	3.37890625	2.6171875
1.672996	3.26171875	2.6416015625
1.673996	2.978515625	2.6171875
1.674996	2.5927734375	2.548828125
1.675996	2.1484375	2.4462890625
1.676996	1.7724609375	2.3388671875
1.677996	1.5283203125	2.24609375
1.678996	1.4501953125	2.1875
1.679996	1.572265625	2.16796875
1.680996	1.8505859375	2.197265625
1.681996	2.2607421875	2.255859375
1.682996	2.6904296875	2.373046875
1.683996	3.06640625	2.470703125
1.684996	3.3154296875	2.5732421875
1.685996	3.3837890625	2.6220703125
1.686996	3.251953125	2.6318359375
1.687996	2.94921875	2.5927734375
1.688996	2.5537109375	2.5341796875
1.689996	2.1240234375	2.431640625
1.690996	1.7529296875	2.314453125
1.691996	1.50390625	2.236328125
1.692996	1.455078125	2.1826171875
1.693996	1.5966796875	2.177734375
1.694996	1.8994140625	2.2119140625
1.695996	2.3095703125	2.28515625
1.696996	2.734375	2.3876953125
1.697996	3.1005859375	2.490234375
1.698996	3.3349609375	2.568359375
1.7	3.3740234375	2.6171875
1.701	3.2177734375	2.6220703125
1.702	2.9052734375	2.587890625
1.703	2.490234375	2.5
1.704	2.060546875	2.4072265625
1.705	1.7041015625	2.3046875
1.706	1.4794921875	2.2314453125
1.707	1.4599609375	2.1875
1.708	1.630859375	2.1826171875
1.709	1.962890625	2.2265625
1.71	2.3876953125	2.3193359375
1.711	2.8125	2.4169921875
1.711996	3.154296875	2.51953125
1.712996	3.3544921875	2.587890625
1.713996	3.3544921875	2.6171875
1.714996	3.173828125	2.607421875
1.715996	2.8271484375	2.5634765625
1.716996	2.3974609375	2.48046875
1.717996	1.97265625	2.3779296875
1.718996	1.640625	2.2802734375
1.719996	1.46484375	2.216796875
1.720996	1.484375	2.1875
1.721996	1.69921875	2.2021484375
1.722996	2.0556640625	2.2607421875
1.723996	2.4951171875	2.353515625
1.724996	2.9052734375	2.451171875
1.725996	3.22265625	2.5439453125
1.726996	3.37890625	2.5927734375
1.727996	3.3154296875	2.6123046875
1.728996	3.0810546875	2.59765625
1.729996	2.7197265625	2.529296875
1.730996	2.2802734375	2.44140625
1.731996	1.8701171875	2.34375
1.732996	1.5673828125	2.255859375
1.733996	1.455078125	2.2119140625
1.734996	1.5234375	2.1923828125
1.735996	1.796875	2.2216796875
1.736996	2.1875	2.28515625
1.737996	2.626953125	2.3876953125
1.738996	3.0224609375	2.48046875
1.739996	3.291015625	2.568359375
1.740996	3.3837890625	2.607421875
1.742008	3.2568359375	2.6025390625
1.743	2.9736328125	2.5634765625
1.744	2.568359375	2.4951171875
1.745	2.12890625	2.3974609375
1.746	1.748046875	2.2998046875
1.747	1.5087890625	2.2265625
1.748	1.4599609375	2.1923828125
1.749	1.6064453125	2.20703125
1.75	1.9287109375	2.2509765625
1.751	2.34375	2.3388671875
1.752	2.7880859375	2.4365234375
1.753	3.1396484375	2.5244140625
1.753996	3.3447265625	2.578125
1.754996	3.3642578125	2.6025390625
1.755996	3.1689453125	2.5830078125
1.756996	2.8271484375	2.5390625
1.757996	2.392578125	2.451171875
1.758996	1.953125	2.3486328125
1.759996	1.630859375	2.2607421875
1.760996	1.455078125	2.2119140625
1.761996	1.494140625	2.197265625
1.762996	1.7236328125	2.236328125
1.763996	2.08984375	2.2998046875
1.764996	2.5439453125	2.3876953125
1.765996	2.9541015625	2.48046875
1.766996	3.2568359375	2.55859375
1.767996	3.37890625	2.5927734375
1.768996	3.30078125	2.587890625
1.769996	3.02734375	2.5634765625
1.770996	2.63671875	2.490234375
1.771996	2.1923828125	2.40234375
1.772996	1.796875	2.2998046875
1.773996	1.5234375	2.236328125
1.774996	1.4501953125	2.197265625
1.775996	1.5869140625	2.216796875
1.776996	1.8896484375	2.2705078125
1.777996	2.314453125	2.3486328125
1.778996	2.763671875	2.44140625
1.779996	3.1298828125	2.529296875
1.780996	3.33984375	2.5830078125
1.781996	3.369140625	2.6025390625
1.782996	3.18359375	2.5732421875
1.783996	2.83203125	2.5146484375
1.785	2.3974609375	2.4267578125
1.786	1.9677734375	2.333984375
1.787	1.630859375	2.2607421875
1.788	1.46484375	2.2119140625
1.789	1.4990234375	2.2216796875
1.79	1.728515625	2.24609375
1.791	2.1044921875	2.3193359375
1.792	2.55859375	2.40234375
1.793	2.96875	2.5048828125
1.794	3.2666015625	2.568359375
1.795	3.369140625	2.5927734375
1.796	3.2861328125	2.5830078125
1.796996	2.9931640625	2.5390625
1.797996	2.587890625	2.4560546875
1.798996	2.1435546875	2.3681640625
1.799996	1.7529296875	2.2900390625
1.800996	1.50390625	2.2265625
1.801996	1.4599609375	2.2314453125
1.802996	1.6162109375	2.2412109375
1.803996	1.9482421875	2.2900390625
1.804996	2.373046875	2.3876953125
1.805996	2.8271484375	2.4658203125
1.806996	3.1689453125	2.5537109375
1.807996	3.3642578125	2.5830078125
1.808996	3.33984375	2.587890625
1.809996	3.125	2.548828125
1.810996	2.744140625	2.4853515625
1.811996	2.2998046875	2.3974609375
1.812996	1.8798828125	2.2998046875
1.813996	1.58203125	2.2314453125
1.814996	1.455078125	2.216796875
1.815996	1.54296875	2.2314453125
1.816996	1.8115234375	2.2802734375
1.817996	2.2216796875	2.3583984375
1.818996	2.67578125	2.451171875
1.819996	3.0712890625	2.5341796875
1.820996	3.3203125	2.587890625
1.821996	3.3740234375	2.5830078125
1.822996	3.212890625	2.55859375
1.823996	2.8759765625	2.5
1.824996	2.4462890625	2.4072265625
1.825996	1.9970703125	2.32421875
1.826996	1.650390625	2.2412109375
1.828	1.4697265625	2.2119140625
1.829	1.4892578125	2.2265625
1.83	1.71875	2.265625
1.831	2.1044921875	2.3388671875
1.832	2.5634765625	2.44140625
1.833	2.9736328125	2.5244140625
1.834	3.2763671875	2.578125
1.835	3.3837890625	2.5927734375
1.836	3.2763671875	2.5634765625
1.837	2.9833984375	2.509765625
1.838	2.5634765625	2.4169921875
1.839	2.099609375	2.333984375
1.839996	1.71875	2.2607421875
1.840996	1.494140625	2.20703125
1.841996	1.46484375	2.216796875
1.842996	1.650390625	2.255859375
1.843996	2.0068359375	2.3388671875
1.844996	2.451171875	2.431640625
1.845996	2.890625	2.51953125
1.846996	3.22265625	2.578125
1.847996	3.3740234375	2.6025390625
1.848996	3.310546875	2.5732421875
1.849996	3.0517578125	2.5146484375
1.850996	2.646484375	2.4365234375
1.851996	2.1923828125	2.3388671875
1.852996	1.7724609375	2.2607421875
1.853996	1.5185546875	2.216796875
1.854996	1.4599609375	2.2119140625
1.855996	1.6064453125	2.2607421875
1.856996	1.9384765625	2.3291015625
1.857996	2.3828125	2.4267578125
1.858996	2.822265625	2.5048828125
1.859996	3.1787109375	2.578125
1.860996	3.3642578125	2.59765625
1.861996	3.3349609375	2.5634765625
1.862996	3.095703125	2.51953125
1.863996	2.705078125	2.4365234375
1.864996	2.2509765625	2.34375
1.865996	1.8310546875	2.265625
1.866996	1.552734375	2.2119140625
1.867996	1.455078125	2.20703125
1.868996	1.572265625	2.255859375
1.870008	1.8994140625	2.32421875
1.871	2.32421875	2.4169921875
1.872	2.783203125	2.5
1.873	3.1494140625	2.5732421875
1.874	3.3544921875	2.6025390625
1.875	3.349609375	2.578125
1.876	3.1298828125	2.51953125
1.877	2.744140625	2.4365234375
1.878	2.28515625	2.3388671875
1.879	1.8603515625	2.255859375
1.88	1.5576171875	2.2119140625
1.881	1.4453125	2.2119140625
1.881996	1.5673828125	2.255859375
1.882996	1.8701171875	2.3291015625
1.883996	2.2998046875	2.421875
1.884996	2.763671875	2.509765625
1.885996	3.1396484375	2.578125
1.886996	3.349609375	2.6025390625
1.887996	3.349609375	2.578125
1.888996	3.134765625	2.51953125
1.889996	2.7587890625	2.431640625
1.890996	2.294921875	2.333984375
1.891996	1.865234375	2.255859375
1.892996	1.5625	2.20703125
1.893996	1.4453125	2.20703125
1.894996	1.5625	2.2509765625
1.895996	1.865234375	2.333984375
1.896996	2.294921875	2.4267578125
1.897996	2.75390625	2.5244140625
1.898996	3.14453125	2.578125
1.899996	3.359375	2.6025390625
1.900996	3.3544921875	2.5732421875
1.901996	3.134765625	2.5048828125
1.902996	2.7490234375	2.421875
1.903996	2.294921875	2.3291015625
1.904996	1.8603515625	2.2412109375
1.905996	1.5576171875	2.2021484375
1.906996	1.455078125	2.2021484375
1.907996	1.5673828125	2.265625
1.908996	1.884765625	2.3486328125
1.909996	2.3193359375	2.4462890625
1.910996	2.783203125	2.529296875
1.911996	3.1640625	2.587890625
1.913	3.359375	2.59765625
1.914	3.3349609375	2.5634765625
1.915	3.115234375	2.5
1.916	2.7197265625	2.40234375
1.917	2.2607421875	2.3095703125
1.918	1.8310546875	2.236328125
1.919	1.5283203125	2.1923828125
1.92	1.4501953125	2.216796875
1.921	1.591796875	2.2705078125
1.922	1.9189453125	2.3681640625
1.923	2.373046875	2.4658203125
1.924	2.8271484375	2.548828125
1.924996	3.1884765625	2.6025390625
1.925996	3.359375	2.6171875
1.926996	3.3203125	2.55859375
1.927996	3.076171875	2.48046875
1.928996	2.666015625	2.3876953125
1.929996	2.1923828125	2.28515625
1.930996	1.7724609375	2.2216796875
1.931996	1.50390625	2.1923828125
1.932996	1.4599609375	2.2216796875
1.933996	1.630859375	2.2900390625
1.934996	1.9873046875	2.3779296875
1.935996	2.4462890625	2.48046875
1.936996	2.8955078125	2.5732421875
1.937996	3.2373046875	2.607421875
1.938996	3.3740234375	2.607421875
1.939996	3.30078125	2.548828125
1.940996	3.0029296875	2.4609375
1.941996	2.5830078125	2.3583984375
1.942996	2.1142578125	2.265625
1.943996	1.71875	2.2021484375
1.944996	1.4892578125	2.1923828125
1.945996	1.4794921875	2.2314453125
1.946996	1.6845703125	2.3095703125
1.947996	2.0751953125	2.412109375
1.948996	2.5439453125	2.509765625
1.949996	2.9833984375	2.587890625
1.950996	3.2763671875	2.626953125
1.951996	3.37890625	2.59765625
1.952996	3.2470703125	2.51953125
1.953996	2.919921875	2.431640625
1.954996	2.4658203125	2.3291015625
1.956	2.0068359375	2.2412109375
1.957	1.640625	2.1875
1.958	1.4599609375	2.1875
1.959	1.5234375	2.2509765625
1.96	1.7724609375	2.3388671875
1.961	2.1875	2.44140625
1.962	2.6611328125	2.5439453125
1.963	3.0810546875	2.607421875
1.964	3.3349609375	2.6220703125
1.965	3.3740234375	2.5830078125
1.966	3.173828125	2.5
1.967	2.802734375	2.3974609375
1.967996	2.3388671875	2.294921875
1.968996	1.89453125	2.216796875
1.969996	1.5673828125	2.1826171875
1.970996	1.455078125	2.2021484375
1.971996	1.5576171875	2.275390625
1.972996	1.884765625	2.3828125
1.973996	2.3291015625	2.48046875
1.974996	2.8076171875	2.578125
1.975996	3.173828125	2.626953125
1.976996	3.369140625	2.6171875
1.977996	3.3349609375	2.55859375
1.978996	3.076171875	2.4658203125
1.979996	2.65625	2.353515625
1.980996	2.1826171875	2.255859375
1.981996	1.7626953125	2.1875
1.982996	1.50390625	2.1728515625
1.983996	1.4697265625	2.2314453125
1.984996	1.650390625	2.3193359375
1.985996	2.0361328125	2.421875
1.986996	2.5	2.5341796875
1.987996	2.9443359375	2.607421875
1.988996	3.271484375	2.6416015625
1.989996	3.3740234375	2.6025390625
1.990996	3.26171875	2.5244140625
1.991996	2.9296875	2.4169921875
1.992996	2.48046875	2.3095703125
1.993996	2.0068359375	2.2216796875
1.994996	1.6455078125	2.177734375
1.995996	1.4599609375	2.1826171875
1.996996	1.5087890625	2.2607421875
1.998008	1.787109375	2.36328125
1.999	2.216796875	2.4755859375
2.0	2.6953125	2.5732421875
2.001	3.1005859375	2.6318359375
2.002	3.3447265625	2.6318359375
2.003	3.3544921875	2.568359375
2.004	3.1396484375	2.4658203125
2.005	2.7490234375	2.3583984375
2.006	2.265625	2.2509765625
2.007	1.8310546875	2.177734375
2.008	1.5283203125	2.158203125
2.009	1.455078125	2.2021484375
2.009996	1.6162109375	2.2998046875
2.010996	1.9677734375	2.4169921875
2.011996	2.4365234375	2.5341796875
2.012996	2.8955078125	2.607421875
2.013996	3.232421875	2.646484375
2.014996	3.3837890625	2.6171875
2.015996	3.2763671875	2.529296875
2.016996	2.96875	2.412109375
2.017996	2.51953125	2.294921875
2.018996	2.041015625	2.197265625
2.019996	1.66015625	2.1533203125
2.020996	1.46484375	2.1630859375
2.021996	1.50390625	2.2509765625
2.022996	1.7626953125	2.353515625
2.023996	2.1875	2.48046875
2.024996	2.67578125	2.578125
2.025996	3.095703125	2.6416015625
2.026996	3.33984375	2.63671875
2.027996	3.3544921875	2.578125
2.028996	3.14453125	2.470703125
2.029996	2.75390625	2.3486328125
2.030996	2.265625	2.2412109375
2.031996	1.826171875	2.16796875
2.032996	1.5234375	2.1533203125
2.033996	1.455078125	2.20703125
2.034996	1.62109375	2.3095703125
2.035996	1.9775390625	2.44140625
2.036996	2.4462890625	2.55859375
2.037996	2.919921875	2.63671875
2.038996	3.2568359375	2.6611328125
2.039996	3.3837890625	2.6123046875
2.041	3.2666015625	2.509765625
2.042	2.9296875	2.3876953125
2.043	2.4853515625	2.275390625
2.044	2.001953125	2.1875
2.045	1.6259765625	2.1484375
2.046	1.455078125	2.177734375
2.047	1.5185546875	2.2705078125
2.048	1.8115234375	2.3876953125
2.049	2.2607421875	2.5146484375
2.05	2.744140625	2.6171875
2.051	3.154296875	2.65625
2.052	3.3642578125	2.646484375
2.052996	3.33984375	2.55859375
2.053996	3.0859375	2.44140625
2.054996	2.666015625	2.3095703125
2.055996	2.1826171875	2.20703125
2.056996	1.7529296875	2.1484375
2.057996	1.494140625	2.1484375
2.058996	1.474609375	2.236328125
2.059996	1.689453125	2.34375
2.060996	2.0849609375	2.4755859375
2.061996	2.5732421875	2.587890625
2.062996	3.017578125	2.65625
2.063996	3.310546875	2.666015625
2.064996	3.37890625	2.5927734375
2.065996	3.1982421875	2.4755859375
2.066996	2.822265625	2.353515625
2.067996	2.34375	2.2314453125
2.068996	1.884765625	2.1533203125
2.069996	1.5576171875	2.138671875
2.070996	1.4599609375	2.1826171875
2.071996	1.5869140625	2.3046875
2.072996	1.9384765625	2.4365234375
2.073996	2.4169921875	2.568359375
2.074996	2.890625	2.646484375
2.075996	3.2421875	2.6708984375
2.076996	3.3837890625	2.6220703125
2.077996	3.28125	2.5146484375
2.078996	2.9443359375	2.3876953125
2.079996	2.490234375	2.255859375
2.080996	2.0068359375	2.158203125
2.081996	1.6357421875	2.1240234375
2.082996	1.455078125	2.16796875
2.084	1.533203125	2.2705078125
2.085	1.8310546875	2.3974609375
2.086	2.2705078125	2.5341796875
2.087	2.7734375	2.646484375
2.088	3.1640625	2.685546875
2.089	3.369140625	2.6513671875
2.09	3.3203125	2.5439453125
2.091	3.0517578125	2.412109375
2.092	2.607421875	2.2802734375
2.093	2.119140625	2.177734375
2.094	1.69921875	2.1240234375
2.095	1.4794921875	2.1484375
2.095996	1.4794921875	2.236328125
2.096996	1.7431640625	2.3779296875
2.097996	2.1630859375	2.509765625
2.098996	2.65625	2.626953125
2.099996	3.0908203125	2.685546875
2.100996	3.3447265625	2.6708984375
2.101996	3.359375	2.578125
2.102996	3.1298828125	2.4462890625
2.103996	2.7099609375	2.3046875
2.104996	2.2216796875	2.177734375
2.105996	1.7822265625	2.1240234375
2.106996	1.494140625	2.12890625
2.107996	1.46484375	2.2119140625
2.108996	1.669921875	2.3486328125
2.109996	2.0751953125	2.509765625
2.110996	2.568359375	2.6220703125
2.111996	3.02734375	2.6904296875
2.112996	3.3154296875	2.685546875
2.113996	3.3740234375	2.59765625
2.114996	3.1787109375	2.4560546875
2.115996	2.7880859375	2.314453125
2.116996	2.2900390625	2.1875
2.117996	1.8359375	2.119140625
2.118996	1.5283203125	2.109375
2.119996	1.4501953125	2.1875
2.120996	1.640625	2.3291015625
2.121996	2.01171875	2.48046875
2.122996	2.5048828125	2.6123046875
2.123996	2.96875	2.6904296875
2.124996	3.291015625	2.6953125
2.126008	3.3740234375	2.6171875
2.127	3.2177734375	2.4755859375
2.128	2.8369140625	2.3291015625
2.129	2.3486328125	2.197265625
2.13	1.884765625	2.119140625
2.131	1.5576171875	2.1142578125
2.132	1.4501953125	2.1826171875
2.133	1.6064453125	2.3193359375
2.134	1.9677734375	2.470703125
2.135	2.4609375	2.6025390625
2.136	2.9296875	2.6953125
2.137	3.2666015625	2.6953125
2.137996	3.3837890625	2.6318359375
2.138996	3.2373046875	2.4951171875
2.139996	2.880859375	2.333984375
2.140996	2.3876953125	2.197265625
2.141996	1.9091796875	2.1044921875
2.142996	1.572265625	2.08984375
2.143996	1.4501953125	2.1630859375
2.144996	1.591796875	2.314453125
2.145996	1.9482421875	2.470703125
2.146996	2.4267578125	2.6123046875
2.147996	2.9150390625	2.7001953125
2.148996	3.251953125	2.705078125
2.149996	3.37890625	2.63671875
2.150996	3.251953125	2.5
2.151996	2.890625	2.333984375
2.152996	2.40234375	2.197265625
2.153996	1.923828125	2.109375
2.154996	1.572265625	2.099609375
2.155996	1.4501953125	2.16796875
2.156996	1.58203125	2.2998046875
2.157996	1.943359375	2.4609375
2.158996	2.431640625	2.6171875
2.159996	2.900390625	2.705078125
2.160996	3.26171875	2.7197265625
2.161996	3.37890625	2.6416015625
2.162996	3.2421875	2.4951171875
2.163996	2.890625	2.3291015625
2.164996	2.40234375	2.1875
2.165996	1.9140625	2.0947265625
2.166996	1.5673828125	2.0849609375
2.167996	1.4501953125	2.16796875
2.169	1.5966796875	2.314453125
2.17	1.953125	2.48046875
2.171	2.44140625	2.6220703125
2.172	2.9248046875	2.71484375
2.173	3.2666015625	2.7197265625
2.174	3.37890625	2.6416015625
2.175	3.232421875	2.490234375
2.176	2.861328125	2.32421875
2.177	2.3779296875	2.1728515625
2.178	1.89453125	2.08984375
2.179	1.5576171875	2.08984375
2.18	1.4501953125	2.1728515625
2.180996	1.6064453125	2.3291015625
2.181996	1.982421875	2.4951171875
2.182996	2.4755859375	2.6416015625
2.183996	2.958984375	2.724609375
2.184996	3.2861328125	2.71484375
2.185996	3.3837890625	2.6220703125
2.186996	3.212890625	2.470703125
2.187996	2.822265625	2.2998046875
2.188996	2.32421875	2.1484375
2.189996	1.8505859375	2.080078125
2.190996	1.5283203125	2.0849609375
2.191996	1.4599609375	2.1826171875
2.192996	1.640625	2.3388671875
2.193996	2.0361328125	2.5244140625
2.194996	2.5390625	2.65625
2.195996	3.0078125	2.7392578125
2.196996	3.3154296875	2.7197265625
2.197996	3.3740234375	2.6220703125
2.198996	3.1689453125	2.451171875
2.199996	2.763671875	2.2705078125
2.200996	2.255859375	2.12890625
2.201996	1.796875	2.0703125
2.202996	1.50390625	2.08984375
2.203996	1.4599609375	2.197265625
2.204996	1.689453125	2.373046875
2.205996	2.1044921875	2.5439453125
2.206996	2.6220703125	2.685546875
2.207996	3.0615234375	2.7392578125
2.208996	3.3447265625	2.7099609375
2.209996	3.3544921875	2.5927734375
2.210996	3.115234375	2.421875
2.212	2.6708984375	2.24609375
2.213	2.1728515625	2.1142578125
2.214	1.728515625	2.060546875
2.215	1.4794921875	2.0947265625
2.216	1.484375	2.2216796875
2.217	1.7529296875	2.40234375
2.218	2.20703125	2.5732421875
2.219	2.7197265625	2.705078125
2.22	3.1396484375	2.75390625
2.221	3.3544921875	2.6953125
2.222	3.330078125	2.5634765625
2.223	3.0322265625	2.3828125
2.223996	2.578125	2.20703125
2.224996	2.060546875	2.0849609375
2.225996	1.6552734375	2.0556640625
2.226996	1.4599609375	2.119140625
2.227996	1.5283203125	2.2607421875
2.228996	1.8408203125	2.451171875
2.229996	2.3095703125	2.6220703125
2.230996	2.822265625	2.734375
2.231996	3.2177734375	2.7490234375
2.232996	3.3837890625	2.67578125
2.233996	3.271484375	2.51953125
2.234996	2.9345703125	2.3388671875
2.235996	2.4462890625	2.16796875
2.236996	1.943359375	2.060546875
2.237996	1.5771484375	2.0556640625
2.238996	1.4501953125	2.1435546875
2.239996	1.5869140625	2.314453125
2.240996	1.9580078125	2.4951171875
2.241996	2.4658203125	2.6611328125
2.242996	2.94921875	2.7587890625
2.243996	3.2861328125	2.7490234375
2.244996	3.37890625	2.646484375
2.245996	3.1982421875	2.4609375
2.246996	2.7978515625	2.275390625
2.247996	2.2900390625	2.119140625
2.248996	1.8212890625	2.041015625
2.249996	1.5185546875	2.060546875
2.250996	1.4599609375	2.1826171875
2.251996	1.6748046875	2.3681640625
2.252996	2.1044921875	2.5634765625
2.254008	2.63671875	2.71484375
2.255	3.0859375	2.763671875
2.256	3.349609375	2.724609375
2.257	3.3447265625	2.5927734375
2.258	3.0859375	2.4072265625
2.259	2.6416015625	2.2119140625
2.26	2.1142578125	2.0751953125
2.261	1.6845703125	2.0361328125
2.262	1.4599609375	2.08984375
2.263	1.513671875	2.24609375
2.264	1.8115234375	2.4462890625
2.265	2.28515625	2.626953125
2.265996	2.802734375	2.744140625
2.266996	3.193359375	2.7734375
2.267996	3.369140625	2.6904296875
2.268996	3.2763671875	2.51953125
2.269996	2.939453125	2.32421875
2.270996	2.451171875	2.1484375
2.271996	1.9384765625	2.0458984375
2.272996	1.5771484375	2.03125
2.273996	1.4501953125	2.138671875
2.274996	1.5966796875	2.3193359375
2.275996	1.9775390625	2.51953125
2.276996	2.4951171875	2.6953125
2.277996	2.9833984375	2.7734375
2.278996	3.30078125	2.7587890625
2.279996	3.3740234375	2.63671875
2.280996	3.173828125	2.451171875
2.281996	2.75390625	2.24609375
2.282996	2.2412109375	2.0849609375
2.283996	1.77734375	2.021484375
2.284996	1.4892578125	2.0654296875
2.285996	1.4697265625	2.2021484375
2.286996	1.7431640625	2.40234375
2.287996	2.1923828125	2.6025390625
2.288996	2.7197265625	2.7490234375
2.289996	3.1396484375	2.7880859375
2.290996	3.369140625	2.7197265625
2.291996	3.3203125	2.5537109375
2.292996	3.0078125	2.3486328125
2.293996	2.529296875	2.16796875
2.294996	2.001953125	2.0458984375
2.295996	1.6064453125	2.021484375
2.297	1.4453125	2.1142578125
2.298	1.5625	2.2900390625
2.299	1.9287109375	2.5
2.3	2.421875	2.685546875
2.301	2.939453125	2.7783203125
2.302	3.2763671875	2.7783203125
2.303	3.3837890625	2.6611328125
2.304	3.1982421875	2.4560546875
2.305	2.7880859375	2.2509765625
2.306	2.3046875	2.0849609375
2.307	1.796875	2.01171875
2.308	1.4990234375	2.041015625
2.308996	1.474609375	2.177734375
2.309996	1.71875	2.3876953125
2.310996	2.1728515625	2.5927734375
2.311996	2.6904296875	2.75390625
2.312996	3.134765625	2.8076171875
2.313996	3.369140625	2.7294921875
2.314996	3.3154296875	2.568359375
2.315996	3.0029296875	2.3486328125
2.316996	2.5244140625	2.158203125
2.317996	2.01171875	2.021484375
2.318996	1.6162109375	2.0068359375
2.319996	1.4404296875	2.099609375
2.320996	1.5771484375	2.294921875
2.321996	1.93359375	2.5146484375
2.322996	2.4560546875	2.7001953125
2.323996	2.9443359375	2.7978515625
2.324996	3.2958984375	2.7880859375
2.325996	3.37890625	2.6611328125
2.326996	3.18359375	2.4462890625
2.327996	2.7490234375	2.236328125
2.328996	2.2216796875	2.0703125
2.329996	1.7626953125	2.0068359375
2.330996	1.474609375	2.0458984375
2.331996	1.484375	2.197265625
2.332996	1.7529296875	2.421875
2.333996	2.2265625	2.6318359375
2.334996	2.7587890625	2.7783203125
2.335996	3.1787109375	2.8125
2.336996	3.3740234375	2.7294921875
2.337996	3.291015625	2.5341796875
2.338996	2.94921875	2.3095703125
2.34	2.4365234375	2.1142578125
2.341	1.93359375	2.01171875
2.342	1.5673828125	2.01171875
2.343	1.4501953125	2.1142578125
2.344	1.62109375	2.333984375
2.345	2.0263671875	2.55859375
2.346	2.55859375	2.734375
2.347	3.02734375	2.8076171875
2.348	3.3251953125	2.7783203125
2.349	3.3642578125	2.6220703125
2.35	3.10546875	2.4072265625
2.351	2.6416015625	2.1875
2.351996	2.1142578125	2.03125
2.352996	1.6845703125	1.9873046875
2.353996	1.455078125	2.0556640625
2.354996	1.5283203125	2.2509765625
2.355996	1.8603515625	2.470703125
2.356996	2.353515625	2.6806640625
2.357996	2.8759765625	2.8076171875
2.358996	3.26171875	2.802734375
2.359996	3.388671875	2.6953125
2.360996	3.2177734375	2.4853515625
2.361996	2.8173828125	2.255859375
2.362996	2.294921875	2.0654296875
2.363996	1.796875	1.982421875
2.364996	1.4990234375	2.021484375
2.365996	1.4697265625	2.177734375
2.366996	1.7236328125	2.4072265625
2.367996	2.1826171875	2.6171875
2.368996	2.7197265625	2.7880859375
2.369996	3.1591796875	2.8271484375
2.370996	3.3642578125	2.744140625
2.371996	3.30078125	2.5537109375
2.372996	2.958984375	2.3291015625
2.373996	2.4560546875	2.119140625
2.374996	1.93359375	1.9873046875
2.375996	1.5673828125	1.9921875
2.376996	1.4501953125	2.119140625
2.377996	1.630859375	2.333984375
2.378996	2.0361328125	2.5634765625
2.379996	2.568359375	2.75390625
2.380996	3.0517578125	2.8369140625
2.382008	3.349609375	2.7783203125
2.383	3.3544921875	2.6123046875
2.384	3.0712890625	2.3876953125
2.385	2.6025390625	2.1533203125
2.386	2.0654296875	2.0068359375
2.387	1.650390625	1.962890625
2.388	1.455078125	2.0703125
2.389	1.552734375	2.2705078125
2.39	1.923828125	2.5048828125
2.391	2.44140625	2.7197265625
2.392	2.9443359375	2.83203125
2.393	3.291015625	2.8173828125
2.393996	3.3740234375	2.6708984375
2.394996	3.1591796875	2.4462890625
2.395996	2.7197265625	2.20703125
2.396996	2.1875	2.03125
2.397996	1.7138671875	1.9677734375
2.398996	1.4697265625	2.0263671875
2.399996	1.4990234375	2.216796875
2.400996	1.81640625	2.4609375
2.401996	2.314453125	2.6806640625
2.402996	2.8515625	2.8173828125
2.403996	3.251953125	2.8369140625
2.404996	3.3837890625	2.7099609375
2.405996	3.2275390625	2.4951171875
2.406996	2.822265625	2.24609375
2.407996	2.2900390625	2.0556640625
2.408996	1.796875	1.962890625
2.409996	1.494140625	2.0068359375
2.410996	1.4697265625	2.16796875
2.411996	1.748046875	2.4072265625
2.412996	2.2216796875	2.6513671875
2.413996	2.763671875	2.8173828125
2.414996	3.1884765625	2.8515625
2.415996	3.3837890625	2.744140625
2.416996	3.271484375	2.5390625
2.417996	2.8955078125	2.2802734375
2.418996	2.3779296875	2.0654296875
2.419996	1.8701171875	1.962890625
2.420996	1.5283203125	1.982421875
2.421996	1.4599609375	2.138671875
2.422996	1.6845703125	2.373046875
2.423996	2.1435546875	2.6123046875
2.425	2.685546875	2.7978515625
2.426	3.1396484375	2.8515625
2.427	3.3642578125	2.7783203125
2.428	3.3056640625	2.568359375
2.429	2.96875	2.3193359375
2.43	2.4560546875	2.0947265625
2.431	1.923828125	1.9677734375
2.432	1.5478515625	1.9677734375
2.433	1.455078125	2.109375
2.434	1.650390625	2.3486328125
2.435	2.080078125	2.59765625
2.436	2.6171875	2.783203125
2.436996	3.10546875	2.861328125
2.437996	3.3544921875	2.79296875
2.438996	3.330078125	2.6025390625
2.439996	3.0078125	2.333984375
2.440996	2.5048828125	2.109375
2.441996	1.962890625	1.9677734375
2.442996	1.5771484375	1.9580078125
2.443996	1.4501953125	2.08984375
2.444996	1.611328125	2.32421875
2.445996	2.041015625	2.5732421875
2.446996	2.5732421875	2.783203125
2.447996	3.0712890625	2.8662109375
2.448996	3.349609375	2.802734375
2.449996	3.3349609375	2.6220703125
2.450996	3.0419921875	2.36328125
2.451996	2.5439453125	2.1240234375
2.452996	2.0068359375	1.9580078125
2.453996	1.6015625	1.9482421875
2.454996	1.4453125	2.0703125
2.455996	1.6015625	2.3095703125
2.456996	2.01171875	2.5634765625
2.457996	2.55859375	2.7734375
2.458996	3.0517578125	2.87109375
2.459996	3.3447265625	2.822265625
2.460996	3.3447265625	2.626953125
2.461996	3.046875	2.373046875
2.462996	2.5537109375	2.12890625
2.463996	2.01171875	1.9677734375
2.464996	1.6015625	1.9482421875
2.465996	1.4453125	2.060546875
2.466996	1.6015625	2.294921875
2.468	2.0166015625	2.5634765625
2.469	2.5537109375	2.7783203125
2.47	3.0419921875	2.8759765625
2.471	3.3447265625	2.8173828125
2.472	3.349609375	2.63671875
2.473	3.056640625	2.36328125
2.474	2.55859375	2.1142578125
2.475	2.021484375	1.962890625
2.476	1.5966796875	1.9384765625
2.477	1.455078125	2.0654296875
2.478	1.591796875	2.3046875
2.479	2.0166015625	2.5634765625
2.479996	2.5537109375	2.783203125
2.480996	3.0517578125	2.880859375
2.481996	3.3447265625	2.8271484375
2.482996	3.3447265625	2.626953125
2.483996	3.037109375	2.353515625
2.484996	2.5439453125	2.109375
2.485996	1.9970703125	1.953125
2.486996	1.5869140625	1.93359375
2.487996	1.4501953125	2.0703125
2.488996	1.6064453125	2.3095703125
2.489996	2.041015625	2.578125
2.490996	2.578125	2.7880859375
2.491996	3.0810546875	2.880859375
2.492996	3.359375	2.8125
2.493996	3.3349609375	2.6171875
2.494996	3.017578125	2.3486328125
2.495996	2.4951171875	2.099609375
2.496996	1.9677734375	1.943359375
2.497996	1.572265625	1.9287109375
2.498996	1.4404296875	2.0751953125
2.499996	1.640625	2.3291015625
2.500996	2.0751953125	2.59765625
2.501996	2.6318359375	2.8125
2.502996	3.1103515625	2.880859375
2.503996	3.3642578125	2.802734375
2.504996	3.310546875	2.59765625
2.505996	2.9736328125	2.314453125
2.506996	2.451171875	2.0654296875
2.507996	1.9189453125	1.93359375
2.508996	1.552734375	1.943359375
2.510008	1.4501953125	2.0947265625
2.511	1.6748046875	2.36328125
2.512	2.1337890625	2.626953125
2.513	2.6904296875	2.83203125
2.514	3.14453125	2.890625
2.515	3.37890625	2.7978515625
2.516	3.28125	2.5634765625
2.517	2.91015625	2.2802734375
2.518	2.3779296875	2.0458984375
2.519	1.85546875	1.923828125
2.52	1.5185546875	1.9482421875
2.521	1.4599609375	2.1240234375
2.521996	1.73828125	2.40234375
2.522996	2.216796875	2.6708984375
2.523996	2.7734375	2.8564453125
2.524996	3.203125	2.8857421875
2.525996	3.37890625	2.7685546875
2.526996	3.251953125	2.529296875
2.527996	2.841796875	2.255859375
2.528996	2.2998046875	2.0068359375
2.529996	1.7822265625	1.9140625
2.530996	1.4892578125	1.962890625
2.531996	1.484375	2.16796875
2.532996	1.796875	2.4462890625
2.533996	2.3046875	2.7197265625
2.534996	2.8564453125	2.8759765625
2.535996	3.2568359375	2.880859375
2.536996	3.3740234375	2.744140625
2.537996	3.193359375	2.4755859375
2.538996	2.7490234375	2.2021484375
2.539996	2.1923828125	1.982421875
2.540996	1.708984375	1.89453125
2.541996	1.46484375	1.982421875
2.542996	1.5234375	2.2119140625
2.543996	1.8896484375	2.5048828125
2.544996	2.4267578125	2.75390625
2.545996	2.958984375	2.890625
2.546996	3.3154296875	2.8662109375
2.547996	3.359375	2.6953125
2.548996	3.115234375	2.4072265625
2.549996	2.6220703125	2.1337890625
2.550996	2.0703125	1.943359375
2.551996	1.6259765625	1.8994140625
2.553	1.4453125	2.0263671875
2.554	1.591796875	2.275390625
2.555	2.0068359375	2.5732421875
2.556	2.5634765625	2.8125
2.557	3.056640625	2.91015625
2.558	3.3544921875	2.841796875
2.559	3.330078125	2.6318359375
2.56	3.0078125	2.34375
2.561	2.48046875	2.0751953125
2.562	1.943359375	1.9189453125
2.563	1.552734375	1.9140625
2.564	1.455078125	2.0703125
2.564996	1.669921875	2.3583984375
2.565996	2.1435546875	2.63671875
2.566996	2.705078125	2.8466796875
2.567996	3.1689453125	2.9150390625
2.568996	3.37890625	2.802734375
2.569996	3.2763671875	2.5537109375
2.570996	2.880859375	2.255859375
2.571996	2.3291015625	2.01171875
2.572996	1.806640625	1.884765625
2.573996	1.484375	1.9384765625
2.574996	1.484375	2.1484375
2.575996	1.7919921875	2.4365234375
2.576996	2.2998046875	2.71484375
2.577996	2.861328125	2.8955078125
2.578996	3.26171875	2.900390625
2.579996	3.3837890625	2.7490234375
2.580996	3.173828125	2.4609375
2.581996	2.7197265625	2.16796875
2.582996	2.158203125	1.953125
2.583996	1.6748046875	1.884765625
2.584996	1.455078125	1.9873046875
2.585996	1.552734375	2.236328125
2.586996	1.9482421875	2.5390625
2.587996	2.490234375	2.7978515625
2.588996	3.0224609375	2.919921875
2.589996	3.33984375	2.8759765625
2.590996	3.349609375	2.666015625
2.591996	3.0419921875	2.3583984375
2.592996	2.5244140625	2.080078125
2.593996	1.9775390625	1.904296875
2.594996	1.572265625	1.89453125
2.596	1.455078125	2.0556640625
2.597	1.66015625	2.3388671875
2.598	2.1240234375	2.6318359375
2.599	2.6953125	2.8662109375
2.6	3.1689453125	2.9296875
2.601	3.37890625	2.822265625
2.602	3.271484375	2.568359375
2.603	2.87109375	2.255859375
2.604	2.3193359375	2.001953125
2.605	1.7919921875	1.8701171875
2.606	1.4794921875	1.9287109375
2.607	1.4892578125	2.138671875
2.607996	1.81640625	2.4560546875
2.608996	2.3388671875	2.7392578125
2.609996	2.890625	2.91015625
2.610996	3.2763671875	2.9052734375
2.611996	3.37890625	2.7392578125
2.612996	3.1396484375	2.4462890625
2.613996	2.65625	2.138671875
2.614996	2.0947265625	1.9287109375
2.615996	1.640625	1.875
2.616996	1.4501953125	1.9970703125
2.617996	1.5869140625	2.2607421875
2.618996	2.01171875	2.578125
2.619996	2.5830078125	2.83203125
2.620996	3.0859375	2.9296875
2.621996	3.359375	2.861328125
2.622996	3.3154296875	2.6318359375
2.623996	2.958984375	2.3095703125
2.624996	2.4169921875	2.03125
2.625996	1.875	1.875
2.626996	1.513671875	1.904296875
2.627996	1.46484375	2.0947265625
2.628996	1.7431640625	2.4072265625
2.629996	2.2509765625	2.705078125
2.630996	2.822265625	2.91015625
2.631996	3.251953125	2.9345703125
2.632996	3.3837890625	2.7685546875
2.633996	3.1884765625	2.490234375
2.634996	2.724609375	2.1728515625
2.635996	2.1533203125	1.93359375
2.636996	1.6748046875	1.8603515625
2.638008	1.4599609375	1.97265625
2.639	1.5576171875	2.236328125
2.64	1.962890625	2.5439453125
2.641	2.5244140625	2.822265625
2.642	3.0419921875	2.9443359375
2.643	3.349609375	2.8857421875
2.644	3.330078125	2.646484375
2.645	2.998046875	2.333984375
2.646	2.451171875	2.041015625
2.647	1.904296875	1.8798828125
2.648	1.5234375	1.884765625
2.649	1.46484375	2.0703125
2.649996	1.728515625	2.3876953125
2.650996	2.2265625	2.7001953125
2.651996	2.802734375	2.91015625
2.652996	3.2421875	2.9345703125
2.653996	3.3837890625	2.7880859375
2.654996	3.1982421875	2.4951171875
2.655996	2.734375	2.1728515625
2.656996	2.158203125	1.9287109375
2.657996	1.669921875	1.85546875
2.658996	1.455078125	1.962890625
2.659996	1.5576171875	2.236328125
2.660996	1.9775390625	2.5537109375
2.661996	2.5390625	2.822265625
2.662996	3.056640625	2.958984375
2.663996	3.359375	2.8857421875
2.664996	3.3203125	2.6513671875
2.665996	2.9736328125	2.32421875
2.666996	2.421875	2.0263671875
2.667996	1.8701171875	1.8701171875
2.668996	1.5087890625	1.8896484375
2.669996	1.474609375	2.0947265625
2.670996	1.7578125	2.4169921875
2.671996	2.2705078125	2.71484375
2.672996	2.8515625	2.9248046875
2.673996	3.2568359375	2.9443359375
2.674996	3.37890625	2.763671875
2.675996	3.1494140625	2.4609375
2.676996	2.6806640625	2.1435546875
2.677996	2.1044921875	1.9140625
2.678996	1.6357421875	1.8505859375
2.679996	1.4453125	1.982421875
2.681	1.6015625	2.265625
2.682	2.041015625	2.59765625
2.683	2.6220703125	2.8662109375
2.684	3.115234375	2.9638671875
2.685	3.369140625	2.87109375
2.686	3.2861328125	2.607421875
2.687	2.890625	2.2607421875
2.688	2.3388671875	1.9873046875
2.689	1.796875	1.8505859375
2.69	1.484375	1.904296875
2.691	1.4990234375	2.1337890625
2.692	1.8359375	2.4658203125
2.692996	2.392578125	2.7783203125
2.693996	2.94921875	2.94921875
2.694996	3.3154296875	2.9248046875
2.695996	3.359375	2.724609375
2.696996	3.0810546875	2.421875
2.697996	2.55859375	2.080078125
2.698996	1.9873046875	1.8798828125
2.699996	1.5625	1.85546875
2.700996	1.4453125	2.0263671875
2.701996	1.6748046875	2.34375
2.702996	2.1728515625	2.666015625
2.703996	2.7587890625	2.9150390625
2.704996	3.212890625	2.9638671875
2.705996	3.388671875	2.8125
2.706996	3.212890625	2.5146484375
2.707996	2.7587890625	2.1826171875
2.708996	2.1826171875	1.923828125
2.709996	1.6796875	1.8310546875
2.710996	1.4453125	1.9482421875
2.711996	1.572265625	2.2265625
2.712996	1.9873046875	2.568359375
2.713996	2.55859375	2.8466796875
2.714996	3.0859375	2.9638671875
2.715996	3.3642578125	2.890625
2.716996	3.310546875	2.6416015625
2.717996	2.9296875	2.294921875
2.718996	2.3681640625	1.9873046875
2.719996	1.81640625	1.8408203125
2.720996	1.4892578125	1.8798828125
2.721996	1.4892578125	2.1240234375
2.722996	1.8359375	2.451171875
2.724	2.3779296875	2.7783203125
2.725	2.9443359375	2.958984375
2.726	3.3203125	2.9345703125
2.727	3.369140625	2.724609375
2.728	3.06640625	2.3974609375
2.729	2.548828125	2.0703125
2.73	1.962890625	1.865234375
2.731	1.5576171875	1.8408203125
2.732	1.455078125	2.03125
2.733	1.69921875	2.3583984375
2.734	2.2119140625	2.6904296875
2.735	2.7880859375	2.9296875
2.735996	3.232421875	2.9736328125
2.736996	3.388671875	2.8125
2.737996	3.1787109375	2.5
2.738996	2.705078125	2.1435546875
2.739996	2.109375	1.8994140625
2.740996	1.640625	1.826171875
2.741996	1.4501953125	1.962890625
2.742996	1.611328125	2.265625
2.743996	2.0654296875	2.6123046875
2.744996	2.6416015625	2.890625
2.745996	3.1494140625	2.978515625
2.746996	3.3837890625	2.8662109375
2.747996	3.2666015625	2.5830078125
2.748996	2.8369140625	2.2265625
2.749996	2.2607421875	1.943359375
2.750996	1.7333984375	1.826171875
2.751996	1.46484375	1.9091796875
2.752996	1.5380859375	2.1826171875
2.753996	1.9287109375	2.529296875
2.754996	2.5146484375	2.83203125
2.755996	3.046875	2.978515625
2.756996	3.3544921875	2.9150390625
2.757996	3.3251953125	2.6611328125
2.758996	2.94921875	2.3193359375
2.759996	2.392578125	1.9921875
2.760996	1.8310546875	1.8310546875
2.761996	1.4892578125	1.8701171875
2.762996	1.484375	2.1044921875
2.763996	1.8310546875	2.451171875
2.764996	2.3828125	2.7880859375
2.766008	2.9541015625	2.9736328125
2.767	3.3251953125	2.94921875
2.768	3.349609375	2.734375
2.769	3.037109375	2.3779296875
2.77	2.5048828125	2.05078125
2.771	1.923828125	1.845703125
2.772	1.5380859375	1.8408203125
2.773	1.4599609375	2.0458984375
2.774	1.73828125	2.3828125
2.775	2.275390625	2.734375
2.776	2.861328125	2.94921875
2.777	3.2763671875	2.9736328125
2.777996	3.3740234375	2.7880859375
2.778996	3.1201171875	2.451171875
2.779996	2.59765625	2.08984375
2.780996	2.021484375	1.8603515625
2.781996	1.5771484375	1.826171875
2.782996	1.4404296875	2.001953125
2.783996	1.6748046875	2.333984375
2.784996	2.177734375	2.685546875
2.785996	2.7783203125	2.9345703125
2.786996	3.232421875	2.9833984375
2.787996	3.3935546875	2.83203125
2.788996	3.1787109375	2.5048828125
2.789996	2.685546875	2.138671875
2.790996	2.08984375	1.884765625
2.791996	1.6259765625	1.8115234375
2.792996	1.4404296875	1.9580078125
2.793996	1.630859375	2.2705078125
2.794996	2.1044921875	2.6416015625
2.795996	2.705078125	2.91015625
2.796996	3.18359375	3.0029296875
2.797996	3.3935546875	2.861328125
2.798996	3.22265625	2.5537109375
2.799996	2.7587890625	2.1826171875
2.800996	2.16796875	1.904296875
2.801996	1.66015625	1.806640625
2.802996	1.4404296875	1.9287109375
2.803996	1.5966796875	2.2265625
2.804996	2.05078125	2.6025390625
2.805996	2.63671875	2.900390625
2.806996	3.1396484375	2.998046875
2.807996	3.3837890625	2.8857421875
2.809	3.2568359375	2.578125
2.81	2.8076171875	2.20703125
2.811	2.216796875	1.923828125
2.812	1.6943359375	1.806640625
2.813	1.4453125	1.904296875
2.814	1.5673828125	2.2021484375
2.815	1.9970703125	2.578125
2.816	2.5927734375	2.87109375
2.817	3.1201171875	2.998046875
2.818	3.37890625	2.9052734375
2.819	3.2763671875	2.6171875
2.82	2.8466796875	2.236328125
2.820996	2.265625	1.93359375
2.821996	1.7236328125	1.806640625
2.822996	1.455078125	1.884765625
2.823996	1.54296875	2.177734375
2.824996	1.9677734375	2.5537109375
2.825996	2.55859375	2.87109375
2.826996	3.076171875	3.0078125
2.827996	3.3740234375	2.91015625
2.828996	3.28125	2.63671875
2.829996	2.8759765625	2.265625
2.830996	2.28515625	1.9384765625
2.831996	1.7431640625	1.7919921875
2.832996	1.46484375	1.8798828125
2.833996	1.5380859375	2.1630859375
2.834996	1.9482421875	2.5439453125
2.835996	2.5439453125	2.8662109375
2.836996	3.076171875	3.0078125
2.837996	3.3642578125	2.9248046875
2.838996	3.2958984375	2.6513671875
2.839996	2.880859375	2.2607421875
2.840996	2.28515625	1.9482421875
2.841996	1.748046875	1.787109375
2.842996	1.4599609375	1.8701171875
2.843996	1.5380859375	2.1533203125
2.844996	1.9384765625	2.5390625
2.845996	2.529296875	2.8662109375
2.846996	3.0810546875	3.0126953125
2.847996	3.369140625	2.9296875
2.848996	3.2958984375	2.6416015625
2.849996	2.880859375	2.2705078125
2.850996	2.2900390625	1.943359375
2.852	1.73828125	1.796875
2.853	1.484375	1.8701171875
2.854	1.5380859375	2.158203125
2.855	1.9482421875	2.5390625
2.856	2.5537109375	2.8662109375
2.857	3.0859375	3.017578125
2.858	3.3740234375	2.919921875
2.859	3.291015625	2.626953125
2.86	2.8759765625	2.2607421875
2.861	2.2802734375	1.93359375
2.862	1.73828125	1.7822265625
2.863	1.46484375	1.875
2.863996	1.552734375	2.177734375
2.864996	1.9677734375	2.55859375
2.865996	2.568359375	2.880859375
2.866996	3.1103515625	3.017578125
2.867996	3.37890625	2.9296875
2.868996	3.2763671875	2.6220703125
2.869996	2.8466796875	2.2314453125
2.870996	2.2412109375	1.9189453125
2.871996	1.7041015625	1.77734375
2.872996	1.455078125	1.884765625
2.873996	1.5625	2.1923828125
2.874996	2.01171875	2.578125
2.875996	2.6171875	2.8955078125
2.876996	3.134765625	3.0224609375
2.877996	3.388671875	2.9150390625
2.878996	3.251953125	2.5927734375
2.879996	2.7978515625	2.20703125
2.880996	2.197265625	1.89453125
2.881996	1.669921875	1.77734375
2.882996	1.455078125	1.8994140625
2.883996	1.5869140625	2.2216796875
2.884996	2.060546875	2.607421875
2.885996	2.6611328125	2.91015625
2.886996	3.1689453125	3.0224609375
2.887996	3.37890625	2.8955078125
2.888996	3.22265625	2.5634765625
2.889996	2.744140625	2.177734375
2.890996	2.1337890625	1.865234375
2.891996	1.6357421875	1.7822265625
2.892996	1.4404296875	1.923828125
2.894008	1.630859375	2.265625
2.895	2.1240234375	2.65625
2.896	2.7294921875	2.939453125
2.897	3.212890625	3.017578125
2.898	3.388671875	2.861328125
2.899	3.1689453125	2.51953125
2.9	2.6611328125	2.12890625
2.901	2.0654296875	1.8408203125
2.902	1.591796875	1.7822265625
2.903	1.4453125	1.9580078125
2.904	1.6845703125	2.314453125
2.905	2.197265625	2.705078125
2.905996	2.8173828125	2.96875
2.906996	3.26171875	3.017578125
2.907996	3.37890625	2.822265625
2.908996	3.1201171875	2.4609375
2.909996	2.587890625	2.0751953125
2.910996	1.9775390625	1.8212890625
2.911996	1.5478515625	1.7919921875
2.912996	1.4599609375	2.001953125
2.913996	1.7431640625	2.373046875
2.914996	2.2998046875	2.7490234375
2.915996	2.900390625	2.998046875
2.916996	3.30078125	3.0029296875
2.917996	3.369140625	2.7783203125
2.918996	3.046875	2.3974609375
2.919996	2.48046875	2.021484375
2.920996	1.8798828125	1.796875
2.921996	1.50390625	1.806640625
2.922996	1.484375	2.060546875
2.923996	1.8359375	2.4462890625
2.924996	2.412109375	2.8125
2.925996	2.98828125	3.02734375
2.926996	3.349609375	2.978515625
2.927996	3.330078125	2.71484375
2.928996	2.9443359375	2.3095703125
2.929996	2.353515625	1.953125
2.930996	1.7822265625	1.7822265625
2.931996	1.474609375	1.8408203125
2.932996	1.533203125	2.1240234375
2.933996	1.9384765625	2.529296875
2.934996	2.5390625	2.880859375
2.935996	3.095703125	3.037109375
2.937	3.369140625	2.94921875
2.938	3.271484375	2.6416015625
2.939	2.83203125	2.2412109375
2.94	2.216796875	1.904296875
2.941	1.6796875	1.767578125
2.942	1.4501953125	1.8798828125
2.943	1.5966796875	2.20703125
2.944	2.0654296875	2.6171875
2.945	2.67578125	2.939453125
2.946	3.1884765625	3.037109375
2.947	3.3837890625	2.8955078125
2.948	3.1982421875	2.5537109375
2.948996	2.6904296875	2.138671875
2.949996	2.080078125	1.8505859375
2.950996	1.6015625	1.7626953125
2.951996	1.4453125	1.943359375
2.952996	1.6796875	2.3095703125
2.953996	2.2119140625	2.7099609375
2.954996	2.8271484375	2.9931640625
2.955996	3.2763671875	3.02734375
2.956996	3.3740234375	2.8271484375
2.957996	3.1103515625	2.44140625
2.958996	2.529296875	2.05078125
2.959996	1.923828125	1.7919921875
2.960996	1.5283203125	1.787109375
2.961996	1.474609375	2.0263671875
2.962996	1.8017578125	2.4169921875
2.963996	2.3779296875	2.802734375
2.964996	2.96875	3.02734375
2.965996	3.3349609375	3.0029296875
2.966996	3.3349609375	2.724609375
2.967996	2.9541015625	2.32421875
2.968996	2.3583984375	1.9580078125
2.969996	1.7822265625	1.767578125
2.970996	1.4697265625	1.8212890625
2.971996	1.533203125	2.12890625
2.972996	1.9580078125	2.5390625
2.973996	2.5634765625	2.8955078125
2.974996	3.10546875	3.046875
2.975996	3.37890625	2.9443359375
2.976996	3.2568359375	2.6318359375
2.977996	2.7880859375	2.20703125
2.978996	2.16796875	1.875
2.98	1.640625	1.7626953125
2.981	1.4453125	1.89453125
2.982	1.6357421875	2.2509765625
2.983	2.1337890625	2.666015625
2.984	2.763671875	2.9638671875
2.985	3.2373046875	3.0517578125
2.986	3.3837890625	2.8662109375
2.987	3.1298828125	2.4853515625
2.988	2.5830078125	2.0751953125
2.989	1.9677734375	1.806640625
2.99	1.5380859375	1.77734375
2.991	1.4697265625	1.9873046875
2.991996	1.77734375	2.3828125
2.992996	2.34375	2.79296875
2.993996	2.9541015625	3.0224609375
2.994996	3.33984375	3.0126953125
2.995996	3.33984375	2.75390625
2.996996	2.9638671875	2.34375
2.997996	2.373046875	1.9580078125
2.998996	1.787109375	1.7626953125
2.999996	1.46484375	1.8212890625
3.000996	1.5380859375	2.119140625
3.001996	1.9580078125	2.5439453125
3.002996	2.5830078125	2.900390625
3.003996	3.1298828125	3.056640625
3.004996	3.3837890625	2.94921875
3.005996	3.2373046875	2.607421875
3.006996	2.75390625	2.1826171875
3.007996	2.12890625	1.85546875
3.008996	1.630859375	1.7529296875
3.009996	1.4453125	1.9091796875
3.010996	1.6552734375	2.2802734375
3.011996	2.1923828125	2.6904296875
3.012996	2.8125	2.9833984375
3.013996	3.271484375	3.046875
3.014996	3.3740234375	2.8369140625
3.015996	3.0859375	2.451171875
3.016996	2.51953125	2.03125
3.017996	1.9091796875	1.7822265625
3.018996	1.513671875	1.7724609375
3.019996	1.484375	2.05078125
3.020996	1.845703125	2.44140625
3.022008	2.4462890625	2.8466796875
3.023	3.037109375	3.0517578125
3.024	3.359375	2.9931640625
3.025	3.3056640625	2.6953125
3.026	2.8759765625	2.2705078125
3.027	2.2607421875	1.904296875
3.028	1.7041015625	1.7431640625
3.029	1.4404296875	1.85546875
3.03	1.591796875	2.1875
3.031	2.0849609375	2.6220703125
3.032	2.7197265625	2.9638671875
3.033	3.212890625	3.06640625
3.033996	3.3837890625	2.8857421875
3.034996	3.154296875	2.51953125
3.035996	2.6220703125	2.099609375
3.036996	1.9873046875	1.8017578125
3.037996	1.5478515625	1.7578125
3.038996	1.46484375	1.9677734375
3.039996	1.7822265625	2.3828125
3.040996	2.3583984375	2.7880859375
3.041996	2.9638671875	3.02734375
3.042996	3.3349609375	3.0224609375
3.043996	3.330078125	2.7490234375
3.044996	2.939453125	2.32421875
3.045996	2.3193359375	1.93359375
3.046996	1.7529296875	1.7333984375
3.047996	1.455078125	1.8212890625
3.048996	1.5625	2.1484375
3.049996	2.0263671875	2.5830078125
3.050996	2.65625	2.9443359375
3.051996	3.1787109375	3.06640625
3.052996	3.3935546875	2.919921875
3.053996	3.1884765625	2.55859375
3.054996	2.6513671875	2.1240234375
3.055996	2.03125	1.806640625
3.056996	1.5673828125	1.748046875
3.057996	1.4599609375	1.953125
3.058996	1.7578125	2.3583984375
3.059996	2.3291015625	2.783203125
3.060996	2.9443359375	3.0419921875
3.061996	3.3349609375	3.0322265625
3.062996	3.330078125	2.763671875
3.063996	2.9541015625	2.333984375
3.065	2.333984375	1.9384765625
3.066	1.748046875	1.7431640625
3.067	1.455078125	1.8115234375
3.068	1.5576171875	2.1484375
3.069	2.021484375	2.5830078125
3.07	2.6611328125	2.939453125
3.071	3.18359375	3.076171875
3.072	3.388671875	2.9296875
3.073	3.1787109375	2.5537109375
3.074	2.6513671875	2.1142578125
3.075	2.0166015625	1.8017578125
3.076	1.5478515625	1.748046875
3.076996	1.4599609375	1.962890625
3.077996	1.7724609375	2.3779296875
3.078996	2.3583984375	2.7880859375
3.079996	2.96875	3.056640625
3.080996	3.3447265625	3.0322265625
3.081996	3.3251953125	2.744140625
3.082996	2.919921875	2.3095703125
3.083996	2.2998046875	1.9140625
3.084996	1.7333984375	1.73828125
3.085996	1.4501953125	1.8310546875
3.086996	1.5771484375	2.1630859375
3.087996	2.0654296875	2.6123046875
3.088996	2.7001953125	2.9638671875
3.089996	3.212890625	3.0712890625
3.090996	3.3837890625	2.900390625
3.091996	3.14453125	2.5048828125
3.092996	2.5830078125	2.080078125
3.093996	1.962890625	1.7822265625
3.094996	1.5185546875	1.7529296875
3.095996	1.4794921875	1.9970703125
3.096996	1.8310546875	2.412109375
3.097996	2.44140625	2.841796875
3.098996	3.037109375	3.0712890625
3.099996	3.369140625	3.0126953125
3.100996	3.2958984375	2.7001953125
3.101996	2.8466796875	2.2509765625
3.102996	2.20703125	1.8798828125
3.103996	1.669921875	1.71875
3.104996	1.4404296875	1.8603515625
3.105996	1.640625	2.2314453125
3.106996	2.1728515625	2.67578125
3.108	2.8125	3.0126953125
3.109	3.2666015625	3.0712890625
3.11	3.3740234375	2.8564453125
3.111	3.0615234375	2.4365234375
3.112	2.470703125	2.0068359375
3.113	1.85546875	1.7431640625
3.114	1.484375	1.767578125
3.115	1.513671875	2.0654296875
3.116	1.9287109375	2.5146484375
3.117	2.55859375	2.91015625
3.118	3.1298828125	3.0810546875
3.119	3.388671875	2.96875
3.119996	3.212890625	2.6123046875
3.120996	2.71484375	2.1533203125
3.121996	2.0654296875	1.8212890625
3.122996	1.5771484375	1.728515625
3.123996	1.455078125	1.9189453125
3.124996	1.73828125	2.3388671875
3.125996	2.3193359375	2.7734375
3.126996	2.9443359375	3.046875
3.127996	3.33984375	3.0419921875
3.128996	3.3349609375	2.7685546875
3.129996	2.9248046875	2.32421875
3.130996	2.2998046875	1.9189453125
3.131996	1.728515625	1.71875
3.132996	1.4501953125	1.8212890625
3.133996	1.591796875	2.1728515625
3.134996	2.099609375	2.6318359375
3.135996	2.734375	2.9833984375
3.136996	3.2373046875	3.0810546875
3.137996	3.3740234375	2.8857421875
3.138996	3.1005859375	2.48046875
3.139996	2.5244140625	2.041015625
3.140996	1.89453125	1.7626953125
3.141996	1.4990234375	1.7578125
3.142996	1.4990234375	2.0263671875
3.143996	1.89453125	2.490234375
3.144996	2.529296875	2.8955078125
3.145996	3.1103515625	3.0810546875
3.146996	3.3837890625	2.98828125
3.147996	3.232421875	2.626953125
3.148996	2.7294921875	2.16796875
3.150008	2.0751953125	1.8115234375
3.151	1.5869140625	1.71875
3.152	1.4453125	1.9140625
3.153	1.7431640625	2.32421875
3.154	2.3193359375	2.7783203125
3.155	2.958984375	3.056640625
3.156	3.3447265625	3.0419921875
3.157	3.3154296875	2.7587890625
3.158	2.9052734375	2.3046875
3.159	2.275390625	1.904296875
3.16	1.6943359375	1.7041015625
3.161	1.4404296875	1.826171875
3.161996	1.6162109375	2.197265625
3.162996	2.138671875	2.6611328125
3.163996	2.783203125	3.0078125
3.164996	3.26171875	3.0712890625
3.165996	3.3642578125	2.87109375
3.166996	3.0615234375	2.4462890625
3.167996	2.4365234375	1.9970703125
3.168996	1.8310546875	1.7333984375
3.169996	1.474609375	1.7626953125
3.170996	1.5283203125	2.0703125
3.171996	1.9775390625	2.5341796875
3.172996	2.6171875	2.9345703125
3.173996	3.1689453125	3.0908203125
3.174996	3.388671875	2.9541015625
3.175996	3.1787109375	2.568359375
3.176996	2.6171875	2.0947265625
3.177996	1.982421875	1.77734375
3.178996	1.533203125	1.7236328125
3.179996	1.4697265625	1.97265625
3.180996	1.826171875	2.4072265625
3.181996	2.451171875	2.8515625
3.182996	3.0517578125	3.0859375
3.183996	3.37890625	3.0224609375
3.184996	3.271484375	2.67578125
3.185996	2.7880859375	2.20703125
3.186996	2.1337890625	1.8359375
3.187996	1.6162109375	1.708984375
3.188996	1.4404296875	1.884765625
3.189996	1.71875	2.3046875
3.190996	2.294921875	2.7587890625
3.191996	2.939453125	3.0517578125
3.193	3.3349609375	3.0615234375
3.194	3.330078125	2.7783203125
3.195	2.919921875	2.3193359375
3.196	2.2802734375	1.8994140625
3.197	1.69921875	1.708984375
3.198	1.4404296875	1.81640625
3.199	1.6259765625	2.20703125
3.2	2.158203125	2.6611328125
3.201	2.8076171875	3.0078125
3.202	3.28125	3.0859375
3.203	3.3642578125	2.861328125
3.204	3.0322265625	2.412109375
3.204996	2.4072265625	1.97265625
3.205996	1.8017578125	1.71875
3.206996	1.46484375	1.77734375
3.207996	1.552734375	2.1044921875
3.208996	2.03125	2.5732421875
3.209996	2.685546875	2.9736328125
3.210996	3.2177734375	3.10546875
3.211996	3.3837890625	2.9296875
3.212996	3.1201171875	2.509765625
3.213996	2.5390625	2.041015625
3.214996	1.8896484375	1.748046875
3.215996	1.494140625	1.73828125
3.216996	1.50390625	2.03125
3.217996	1.923828125	2.5
3.218996	2.568359375	2.919921875
3.219996	3.14453125	3.1005859375
3.220996	3.388671875	2.978515625
3.221996	3.1982421875	2.587890625
3.222996	2.6513671875	2.1142578125
3.223996	1.9921875	1.7724609375
3.224996	1.533203125	1.71875
3.225996	1.46484375	1.9677734375
3.226996	1.8359375	2.412109375
3.227996	2.470703125	2.8662109375
3.228996	3.076171875	3.0908203125
3.229996	3.369140625	3.017578125
3.230996	3.2568359375	2.666015625
3.231996	2.7490234375	2.1875
3.232996	2.08984375	1.806640625
3.233996	1.58203125	1.69921875
3.234996	1.455078125	1.904296875
3.236	1.7578125	2.34375
3.237	2.373046875	2.8125
3.238	2.998046875	3.0859375
3.239	3.359375	3.0517578125
3.24	3.2958984375	2.724609375
3.241	2.8173828125	2.2509765625
3.242	2.1728515625	1.8505859375
3.243	1.630859375	1.6943359375
3.244	1.4453125	1.865234375
3.245	1.7041015625	2.2802734375
3.246	2.28515625	2.7587890625
3.247	2.939453125	3.0615234375
3.247996	3.3447265625	3.076171875
3.248996	3.3203125	2.7734375
3.249996	2.890625	2.2998046875
3.250996	2.24609375	1.875
3.251996	1.669921875	1.6943359375
3.252996	1.4453125	1.8310546875
3.253996	1.66015625	2.2314453125
3.254996	2.2265625	2.7099609375
3.255996	2.880859375	3.046875
3.256996	3.3154296875	3.0908203125
3.257996	3.3447265625	2.8173828125
3.258996	2.9443359375	2.3486328125
3.259996	2.3095703125	1.9140625
3.260996	1.7138671875	1.69921875
3.261996	1.4453125	1.796875
3.262996	1.6259765625	2.1826171875
3.263996	2.1630859375	2.67578125
3.264996	2.8271484375	3.02734375
3.265996	3.291015625	3.1005859375
3.266996	3.3642578125	2.8515625
3.267996	2.9931640625	2.3828125
3.268996	2.3583984375	1.943359375
3.269996	1.7431640625	1.69921875
3.270996	1.4404296875	1.7822265625
3.271996	1.5966796875	2.158203125
3.272996	2.119140625	2.6416015625
3.273996	2.79296875	3.02734375
3.274996	3.271484375	3.1103515625
3.275996	3.3740234375	2.8759765625
3.276996	3.0224609375	2.421875
3.278008	2.3876953125	1.9580078125
3.279	1.7724609375	1.6943359375
3.28	1.455078125	1.767578125
3.281	1.58203125	2.1240234375
3.282	2.0947265625	2.6220703125
3.283	2.7587890625	3.0078125
3.284	3.2666015625	3.10546875
3.285	3.3740234375	2.8857421875
3.286	3.0322265625	2.44140625
3.287	2.4169921875	1.9677734375
3.288	1.796875	1.7041015625
3.289	1.4599609375	1.748046875
3.289996	1.5673828125	2.1142578125
3.290996	2.0703125	2.6025390625
3.291996	2.734375	2.998046875
3.292996	3.2470703125	3.1201171875
3.293996	3.3837890625	2.9052734375
3.294996	3.056640625	2.4560546875
3.295996	2.4365234375	1.982421875
3.296996	1.806640625	1.7041015625
3.297996	1.4599609375	1.748046875
3.298996	1.572265625	2.1044921875
3.299996	2.060546875	2.59765625
3.300996	2.7294921875	2.998046875
3.301996	3.251953125	3.1201171875
3.302996	3.3740234375	2.9052734375
3.303996	3.056640625	2.4560546875
3.304996	2.4267578125	1.9775390625
3.305996	1.8017578125	1.69921875
3.306996	1.4599609375	1.7578125
3.307996	1.5625	2.109375
3.308996	2.0703125	2.6025390625
3.309996	2.734375	3.0029296875
3.310996	3.2470703125	3.125
3.311996	3.3740234375	2.91015625
3.312996	3.046875	2.451171875
3.313996	2.431640625	1.9775390625
3.314996	1.796875	1.6943359375
3.315996	1.4599609375	1.7529296875
3.316996	1.572265625	2.109375
3.317996	2.080078125	2.6025390625
3.318996	2.7490234375	3.0126953125
3.319996	3.2568359375	3.1201171875
3.321	3.369140625	2.900390625
3.322	3.037109375	2.431640625
3.323	2.40234375	1.962890625
3.324	1.7822265625	1.6943359375
3.325	1.4599609375	1.7626953125
3.326	1.58203125	2.12890625
3.327	2.109375	2.626953125
3.328	2.783203125	3.017578125
3.329	3.271484375	3.1103515625
3.33	3.3740234375	2.880859375
3.331	3.0078125	2.4169921875
3.332	2.3681640625	1.9482421875
3.332996	1.7578125	1.6845703125
3.333996	1.4501953125	1.767578125
3.334996	1.611328125	2.158203125
3.335996	2.1484375	2.646484375
3.336996	2.8125	3.0322265625
3.337996	3.30078125	3.1103515625
3.338996	3.3447265625	2.8515625
3.339996	2.978515625	2.3876953125
3.340996	2.32421875	1.9189453125
3.341996	1.7138671875	1.6845703125
3.342996	1.4453125	1.7919921875
3.343996	1.6357421875	2.1923828125
3.344996	2.197265625	2.685546875
3.345996	2.8662109375	3.0615234375
3.346996	3.3154296875	3.1103515625
3.347996	3.33984375	2.8271484375
3.348996	2.919921875	2.34375
3.349996	2.2705078125	1.884765625
3.350996	1.6748046875	1.6796875
3.351996	1.4501953125	1.8115234375
3.352996	1.669921875	2.2216796875
3.353996	2.24609375	2.734375
3.354996	2.919921875	3.0712890625
3.355996	3.3447265625	3.095703125
3.356996	3.3154296875	2.7783203125
3.357996	2.87109375	2.294921875
3.358996	2.197265625	1.85546875
3.359996	1.640625	1.6796875
3.360996	1.4404296875	1.845703125
3.361996	1.71875	2.28515625
3.362996	2.3291015625	2.7783203125
3.364	2.98828125	3.1005859375
3.365	3.359375	3.076171875
3.366	3.291015625	2.7392578125
3.367	2.79296875	2.2265625
3.368	2.119140625	1.81640625
3.369	1.5869140625	1.6650390625
3.37	1.4501953125	1.884765625
3.371	1.7724609375	2.34375
3.372	2.412109375	2.841796875
3.373	3.0517578125	3.115234375
3.374	3.37890625	3.056640625
3.375	3.2470703125	2.6806640625
3.375996	2.7099609375	2.16796875
3.376996	2.021484375	1.7724609375
3.377996	1.54296875	1.6845703125
3.378996	1.474609375	1.9287109375
3.379996	1.8603515625	2.421875
3.380996	2.5146484375	2.890625
3.381996	3.1201171875	3.1298828125
3.382996	3.388671875	3.017578125
3.383996	3.1884765625	2.6123046875
3.384996	2.6025390625	2.08984375
3.385996	1.943359375	1.73828125
3.386996	1.4990234375	1.6943359375
3.387996	1.50390625	1.9970703125
3.388996	1.9482421875	2.5
3.389996	2.626953125	2.94921875
3.390996	3.1982421875	3.134765625
3.391996	3.388671875	2.96875
3.392996	3.115234375	2.5244140625
3.393996	2.4951171875	2.021484375
3.394996	1.8408203125	1.7041015625
3.395996	1.4697265625	1.7138671875
3.396996	1.552734375	2.080078125
3.397996	2.0654296875	2.59765625
3.398996	2.744140625	3.0078125
3.399996	3.2568359375	3.1298828125
3.400996	3.3740234375	2.91015625
3.401996	3.0126953125	2.431640625
3.402996	2.3681640625	1.943359375
3.403996	1.73828125	1.6796875
3.404996	1.4404296875	1.7626953125
3.406008	1.630859375	2.1630859375
3.407	2.197265625	2.6904296875
3.408	2.87109375	3.06640625
3.409	3.310546875	3.1103515625
3.41	3.3349609375	2.8369140625
3.411	2.8955078125	2.3291015625
3.412	2.2265625	1.865234375
3.413	1.640625	1.6650390625
3.414	1.4453125	1.8359375
3.415	1.71875	2.275390625
3.416	2.3388671875	2.79296875
3.417	2.998046875	3.1103515625
3.417996	3.3642578125	3.0859375
3.418996	3.2763671875	2.724609375
3.419996	2.75390625	2.2119140625
3.420996	2.080078125	1.7822265625
3.421996	1.5673828125	1.669921875
3.422996	1.4599609375	1.904296875
3.423996	1.8359375	2.3876953125
3.424996	2.4951171875	2.880859375
3.425996	3.115234375	3.134765625
3.426996	3.388671875	3.02734375
3.427996	3.1884765625	2.6171875
3.428996	2.6025390625	2.08984375
3.429996	1.93359375	1.7333984375
3.430996	1.494140625	1.6943359375
3.431996	1.513671875	2.0068359375
3.432996	1.9775390625	2.51953125
3.433996	2.65625	2.9736328125
3.434996	3.22265625	3.14453125
3.435996	3.37890625	2.9541015625
3.436996	3.0615234375	2.490234375
3.437996	2.4267578125	1.982421875
3.438996	1.787109375	1.6748046875
3.439996	1.4501953125	1.73828125
3.440996	1.5966796875	2.1240234375
3.441996	2.1484375	2.6513671875
3.442996	2.83203125	3.056640625
3.443996	3.30078125	3.125
3.444996	3.3447265625	2.8515625
3.445996	2.919921875	2.34375
3.446996	2.24609375	1.875
3.447996	1.6552734375	1.66015625
3.449	1.4453125	1.81640625
3.45	1.7138671875	2.2607421875
3.451	2.32421875	2.7783203125
3.452	2.98828125	3.1103515625
3.453	3.3642578125	3.0859375
3.454	3.2666015625	2.7197265625
3.455	2.7294921875	2.1875
3.456	2.05078125	1.7822265625
3.457	1.5478515625	1.669921875
3.458	1.474609375	1.9189453125
3.459	1.8603515625	2.412109375
3.46	2.5341796875	2.9052734375
3.460996	3.154296875	3.1494140625
3.461996	3.3935546875	3.0126953125
3.462996	3.1494140625	2.568359375
3.463996	2.5390625	2.041015625
3.464996	1.865234375	1.69921875
3.465996	1.4794921875	1.7041015625
3.466996	1.5478515625	2.05078125
3.467996	2.060546875	2.5830078125
3.468996	2.75390625	3.017578125
3.469996	3.2763671875	3.14453125
3.470996	3.3642578125	2.8955078125
3.471996	2.98828125	2.40234375
3.472996	2.32421875	1.904296875
3.473996	1.689453125	1.66015625
3.474996	1.4453125	1.787109375
3.475996	1.6748046875	2.2119140625
3.476996	2.2802734375	2.744140625
3.477996	2.9443359375	3.095703125
3.478996	3.359375	3.1005859375
3.479996	3.28125	2.7587890625
3.480996	2.783203125	2.236328125
3.481996	2.0849609375	1.787109375
3.482996	1.5576171875	1.66015625
3.483996	1.4599609375	1.8896484375
3.484996	1.845703125	2.392578125
3.485996	2.5244140625	2.900390625
3.486996	3.1396484375	3.1494140625
3.487996	3.3935546875	3.017578125
3.488996	3.154296875	2.587890625
3.489996	2.5439453125	2.05078125
3.490996	1.8701171875	1.7041015625
3.492	1.4697265625	1.7041015625
3.493	1.5478515625	2.05078125
3.494	2.0654296875	2.5927734375
3.495	2.7685546875	3.0224609375
3.496	3.28125	3.1494140625
3.497	3.3544921875	2.890625
3.498	2.958984375	2.3876953125
3.499	2.294921875	1.8994140625
3.5	1.6796875	1.66015625
3.501	1.435546875	1.7919921875
3.502	1.6943359375	2.24609375
3.503	2.32421875	2.7734375
3.503996	2.998046875	3.1201171875
3.504996	3.369140625	3.095703125
3.505996	3.26171875	2.724609375
3.506996	2.724609375	2.1826171875
3.507996	2.021484375	1.7626953125
3.508996	1.5283203125	1.66015625
3.509996	1.484375	1.9482421875
3.510996	1.9091796875	2.4560546875
3.511996	2.5927734375	2.9345703125
3.512996	3.193359375	3.154296875
3.513996	3.3935546875	2.98828125
3.514996	3.0908203125	2.51953125
3.515996	2.4462890625	1.9970703125
3.516996	1.787109375	1.669921875
3.517996	1.455078125	1.728515625
3.518996	1.6064453125	2.1240234375
3.519996	2.1728515625	2.666015625
3.520996	2.87109375	3.076171875
3.521996	3.3203125	3.1298828125
3.522996	3.3203125	2.8173828125
3.523996	2.8466796875	2.2998046875
3.524996	2.158203125	1.8212890625
3.525996	1.591796875	1.6455078125
3.526996	1.455078125	1.8505859375
3.527996	1.8115234375	2.3486328125
3.528996	2.4755859375	2.87109375
3.529996	3.10546875	3.1494140625
3.530996	3.3935546875	3.046875
3.531996	3.173828125	2.6123046875
3.532996	2.568359375	2.0654296875
3.534008	1.8798828125	1.6943359375
3.535	1.46484375	1.6845703125
3.536	1.5478515625	2.041015625
3.537	2.0703125	2.587890625
3.538	2.7734375	3.0322265625
3.539	3.291015625	3.1494140625
3.54	3.349609375	2.8857421875
3.541	2.9443359375	2.3681640625
3.542	2.2509765625	1.8701171875
3.543	1.6552734375	1.650390625
3.544	1.4453125	1.81640625
3.545	1.73828125	2.275390625
3.545996	2.3779296875	2.8173828125
3.546996	3.0419921875	3.134765625
3.547996	3.3837890625	3.0810546875
3.548996	3.2177734375	2.67578125
3.549996	2.6416015625	2.12890625
3.550996	1.9482421875	1.728515625
3.551996	1.50390625	1.669921875
3.552996	1.513671875	1.9970703125
3.553996	1.9970703125	2.5341796875
3.554996	2.705078125	3.0078125
3.555996	3.2568359375	3.1591796875
3.556996	3.3642578125	2.9248046875
3.557996	2.9833984375	2.4169921875
3.558996	2.3193359375	1.9091796875
3.559996	1.6796875	1.6455078125
3.560996	1.435546875	1.77734375
3.561996	1.6943359375	2.236328125
3.562996	2.333984375	2.7880859375
3.563996	3.0029296875	3.125
3.564996	3.37890625	3.095703125
3.565996	3.232421875	2.705078125
3.566996	2.6806640625	2.158203125
3.567996	1.9775390625	1.728515625
3.568996	1.5087890625	1.6552734375
3.569996	1.5087890625	1.97265625
3.570996	1.9873046875	2.5146484375
3.571996	2.6904296875	2.998046875
3.572996	3.2470703125	3.1591796875
3.573996	3.369140625	2.9345703125
3.574996	3.0029296875	2.4365234375
3.575996	2.3193359375	1.904296875
3.577	1.6943359375	1.6455078125
3.578	1.4453125	1.7822265625
3.579	1.69921875	2.2314453125
3.58	2.3291015625	2.7734375
3.581	3.0126953125	3.125
3.582	3.3740234375	3.1005859375
3.583	3.2421875	2.7001953125
3.584	2.6708984375	2.1484375
3.585	1.97265625	1.728515625
3.586	1.50390625	1.6650390625
3.587	1.513671875	1.9775390625
3.588	1.9970703125	2.5244140625
3.588996	2.7099609375	3.0029296875
3.589996	3.2568359375	3.1591796875
3.590996	3.369140625	2.9248046875
3.591996	2.9833984375	2.431640625
3.592996	2.2900390625	1.8896484375
3.593996	1.669921875	1.640625
3.594996	1.4453125	1.77734375
3.595996	1.728515625	2.265625
3.596996	2.373046875	2.8125
3.597996	3.046875	3.1396484375
3.598996	3.3837890625	3.0859375
3.599996	3.203125	2.666015625
3.600996	2.6220703125	2.1142578125
3.601996	1.923828125	1.708984375
3.602996	1.4794921875	1.6650390625
3.603996	1.54296875	2.01171875
3.604996	2.0556640625	2.578125
3.605996	2.7685546875	3.0322265625
3.606996	3.291015625	3.1640625
3.607996	3.3447265625	2.8955078125
3.608996	2.9150390625	2.3583984375
3.609996	2.216796875	1.85546875
3.610996	1.62109375	1.640625
3.611996	1.4501953125	1.8310546875
3.612996	1.7919921875	2.3291015625
3.613996	2.4609375	2.861328125
3.614996	3.1103515625	3.1640625
3.615996	3.3935546875	3.056640625
3.616996	3.1591796875	2.607421875
3.617996	2.529296875	2.0458984375
3.618996	1.8310546875	1.6796875
3.62	1.4599609375	1.6943359375
3.621	1.591796875	2.08984375
3.622	2.1484375	2.65625
3.623	2.861328125	3.0859375
3.624	3.3349609375	3.1494140625
3.625	3.3154296875	2.8173828125
3.626	2.8076171875	2.265625
3.627	2.109375	1.787109375
3.628	1.5625	1.630859375
3.629	1.474609375	1.8896484375
3.63	1.884765625	2.412109375
3.631	2.5927734375	2.9345703125
3.631996	3.1982421875	3.173828125
3.632996	3.3935546875	2.998046875
3.633996	3.0615234375	2.5
3.634996	2.392578125	1.953125
3.635996	1.728515625	1.650390625
3.636996	1.4453125	1.73828125
3.637996	1.6748046875	2.1923828125
3.638996	2.294921875	2.75390625
3.639996	2.9931640625	3.134765625
3.640996	3.3740234375	3.1103515625
3.641996	3.2470703125	2.7197265625
3.642996	2.6611328125	2.1484375
3.643996	1.953125	1.7138671875
3.644996	1.4892578125	1.650390625
3.645996	1.5185546875	1.982421875
3.646996	2.0361328125	2.5439453125
3.647996	2.7490234375	3.0224609375
3.648996	3.28125	3.173828125
3.649996	3.3544921875	2.900390625
3.650996	2.9150390625	2.36328125
3.651996	2.20703125	1.845703125
3.652996	1.6162109375	1.6259765625
3.653996	1.4404296875	1.826171875
3.654996	1.8017578125	2.333984375
3.655996	2.5	2.890625
3.656996	3.1298828125	3.173828125
3.657996	3.3837890625	3.0419921875
3.658996	3.1201171875	2.5732421875
3.659996	2.4609375	2.001953125
3.660996	1.787109375	1.650390625
3.662008	1.4501953125	1.7138671875
3.663	1.6259765625	2.1435546875
3.664	2.236328125	2.705078125
3.665	2.9443359375	3.1103515625
3.666	3.359375	3.1396484375
3.667	3.271484375	2.7587890625
3.668	2.71484375	2.1875
3.669	2.001953125	1.728515625
3.67	1.50390625	1.650390625
3.671	1.5185546875	1.9580078125
3.672	1.9970703125	2.5244140625
3.673	2.724609375	3.0126953125
3.673996	3.2666015625	3.1787109375
3.674996	3.359375	2.919921875
3.675996	2.9296875	2.3828125
3.676996	2.2265625	1.85546875
3.677996	1.6259765625	1.62109375
3.678996	1.4453125	1.8115234375
3.679996	1.8017578125	2.3291015625
3.680996	2.490234375	2.890625
3.681996	3.134765625	3.1689453125
3.682996	3.388671875	3.037109375
3.683996	3.10546875	2.5732421875
3.684996	2.4609375	1.9921875
3.685996	1.77734375	1.650390625
3.686996	1.4404296875	1.71875
3.687996	1.640625	2.1484375
3.688996	2.2607421875	2.7294921875
3.689996	2.96875	3.125
3.690996	3.3740234375	3.125
3.691996	3.2421875	2.734375
3.692996	2.67578125	2.1630859375
3.693996	1.9580078125	1.71875
3.694996	1.4990234375	1.650390625
3.695996	1.5283203125	1.9921875
3.696996	2.0556640625	2.568359375
3.697996	2.7783203125	3.037109375
3.698996	3.2958984375	3.173828125
3.699996	3.33984375	2.880859375
3.700996	2.87109375	2.3291015625
3.701996	2.158203125	1.8115234375
3.702996	1.5771484375	1.62109375
3.703996	1.4599609375	1.8603515625
3.705	1.875	2.40234375
3.706	2.578125	2.9345703125
3.707	3.203125	3.1787109375
3.708	3.3837890625	2.9931640625
3.709	3.0419921875	2.4853515625
3.71	2.353515625	1.923828125
3.711	1.69921875	1.630859375
3.712	1.4453125	1.7529296875
3.713	1.7236328125	2.2412109375
3.714	2.3876953125	2.8076171875
3.715	3.0615234375	3.1591796875
3.716	3.388671875	3.0859375
3.716996	3.1787109375	2.646484375
3.717996	2.548828125	2.060546875
3.718996	1.8359375	1.6748046875
3.719996	1.4599609375	1.6748046875
3.720996	1.5966796875	2.0947265625
3.721996	2.2021484375	2.67578125
3.722996	2.9150390625	3.1103515625
3.723996	3.3544921875	3.14453125
3.724996	3.2763671875	2.7783203125
3.725996	2.724609375	2.2021484375
3.726996	1.9873046875	1.73828125
3.727996	1.4990234375	1.6357421875
3.728996	1.5185546875	1.9677734375
3.729996	2.03125	2.5390625
3.730996	2.763671875	3.037109375
3.731996	3.30078125	3.173828125
3.732996	3.3447265625	2.8955078125
3.733996	2.880859375	2.333984375
3.734996	2.1533203125	1.8115234375
3.735996	1.5771484375	1.62109375
3.736996	1.4697265625	1.8505859375
3.737996	1.884765625	2.40234375
3.738996	2.59765625	2.94921875
3.739996	3.212890625	3.1884765625
3.740996	3.37890625	2.9931640625
3.741996	3.017578125	2.4658203125
3.742996	2.3095703125	1.904296875
3.743996	1.669921875	1.6259765625
3.744996	1.4453125	1.77734375
3.745996	1.7626953125	2.2802734375
3.746996	2.4462890625	2.8466796875
3.748	3.10546875	3.1689453125
3.749	3.388671875	3.0615234375
3.75	3.1298828125	2.587890625
3.751	2.4658203125	2.0068359375
3.752	1.77734375	1.650390625
3.753	1.4453125	1.708984375
3.754	1.66015625	2.1533203125
3.755	2.2900390625	2.7490234375
3.756	3.0029296875	3.134765625
3.757	3.3740234375	3.1298828125
3.758	3.212890625	2.705078125
3.759	2.6123046875	2.1044921875
3.759996	1.884765625	1.6845703125
3.760996	1.4697265625	1.6552734375
3.761996	1.5771484375	2.0556640625
3.762996	2.158203125	2.6416015625
3.763996	2.880859375	3.1005859375
3.764996	3.349609375	3.1494140625
3.765996	3.2861328125	2.79296875
3.766996	2.7392578125	2.216796875
3.767996	2.0068359375	1.7333984375
3.768996	1.513671875	1.6357421875
3.769996	1.5185546875	1.9580078125
3.770996	2.0361328125	2.5341796875
3.771996	2.7734375	3.037109375
3.772996	3.30078125	3.1787109375
3.773996	3.3349609375	2.8857421875
3.774996	2.8466796875	2.3193359375
3.775996	2.119140625	1.796875
3.776996	1.5576171875	1.62109375
3.777996	1.474609375	1.8798828125
3.778996	1.9287109375	2.44140625
3.779996	2.65625	2.98828125
3.780996	3.251953125	3.18359375
3.781996	3.3642578125	2.958984375
3.782996	2.94921875	2.40234375
3.783996	2.2265625	1.8505859375
3.784996	1.611328125	1.6162109375
3.785996	1.4453125	1.81640625
3.786996	1.8359375	2.3583984375
3.787996	2.5537109375	2.919921875
3.788996	3.18359375	3.1884765625
3.790008	3.388671875	3.0078125
3.791	3.0224609375	2.4853515625
3.792	2.333984375	1.9140625
3.793	1.6748046875	1.62109375
3.794	1.4453125	1.7578125
3.795	1.7529296875	2.275390625
3.796	2.451171875	2.861328125
3.797	3.125	3.1787109375
3.798	3.3837890625	3.06640625
3.799	3.10546875	2.578125
3.8	2.421875	1.982421875
3.801	1.7431640625	1.6357421875
3.801996	1.4453125	1.7236328125
3.802996	1.6943359375	2.197265625
3.803996	2.353515625	2.79296875
3.804996	3.056640625	3.1640625
3.805996	3.388671875	3.095703125
3.806996	3.1640625	2.6318359375
3.807996	2.5146484375	2.041015625
3.808996	1.8115234375	1.650390625
3.809996	1.4501953125	1.689453125
3.810996	1.6455078125	2.12890625
3.811996	2.2802734375	2.724609375
3.812996	2.998046875	3.154296875
3.813996	3.3837890625	3.125
3.814996	3.203125	2.705078125
3.815996	2.587890625	2.1044921875
3.816996	1.865234375	1.6748046875
3.817996	1.4501953125	1.66015625
3.818996	1.6015625	2.080078125
3.819996	2.216796875	2.6806640625
3.820996	2.9443359375	3.1201171875
3.821996	3.369140625	3.1494140625
3.822996	3.2470703125	2.75390625
3.823996	2.6416015625	2.1533203125
3.824996	1.9189453125	1.6943359375
3.825996	1.474609375	1.650390625
3.826996	1.5673828125	2.021484375
3.827996	2.1484375	2.6416015625
3.828996	2.890625	3.095703125
3.829996	3.349609375	3.1591796875
3.830996	3.271484375	2.79296875
3.831996	2.705078125	2.197265625
3.833	1.9580078125	1.7138671875
3.834	1.4892578125	1.630859375
3.835	1.533203125	1.9970703125
3.836	2.099609375	2.587890625
3.837	2.8466796875	3.0712890625
3.838	3.330078125	3.173828125
3.839	3.2958984375	2.822265625
3.84	2.7490234375	2.2265625
3.841	2.0068359375	1.7333984375
3.842	1.50390625	1.6259765625
3.843	1.5234375	1.9580078125
3.844	2.060546875	2.55859375
3.844996	2.8076171875	3.06640625
3.845996	3.3251953125	3.18359375
3.846996	3.310546875	2.8515625
3.847996	2.7880859375	2.255859375
3.848996	2.0361328125	1.7529296875
3.849996	1.513671875	1.62109375
3.850996	1.5087890625	1.943359375
3.851996	2.0361328125	2.5341796875
3.852996	2.7734375	3.0419921875
3.853996	3.3154296875	3.1884765625
3.854996	3.3251953125	2.8759765625
3.855996	2.8076171875	2.28515625
3.856996	2.0703125	1.7626953125
3.857996	1.5234375	1.611328125
3.858996	1.50390625	1.9189453125
3.859996	2.0068359375	2.5146484375
3.860996	2.7587890625	3.037109375
3.861996	3.3056640625	3.1884765625
3.862996	3.330078125	2.8857421875
3.863996	2.8173828125	2.2998046875
3.864996	2.080078125	1.7724609375
3.865996	1.5283203125	1.611328125
3.866996	1.4990234375	1.9140625
3.867996	2.001953125	2.5
3.868996	2.7490234375	3.037109375
3.869996	3.2958984375	3.18359375
3.870996	3.3349609375	2.890625
3.871996	2.83203125	2.3046875
3.872996	2.0947265625	1.77734375
3.873996	1.5380859375	1.611328125
3.874996	1.4990234375	1.904296875
3.876	2.001953125	2.5048828125
3.877	2.75390625	3.0322265625
3.878	3.291015625	3.1982421875
3.879	3.3349609375	2.8955078125
3.88	2.83203125	2.2998046875
3.881	2.08984375	1.77734375
3.882	1.5380859375	1.6064453125
3.883	1.4990234375	1.904296875
3.884	2.001953125	2.5048828125
3.885	2.7490234375	3.0322265625
3.886	3.30078125	3.1884765625
3.887	3.3349609375	2.890625
3.887996	2.8271484375	2.2998046875
3.888996	2.060546875	1.7724609375
3.889996	1.5283203125	1.611328125
3.890996	1.50390625	1.9189453125
3.891996	2.01171875	2.5146484375
3.892996	2.7587890625	3.046875
3.893996	3.3056640625	3.193359375
3.894996	3.330078125	2.880859375
3.895996	2.8125	2.2900390625
3.896996	2.0556640625	1.748046875
3.897996	1.5234375	1.6064453125
3.898996	1.513671875	1.923828125
3.899996	2.03125	2.5341796875
3.900996	2.79296875	3.056640625
3.901996	3.3203125	3.1982421875
3.902996	3.310546875	2.8662109375
3.903996	2.783203125	2.265625
3.904996	2.03125	1.73828125
3.905996	1.4990234375	1.62109375
3.906996	1.5234375	1.943359375
3.907996	2.0654296875	2.55859375
3.908996	2.8271484375	3.0712890625
3.909996	3.330078125	3.18359375
3.910996	3.30078125	2.83203125
3.911996	2.734375	2.2314453125
3.912996	1.9970703125	1.728515625
3.913996	1.494140625	1.62109375
3.914996	1.5380859375	1.9677734375
3.915996	2.109375	2.5830078125
3.916996	2.8564453125	3.095703125
3.918008	3.3544921875	3.173828125
3.919	3.271484375	2.802734375
3.92	2.6953125	2.1875
3.921	1.9482421875	1.7041015625
3.922	1.4794921875	1.6259765625
3.923	1.5576171875	2.0166015625
3.924	2.1533203125	2.63671875
3.925	2.9052734375	3.115234375
3.926	3.3642578125	3.1689453125
3.927	3.2568359375	2.763671875
3.928	2.646484375	2.1484375
3.929	1.89453125	1.6748046875
3.929996	1.46484375	1.6357421875
3.930996	1.591796875	2.060546875
3.931996	2.2216796875	2.685546875
3.932996	2.9638671875	3.1298828125
3.933996	3.37890625	3.154296875
3.934996	3.2080078125	2.724609375
3.935996	2.5732421875	2.099609375
3.936996	1.845703125	1.650390625
3.937996	1.455078125	1.6650390625
3.938996	1.640625	2.1142578125
3.939996	2.2998046875	2.7392578125
3.940996	3.0224609375	3.1591796875
3.941996	3.388671875	3.1298828125
3.942996	3.1640625	2.666015625
3.943996	2.509765625	2.0458984375
3.944996	1.787109375	1.6357421875
3.945996	1.435546875	1.689453125
3.946996	1.689453125	2.1728515625
3.947996	2.3779296875	2.802734375
3.948996	3.0859375	3.18359375
3.949996	3.388671875	3.10546875
3.950996	3.10546875	2.59765625
3.951996	2.4169921875	1.982421875
3.952996	1.7138671875	1.6162109375
3.953996	1.4453125	1.728515625
3.954996	1.7529296875	2.255859375
3.955996	2.4658203125	2.8662109375
3.956996	3.14453125	3.203125
3.957996	3.388671875	3.056640625
3.958996	3.0419921875	2.51953125
3.959996	2.314453125	1.9091796875
3.961	1.650390625	1.5966796875
3.962	1.4453125	1.77734375
3.963	1.8212890625	2.3193359375
3.964	2.568359375	2.9248046875
3.965	3.212890625	3.203125
3.966	3.3740234375	3.0029296875
3.967	2.9541015625	2.4267578125
3.968	2.216796875	1.845703125
3.969	1.5869140625	1.6015625
3.97	1.474609375	1.8310546875
3.971	1.9140625	2.421875
3.972	2.6708984375	2.9931640625
3.972996	3.2666015625	3.2080078125
3.973996	3.359375	2.939453125
3.974996	2.861328125	2.333984375
3.975996	2.099609375	1.7822265625
3.976996	1.5380859375	1.6015625
3.977996	1.494140625	1.904296875
3.978996	2.0166015625	2.5146484375
3.979996	2.7880859375	3.0615234375
3.980996	3.3203125	3.1982421875
3.981996	3.310546875	2.861328125
3.982996	2.7490234375	2.236328125
3.983996	1.9873046875	1.7236328125
3.984996	1.4892578125	1.611328125
3.985996	1.5576171875	1.9921875
3.986996	2.138671875	2.6171875
3.987996	2.9052734375	3.1201171875
3.988996	3.3544921875	3.173828125
3.989996	3.251953125	2.763671875
3.990996	2.626953125	2.1337890625
3.991996	1.875	1.6650390625
3.992996	1.455078125	1.6455078125
3.993996	1.6259765625	2.08984375
3.994996	2.275390625	2.724609375
3.995996	3.0126953125	3.1640625
3.996996	3.388671875	3.1396484375
3.997996	3.1591796875	2.6611328125
3.998996	2.4853515625	2.0263671875
3.999996	1.7626953125	1.6162109375
4.000996	1.4306640625	1.69921875
4.001996	1.71875	2.2021484375
4.002996	2.4267578125	2.83203125
4.004	3.1298828125	3.1982421875
4.005	3.388671875	3.076171875
4.006	3.056640625	2.5341796875
4.007	2.3291015625	1.9189453125
4.008	1.650390625	1.6015625
4.009	1.4501953125	1.7724609375
4.01	1.8359375	2.333984375
4.011	2.5830078125	2.9296875
4.012	3.232421875	3.2080078125
4.013	3.37890625	2.9931640625
4.014	2.9345703125	2.412109375
4.015	2.16796875	1.8212890625
4.015996	1.5673828125	1.5966796875
4.016996	1.4794921875	1.8701171875
4.017996	1.97265625	2.470703125
4.018996	2.744140625	3.0322265625
4.019996	3.310546875	3.212890625
4.020996	3.3251953125	2.8955078125
4.021996	2.7734375	2.275390625
4.022996	2.01171875	1.728515625
4.023996	1.494140625	1.6064453125
4.024996	1.54296875	1.982421875
4.025996	2.138671875	2.6123046875
4.026996	2.8955078125	3.115234375
4.027996	3.3642578125	3.173828125
4.028996	3.232421875	2.75390625
4.029996	2.6025390625	2.12890625
4.030996	1.85546875	1.6552734375
4.031996	1.455078125	1.6552734375
4.032996	1.640625	2.1044921875
4.033996	2.3095703125	2.75390625
4.034996	3.046875	3.1787109375
4.035996	3.388671875	3.125
4.036996	3.1298828125	2.6220703125
4.037996	2.421875	1.982421875
4.038996	1.708984375	1.6064453125
4.039996	1.435546875	1.728515625
4.040996	1.77734375	2.2607421875
4.041996	2.509765625	2.8857421875
4.042996	3.1787109375	3.2080078125
4.043996	3.37890625	3.02734375
4.044996	2.9736328125	2.4560546875
4.046008	2.216796875	1.8505859375
4.047	1.5869140625	1.5869140625
4.048	1.474609375	1.8359375
4.049	1.9482421875	2.4365234375
4.05	2.71484375	3.0224609375
4.051	3.291015625	3.212890625
4.052	3.3349609375	2.8955078125
4.053	2.79296875	2.2802734375
4.054	2.0263671875	1.7333984375
4.055	1.494140625	1.5966796875
4.056	1.5380859375	1.962890625
4.057	2.138671875	2.607421875
4.057996	2.9052734375	3.115234375
4.058996	3.3642578125	3.173828125
4.059996	3.2373046875	2.7587890625
4.060996	2.5927734375	2.109375
4.061996	1.8359375	1.650390625
4.062996	1.4453125	1.6552734375
4.063996	1.6650390625	2.1240234375
4.064996	2.353515625	2.783203125
4.065996	3.0859375	3.193359375
4.066996	3.3984375	3.1103515625
4.067996	3.095703125	2.5830078125
4.068996	2.3583984375	1.943359375
4.069996	1.6748046875	1.5966796875
4.070996	1.4404296875	1.748046875
4.071996	1.8212890625	2.3193359375
4.072996	2.587890625	2.9345703125
4.073996	3.2275390625	3.212890625
4.074996	3.359375	2.9833984375
4.075996	2.91015625	2.3876953125
4.076996	2.1435546875	1.796875
4.077996	1.5478515625	1.5869140625
4.078996	1.4990234375	1.8896484375
4.079996	2.03125	2.509765625
4.080996	2.8173828125	3.06640625
4.081996	3.3349609375	3.203125
4.082996	3.28125	2.8271484375
4.083996	2.685546875	2.1875
4.084996	1.9140625	1.6796875
4.085996	1.4599609375	1.6259765625
4.086996	1.6162109375	2.060546875
4.087996	2.275390625	2.7197265625
4.089	3.0322265625	3.173828125
4.09	3.3935546875	3.1396484375
4.091	3.1396484375	2.6416015625
4.092	2.431640625	1.9970703125
4.093	1.71875	1.6015625
4.094	1.4453125	1.708984375
4.095	1.787109375	2.2802734375
4.096	2.5341796875	2.91015625
4.097	3.1982421875	3.212890625
4.098	3.369140625	3.0078125
4.099	2.939453125	2.421875
4.1	2.1728515625	1.8212890625
4.100996	1.5625	1.5869140625
4.101996	1.4794921875	1.865234375
4.102996	2.0068359375	2.4853515625
4.103996	2.7880859375	3.056640625
4.104996	3.3251953125	3.203125
4.105996	3.2861328125	2.8466796875
4.106996	2.6904296875	2.1923828125
4.107996	1.9189453125	1.6748046875
4.108996	1.46484375	1.6259765625
4.109996	1.611328125	2.060546875
4.110996	2.265625	2.71484375
4.111996	3.0224609375	3.173828125
4.112996	3.3837890625	3.134765625
4.113996	3.134765625	2.6318359375
4.114996	2.4267578125	1.9873046875
4.115996	1.7041015625	1.5966796875
4.116996	1.4306640625	1.7236328125
4.117996	1.796875	2.2802734375
4.118996	2.5634765625	2.919921875
4.119996	3.2177734375	3.22265625
4.120996	3.369140625	2.998046875
4.121996	2.91015625	2.3974609375
4.122996	2.1337890625	1.8017578125
4.123996	1.533203125	1.58203125
4.124996	1.50390625	1.89453125
4.125996	2.0556640625	2.5341796875
4.126996	2.8369140625	3.0859375
4.127996	3.3447265625	3.203125
4.128996	3.2568359375	2.8076171875
4.129996	2.63671875	2.1533203125
4.130996	1.8603515625	1.6455078125
4.132	1.4453125	1.6455078125
4.133	1.6455078125	2.1142578125
4.134	2.353515625	2.7685546875
4.135	3.0908203125	3.18359375
4.136	3.388671875	3.1005859375
4.137	3.06640625	2.568359375
4.138	2.32421875	1.9091796875
4.139	1.630859375	1.5869140625
4.14	1.455078125	1.7822265625
4.141	1.8798828125	2.36328125
4.142	2.666015625	2.98828125
4.143	3.2763671875	3.2275390625
4.143996	3.3447265625	2.9345703125
4.144996	2.802734375	2.294921875
4.145996	2.021484375	1.728515625
4.146996	1.494140625	1.5966796875
4.147996	1.5625	1.9873046875
4.148996	2.1826171875	2.6416015625
4.149996	2.94921875	3.14453125
4.150996	3.3740234375	3.173828125
4.151996	3.1884765625	2.705078125
4.152996	2.4853515625	2.041015625
4.153996	1.748046875	1.6064453125
4.154996	1.4404296875	1.69921875
4.155996	1.767578125	2.2412109375
4.156996	2.5048828125	2.890625
4.157996	3.193359375	3.22265625
4.158996	3.369140625	3.02734375
4.159996	2.9296875	2.421875
4.160996	2.1533203125	1.8115234375
4.161996	1.552734375	1.58203125
4.162996	1.50390625	1.8798828125
4.163996	2.0458984375	2.51953125
4.164996	2.8369140625	3.0859375
4.165996	3.349609375	3.1982421875
4.166996	3.251953125	2.802734375
4.167996	2.6220703125	2.1435546875
4.168996	1.8408203125	1.6455078125
4.169996	1.4501953125	1.6455078125
4.170996	1.6748046875	2.1337890625
4.171996	2.3876953125	2.7978515625
4.172996	3.1201171875	3.2080078125
4.174008	3.388671875	3.0859375
4.175	3.02734375	2.51953125
4.176	2.2705078125	1.884765625
4.177	1.6015625	1.58203125
4.178	1.4697265625	1.806640625
4.179	1.943359375	2.431640625
4.18	2.744140625	3.0322265625
4.181	3.310546875	3.2275390625
4.182	3.3056640625	2.87109375
4.183	2.71484375	2.2216796875
4.184	1.923828125	1.689453125
4.185	1.46484375	1.62109375
4.185996	1.62109375	2.060546875
4.186996	2.2998046875	2.7294921875
4.187996	3.0615234375	3.1884765625
4.188996	3.3935546875	3.125
4.189996	3.0908203125	2.59765625
4.190996	2.3486328125	1.93359375
4.191996	1.650390625	1.5869140625
4.192996	1.4501953125	1.7626953125
4.193996	1.875	2.3681640625
4.194996	2.6708984375	2.998046875
4.195996	3.2861328125	3.22265625
4.196996	3.330078125	2.9150390625
4.197996	2.7734375	2.275390625
4.198996	1.9775390625	1.7138671875
4.199996	1.4794921875	1.6064453125
4.200996	1.591796875	2.01171875
4.201996	2.2412109375	2.685546875
4.202996	3.0126953125	3.173828125
4.203996	3.3935546875	3.14453125
4.204996	3.125	2.63671875
4.205996	2.3974609375	1.9580078125
4.206996	1.669921875	1.5869140625
4.207996	1.4453125	1.7431640625
4.208996	1.8505859375	2.3291015625
4.209996	2.6318359375	2.978515625
4.210996	3.271484375	3.2275390625
4.211996	3.3447265625	2.94921875
4.212996	2.8076171875	2.3046875
4.213996	2.0068359375	1.71875
4.214996	1.4794921875	1.5966796875
4.215996	1.5771484375	1.9921875
4.217	2.2216796875	2.67578125
4.218	3.0029296875	3.1591796875
4.219	3.37890625	3.154296875
4.22	3.1396484375	2.6513671875
4.221	2.4072265625	1.9775390625
4.222	1.6796875	1.591796875
4.223	1.4501953125	1.7333984375
4.224	1.8359375	2.32421875
4.225	2.626953125	2.96875
4.226	3.271484375	3.2373046875
4.227	3.33984375	2.94921875
4.228	2.802734375	2.294921875
4.228996	2.001953125	1.71875
4.229996	1.4794921875	1.5966796875
4.230996	1.58203125	2.001953125
4.231996	2.236328125	2.67578125
4.232996	3.0078125	3.1640625
4.233996	3.388671875	3.154296875
4.234996	3.1201171875	2.63671875
4.235996	2.3876953125	1.962890625
4.236996	1.669921875	1.58203125
4.237996	1.4404296875	1.748046875
4.238996	1.8701171875	2.353515625
4.239996	2.6611328125	2.9833984375
4.240996	3.2861328125	3.2275390625
4.241996	3.330078125	2.9296875
4.242996	2.7685546875	2.275390625
4.243996	1.97265625	1.69921875
4.244996	1.4697265625	1.5966796875
4.245996	1.6015625	2.03125
4.246996	2.2802734375	2.71484375
4.247996	3.0517578125	3.1884765625
4.248996	3.3837890625	3.1298828125
4.249996	3.0908203125	2.5927734375
4.250996	2.3291015625	1.923828125
4.251996	1.6357421875	1.58203125
4.252996	1.4599609375	1.7724609375
4.253996	1.923828125	2.3974609375
4.254996	2.7197265625	3.02734375
4.255996	3.30078125	3.22265625
4.256996	3.2958984375	2.880859375
4.257996	2.705078125	2.2119140625
4.258996	1.9091796875	1.669921875
4.26	1.474609375	1.62109375
4.261	1.6455078125	2.0947265625
4.262	2.353515625	2.7734375
4.263	3.10546875	3.1982421875
4.264	3.3935546875	3.1005859375
4.265	3.0224609375	2.5244140625
4.266	2.24609375	1.8701171875
4.267	1.58203125	1.572265625
4.268	1.4794921875	1.8310546875
4.269	2.01171875	2.470703125
4.27	2.802734375	3.076171875
4.271	3.3447265625	3.2177734375
4.271996	3.251953125	2.8125
4.272996	2.607421875	2.1337890625
4.273996	1.8212890625	1.6259765625
4.274996	1.4453125	1.6552734375
4.275996	1.71875	2.1728515625
4.276996	2.4755859375	2.8564453125
4.277996	3.173828125	3.2275390625
4.278996	3.369140625	3.046875
4.279996	2.9296875	2.4169921875
4.280996	2.119140625	1.7919921875
4.281996	1.5234375	1.572265625
4.282996	1.5283203125	1.904296875
4.283996	2.1240234375	2.587890625
4.284996	2.919921875	3.134765625
4.285996	3.37890625	3.1884765625
4.286996	3.1787109375	2.7197265625
4.287996	2.4609375	2.0263671875
4.288996	1.7236328125	1.5966796875
4.289996	1.435546875	1.7138671875
4.290996	1.826171875	2.2998046875
4.291996	2.607421875	2.958984375
4.292996	3.271484375	3.2373046875
4.293996	3.33984375	2.9541015625
4.294996	2.79296875	2.2900390625
4.295996	1.9873046875	1.7041015625
4.296996	1.46484375	1.5966796875
4.297996	1.6064453125	2.021484375
4.298996	2.28515625	2.71484375
4.299996	3.0517578125	3.1884765625
4.300996	3.3837890625	3.134765625
4.302008	3.0615234375	2.578125
4.303	2.28515625	1.89453125
4.304	1.6015625	1.5673828125
4.305	1.46484375	1.806640625
4.306	1.97265625	2.44140625
4.307	2.7880859375	3.056640625
4.308	3.33984375	3.22265625
4.309	3.26171875	2.83203125
4.31	2.6171875	2.138671875
4.311	1.81640625	1.640625
4.312	1.4453125	1.650390625
4.313	1.7138671875	2.1826171875
4.313996	2.48046875	2.8662109375
4.314996	3.18359375	3.2373046875
4.315996	3.3740234375	3.037109375
4.316996	2.8955078125	2.4072265625
4.317996	2.099609375	1.77734375
4.318996	1.513671875	1.5771484375
4.319996	1.5478515625	1.9384765625
4.320996	2.1728515625	2.6220703125
4.321996	2.9736328125	3.154296875
4.322996	3.388671875	3.1640625
4.323996	3.1298828125	2.6611328125
4.324996	2.3974609375	1.97265625
4.325996	1.6552734375	1.5771484375
4.326996	1.4501953125	1.7529296875
4.327996	1.8994140625	2.3681640625
4.328996	2.7001953125	3.0078125
4.329996	3.310546875	3.2373046875
4.330996	3.30078125	2.8955078125
4.331996	2.6904296875	2.197265625
4.332996	1.8896484375	1.66015625
4.333996	1.455078125	1.62109375
4.334996	1.6796875	2.119140625
4.335996	2.4072265625	2.8125
4.336996	3.154296875	3.2177734375
4.337996	3.3740234375	3.0712890625
4.338996	2.94921875	2.451171875
4.339996	2.1435546875	1.796875
4.340996	1.5283203125	1.572265625
4.341996	1.533203125	1.904296875
4.342996	2.1337890625	2.587890625
4.343996	2.939453125	3.14453125
4.345	3.37890625	3.18359375
4.346	3.1494140625	2.6806640625
4.347	2.421875	1.9921875
4.348	1.6845703125	1.5771484375
4.349	1.455078125	1.7333984375
4.35	1.884765625	2.3486328125
4.351	2.6904296875	3.0029296875
4.352	3.3056640625	3.2373046875
4.353	3.310546875	2.900390625
4.354	2.6953125	2.20703125
4.355	1.8896484375	1.66015625
4.356	1.4453125	1.6162109375
4.356996	1.6748046875	2.1240234375
4.357996	2.421875	2.8173828125
4.358996	3.1689453125	3.22265625
4.359996	3.37890625	3.0712890625
4.360996	2.9296875	2.44140625
4.361996	2.119140625	1.796875
4.362996	1.5234375	1.572265625
4.363996	1.533203125	1.9287109375
4.364996	2.1630859375	2.607421875
4.365996	2.9736328125	3.154296875
4.366996	3.388671875	3.1787109375
4.367996	3.134765625	2.6513671875
4.368996	2.3828125	1.953125
4.369996	1.650390625	1.5673828125
4.370996	1.455078125	1.7626953125
4.371996	1.9287109375	2.40234375
4.372996	2.7392578125	3.0419921875
4.373996	3.330078125	3.232421875
4.374996	3.2666015625	2.8564453125
4.375996	2.6220703125	2.158203125
4.376996	1.8310546875	1.630859375
4.377996	1.4453125	1.6455078125
4.378996	1.7333984375	2.177734375
4.379996	2.4951171875	2.880859375
4.380996	3.212890625	3.2373046875
4.381996	3.369140625	3.017578125
4.382996	2.8466796875	2.36328125
4.383996	2.041015625	1.7333984375
4.384996	1.4892578125	1.5869140625
4.385996	1.58203125	1.9970703125
4.386996	2.2607421875	2.7197265625
4.388	3.0615234375	3.1982421875
4.389	3.3984375	3.134765625
4.39	3.0419921875	2.5537109375
4.391	2.265625	1.8798828125
4.392	1.5869140625	1.5576171875
4.393	1.484375	1.8359375
4.394	2.0458984375	2.5048828125
4.395	2.861328125	3.10546875
4.396	3.369140625	3.212890625
4.397	3.1982421875	2.75390625
4.398	2.4951171875	2.0361328125
4.399	1.7138671875	1.5869140625
4.399996	1.4453125	1.7041015625
4.400996	1.8408203125	2.3095703125
4.401996	2.65625	2.978515625
4.402996	3.291015625	3.2373046875
4.403996	3.310546875	2.9150390625
4.404996	2.705078125	2.2216796875
4.405996	1.89453125	1.650390625
4.406996	1.4404296875	1.62109375
4.407996	1.6796875	2.1240234375
4.408996	2.4365234375	2.83203125
4.409996	3.1787109375	3.2373046875
4.410996	3.37890625	3.0517578125
4.411996	2.900390625	2.412109375
4.412996	2.0751953125	1.7578125
4.413996	1.5087890625	1.5625
4.414996	1.5673828125	1.9580078125
4.415996	2.236328125	2.6708984375
4.416996	3.0322265625	3.1884765625
4.417996	3.3984375	3.154296875
4.418996	3.0712890625	2.5830078125
4.419996	2.2705078125	1.89453125
4.420996	1.5869140625	1.5625
4.421996	1.4794921875	1.8212890625
4.422996	2.03125	2.5
4.423996	2.8564453125	3.10546875
4.424996	3.369140625	3.212890625
4.425996	3.1982421875	2.75390625
4.426996	2.4755859375	2.0361328125
4.427996	1.69921875	1.58203125
4.428996	1.4501953125	1.71875
4.430008	1.875	2.3388671875
4.431	2.6953125	3.0029296875
4.432	3.3056640625	3.2470703125
4.433	3.2958984375	2.890625
4.434	2.6513671875	2.1923828125
4.435	1.8408203125	1.6455078125
4.436	1.4404296875	1.630859375
4.437	1.71875	2.1728515625
4.438	2.5048828125	2.8759765625
4.439	3.22265625	3.232421875
4.44	3.349609375	3.0029296875
4.441	2.822265625	2.34375
4.441996	2.0068359375	1.71875
4.442996	1.4794921875	1.5869140625
4.443996	1.611328125	2.0263671875
4.444996	2.32421875	2.744140625
4.445996	3.1103515625	3.2080078125
4.446996	3.388671875	3.1005859375
4.447996	2.978515625	2.490234375
4.448996	2.1728515625	1.8212890625
4.449996	1.5380859375	1.5625
4.450996	1.533203125	1.904296875
4.451996	2.158203125	2.6025390625
4.452996	2.9736328125	3.1591796875
4.453996	3.388671875	3.1787109375
4.454996	3.10546875	2.63671875
4.455996	2.333984375	1.9287109375
4.456996	1.62109375	1.58203125
4.457996	1.4697265625	1.796875
4.458996	1.9970703125	2.4658203125
4.459996	2.8369140625	3.0908203125
4.460996	3.3544921875	3.2177734375
4.461996	3.2177734375	2.7685546875
4.462996	2.490234375	2.041015625
4.463996	1.71875	1.58203125
4.464996	1.4404296875	1.708984375
4.465996	1.8701171875	2.333984375
4.466996	2.685546875	3.0078125
4.467996	3.3154296875	3.2421875
4.468996	3.2958984375	2.8857421875
4.469996	2.63671875	2.16796875
4.470996	1.826171875	1.630859375
4.471996	1.4404296875	1.640625
4.473	1.7431640625	2.2021484375
4.474	2.548828125	2.91015625
4.475	3.2373046875	3.251953125
4.476	3.33984375	2.978515625
4.477	2.783203125	2.294921875
4.478	1.9482421875	1.6943359375
4.479	1.4599609375	1.6015625
4.48	1.650390625	2.0849609375
4.481	2.4072265625	2.7978515625
4.482	3.1591796875	3.232421875
4.483	3.3740234375	3.06640625
4.484	2.900390625	2.4169921875
4.484996	2.0751953125	1.7578125
4.485996	1.4892578125	1.5625
4.486996	1.5771484375	1.9775390625
4.487996	2.265625	2.7001953125
4.488996	3.06640625	3.2080078125
4.489996	3.388671875	3.1201171875
4.490996	3.0078125	2.529296875
4.491996	2.2021484375	1.8408203125
4.492996	1.54296875	1.552734375
4.493996	1.5234375	1.8798828125
4.494996	2.1484375	2.59765625
4.495996	2.96875	3.1689453125
4.496996	3.3837890625	3.18359375
4.497996	3.10546875	2.63671875
4.498996	2.314453125	1.923828125
4.499996	1.5966796875	1.5576171875
4.500996	1.474609375	1.806640625
4.501996	2.03125	2.4951171875
4.502996	2.87109375	3.10546875
4.503996	3.369140625	3.2080078125
4.504996	3.1787109375	2.7197265625
4.505996	2.431640625	2.0068359375
4.506996	1.6748046875	1.5771484375
4.507996	1.455078125	1.7333984375
4.508996	1.93359375	2.3876953125
4.509996	2.7685546875	3.0517578125
4.510996	3.3447265625	3.2421875
4.511996	3.2421875	2.8076171875
4.512996	2.5341796875	2.0947265625
4.513996	1.7431640625	1.591796875
4.514996	1.4404296875	1.689453125
4.516	1.85546875	2.2998046875
4.517	2.6708984375	2.9931640625
4.518	3.3056640625	3.2470703125
4.519	3.2861328125	2.8857421875
4.52	2.6416015625	2.16796875
4.521	1.81640625	1.62109375
4.522	1.4404296875	1.6455078125
4.523	1.767578125	2.2119140625
4.524	2.578125	2.9296875
4.525	3.271484375	3.251953125
4.526	3.330078125	2.94921875
4.527	2.7294921875	2.2509765625
4.527996	1.89453125	1.66015625
4.528996	1.4404296875	1.6162109375
4.529996	1.7041015625	2.1435546875
4.530996	2.4951171875	2.8662109375
4.531996	3.22265625	3.2470703125
4.532996	3.359375	3.0126953125
4.533996	2.8076171875	2.3193359375
4.534996	1.9580078125	1.6943359375
4.535996	1.455078125	1.591796875
4.536996	1.6552734375	2.0751953125
4.537996	2.4072265625	2.8125
4.538996	3.1640625	3.2373046875
4.539996	3.369140625	3.046875
4.540996	2.8759765625	2.3876953125
4.541996	2.041015625	1.73828125
4.542996	1.474609375	1.572265625
4.543996	1.611328125	2.01171875
4.544996	2.333984375	2.7490234375
4.545996	3.125	3.22265625
4.546996	3.3935546875	3.095703125
4.547996	2.939453125	2.451171875
4.548996	2.1044921875	1.77734375
4.549996	1.4990234375	1.5625
4.550996	1.572265625	1.962890625
4.551996	2.265625	2.6904296875
4.552996	3.06640625	3.212890625
4.553996	3.3935546875	3.125
4.554996	2.9931640625	2.509765625
4.555996	2.158203125	1.8212890625
4.556996	1.5234375	1.552734375
4.558008	1.5478515625	1.9189453125
4.559	2.2216796875	2.6513671875
4.56	3.0322265625	3.18359375
4.561	3.3935546875	3.1591796875
4.562	3.037109375	2.55859375
4.563	2.2119140625	1.845703125
4.564	1.54296875	1.552734375
4.565	1.5185546875	1.884765625
4.566	2.158203125	2.59765625
4.567	2.9833984375	3.173828125
4.568	3.3935546875	3.173828125
4.569	3.0712890625	2.607421875
4.569996	2.2607421875	1.875
4.570996	1.5673828125	1.552734375
4.571996	1.50390625	1.845703125
4.572996	2.119140625	2.55859375
4.573996	2.94921875	3.154296875
4.574996	3.388671875	3.1884765625
4.575996	3.095703125	2.6416015625
4.576996	2.3046875	1.9091796875
4.577996	1.5966796875	1.552734375
4.578996	1.4892578125	1.826171875
4.579996	2.080078125	2.529296875
4.580996	2.919921875	3.14453125
4.581996	3.37890625	3.203125
4.582996	3.125	2.6708984375
4.583996	2.333984375	1.9384765625
4.584996	1.6064453125	1.5478515625
4.585996	1.474609375	1.8017578125
4.586996	2.05078125	2.509765625
4.587996	2.900390625	3.1298828125
4.588996	3.3740234375	3.212890625
4.589996	3.14453125	2.685546875
4.590996	2.36328125	1.953125
4.591996	1.62109375	1.5576171875
4.592996	1.474609375	1.787109375
4.593996	2.0361328125	2.490234375
4.594996	2.880859375	3.115234375
4.595996	3.3740234375	3.2080078125
4.596996	3.1494140625	2.705078125
4.597996	2.3779296875	1.9677734375
4.598996	1.6357421875	1.5576171875
4.599996	1.4697265625	1.77734375
4.601	2.021484375	2.4755859375
4.602	2.880859375	3.1103515625
4.603	3.369140625	3.2177734375
4.604	3.1591796875	2.7197265625
4.605	2.3974609375	1.982421875
4.606	1.630859375	1.5576171875
4.607	1.4599609375	1.7724609375
4.608	2.0166015625	2.4658203125
4.609	2.861328125	3.1005859375
4.61	3.369140625	3.2275390625
4.611	3.1689453125	2.7197265625
4.612	2.3974609375	1.982421875
4.612996	1.640625	1.552734375
4.613996	1.474609375	1.7724609375
4.614996	2.01171875	2.4609375
4.615996	2.8564453125	3.1005859375
4.616996	3.369140625	3.212890625
4.617996	3.1689453125	2.7197265625
4.618996	2.392578125	1.9775390625
4.619996	1.640625	1.552734375
4.620996	1.4697265625	1.767578125
4.621996	2.021484375	2.470703125
4.622996	2.87109375	3.10546875
4.623996	3.369140625	3.22265625
4.624996	3.1494140625	2.71484375
4.625996	2.3779296875	1.97265625
4.626996	1.6357421875	1.5625
4.627996	1.474609375	1.7822265625
4.628996	2.021484375	2.4853515625
4.629996	2.8857421875	3.1396484375
4.630996	3.37890625	3.2177734375
4.631996	3.1396484375	2.705078125
4.632996	2.36328125	1.9580078125
4.633996	1.62109375	1.5576171875
4.634996	1.4794921875	1.787109375
4.635996	2.05078125	2.4951171875
4.636996	2.8955078125	3.134765625
4.637996	3.388671875	3.203125
4.638996	3.134765625	2.6806640625
4.639996	2.34375	1.9384765625
4.640996	1.5966796875	1.5478515625
4.641996	1.484375	1.8017578125
4.642996	2.0654296875	2.5244140625
4.644	2.9248046875	3.14453125
4.645	3.3837890625	3.203125
4.646	3.1103515625	2.65625
4.647	2.2998046875	1.9140625
4.648	1.5869140625	1.54296875
4.649	1.4990234375	1.8310546875
4.65	2.109375	2.548828125
4.651	2.958984375	3.1591796875
4.652	3.388671875	3.193359375
4.653	3.0810546875	2.6171875
4.654	2.265625	1.8798828125
4.655	1.5625	1.54296875
4.655996	1.5185546875	1.8505859375
4.656996	2.1484375	2.587890625
4.657996	2.9833984375	3.1787109375
4.658996	3.3935546875	3.1689453125
4.659996	3.0517578125	2.5830078125
4.660996	2.2216796875	1.845703125
4.661996	1.54296875	1.5380859375
4.662996	1.533203125	1.89453125
4.663996	2.197265625	2.6318359375
4.664996	3.02734375	3.1982421875
4.665996	3.3935546875	3.14453125
4.666996	3.0029296875	2.5390625
4.667996	2.16796875	1.8212890625
4.668996	1.5185546875	1.552734375
4.669996	1.5576171875	1.93359375
4.670996	2.2509765625	2.67578125
4.671996	3.0810546875	3.2177734375
4.672996	3.3984375	3.1298828125
4.673996	2.94921875	2.4853515625
4.674996	2.109375	1.7822265625
4.675996	1.494140625	1.5576171875
4.676996	1.58203125	1.982421875
4.677996	2.32421875	2.734375
4.678996	3.115234375	3.22265625
4.679996	3.3837890625	3.095703125
4.680996	2.900390625	2.4267578125
4.681996	2.0361328125	1.7431640625
4.682996	1.4794921875	1.5576171875
4.683996	1.6357421875	2.0263671875
4.684996	2.3974609375	2.79296875
4.686008	3.173828125	3.2470703125
4.687	3.3642578125	3.0419921875
4.688	2.83203125	2.353515625
4.689	1.9775390625	1.69921875
4.69	1.4501953125	1.5771484375
4.691	1.6748046875	2.08984375
4.692	2.4755859375	2.8515625
4.693	3.22265625	3.26171875
4.694	3.3447265625	2.998046875
4.695	2.75390625	2.294921875
4.696	1.9091796875	1.6650390625
4.697	1.4404296875	1.6064453125
4.697996	1.7431640625	2.1630859375
4.698996	2.5634765625	2.9150390625
4.699996	3.2666015625	3.271484375
4.700996	3.3154296875	2.94921875
4.701996	2.6708984375	2.20703125
4.702996	1.8212890625	1.62109375
4.703996	1.4306640625	1.630859375
4.704996	1.8115234375	2.24609375
4.705996	2.65625	2.978515625
4.706996	3.3056640625	3.2568359375
4.707996	3.2666015625	2.880859375
4.708996	2.578125	2.12890625
4.709996	1.7529296875	1.58203125
4.710996	1.4404296875	1.6845703125
4.711996	1.8896484375	2.3291015625
4.712996	2.75390625	3.0419921875
4.713996	3.349609375	3.2470703125
4.714996	3.2275390625	2.802734375
4.715996	2.470703125	2.041015625
4.716996	1.6748046875	1.5673828125
4.717996	1.4599609375	1.7333984375
4.718996	1.982421875	2.431640625
4.719996	2.8466796875	3.1005859375
4.720996	3.369140625	3.2275390625
4.721996	3.134765625	2.71484375
4.722996	2.36328125	1.9482421875
4.723996	1.6064453125	1.54296875
4.724996	1.4892578125	1.8017578125
4.725996	2.0849609375	2.5244140625
4.726996	2.94921875	3.1591796875
4.727996	3.388671875	3.1884765625
4.729	3.0712890625	2.6123046875
4.73	2.236328125	1.8603515625
4.731	1.54296875	1.5380859375
4.732	1.533203125	1.875
4.733	2.2021484375	2.63671875
4.734	3.0517578125	3.1982421875
4.735	3.3935546875	3.1494140625
4.736	2.958984375	2.509765625
4.737	2.1240234375	1.787109375
4.738	1.4990234375	1.552734375
4.739	1.591796875	1.9775390625
4.74	2.3388671875	2.744140625
4.740996	3.134765625	3.2421875
4.741996	3.3740234375	3.0810546875
4.742996	2.861328125	2.392578125
4.743996	1.9970703125	1.708984375
4.744996	1.46484375	1.5771484375
4.745996	1.669921875	2.0849609375
4.746996	2.470703125	2.8466796875
4.747996	3.2275390625	3.2666015625
4.748996	3.3447265625	2.998046875
4.749996	2.7294921875	2.2705078125
4.750996	1.875	1.640625
4.751996	1.4453125	1.6162109375
4.752996	1.7724609375	2.197265625
4.753996	2.6220703125	2.9541015625
4.754996	3.30078125	3.2666015625
4.755996	3.2861328125	2.900390625
4.756996	2.5927734375	2.138671875
4.757996	1.7578125	1.591796875
4.758996	1.4453125	1.6796875
4.759996	1.8896484375	2.333984375
4.760996	2.763671875	3.0419921875
4.761996	3.349609375	3.2568359375
4.762996	3.2080078125	2.783203125
4.763996	2.4365234375	2.01171875
4.764996	1.650390625	1.552734375
4.765996	1.4599609375	1.7626953125
4.766996	2.03125	2.48046875
4.767996	2.9052734375	3.134765625
4.768996	3.37890625	3.2080078125
4.769996	3.10546875	2.6611328125
4.770996	2.2705078125	1.89453125
4.772	1.5625	1.533203125
4.773	1.5234375	1.865234375
4.774	2.1923828125	2.6171875
4.775	3.046875	3.203125
4.776	3.3837890625	3.14453125
4.777	2.9736328125	2.509765625
4.778	2.119140625	1.787109375
4.779	1.484375	1.5478515625
4.78	1.5966796875	1.9921875
4.781	2.3583984375	2.763671875
4.782	3.1591796875	3.2421875
4.783	3.369140625	3.056640625
4.783996	2.8173828125	2.3583984375
4.784996	1.953125	1.6845703125
4.785996	1.4453125	1.5869140625
4.786996	1.7138671875	2.138671875
4.787996	2.548828125	2.900390625
4.788996	3.271484375	3.2666015625
4.789996	3.3154296875	2.94921875
4.790996	2.6513671875	2.1923828125
4.791996	1.796875	1.6064453125
4.792996	1.4306640625	1.650390625
4.793996	1.8505859375	2.2998046875
4.794996	2.724609375	3.017578125
4.795996	3.349609375	3.26171875
4.796996	3.2177734375	2.8125
4.797996	2.4658203125	2.0361328125
4.798996	1.6650390625	1.552734375
4.799996	1.4599609375	1.7431640625
4.800996	2.0263671875	2.470703125
4.801996	2.9052734375	3.1298828125
4.802996	3.388671875	3.212890625
4.803996	3.095703125	2.6513671875
4.804996	2.265625	1.8896484375
4.805996	1.552734375	1.5380859375
4.806996	1.533203125	1.8701171875
4.807996	2.216796875	2.63671875
4.808996	3.06640625	3.212890625
4.809996	3.3935546875	3.134765625
4.810996	2.9345703125	2.4658203125
4.811996	2.0654296875	1.7529296875
4.812996	1.474609375	1.5576171875
4.814008	1.6455078125	2.041015625
4.815	2.4267578125	2.822265625
4.816	3.203125	3.2568359375
4.817	3.3544921875	3.0224609375
4.818	2.7490234375	2.28515625
4.819	1.8798828125	1.6455078125
4.82	1.4404296875	1.6064453125
4.821	1.7822265625	2.2119140625
4.822	2.63671875	2.96875
4.823	3.310546875	3.271484375
4.824	3.2666015625	2.87109375
4.825	2.5439453125	2.099609375
4.825996	1.708984375	1.5673828125
4.826996	1.455078125	1.7041015625
4.827996	1.9677734375	2.4072265625
4.828996	2.841796875	3.1005859375
4.829996	3.369140625	3.232421875
4.830996	3.1298828125	2.705078125
4.831996	2.3095703125	1.923828125
4.832996	1.5771484375	1.54296875
4.833996	1.5087890625	1.8505859375
4.834996	2.1826171875	2.6123046875
4.835996	3.0419921875	3.203125
4.836996	3.3935546875	3.1591796875
4.837996	2.94921875	2.490234375
4.838996	2.0849609375	1.7626953125
4.839996	1.484375	1.54296875
4.840996	1.630859375	2.021484375
4.841996	2.4169921875	2.8076171875
4.842996	3.1982421875	3.2421875
4.843996	3.349609375	3.02734375
4.844996	2.7490234375	2.28515625
4.845996	1.865234375	1.640625
4.846996	1.4404296875	1.6162109375
4.847996	1.796875	2.2265625
4.848996	2.65625	2.9833984375
4.849996	3.33984375	3.2568359375
4.850996	3.251953125	2.8564453125
4.851996	2.5048828125	2.0654296875
4.852996	1.6796875	1.5625
4.853996	1.455078125	1.728515625
4.854996	2.0068359375	2.4462890625
4.855996	2.8857421875	3.125
4.857	3.37890625	3.2177734375
4.858	3.0908203125	2.6513671875
4.859	2.255859375	1.875
4.86	1.5478515625	1.5380859375
4.861	1.5380859375	1.89453125
4.862	2.255859375	2.6708984375
4.863	3.1005859375	3.232421875
4.864	3.3837890625	3.1103515625
4.865	2.890625	2.4169921875
4.866	2.0068359375	1.71875
4.867	1.4453125	1.5673828125
4.868	1.6943359375	2.099609375
4.868996	2.5146484375	2.880859375
4.869996	3.26171875	3.271484375
4.870996	3.310546875	2.9541015625
4.871996	2.6416015625	2.1875
4.872996	1.77734375	1.5966796875
4.873996	1.435546875	1.66015625
4.874996	1.8994140625	2.333984375
4.875996	2.7783203125	3.056640625
4.876996	3.3642578125	3.2470703125
4.877996	3.1787109375	2.7490234375
4.878996	2.36328125	1.962890625
4.879996	1.5966796875	1.5380859375
4.880996	1.50390625	1.8212890625
4.881996	2.1484375	2.5830078125
4.882996	3.017578125	3.193359375
4.883996	3.3935546875	3.1689453125
4.884996	2.9736328125	2.509765625
4.885996	2.08984375	1.7626953125
4.886996	1.4697265625	1.54296875
4.887996	1.6357421875	2.021484375
4.888996	2.4365234375	2.822265625
4.889996	3.212890625	3.26171875
4.890996	3.33984375	3.0029296875
4.891996	2.7099609375	2.255859375
4.892996	1.8359375	1.62109375
4.893996	1.4404296875	1.6357421875
4.894996	1.8408203125	2.275390625
4.895996	2.71484375	3.02734375
4.896996	3.33984375	3.2666015625
4.897996	3.2080078125	2.79296875
4.898996	2.4169921875	2.001953125
4.9	1.6162109375	1.54296875
4.901	1.4794921875	1.7919921875
4.902	2.1044921875	2.5439453125
4.903	2.98828125	3.1787109375
4.904	3.388671875	3.1787109375
4.905	2.998046875	2.5390625
4.906	2.119140625	1.787109375
4.907	1.4892578125	1.5478515625
4.908	1.62109375	2.0068359375
4.909	2.40234375	2.802734375
4.91	3.2080078125	3.26171875
4.911	3.349609375	3.017578125
4.911996	2.7197265625	2.265625
4.912996	1.845703125	1.6259765625
4.913996	1.4453125	1.6259765625
4.914996	1.8359375	2.2607421875
4.915996	2.7197265625	3.017578125
4.916996	3.3447265625	3.2666015625
4.917996	3.203125	2.7978515625
4.918996	2.412109375	2.001953125
4.919996	1.62109375	1.54296875
4.920996	1.484375	1.796875
4.921996	2.1240234375	2.5537109375
4.922996	2.9931640625	3.1787109375
4.923996	3.3935546875	3.1689453125
4.924996	2.978515625	2.51953125
4.925996	2.099609375	1.767578125
4.926996	1.4697265625	1.54296875
4.927996	1.640625	2.021484375
4.928996	2.451171875	2.8271484375
4.929996	3.2275390625	3.2666015625
4.930996	3.330078125	2.998046875
4.931996	2.6806640625	2.2314453125
4.932996	1.8115234375	1.6064453125
4.933996	1.435546875	1.640625
4.934996	1.8701171875	2.3046875
4.935996	2.7734375	3.0615234375
4.936996	3.3642578125	3.251953125
4.937996	3.1640625	2.7490234375
4.938996	2.3486328125	1.953125
4.939996	1.591796875	1.533203125
4.940996	1.5087890625	1.8359375
4.942008	2.197265625	2.6171875
4.943	3.0712890625	3.212890625
4.944	3.3837890625	3.134765625
4.945	2.900390625	2.451171875
4.946	2.0068359375	1.7236328125
4.947	1.4599609375	1.5625
4.948	1.69921875	2.1142578125
4.949	2.5439453125	2.8955078125
4.95	3.28125	3.28125
4.951	3.2958984375	2.9248046875
4.952	2.578125	2.138671875
4.953	1.7236328125	1.5771484375
4.953996	1.455078125	1.69921875
4.954996	1.982421875	2.4072265625
4.955996	2.87109375	3.115234375
4.956996	3.3837890625	3.22265625
4.957996	3.0908203125	2.6416015625
4.958996	2.2314453125	1.8603515625
4.959996	1.5283203125	1.533203125
4.960996	1.5771484375	1.93359375
4.961996	2.3193359375	2.7294921875
4.962996	3.1591796875	3.2470703125
4.963996	3.3642578125	3.06640625
4.964996	2.7734375	2.32421875
4.965996	1.884765625	1.6552734375
4.966996	1.435546875	1.611328125
4.967996	1.806640625	2.236328125
4.968996	2.6953125	3.0029296875
4.969996	3.3349609375	3.271484375
4.970996	3.2177734375	2.8076171875
4.971996	2.412109375	2.0068359375
4.972996	1.6162109375	1.54296875
4.973996	1.484375	1.796875
4.974996	2.1435546875	2.568359375
4.975996	3.02734375	3.1982421875
4.976996	3.3935546875	3.1591796875
4.977996	2.9443359375	2.4853515625
4.978996	2.05078125	1.7333984375
4.979996	1.455078125	1.5576171875
4.980996	1.669921875	2.080078125
4.981996	2.5244140625	2.880859375
4.982996	3.2666015625	3.2763671875
4.983996	3.2958984375	2.939453125
4.985	2.5830078125	2.1337890625
4.986	1.7236328125	1.5673828125
4.987	1.4453125	1.69921875
4.988	1.982421875	2.4169921875
4.989	2.8857421875	3.1298828125
4.99	3.388671875	3.22265625
4.991	3.0615234375	2.6220703125
4.992	2.197265625	1.8408203125
4.993	1.50390625	1.5380859375
4.994	1.5966796875	1.9580078125
4.995	2.3681640625	2.7587890625
4.996	3.1884765625	3.2568359375
4.996996	3.349609375	3.02734375
4.997996	2.7197265625	2.275390625
4.998996	1.8310546875	1.62109375
4.999996	1.4404296875	1.6259765625
5.000996	1.875	2.2998046875
5.001996	2.7685546875	3.046875
5.002996	3.3642578125	3.251953125
5.003996	3.1640625	2.734375
5.004996	2.3193359375	1.93359375
5.005996	1.5625	1.533203125
5.006996	1.5234375	1.8603515625
5.007996	2.24609375	2.6513671875
5.008996	3.1103515625	3.2373046875
5.009996	3.37890625	3.10546875
5.010996	2.83203125	2.373046875
5.011996	1.93359375	1.669921875
5.012996	1.435546875	1.591796875
5.013996	1.77734375	2.2021484375
5.014996	2.6611328125	2.978515625
5.015996	3.330078125	3.26171875
5.016996	3.22265625	2.822265625
5.017996	2.4267578125	2.01171875
5.018996	1.6162109375	1.5380859375
5.019996	1.4892578125	1.7822265625
5.020996	2.1533203125	2.5732421875
5.021996	3.0322265625	3.1982421875
5.022996	3.3984375	3.1494140625
5.023996	2.91015625	2.4658203125
5.024996	2.021484375	1.7236328125
5.025996	1.4501953125	1.5576171875
5.026996	1.7138671875	2.1240234375
5.028	2.5830078125	2.9296875
5.029	3.30078125	3.28125
5.03	3.2763671875	2.890625
5.031	2.5	2.0849609375
5.032	1.669921875	1.552734375
5.033	1.4697265625	1.7529296875
5.034	2.080078125	2.509765625
5.035	2.978515625	3.1787109375
5.036	3.3984375	3.18359375
5.037	2.96875	2.5244140625
5.038	2.0751953125	1.7578125
5.039	1.46484375	1.5478515625
5.039996	1.669921875	2.0654296875
5.040996	2.51953125	2.87109375
5.041996	3.26171875	3.2666015625
5.042996	3.30078125	2.9345703125
5.043996	2.55859375	2.12890625
5.044996	1.708984375	1.5576171875
5.045996	1.455078125	1.71875
5.046996	2.03125	2.4609375
5.047996	2.9443359375	3.1591796875
5.048996	3.388671875	3.203125
5.049996	3.0078125	2.5634765625
5.050996	2.119140625	1.77734375
5.051996	1.4794921875	1.5380859375
5.052996	1.6455078125	2.0361328125
5.053996	2.4853515625	2.8564453125
5.054996	3.26171875	3.2763671875
5.055996	3.310546875	2.9541015625
5.056996	2.587890625	2.1533203125
5.057996	1.71875	1.5673828125
5.058996	1.4501953125	1.7041015625
5.059996	2.01171875	2.44140625
5.060996	2.919921875	3.1396484375
5.061996	3.3984375	3.212890625
5.062996	3.017578125	2.5732421875
5.063996	2.1337890625	1.7919921875
5.064996	1.484375	1.54296875
5.065996	1.6455078125	2.0263671875
5.066996	2.4658203125	2.8369140625
5.067996	3.2421875	3.28125
5.068996	3.3056640625	2.9638671875
5.070008	2.5927734375	2.1484375
5.071	1.7236328125	1.572265625
5.072	1.455078125	1.69921875
5.073	2.0166015625	2.4365234375
5.074	2.919921875	3.1396484375
5.075	3.3935546875	3.203125
5.076	3.017578125	2.55859375
5.077	2.119140625	1.7822265625
5.078	1.474609375	1.54296875
5.079	1.650390625	2.03125
5.08	2.4951171875	2.8564453125
5.081	3.2568359375	3.271484375
5.081996	3.2958984375	2.9443359375
5.082996	2.5732421875	2.1435546875
5.083996	1.7138671875	1.5625
5.084996	1.4501953125	1.71875
5.085996	2.0361328125	2.4658203125
5.086996	2.94921875	3.154296875
5.087996	3.388671875	3.193359375
5.088996	2.98828125	2.548828125
5.089996	2.08984375	1.767578125
5.090996	1.474609375	1.5478515625
5.091996	1.669921875	2.0556640625
5.092996	2.5341796875	2.8857421875
5.093996	3.2861328125	3.28125
5.094996	3.2763671875	2.9052734375
5.095996	2.529296875	2.109375
5.096996	1.6748046875	1.5576171875
5.097996	1.4794921875	1.7431640625
5.098996	2.08984375	2.5146484375
5.099996	2.98828125	3.1787109375
5.100996	3.3935546875	3.1787109375
5.101996	2.9443359375	2.5
5.102996	2.0263671875	1.7333984375
5.103996	1.4501953125	1.5625
5.104996	1.708984375	2.119140625
5.105996	2.5927734375	2.9296875
5.106996	3.310546875	3.28125
5.107996	3.2470703125	2.8662109375
5.108996	2.4560546875	2.0458984375
5.109996	1.62109375	1.5380859375
5.110996	1.494140625	1.7822265625
5.111996	2.1630859375	2.5830078125
5.113	3.0615234375	3.212890625
5.114	3.3837890625	3.1298828125
5.115	2.8759765625	2.421875
5.116	1.953125	1.689453125
5.117	1.435546875	1.58203125
5.118	1.7822265625	2.1923828125
5.119	2.67578125	2.998046875
5.12	3.33984375	3.2763671875
5.121	3.193359375	2.783203125
5.122	2.36328125	1.9677734375
5.123	1.5771484375	1.5283203125
5.124	1.5185546875	1.8408203125
5.124996	2.255859375	2.6708984375
5.125996	3.134765625	3.2421875
5.126996	3.369140625	3.0859375
5.127996	2.7734375	2.32421875
5.128996	1.8603515625	1.6357421875
5.129996	1.4404296875	1.6162109375
5.130996	1.8701171875	2.294921875
5.131996	2.7880859375	3.06640625
5.132996	3.37890625	3.2568359375
5.133996	3.115234375	2.6904296875
5.134996	2.2412109375	1.8798828125
5.135996	1.5185546875	1.5283203125
5.136996	1.591796875	1.943359375
5.137996	2.3876953125	2.7734375
5.138996	3.2080078125	3.271484375
5.139996	3.3251953125	3.0078125
5.140996	2.6416015625	2.2021484375
5.141996	1.7578125	1.58203125
5.142996	1.455078125	1.6796875
5.143996	1.9873046875	2.421875
5.144996	2.919921875	3.14453125
5.145996	3.3984375	3.212890625
5.146996	3.0126953125	2.568359375
5.147996	2.08984375	1.77734375
5.148996	1.46484375	1.5380859375
5.149996	1.6748046875	2.0654296875
5.150996	2.5439453125	2.8955078125
5.151996	3.291015625	3.28125
5.152996	3.271484375	2.8955078125
5.153996	2.490234375	2.0751953125
5.154996	1.640625	1.54296875
5.156	1.4892578125	1.77734375
5.157	2.1484375	2.5634765625
5.158	3.056640625	3.212890625
5.159	3.3837890625	3.1396484375
5.16	2.87109375	2.4169921875
5.161	1.943359375	1.6845703125
5.162	1.4404296875	1.572265625
5.163	1.8017578125	2.216796875
5.164	2.7197265625	3.0224609375
5.165	3.3544921875	3.2763671875
5.166	3.154296875	2.75390625
5.167	2.3046875	1.9287109375
5.167996	1.5478515625	1.5283203125
5.168996	1.5576171875	1.89453125
5.169996	2.333984375	2.734375
5.170996	3.18359375	3.271484375
5.171996	3.3544921875	3.037109375
5.172996	2.685546875	2.2412109375
5.173996	1.787109375	1.5966796875
5.174996	1.435546875	1.669921875
5.175996	1.9775390625	2.3876953125
5.176996	2.8955078125	3.134765625
5.177996	3.3837890625	3.2177734375
5.178996	3.017578125	2.578125
5.179996	2.1044921875	1.77734375
5.180996	1.474609375	1.5380859375
5.181996	1.6845703125	2.0703125
5.182996	2.5537109375	2.8955078125
5.183996	3.291015625	3.28125
5.184996	3.251953125	2.8857421875
5.185996	2.4609375	2.0556640625
5.186996	1.630859375	1.5283203125
5.187996	1.484375	1.7919921875
5.188996	2.1826171875	2.5927734375
5.189996	3.0810546875	3.2275390625
5.190996	3.37890625	3.115234375
5.191996	2.8173828125	2.373046875
5.192996	1.89453125	1.6455078125
5.193996	1.4404296875	1.6064453125
5.194996	1.85546875	2.275390625
5.195996	2.783203125	3.06640625
5.196996	3.37890625	3.251953125
5.198008	3.10546875	2.685546875
5.199	2.216796875	1.8603515625
5.2	1.50390625	1.5185546875
5.201	1.6015625	1.97265625
5.202	2.4365234375	2.8125
5.203	3.2470703125	3.2763671875
5.204	3.310546875	2.9541015625
5.205	2.5732421875	2.1435546875
5.206	1.6943359375	1.5576171875
5.207	1.46484375	1.7333984375
5.208	2.0947265625	2.509765625
5.209	3.0078125	3.2177734375
5.209996	3.3984375	3.1591796875
5.210996	2.8955078125	2.451171875
5.211996	1.9677734375	1.7041015625
5.212996	1.4453125	1.5673828125
5.213996	1.787109375	2.2021484375
5.214996	2.7099609375	3.0078125
5.215996	3.3544921875	3.2666015625
5.216996	3.1640625	2.7490234375
5.217996	2.2802734375	1.904296875
5.218996	1.5234375	1.5234375
5.219996	1.5673828125	1.923828125
5.220996	2.3779296875	2.7587890625
5.221996	3.212890625	3.2666015625
5.222996	3.330078125	3.0029296875
5.223996	2.626953125	2.1875
5.224996	1.7333984375	1.5673828125
5.225996	1.4599609375	1.69921875
5.226996	2.05078125	2.4658203125
5.227996	2.9833984375	3.1787109375
5.228996	3.3935546875	3.173828125
5.229996	2.9296875	2.48046875
5.230996	2.001953125	1.708984375
5.231996	1.4453125	1.5673828125
5.232996	1.767578125	2.177734375
5.233996	2.6904296875	2.998046875
5.234996	3.3544921875	3.271484375
5.235996	3.1640625	2.763671875
5.236996	2.294921875	1.923828125
5.237996	1.54296875	1.5234375
5.238996	1.572265625	1.904296875
5.239996	2.373046875	2.7587890625
5.241	3.2177734375	3.2763671875
5.242	3.3154296875	2.98828125
5.243	2.6171875	2.177734375
5.244	1.728515625	1.5673828125
5.245	1.4599609375	1.708984375
5.246	2.0654296875	2.4755859375
5.247	2.978515625	3.18359375
5.248	3.3935546875	3.18359375
5.249	2.9052734375	2.470703125
5.25	1.9775390625	1.6943359375
5.251	1.4453125	1.572265625
5.252	1.796875	2.1923828125
5.252996	2.7197265625	3.0126953125
5.253996	3.3544921875	3.271484375
5.254996	3.1396484375	2.734375
5.255996	2.2607421875	1.89453125
5.256996	1.5185546875	1.5185546875
5.257996	1.5869140625	1.9482421875
5.258996	2.4169921875	2.79296875
5.259996	3.2373046875	3.2763671875
5.260996	3.3154296875	2.9736328125
5.261996	2.5634765625	2.1337890625
5.262996	1.6845703125	1.5478515625
5.263996	1.4697265625	1.748046875
5.264996	2.1240234375	2.5390625
5.265996	3.037109375	3.2177734375
5.266996	3.3837890625	3.14453125
5.267996	2.8466796875	2.40234375
5.268996	1.8994140625	1.66015625
5.269996	1.4306640625	1.6015625
5.270996	1.865234375	2.265625
5.271996	2.7978515625	3.0615234375
5.272996	3.3837890625	3.251953125
5.273996	3.0859375	2.65625
5.274996	2.16796875	1.8359375
5.275996	1.484375	1.5234375
5.276996	1.6455078125	2.0263671875
5.277996	2.5244140625	2.8662109375
5.278996	3.2861328125	3.28125
5.279996	3.251953125	2.8955078125
5.280996	2.451171875	2.05078125
5.281996	1.6162109375	1.5234375
5.282996	1.50390625	1.8115234375
5.284	2.2412109375	2.646484375
5.285	3.1298828125	3.2568359375
5.286	3.3642578125	3.076171875
5.287	2.7294921875	2.28515625
5.288	1.806640625	1.6015625
5.289	1.4501953125	1.650390625
5.29	1.97265625	2.392578125
5.291	2.91015625	3.1494140625
5.292	3.3935546875	3.2080078125
5.293	2.9736328125	2.529296875
5.294	2.041015625	1.7333984375
5.295	1.4501953125	1.5478515625
5.295996	1.748046875	2.1533203125
5.296996	2.6708984375	2.9833984375
5.297996	3.349609375	3.2763671875
5.298996	3.173828125	2.763671875
5.299996	2.294921875	1.9140625
5.300996	1.5380859375	1.5087890625
5.301996	1.591796875	1.9384765625
5.302996	2.4072265625	2.79296875
5.303996	3.2421875	3.2763671875
5.304996	3.3056640625	2.96875
5.305996	2.5537109375	2.12890625
5.306996	1.6748046875	1.5380859375
5.307996	1.4794921875	1.767578125
5.308996	2.1533203125	2.5634765625
5.309996	3.056640625	3.232421875
5.310996	3.37890625	3.1201171875
5.311996	2.7978515625	2.3583984375
5.312996	1.8603515625	1.630859375
5.313996	1.435546875	1.62109375
5.314996	1.923828125	2.333984375
5.315996	2.8662109375	3.1103515625
5.316996	3.3935546875	3.232421875
5.317996	3.017578125	2.5830078125
5.318996	2.080078125	1.767578125
5.319996	1.4599609375	1.54296875
5.320996	1.71875	2.1044921875
5.321996	2.6318359375	2.9638671875
5.322996	3.3349609375	3.28125
5.323996	3.1787109375	2.79296875
5.324996	2.32421875	1.93359375
5.326008	1.533203125	1.513671875
5.327	1.58203125	1.9189453125
5.328	2.392578125	2.7783203125
5.329	3.22265625	3.28125
5.33	3.3154296875	2.978515625
5.331	2.55859375	2.1337890625
5.332	1.669921875	1.54296875
5.333	1.4794921875	1.748046875
5.334	2.158203125	2.568359375
5.335	3.0712890625	3.22265625
5.336	3.37890625	3.115234375
5.337	2.7880859375	2.34375
5.337996	1.8505859375	1.6162109375
5.338996	1.4404296875	1.630859375
5.339996	1.9482421875	2.36328125
5.340996	2.8955078125	3.1298828125
5.341996	3.3935546875	3.22265625
5.342996	2.9736328125	2.548828125
5.343996	2.0458984375	1.7333984375
5.344996	1.455078125	1.5478515625
5.345996	1.7626953125	2.1435546875
5.346996	2.685546875	3.0029296875
5.347996	3.359375	3.271484375
5.348996	3.173828125	2.7392578125
5.349996	2.2607421875	1.884765625
5.350996	1.5087890625	1.5185546875
5.351996	1.62109375	1.9677734375
5.352996	2.4658203125	2.8369140625
5.353996	3.2763671875	3.28125
5.354996	3.2763671875	2.9150390625
5.355996	2.4609375	2.0556640625
5.356996	1.611328125	1.5185546875
5.357996	1.513671875	1.8115234375
5.358996	2.2607421875	2.6513671875
5.359996	3.154296875	3.251953125
5.360996	3.3544921875	3.0615234375
5.361996	2.6806640625	2.236328125
5.362996	1.7529296875	1.572265625
5.363996	1.4599609375	1.6845703125
5.364996	2.05078125	2.4658203125
5.365996	3.0029296875	3.193359375
5.366996	3.3984375	3.1640625
5.367996	2.8662109375	2.4267578125
5.369	1.9091796875	1.66015625
5.37	1.4404296875	1.5869140625
5.371	1.875	2.2802734375
5.372	2.8271484375	3.0908203125
5.373	3.388671875	3.2470703125
5.374	3.0322265625	2.607421875
5.375	2.0947265625	1.767578125
5.376	1.455078125	1.5380859375
5.377	1.71875	2.1142578125
5.378	2.63671875	2.9638671875
5.379	3.33984375	3.28125
5.38	3.1689453125	2.7783203125
5.380996	2.2900390625	1.9091796875
5.381996	1.5185546875	1.513671875
5.382996	1.6015625	1.9482421875
5.383996	2.4560546875	2.8173828125
5.384996	3.2958984375	3.2958984375
5.385996	3.2763671875	2.919921875
5.386996	2.470703125	2.0703125
5.387996	1.611328125	1.533203125
5.388996	1.5185546875	1.8115234375
5.389996	2.255859375	2.666015625
5.390996	3.1591796875	3.2568359375
5.391996	3.349609375	3.046875
5.392996	2.65625	2.2216796875
5.393996	1.7333984375	1.5625
5.394996	1.4599609375	1.7041015625
5.395996	2.0947265625	2.5048828125
5.396996	3.0322265625	3.2080078125
5.397996	3.388671875	3.154296875
5.398996	2.8271484375	2.3876953125
5.399996	1.875	1.6357421875
5.400996	1.435546875	1.6162109375
5.401996	1.93359375	2.3388671875
5.402996	2.890625	3.1298828125
5.403996	3.3935546875	3.2177734375
5.404996	2.978515625	2.5439453125
5.405996	2.0263671875	1.7236328125
5.406996	1.4453125	1.5576171875
5.407996	1.7919921875	2.1923828125
5.408996	2.734375	3.0224609375
5.409996	3.369140625	3.2666015625
5.410996	3.1005859375	2.685546875
5.412	2.177734375	1.826171875
5.413	1.4794921875	1.5185546875
5.414	1.6748046875	2.060546875
5.415	2.578125	2.919921875
5.416	3.3203125	3.291015625
5.417	3.2080078125	2.8173828125
5.418	2.3388671875	1.953125
5.419	1.5380859375	1.5185546875
5.42	1.5771484375	1.923828125
5.421	2.421875	2.7880859375
5.422	3.2421875	3.2861328125
5.423	3.2861328125	2.9443359375
5.423996	2.490234375	2.080078125
5.424996	1.62109375	1.5234375
5.425996	1.5185546875	1.806640625
5.426996	2.265625	2.6611328125
5.427996	3.154296875	3.2568359375
5.428996	3.33984375	3.0419921875
5.429996	2.6416015625	2.20703125
5.430996	1.7236328125	1.5625
5.431996	1.4501953125	1.708984375
5.432996	2.1240234375	2.5341796875
5.433996	3.06640625	3.2177734375
5.434996	3.3837890625	3.125
5.435996	2.783203125	2.3388671875
5.436996	1.8310546875	1.6064453125
5.437996	1.4404296875	1.640625
5.438996	1.9775390625	2.392578125
5.439996	2.9443359375	3.1640625
5.440996	3.3984375	3.1884765625
5.441996	2.900390625	2.4658203125
5.442996	1.943359375	1.6748046875
5.443996	1.4404296875	1.5869140625
5.444996	1.8603515625	2.265625
5.445996	2.83203125	3.095703125
5.446996	3.3935546875	3.2470703125
5.447996	3.0126953125	2.578125
5.448996	2.0703125	1.7529296875
5.449996	1.455078125	1.54296875
5.450996	1.7626953125	2.1630859375
5.451996	2.705078125	3.02734375
5.452996	3.3642578125	3.271484375
5.454008	3.1103515625	2.6904296875
5.455	2.177734375	1.8310546875
5.456	1.4794921875	1.5185546875
5.457	1.669921875	2.0361328125
5.458	2.587890625	2.919921875
5.459	3.330078125	3.291015625
5.46	3.1982421875	2.79296875
5.461	2.3046875	1.9287109375
5.462	1.5283203125	1.5087890625
5.463	1.5966796875	1.9384765625
5.464	2.4560546875	2.83203125
5.465	3.28125	3.2861328125
5.465996	3.26171875	2.890625
5.466996	2.4169921875	2.021484375
5.467996	1.5869140625	1.513671875
5.468996	1.552734375	1.865234375
5.469996	2.3486328125	2.7294921875
5.470996	3.2177734375	3.28125
5.471996	3.310546875	2.9833984375
5.472996	2.5390625	2.1142578125
5.473996	1.640625	1.5283203125
5.474996	1.4990234375	1.787109375
5.475996	2.24609375	2.646484375
5.476996	3.1494140625	3.26171875
5.477996	3.349609375	3.056640625
5.478996	2.646484375	2.216796875
5.479996	1.7138671875	1.5625
5.480996	1.46484375	1.7138671875
5.481996	2.1435546875	2.548828125
5.482996	3.0810546875	3.2373046875
5.483996	3.369140625	3.10546875
5.484996	2.7392578125	2.3046875
5.485996	1.787109375	1.5869140625
5.486996	1.4453125	1.669921875
5.487996	2.0458984375	2.4462890625
5.488996	3.0078125	3.193359375
5.489996	3.3837890625	3.154296875
5.490996	2.822265625	2.3876953125
5.491996	1.8603515625	1.6357421875
5.492996	1.4404296875	1.62109375
5.493996	1.962890625	2.3681640625
5.494996	2.9296875	3.154296875
5.495996	3.3984375	3.2080078125
5.497	2.8955078125	2.4658203125
5.498	1.93359375	1.6748046875
5.499	1.4306640625	1.5869140625
5.5	1.8896484375	2.2900390625
5.501	2.8564453125	3.1103515625
5.502	3.388671875	3.232421875
5.503	2.978515625	2.5439453125
5.504	2.0068359375	1.7236328125
5.505	1.4453125	1.5576171875
5.506	1.8115234375	2.216796875
5.507	2.7734375	3.056640625
5.508	3.37890625	3.251953125
5.508996	3.037109375	2.6171875
5.509996	2.08984375	1.767578125
5.510996	1.4599609375	1.54296875
5.511996	1.7626953125	2.1435546875
5.512996	2.7099609375	3.0126953125
5.513996	3.3642578125	3.28125
5.514996	3.095703125	2.6904296875
5.515996	2.1630859375	1.8115234375
5.516996	1.474609375	1.5234375
5.517996	1.7041015625	2.08984375
5.518996	2.6416015625	2.958984375
5.519996	3.349609375	3.28125
5.520996	3.14453125	2.744140625
5.521996	2.216796875	1.8701171875
5.522996	1.4892578125	1.5185546875
5.523996	1.6650390625	2.021484375
5.524996	2.5732421875	2.919921875
5.525996	3.3251953125	3.2861328125
5.526996	3.18359375	2.802734375
5.527996	2.28515625	1.9091796875
5.528996	1.5185546875	1.5185546875
5.529996	1.6259765625	1.982421875
5.530996	2.51953125	2.8662109375
5.531996	3.3056640625	3.2958984375
5.532996	3.22265625	2.8466796875
5.533996	2.3388671875	1.9580078125
5.534996	1.5380859375	1.513671875
5.535996	1.6015625	1.9384765625
5.536996	2.4658203125	2.822265625
5.537996	3.2763671875	3.30078125
5.538996	3.2470703125	2.8857421875
5.54	2.3828125	1.9921875
5.541	1.5625	1.5087890625
5.542	1.572265625	1.8994140625
5.543	2.421875	2.7880859375
5.544	3.251953125	3.2958984375
5.545	3.271484375	2.9248046875
5.546	2.4462890625	2.041015625
5.547	1.5771484375	1.5087890625
5.548	1.54296875	1.865234375
5.549	2.3681640625	2.75390625
5.55	3.2373046875	3.291015625
5.551	3.2861328125	2.9443359375
5.551996	2.4853515625	2.0703125
5.552996	1.6064453125	1.513671875
5.553996	1.5380859375	1.8359375
5.554996	2.3291015625	2.71484375
5.555996	3.22265625	3.2861328125
5.556996	3.3056640625	2.9833984375
5.557996	2.51953125	2.1044921875
5.558996	1.6259765625	1.5234375
5.559996	1.5234375	1.8115234375
5.560996	2.3046875	2.685546875
5.561996	3.1982421875	3.271484375
5.562996	3.3203125	3.0078125
5.563996	2.548828125	2.1240234375
5.564996	1.640625	1.533203125
5.565996	1.50390625	1.796875
5.566996	2.275390625	2.666015625
5.567996	3.1787109375	3.2666015625
5.568996	3.330078125	3.0126953125
5.569996	2.568359375	2.1533203125
5.570996	1.650390625	1.5283203125
5.571996	1.494140625	1.7724609375
5.572996	2.2509765625	2.6416015625
5.573996	3.1689453125	3.2666015625
5.574996	3.3251953125	3.0322265625
5.575996	2.587890625	2.1630859375
5.576996	1.669921875	1.5380859375
5.577996	1.494140625	1.7626953125
5.578996	2.236328125	2.6318359375
5.579996	3.1494140625	3.271484375
5.580996	3.3447265625	3.0419921875
5.582008	2.59765625	2.177734375
5.583	1.6796875	1.54296875
5.584	1.494140625	1.7578125
5.585	2.2265625	2.6171875
5.586	3.125	3.26171875
5.587	3.33984375	3.0517578125
5.588	2.6123046875	2.1826171875
5.589	1.6796875	1.54296875
5.59	1.4892578125	1.7578125
5.591	2.2119140625	2.6220703125
5.592	3.1494140625	3.2666015625
5.593	3.3349609375	3.0517578125
5.593996	2.6171875	2.1923828125
5.594996	1.689453125	1.552734375
5.595996	1.4794921875	1.7529296875
5.596996	2.216796875	2.6123046875
5.597996	3.14453125	3.2568359375
5.598996	3.3447265625	3.0517578125
5.599996	2.6171875	2.1923828125
5.600996	1.6796875	1.5478515625
5.601996	1.484375	1.7578125
5.602996	2.2021484375	2.6171875
5.603996	3.14453125	3.2666015625
5.604996	3.3447265625	3.046875
5.605996	2.6123046875	2.1875
5.606996	1.669921875	1.5380859375
5.607996	1.494140625	1.7626953125
5.608996	2.2265625	2.6220703125
5.609996	3.1640625	3.2666015625
5.610996	3.33984375	3.0322265625
5.611996	2.587890625	2.177734375
5.612996	1.6650390625	1.5380859375
5.613996	1.494140625	1.7724609375
5.614996	2.24609375	2.63671875
5.615996	3.1640625	3.271484375
5.616996	3.3251953125	3.0322265625
5.617996	2.5830078125	2.158203125
5.618996	1.66015625	1.533203125
5.619996	1.50390625	1.7822265625
5.620996	2.265625	2.65625
5.621996	3.18359375	3.2763671875
5.622996	3.3203125	3.0224609375
5.623996	2.5537109375	2.1337890625
5.625	1.640625	1.5234375
5.626	1.5087890625	1.8115234375
5.627	2.28515625	2.685546875
5.628	3.1982421875	3.271484375
5.629	3.310546875	2.9931640625
5.63	2.5244140625	2.109375
5.631	1.6259765625	1.513671875
5.632	1.5234375	1.81640625
5.633	2.3291015625	2.7099609375
5.634	3.22265625	3.28125
5.635	3.3056640625	2.9638671875
5.636	2.4853515625	2.08984375
5.636996	1.5966796875	1.513671875
5.637996	1.54296875	1.8359375
5.638996	2.353515625	2.744140625
5.639996	3.2373046875	3.2861328125
5.640996	3.28125	2.94921875
5.641996	2.451171875	2.0458984375
5.642996	1.5869140625	1.513671875
5.643996	1.5625	1.875
5.644996	2.40234375	2.7783203125
5.645996	3.26171875	3.30078125
5.646996	3.26171875	2.91015625
5.647996	2.4072265625	2.01171875
5.648996	1.5478515625	1.5087890625
5.649996	1.5869140625	1.9140625
5.650996	2.4462890625	2.822265625
5.651996	3.2861328125	3.30078125
5.652996	3.232421875	2.87109375
5.653996	2.353515625	1.9775390625
5.654996	1.5380859375	1.5087890625
5.655996	1.611328125	1.9384765625
5.656996	2.5048828125	2.861328125
5.657996	3.3056640625	3.2958984375
5.658996	3.203125	2.8271484375
5.659996	2.2998046875	1.9189453125
5.660996	1.5185546875	1.4990234375
5.661996	1.640625	1.9873046875
5.662996	2.5634765625	2.9052734375
5.663996	3.3349609375	3.2958984375
5.664996	3.1689453125	2.7783203125
5.665996	2.2314453125	1.884765625
5.666996	1.484375	1.513671875
5.668	1.689453125	2.0556640625
5.669	2.626953125	2.94921875
5.67	3.3544921875	3.291015625
5.671	3.125	2.724609375
5.672	2.1728515625	1.8310546875
5.673	1.46484375	1.513671875
5.674	1.7333984375	2.099609375
5.675	2.6953125	2.9931640625
5.676	3.3740234375	3.2763671875
5.677	3.076171875	2.666015625
5.678	2.109375	1.787109375
5.679	1.455078125	1.5283203125
5.679996	1.787109375	2.16796875
5.680996	2.7685546875	3.046875
5.681996	3.3837890625	3.2666015625
5.682996	3.0078125	2.5927734375
5.683996	2.0263671875	1.7333984375
5.684996	1.4453125	1.5576171875
5.685996	1.845703125	2.2314453125
5.686996	2.83203125	3.0908203125
5.687996	3.3837890625	3.232421875
5.688996	2.9443359375	2.5244140625
5.689996	1.9580078125	1.6748046875
5.690996	1.4404296875	1.58203125
5.691996	1.9140625	2.3193359375
5.692996	2.9052734375	3.134765625
5.693996	3.3984375	3.203125
5.694996	2.87109375	2.4462890625
5.695996	1.8798828125	1.6455078125
5.696996	1.4404296875	1.6162109375
5.697996	1.9921875	2.40234375
5.698996	2.98828125	3.193359375
5.699996	3.388671875	3.1591796875
5.700996	2.7978515625	2.36328125
5.701996	1.806640625	1.5966796875
5.702996	1.455078125	1.6552734375
5.703996	2.0849609375	2.490234375
5.704996	3.06640625	3.22265625
5.705996	3.37890625	3.115234375
5.706996	2.7001953125	2.275390625
5.707996	1.7333984375	1.5673828125
5.708996	1.4697265625	1.71875
5.710008	2.1826171875	2.587890625
5.711	3.1396484375	3.26171875
5.712	3.3447265625	3.0615234375
5.713	2.6025390625	2.1826171875
5.714	1.6650390625	1.533203125
5.715	1.5087890625	1.787109375
5.716	2.28515625	2.67578125
5.717	3.1982421875	3.2861328125
5.718	3.30078125	2.98828125
5.719	2.490234375	2.0849609375
5.72	1.591796875	1.5185546875
5.721	1.5478515625	1.8603515625
5.721996	2.392578125	2.7685546875
5.722996	3.2666015625	3.2958984375
5.723996	3.2421875	2.9052734375
5.724996	2.373046875	1.9873046875
5.725996	1.5380859375	1.494140625
5.726996	1.6015625	1.9482421875
5.727996	2.509765625	2.861328125
5.728996	3.3203125	3.3056640625
5.729996	3.193359375	2.8125
5.730996	2.2607421875	1.89453125
5.731996	1.494140625	1.50390625
5.732996	1.6845703125	2.041015625
5.733996	2.63671875	2.9541015625
5.734996	3.359375	3.291015625
5.735996	3.1005859375	2.7001953125
5.736996	2.138671875	1.8017578125
5.737996	1.4599609375	1.5283203125
5.738996	1.7724609375	2.1484375
5.739996	2.7587890625	3.037109375
5.740996	3.37890625	3.251953125
5.741996	3.0078125	2.5927734375
5.742996	2.0166015625	1.7138671875
5.743996	1.4453125	1.5576171875
5.744996	1.8798828125	2.2705078125
5.745996	2.8759765625	3.115234375
5.746996	3.3837890625	3.2177734375
5.747996	2.8955078125	2.4658203125
5.748996	1.89453125	1.640625
5.749996	1.435546875	1.6064453125
5.750996	1.9921875	2.40234375
5.751996	2.998046875	3.1884765625
5.753	3.3837890625	3.1494140625
5.754	2.763671875	2.3388671875
5.755	1.77734375	1.591796875
5.756	1.455078125	1.6796875
5.757	2.12890625	2.529296875
5.758	3.1005859375	3.2373046875
5.759	3.3544921875	3.0712890625
5.76	2.6318359375	2.20703125
5.761	1.669921875	1.54296875
5.762	1.4990234375	1.767578125
5.763	2.2705078125	2.666015625
5.764	3.193359375	3.2861328125
5.764996	3.3056640625	2.98828125
5.765996	2.4853515625	2.0751953125
5.766996	1.5966796875	1.5087890625
5.767996	1.5673828125	1.875
5.768996	2.431640625	2.7978515625
5.769996	3.28125	3.2958984375
5.770996	3.2275390625	2.8662109375
5.771996	2.32421875	1.953125
5.772996	1.5087890625	1.5087890625
5.773996	1.6455078125	1.9921875
5.774996	2.5830078125	2.919921875
5.775996	3.3447265625	3.3056640625
5.776996	3.134765625	2.734375
5.777996	2.16796875	1.826171875
5.778996	1.4599609375	1.5283203125
5.779996	1.7626953125	2.1435546875
5.780996	2.7490234375	3.0322265625
5.781996	3.3837890625	3.26171875
5.782996	3.0078125	2.5927734375
5.783996	1.9970703125	1.7236328125
5.784996	1.4404296875	1.5625
5.785996	1.89453125	2.2802734375
5.786996	2.9052734375	3.1298828125
5.787996	3.388671875	3.203125
5.788996	2.8662109375	2.4365234375
5.789996	1.85546875	1.62109375
5.790996	1.4501953125	1.6259765625
5.791996	2.05078125	2.4462890625
5.792996	3.037109375	3.22265625
5.793996	3.37890625	3.1298828125
5.794996	2.7001953125	2.2802734375
5.796	1.7138671875	1.5478515625
5.797	1.4794921875	1.728515625
5.798	2.2216796875	2.6123046875
5.799	3.173828125	3.2763671875
5.8	3.3251953125	3.0126953125
5.801	2.5146484375	2.109375
5.802	1.611328125	1.5185546875
5.803	1.5380859375	1.845703125
5.804	2.40234375	2.7734375
5.805	3.2763671875	3.3056640625
5.806	3.2373046875	2.880859375
5.807	2.333984375	1.9580078125
5.807996	1.5185546875	1.4990234375
5.808996	1.650390625	1.9970703125
5.809996	2.587890625	2.9248046875
5.810996	3.3544921875	3.2958984375
5.811996	3.1201171875	2.734375
5.812996	2.138671875	1.806640625
5.813996	1.4599609375	1.5234375
5.814996	1.787109375	2.1630859375
5.815996	2.783203125	3.0517578125
5.816996	3.388671875	3.26171875
5.817996	2.9638671875	2.5537109375
5.818996	1.953125	1.689453125
5.819996	1.42578125	1.58203125
5.820996	1.9482421875	2.34375
5.821996	2.9638671875	3.1689453125
5.822996	3.4228515625	3.18359375
5.823996	2.7880859375	2.3583984375
5.824996	1.796875	1.58203125
5.825996	1.455078125	1.6650390625
5.826996	2.12890625	2.5341796875
5.827996	3.115234375	3.2568359375
5.828996	3.3544921875	3.0712890625
5.829996	2.59765625	2.16796875
5.830996	1.6455078125	1.5185546875
5.831996	1.5185546875	1.796875
5.832996	2.34375	2.7197265625
5.833996	3.2421875	3.2958984375
5.834996	3.2666015625	2.9248046875
5.835996	2.3828125	1.9873046875
5.836996	1.5380859375	1.4990234375
5.838008	1.630859375	1.97265625
5.839	2.568359375	2.9052734375
5.84	3.3349609375	3.2958984375
5.841	3.125	2.75390625
5.842	2.158203125	1.826171875
5.843	1.455078125	1.5234375
5.844	1.7822265625	2.1630859375
5.845	2.7734375	3.0517578125
5.846	3.388671875	3.251953125
5.847	2.96875	2.55859375
5.848	1.9482421875	1.6796875
5.849	1.435546875	1.58203125
5.849996	1.9677734375	2.3681640625
5.850996	2.96875	3.18359375
5.851996	3.388671875	3.1689453125
5.852996	2.7685546875	2.34375
5.853996	1.7626953125	1.5771484375
5.854996	1.4697265625	1.6943359375
5.855996	2.16796875	2.568359375
5.856996	3.14453125	3.2666015625
5.857996	3.3251953125	3.037109375
5.858996	2.529296875	2.1240234375
5.859996	1.6162109375	1.513671875
5.860996	1.54296875	1.8505859375
5.861996	2.4072265625	2.7880859375
5.862996	3.28125	3.310546875
5.863996	3.2275390625	2.87109375
5.864996	2.2998046875	1.9287109375
5.865996	1.494140625	1.5087890625
5.866996	1.6845703125	2.041015625
5.867996	2.65625	2.9736328125
5.868996	3.3642578125	3.28125
5.869996	3.0615234375	2.6611328125
5.870996	2.060546875	1.7578125
5.871996	1.4404296875	1.54296875
5.872996	1.8701171875	2.255859375
5.873996	2.8857421875	3.125
5.874996	3.3984375	3.2177734375
5.875996	2.8466796875	2.4365234375
5.876996	1.845703125	1.6162109375
5.877996	1.4453125	1.6455078125
5.878996	2.0947265625	2.48046875
5.879996	3.0859375	3.2373046875
5.881	3.359375	3.0908203125
5.882	2.6025390625	2.1923828125
5.883	1.66015625	1.533203125
5.884	1.5185546875	1.796875
5.885	2.34375	2.71484375
5.886	3.251953125	3.30078125
5.887	3.2568359375	2.91015625
5.888	2.3583984375	1.97265625
5.889	1.513671875	1.4990234375
5.89	1.640625	1.9873046875
5.891	2.607421875	2.9296875
5.892	3.3447265625	3.291015625
5.892996	3.095703125	2.7001953125
5.893996	2.0947265625	1.787109375
5.894996	1.4501953125	1.5380859375
5.895996	1.8359375	2.2314453125
5.896996	2.8515625	3.10546875
5.897996	3.3984375	3.232421875
5.898996	2.87109375	2.451171875
5.899996	1.85546875	1.6162109375
5.900996	1.4404296875	1.6357421875
5.901996	2.0849609375	2.470703125
5.902996	3.076171875	3.2421875
5.903996	3.3544921875	3.0908203125
5.904996	2.6171875	2.2021484375
5.905996	1.66015625	1.5234375
5.906996	1.5185546875	1.8017578125
5.907996	2.353515625	2.7294921875
5.908996	3.26171875	3.3056640625
5.909996	3.2470703125	2.9052734375
5.910996	2.34375	1.962890625
5.911996	1.513671875	1.4990234375
5.912996	1.669921875	2.0166015625
5.913996	2.6318359375	2.958984375
5.914996	3.359375	3.2861328125
5.915996	3.06640625	2.67578125
5.916996	2.0654296875	1.7578125
5.917996	1.4306640625	1.5478515625
5.918996	1.875	2.275390625
5.919996	2.9052734375	3.14453125
5.920996	3.388671875	3.212890625
5.921996	2.822265625	2.4072265625
5.922996	1.8115234375	1.6015625
5.924	1.4599609375	1.6650390625
5.925	2.1435546875	2.5390625
5.926	3.134765625	3.26171875
5.927	3.3349609375	3.046875
5.928	2.5341796875	2.12890625
5.929	1.6064453125	1.5087890625
5.93	1.5576171875	1.8603515625
5.931	2.4462890625	2.8076171875
5.932	3.30078125	3.3056640625
5.933	3.1884765625	2.83203125
5.934	2.24609375	1.89453125
5.935	1.474609375	1.50390625
5.935996	1.728515625	2.1044921875
5.936996	2.7392578125	3.0322265625
5.937996	3.3837890625	3.271484375
5.938996	2.96875	2.55859375
5.939996	1.953125	1.6845703125
5.940996	1.4404296875	1.591796875
5.941996	1.9921875	2.3779296875
5.942996	3.0078125	3.1982421875
5.943996	3.3837890625	3.14453125
5.944996	2.7001953125	2.2802734375
5.945996	1.708984375	1.54296875
5.946996	1.484375	1.7431640625
5.947996	2.294921875	2.6708984375
5.948996	3.22265625	3.291015625
5.949996	3.2763671875	2.939453125
5.950996	2.3876953125	2.001953125
5.951996	1.533203125	1.494140625
5.952996	1.640625	1.9873046875
5.953996	2.607421875	2.9296875
5.954996	3.359375	3.291015625
5.955996	3.0712890625	2.6806640625
5.956996	2.0654296875	1.7578125
5.957996	1.4453125	1.5478515625
5.958996	1.875	2.2705078125
5.959996	2.9052734375	3.1396484375
5.960996	3.3935546875	3.1982421875
5.961996	2.802734375	2.3779296875
5.962996	1.7919921875	1.5869140625
5.963996	1.46484375	1.689453125
5.964996	2.1826171875	2.5732421875
5.966008	3.1689453125	3.271484375
5.967	3.3203125	3.0126953125
5.968	2.490234375	2.0849609375
5.969	1.5673828125	1.50390625
5.97	1.5869140625	1.9091796875
5.971	2.5146484375	2.861328125
5.972	3.3349609375	3.2958984375
5.973	3.14453125	2.7587890625
5.974	2.1533203125	1.81640625
5.975	1.4599609375	1.5185546875
5.976	1.8212890625	2.197265625
5.977	2.841796875	3.095703125
5.977996	3.3984375	3.2373046875
5.978996	2.8759765625	2.4560546875
5.979996	1.8505859375	1.611328125
5.980996	1.4501953125	1.6455078125
5.981996	2.1142578125	2.5048828125
5.982996	3.1201171875	3.26171875
5.983996	3.3447265625	3.056640625
5.984996	2.5390625	2.1435546875
5.985996	1.6064453125	1.5087890625
5.986996	1.552734375	1.8701171875
5.987996	2.4658203125	2.8271484375
5.988996	3.3154296875	3.310546875
5.989996	3.1689453125	2.79296875
5.990996	2.1923828125	1.8505859375
5.991996	1.46484375	1.5185546875
5.992996	1.7919921875	2.1630859375
5.993996	2.802734375	3.076171875
5.994996	3.3935546875	3.2373046875
5.995996	2.8955078125	2.48046875
5.996996	1.8701171875	1.630859375
5.997996	1.4404296875	1.6357421875
5.998996	2.099609375	2.490234375
5.999996	3.1103515625	3.2470703125
6.000996	3.33984375	3.056640625
6.001996	2.5537109375	2.1484375
6.002996	1.6064453125	1.513671875
6.003996	1.5576171875	1.85546875
6.004996	2.4609375	2.822265625
6.005996	3.3056640625	3.3056640625
6.006996	3.173828125	2.7978515625
6.007996	2.197265625	1.8505859375
6.009	1.46484375	1.5234375
6.01	1.796875	2.177734375
6.011	2.8173828125	3.0712890625
6.012	3.3935546875	3.2421875
6.013	2.8857421875	2.470703125
6.014	1.8505859375	1.62109375
6.015	1.4501953125	1.650390625
6.016	2.119140625	2.509765625
6.017	3.125	3.26171875
6.018	3.3349609375	3.046875
6.019	2.529296875	2.12890625
6.02	1.591796875	1.5087890625
6.020996	1.5771484375	1.884765625
6.021996	2.4951171875	2.8466796875
6.022996	3.3251953125	3.3056640625
6.023996	3.14453125	2.763671875
6.024996	2.1533203125	1.8115234375
6.025996	1.4453125	1.5234375
6.026996	1.8310546875	2.2119140625
6.027996	2.8564453125	3.115234375
6.028996	3.3984375	3.22265625
6.029996	2.8369140625	2.4169921875
6.030996	1.806640625	1.591796875
6.031996	1.4599609375	1.6650390625
6.032996	2.16796875	2.568359375
6.033996	3.1591796875	3.2763671875
6.034996	3.3154296875	3.0029296875
6.035996	2.4609375	2.05078125
6.036996	1.5576171875	1.494140625
6.037996	1.6162109375	1.943359375
6.038996	2.5732421875	2.9052734375
6.039996	3.349609375	3.291015625
6.040996	3.0859375	2.6904296875
6.041996	2.0703125	1.7529296875
6.042996	1.435546875	1.5478515625
6.043996	1.9091796875	2.2900390625
6.044996	2.939453125	3.1640625
6.045996	3.388671875	3.173828125
6.046996	2.744140625	2.3291015625
6.047996	1.728515625	1.552734375
6.048996	1.4892578125	1.7431640625
6.049996	2.28515625	2.6708984375
6.050996	3.22265625	3.30078125
6.052	3.2568359375	2.919921875
6.053	2.3486328125	1.97265625
6.054	1.5087890625	1.4892578125
6.055	1.689453125	2.041015625
6.056	2.6904296875	3.0029296875
6.057	3.369140625	3.2763671875
6.058	2.98828125	2.587890625
6.059	1.953125	1.6796875
6.06	1.4453125	1.5869140625
6.061	2.0263671875	2.4169921875
6.062	3.0517578125	3.2275390625
6.063	3.3642578125	3.10546875
6.063996	2.607421875	2.197265625
6.064996	1.630859375	1.513671875
6.065996	1.54296875	1.8359375
6.066996	2.44140625	2.802734375
6.067996	3.3056640625	3.3056640625
6.068996	3.173828125	2.8076171875
6.069996	2.1875	1.8408203125
6.070996	1.4599609375	1.5087890625
6.071996	1.8017578125	2.1875
6.072996	2.8466796875	3.10546875
6.073996	3.388671875	3.22265625
6.074996	2.841796875	2.4267578125
6.075996	1.806640625	1.5966796875
6.076996	1.455078125	1.669921875
6.077996	2.1875	2.5732421875
6.078996	3.1787109375	3.28125
6.079996	3.3056640625	2.98828125
6.080996	2.4267578125	2.0361328125
6.081996	1.54296875	1.4892578125
6.082996	1.6455078125	1.982421875
6.083996	2.6318359375	2.9443359375
6.084996	3.3740234375	3.291015625
6.085996	3.02734375	2.63671875
6.086996	1.9873046875	1.7041015625
6.087996	1.4404296875	1.5673828125
6.088996	1.982421875	2.3681640625
6.089996	3.0224609375	3.2080078125
6.090996	3.3740234375	3.134765625
6.091996	2.6416015625	2.2314453125
6.092996	1.66015625	1.5185546875
6.094008	1.5380859375	1.8212890625
6.095	2.4169921875	2.7783203125
6.096	3.30078125	3.3154296875
6.097	3.18359375	2.822265625
6.098	2.1923828125	1.845703125
6.099	1.455078125	1.513671875
6.1	1.8017578125	2.1923828125
6.101	2.8515625	3.10546875
6.102	3.3935546875	3.2275390625
6.103	2.822265625	2.412109375
6.104	1.7919921875	1.591796875
6.105	1.46484375	1.689453125
6.105996	2.2216796875	2.607421875
6.106996	3.1982421875	3.291015625
6.107996	3.291015625	2.96875
6.108996	2.3876953125	1.9970703125
6.109996	1.5234375	1.494140625
6.110996	1.6748046875	2.021484375
6.111996	2.6806640625	2.9833984375
6.112996	3.37890625	3.2861328125
6.113996	2.98828125	2.5830078125
6.114996	1.9384765625	1.6748046875
6.115996	1.4404296875	1.6064453125
6.116996	2.05078125	2.431640625
6.117996	3.0859375	3.2421875
6.118996	3.3544921875	3.0859375
6.119996	2.55859375	2.1533203125
6.120996	1.5966796875	1.5087890625
6.121996	1.572265625	1.8798828125
6.122996	2.5146484375	2.8564453125
6.123996	3.33984375	3.310546875
6.124996	3.115234375	2.7294921875
6.125996	2.0849609375	1.767578125
6.126996	1.4453125	1.54296875
6.127996	1.9091796875	2.28515625
6.128996	2.958984375	3.173828125
6.129996	3.388671875	3.1640625
6.130996	2.7099609375	2.294921875
6.131996	1.6943359375	1.5576171875
6.132996	1.50390625	1.767578125
6.133996	2.353515625	2.7294921875
6.134996	3.2763671875	3.30078125
6.135996	3.2080078125	2.8466796875
6.137	2.2216796875	1.875
6.138	1.46484375	1.513671875
6.139	1.7919921875	2.1630859375
6.14	2.83203125	3.0859375
6.141	3.388671875	3.232421875
6.142	2.8369140625	2.421875
6.143	1.796875	1.5869140625
6.144	1.4599609375	1.6845703125
6.145	2.2216796875	2.607421875
6.146	3.2080078125	3.291015625
6.147	3.271484375	2.94921875
6.148	2.3583984375	1.97265625
6.148996	1.50390625	1.4990234375
6.149996	1.7041015625	2.0556640625
6.150996	2.724609375	3.017578125
6.151996	3.388671875	3.2763671875
6.152996	2.9345703125	2.5341796875
6.153996	1.884765625	1.640625
6.154996	1.4404296875	1.630859375
6.155996	2.109375	2.5048828125
6.156996	3.134765625	3.26171875
6.157996	3.3203125	3.02734375
6.158996	2.4658203125	2.0654296875
6.159996	1.5478515625	1.494140625
6.160996	1.630859375	1.9677734375
6.161996	2.6171875	2.939453125
6.162996	3.3740234375	3.2958984375
6.163996	3.017578125	2.6220703125
6.164996	1.9775390625	1.6943359375
6.165996	1.435546875	1.5869140625
6.166996	2.0263671875	2.4169921875
6.167996	3.0712890625	3.232421875
6.168996	3.3544921875	3.0859375
6.169996	2.55859375	2.1435546875
6.170996	1.5966796875	1.50390625
6.171996	1.58203125	1.8896484375
6.172996	2.529296875	2.8759765625
6.173996	3.3544921875	3.3056640625
6.174996	3.0810546875	2.6953125
6.175996	2.0458984375	1.73828125
6.176996	1.4453125	1.5576171875
6.177996	1.9677734375	2.3388671875
6.178996	3.0078125	3.203125
6.18	3.3740234375	3.134765625
6.181	2.6318359375	2.2216796875
6.182	1.640625	1.5185546875
6.183	1.552734375	1.8408203125
6.184	2.470703125	2.8271484375
6.185	3.3251953125	3.3056640625
6.186	3.134765625	2.75390625
6.187	2.109375	1.787109375
6.188	1.4453125	1.5380859375
6.189	1.9091796875	2.2900390625
6.19	2.958984375	3.1689453125
6.191	3.37890625	3.1591796875
6.191996	2.685546875	2.2705078125
6.192996	1.6650390625	1.5283203125
6.193996	1.5283203125	1.8017578125
6.194996	2.4169921875	2.7783203125
6.195996	3.3056640625	3.310546875
6.196996	3.1494140625	2.79296875
6.197996	2.1533203125	1.8212890625
6.198996	1.4453125	1.5234375
6.199996	1.8701171875	2.2509765625
6.200996	2.9296875	3.1591796875
6.201996	3.388671875	3.18359375
6.202996	2.7197265625	2.3046875
6.203996	1.689453125	1.54296875
6.204996	1.5087890625	1.7724609375
6.205996	2.3828125	2.744140625
6.206996	3.2861328125	3.3056640625
6.207996	3.173828125	2.8125
6.208996	2.1728515625	1.8359375
6.209996	1.4453125	1.513671875
6.210996	1.8505859375	2.2265625
6.211996	2.91015625	3.14453125
6.212996	3.388671875	3.193359375
6.213996	2.734375	2.3193359375
6.214996	1.7138671875	1.54296875
6.215996	1.50390625	1.7724609375
6.216996	2.36328125	2.7294921875
6.217996	3.28125	3.310546875
6.218996	3.1884765625	2.822265625
6.219996	2.1826171875	1.845703125
6.220996	1.455078125	1.5087890625
6.222008	1.845703125	2.2216796875
6.223	2.9150390625	3.14453125
6.224	3.3837890625	3.1884765625
6.225	2.7392578125	2.32421875
6.226	1.69921875	1.54296875
6.227	1.4990234375	1.77734375
6.228	2.3681640625	2.744140625
6.229	3.291015625	3.3154296875
6.23	3.173828125	2.822265625
6.231	2.177734375	1.8408203125
6.232	1.4453125	1.5185546875
6.233	1.845703125	2.2314453125
6.233996	2.9248046875	3.1494140625
6.234996	3.388671875	3.1884765625
6.235996	2.724609375	2.3095703125
6.236996	1.6943359375	1.54296875
6.237996	1.513671875	1.77734375
6.238996	2.392578125	2.763671875
6.239996	3.30078125	3.30078125
6.240996	3.1689453125	2.7978515625
6.241996	2.1435546875	1.81640625
6.242996	1.455078125	1.5185546875
6.243996	1.8896484375	2.2607421875
6.244996	2.9443359375	3.154296875
6.245996	3.3837890625	3.1689453125
6.246996	2.6904296875	2.275390625
6.247996	1.6650390625	1.5185546875
6.248996	1.533203125	1.8115234375
6.249996	2.4365234375	2.79296875
6.250996	3.3203125	3.310546875
6.251996	3.1396484375	2.7685546875
6.252996	2.109375	1.7822265625
6.253996	1.4404296875	1.54296875
6.254996	1.923828125	2.2998046875
6.255996	2.9833984375	3.193359375
6.256996	3.37890625	3.1494140625
6.257996	2.63671875	2.2314453125
6.258996	1.6357421875	1.513671875
6.259996	1.5576171875	1.845703125
6.260996	2.5	2.841796875
6.261996	3.33984375	3.310546875
6.262996	3.095703125	2.705078125
6.263996	2.0556640625	1.748046875
6.265	1.4404296875	1.5625
6.266	1.9873046875	2.3779296875
6.267	3.037109375	3.22265625
6.268	3.359375	3.1103515625
6.269	2.5634765625	2.1533203125
6.27	1.591796875	1.50390625
6.271	1.5966796875	1.904296875
6.272	2.578125	2.9052734375
6.273	3.359375	3.2958984375
6.274	3.037109375	2.6416015625
6.275	1.9677734375	1.6943359375
6.276	1.4306640625	1.5966796875
6.276996	2.060546875	2.44140625
6.277996	3.10546875	3.2568359375
6.278996	3.330078125	3.0419921875
6.279996	2.470703125	2.080078125
6.280996	1.5478515625	1.4892578125
6.281996	1.650390625	1.9775390625
6.282996	2.65625	2.9638671875
6.283996	3.388671875	3.291015625
6.284996	2.958984375	2.548828125
6.285996	1.8896484375	1.6357421875
6.286996	1.4453125	1.6357421875
6.287996	2.158203125	2.5341796875
6.288996	3.173828125	3.2763671875
6.289996	3.291015625	2.978515625
6.290996	2.36328125	1.9970703125
6.291996	1.5087890625	1.4892578125
6.292996	1.7236328125	2.080078125
6.293996	2.7734375	3.0517578125
6.294996	3.3935546875	3.2568359375
6.295996	2.8564453125	2.4462890625
6.296996	1.787109375	1.591796875
6.297996	1.474609375	1.6943359375
6.298996	2.275390625	2.6416015625
6.299996	3.2470703125	3.3056640625
6.300996	3.2275390625	2.8857421875
6.301996	2.2412109375	1.8896484375
6.302996	1.46484375	1.4990234375
6.303996	1.8212890625	2.1875
6.304996	2.890625	3.1298828125
6.305996	3.3837890625	3.1982421875
6.306996	2.724609375	2.3095703125
6.308	1.6796875	1.533203125
6.309	1.513671875	1.787109375
6.31	2.412109375	2.7734375
6.311	3.310546875	3.3154296875
6.312	3.134765625	2.7734375
6.313	2.1044921875	1.7822265625
6.314	1.4404296875	1.54296875
6.315	1.9384765625	2.3291015625
6.316	3.0126953125	3.203125
6.317	3.369140625	3.1201171875
6.318	2.5830078125	2.1826171875
6.319	1.6015625	1.50390625
6.319996	1.591796875	1.8994140625
6.320996	2.568359375	2.91015625
6.321996	3.359375	3.310546875
6.322996	3.02734375	2.6318359375
6.323996	1.9482421875	1.6748046875
6.324996	1.4404296875	1.6015625
6.325996	2.0947265625	2.4755859375
6.326996	3.1298828125	3.271484375
6.327996	3.3154296875	3.0224609375
6.328996	2.4072265625	2.021484375
6.329996	1.513671875	1.4892578125
6.330996	1.6943359375	2.03125
6.331996	2.744140625	3.0224609375
6.332996	3.3984375	3.2666015625
6.333996	2.8662109375	2.470703125
6.334996	1.806640625	1.5966796875
6.335996	1.46484375	1.6943359375
6.336996	2.275390625	2.646484375
6.337996	3.2421875	3.30078125
6.338996	3.22265625	2.87109375
6.339996	2.2216796875	1.8798828125
6.340996	1.46484375	1.5087890625
6.341996	1.8359375	2.20703125
6.342996	2.919921875	3.1494140625
6.343996	3.3935546875	3.1884765625
6.344996	2.6953125	2.2802734375
6.345996	1.6650390625	1.5283203125
6.346996	1.54296875	1.8212890625
6.347996	2.4755859375	2.8271484375
6.348996	3.3349609375	3.3154296875
6.350008	3.0859375	2.6953125
6.351	2.0263671875	1.728515625
6.352	1.4306640625	1.5625
6.353	2.021484375	2.40234375
6.354	3.0810546875	3.2421875
6.355	3.3349609375	3.06640625
6.356	2.4755859375	2.080078125
6.357	1.5380859375	1.494140625
6.358	1.6650390625	1.9921875
6.359	2.6904296875	2.9833984375
6.36	3.3837890625	3.2763671875
6.361	2.9150390625	2.5146484375
6.361996	1.8359375	1.611328125
6.362996	1.46484375	1.669921875
6.363996	2.236328125	2.6220703125
6.364996	3.232421875	3.30078125
6.365996	3.232421875	2.900390625
6.366996	2.2509765625	1.8896484375
6.367996	1.46484375	1.50390625
6.368996	1.8212890625	2.197265625
6.369996	2.9052734375	3.14453125
6.370996	3.3935546875	3.193359375
6.371996	2.6953125	2.2802734375
6.372996	1.6552734375	1.5234375
6.373996	1.54296875	1.8212890625
6.374996	2.4853515625	2.8271484375
6.375996	3.33984375	3.3056640625
6.376996	3.0712890625	2.6953125
6.377996	2.021484375	1.7236328125
6.378996	1.4404296875	1.572265625
6.379996	2.05078125	2.431640625
6.380996	3.1103515625	3.251953125
6.381996	3.3203125	3.046875
6.382996	2.44140625	2.05078125
6.383996	1.5283203125	1.494140625
6.384996	1.689453125	2.0361328125
6.385996	2.734375	3.02734375
6.386996	3.3935546875	3.26171875
6.387996	2.8564453125	2.4462890625
6.388996	1.7822265625	1.5869140625
6.389996	1.4794921875	1.7041015625
6.390996	2.3095703125	2.685546875
6.391996	3.271484375	3.3203125
6.393	3.173828125	2.8271484375
6.394	2.158203125	1.826171875
6.395	1.4501953125	1.5234375
6.396	1.904296875	2.28515625
6.397	2.9931640625	3.193359375
6.398	3.369140625	3.1396484375
6.399	2.5927734375	2.1728515625
6.4	1.5966796875	1.494140625
6.401	1.6015625	1.904296875
6.402	2.6123046875	2.9296875
6.403	3.37890625	3.30078125
6.404	2.978515625	2.578125
6.404996	1.89453125	1.6455078125
6.405996	1.4501953125	1.630859375
6.406996	2.1826171875	2.55859375
6.407996	3.203125	3.291015625
6.408996	3.26171875	2.939453125
6.409996	2.2900390625	1.923828125
6.410996	1.4697265625	1.50390625
6.411996	1.806640625	2.16796875
6.412996	2.8955078125	3.134765625
6.413996	3.3837890625	3.193359375
6.414996	2.705078125	2.294921875
6.415996	1.66015625	1.5283203125
6.416996	1.552734375	1.8310546875
6.417996	2.4951171875	2.841796875
6.418996	3.33984375	3.310546875
6.419996	3.056640625	2.67578125
6.420996	1.982421875	1.69921875
6.421996	1.435546875	1.5869140625
6.422996	2.0947265625	2.470703125
6.423996	3.1396484375	3.271484375
6.424996	3.3056640625	2.998046875
6.425996	2.373046875	1.9921875
6.426996	1.4990234375	1.494140625
6.427996	1.748046875	2.0947265625
6.428996	2.8125	3.076171875
6.429996	3.3935546875	3.2275390625
6.430996	2.763671875	2.3583984375
6.431996	1.69921875	1.54296875
6.432996	1.513671875	1.7724609375
6.433996	2.431640625	2.783203125
6.434996	3.330078125	3.3154296875
6.436	3.0908203125	2.7197265625
6.437	2.041015625	1.7333984375
6.438	1.435546875	1.5673828125
6.439	2.0361328125	2.4169921875
6.44	3.10546875	3.251953125
6.441	3.3251953125	3.037109375
6.442	2.4267578125	2.0361328125
6.443	1.5185546875	1.484375
6.444	1.71875	2.060546875
6.445	2.7880859375	3.0615234375
6.446	3.3984375	3.2470703125
6.447	2.802734375	2.40234375
6.447996	1.728515625	1.5576171875
6.448996	1.50390625	1.748046875
6.449996	2.3974609375	2.75390625
6.450996	3.3154296875	3.3203125
6.451996	3.125	2.75390625
6.452996	2.060546875	1.7578125
6.453996	1.4404296875	1.552734375
6.454996	2.0263671875	2.4072265625
6.455996	3.1005859375	3.2470703125
6.456996	3.330078125	3.046875
6.457996	2.431640625	2.0458984375
6.458996	1.5185546875	1.484375
6.459996	1.708984375	2.0556640625
6.460996	2.7783203125	3.056640625
6.461996	3.388671875	3.2421875
6.462996	2.802734375	2.3974609375
6.463996	1.728515625	1.5625
6.464996	1.513671875	1.7626953125
6.465996	2.4072265625	2.763671875
6.466996	3.3154296875	3.3154296875
6.467996	3.115234375	2.734375
6.468996	2.05078125	1.7333984375
6.469996	1.4306640625	1.5673828125
6.470996	2.0361328125	2.4267578125
6.471996	3.115234375	3.2568359375
6.472996	3.310546875	3.02734375
6.473996	2.4072265625	2.0263671875
6.474996	1.50390625	1.4892578125
6.475996	1.7333984375	2.080078125
6.476996	2.8076171875	3.0810546875
6.478008	3.388671875	3.232421875
6.479	2.75390625	2.3486328125
6.48	1.69921875	1.5380859375
6.481	1.5234375	1.787109375
6.482	2.4609375	2.8125
6.483	3.33984375	3.3154296875
6.484	3.076171875	2.6904296875
6.485	1.9873046875	1.708984375
6.486	1.4306640625	1.58203125
6.487	2.08984375	2.48046875
6.488	3.154296875	3.2763671875
6.489	3.2861328125	2.98828125
6.489996	2.333984375	1.9677734375
6.490996	1.4794921875	1.484375
6.491996	1.787109375	2.1435546875
6.492996	2.8759765625	3.125
6.493996	3.3935546875	3.203125
6.494996	2.6904296875	2.28515625
6.495996	1.6455078125	1.513671875
6.496996	1.552734375	1.8408203125
6.497996	2.5390625	2.87109375
6.498996	3.369140625	3.310546875
6.499996	3.0029296875	2.6123046875
6.500996	1.9091796875	1.6552734375
6.501996	1.4453125	1.6259765625
6.502996	2.1875	2.568359375
6.503996	3.2177734375	3.2958984375
6.504996	3.2373046875	2.91015625
6.505996	2.236328125	1.884765625
6.506996	1.4501953125	1.5087890625
6.507996	1.865234375	2.2412109375
6.508996	2.9736328125	3.18359375
6.509996	3.3740234375	3.1396484375
6.510996	2.6123046875	2.1826171875
6.511996	1.5869140625	1.4892578125
6.512996	1.630859375	1.9384765625
6.513996	2.6611328125	2.9736328125
6.514996	3.3837890625	3.2763671875
6.515996	2.8955078125	2.5048828125
6.516996	1.806640625	1.5869140625
6.517996	1.4794921875	1.689453125
6.518996	2.32421875	2.6953125
6.519996	3.291015625	3.3251953125
6.521	3.14453125	2.79296875
6.522	2.08984375	1.7724609375
6.523	1.4404296875	1.54296875
6.524	1.9970703125	2.3779296875
6.525	3.0908203125	3.2421875
6.526	3.3251953125	3.0517578125
6.527	2.421875	2.0361328125
6.528	1.5087890625	1.484375
6.529	1.7333984375	2.0703125
6.53	2.8173828125	3.0859375
6.531	3.3935546875	3.2275390625
6.532	2.7392578125	2.34375
6.532996	1.6845703125	1.533203125
6.533996	1.54296875	1.81640625
6.534996	2.490234375	2.841796875
6.535996	3.349609375	3.3154296875
6.536996	3.02734375	2.6416015625
6.537996	1.93359375	1.6748046875
6.538996	1.4404296875	1.611328125
6.539996	2.177734375	2.548828125
6.540996	3.212890625	3.2958984375
6.541996	3.2421875	2.9150390625
6.542996	2.236328125	1.8896484375
6.543996	1.455078125	1.5185546875
6.544996	1.8798828125	2.255859375
6.545996	2.98828125	3.1884765625
6.546996	3.3544921875	3.1298828125
6.547996	2.5537109375	2.1533203125
6.548996	1.5625	1.4990234375
6.549996	1.650390625	1.9775390625
6.550996	2.7099609375	3.0029296875
6.551996	3.3837890625	3.271484375
6.552996	2.841796875	2.4462890625
6.553996	1.7578125	1.5673828125
6.554996	1.494140625	1.7431640625
6.555996	2.3974609375	2.75390625
6.556996	3.3154296875	3.3154296875
6.557996	3.10546875	2.724609375
6.558996	2.0166015625	1.71875
6.559996	1.435546875	1.5771484375
6.560996	2.0947265625	2.48046875
6.561996	3.1640625	3.271484375
6.562996	3.271484375	2.96875
6.564	2.3046875	1.93359375
6.565	1.4697265625	1.4892578125
6.566	1.8310546875	2.1923828125
6.567	2.9345703125	3.154296875
6.568	3.3740234375	3.1640625
6.569	2.6123046875	2.20703125
6.57	1.5966796875	1.494140625
6.571	1.6162109375	1.9287109375
6.572	2.6611328125	2.96875
6.573	3.37890625	3.28125
6.574	2.8857421875	2.490234375
6.575	1.7919921875	1.5869140625
6.575996	1.484375	1.708984375
6.576996	2.353515625	2.724609375
6.577996	3.310546875	3.3251953125
6.578996	3.1201171875	2.7490234375
6.579996	2.03125	1.7431640625
6.580996	1.4404296875	1.5673828125
6.581996	2.0751953125	2.4560546875
6.582996	3.14453125	3.28125
6.583996	3.291015625	2.9833984375
6.584996	2.32421875	1.953125
6.585996	1.4697265625	1.494140625
6.586996	1.8310546875	2.1923828125
6.587996	2.9296875	3.1640625
6.588996	3.37890625	3.1689453125
6.589996	2.6025390625	2.197265625
6.590996	1.58203125	1.4990234375
6.591996	1.630859375	1.943359375
6.592996	2.6708984375	2.9833984375
6.593996	3.388671875	3.2763671875
6.594996	2.87109375	2.4658203125
6.595996	1.767578125	1.58203125
6.596996	1.4990234375	1.7431640625
6.597996	2.3974609375	2.7490234375
6.598996	3.3251953125	3.3251953125
6.599996	3.0908203125	2.71484375
6.600996	2.001953125	1.7138671875
6.601996	1.4306640625	1.5869140625
6.602996	2.119140625	2.5
6.603996	3.173828125	3.2958984375
6.604996	3.2568359375	2.94921875
6.606008	2.24609375	1.89453125
6.607	1.4599609375	1.50390625
6.608	1.8798828125	2.24609375
6.609	2.9833984375	3.1982421875
6.61	3.3642578125	3.1298828125
6.611	2.529296875	2.12890625
6.612	1.552734375	1.484375
6.613	1.6748046875	2.0166015625
6.614	2.7490234375	3.02734375
6.615	3.3984375	3.251953125
6.616	2.783203125	2.3779296875
6.617	1.7041015625	1.5380859375
6.617996	1.533203125	1.796875
6.618996	2.4951171875	2.841796875
6.619996	3.359375	3.3056640625
6.620996	3.0126953125	2.6220703125
6.621996	1.9091796875	1.650390625
6.622996	1.4501953125	1.6357421875
6.623996	2.2314453125	2.6025390625
6.624996	3.251953125	3.310546875
6.625996	3.1982421875	2.8466796875
6.626996	2.1484375	1.8115234375
6.627996	1.435546875	1.5234375
6.628996	1.9921875	2.3681640625
6.629996	3.0908203125	3.2470703125
6.630996	3.3154296875	3.0322265625
6.631996	2.392578125	2.0166015625
6.632996	1.484375	1.484375
6.633996	1.77734375	2.138671875
6.634996	2.8857421875	3.1396484375
6.635996	3.37890625	3.1884765625
6.636996	2.646484375	2.236328125
6.637996	1.6064453125	1.50390625
6.638996	1.6162109375	1.9140625
6.639996	2.6513671875	2.9638671875
6.640996	3.3935546875	3.28125
6.641996	2.8662109375	2.4658203125
6.642996	1.7626953125	1.5673828125
6.643996	1.4990234375	1.73828125
6.644996	2.412109375	2.763671875
6.645996	3.3251953125	3.3251953125
6.646996	3.076171875	2.6953125
6.647996	1.962890625	1.689453125
6.649	1.4404296875	1.6162109375
6.65	2.1826171875	2.55859375
6.651	3.22265625	3.3056640625
6.652	3.2177734375	2.8955078125
6.653	2.1923828125	1.845703125
6.654	1.455078125	1.5234375
6.655	1.962890625	2.333984375
6.656	3.056640625	3.2373046875
6.657	3.330078125	3.0712890625
6.658	2.4169921875	2.0458984375
6.659	1.50390625	1.484375
6.66	1.767578125	2.1142578125
6.660996	2.8662109375	3.1201171875
6.661996	3.388671875	3.1982421875
6.662996	2.65625	2.255859375
6.663996	1.6064453125	1.4990234375
6.664996	1.6064453125	1.9140625
6.665996	2.65625	2.96875
6.666996	3.3837890625	3.28125
6.667996	2.8662109375	2.4658203125
6.668996	1.7626953125	1.5576171875
6.669996	1.4990234375	1.7529296875
6.670996	2.4365234375	2.79296875
6.671996	3.330078125	3.3154296875
6.672996	3.046875	2.6611328125
6.673996	1.9384765625	1.669921875
6.674996	1.4501953125	1.630859375
6.675996	2.2119140625	2.5830078125
6.676996	3.2470703125	3.310546875
6.677996	3.193359375	2.861328125
6.678996	2.1337890625	1.8115234375
6.679996	1.4404296875	1.5380859375
6.680996	2.01171875	2.3828125
6.681996	3.1103515625	3.251953125
6.682996	3.30078125	3.0224609375
6.683996	2.353515625	1.9775390625
6.684996	1.4697265625	1.4892578125
6.685996	1.826171875	2.1875
6.686996	2.939453125	3.1689453125
6.687996	3.3740234375	3.14453125
6.688996	2.55859375	2.16796875
6.689996	1.5625	1.484375
6.690996	1.6748046875	1.9970703125
6.692	2.763671875	3.0419921875
6.693	3.3984375	3.2421875
6.694	2.763671875	2.353515625
6.695	1.6796875	1.5234375
6.696	1.5478515625	1.826171875
6.697	2.5537109375	2.8759765625
6.698	3.3740234375	3.3056640625
6.699	2.94921875	2.548828125
6.7	1.826171875	1.5966796875
6.701	1.474609375	1.69921875
6.702	2.353515625	2.7197265625
6.703	3.3154296875	3.3203125
6.703996	3.095703125	2.734375
6.704996	1.9921875	1.708984375
6.705996	1.435546875	1.5869140625
6.706996	2.1484375	2.5244140625
6.707996	3.212890625	3.3056640625
6.708996	3.2275390625	2.8955078125
6.709996	2.1728515625	1.845703125
6.710996	1.4453125	1.5234375
6.711996	1.982421875	2.3486328125
6.712996	3.0908203125	3.2470703125
6.713996	3.3154296875	3.037109375
6.714996	2.373046875	1.9970703125
6.715996	1.484375	1.484375
6.716996	1.806640625	2.1728515625
6.717996	2.939453125	3.1640625
6.718996	3.37890625	3.154296875
6.719996	2.5634765625	2.158203125
6.720996	1.5576171875	1.494140625
6.721996	1.6796875	2.0068359375
6.722996	2.7734375	3.0517578125
6.723996	3.3935546875	3.2421875
6.724996	2.7392578125	2.3388671875
6.725996	1.6552734375	1.5234375
6.726996	1.5771484375	1.85546875
6.727996	2.59765625	2.919921875
6.728996	3.3837890625	3.30078125
6.729996	2.8955078125	2.5048828125
6.730996	1.7822265625	1.58203125
6.731996	1.4990234375	1.7333984375
6.732996	2.4072265625	2.7783203125
6.734008	3.33984375	3.3203125
6.735	3.046875	2.666015625
6.736	1.9384765625	1.6650390625
6.737	1.455078125	1.6259765625
6.738	2.2412109375	2.6123046875
6.739	3.251953125	3.3203125
6.74	3.1640625	2.8125
6.741	2.08984375	1.7724609375
6.742	1.435546875	1.552734375
6.743	2.0703125	2.451171875
6.744	3.1591796875	3.2763671875
6.745	3.26171875	2.958984375
6.745996	2.2509765625	1.89453125
6.746996	1.4501953125	1.50390625
6.747996	1.9189453125	2.2900390625
6.748996	3.0517578125	3.2275390625
6.749996	3.3349609375	3.076171875
6.750996	2.4169921875	2.041015625
6.751996	1.4990234375	1.4892578125
6.752996	1.7919921875	2.1484375
6.753996	2.91015625	3.14453125
6.754996	3.3740234375	3.1689453125
6.755996	2.5732421875	2.177734375
6.756996	1.5625	1.4892578125
6.757996	1.6796875	1.9970703125
6.758996	2.7685546875	3.046875
6.759996	3.3935546875	3.2373046875
6.760996	2.7294921875	2.3291015625
6.761996	1.650390625	1.5087890625
6.762996	1.5771484375	1.875
6.763996	2.6220703125	2.9296875
6.764996	3.388671875	3.291015625
6.765996	2.861328125	2.48046875
6.766996	1.7529296875	1.552734375
6.767996	1.5185546875	1.767578125
6.768996	2.4755859375	2.8125
6.769996	3.359375	3.3154296875
6.770996	2.998046875	2.6123046875
6.771996	1.865234375	1.62109375
6.772996	1.4697265625	1.669921875
6.773996	2.3193359375	2.685546875
6.774996	3.30078125	3.3251953125
6.775996	3.115234375	2.744140625
6.777	1.9921875	1.708984375
6.778	1.4404296875	1.611328125
6.779	2.1826171875	2.548828125
6.78	3.232421875	3.3056640625
6.781	3.203125	2.8564453125
6.782	2.1337890625	1.806640625
6.783	1.435546875	1.5478515625
6.784	2.0458984375	2.412109375
6.785	3.1396484375	3.2763671875
6.786	3.2763671875	2.9736328125
6.787	2.2607421875	1.9091796875
6.788	1.455078125	1.50390625
6.788996	1.9140625	2.2900390625
6.789996	3.056640625	3.2177734375
6.790996	3.330078125	3.0712890625
6.791996	2.40234375	2.0263671875
6.792996	1.494140625	1.484375
6.793996	1.8115234375	2.1728515625
6.794996	2.939453125	3.1689453125
6.795996	3.369140625	3.1494140625
6.796996	2.5341796875	2.1435546875
6.797996	1.54296875	1.484375
6.798996	1.7138671875	2.0458984375
6.799996	2.8369140625	3.0908203125
6.800996	3.3935546875	3.212890625
6.801996	2.65625	2.2607421875
6.802996	1.5966796875	1.4892578125
6.803996	1.630859375	1.943359375
6.804996	2.7099609375	3.0126953125
6.805996	3.3837890625	3.2568359375
6.806996	2.763671875	2.3681640625
6.807996	1.6748046875	1.5234375
6.808996	1.572265625	1.8505859375
6.809996	2.6025390625	2.919921875
6.810996	3.37890625	3.2861328125
6.811996	2.8857421875	2.490234375
6.812996	1.7578125	1.5625
6.813996	1.5087890625	1.7626953125
6.814996	2.470703125	2.8173828125
6.815996	3.3642578125	3.3251953125
6.816996	2.978515625	2.59765625
6.817996	1.845703125	1.6064453125
6.818996	1.474609375	1.6943359375
6.82	2.3681640625	2.7294921875
6.821	3.3203125	3.3251953125
6.822	3.0615234375	2.685546875
6.823	1.943359375	1.6650390625
6.824	1.455078125	1.6259765625
6.825	2.2509765625	2.626953125
6.826	3.2763671875	3.3203125
6.827	3.14453125	2.79296875
6.828	2.041015625	1.7431640625
6.829	1.435546875	1.5771484375
6.83	2.1484375	2.51953125
6.831	3.212890625	3.30078125
6.831996	3.2080078125	2.87109375
6.832996	2.138671875	1.8115234375
6.833996	1.4404296875	1.533203125
6.834996	2.0458984375	2.431640625
6.835996	3.1591796875	3.2861328125
6.836996	3.2666015625	2.94921875
6.837996	2.2314453125	1.8798828125
6.838996	1.4453125	1.5185546875
6.839996	1.962890625	2.3291015625
6.840996	3.0810546875	3.2421875
6.841996	3.3056640625	3.0224609375
6.842996	2.3291015625	1.9677734375
6.843996	1.46484375	1.4892578125
6.844996	1.8798828125	2.2412109375
6.845996	3.017578125	3.203125
6.846996	3.349609375	3.0908203125
6.847996	2.421875	2.041015625
6.848996	1.494140625	1.484375
6.849996	1.8115234375	2.158203125
6.850996	2.94921875	3.1689453125
6.851996	3.369140625	3.1396484375
6.852996	2.51953125	2.119140625
6.853996	1.5185546875	1.4794921875
6.854996	1.73828125	2.080078125
6.855996	2.861328125	3.1201171875
6.856996	3.3837890625	3.1787109375
6.857996	2.59765625	2.197265625
6.858996	1.5625	1.484375
6.859996	1.6845703125	2.01171875
6.860996	2.7978515625	3.06640625
6.862008	3.388671875	3.212890625
6.863	2.666015625	2.2607421875
6.864	1.6064453125	1.4990234375
6.865	1.62109375	1.9384765625
6.866	2.7099609375	3.0126953125
6.867	3.3935546875	3.2568359375
6.868	2.744140625	2.34375
6.869	1.650390625	1.513671875
6.87	1.58203125	1.8798828125
6.871	2.646484375	2.94921875
6.872	3.3935546875	3.2763671875
6.873	2.8173828125	2.4169921875
6.873996	1.6943359375	1.5380859375
6.874996	1.54296875	1.81640625
6.875996	2.5732421875	2.8955078125
6.876996	3.388671875	3.3056640625
6.877996	2.8857421875	2.4755859375
6.878996	1.7529296875	1.5625
6.879996	1.5234375	1.77734375
6.880996	2.5	2.841796875
6.881996	3.3740234375	3.3154296875
6.882996	2.939453125	2.5537109375
6.883996	1.806640625	1.591796875
6.884996	1.4990234375	1.7236328125
6.885996	2.4755859375	2.783203125
6.886996	3.349609375	3.3154296875
6.887996	2.9833984375	2.6025390625
6.888996	1.8505859375	1.6162109375
6.889996	1.474609375	1.6943359375
6.890996	2.3779296875	2.744140625
6.891996	3.3251953125	3.3203125
6.892996	3.0419921875	2.666015625
6.893996	1.89453125	1.6455078125
6.894996	1.46484375	1.650390625
6.895996	2.3193359375	2.6904296875
6.896996	3.3056640625	3.3203125
6.897996	3.0859375	2.71484375
6.898996	1.9384765625	1.6796875
6.899996	1.455078125	1.630859375
6.900996	2.2705078125	2.63671875
6.901996	3.2861328125	3.3251953125
6.902996	3.115234375	2.763671875
6.903996	1.9970703125	1.7041015625
6.905	1.4453125	1.611328125
6.906	2.2314453125	2.5927734375
6.907	3.2568359375	3.3203125
6.908	3.1494140625	2.79296875
6.909	2.03125	1.73828125
6.91	1.435546875	1.5771484375
6.911	2.177734375	2.5537109375
6.912	3.2421875	3.310546875
6.913	3.173828125	2.8369140625
6.914	2.0703125	1.7724609375
6.915	1.435546875	1.5576171875
6.916	2.1337890625	2.509765625
6.916996	3.22265625	3.310546875
6.917996	3.2080078125	2.8759765625
6.918996	2.109375	1.7822265625
6.919996	1.4404296875	1.552734375
6.920996	2.099609375	2.470703125
6.921996	3.1884765625	3.2958984375
6.922996	3.2275390625	2.900390625
6.923996	2.158203125	1.81640625
6.924996	1.4404296875	1.533203125
6.925996	2.060546875	2.431640625
6.926996	3.173828125	3.2958984375
6.927996	3.2470703125	2.9296875
6.928996	2.177734375	1.8408203125
6.929996	1.4404296875	1.5283203125
6.930996	2.041015625	2.4169921875
6.931996	3.1591796875	3.2861328125
6.932996	3.26171875	2.94921875
6.933996	2.2119140625	1.8701171875
6.934996	1.4404296875	1.5234375
6.935996	2.0068359375	2.3779296875
6.936996	3.1396484375	3.271484375
6.937996	3.271484375	2.958984375
6.938996	2.236328125	1.8798828125
6.939996	1.4501953125	1.513671875
6.940996	1.9921875	2.353515625
6.941996	3.125	3.2666015625
6.942996	3.2763671875	2.978515625
6.943996	2.2607421875	1.904296875
6.944996	1.4453125	1.50390625
6.945996	1.97265625	2.34375
6.946996	3.1005859375	3.26171875
6.948	3.2861328125	2.98828125
6.949	2.275390625	1.9140625
6.95	1.4501953125	1.5087890625
6.951	1.9580078125	2.3291015625
6.952	3.1005859375	3.2568359375
6.953	3.2958984375	3.0029296875
6.954	2.28515625	1.923828125
6.955	1.455078125	1.50390625
6.956	1.943359375	2.314453125
6.957	3.0908203125	3.2421875
6.958	3.2958984375	3.0224609375
6.959	2.294921875	1.9384765625
6.959996	1.4501953125	1.494140625
6.960996	1.93359375	2.3046875
6.961996	3.076171875	3.2470703125
6.962996	3.30078125	3.02734375
6.963996	2.3046875	1.93359375
6.964996	1.4501953125	1.4892578125
6.965996	1.93359375	2.3046875
6.966996	3.076171875	3.2421875
6.967996	3.3056640625	3.02734375
6.968996	2.3046875	1.9482421875
6.969996	1.455078125	1.494140625
6.970996	1.9384765625	2.2900390625
6.971996	3.0712890625	3.2373046875
6.972996	3.3056640625	3.0224609375
6.973996	2.3095703125	1.953125
6.974996	1.455078125	1.4990234375
6.975996	1.9384765625	2.2998046875
6.976996	3.0859375	3.2421875
6.977996	3.3056640625	3.0224609375
6.978996	2.2998046875	1.9384765625
6.979996	1.455078125	1.494140625
6.980996	1.943359375	2.3046875
6.981996	3.076171875	3.2470703125
6.982996	3.30078125	3.0224609375
6.983996	2.28515625	1.9287109375
6.984996	1.4453125	1.50390625
6.985996	1.943359375	2.3193359375
6.986996	3.1005859375	3.2568359375
6.987996	3.291015625	3.0029296875
6.988996	2.2802734375	1.9140625
6.990008	1.4453125	1.50390625
6.991	1.9580078125	2.34375
6.992	3.10546875	3.26171875
6.993	3.291015625	2.9931640625
6.994	2.265625	1.9091796875
6.995	1.4501953125	1.5087890625
6.996	1.982421875	2.3583984375
6.997	3.1201171875	3.2666015625
6.998	3.28125	2.98828125
6.999	2.236328125	1.8896484375
7.0	1.4453125	1.5087890625
7.001	1.9970703125	2.373046875
7.001996	3.134765625	3.2666015625
7.002996	3.2763671875	2.9638671875
7.003996	2.216796875	1.8798828125
7.004996	1.4453125	1.513671875
7.005996	2.0166015625	2.392578125
7.006996	3.1494140625	3.2763671875
7.007996	3.26171875	2.94921875
7.008996	2.1875	1.85546875
7.009996	1.4404296875	1.5185546875
7.010996	2.041015625	2.412109375
7.011996	3.1640625	3.2861328125
7.012996	3.2373046875	2.919921875
7.013996	2.158203125	1.8408203125
7.014996	1.435546875	1.5283203125
7.015996	2.0703125	2.44140625
7.016996	3.1884765625	3.2958984375
7.017996	3.2275390625	2.890625
7.018996	2.12890625	1.8115234375
7.019996	1.4306640625	1.5478515625
7.020996	2.109375	2.48046875
7.021996	3.2080078125	3.3056640625
7.022996	3.1982421875	2.861328125
7.023996	2.08984375	1.77734375
7.024996	1.435546875	1.5625
7.025996	2.1435546875	2.5146484375
7.026996	3.232421875	3.3154296875
7.027996	3.1689453125	2.8369140625
7.028996	2.060546875	1.7529296875
7.029996	1.435546875	1.5771484375
7.030996	2.1826171875	2.5537109375
7.031996	3.26171875	3.3251953125
7.033	3.14453125	2.7880859375
7.034	2.001953125	1.71875
7.035	1.4453125	1.5966796875
7.036	2.2412109375	2.5927734375
7.037	3.28125	3.3251953125
7.038	3.14453125	2.7490234375
7.039	1.9677734375	1.689453125
7.04	1.4501953125	1.6259765625
7.041	2.28515625	2.65625
7.042	3.3056640625	3.330078125
7.043	3.0810546875	2.71484375
7.044	1.923828125	1.6552734375
7.044996	1.4697265625	1.6552734375
7.045996	2.333984375	2.6953125
7.046996	3.3203125	3.330078125
7.047996	3.037109375	2.6611328125
7.048996	1.875	1.6259765625
7.049996	1.4697265625	1.6845703125
7.050996	2.3974609375	2.75390625
7.051996	3.349609375	3.3251953125
7.052996	2.9833984375	2.607421875
7.053996	1.8310546875	1.6015625
7.054996	1.4892578125	1.7236328125
7.055996	2.4609375	2.7978515625
7.056996	3.359375	3.310546875
7.057996	2.9345703125	2.5439453125
7.058996	1.7724609375	1.572265625
7.059996	1.5185546875	1.7626953125
7.060996	2.5244140625	2.861328125
7.061996	3.3837890625	3.310546875
7.062996	2.87109375	2.490234375
7.063996	1.7236328125	1.54296875
7.064996	1.5478515625	1.81640625
7.065996	2.6025390625	2.919921875
7.066996	3.37890625	3.2861328125
7.067996	2.8125	2.421875
7.068996	1.6748046875	1.5185546875
7.069996	1.5869140625	1.8701171875
7.070996	2.666015625	2.9638671875
7.071996	3.3935546875	3.2666015625
7.072996	2.744140625	2.3486328125
7.073996	1.630859375	1.4990234375
7.074996	1.630859375	1.93359375
7.076	2.75390625	3.037109375
7.077	3.3935546875	3.232421875
7.078	2.666015625	2.265625
7.079	1.591796875	1.4892578125
7.08	1.6748046875	1.9921875
7.081	2.8125	3.076171875
7.082	3.388671875	3.203125
7.083	2.5830078125	2.20703125
7.084	1.54296875	1.484375
7.085	1.7333984375	2.0654296875
7.086	2.8955078125	3.1298828125
7.087	3.369140625	3.1640625
7.087996	2.4951171875	2.109375
7.088996	1.5087890625	1.474609375
7.089996	1.8017578125	2.1435546875
7.090996	2.96875	3.18359375
7.091996	3.3544921875	3.115234375
7.092996	2.4169921875	2.041015625
7.093996	1.484375	1.484375
7.094996	1.875	2.2314453125
7.095996	3.0322265625	3.22265625
7.096996	3.3251953125	3.0517578125
7.097996	2.3193359375	1.953125
7.098996	1.4501953125	1.494140625
7.099996	1.982421875	2.32421875
7.100996	3.1103515625	3.2568359375
7.101996	3.2763671875	2.978515625
7.102996	2.216796875	1.8798828125
7.103996	1.4404296875	1.5185546875
7.104996	2.041015625	2.4072265625
7.105996	3.1787109375	3.2958984375
7.106996	3.232421875	2.91015625
7.107996	2.119140625	1.806640625
7.108996	1.4453125	1.5576171875
7.109996	2.1435546875	2.509765625
7.110996	3.232421875	3.310546875
7.111996	3.1591796875	2.822265625
7.112996	2.0263671875	1.728515625
7.113996	1.4453125	1.591796875
7.114996	2.2412109375	2.6025390625
7.115996	3.291015625	3.3251953125
7.116996	3.0908203125	2.724609375
7.118008	1.9189453125	1.6552734375
7.119	1.46484375	1.66015625
7.12	2.3486328125	2.7197265625
7.121	3.330078125	3.330078125
7.122	2.998046875	2.6318359375
7.123	1.8310546875	1.611328125
7.124	1.494140625	1.728515625
7.125	2.4658203125	2.8076171875
7.126	3.3740234375	3.3154296875
7.127	2.91015625	2.5244140625
7.128	1.748046875	1.5576171875
7.129	1.54296875	1.8017578125
7.129996	2.587890625	2.91015625
7.130996	3.3935546875	3.2958984375
7.131996	2.802734375	2.412109375
7.132996	1.66015625	1.5185546875
7.133996	1.5966796875	1.884765625
7.134996	2.7099609375	2.998046875
7.135996	3.3935546875	3.251953125
7.136996	2.6953125	2.294921875
7.137996	1.5966796875	1.494140625
7.138996	1.6796875	1.9970703125
7.139996	2.8173828125	3.0810546875
7.140996	3.388671875	3.203125
7.141996	2.5634765625	2.1728515625
7.142996	1.5283203125	1.4697265625
7.143996	1.7578125	2.1044921875
7.144996	2.9345703125	3.1494140625
7.145996	3.349609375	3.1201171875
7.146996	2.4267578125	2.0556640625
7.147996	1.484375	1.484375
7.148996	1.865234375	2.2265625
7.149996	3.037109375	3.22265625
7.150996	3.3203125	3.046875
7.151996	2.294921875	1.9384765625
7.152996	1.4501953125	1.4990234375
7.153996	1.9775390625	2.353515625
7.154996	3.1396484375	3.2666015625
7.155996	3.2470703125	2.9443359375
7.156996	2.1630859375	1.8359375
7.157996	1.4404296875	1.54296875
7.158996	2.1142578125	2.4755859375
7.159996	3.2275390625	3.30078125
7.161	3.1640625	2.8271484375
7.162	2.0166015625	1.728515625
7.163	1.435546875	1.5966796875
7.164	2.2509765625	2.6171875
7.165	3.2958984375	3.3349609375
7.166	3.076171875	2.7099609375
7.167	1.904296875	1.640625
7.168	1.474609375	1.669921875
7.169	2.3876953125	2.75390625
7.17	3.3544921875	3.3203125
7.171	2.9541015625	2.568359375
7.172	1.7919921875	1.5771484375
7.172996	1.5234375	1.7626953125
7.173996	2.548828125	2.8662109375
7.174996	3.388671875	3.3056640625
7.175996	2.8271484375	2.431640625
7.176996	1.6796875	1.513671875
7.177996	1.591796875	1.884765625
7.178996	2.705078125	2.998046875
7.179996	3.388671875	3.251953125
7.180996	2.6806640625	2.28515625
7.181996	1.58203125	1.484375
7.182996	1.6796875	2.001953125
7.183996	2.841796875	3.095703125
7.184996	3.3837890625	3.1982421875
7.185996	2.5244140625	2.1337890625
7.186996	1.5185546875	1.474609375
7.187996	1.796875	2.1533203125
7.188996	2.98828125	3.1884765625
7.189996	3.349609375	3.0810546875
7.190996	2.36328125	1.9970703125
7.191996	1.4599609375	1.494140625
7.192996	1.943359375	2.294921875
7.193996	3.10546875	3.2568359375
7.194996	3.2958984375	2.9736328125
7.195996	2.1923828125	1.8505859375
7.196996	1.4404296875	1.5283203125
7.197996	2.099609375	2.4658203125
7.198996	3.22265625	3.310546875
7.199996	3.173828125	2.841796875
7.200996	2.041015625	1.73828125
7.201996	1.4501953125	1.6015625
7.202996	2.255859375	2.6220703125
7.204	3.3056640625	3.330078125
7.205	3.056640625	2.685546875
7.206	1.884765625	1.630859375
7.207	1.4794921875	1.6845703125
7.208	2.44140625	2.7880859375
7.209	3.359375	3.3203125
7.21	2.919921875	2.5341796875
7.211	1.73828125	1.552734375
7.212	1.5380859375	1.8115234375
7.213	2.6220703125	2.9296875
7.214	3.3935546875	3.28125
7.215	2.7587890625	2.3583984375
7.215996	1.62109375	1.50390625
7.216996	1.650390625	1.9482421875
7.217996	2.79296875	3.0615234375
7.218996	3.388671875	3.212890625
7.219996	2.578125	2.1875
7.220996	1.5283203125	1.474609375
7.221996	1.7724609375	2.109375
7.222996	2.9541015625	3.1689453125
7.223996	3.3447265625	3.10546875
7.224996	2.392578125	2.0166015625
7.225996	1.4697265625	1.484375
7.226996	1.9287109375	2.294921875
7.227996	3.1005859375	3.2568359375
7.228996	3.2763671875	2.9833984375
7.229996	2.2021484375	1.8603515625
7.230996	1.4404296875	1.5283203125
7.231996	2.1044921875	2.4755859375
7.232996	3.22265625	3.310546875
7.233996	3.1640625	2.8173828125
7.234996	2.0068359375	1.7138671875
7.235996	1.4453125	1.6162109375
7.236996	2.2998046875	2.6611328125
7.237996	3.310546875	3.330078125
7.238996	3.02734375	2.6513671875
7.239996	1.8408203125	1.6064453125
7.240996	1.4892578125	1.728515625
7.241996	2.5	2.8271484375
7.242996	3.37890625	3.3154296875
7.243996	2.8515625	2.4609375
7.244996	1.689453125	1.5283203125
7.246008	1.591796875	1.8701171875
7.247	2.71484375	3.0078125
7.248	3.3935546875	3.251953125
7.249	2.6611328125	2.2607421875
7.25	1.572265625	1.484375
7.251	1.71875	2.0458984375
7.252	2.890625	3.14453125
7.253	3.3740234375	3.154296875
7.254	2.451171875	2.080078125
7.255	1.474609375	1.4794921875
7.256	1.8798828125	2.2412109375
7.257	3.06640625	3.2421875
7.257996	3.2958984375	3.0126953125
7.258996	2.2412109375	1.89453125
7.259996	1.4453125	1.513671875
7.260996	2.0703125	2.431640625
7.261996	3.203125	3.3056640625
7.262996	3.18359375	2.8564453125
7.263996	2.041015625	1.73828125
7.264996	1.4453125	1.6064453125
7.265996	2.28515625	2.6416015625
7.266996	3.3154296875	3.3447265625
7.267996	3.0322265625	2.65625
7.268996	1.845703125	1.611328125
7.269996	1.494140625	1.728515625
7.270996	2.5048828125	2.8369140625
7.271996	3.37890625	3.310546875
7.272996	2.8369140625	2.4560546875
7.273996	1.6748046875	1.5234375
7.274996	1.6015625	1.884765625
7.275996	2.7294921875	3.0126953125
7.276996	3.388671875	3.2373046875
7.277996	2.6171875	2.2265625
7.278996	1.5380859375	1.474609375
7.279996	1.748046875	2.0849609375
7.280996	2.939453125	3.1640625
7.281996	3.359375	3.1201171875
7.282996	2.3974609375	2.0263671875
7.283996	1.4697265625	1.4892578125
7.284996	1.9384765625	2.2900390625
7.285996	3.115234375	3.2763671875
7.286996	3.2666015625	2.958984375
7.287996	2.1630859375	1.8359375
7.289	1.4404296875	1.5576171875
7.29	2.158203125	2.5244140625
7.291	3.2666015625	3.3251953125
7.292	3.1201171875	2.763671875
7.293	1.943359375	1.6748046875
7.294	1.46484375	1.66015625
7.295	2.3974609375	2.7587890625
7.296	3.359375	3.3251953125
7.297	2.9345703125	2.5439453125
7.298	1.7431640625	1.552734375
7.299	1.552734375	1.8115234375
7.3	2.6318359375	2.94921875
7.300996	3.388671875	3.26171875
7.301996	2.7099609375	2.314453125
7.302996	1.591796875	1.4892578125
7.303996	1.689453125	2.01171875
7.304996	2.861328125	3.134765625
7.305996	3.3642578125	3.1591796875
7.306996	2.470703125	2.0849609375
7.307996	1.484375	1.474609375
7.308996	1.875	2.2412109375
7.309996	3.076171875	3.2421875
7.310996	3.291015625	2.998046875
7.311996	2.2119140625	1.875
7.312996	1.435546875	1.5283203125
7.313996	2.109375	2.4755859375
7.314996	3.2421875	3.3203125
7.315996	3.14453125	2.7978515625
7.316996	1.97265625	1.6943359375
7.317996	1.4599609375	1.640625
7.318996	2.3583984375	2.7197265625
7.319996	3.3447265625	3.3251953125
7.320996	2.9443359375	2.5634765625
7.321996	1.7578125	1.5625
7.322996	1.5478515625	1.8115234375
7.323996	2.6318359375	2.9345703125
7.324996	3.388671875	3.2763671875
7.325996	2.7099609375	2.314453125
7.326996	1.5966796875	1.494140625
7.327996	1.69921875	2.0166015625
7.328996	2.8759765625	3.1298828125
7.329996	3.3740234375	3.1591796875
7.330996	2.451171875	2.0703125
7.332	1.4697265625	1.484375
7.333	1.9091796875	2.265625
7.334	3.095703125	3.2568359375
7.335	3.2763671875	2.978515625
7.336	2.177734375	1.845703125
7.337	1.4404296875	1.5478515625
7.338	2.1435546875	2.5146484375
7.339	3.26171875	3.3251953125
7.34	3.1005859375	2.7490234375
7.341	1.9189453125	1.6650390625
7.342	1.46484375	1.669921875
7.343	2.421875	2.783203125
7.343996	3.369140625	3.3203125
7.344996	2.8857421875	2.5
7.345996	1.7041015625	1.533203125
7.346996	1.58203125	1.8603515625
7.347996	2.7001953125	3.0029296875
7.348996	3.3984375	3.2421875
7.349996	2.6220703125	2.2314453125
7.350996	1.5478515625	1.4794921875
7.351996	1.767578125	2.0947265625
7.352996	2.9638671875	3.173828125
7.353996	3.3447265625	3.095703125
7.354996	2.3388671875	1.97265625
7.355996	1.4453125	1.4892578125
7.356996	2.001953125	2.3681640625
7.357996	3.173828125	3.291015625
7.358996	3.212890625	2.890625
7.359996	2.0654296875	1.7626953125
7.360996	1.4453125	1.591796875
7.361996	2.2802734375	2.646484375
7.362996	3.310546875	3.330078125
7.363996	2.998046875	2.63671875
7.364996	1.8017578125	1.5869140625
7.365996	1.513671875	1.767578125
7.366996	2.578125	2.8955078125
7.367996	3.3984375	3.2861328125
7.368996	2.744140625	2.353515625
7.369996	1.6064453125	1.4892578125
7.370996	1.669921875	1.9970703125
7.371996	2.8515625	3.10546875
7.372996	3.3544921875	3.1640625
7.374008	2.44140625	2.0654296875
7.375	1.484375	1.4794921875
7.376	1.904296875	2.265625
7.377	3.10546875	3.2666015625
7.378	3.271484375	2.958984375
7.379	2.158203125	1.8310546875
7.38	1.435546875	1.552734375
7.381	2.1923828125	2.55859375
7.382	3.2861328125	3.330078125
7.383	3.06640625	2.71484375
7.384	1.875	1.6357421875
7.385	1.4892578125	1.708984375
7.385996	2.5	2.83203125
7.386996	3.3837890625	3.3056640625
7.387996	2.8173828125	2.4267578125
7.388996	1.650390625	1.5087890625
7.389996	1.6357421875	1.93359375
7.390996	2.79296875	3.06640625
7.391996	3.388671875	3.18359375
7.392996	2.5146484375	2.12890625
7.393996	1.4990234375	1.4697265625
7.394996	1.85546875	2.2119140625
7.395996	3.06640625	3.2373046875
7.396996	3.2958984375	3.0078125
7.397996	2.2021484375	1.865234375
7.398996	1.4404296875	1.5380859375
7.399996	2.1484375	2.509765625
7.400996	3.2666015625	3.330078125
7.401996	3.1005859375	2.744140625
7.402996	1.904296875	1.650390625
7.403996	1.484375	1.6943359375
7.404996	2.4755859375	2.8125
7.405996	3.3740234375	3.3154296875
7.406996	2.8271484375	2.451171875
7.407996	1.66015625	1.513671875
7.408996	1.6259765625	1.923828125
7.409996	2.7880859375	3.0615234375
7.410996	3.37890625	3.2080078125
7.411996	2.5244140625	2.1337890625
7.412996	1.494140625	1.474609375
7.413996	1.865234375	2.216796875
7.414996	3.06640625	3.2373046875
7.415996	3.28125	3.0029296875
7.417	2.177734375	1.845703125
7.418	1.435546875	1.54296875
7.419	2.1630859375	2.529296875
7.42	3.2763671875	3.3251953125
7.421	3.0908203125	2.724609375
7.422	1.8798828125	1.6259765625
7.423	1.4892578125	1.7041015625
7.424	2.4951171875	2.8369140625
7.425	3.37890625	3.310546875
7.426	2.8076171875	2.4169921875
7.427	1.640625	1.4990234375
7.428	1.6552734375	1.953125
7.428996	2.8271484375	3.0859375
7.429996	3.369140625	3.18359375
7.430996	2.470703125	2.0947265625
7.431996	1.4794921875	1.4794921875
7.432996	1.9091796875	2.255859375
7.433996	3.10546875	3.2666015625
7.434996	3.2568359375	2.9541015625
7.435996	2.1337890625	1.81640625
7.436996	1.4404296875	1.5673828125
7.437996	2.2314453125	2.587890625
7.438996	3.3056640625	3.3349609375
7.439996	3.02734375	2.6611328125
7.440996	1.8212890625	1.5966796875
7.441996	1.513671875	1.7529296875
7.442996	2.578125	2.9052734375
7.443996	3.388671875	3.2861328125
7.444996	2.7197265625	2.32421875
7.445996	1.5771484375	1.4892578125
7.446996	1.708984375	2.041015625
7.447996	2.91015625	3.1396484375
7.448996	3.359375	3.1298828125
7.449996	2.373046875	2.0068359375
7.450996	1.4501953125	1.4892578125
7.451996	2.001953125	2.3681640625
7.452996	3.18359375	3.2958984375
7.453996	3.193359375	2.861328125
7.454996	2.0166015625	1.728515625
7.455996	1.4501953125	1.6162109375
7.456996	2.34375	2.7099609375
7.457996	3.3447265625	3.330078125
7.458996	2.9296875	2.5341796875
7.46	1.71875	1.54296875
7.461	1.5771484375	1.8505859375
7.462	2.71484375	3.0078125
7.463	3.3935546875	3.232421875
7.464	2.587890625	2.1875
7.465	1.5185546875	1.4697265625
7.466	1.8212890625	2.16796875
7.467	3.037109375	3.2275390625
7.468	3.3056640625	3.017578125
7.469	2.216796875	1.875
7.47	1.42578125	1.533203125
7.471	2.1533203125	2.51953125
7.471996	3.271484375	3.330078125
7.472996	3.0810546875	2.724609375
7.473996	1.8701171875	1.630859375
7.474996	1.4892578125	1.71875
7.475996	2.529296875	2.861328125
7.476996	3.3837890625	3.30078125
7.477996	2.7685546875	2.3681640625
7.478996	1.611328125	1.494140625
7.479996	1.6845703125	2.0068359375
7.480996	2.890625	3.134765625
7.481996	3.359375	3.134765625
7.482996	2.3828125	2.021484375
7.483996	1.455078125	1.484375
7.484996	1.9921875	2.353515625
7.485996	3.1689453125	3.291015625
7.486996	3.1982421875	2.861328125
7.487996	2.021484375	1.7236328125
7.488996	1.4501953125	1.62109375
7.489996	2.3681640625	2.71484375
7.490996	3.3544921875	3.3203125
7.491996	2.900390625	2.5146484375
7.492996	1.6943359375	1.5234375
7.493996	1.591796875	1.884765625
7.494996	2.75390625	3.037109375
7.495996	3.388671875	3.2080078125
7.496996	2.5341796875	2.158203125
7.497996	1.4990234375	1.4697265625
7.498996	1.8603515625	2.216796875
7.499996	3.0859375	3.251953125
7.500996	3.271484375	2.96875
7.502008	2.1337890625	1.8115234375
7.503	1.435546875	1.572265625
7.504	2.2314453125	2.59765625
7.505	3.3154296875	3.3349609375
7.506	3.0029296875	2.6318359375
7.507	1.796875	1.58203125
7.508	1.533203125	1.7919921875
7.509	2.626953125	2.94921875
7.51	3.3984375	3.26171875
7.511	2.6416015625	2.255859375
7.512	1.54296875	1.474609375
7.513	1.77734375	2.1142578125
7.513996	3.0029296875	3.2080078125
7.514996	3.3203125	3.046875
7.515996	2.2412109375	1.8994140625
7.516996	1.435546875	1.5234375
7.517996	2.1337890625	2.5
7.518996	3.2666015625	3.330078125
7.519996	3.0712890625	2.724609375
7.520996	1.865234375	1.6259765625
7.521996	1.50390625	1.71875
7.522996	2.5390625	2.861328125
7.523996	3.3935546875	3.291015625
7.524996	2.7392578125	2.34375
7.525996	1.5869140625	1.484375
7.526996	1.7236328125	2.0458984375
7.527996	2.9345703125	3.1640625
7.528996	3.3447265625	3.1005859375
7.529996	2.3291015625	1.9677734375
7.530996	1.455078125	1.50390625
7.531996	2.0654296875	2.4365234375
7.532996	3.2275390625	3.3203125
7.533996	3.134765625	2.7880859375
7.534996	1.9287109375	1.6552734375
7.535996	1.4892578125	1.6796875
7.536996	2.4853515625	2.822265625
7.537996	3.388671875	3.310546875
7.538996	2.783203125	2.392578125
7.539996	1.611328125	1.4892578125
7.540996	1.6845703125	1.9970703125
7.541996	2.8857421875	3.1298828125
7.542996	3.3642578125	3.1396484375
7.543996	2.3681640625	2.001953125
7.545	1.4453125	1.4892578125
7.546	2.041015625	2.40234375
7.547	3.2080078125	3.310546875
7.548	3.1591796875	2.8173828125
7.549	1.9677734375	1.6845703125
7.55	1.4697265625	1.66015625
7.551	2.4560546875	2.79296875
7.552	3.37890625	3.310546875
7.553	2.8076171875	2.421875
7.554	1.6259765625	1.4990234375
7.555	1.66015625	1.9677734375
7.556	2.87109375	3.115234375
7.556996	3.3642578125	3.14453125
7.557996	2.3876953125	2.021484375
7.558996	1.4501953125	1.4892578125
7.559996	2.0068359375	2.373046875
7.560996	3.1982421875	3.3056640625
7.561996	3.1689453125	2.83203125
7.562996	1.962890625	1.6845703125
7.563996	1.4697265625	1.66015625
7.564996	2.4462890625	2.79296875
7.565996	3.3837890625	3.3154296875
7.566996	2.8125	2.4267578125
7.567996	1.6357421875	1.494140625
7.568996	1.669921875	1.97265625
7.569996	2.8662109375	3.115234375
7.570996	3.3642578125	3.134765625
7.571996	2.3828125	2.0068359375
7.572996	1.4453125	1.484375
7.573996	2.0263671875	2.392578125
7.574996	3.2080078125	3.3154296875
7.575996	3.1591796875	2.8173828125
7.576996	1.953125	1.6796875
7.577996	1.46484375	1.669921875
7.578996	2.470703125	2.8173828125
7.579996	3.388671875	3.310546875
7.580996	2.7880859375	2.392578125
7.581996	1.611328125	1.4892578125
7.582996	1.6943359375	2.01171875
7.583996	2.8955078125	3.134765625
7.584996	3.349609375	3.115234375
7.585996	2.3388671875	1.9775390625
7.586996	1.4453125	1.50390625
7.588	2.0849609375	2.4462890625
7.589	3.2373046875	3.3154296875
7.59	3.1103515625	2.7734375
7.591	1.904296875	1.6455078125
7.592	1.4892578125	1.7041015625
7.593	2.5244140625	2.8515625
7.594	3.388671875	3.291015625
7.595	2.724609375	2.34375
7.596	1.5771484375	1.474609375
7.597	1.7333984375	2.0654296875
7.598	2.9638671875	3.18359375
7.599	3.3251953125	3.0712890625
7.599996	2.2705078125	1.9140625
7.600996	1.4404296875	1.5234375
7.601996	2.1435546875	2.5
7.602996	3.271484375	3.3251953125
7.603996	3.0615234375	2.7001953125
7.604996	1.8359375	1.6064453125
7.605996	1.5185546875	1.7529296875
7.606996	2.6025390625	2.9150390625
7.607996	3.3935546875	3.2763671875
7.608996	2.6513671875	2.2607421875
7.609996	1.533203125	1.4697265625
7.610996	1.806640625	2.138671875
7.611996	3.0419921875	3.2275390625
7.612996	3.28125	3.0078125
7.613996	2.1728515625	1.845703125
7.614996	1.4404296875	1.5625
7.615996	2.236328125	2.6025390625
7.616996	3.3203125	3.3251953125
7.617996	2.9736328125	2.6025390625
7.618996	1.7431640625	1.5576171875
7.619996	1.572265625	1.8359375
7.620996	2.71484375	3.0126953125
7.621996	3.388671875	3.2177734375
7.622996	2.529296875	2.138671875
7.623996	1.4892578125	1.474609375
7.624996	1.904296875	2.265625
7.625996	3.1298828125	3.271484375
7.626996	3.22265625	2.9150390625
7.627996	2.0458984375	1.748046875
7.628996	1.455078125	1.6162109375
7.630008	2.3828125	2.7294921875
7.631	3.369140625	3.330078125
7.632	2.8662109375	2.4755859375
7.633	1.66015625	1.50390625
7.634	1.650390625	1.953125
7.635	2.841796875	3.1103515625
7.636	3.3642578125	3.14453125
7.637	2.3828125	2.0166015625
7.638	1.455078125	1.484375
7.639	2.041015625	2.3974609375
7.64	3.2275390625	3.3154296875
7.641	3.125	2.7880859375
7.641996	1.9091796875	1.650390625
7.642996	1.484375	1.7041015625
7.643996	2.5390625	2.8564453125
7.644996	3.3935546875	3.291015625
7.645996	2.705078125	2.314453125
7.646996	1.5673828125	1.4697265625
7.647996	1.7626953125	2.08984375
7.648996	2.998046875	3.2080078125
7.649996	3.310546875	3.046875
7.650996	2.2021484375	1.8701171875
7.651996	1.4404296875	1.5380859375
7.652996	2.216796875	2.5732421875
7.653996	3.310546875	3.330078125
7.654996	2.9931640625	2.6171875
7.655996	1.7578125	1.5625
7.656996	1.572265625	1.826171875
7.657996	2.71484375	3.0126953125
7.658996	3.3935546875	3.22265625
7.659996	2.5244140625	2.138671875
7.660996	1.484375	1.474609375
7.661996	1.9287109375	2.2802734375
7.662996	3.1494140625	3.2861328125
7.663996	3.2080078125	2.880859375
7.664996	2.021484375	1.7236328125
7.665996	1.4599609375	1.6357421875
7.666996	2.4267578125	2.7734375
7.667996	3.37890625	3.3154296875
7.668996	2.8076171875	2.4169921875
7.669996	1.6162109375	1.494140625
7.670996	1.69921875	2.01171875
7.671996	2.9248046875	3.1494140625
7.673	3.33984375	3.095703125
7.674	2.28515625	1.923828125
7.675	1.4306640625	1.513671875
7.676	2.1337890625	2.5
7.677	3.28125	3.3349609375
7.678	3.046875	2.6904296875
7.679	1.8115234375	1.58203125
7.68	1.54296875	1.787109375
7.681	2.65625	2.96875
7.682	3.3935546875	3.2470703125
7.683	2.5732421875	2.1826171875
7.684	1.4990234375	1.4697265625
7.684996	1.8798828125	2.2314453125
7.685996	3.1103515625	3.2666015625
7.686996	3.232421875	2.9150390625
7.687996	2.0458984375	1.7431640625
7.688996	1.455078125	1.611328125
7.689996	2.3876953125	2.744140625
7.690996	3.3642578125	3.310546875
7.691996	2.83203125	2.44140625
7.692996	1.62109375	1.4990234375
7.693996	1.6845703125	1.9921875
7.694996	2.91015625	3.14453125
7.695996	3.3447265625	3.1103515625
7.696996	2.3046875	1.9482421875
7.697996	1.4404296875	1.5185546875
7.698996	2.1337890625	2.4951171875
7.699996	3.2861328125	3.3349609375
7.700996	3.046875	2.6806640625
7.701996	1.796875	1.5869140625
7.702996	1.5478515625	1.796875
7.703996	2.6806640625	2.978515625
7.704996	3.388671875	3.232421875
7.705996	2.5537109375	2.16796875
7.706996	1.4892578125	1.46484375
7.707996	1.9091796875	2.265625
7.708996	3.1396484375	3.28125
7.709996	3.2080078125	2.8955078125
7.710996	2.0068359375	1.71875
7.711996	1.455078125	1.6455078125
7.712996	2.4365234375	2.7783203125
7.713996	3.3740234375	3.3056640625
7.714996	2.7734375	2.392578125
7.716	1.591796875	1.4794921875
7.717	1.728515625	2.05078125
7.718	2.9541015625	3.18359375
7.719	3.3251953125	3.056640625
7.72	2.236328125	1.8896484375
7.721	1.4306640625	1.533203125
7.722	2.2119140625	2.5732421875
7.723	3.3154296875	3.3251953125
7.724	2.978515625	2.6025390625
7.725	1.7431640625	1.552734375
7.726	1.58203125	1.85546875
7.727	2.7685546875	3.0419921875
7.727996	3.3837890625	3.193359375
7.728996	2.4560546875	2.0751953125
7.729996	1.4599609375	1.4794921875
7.730996	2.01171875	2.3583984375
7.731996	3.212890625	3.3154296875
7.732996	3.1396484375	2.7880859375
7.733996	1.9091796875	1.650390625
7.734996	1.4892578125	1.7041015625
7.735996	2.5634765625	2.8857421875
7.736996	3.3984375	3.2861328125
7.737996	2.6611328125	2.255859375
7.738996	1.533203125	1.46484375
7.739996	1.8359375	2.177734375
7.740996	3.076171875	3.2421875
7.741996	3.251953125	2.958984375
7.742996	2.08984375	1.77734375
7.743996	1.4404296875	1.6015625
7.744996	2.3583984375	2.7197265625
7.745996	3.369140625	3.3251953125
7.746996	2.841796875	2.451171875
7.747996	1.62109375	1.494140625
7.748996	1.689453125	2.001953125
7.749996	2.9296875	3.154296875
7.750996	3.330078125	3.1005859375
7.751996	2.265625	1.9140625
7.752996	1.435546875	1.5283203125
7.753996	2.1826171875	2.5439453125
7.754996	3.30078125	3.3349609375
7.755996	2.9931640625	2.6123046875
7.756996	1.748046875	1.552734375
7.758008	1.591796875	1.865234375
7.759	2.7685546875	3.0517578125
7.76	3.37890625	3.1884765625
7.761	2.44140625	2.0654296875
7.762	1.4599609375	1.484375
7.763	2.021484375	2.3828125
7.764	3.212890625	3.3154296875
7.765	3.125	2.7783203125
7.766	1.884765625	1.630859375
7.767	1.5087890625	1.7333984375
7.768	2.607421875	2.91015625
7.769	3.388671875	3.2666015625
7.769996	2.607421875	2.216796875
7.770996	1.50390625	1.46484375
7.771996	1.875	2.2216796875
7.772996	3.1201171875	3.271484375
7.773996	3.2177734375	2.91015625
7.774996	2.021484375	1.728515625
7.775996	1.4599609375	1.640625
7.776996	2.451171875	2.7880859375
7.777996	3.37890625	3.310546875
7.778996	2.75390625	2.3583984375
7.779996	1.58203125	1.4794921875
7.780996	1.7529296875	2.0849609375
7.781996	3.0078125	3.203125
7.782996	3.30078125	3.0224609375
7.783996	2.1533203125	1.8310546875
7.784996	1.435546875	1.5673828125
7.785996	2.3095703125	2.666015625
7.786996	3.3447265625	3.3349609375
7.787996	2.8759765625	2.4951171875
7.788996	1.66015625	1.513671875
7.789996	1.66015625	1.9775390625
7.790996	2.900390625	3.1298828125
7.791996	3.33984375	3.1005859375
7.792996	2.2802734375	1.9287109375
7.793996	1.4306640625	1.5283203125
7.794996	2.1826171875	2.5390625
7.795996	3.3056640625	3.33984375
7.796996	2.98828125	2.6220703125
7.797996	1.73828125	1.5478515625
7.798996	1.611328125	1.8701171875
7.799996	2.7880859375	3.0615234375
7.801	3.369140625	3.173828125
7.802	2.40234375	2.03125
7.803	1.455078125	1.4892578125
7.804	2.060546875	2.4267578125
7.805	3.2568359375	3.330078125
7.806	3.0810546875	2.7197265625
7.807	1.8212890625	1.591796875
7.808	1.5380859375	1.7822265625
7.809	2.67578125	2.9833984375
7.81	3.3984375	3.232421875
7.811	2.5146484375	2.1337890625
7.812	1.474609375	1.4697265625
7.812996	1.97265625	2.3291015625
7.813996	3.1982421875	3.310546875
7.814996	3.1494140625	2.8125
7.815996	1.904296875	1.6455078125
7.816996	1.50390625	1.71875
7.817996	2.587890625	2.900390625
7.818996	3.3984375	3.271484375
7.819996	2.6123046875	2.216796875
7.820996	1.5087890625	1.4697265625
7.821996	1.8896484375	2.2314453125
7.822996	3.1298828125	3.271484375
7.823996	3.203125	2.8857421875
7.824996	1.9921875	1.7041015625
7.825996	1.4697265625	1.6650390625
7.826996	2.5	2.83203125
7.827996	3.388671875	3.2958984375
7.828996	2.685546875	2.2998046875
7.829996	1.5478515625	1.4794921875
7.830996	1.8212890625	2.158203125
7.831996	3.076171875	3.2470703125
7.832996	3.2470703125	2.94921875
7.833996	2.0556640625	1.7578125
7.834996	1.4501953125	1.62109375
7.835996	2.4267578125	2.7685546875
7.836996	3.37890625	3.3154296875
7.837996	2.763671875	2.373046875
7.838996	1.5771484375	1.4697265625
7.839996	1.767578125	2.0947265625
7.840996	3.017578125	3.2177734375
7.841996	3.2763671875	2.9931640625
7.842996	2.12890625	1.806640625
7.844	1.4453125	1.5966796875
7.845	2.353515625	2.71484375
7.846	3.369140625	3.3251953125
7.847	2.8173828125	2.421875
7.848	1.5966796875	1.4892578125
7.849	1.7236328125	2.0458984375
7.85	2.9736328125	3.18359375
7.851	3.30078125	3.037109375
7.852	2.1728515625	1.845703125
7.853	1.4306640625	1.5673828125
7.854	2.3095703125	2.6611328125
7.855	3.3544921875	3.330078125
7.855996	2.861328125	2.470703125
7.856996	1.640625	1.4990234375
7.857996	1.689453125	1.9970703125
7.858996	2.9443359375	3.1640625
7.859996	3.3251953125	3.0712890625
7.860996	2.20703125	1.8701171875
7.861996	1.435546875	1.5478515625
7.862996	2.275390625	2.6318359375
7.863996	3.349609375	3.3349609375
7.864996	2.8857421875	2.5
7.865996	1.6552734375	1.50390625
7.866996	1.6796875	1.9775390625
7.867996	2.919921875	3.1494140625
7.868996	3.3349609375	3.0810546875
7.869996	2.24609375	1.89453125
7.870996	1.42578125	1.533203125
7.871996	2.236328125	2.607421875
7.872996	3.3349609375	3.33984375
7.873996	2.9150390625	2.5341796875
7.874996	1.6748046875	1.513671875
7.875996	1.6552734375	1.962890625
7.876996	2.900390625	3.134765625
7.877996	3.3447265625	3.10546875
7.878996	2.2607421875	1.9140625
7.879996	1.4404296875	1.5380859375
7.880996	2.2314453125	2.5830078125
7.881996	3.3349609375	3.33984375
7.882996	2.9248046875	2.548828125
7.883996	1.6796875	1.5185546875
7.884996	1.650390625	1.943359375
7.886008	2.900390625	3.134765625
7.887	3.3349609375	3.1005859375
7.888	2.2607421875	1.9189453125
7.889	1.4404296875	1.5283203125
7.89	2.2216796875	2.5830078125
7.891	3.330078125	3.33984375
7.892	2.9150390625	2.5390625
7.893	1.6796875	1.5234375
7.894	1.6455078125	1.9482421875
7.895	2.890625	3.1298828125
7.896	3.3447265625	3.095703125
7.897	2.2607421875	1.9189453125
7.897996	1.435546875	1.533203125
7.898996	2.2412109375	2.6025390625
7.899996	3.33984375	3.3349609375
7.900996	2.91015625	2.5244140625
7.901996	1.6650390625	1.513671875
7.902996	1.669921875	1.9677734375
7.903996	2.900390625	3.14453125
7.904996	3.330078125	3.0908203125
7.905996	2.236328125	1.89453125
7.906996	1.4306640625	1.5380859375
7.907996	2.2607421875	2.6123046875
7.908996	3.3447265625	3.33984375
7.909996	2.8857421875	2.5048828125
7.910996	1.6552734375	1.50390625
7.911996	1.6748046875	1.9873046875
7.912996	2.939453125	3.1640625
7.913996	3.3251953125	3.0712890625
7.914996	2.2119140625	1.875
7.915996	1.4306640625	1.5576171875
7.916996	2.294921875	2.6513671875
7.917996	3.349609375	3.3349609375
7.918996	2.8564453125	2.4755859375
7.919996	1.6259765625	1.4990234375
7.920996	1.7041015625	2.0263671875
7.921996	2.9638671875	3.1787109375
7.922996	3.3056640625	3.0419921875
7.923996	2.1630859375	1.8310546875
7.924996	1.4404296875	1.5673828125
7.925996	2.3388671875	2.6904296875
7.926996	3.3642578125	3.330078125
7.927996	2.8076171875	2.4267578125
7.929	1.591796875	1.4794921875
7.93	1.7431640625	2.0849609375
7.931	3.0078125	3.203125
7.932	3.2861328125	2.998046875
7.933	2.119140625	1.7919921875
7.934	1.4453125	1.5869140625
7.935	2.392578125	2.7490234375
7.936	3.3740234375	3.3203125
7.937	2.7587890625	2.373046875
7.938	1.5625	1.4794921875
7.939	1.7919921875	2.12890625
7.94	3.0615234375	3.2373046875
7.940996	3.2470703125	2.9443359375
7.941996	2.05078125	1.748046875
7.942996	1.4599609375	1.630859375
7.943996	2.4658203125	2.8076171875
7.944996	3.388671875	3.30078125
7.945996	2.6806640625	2.2998046875
7.946996	1.5283203125	1.4697265625
7.947996	1.85546875	2.20703125
7.948996	3.1201171875	3.2763671875
7.949996	3.2080078125	2.890625
7.950996	1.97265625	1.6943359375
7.951996	1.4697265625	1.6845703125
7.952996	2.548828125	2.880859375
7.953996	3.4033203125	3.271484375
7.954996	2.6025390625	2.216796875
7.955996	1.50390625	1.474609375
7.956996	1.93359375	2.2802734375
7.957996	3.1689453125	3.291015625
7.958996	3.154296875	2.8173828125
7.959996	1.8896484375	1.640625
7.960996	1.5087890625	1.7333984375
7.961996	2.646484375	2.9541015625
7.962996	3.3935546875	3.2421875
7.963996	2.509765625	2.12890625
7.964996	1.46484375	1.474609375
7.965996	2.0068359375	2.3779296875
7.966996	3.2373046875	3.3203125
7.967996	3.0712890625	2.7294921875
7.968996	1.806640625	1.591796875
7.969996	1.552734375	1.8115234375
7.970996	2.7490234375	3.0322265625
7.972	3.3740234375	3.1787109375
7.973	2.392578125	2.0361328125
7.974	1.4404296875	1.4892578125
7.975	2.1240234375	2.4853515625
7.976	3.2861328125	3.330078125
7.977	2.9931640625	2.6220703125
7.978	1.71875	1.533203125
7.979	1.62109375	1.904296875
7.98	2.8515625	3.10546875
7.981	3.3544921875	3.1201171875
7.982	2.2802734375	1.9287109375
7.983	1.4404296875	1.5283203125
7.983996	2.24609375	2.59765625
7.984996	3.33984375	3.33984375
7.985996	2.880859375	2.5048828125
7.986996	1.640625	1.4990234375
7.987996	1.69921875	2.0068359375
7.988996	2.9638671875	3.18359375
7.989996	3.3056640625	3.037109375
7.990996	2.1435546875	1.8115234375
7.991996	1.435546875	1.58203125
7.992996	2.373046875	2.724609375
7.993996	3.37890625	3.3154296875
7.994996	2.763671875	2.3681640625
7.995996	1.5625	1.474609375
7.996996	1.8115234375	2.138671875
7.997996	3.0810546875	3.2421875
7.998996	3.2373046875	2.9296875
7.999996	2.01171875	1.71875
8.000996	1.4697265625	1.6552734375
8.001996	2.5244140625	2.8564453125
8.002996	3.3837890625	3.2861328125
8.003996	2.6123046875	2.2216796875
8.004996	1.4892578125	1.46484375
8.005996	1.923828125	2.2802734375
8.006996	3.1884765625	3.3056640625
8.007996	3.1396484375	2.7978515625
8.008996	1.865234375	1.6357421875
8.009996	1.5283203125	1.7626953125
8.010996	2.685546875	2.978515625
8.011996	3.388671875	3.2177734375
8.012996	2.451171875	2.080078125
8.014008	1.455078125	1.484375
8.015	2.0947265625	2.451171875
8.016	3.271484375	3.330078125
8.017	3.0126953125	2.65625
8.018	1.7431640625	1.5576171875
8.019	1.6162109375	1.89453125
8.02	2.841796875	3.1103515625
8.021	3.3544921875	3.1201171875
8.022	2.275390625	1.9287109375
8.023	1.4306640625	1.5283203125
8.024	2.2509765625	2.6123046875
8.025	3.3447265625	3.3349609375
8.025996	2.8662109375	2.4853515625
8.026996	1.6162109375	1.494140625
8.027996	1.728515625	2.041015625
8.028996	2.998046875	3.2080078125
8.029996	3.2861328125	2.998046875
8.030996	2.0947265625	1.7822265625
8.031996	1.455078125	1.6064453125
8.032996	2.4462890625	2.783203125
8.033996	3.3837890625	3.30078125
8.034996	2.685546875	2.294921875
8.035996	1.5234375	1.474609375
8.036996	1.875	2.2314453125
8.037996	3.14453125	3.2861328125
8.038996	3.173828125	2.841796875
8.039996	1.9140625	1.650390625
8.040996	1.5087890625	1.728515625
8.041996	2.646484375	2.9541015625
8.042996	3.3935546875	3.2421875
8.043996	2.4755859375	2.1044921875
8.044996	1.4599609375	1.484375
8.045996	2.060546875	2.421875
8.046996	3.26171875	3.330078125
8.047996	3.0224609375	2.6611328125
8.048996	1.748046875	1.5576171875
8.049996	1.6064453125	1.8896484375
8.050996	2.8515625	3.10546875
8.051996	3.3544921875	3.1201171875
8.052996	2.2705078125	1.9189453125
8.053996	1.4306640625	1.54296875
8.054996	2.275390625	2.6318359375
8.055996	3.3447265625	3.3203125
8.057	2.822265625	2.44140625
8.058	1.5966796875	1.4794921875
8.059	1.7578125	2.080078125
8.06	3.0322265625	3.2177734375
8.061	3.2568359375	2.9638671875
8.062	2.041015625	1.7431640625
8.063	1.455078125	1.650390625
8.064	2.5	2.841796875
8.065	3.3935546875	3.2861328125
8.066	2.6171875	2.2216796875
8.067	1.4892578125	1.46484375
8.068	1.9384765625	2.2998046875
8.068996	3.1982421875	3.3154296875
8.069996	3.1103515625	2.763671875
8.070996	1.8359375	1.5966796875
8.071996	1.552734375	1.796875
8.072996	2.744140625	3.02734375
8.073996	3.3740234375	3.18359375
8.074996	2.373046875	1.9970703125
8.075996	1.4404296875	1.4990234375
8.076996	2.1826171875	2.5390625
8.077996	3.3251953125	3.33984375
8.078996	2.919921875	2.5439453125
8.079996	1.650390625	1.5087890625
8.080996	1.6943359375	2.0068359375
8.081996	2.9736328125	3.18359375
8.082996	3.3251953125	3.0224609375
8.083996	2.1142578125	1.8017578125
8.084996	1.4501953125	1.6064453125
8.085996	2.4365234375	2.7783203125
8.086996	3.388671875	3.2958984375
8.087996	2.666015625	2.2900390625
8.088996	1.5185546875	1.4599609375
8.089996	1.89453125	2.2412109375
8.090996	3.1689453125	3.2958984375
8.091996	3.14453125	2.8076171875
8.092996	1.875	1.62109375
8.093996	1.5283203125	1.7626953125
8.094996	2.71484375	3.0029296875
8.095996	3.3740234375	3.193359375
8.096996	2.4072265625	2.03125
8.097996	1.4501953125	1.494140625
8.098996	2.1533203125	2.51953125
8.1	3.3203125	3.33984375
8.101	2.9345703125	2.55859375
8.102	1.6650390625	1.5087890625
8.103	1.6845703125	1.9921875
8.104	2.9638671875	3.18359375
8.105	3.291015625	3.0322265625
8.106	2.119140625	1.796875
8.107	1.4501953125	1.6015625
8.108	2.4365234375	2.783203125
8.109	3.388671875	3.30078125
8.11	2.6611328125	2.275390625
8.111	1.50390625	1.46484375
8.111996	1.9140625	2.265625
8.112996	3.18359375	3.3056640625
8.113996	3.134765625	2.7880859375
8.114996	1.85546875	1.6162109375
8.115996	1.54296875	1.787109375
8.116996	2.7392578125	3.0224609375
8.117996	3.3837890625	3.18359375
8.118996	2.353515625	2.001953125
8.119996	1.4306640625	1.5087890625
8.120996	2.1923828125	2.5634765625
8.121996	3.3349609375	3.3447265625
8.122996	2.880859375	2.5048828125
8.123996	1.630859375	1.494140625
8.124996	1.7236328125	2.05078125
8.125996	3.017578125	3.2177734375
8.126996	3.2666015625	2.9736328125
8.127996	2.0556640625	1.7529296875
8.128996	1.4697265625	1.640625
8.129996	2.5146484375	2.8466796875
8.130996	3.4033203125	3.2861328125
8.131996	2.5830078125	2.197265625
8.132996	1.484375	1.4697265625
8.133996	1.9970703125	2.353515625
8.134996	3.232421875	3.3203125
8.135996	3.06640625	2.705078125
8.136996	1.7724609375	1.5673828125
8.137996	1.6015625	1.875
8.138996	2.8369140625	3.0908203125
8.139996	3.3544921875	3.1201171875
8.140996	2.2412109375	1.8994140625
8.142008	1.4404296875	1.5478515625
8.143	2.3291015625	2.685546875
8.144	3.369140625	3.3251953125
8.145	2.7734375	2.3828125
8.146	1.5576171875	1.474609375
8.147	1.826171875	2.16796875
8.148	3.115234375	3.2666015625
8.149	3.193359375	2.8662109375
8.15	1.923828125	1.6552734375
8.151	1.50390625	1.73828125
8.152	2.6708984375	2.9736328125
8.153	3.388671875	3.212890625
8.153996	2.431640625	2.0556640625
8.154996	1.4453125	1.494140625
8.155996	2.1484375	2.5
8.156996	3.310546875	3.3447265625
8.157996	2.9150390625	2.548828125
8.158996	1.6552734375	1.5087890625
8.159996	1.7041015625	2.01171875
8.160996	2.998046875	3.193359375
8.161996	3.28125	2.998046875
8.162996	2.0703125	1.7626953125
8.163996	1.455078125	1.640625
8.164996	2.5146484375	2.841796875
8.165996	3.3935546875	3.271484375
8.166996	2.5732421875	2.2021484375
8.167996	1.4794921875	1.4697265625
8.168996	2.0068359375	2.3583984375
8.169996	3.2470703125	3.3251953125
8.170996	3.046875	2.7001953125
8.171996	1.748046875	1.552734375
8.172996	1.6064453125	1.904296875
8.173996	2.87109375	3.1201171875
8.174996	3.3349609375	3.095703125
8.175996	2.197265625	1.8603515625
8.176996	1.4404296875	1.5771484375
8.177996	2.373046875	2.724609375
8.178996	3.3837890625	3.3203125
8.179996	2.705078125	2.314453125
8.180996	1.5234375	1.4697265625
8.181996	1.8994140625	2.236328125
8.182996	3.1640625	3.2958984375
8.183996	3.125	2.7978515625
8.185	1.8310546875	1.6015625
8.186	1.5576171875	1.81640625
8.187	2.7734375	3.046875
8.188	3.369140625	3.1640625
8.189	2.314453125	1.9482421875
8.19	1.42578125	1.5283203125
8.191	2.265625	2.63671875
8.192	3.359375	3.330078125
8.193	2.802734375	2.4169921875
8.194	1.5625	1.4794921875
8.195	1.8115234375	2.1533203125
8.196	3.10546875	3.271484375
8.196996	3.1982421875	2.8759765625
8.197996	1.923828125	1.66015625
8.198996	1.5087890625	1.73828125
8.199996	2.6904296875	2.9833984375
8.200996	3.388671875	3.2080078125
8.201996	2.40234375	2.021484375
8.202996	1.4453125	1.4990234375
8.203996	2.1923828125	2.5537109375
8.204996	3.330078125	3.33984375
8.205996	2.87109375	2.490234375
8.206996	1.6162109375	1.4892578125
8.207996	1.7578125	2.0849609375
8.208996	3.0615234375	3.232421875
8.209996	3.232421875	2.9345703125
8.210996	1.9775390625	1.6943359375
8.211996	1.4892578125	1.689453125
8.212996	2.6220703125	2.9296875
8.213996	3.3935546875	3.2421875
8.214996	2.451171875	2.080078125
8.215996	1.4453125	1.4794921875
8.216996	2.12890625	2.5
8.217996	3.3203125	3.3349609375
8.218996	2.919921875	2.5341796875
8.219996	1.640625	1.50390625
8.220996	1.728515625	2.041015625
8.221996	3.0224609375	3.212890625
8.222996	3.251953125	2.9638671875
8.223996	2.021484375	1.7333984375
8.224996	1.4794921875	1.6748046875
8.225996	2.5830078125	2.900390625
8.226996	3.3935546875	3.2568359375
8.228	2.48046875	2.1044921875
8.229	1.4501953125	1.4794921875
8.23	2.109375	2.4609375
8.231	3.3056640625	3.3349609375
8.232	2.9443359375	2.5732421875
8.233	1.66015625	1.4990234375
8.234	1.69921875	2.021484375
8.235	2.998046875	3.203125
8.236	3.2666015625	2.978515625
8.237	2.041015625	1.7333984375
8.238	1.474609375	1.66015625
8.239	2.5634765625	2.8857421875
8.239996	3.3984375	3.26171875
8.240996	2.509765625	2.12890625
8.241996	1.4599609375	1.4794921875
8.242996	2.099609375	2.4609375
8.243996	3.2958984375	3.3349609375
8.244996	2.9443359375	2.568359375
8.245996	1.6650390625	1.5087890625
8.246996	1.69921875	2.021484375
8.247996	3.0029296875	3.212890625
8.248996	3.2666015625	2.978515625
8.249996	2.0361328125	1.73828125
8.250996	1.4697265625	1.6650390625
8.251996	2.5732421875	2.900390625
8.252996	3.388671875	3.2568359375
8.253996	2.4853515625	2.1142578125
8.254996	1.4501953125	1.4794921875
8.255996	2.109375	2.4755859375
8.256996	3.310546875	3.3447265625
8.257996	2.919921875	2.548828125
8.258996	1.640625	1.494140625
8.259996	1.7236328125	2.0361328125
8.260996	3.02734375	3.22265625
8.261996	3.2421875	2.9541015625
8.262996	1.9921875	1.71875
8.263996	1.4892578125	1.6943359375
8.264996	2.6123046875	2.9248046875
8.265996	3.388671875	3.2373046875
8.266996	2.451171875	2.0751953125
8.267996	1.4501953125	1.4794921875
8.268996	2.1533203125	2.51953125
8.270008	3.3349609375	3.3447265625
8.271	2.8759765625	2.5
8.272	1.6162109375	1.4794921875
8.273	1.767578125	2.08984375
8.274	3.0712890625	3.251953125
8.275	3.2177734375	2.9052734375
8.276	1.953125	1.6650390625
8.277	1.5087890625	1.728515625
8.278	2.67578125	2.96875
8.279	3.388671875	3.2080078125
8.28	2.3828125	2.01171875
8.281	1.4404296875	1.5087890625
8.281996	2.2314453125	2.5732421875
8.282996	3.349609375	3.3349609375
8.283996	2.8125	2.4365234375
8.284996	1.5771484375	1.474609375
8.285996	1.8212890625	2.1630859375
8.286996	3.1298828125	3.2763671875
8.287996	3.1640625	2.83203125
8.288996	1.8798828125	1.630859375
8.289996	1.5380859375	1.787109375
8.290996	2.763671875	3.037109375
8.291996	3.359375	3.1591796875
8.292996	2.28515625	1.943359375
8.293996	1.435546875	1.5380859375
8.294996	2.32421875	2.6708984375
8.295996	3.37890625	3.3251953125
8.296996	2.724609375	2.3388671875
8.297996	1.5234375	1.4599609375
8.298996	1.904296875	2.255859375
8.299996	3.193359375	3.310546875
8.300996	3.095703125	2.7490234375
8.301996	1.7919921875	1.572265625
8.302996	1.5966796875	1.8701171875
8.303996	2.8515625	3.115234375
8.304996	3.330078125	3.0859375
8.305996	2.1826171875	1.845703125
8.306996	1.4404296875	1.591796875
8.307996	2.4365234375	2.783203125
8.308996	3.3935546875	3.30078125
8.309996	2.607421875	2.2216796875
8.310996	1.484375	1.4697265625
8.311996	2.0166015625	2.3779296875
8.313	3.271484375	3.3349609375
8.314	2.9833984375	2.6220703125
8.315	1.6845703125	1.5234375
8.316	1.6796875	1.9775390625
8.317	2.9833984375	3.193359375
8.318	3.2666015625	2.98828125
8.319	2.0458984375	1.7431640625
8.32	1.474609375	1.6650390625
8.321	2.587890625	2.8955078125
8.322	3.388671875	3.2373046875
8.323	2.4609375	2.0849609375
8.324	1.4501953125	1.484375
8.324996	2.158203125	2.51953125
8.325996	3.3349609375	3.3447265625
8.326996	2.87109375	2.490234375
8.327996	1.5966796875	1.4892578125
8.328996	1.787109375	2.119140625
8.329996	3.10546875	3.2666015625
8.330996	3.1787109375	2.8662109375
8.331996	1.89453125	1.6357421875
8.332996	1.533203125	1.7724609375
8.333996	2.7490234375	3.037109375
8.334996	3.369140625	3.1640625
8.335996	2.28515625	1.9384765625
8.336996	1.4404296875	1.54296875
8.337996	2.34375	2.6904296875
8.338996	3.3740234375	3.3251953125
8.339996	2.705078125	2.3046875
8.340996	1.5185546875	1.46484375
8.341996	1.9384765625	2.2998046875
8.342996	3.22265625	3.3203125
8.343996	3.0615234375	2.7001953125
8.344996	1.748046875	1.54296875
8.345996	1.640625	1.923828125
8.346996	2.9248046875	3.1591796875
8.347996	3.30078125	3.037109375
8.348996	2.099609375	1.7822265625
8.349996	1.46484375	1.6455078125
8.350996	2.5439453125	2.87109375
8.351996	3.3935546875	3.271484375
8.352996	2.5	2.1240234375
8.353996	1.4599609375	1.484375
8.354996	2.138671875	2.490234375
8.356	3.330078125	3.33984375
8.357	2.8857421875	2.5048828125
8.358	1.5966796875	1.4794921875
8.359	1.787109375	2.109375
8.36	3.095703125	3.26171875
8.361	3.18359375	2.87109375
8.362	1.89453125	1.6357421875
8.363	1.5380859375	1.77734375
8.364	2.7587890625	3.037109375
8.365	3.3642578125	3.154296875
8.366	2.255859375	1.9140625
8.367	1.4404296875	1.5576171875
8.367996	2.36328125	2.7197265625
8.368996	3.388671875	3.310546875
8.369996	2.6611328125	2.2802734375
8.370996	1.4892578125	1.46484375
8.371996	1.9921875	2.3388671875
8.372996	3.2470703125	3.330078125
8.373996	3.0126953125	2.646484375
8.374996	1.69921875	1.5234375
8.375996	1.6796875	1.9775390625
8.376996	2.978515625	3.1982421875
8.377996	3.26171875	2.978515625
8.378996	2.021484375	1.71875
8.379996	1.484375	1.6845703125
8.380996	2.63671875	2.9443359375
8.381996	3.388671875	3.2177734375
8.382996	2.3974609375	2.0263671875
8.383996	1.4404296875	1.5087890625
8.384996	2.24609375	2.5927734375
8.385996	3.359375	3.330078125
8.386996	2.7734375	2.3876953125
8.387996	1.5380859375	1.4599609375
8.388996	1.8896484375	2.2265625
8.389996	3.1884765625	3.30078125
8.390996	3.095703125	2.7490234375
8.391996	1.77734375	1.572265625
8.392996	1.611328125	1.89453125
8.393996	2.8955078125	3.14453125
8.394996	3.3203125	3.056640625
8.395996	2.1142578125	1.7919921875
8.396996	1.4453125	1.630859375
8.398008	2.5537109375	2.87109375
8.399	3.3984375	3.26171875
8.4	2.48046875	2.1044921875
8.401	1.4453125	1.4892578125
8.402	2.16796875	2.5244140625
8.403	3.3349609375	3.33984375
8.404	2.8466796875	2.4609375
8.405	1.5869140625	1.4697265625
8.406	1.8212890625	2.1630859375
8.407	3.14453125	3.2861328125
8.408	3.14453125	2.8173828125
8.409	1.8359375	1.6015625
8.409996	1.5771484375	1.8359375
8.410996	2.841796875	3.095703125
8.411996	3.3349609375	3.095703125
8.412996	2.1630859375	1.826171875
8.413996	1.4404296875	1.6015625
8.414996	2.490234375	2.8271484375
8.415996	3.4033203125	3.2763671875
8.416996	2.5341796875	2.1484375
8.417996	1.4599609375	1.4697265625
8.418996	2.119140625	2.4853515625
8.419996	3.3251953125	3.349609375
8.420996	2.8759765625	2.5048828125
8.421996	1.591796875	1.484375
8.422996	1.796875	2.1435546875
8.423996	3.125	3.28125
8.424996	3.1640625	2.83203125
8.425996	1.8505859375	1.611328125
8.426996	1.5625	1.8212890625
8.427996	2.8271484375	3.0908203125
8.428996	3.3349609375	3.10546875
8.429996	2.177734375	1.845703125
8.430996	1.4501953125	1.591796875
8.431996	2.4755859375	2.8125
8.432996	3.3935546875	3.28125
8.433996	2.529296875	2.158203125
8.434996	1.4599609375	1.4794921875
8.435996	2.119140625	2.4853515625
8.436996	3.3203125	3.33984375
8.437996	2.87109375	2.4951171875
8.438996	1.591796875	1.474609375
8.439996	1.8017578125	2.138671875
8.441	3.134765625	3.2861328125
8.442	3.1396484375	2.7978515625
8.443	1.826171875	1.5966796875
8.444	1.58203125	1.8408203125
8.445	2.841796875	3.1103515625
8.446	3.3203125	3.0859375
8.447	2.1484375	1.81640625
8.448	1.4501953125	1.6162109375
8.449	2.5146484375	2.8369140625
8.45	3.3837890625	3.2666015625
8.451	2.490234375	2.119140625
8.452	1.4501953125	1.4794921875
8.452996	2.16796875	2.51953125
8.453996	3.3447265625	3.3447265625
8.454996	2.8271484375	2.44140625
8.455996	1.5673828125	1.474609375
8.456996	1.85546875	2.2021484375
8.457996	3.173828125	3.291015625
8.458996	3.1103515625	2.763671875
8.459996	1.787109375	1.572265625
8.460996	1.6162109375	1.8896484375
8.461996	2.9052734375	3.154296875
8.462996	3.2958984375	3.0419921875
8.463996	2.080078125	1.767578125
8.464996	1.4697265625	1.650390625
8.465996	2.5927734375	2.9052734375
8.466996	3.388671875	3.2275390625
8.467996	2.412109375	2.0458984375
8.468996	1.4404296875	1.5087890625
8.469996	2.2509765625	2.59765625
8.470996	3.369140625	3.3349609375
8.471996	2.7392578125	2.353515625
8.472996	1.513671875	1.46484375
8.473996	1.943359375	2.28515625
8.474996	3.2373046875	3.3251953125
8.475996	3.0322265625	2.666015625
8.476996	1.69921875	1.5234375
8.477996	1.6845703125	1.9873046875
8.478996	2.998046875	3.212890625
8.479996	3.251953125	2.9541015625
8.480996	1.97265625	1.689453125
8.481996	1.5087890625	1.728515625
8.482996	2.705078125	3.0078125
8.484	3.3642578125	3.1689453125
8.485	2.28515625	1.9287109375
8.486	1.435546875	1.5478515625
8.487	2.3828125	2.7392578125
8.488	3.388671875	3.30078125
8.489	2.6025390625	2.2314453125
8.49	1.4794921875	1.4697265625
8.491	2.0654296875	2.4267578125
8.492	3.2958984375	3.3349609375
8.493	2.9052734375	2.5341796875
8.494	1.611328125	1.4794921875
8.495	1.787109375	2.1142578125
8.495996	3.1201171875	3.271484375
8.496996	3.154296875	2.822265625
8.497996	1.8359375	1.6015625
8.498996	1.58203125	1.845703125
8.499996	2.8564453125	3.115234375
8.500996	3.3251953125	3.0712890625
8.501996	2.109375	1.7919921875
8.502996	1.4599609375	1.630859375
8.503996	2.568359375	2.880859375
8.504996	3.3935546875	3.2373046875
8.505996	2.421875	2.0556640625
8.506996	1.4404296875	1.4990234375
8.507996	2.2509765625	2.607421875
8.508996	3.359375	3.330078125
8.509996	2.734375	2.353515625
8.510996	1.5185546875	1.46484375
8.511996	1.9580078125	2.3046875
8.512996	3.2421875	3.330078125
8.513996	3.0126953125	2.646484375
8.514996	1.6845703125	1.513671875
8.515996	1.7041015625	2.01171875
8.516996	3.0322265625	3.22265625
8.517996	3.22265625	2.91015625
8.518996	1.923828125	1.6552734375
8.519996	1.533203125	1.7724609375
8.520996	2.7734375	3.046875
8.521996	3.349609375	3.1298828125
8.522996	2.2021484375	1.875
8.523996	1.4404296875	1.58203125
8.524996	2.470703125	2.8076171875
8.526008	3.3984375	3.28125
8.527	2.5	2.1240234375
8.528	1.455078125	1.4794921875
8.529	2.177734375	2.5341796875
8.53	3.349609375	3.3447265625
8.531	2.802734375	2.421875
8.532	1.54296875	1.46484375
8.533	1.89453125	2.24609375
8.534	3.203125	3.3154296875
8.535	3.0517578125	2.7001953125
8.536	1.7236328125	1.5283203125
8.537	1.6796875	1.9677734375
8.537996	3.0029296875	3.2080078125
8.538996	3.2470703125	2.9541015625
8.539996	1.953125	1.6845703125
8.540996	1.5185546875	1.73828125
8.541996	2.744140625	3.0224609375
8.542996	3.359375	3.1591796875
8.543996	2.2314453125	1.884765625
8.544996	1.4404296875	1.572265625
8.545996	2.4609375	2.79296875
8.546996	3.3984375	3.28125
8.547996	2.51953125	2.1484375
8.548996	1.455078125	1.484375
8.549996	2.158203125	2.51953125
8.550996	3.3447265625	3.3447265625
8.551996	2.802734375	2.421875
8.552996	1.552734375	1.4697265625
8.553996	1.8994140625	2.255859375
8.554996	3.2080078125	3.3154296875
8.555996	3.037109375	2.6904296875
8.556996	1.7138671875	1.5283203125
8.557996	1.6796875	1.9921875
8.558996	3.017578125	3.2275390625
8.559996	3.2275390625	2.9345703125
8.560996	1.93359375	1.6650390625
8.561996	1.5283203125	1.7578125
8.562996	2.7685546875	3.056640625
8.563996	3.3544921875	3.1298828125
8.564996	2.1923828125	1.85546875
8.565996	1.455078125	1.5966796875
8.566996	2.5	2.822265625
8.567996	3.3935546875	3.271484375
8.569	2.4609375	2.08984375
8.57	1.4453125	1.494140625
8.571	2.2265625	2.578125
8.572	3.3642578125	3.3349609375
8.573	2.744140625	2.3583984375
8.574	1.5185546875	1.4599609375
8.575	1.962890625	2.3291015625
8.576	3.251953125	3.330078125
8.577	2.9833984375	2.626953125
8.578	1.6552734375	1.5087890625
8.579	1.7431640625	2.0556640625
8.58	3.076171875	3.2568359375
8.580996	3.18359375	2.8515625
8.581996	1.8603515625	1.6162109375
8.582996	1.572265625	1.826171875
8.583996	2.8564453125	3.1201171875
8.584996	3.3154296875	3.06640625
8.585996	2.099609375	1.787109375
8.586996	1.4697265625	1.6552734375
8.587996	2.607421875	2.9248046875
8.588996	3.37890625	3.212890625
8.589996	2.3583984375	1.9970703125
8.590996	1.4306640625	1.5234375
8.591996	2.3486328125	2.7001953125
8.592996	3.3837890625	3.3203125
8.593996	2.6220703125	2.236328125
8.594996	1.46484375	1.474609375
8.595996	2.08984375	2.44140625
8.596996	3.3203125	3.3447265625
8.597996	2.87109375	2.490234375
8.598996	1.572265625	1.4697265625
8.599996	1.8603515625	2.197265625
8.600996	3.1787109375	3.3056640625
8.601996	3.0712890625	2.724609375
8.602996	1.728515625	1.5380859375
8.603996	1.66015625	1.962890625
8.604996	3.0029296875	3.2080078125
8.605996	3.2421875	2.9443359375
8.606996	1.9482421875	1.6748046875
8.607996	1.5283203125	1.767578125
8.608996	2.7880859375	3.056640625
8.609996	3.33984375	3.1201171875
8.610996	2.177734375	1.8408203125
8.612	1.4599609375	1.6162109375
8.613	2.5439453125	2.8564453125
8.614	3.3935546875	3.2470703125
8.615	2.4169921875	2.060546875
8.616	1.4404296875	1.50390625
8.617	2.2802734375	2.6318359375
8.618	3.369140625	3.330078125
8.619	2.666015625	2.28515625
8.62	1.4794921875	1.46484375
8.621	2.0458984375	2.40234375
8.622	3.2958984375	3.330078125
8.623	2.890625	2.51953125
8.623996	1.5869140625	1.484375
8.624996	1.8310546875	2.1630859375
8.625996	3.1689453125	3.30078125
8.626996	3.0908203125	2.75390625
8.627996	1.748046875	1.5478515625
8.628996	1.6455078125	1.953125
8.629996	2.98828125	3.2080078125
8.630996	3.2470703125	2.9443359375
8.631996	1.943359375	1.669921875
8.632996	1.533203125	1.767578125
8.633996	2.783203125	3.0517578125
8.634996	3.3447265625	3.1201171875
8.635996	2.16796875	1.8310546875
8.636996	1.455078125	1.6162109375
8.637996	2.5537109375	2.8759765625
8.638996	3.3984375	3.2470703125
8.639996	2.3974609375	2.03125
8.640996	1.435546875	1.513671875
8.641996	2.3193359375	2.6708984375
8.642996	3.37890625	3.3154296875
8.643996	2.6318359375	2.24609375
8.644996	1.4697265625	1.474609375
8.645996	2.0849609375	2.451171875
8.646996	3.3154296875	3.3447265625
8.647996	2.8515625	2.470703125
8.648996	1.5673828125	1.46484375
8.649996	1.8798828125	2.2265625
8.650996	3.2080078125	3.3154296875
8.651996	3.037109375	2.6806640625
8.652996	1.689453125	1.513671875
8.654008	1.7138671875	2.0263671875
8.655	3.0615234375	3.232421875
8.656	3.1982421875	2.8857421875
8.657	1.8701171875	1.6259765625
8.658	1.572265625	1.8359375
8.659	2.8662109375	3.115234375
8.66	3.310546875	3.046875
8.661	2.0703125	1.7578125
8.662	1.4794921875	1.6748046875
8.663	2.65625	2.9833984375
8.664	3.37890625	3.18359375
8.665	2.28515625	1.93359375
8.665996	1.4404296875	1.5576171875
8.666996	2.4365234375	2.7880859375
8.667996	3.3935546875	3.2861328125
8.668996	2.5048828125	2.119140625
8.669996	1.4404296875	1.4892578125
8.670996	2.2265625	2.5732421875
8.671996	3.359375	3.33984375
8.672996	2.705078125	2.32421875
8.673996	1.494140625	1.455078125
8.674996	2.021484375	2.3779296875
8.675996	3.2958984375	3.3447265625
8.676996	2.91015625	2.529296875
8.677996	1.591796875	1.474609375
8.678996	1.8408203125	2.16796875
8.679996	3.1689453125	3.30078125
8.680996	3.076171875	2.7197265625
8.681996	1.7236328125	1.5380859375
8.682996	1.6796875	1.97265625
8.683996	3.02734375	3.22265625
8.684996	3.2177734375	2.91015625
8.685996	1.884765625	1.640625
8.686996	1.552734375	1.81640625
8.687996	2.8564453125	3.1103515625
8.688996	3.310546875	3.056640625
8.689996	2.0751953125	1.7626953125
8.690996	1.4794921875	1.6796875
8.691996	2.65625	2.96875
8.692996	3.369140625	3.1884765625
8.693996	2.275390625	1.9287109375
8.694996	1.4404296875	1.5771484375
8.695996	2.4658203125	2.7978515625
8.697	3.4033203125	3.2763671875
8.698	2.4560546875	2.08984375
8.699	1.4404296875	1.50390625
8.7	2.2607421875	2.6171875
8.701	3.37890625	3.3251953125
8.702	2.6708984375	2.28515625
8.703	1.4794921875	1.4697265625
8.704	2.0703125	2.4267578125
8.705	3.310546875	3.349609375
8.706	2.8515625	2.4658203125
8.707	1.5673828125	1.4697265625
8.708	1.89453125	2.2412109375
8.708996	3.212890625	3.3203125
8.709996	3.017578125	2.6611328125
8.710996	1.6650390625	1.5087890625
8.711996	1.7333984375	2.0556640625
8.712996	3.0859375	3.2568359375
8.713996	3.1591796875	2.8369140625
8.714996	1.8115234375	1.58203125
8.715996	1.6162109375	1.8896484375
8.716996	2.939453125	3.173828125
8.717996	3.2666015625	2.98828125
8.718996	1.962890625	1.6845703125
8.719996	1.5234375	1.748046875
8.720996	2.7783203125	3.046875
8.721996	3.3447265625	3.10546875
8.722996	2.1435546875	1.8212890625
8.723996	1.4697265625	1.640625
8.724996	2.6025390625	2.9150390625
8.725996	3.388671875	3.2177734375
8.726996	2.32421875	1.9677734375
8.727996	1.435546875	1.552734375
8.728996	2.4267578125	2.763671875
8.729996	3.3837890625	3.291015625
8.730996	2.5	2.12890625
8.731996	1.4453125	1.484375
8.732996	2.2314453125	2.5927734375
8.733996	3.3740234375	3.3349609375
8.734996	2.685546875	2.2998046875
8.735996	1.484375	1.46484375
8.736996	2.0703125	2.421875
8.737996	3.310546875	3.33984375
8.738996	2.841796875	2.4658203125
8.74	1.5576171875	1.474609375
8.741	1.9140625	2.255859375
8.742	3.2275390625	3.3251953125
8.743	2.98828125	2.6318359375
8.744	1.6552734375	1.4990234375
8.745	1.767578125	2.0849609375
8.746	3.125	3.28125
8.747	3.1298828125	2.7880859375
8.748	1.767578125	1.5625
8.749	1.650390625	1.9482421875
8.75	3.0029296875	3.2080078125
8.751	3.232421875	2.9296875
8.751996	1.8994140625	1.6455078125
8.752996	1.5576171875	1.806640625
8.753996	2.8466796875	3.115234375
8.754996	3.3203125	3.0517578125
8.755996	2.0556640625	1.748046875
8.756996	1.494140625	1.6943359375
8.757996	2.6953125	2.998046875
8.758996	3.359375	3.1591796875
8.759996	2.20703125	1.875
8.760996	1.4501953125	1.6064453125
8.761996	2.5390625	2.8662109375
8.762996	3.3935546875	3.2373046875
8.763996	2.3779296875	2.0166015625
8.764996	1.4306640625	1.533203125
8.765996	2.3828125	2.7197265625
8.766996	3.3935546875	3.2958984375
8.767996	2.529296875	2.158203125
8.768996	1.455078125	1.4794921875
8.769996	2.2216796875	2.5732421875
8.770996	3.369140625	3.3349609375
8.771996	2.6904296875	2.3046875
8.772996	1.4892578125	1.46484375
8.773996	2.0654296875	2.4267578125
8.774996	3.3203125	3.3447265625
8.775996	2.83203125	2.4462890625
8.776996	1.5478515625	1.46484375
8.777996	1.923828125	2.28515625
8.778996	3.251953125	3.3349609375
8.779996	2.96875	2.59765625
8.780996	1.62109375	1.484375
8.782008	1.8115234375	2.1533203125
8.783	3.173828125	3.3056640625
8.784	3.0810546875	2.7294921875
8.785	1.7236328125	1.5380859375
8.786	1.6943359375	1.9970703125
8.787	3.0517578125	3.2470703125
8.788	3.18359375	2.8515625
8.789	1.8310546875	1.6015625
8.79	1.6064453125	1.884765625
8.791	2.939453125	3.1640625
8.792	3.2666015625	2.978515625
8.793	1.953125	1.669921875
8.793996	1.533203125	1.767578125
8.794996	2.8125	3.076171875
8.795996	3.330078125	3.0810546875
8.796996	2.08984375	1.7724609375
8.797996	1.474609375	1.6796875
8.798996	2.685546875	2.9833984375
8.799996	3.3642578125	3.1640625
8.800996	2.2216796875	1.8798828125
8.801996	1.4453125	1.5966796875
8.802996	2.5390625	2.87109375
8.803996	3.388671875	3.2373046875
8.804996	2.353515625	1.9873046875
8.805996	1.435546875	1.533203125
8.806996	2.412109375	2.75390625
8.807996	3.3935546875	3.2861328125
8.808996	2.490234375	2.1142578125
8.809996	1.435546875	1.494140625
8.810996	2.2705078125	2.6318359375
8.811996	3.3837890625	3.3251953125
8.812996	2.6220703125	2.2412109375
8.813996	1.4697265625	1.4697265625
8.814996	2.138671875	2.5
8.815996	3.3447265625	3.33984375
8.816996	2.75390625	2.3681640625
8.817996	1.5087890625	1.46484375
8.818996	2.0263671875	2.3779296875
8.819996	3.3056640625	3.3447265625
8.820996	2.8662109375	2.4853515625
8.821996	1.5576171875	1.46484375
8.822996	1.904296875	2.255859375
8.823996	3.2421875	3.330078125
8.825	2.9638671875	2.5927734375
8.826	1.6259765625	1.4892578125
8.827	1.8115234375	2.1435546875
8.828	3.1689453125	3.30078125
8.829	3.06640625	2.724609375
8.83	1.7041015625	1.5234375
8.831	1.7236328125	2.0361328125
8.832	3.0859375	3.251953125
8.833	3.154296875	2.8369140625
8.834	1.796875	1.5673828125
8.835	1.640625	1.9287109375
8.836	2.98828125	3.2080078125
8.836996	3.22265625	2.9296875
8.837996	1.8798828125	1.630859375
8.838996	1.5771484375	1.8310546875
8.839996	2.8955078125	3.134765625
8.840996	3.28125	3.0126953125
8.841996	1.9921875	1.7041015625
8.842996	1.5185546875	1.7431640625
8.843996	2.79296875	3.06640625
8.844996	3.330078125	3.0859375
8.845996	2.08984375	1.7822265625
8.846996	1.4794921875	1.6748046875
8.847996	2.6904296875	2.98828125
8.848996	3.359375	3.1591796875
8.849996	2.197265625	1.865234375
8.850996	1.4599609375	1.611328125
8.851996	2.5830078125	2.8955078125
8.852996	3.388671875	3.2177734375
8.853996	2.314453125	1.953125
8.854996	1.4453125	1.5576171875
8.855996	2.4658203125	2.8076171875
8.856996	3.3935546875	3.2568359375
8.857996	2.412109375	2.0458984375
8.858996	1.42578125	1.513671875
8.859996	2.36328125	2.7197265625
8.860996	3.3984375	3.30078125
8.861996	2.5146484375	2.138671875
8.862996	1.4404296875	1.484375
8.863996	2.265625	2.6220703125
8.864996	3.3837890625	3.3251953125
8.865996	2.6171875	2.236328125
8.866996	1.4599609375	1.4697265625
8.868	2.1728515625	2.5390625
8.869	3.349609375	3.3447265625
8.87	2.71484375	2.32421875
8.871	1.494140625	1.4599609375
8.872	2.060546875	2.4267578125
8.873	3.3251953125	3.349609375
8.874	2.8076171875	2.4267578125
8.875	1.5234375	1.455078125
8.876	1.982421875	2.3291015625
8.877	3.291015625	3.3447265625
8.878	2.890625	2.5048828125
8.879	1.5673828125	1.4599609375
8.879996	1.904296875	2.2509765625
8.880996	3.2421875	3.3251953125
8.881996	2.9638671875	2.6025390625
8.882996	1.62109375	1.484375
8.883996	1.8359375	2.1630859375
8.884996	3.1884765625	3.3056640625
8.885996	3.037109375	2.685546875
8.886996	1.669921875	1.5185546875
8.887996	1.767578125	2.0849609375
8.888996	3.134765625	3.271484375
8.889996	3.1005859375	2.75390625
8.890996	1.728515625	1.533203125
8.891996	1.7041015625	2.0068359375
8.892996	3.0712890625	3.2568359375
8.893996	3.1640625	2.841796875
8.894996	1.7919921875	1.572265625
8.895996	1.6455078125	1.93359375
8.896996	3.017578125	3.212890625
8.897996	3.203125	2.91015625
8.898996	1.8603515625	1.6162109375
8.899996	1.5966796875	1.8701171875
8.900996	2.939453125	3.1640625
8.901996	3.2421875	2.96875
8.902996	1.923828125	1.650390625
8.903996	1.552734375	1.8017578125
8.904996	2.8759765625	3.125
8.905996	3.2861328125	3.02734375
8.906996	1.9921875	1.708984375
8.907996	1.5185546875	1.7529296875
8.908996	2.8076171875	3.0712890625
8.910008	3.310546875	3.0615234375
8.911	2.0556640625	1.748046875
8.912	1.4892578125	1.7138671875
8.913	2.744140625	3.0322265625
8.914	3.349609375	3.125
8.915	2.12890625	1.8017578125
8.916	1.46484375	1.669921875
8.917	2.67578125	2.978515625
8.918	3.3642578125	3.1640625
8.919	2.197265625	1.8603515625
8.92	1.4599609375	1.6162109375
8.921	2.6025390625	2.91015625
8.921996	3.3740234375	3.193359375
8.922996	2.2607421875	1.9140625
8.923996	1.4501953125	1.5869140625
8.924996	2.5390625	2.8564453125
8.925996	3.3837890625	3.2373046875
8.926996	2.3291015625	1.97265625
8.927996	1.4404296875	1.552734375
8.928996	2.48046875	2.8173828125
8.929996	3.3935546875	3.251953125
8.930996	2.3828125	2.021484375
8.931996	1.435546875	1.533203125
8.932996	2.4169921875	2.7587890625
8.933996	3.3984375	3.28125
8.934996	2.451171875	2.0751953125
8.935996	1.42578125	1.513671875
8.936996	2.3583984375	2.7001953125
8.937996	3.3935546875	3.30078125
8.938996	2.4951171875	2.1240234375
8.939996	1.4404296875	1.50390625
8.940996	2.2998046875	2.646484375
8.941996	3.388671875	3.3203125
8.942996	2.5634765625	2.197265625
8.943996	1.4404296875	1.4794921875
8.944996	2.2412109375	2.59765625
8.945996	3.3740234375	3.3349609375
8.946996	2.6171875	2.2314453125
8.947996	1.455078125	1.4697265625
8.948996	2.1923828125	2.5439453125
8.949996	3.369140625	3.3349609375
8.950996	2.65625	2.2802734375
8.951996	1.474609375	1.4599609375
8.953	2.158203125	2.5146484375
8.954	3.3642578125	3.33984375
8.955	2.705078125	2.3193359375
8.956	1.484375	1.46484375
8.957	2.1044921875	2.4609375
8.958	3.330078125	3.349609375
8.959	2.7490234375	2.3583984375
8.96	1.494140625	1.455078125
8.961	2.0654296875	2.4169921875
8.962	3.3251953125	3.3447265625
8.963	2.79296875	2.4169921875
8.964	1.5087890625	1.46484375
8.964996	2.01171875	2.373046875
8.965996	3.30078125	3.349609375
8.966996	2.8271484375	2.451171875
8.967996	1.5283203125	1.4599609375
8.968996	1.9873046875	2.3388671875
8.969996	3.2861328125	3.3447265625
8.970996	2.8515625	2.48046875
8.971996	1.5478515625	1.46484375
8.972996	1.953125	2.2998046875
8.973996	3.2763671875	3.33984375
8.974996	2.900390625	2.5244140625
8.975996	1.5625	1.46484375
8.976996	1.9287109375	2.265625
8.977996	3.2568359375	3.330078125
8.978996	2.9248046875	2.5537109375
8.979996	1.5869140625	1.46484375
8.980996	1.8994140625	2.2412109375
8.981996	3.2421875	3.3349609375
8.982996	2.94921875	2.578125
8.983996	1.591796875	1.4794921875
8.984996	1.875	2.20703125
8.985996	3.2275390625	3.3251953125
8.986996	2.96875	2.6123046875
8.987996	1.6162109375	1.484375
8.988996	1.8408203125	2.1826171875
8.989996	3.212890625	3.3251953125
8.990996	2.9931640625	2.63671875
8.991996	1.630859375	1.494140625
8.992996	1.81640625	2.1533203125
8.993996	3.193359375	3.3154296875
8.994996	3.0126953125	2.6513671875
8.996	1.6259765625	1.494140625
8.997	1.806640625	2.12890625
8.998	3.1787109375	3.2958984375
8.999	3.02734375	2.67578125
9.0	1.6552734375	1.50390625
9.001	1.7919921875	2.109375
9.002	3.1689453125	3.3056640625
9.003	3.0419921875	2.7001953125
9.004	1.66015625	1.50390625
9.005	1.77734375	2.0947265625
9.006	3.154296875	3.291015625
9.007	3.0615234375	2.705078125
9.007996	1.6796875	1.5087890625
9.008996	1.767578125	2.0849609375
9.009996	3.14453125	3.291015625
9.010996	3.0712890625	2.724609375
9.011996	1.689453125	1.513671875
9.012996	1.748046875	2.0751953125
9.013996	3.1396484375	3.2861328125
9.014996	3.0810546875	2.734375
9.015996	1.69921875	1.5185546875
9.016996	1.7529296875	2.0703125
9.017996	3.125	3.291015625
9.018996	3.0908203125	2.7392578125
9.019996	1.7041015625	1.5283203125
9.020996	1.7431640625	2.060546875
9.021996	3.125	3.2763671875
9.022996	3.095703125	2.75390625
9.023996	1.7041015625	1.5283203125
9.024996	1.73828125	2.0458984375
9.025996	3.125	3.2763671875
9.026996	3.1005859375	2.75390625
9.027996	1.708984375	1.533203125
9.028996	1.7333984375	2.041015625
9.029996	3.1201171875	3.271484375
9.030996	3.095703125	2.7587890625
9.031996	1.708984375	1.572265625
9.032996	1.6015625	1.7626953125
9.033996	1.5771484375	1.8603515625
9.034996	1.5380859375	1.884765625
9.035996	1.5185546875	1.826171875
9.036996	1.4990234375	1.7236328125
9.038008	1.4697265625	1.5966796875
9.039	1.4599609375	1.494140625
9.04	1.4453125	1.4111328125
9.041	1.435546875	1.357421875
9.042	1.435546875	1.3427734375
9.043	1.435546875	1.3427734375
9.044	1.435546875	1.3671875
9.045	1.4453125	1.396484375
9.046	1.455078125	1.4208984375
9.047	1.4794921875	1.46484375
9.048	1.494140625	1.4892578125
9.049	1.5185546875	1.513671875
9.049996	1.5478515625	1.5380859375
9.050996	1.5771484375	1.552734375
9.051996	1.6162109375	1.5771484375
9.052996	1.6455078125	1.6015625
9.053996	1.6845703125	1.6357421875
9.054996	1.7431640625	1.6650390625
9.055996	1.787109375	1.7138671875
9.056996	1.8408203125	1.767578125
9.057996	1.89453125	1.8212890625
9.058996	1.943359375	1.8701171875
9.059996	2.0068359375	1.9287109375
9.060996	2.0556640625	1.982421875
9.061996	2.1240234375	2.05078125
9.062996	2.1826171875	2.109375
9.063996	2.255859375	2.1728515625
9.064996	2.32421875	2.2314453125
9.065996	2.3828125	2.2998046875
9.066996	2.451171875	2.3583984375
9.067996	2.529296875	2.431640625
9.068996	2.5927734375	2.4951171875
9.069996	2.646484375	2.55859375
9.070996	2.7197265625	2.626953125
9.071996	2.7783203125	2.6953125
9.072996	2.841796875	2.75390625
9.073996	2.8955078125	2.822265625
9.074996	2.94921875	2.8759765625
9.075996	3.0078125	2.9345703125
9.076996	3.06640625	2.98828125
9.077996	3.115234375	3.0419921875
9.078996	3.154296875	3.0810546875
9.079996	3.203125	3.1298828125
9.081	3.232421875	3.173828125
9.082	3.2763671875	3.22265625
9.083	3.2958984375	3.251953125
9.084	3.33984375	3.28125
9.085	3.3544921875	3.310546875
9.086	3.3642578125	3.330078125
9.087	3.3837890625	3.3447265625
9.088	3.388671875	3.3642578125
9.089	3.3984375	3.3642578125
9.09	3.3935546875	3.3740234375
9.091	3.3935546875	3.369140625
9.092	3.3837890625	3.369140625
9.092996	3.3642578125	3.3544921875
9.093996	3.33984375	3.349609375
9.094996	3.3203125	3.3203125
9.095996	3.2763671875	3.2958984375
9.096996	3.2373046875	3.2763671875
9.097996	3.212890625	3.232421875
9.098996	3.1591796875	3.1982421875
9.099996	3.115234375	3.1591796875
9.100996	3.0615234375	3.115234375
9.101996	3.0078125	3.0517578125
9.102996	2.9541015625	3.0029296875
9.103996	2.8955078125	2.9345703125
9.104996	2.8271484375	2.880859375
9.105996	2.763671875	2.8173828125
9.106996	2.685546875	2.75390625
9.107996	2.6220703125	2.6806640625
9.108996	2.5537109375	2.6123046875
9.109996	2.4755859375	2.5439453125
9.110996	2.412109375	2.470703125
9.111996	2.3388671875	2.40234375
9.112996	2.265625	2.333984375
9.113996	2.1923828125	2.2607421875
9.114996	2.1240234375	2.1875
9.115996	2.0556640625	2.1240234375
9.116996	1.9873046875	2.0458984375
9.117996	1.9140625	1.982421875
9.118996	1.85546875	1.9189453125
9.119996	1.796875	1.8603515625
9.120996	1.73828125	1.796875
9.121996	1.689453125	1.73828125
9.122996	1.6357421875	1.6748046875
9.124	1.6015625	1.6455078125
9.125	1.5576171875	1.5869140625
9.126	1.5283203125	1.5576171875
9.127	1.4990234375	1.5185546875
9.128	1.4697265625	1.484375
9.129	1.455078125	1.474609375
9.13	1.4404296875	1.4453125
9.131	1.435546875	1.4404296875
9.132	1.4306640625	1.4306640625
9.133	1.435546875	1.4306640625
9.134	1.455078125	1.435546875
9.135	1.4697265625	1.435546875
9.135996	1.494140625	1.4599609375
9.136996	1.5185546875	1.4697265625
9.137996	1.54296875	1.50390625
9.138996	1.5869140625	1.5478515625
9.139996	1.630859375	1.572265625
9.140996	1.6796875	1.62109375
9.141996	1.7333984375	1.669921875
9.142996	1.796875	1.7236328125
9.143996	1.8505859375	1.7822265625
9.144996	1.9189453125	1.8310546875
9.145996	1.9921875	1.904296875
9.146996	2.060546875	1.9677734375
9.147996	2.138671875	2.0458984375
9.148996	2.20703125	2.119140625
9.149996	2.2900390625	2.197265625
9.150996	2.3681640625	2.265625
9.151996	2.451171875	2.353515625
9.152996	2.5390625	2.431640625
9.153996	2.6025390625	2.5048828125
9.154996	2.685546875	2.578125
9.155996	2.75390625	2.6611328125
9.156996	2.8369140625	2.734375
9.157996	2.9052734375	2.8076171875
9.158996	2.96875	2.8759765625
9.159996	3.037109375	2.939453125
9.160996	3.095703125	3.0126953125
9.161996	3.1396484375	3.0712890625
9.162996	3.203125	3.125
9.163996	3.251953125	3.1787109375
9.164996	3.2861328125	3.2177734375
9.166008	3.3251953125	3.251953125
9.167	3.349609375	3.291015625
9.168	3.3642578125	3.3251953125
9.169	3.3837890625	3.3544921875
9.17	3.3935546875	3.359375
9.171	3.3935546875	3.3740234375
9.172	3.37890625	3.369140625
9.173	3.3837890625	3.3642578125
9.174	3.3544921875	3.3544921875
9.175	3.33984375	3.3447265625
9.176	3.30078125	3.3154296875
9.177	3.271484375	3.28125
9.177996	3.2275390625	3.2568359375
9.178996	3.173828125	3.203125
9.179996	3.1201171875	3.1591796875
9.180996	3.0615234375	3.10546875
9.181996	2.998046875	3.0517578125
9.182996	2.9296875	2.9833984375
9.183996	2.8466796875	2.9150390625
9.184996	2.7734375	2.841796875
9.185996	2.7001953125	2.763671875
9.186996	2.607421875	2.6904296875
9.187996	2.529296875	2.6123046875
9.188996	2.4462890625	2.5341796875
9.189996	2.36328125	2.44140625
9.190996	2.2705078125	2.36328125
9.191996	2.197265625	2.275390625
9.192996	2.1142578125	2.1923828125
9.193996	2.0361328125	2.1337890625
9.194996	1.9580078125	2.0361328125
9.195996	1.875	1.953125
9.196996	1.8115234375	1.884765625
9.197996	1.7431640625	1.81640625
9.198996	1.689453125	1.7529296875
9.199996	1.6259765625	1.6845703125
9.200996	1.58203125	1.6259765625
9.201996	1.54296875	1.5771484375
9.202996	1.50390625	1.533203125
9.203996	1.4794921875	1.4990234375
9.204996	1.4599609375	1.474609375
9.205996	1.435546875	1.455078125
9.206996	1.42578125	1.4306640625
9.207996	1.4404296875	1.435546875
9.209	1.4501953125	1.435546875
9.21	1.46484375	1.435546875
9.211	1.484375	1.455078125
9.212	1.513671875	1.4697265625
9.213	1.5576171875	1.4990234375
9.214	1.6015625	1.5478515625
9.215	1.66015625	1.5966796875
9.216	1.708984375	1.640625
9.217	1.7724609375	1.69921875
9.218	1.845703125	1.7578125
9.219	1.923828125	1.8310546875
9.22	2.001953125	1.9091796875
9.220996	2.0849609375	1.9775390625
9.221996	2.1630859375	2.0556640625
9.222996	2.2509765625	2.1484375
9.223996	2.3388671875	2.2314453125
9.224996	2.44140625	2.3291015625
9.225996	2.529296875	2.412109375
9.226996	2.6171875	2.5
9.227996	2.705078125	2.587890625
9.228996	2.7880859375	2.6806640625
9.229996	2.8759765625	2.7685546875
9.230996	2.9541015625	2.8466796875
9.231996	3.0224609375	2.9150390625
9.232996	3.0908203125	2.9931640625
9.233996	3.1591796875	3.0712890625
9.234996	3.2080078125	3.115234375
9.235996	3.26171875	3.1884765625
9.236996	3.2958984375	3.2373046875
9.237996	3.3349609375	3.271484375
9.238996	3.359375	3.3154296875
9.239996	3.3837890625	3.3447265625
9.240996	3.3984375	3.359375
9.241996	3.3935546875	3.3642578125
9.242996	3.3935546875	3.3740234375
9.243996	3.37890625	3.3642578125
9.244996	3.33984375	3.349609375
9.245996	3.3154296875	3.3251953125
9.246996	3.28125	3.291015625
9.247996	3.232421875	3.26171875
9.248996	3.173828125	3.2080078125
9.249996	3.10546875	3.1640625
9.250996	3.0419921875	3.095703125
9.252	2.958984375	3.0322265625
9.253	2.880859375	2.958984375
9.254	2.7978515625	2.8759765625
9.255	2.705078125	2.79296875
9.256	2.6220703125	2.705078125
9.257	2.5341796875	2.6220703125
9.258	2.431640625	2.529296875
9.259	2.3388671875	2.431640625
9.26	2.2509765625	2.34375
9.261	2.1484375	2.2412109375
9.262	2.0654296875	2.1533203125
9.263	1.9775390625	2.0703125
9.263996	1.8896484375	1.97265625
9.264996	1.8212890625	1.8994140625
9.265996	1.73828125	1.81640625
9.266996	1.6796875	1.73828125
9.267996	1.6162109375	1.669921875
9.268996	1.5576171875	1.6162109375
9.269996	1.5234375	1.5673828125
9.270996	1.4794921875	1.5185546875
9.271996	1.4599609375	1.4892578125
9.272996	1.4453125	1.4501953125
9.273996	1.435546875	1.4453125
9.274996	1.4404296875	1.4404296875
9.275996	1.4501953125	1.435546875
9.276996	1.474609375	1.4453125
9.277996	1.4990234375	1.46484375
9.278996	1.54296875	1.494140625
9.279996	1.591796875	1.533203125
9.280996	1.6455078125	1.572265625
9.281996	1.708984375	1.630859375
9.282996	1.787109375	1.6943359375
9.283996	1.8603515625	1.7626953125
9.284996	1.943359375	1.845703125
9.285996	2.0361328125	1.9287109375
9.286996	2.1337890625	2.01171875
9.287996	2.216796875	2.1044921875
9.288996	2.32421875	2.197265625
9.289996	2.421875	2.294921875
9.290996	2.51953125	2.3876953125
9.291996	2.626953125	2.4951171875
9.292996	2.724609375	2.59765625
9.294008	2.8173828125	2.6953125
9.295	2.9052734375	2.783203125
9.296	2.9931640625	2.87109375
9.297	3.06640625	2.9443359375
9.298	3.1396484375	3.0322265625
9.299	3.203125	3.10546875
9.3	3.26171875	3.173828125
9.301	3.30078125	3.2177734375
9.302	3.3349609375	3.2763671875
9.303	3.3740234375	3.3154296875
9.304	3.388671875	3.3447265625
9.305	3.3984375	3.359375
9.305996	3.3984375	3.37890625
9.306996	3.37890625	3.369140625
9.307996	3.359375	3.3544921875
9.308996	3.3251953125	3.33984375
9.309996	3.28125	3.3056640625
9.310996	3.2275390625	3.26171875
9.311996	3.1689453125	3.2080078125
9.312996	3.095703125	3.1494140625
9.313996	3.0126953125	3.0810546875
9.314996	2.9345703125	3.0078125
9.315996	2.8369140625	2.9248046875
9.316996	2.7392578125	2.8271484375
9.317996	2.6513671875	2.744140625
9.318996	2.5537109375	2.6416015625
9.319996	2.4365234375	2.548828125
9.320996	2.34375	2.4462890625
9.321996	2.2412109375	2.333984375
9.322996	2.1240234375	2.2314453125
9.323996	2.0361328125	2.138671875
9.324996	1.943359375	2.0361328125
9.325996	1.85546875	1.9482421875
9.326996	1.7724609375	1.8603515625
9.327996	1.6943359375	1.7724609375
9.328996	1.6259765625	1.7041015625
9.329996	1.572265625	1.630859375
9.330996	1.5185546875	1.572265625
9.331996	1.4794921875	1.5185546875
9.332996	1.4599609375	1.4892578125
9.333996	1.4404296875	1.455078125
9.334996	1.42578125	1.4404296875
9.335996	1.435546875	1.435546875
9.337	1.46484375	1.4453125
9.338	1.4892578125	1.4599609375
9.339	1.5283203125	1.4794921875
9.34	1.5771484375	1.5185546875
9.341	1.640625	1.572265625
9.342	1.7041015625	1.6259765625
9.343	1.7822265625	1.69921875
9.344	1.875	1.7724609375
9.345	1.9677734375	1.8505859375
9.346	2.0703125	1.953125
9.347	2.16796875	2.0458984375
9.348	2.2705078125	2.138671875
9.348996	2.3828125	2.24609375
9.349996	2.4951171875	2.353515625
9.350996	2.59765625	2.4658203125
9.351996	2.7099609375	2.5732421875
9.352996	2.8125	2.6806640625
9.353996	2.900390625	2.7734375
9.354996	2.998046875	2.8759765625
9.355996	3.0810546875	2.9638671875
9.356996	3.154296875	3.046875
9.357996	3.2275390625	3.115234375
9.358996	3.2763671875	3.193359375
9.359996	3.330078125	3.2421875
9.360996	3.369140625	3.291015625
9.361996	3.37890625	3.330078125
9.362996	3.3935546875	3.3544921875
9.363996	3.3984375	3.359375
9.364996	3.37890625	3.359375
9.365996	3.349609375	3.3544921875
9.366996	3.3203125	3.330078125
9.367996	3.271484375	3.28125
9.368996	3.1982421875	3.2421875
9.369996	3.1298828125	3.193359375
9.370996	3.046875	3.115234375
9.371996	2.958984375	3.046875
9.372996	2.87109375	2.958984375
9.373996	2.7685546875	2.861328125
9.374996	2.6611328125	2.7685546875
9.375996	2.5537109375	2.6611328125
9.376996	2.44140625	2.5537109375
9.377996	2.3291015625	2.44140625
9.378996	2.216796875	2.32421875
9.38	2.099609375	2.2216796875
9.381	2.001953125	2.109375
9.382	1.904296875	2.0068359375
9.383	1.806640625	1.9140625
9.384	1.728515625	1.81640625
9.385	1.6455078125	1.7333984375
9.386	1.58203125	1.66015625
9.387	1.5283203125	1.591796875
9.388	1.484375	1.5380859375
9.389	1.4501953125	1.4892578125
9.39	1.4404296875	1.46484375
9.391	1.435546875	1.435546875
9.391996	1.435546875	1.435546875
9.392996	1.46484375	1.4404296875
9.393996	1.50390625	1.46484375
9.394996	1.5576171875	1.4990234375
9.395996	1.611328125	1.54296875
9.396996	1.669921875	1.6064453125
9.397996	1.7626953125	1.6748046875
9.398996	1.85546875	1.748046875
9.399996	1.953125	1.8408203125
9.400996	2.060546875	1.9384765625
9.401996	2.16796875	2.03125
9.402996	2.28515625	2.1533203125
9.403996	2.40234375	2.2607421875
9.404996	2.51953125	2.36328125
9.405996	2.63671875	2.48046875
9.406996	2.7490234375	2.59765625
9.407996	2.8564453125	2.705078125
9.408996	2.94921875	2.8125
9.409996	3.046875	2.9150390625
9.410996	3.134765625	3.0078125
9.411996	3.203125	3.1005859375
9.412996	3.2763671875	3.173828125
9.413996	3.3203125	3.2421875
9.414996	3.3544921875	3.2861328125
9.415996	3.388671875	3.3251953125
9.416996	3.388671875	3.349609375
9.417996	3.3837890625	3.3642578125
9.418996	3.369140625	3.359375
9.419996	3.3447265625	3.33984375
9.420996	3.30078125	3.3203125
9.422008	3.232421875	3.271484375
9.423	3.1689453125	3.2177734375
9.424	3.0859375	3.154296875
9.425	2.9931640625	3.06640625
9.426	2.890625	2.978515625
9.427	2.783203125	2.880859375
9.428	2.6708984375	2.783203125
9.429	2.55859375	2.666015625
9.43	2.431640625	2.5537109375
9.431	2.314453125	2.44140625
9.432	2.1923828125	2.3193359375
9.433	2.080078125	2.197265625
9.433996	1.97265625	2.0849609375
9.434996	1.8603515625	1.9775390625
9.435996	1.7626953125	1.8701171875
9.436996	1.6796875	1.787109375
9.437996	1.6064453125	1.6943359375
9.438996	1.5478515625	1.62109375
9.439996	1.4990234375	1.5576171875
9.440996	1.4697265625	1.5185546875
9.441996	1.435546875	1.4697265625
9.442996	1.435546875	1.4501953125
9.443996	1.435546875	1.4404296875
9.444996	1.474609375	1.4501953125
9.445996	1.5087890625	1.46484375
9.446996	1.5625	1.4990234375
9.447996	1.630859375	1.5625
9.448996	1.708984375	1.611328125
9.449996	1.7919921875	1.69921875
9.450996	1.904296875	1.787109375
9.451996	2.01171875	1.8798828125
9.452996	2.1240234375	1.982421875
9.453996	2.24609375	2.1044921875
9.454996	2.373046875	2.2119140625
9.455996	2.490234375	2.34375
9.456996	2.6171875	2.4658203125
9.457996	2.7392578125	2.578125
9.458996	2.8515625	2.7001953125
9.459996	2.958984375	2.8173828125
9.460996	3.056640625	2.919921875
9.461996	3.14453125	3.017578125
9.462996	3.2275390625	3.10546875
9.463996	3.2861328125	3.193359375
9.465	3.33984375	3.251953125
9.466	3.3740234375	3.30078125
9.467	3.3984375	3.33984375
9.468	3.4033203125	3.359375
9.469	3.388671875	3.359375
9.47	3.349609375	3.3544921875
9.471	3.3056640625	3.3203125
9.472	3.2470703125	3.271484375
9.473	3.1640625	3.2275390625
9.474	3.0908203125	3.154296875
9.475	2.9931640625	3.076171875
9.476	2.8857421875	2.9833984375
9.476996	2.7734375	2.880859375
9.477996	2.646484375	2.7685546875
9.478996	2.5244140625	2.6513671875
9.479996	2.392578125	2.5244140625
9.480996	2.2607421875	2.40234375
9.481996	2.138671875	2.275390625
9.482996	2.021484375	2.1533203125
9.483996	1.8994140625	2.0361328125
9.484996	1.796875	1.9189453125
9.485996	1.708984375	1.8115234375
9.486996	1.630859375	1.7236328125
9.487996	1.5478515625	1.6357421875
9.488996	1.4990234375	1.572265625
9.489996	1.46484375	1.5087890625
9.490996	1.4404296875	1.474609375
9.491996	1.4404296875	1.4453125
9.492996	1.4453125	1.4453125
9.493996	1.474609375	1.455078125
9.494996	1.513671875	1.4697265625
9.495996	1.58203125	1.513671875
9.496996	1.66015625	1.58203125
9.497996	1.7431640625	1.650390625
9.498996	1.8505859375	1.7333984375
9.499996	1.962890625	1.8310546875
9.500996	2.080078125	1.943359375
9.501996	2.2119140625	2.0556640625
9.502996	2.3291015625	2.177734375
9.503996	2.470703125	2.3046875
9.504996	2.59765625	2.4365234375
9.505996	2.71484375	2.55859375
9.506996	2.8515625	2.6904296875
9.508	2.9638671875	2.8076171875
9.509	3.06640625	2.9150390625
9.51	3.1591796875	3.02734375
9.511	3.2373046875	3.115234375
9.512	3.3056640625	3.1982421875
9.513	3.3544921875	3.2666015625
9.514	3.3837890625	3.310546875
9.515	3.388671875	3.3447265625
9.516	3.3935546875	3.359375
9.517	3.3642578125	3.3544921875
9.518	3.330078125	3.330078125
9.519	3.271484375	3.30078125
9.519996	3.193359375	3.2470703125
9.520996	3.115234375	3.1787109375
9.521996	3.017578125	3.0859375
9.522996	2.900390625	2.998046875
9.523996	2.7783203125	2.900390625
9.524996	2.6416015625	2.783203125
9.525996	2.51953125	2.6513671875
9.526996	2.3828125	2.51953125
9.527996	2.2509765625	2.392578125
9.528996	2.1142578125	2.2705078125
9.529996	1.9921875	2.138671875
9.530996	1.8798828125	1.9970703125
9.531996	1.767578125	1.8896484375
9.532996	1.6748046875	1.7822265625
9.533996	1.591796875	1.6845703125
9.534996	1.5234375	1.611328125
9.535996	1.484375	1.5380859375
9.536996	1.4501953125	1.4892578125
9.537996	1.435546875	1.4599609375
9.538996	1.4453125	1.4501953125
9.539996	1.4697265625	1.455078125
9.540996	1.4990234375	1.474609375
9.541996	1.5673828125	1.5087890625
9.542996	1.66015625	1.5673828125
9.543996	1.73828125	1.640625
9.544996	1.8505859375	1.728515625
9.545996	1.9677734375	1.8408203125
9.546996	2.08984375	1.9384765625
9.547996	2.2265625	2.0654296875
9.548996	2.373046875	2.2021484375
9.550008	2.509765625	2.3388671875
9.551	2.6513671875	2.4755859375
9.552	2.7734375	2.59765625
9.553	2.8955078125	2.734375
9.554	3.017578125	2.8564453125
9.555	3.1201171875	2.9638671875
9.556	3.203125	3.0712890625
9.557	3.28125	3.1640625
9.558	3.33984375	3.2373046875
9.559	3.3740234375	3.291015625
9.56	3.3984375	3.3251953125
9.561	3.3984375	3.359375
9.561996	3.3740234375	3.3544921875
9.562996	3.330078125	3.3349609375
9.563996	3.2763671875	3.3056640625
9.564996	3.193359375	3.2421875
9.565996	3.095703125	3.1787109375
9.566996	2.9931640625	3.0810546875
9.567996	2.880859375	2.978515625
9.568996	2.744140625	2.87109375
9.569996	2.6123046875	2.744140625
9.570996	2.4755859375	2.607421875
9.571996	2.32421875	2.48046875
9.572996	2.1875	2.34375
9.573996	2.0556640625	2.2021484375
9.574996	1.923828125	2.0751953125
9.575996	1.8017578125	1.953125
9.576996	1.708984375	1.8359375
9.577996	1.62109375	1.7333984375
9.578996	1.54296875	1.6357421875
9.579996	1.4794921875	1.5673828125
9.580996	1.4453125	1.4990234375
9.581996	1.4306640625	1.46484375
9.582996	1.4306640625	1.4453125
9.583996	1.4697265625	1.4453125
9.584996	1.5087890625	1.474609375
9.585996	1.5771484375	1.50390625
9.586996	1.6552734375	1.58203125
9.587996	1.767578125	1.650390625
9.588996	1.875	1.7431640625
9.589996	2.0068359375	1.865234375
9.590996	2.138671875	1.9775390625
9.591996	2.275390625	2.109375
9.593	2.431640625	2.255859375
9.594	2.578125	2.392578125
9.595	2.71484375	2.5341796875
9.596	2.841796875	2.6611328125
9.597	2.9736328125	2.802734375
9.598	3.0810546875	2.919921875
9.599	3.18359375	3.0322265625
9.6	3.2666015625	3.1298828125
9.601	3.330078125	3.2177734375
9.602	3.37890625	3.2861328125
9.603	3.3935546875	3.3154296875
9.604	3.388671875	3.349609375
9.604996	3.369140625	3.349609375
9.605996	3.3203125	3.33984375
9.606996	3.2666015625	3.30078125
9.607996	3.1884765625	3.2373046875
9.608996	3.076171875	3.1591796875
9.609996	2.96875	3.0712890625
9.610996	2.8466796875	2.958984375
9.611996	2.705078125	2.83203125
9.612996	2.55859375	2.71484375
9.613996	2.4169921875	2.568359375
9.614996	2.2705078125	2.4267578125
9.615996	2.1240234375	2.28515625
9.616996	1.9873046875	2.1435546875
9.617996	1.8505859375	2.01171875
9.618996	1.7431640625	1.875
9.619996	1.6455078125	1.7626953125
9.620996	1.552734375	1.689453125
9.621996	1.494140625	1.58203125
9.622996	1.455078125	1.5234375
9.623996	1.435546875	1.4794921875
9.624996	1.435546875	1.455078125
9.625996	1.4697265625	1.4599609375
9.626996	1.5185546875	1.474609375
9.627996	1.58203125	1.513671875
9.628996	1.669921875	1.58203125
9.629996	1.77734375	1.6650390625
9.630996	1.89453125	1.7529296875
9.631996	2.0361328125	1.8798828125
9.632996	2.1826171875	2.0068359375
9.633996	2.32421875	2.1337890625
9.634996	2.4609375	2.28515625
9.636	2.626953125	2.4365234375
9.637	2.763671875	2.5732421875
9.638	2.91015625	2.7197265625
9.639	3.037109375	2.861328125
9.64	3.14453125	2.978515625
9.641	3.232421875	3.0810546875
9.642	3.3056640625	3.18359375
9.643	3.3642578125	3.2568359375
9.644	3.3935546875	3.3154296875
9.645	3.4033203125	3.3447265625
9.646	3.3837890625	3.359375
9.647	3.33984375	3.33984375
9.647996	3.271484375	3.2958984375
9.648996	3.1884765625	3.2470703125
9.649996	3.0810546875	3.1640625
9.650996	2.9638671875	3.0712890625
9.651996	2.841796875	2.9638671875
9.652996	2.7001953125	2.8369140625
9.653996	2.5390625	2.6953125
9.654996	2.3876953125	2.5537109375
9.655996	2.24609375	2.4072265625
9.656996	2.08984375	2.255859375
9.657996	1.9482421875	2.119140625
9.658996	1.81640625	1.97265625
9.659996	1.69921875	1.8505859375
9.660996	1.6015625	1.728515625
9.661996	1.5185546875	1.6259765625
9.662996	1.474609375	1.5576171875
9.663996	1.435546875	1.50390625
9.664996	1.435546875	1.4599609375
9.665996	1.455078125	1.4501953125
9.666996	1.4892578125	1.46484375
9.667996	1.5869140625	1.50390625
9.668996	1.6455078125	1.5625
9.669996	1.748046875	1.640625
9.670996	1.875	1.7333984375
9.671996	2.0068359375	1.8505859375
9.672996	2.158203125	1.982421875
9.673996	2.3046875	2.119140625
9.674996	2.470703125	2.275390625
9.675996	2.6220703125	2.421875
9.676996	2.7783203125	2.578125
9.678008	2.9150390625	2.724609375
9.679	3.046875	2.8564453125
9.68	3.154296875	2.98828125
9.681	3.2470703125	3.1005859375
9.682	3.3154296875	3.18359375
9.683	3.369140625	3.26171875
9.684	3.3935546875	3.3154296875
9.685	3.3984375	3.349609375
9.686	3.3642578125	3.3447265625
9.687	3.3056640625	3.330078125
9.688	3.2421875	3.28125
9.689	3.1396484375	3.212890625
9.689996	3.0224609375	3.1298828125
9.690996	2.8955078125	3.0126953125
9.691996	2.7490234375	2.8857421875
9.692996	2.59765625	2.75390625
9.693996	2.4365234375	2.607421875
9.694996	2.28515625	2.451171875
9.695996	2.1142578125	2.3046875
9.696996	1.97265625	2.1435546875
9.697996	1.8359375	2.0068359375
9.698996	1.71875	1.8701171875
9.699996	1.6162109375	1.748046875
9.700996	1.5283203125	1.6455078125
9.701996	1.4697265625	1.5625
9.702996	1.4404296875	1.50390625
9.703996	1.4404296875	1.46484375
9.704996	1.46484375	1.4599609375
9.705996	1.4990234375	1.474609375
9.706996	1.572265625	1.5087890625
9.707996	1.6650390625	1.5673828125
9.708996	1.7822265625	1.66015625
9.709996	1.9189453125	1.767578125
9.710996	2.0556640625	1.8896484375
9.711996	2.216796875	2.0361328125
9.712996	2.3779296875	2.1728515625
9.713996	2.5439453125	2.333984375
9.714996	2.7001953125	2.490234375
9.715996	2.8466796875	2.63671875
9.716996	2.98828125	2.79296875
9.717996	3.115234375	2.9248046875
9.718996	3.212890625	3.056640625
9.719996	3.30078125	3.1591796875
9.721	3.3544921875	3.2421875
9.722	3.388671875	3.30078125
9.723	3.3837890625	3.3447265625
9.724	3.369140625	3.3447265625
9.725	3.3251953125	3.3349609375
9.726	3.251953125	3.2861328125
9.727	3.1494140625	3.22265625
9.728	3.02734375	3.134765625
9.729	2.8955078125	3.017578125
9.73	2.7490234375	2.8955078125
9.731	2.5830078125	2.744140625
9.732	2.421875	2.59765625
9.732996	2.255859375	2.44140625
9.733996	2.099609375	2.28515625
9.734996	1.9482421875	2.12890625
9.735996	1.806640625	1.9775390625
9.736996	1.689453125	1.845703125
9.737996	1.591796875	1.7236328125
9.738996	1.5087890625	1.62109375
9.739996	1.46484375	1.5478515625
9.740996	1.4306640625	1.484375
9.741996	1.4453125	1.4599609375
9.742996	1.474609375	1.46484375
9.743996	1.5283203125	1.4892578125
9.744996	1.6162109375	1.5380859375
9.745996	1.7333984375	1.611328125
9.746996	1.85546875	1.7236328125
9.747996	2.01171875	1.845703125
9.748996	2.1630859375	1.982421875
9.749996	2.32421875	2.12890625
9.750996	2.4951171875	2.28515625
9.751996	2.666015625	2.451171875
9.752996	2.8173828125	2.6123046875
9.753996	2.96875	2.763671875
9.754996	3.095703125	2.900390625
9.755996	3.212890625	3.0322265625
9.756996	3.30078125	3.1494140625
9.757996	3.359375	3.232421875
9.758996	3.3935546875	3.30078125
9.759996	3.3837890625	3.330078125
9.760996	3.3642578125	3.33984375
9.761996	3.3056640625	3.330078125
9.762996	3.2421875	3.271484375
9.764	3.1298828125	3.203125
9.765	2.998046875	3.1103515625
9.766	2.8564453125	2.978515625
9.767	2.7001953125	2.8515625
9.768	2.529296875	2.7001953125
9.769	2.3681640625	2.548828125
9.77	2.197265625	2.3779296875
9.771	2.03125	2.216796875
9.772	1.884765625	2.0703125
9.773	1.7529296875	1.9189453125
9.774	1.6259765625	1.787109375
9.775	1.5478515625	1.669921875
9.775996	1.4697265625	1.572265625
9.776996	1.4453125	1.513671875
9.777996	1.435546875	1.474609375
9.778996	1.46484375	1.46484375
9.779996	1.5087890625	1.4794921875
9.780996	1.6015625	1.533203125
9.781996	1.69921875	1.5966796875
9.782996	1.8310546875	1.689453125
9.783996	1.9775390625	1.826171875
9.784996	2.1533203125	1.9580078125
9.785996	2.314453125	2.1044921875
9.786996	2.490234375	2.275390625
9.787996	2.6611328125	2.44140625
9.788996	2.83203125	2.6025390625
9.789996	2.96875	2.7587890625
9.790996	3.1103515625	2.900390625
9.791996	3.2275390625	3.037109375
9.792996	3.30078125	3.1494140625
9.793996	3.3642578125	3.2421875
9.794996	3.3984375	3.3056640625
9.795996	3.3935546875	3.3349609375
9.796996	3.359375	3.3447265625
9.797996	3.30078125	3.310546875
9.798996	3.203125	3.251953125
9.799996	3.0712890625	3.1787109375
9.800996	2.94921875	3.06640625
9.801996	2.79296875	2.939453125
9.802996	2.626953125	2.79296875
9.803996	2.4462890625	2.63671875
9.804996	2.275390625	2.470703125
9.806008	2.109375	2.2998046875
9.807	1.943359375	2.1337890625
9.808	1.7919921875	1.982421875
9.809	1.669921875	1.8408203125
9.81	1.5673828125	1.7138671875
9.811	1.4892578125	1.611328125
9.812	1.4453125	1.533203125
9.813	1.4404296875	1.484375
9.814	1.455078125	1.46484375
9.815	1.5087890625	1.474609375
9.816	1.58203125	1.5185546875
9.817	1.6943359375	1.5966796875
9.817996	1.8310546875	1.6845703125
9.818996	1.9775390625	1.8115234375
9.819996	2.138671875	1.953125
9.820996	2.3193359375	2.109375
9.821996	2.5048828125	2.2705078125
9.822996	2.67578125	2.44140625
9.823996	2.841796875	2.6171875
9.824996	2.98828125	2.763671875
9.825996	3.125	2.9248046875
9.826996	3.2421875	3.056640625
9.827996	3.3154296875	3.1591796875
9.828996	3.3642578125	3.2568359375
9.829996	3.3984375	3.3154296875
9.830996	3.388671875	3.3349609375
9.831996	3.33984375	3.3349609375
9.832996	3.2666015625	3.30078125
9.833996	3.1640625	3.2275390625
9.834996	3.0224609375	3.134765625
9.835996	2.87109375	3.017578125
9.836996	2.705078125	2.87109375
9.837996	2.5341796875	2.724609375
9.838996	2.3583984375	2.5537109375
9.839996	2.177734375	2.3828125
9.840996	2.0068359375	2.2119140625
9.841996	1.8408203125	2.041015625
9.842996	1.7041015625	1.8896484375
9.843996	1.6015625	1.7626953125
9.844996	1.5087890625	1.650390625
9.845996	1.455078125	1.5576171875
9.846996	1.4404296875	1.50390625
9.847996	1.4453125	1.4697265625
9.849	1.50390625	1.4794921875
9.85	1.5673828125	1.5087890625
9.851	1.6845703125	1.5771484375
9.852	1.8115234375	1.6796875
9.853	1.97265625	1.8017578125
9.854	2.1337890625	1.9384765625
9.855	2.3193359375	2.099609375
9.856	2.5	2.275390625
9.857	2.6904296875	2.4462890625
9.858	2.861328125	2.6220703125
9.859	3.017578125	2.7734375
9.86	3.14453125	2.9296875
9.860996	3.251953125	3.0712890625
9.861996	3.3349609375	3.1787109375
9.862996	3.3837890625	3.2666015625
9.863996	3.388671875	3.3154296875
9.864996	3.3642578125	3.33984375
9.865996	3.3203125	3.3251953125
9.866996	3.232421875	3.2763671875
9.867996	3.115234375	3.193359375
9.868996	2.9736328125	3.095703125
9.869996	2.802734375	2.958984375
9.870996	2.626953125	2.8076171875
9.871996	2.451171875	2.6513671875
9.872996	2.265625	2.4755859375
9.873996	2.0751953125	2.294921875
9.874996	1.9189453125	2.12890625
9.875996	1.7626953125	1.9580078125
9.876996	1.630859375	1.806640625
9.877996	1.5380859375	1.6943359375
9.878996	1.474609375	1.58203125
9.879996	1.435546875	1.513671875
9.880996	1.4453125	1.4794921875
9.881996	1.4794921875	1.4697265625
9.882996	1.552734375	1.494140625
9.883996	1.66015625	1.5673828125
9.884996	1.7919921875	1.6552734375
9.885996	1.9482421875	1.7822265625
9.886996	2.119140625	1.9091796875
9.887996	2.3046875	2.0703125
9.888996	2.490234375	2.2509765625
9.889996	2.685546875	2.4365234375
9.890996	2.861328125	2.6171875
9.892	3.017578125	2.7734375
9.893	3.14453125	2.9345703125
9.894	3.2666015625	3.0712890625
9.895	3.3447265625	3.1884765625
9.896	3.388671875	3.26171875
9.897	3.4033203125	3.3203125
9.898	3.369140625	3.3349609375
9.899	3.30078125	3.3154296875
9.9	3.2080078125	3.251953125
9.901	3.0859375	3.1787109375
9.902	2.9296875	3.0615234375
9.903	2.75390625	2.9248046875
9.903996	2.5732421875	2.763671875
9.904996	2.3828125	2.587890625
9.905996	2.1875	2.40234375
9.906996	2.001953125	2.2314453125
9.907996	1.8408203125	2.060546875
9.908996	1.69921875	1.8994140625
9.909996	1.58203125	1.7578125
9.910996	1.50390625	1.640625
9.911996	1.4501953125	1.5576171875
9.912996	1.4404296875	1.50390625
9.913996	1.4599609375	1.474609375
9.914996	1.5185546875	1.494140625
9.915996	1.62109375	1.54296875
9.916996	1.7333984375	1.6259765625
9.917996	1.89453125	1.73828125
9.918996	2.060546875	1.8798828125
9.919996	2.265625	2.0361328125
9.920996	2.451171875	2.20703125
9.921996	2.646484375	2.3828125
9.922996	2.8271484375	2.5732421875
9.923996	2.998046875	2.7490234375
9.924996	3.14453125	2.9150390625
9.925996	3.251953125	3.0517578125
9.926996	3.3349609375	3.173828125
9.927996	3.37890625	3.251953125
9.928996	3.3837890625	3.310546875
9.929996	3.359375	3.3349609375
9.930996	3.30078125	3.310546875
9.931996	3.1884765625	3.2470703125
9.932996	3.0712890625	3.1640625
9.934008	2.9052734375	3.046875
9.935	2.7294921875	2.9052734375
9.936	2.5390625	2.744140625
9.937	2.34375	2.568359375
9.938	2.1533203125	2.3779296875
9.939	1.9677734375	2.2021484375
9.94	1.8017578125	2.0166015625
9.941	1.669921875	1.865234375
9.942	1.5576171875	1.7236328125
9.943	1.484375	1.611328125
9.944	1.4453125	1.5234375
9.945	1.4453125	1.484375
9.945996	1.4794921875	1.4794921875
9.946996	1.5576171875	1.513671875
9.947996	1.669921875	1.5673828125
9.948996	1.806640625	1.6748046875
9.949996	1.9873046875	1.8017578125
9.950996	2.1630859375	1.953125
9.951996	2.36328125	2.1240234375
9.952996	2.568359375	2.3095703125
9.953996	2.7490234375	2.4853515625
9.954996	2.919921875	2.6708984375
9.955996	3.0908203125	2.8466796875
9.956996	3.22265625	2.998046875
9.957996	3.3203125	3.134765625
9.958996	3.37890625	3.232421875
9.959996	3.3984375	3.291015625
9.960996	3.3740234375	3.3203125
9.961996	3.3154296875	3.3154296875
9.962996	3.2275390625	3.2763671875
9.963996	3.0908203125	3.1884765625
9.964996	2.9248046875	3.0712890625
9.965996	2.75390625	2.9248046875
9.966996	2.5634765625	2.763671875
9.967996	2.353515625	2.578125
9.968996	2.1630859375	2.3974609375
9.969996	1.9775390625	2.2119140625
9.970996	1.8017578125	2.0263671875
9.971996	1.66015625	1.8701171875
9.972996	1.5380859375	1.7236328125
9.973996	1.474609375	1.611328125
9.974996	1.4404296875	1.533203125
9.975996	1.4453125	1.494140625
9.977	1.494140625	1.484375
9.978	1.572265625	1.513671875
9.979	1.7041015625	1.591796875
9.98	1.8505859375	1.6943359375
9.981	2.021484375	1.8310546875
9.982	2.2216796875	1.9970703125
9.983	2.4169921875	2.1728515625
9.984	2.6220703125	2.3583984375
9.985	2.8173828125	2.5390625
9.986	2.9833984375	2.734375
9.987	3.1396484375	2.8955078125
9.988	3.26171875	3.046875
9.988996	3.3447265625	3.1640625
9.989996	3.388671875	3.2568359375
9.990996	3.3935546875	3.30078125
9.991996	3.3447265625	3.3203125
9.992996	3.271484375	3.2958984375
9.993996	3.14453125	3.232421875
9.994996	3.0029296875	3.125
9.995996	2.8271484375	2.9833984375
9.996996	2.63671875	2.8271484375
9.997996	2.431640625	2.6611328125
9.998996	2.2265625	2.4658203125
9.999996	2.0361328125	2.28515625
10.000996	1.8603515625	2.0947265625
10.001996	1.6943359375	1.923828125
10.002996	1.5771484375	1.7724609375
10.003996	1.4892578125	1.640625
10.004996	1.435546875	1.54296875
10.005996	1.4306640625	1.4990234375
10.006996	1.484375	1.484375
10.007996	1.5576171875	1.5087890625
10.008996	1.6796875	1.5771484375
10.009996	1.8310546875	1.6796875
10.010996	2.0068359375	1.8115234375
10.011996	2.2021484375	1.9677734375
10.012996	2.4169921875	2.1630859375
10.013996	2.6220703125	2.34375
10.014996	2.822265625	2.5390625
10.015996	2.998046875	2.724609375
10.016996	3.1591796875	2.9052734375
10.017996	3.2666015625	3.0419921875
10.018996	3.3544921875	3.1640625
10.02	3.388671875	3.2568359375
10.021	3.3837890625	3.3056640625
10.022	3.3447265625	3.3203125
10.023	3.2568359375	3.291015625
10.024	3.1298828125	3.2177734375
10.025	2.9638671875	3.1005859375
10.026	2.7734375	2.9541015625
10.027	2.578125	2.7880859375
10.028	2.3681640625	2.6123046875
10.029	2.16796875	2.4169921875
10.03	1.97265625	2.2216796875
10.031	1.8017578125	2.0361328125
10.031996	1.650390625	1.8701171875
10.032996	1.5380859375	1.728515625
10.033996	1.46484375	1.611328125
10.034996	1.4306640625	1.5234375
10.035996	1.455078125	1.494140625
10.036996	1.513671875	1.4990234375
10.037996	1.6064453125	1.54296875
10.038996	1.7578125	1.62109375
10.039996	1.9287109375	1.748046875
10.040996	2.1240234375	1.89453125
10.041996	2.3291015625	2.0751953125
10.042996	2.5439453125	2.265625
10.043996	2.744140625	2.4609375
10.044996	2.9345703125	2.646484375
10.045996	3.1005859375	2.8369140625
10.046996	3.232421875	2.9931640625
10.047996	3.3251953125	3.134765625
10.048996	3.388671875	3.2421875
10.049996	3.388671875	3.291015625
10.050996	3.349609375	3.3154296875
10.051996	3.2763671875	3.2958984375
10.052996	3.1591796875	3.2275390625
10.053996	2.98828125	3.115234375
10.054996	2.8076171875	2.9833984375
10.055996	2.607421875	2.8125
10.056996	2.3974609375	2.63671875
10.057996	2.1826171875	2.44140625
10.058996	1.9873046875	2.2412109375
10.059996	1.806640625	2.0556640625
10.060996	1.650390625	1.875
10.062008	1.5380859375	1.728515625
10.063	1.4697265625	1.611328125
10.064	1.4306640625	1.5283203125
10.065	1.4599609375	1.4990234375
10.066	1.5234375	1.50390625
10.067	1.6357421875	1.552734375
10.068	1.77734375	1.6357421875
10.069	1.9580078125	1.7626953125
10.07	2.1484375	1.93359375
10.071	2.3681640625	2.109375
10.072	2.578125	2.294921875
10.073	2.783203125	2.5
10.073996	2.9833984375	2.6904296875
10.074996	3.1396484375	2.8759765625
10.075996	3.26171875	3.0322265625
10.076996	3.349609375	3.1640625
10.077996	3.3984375	3.2470703125
10.078996	3.388671875	3.3056640625
10.079996	3.3203125	3.3056640625
10.080996	3.232421875	3.2666015625
10.081996	3.0908203125	3.193359375
10.082996	2.91015625	3.0712890625
10.083996	2.724609375	2.919921875
10.084996	2.5048828125	2.7392578125
10.085996	2.2900390625	2.548828125
10.086996	2.0751953125	2.34375
10.087996	1.8896484375	2.1533203125
10.088996	1.7138671875	1.9677734375
10.089996	1.5771484375	1.796875
10.090996	1.4892578125	1.669921875
10.091996	1.4404296875	1.5673828125
10.092996	1.435546875	1.513671875
10.093996	1.494140625	1.4990234375
10.094996	1.591796875	1.5234375
10.095996	1.7333984375	1.611328125
10.096996	1.904296875	1.7236328125
10.097996	2.109375	1.8798828125
10.098996	2.3046875	2.05078125
10.099996	2.5341796875	2.2509765625
10.100996	2.7490234375	2.4462890625
10.101996	2.939453125	2.6513671875
10.102996	3.115234375	2.8369140625
10.103996	3.251953125	3.0029296875
10.105	3.3447265625	3.14453125
10.106	3.3935546875	3.2373046875
10.107	3.3935546875	3.291015625
10.108	3.330078125	3.30078125
10.109	3.232421875	3.26171875
10.11	3.1005859375	3.193359375
10.111	2.9248046875	3.076171875
10.112	2.724609375	2.919921875
10.113	2.5048828125	2.744140625
10.114	2.28515625	2.5537109375
10.115	2.0751953125	2.3486328125
10.116	1.8701171875	2.1435546875
10.116996	1.7041015625	1.9580078125
10.117996	1.5673828125	1.7919921875
10.118996	1.484375	1.6650390625
10.119996	1.4306640625	1.5576171875
10.120996	1.455078125	1.50390625
10.121996	1.50390625	1.5087890625
10.122996	1.62109375	1.552734375
10.123996	1.7626953125	1.6357421875
10.124996	1.9384765625	1.7529296875
10.125996	2.158203125	1.904296875
10.126996	2.373046875	2.099609375
10.127996	2.6025390625	2.2998046875
10.128996	2.8125	2.509765625
10.129996	3.0029296875	2.7001953125
10.130996	3.1591796875	2.880859375
10.131996	3.291015625	3.0419921875
10.132996	3.3642578125	3.173828125
10.133996	3.3935546875	3.2568359375
10.134996	3.3642578125	3.30078125
10.135996	3.2958984375	3.2861328125
10.136996	3.173828125	3.2373046875
10.137996	3.0126953125	3.1298828125
10.138996	2.8173828125	2.998046875
10.139996	2.607421875	2.8369140625
10.140996	2.3828125	2.63671875
10.141996	2.1630859375	2.4365234375
10.142996	1.9482421875	2.2314453125
10.143996	1.7578125	2.0361328125
10.144996	1.62109375	1.8505859375
10.145996	1.5087890625	1.7138671875
10.146996	1.4501953125	1.5966796875
10.148	1.4404296875	1.5380859375
10.149	1.494140625	1.5087890625
10.15	1.58203125	1.5283203125
10.151	1.71875	1.6015625
10.152	1.89453125	1.7138671875
10.153	2.0947265625	1.875
10.154	2.3193359375	2.0556640625
10.155	2.5634765625	2.2509765625
10.156	2.7783203125	2.4609375
10.157	2.9736328125	2.666015625
10.158	3.1494140625	2.8515625
10.159	3.271484375	3.017578125
10.159996	3.3642578125	3.154296875
10.160996	3.3935546875	3.2421875
10.161996	3.3740234375	3.2958984375
10.162996	3.30078125	3.2958984375
10.163996	3.1787109375	3.2421875
10.164996	3.017578125	3.14453125
10.165996	2.822265625	2.998046875
10.166996	2.607421875	2.83203125
10.167996	2.373046875	2.63671875
10.168996	2.1484375	2.431640625
10.169996	1.93359375	2.2216796875
10.170996	1.7529296875	2.03125
10.171996	1.5966796875	1.845703125
10.172996	1.4990234375	1.69921875
10.173996	1.4501953125	1.58203125
10.174996	1.4404296875	1.5234375
10.175996	1.494140625	1.5087890625
10.176996	1.6015625	1.54296875
10.177996	1.7578125	1.6259765625
10.178996	1.9384765625	1.7431640625
10.179996	2.158203125	1.9189453125
10.180996	2.3876953125	2.099609375
10.181996	2.626953125	2.3095703125
10.182996	2.83203125	2.51953125
10.183996	3.0322265625	2.7197265625
10.184996	3.1982421875	2.9052734375
10.185996	3.3154296875	3.0859375
10.186996	3.3837890625	3.1884765625
10.187996	3.388671875	3.2666015625
10.188996	3.3544921875	3.2958984375
10.190008	3.2568359375	3.2666015625
10.191	3.115234375	3.203125
10.192	2.9248046875	3.0810546875
10.193	2.71484375	2.9296875
10.194	2.4951171875	2.7490234375
10.195	2.2509765625	2.5341796875
10.196	2.0361328125	2.3193359375
10.197	1.8359375	2.119140625
10.198	1.66015625	1.9287109375
10.199	1.533203125	1.767578125
10.2	1.4599609375	1.630859375
10.201	1.4404296875	1.552734375
10.201996	1.46484375	1.513671875
10.202996	1.5576171875	1.5185546875
10.203996	1.69921875	1.5966796875
10.204996	1.8701171875	1.7236328125
10.205996	2.0947265625	1.8603515625
10.206996	2.3193359375	2.0361328125
10.207996	2.5537109375	2.24609375
10.208996	2.7880859375	2.4609375
10.209996	2.98828125	2.65625
10.210996	3.1640625	2.861328125
10.211996	3.2861328125	3.0224609375
10.212996	3.369140625	3.1640625
10.213996	3.3837890625	3.2421875
10.214996	3.3544921875	3.28125
10.215996	3.2763671875	3.28125
10.216996	3.1298828125	3.2080078125
10.217996	2.9541015625	3.10546875
10.218996	2.7392578125	2.9541015625
10.219996	2.509765625	2.7587890625
10.220996	2.265625	2.5634765625
10.221996	2.0361328125	2.34375
10.222996	1.8359375	2.138671875
10.223996	1.6552734375	1.943359375
10.224996	1.533203125	1.77734375
10.225996	1.46484375	1.6357421875
10.226996	1.435546875	1.552734375
10.227996	1.474609375	1.5185546875
10.228996	1.572265625	1.5283203125
10.229996	1.708984375	1.5966796875
10.230996	1.8994140625	1.71875
10.231996	2.109375	1.8701171875
10.233	2.353515625	2.0654296875
10.234	2.5927734375	2.2705078125
10.235	2.8173828125	2.48046875
10.236	3.0224609375	2.6953125
10.237	3.193359375	2.890625
10.238	3.3154296875	3.0517578125
10.239	3.3837890625	3.1787109375
10.24	3.388671875	3.26171875
10.241	3.33984375	3.291015625
10.242	3.232421875	3.2568359375
10.243	3.076171875	3.18359375
10.244	2.8857421875	3.0615234375
10.244996	2.6611328125	2.8955078125
10.245996	2.4267578125	2.6953125
10.246996	2.1826171875	2.490234375
10.247996	1.962890625	2.275390625
10.248996	1.7578125	2.0654296875
10.249996	1.6015625	1.8701171875
10.250996	1.494140625	1.71875
10.251996	1.4404296875	1.6015625
10.252996	1.4501953125	1.54296875
10.253996	1.513671875	1.5283203125
10.254996	1.6357421875	1.5576171875
10.255996	1.806640625	1.66015625
10.256996	2.01171875	1.796875
10.257996	2.24609375	1.9775390625
10.258996	2.4853515625	2.16796875
10.259996	2.7294921875	2.392578125
10.260996	2.9443359375	2.607421875
10.261996	3.125	2.79296875
10.262996	3.2666015625	2.98828125
10.263996	3.3642578125	3.134765625
10.264996	3.3935546875	3.2275390625
10.265996	3.359375	3.2763671875
10.266996	3.2763671875	3.271484375
10.267996	3.134765625	3.212890625
10.268996	2.9443359375	3.0908203125
10.269996	2.7197265625	2.9443359375
10.270996	2.490234375	2.75390625
10.271996	2.2412109375	2.5439453125
10.272996	2.0068359375	2.3291015625
10.273996	1.806640625	2.119140625
10.274996	1.6259765625	1.923828125
10.276	1.513671875	1.748046875
10.277	1.4453125	1.62109375
10.278	1.4404296875	1.5478515625
10.279	1.50390625	1.5185546875
10.28	1.62109375	1.5625
10.281	1.7822265625	1.6357421875
10.282	1.9970703125	1.7724609375
10.283	2.2265625	1.953125
10.284	2.4755859375	2.158203125
10.285	2.7197265625	2.373046875
10.286	2.939453125	2.587890625
10.287	3.134765625	2.7978515625
10.287996	3.2666015625	2.96875
10.288996	3.3642578125	3.125
10.289996	3.3984375	3.22265625
10.290996	3.3642578125	3.2763671875
10.291996	3.2666015625	3.26171875
10.292996	3.115234375	3.1982421875
10.293996	2.919921875	3.0908203125
10.294996	2.6953125	2.9248046875
10.295996	2.4560546875	2.7294921875
10.296996	2.2119140625	2.51953125
10.297996	1.9482421875	2.2998046875
10.298996	1.767578125	2.080078125
10.299996	1.5966796875	1.89453125
10.300996	1.4892578125	1.71875
10.301996	1.4404296875	1.611328125
10.302996	1.4501953125	1.54296875
10.303996	1.533203125	1.5380859375
10.304996	1.66015625	1.5771484375
10.305996	1.8505859375	1.6748046875
10.306996	2.0703125	1.8212890625
10.307996	2.3046875	2.0068359375
10.308996	2.55859375	2.2216796875
10.309996	2.802734375	2.4365234375
10.310996	3.017578125	2.6611328125
10.311996	3.193359375	2.861328125
10.312996	3.3154296875	3.02734375
10.313996	3.37890625	3.1689453125
10.314996	3.3935546875	3.2470703125
10.315996	3.330078125	3.271484375
10.316996	3.203125	3.2470703125
10.318008	3.0322265625	3.1494140625
10.319	2.8125	3.0078125
10.32	2.5732421875	2.841796875
10.321	2.3291015625	2.6318359375
10.322	2.080078125	2.412109375
10.323	1.8505859375	2.1875
10.324	1.669921875	1.982421875
10.325	1.5380859375	1.806640625
10.326	1.4501953125	1.6552734375
10.327	1.4404296875	1.5771484375
10.328	1.494140625	1.5380859375
10.329	1.5966796875	1.5576171875
10.329996	1.7724609375	1.6357421875
10.330996	1.982421875	1.7626953125
10.331996	2.216796875	1.9384765625
10.332996	2.48046875	2.1533203125
10.333996	2.7294921875	2.373046875
10.334996	2.9541015625	2.5830078125
10.335996	3.1494140625	2.79296875
10.336996	3.291015625	2.9833984375
10.337996	3.3740234375	3.1298828125
10.338996	3.388671875	3.2275390625
10.339996	3.33984375	3.26171875
10.340996	3.2275390625	3.251953125
10.341996	3.06640625	3.173828125
10.342996	2.8515625	3.037109375
10.343996	2.6171875	2.8759765625
10.344996	2.3681640625	2.6708984375
10.345996	2.1044921875	2.44140625
10.346996	1.875	2.2216796875
10.347996	1.689453125	2.0166015625
10.348996	1.54296875	1.8212890625
10.349996	1.46484375	1.6845703125
10.350996	1.4404296875	1.58203125
10.351996	1.4892578125	1.5380859375
10.352996	1.591796875	1.5576171875
10.353996	1.7578125	1.6357421875
10.354996	1.9775390625	1.767578125
10.355996	2.2265625	1.943359375
10.356996	2.4853515625	2.1484375
10.357996	2.734375	2.3681640625
10.358996	2.958984375	2.5927734375
10.359996	3.1494140625	2.7978515625
10.361	3.30078125	2.98828125
10.362	3.369140625	3.134765625
10.363	3.388671875	3.2177734375
10.364	3.3349609375	3.26171875
10.365	3.2177734375	3.2421875
10.366	3.0419921875	3.1591796875
10.367	2.8271484375	3.0224609375
10.368	2.578125	2.8466796875
10.369	2.3193359375	2.6318359375
10.37	2.0654296875	2.412109375
10.371	1.8408203125	2.1875
10.372	1.650390625	1.97265625
10.372996	1.5185546875	1.796875
10.373996	1.4453125	1.6552734375
10.374996	1.4501953125	1.572265625
10.375996	1.513671875	1.5478515625
10.376996	1.650390625	1.572265625
10.377996	1.81640625	1.6650390625
10.378996	2.0556640625	1.806640625
10.379996	2.314453125	2.001953125
10.380996	2.578125	2.2119140625
10.381996	2.8173828125	2.4365234375
10.382996	3.046875	2.6611328125
10.383996	3.22265625	2.87109375
10.384996	3.33984375	3.0419921875
10.385996	3.3935546875	3.1640625
10.386996	3.37890625	3.2470703125
10.387996	3.28125	3.251953125
10.388996	3.1494140625	3.2080078125
10.389996	2.94921875	3.0908203125
10.390996	2.7001953125	2.939453125
10.391996	2.451171875	2.7490234375
10.392996	2.1826171875	2.529296875
10.393996	1.943359375	2.294921875
10.394996	1.7333984375	2.0703125
10.395996	1.5673828125	1.8798828125
10.396996	1.474609375	1.7138671875
10.397996	1.4306640625	1.6015625
10.398996	1.474609375	1.552734375
10.399996	1.58203125	1.5625
10.400996	1.7431640625	1.6259765625
10.401996	1.97265625	1.7578125
10.402996	2.2216796875	1.93359375
10.404	2.48046875	2.1435546875
10.405	2.734375	2.3583984375
10.406	2.9833984375	2.5830078125
10.407	3.1689453125	2.802734375
10.408	3.3056640625	2.98828125
10.409	3.3837890625	3.1298828125
10.41	3.3837890625	3.2177734375
10.411	3.3154296875	3.251953125
10.412	3.1787109375	3.2177734375
10.413	2.9833984375	3.125
10.414	2.7587890625	2.9833984375
10.415	2.5	2.783203125
10.415996	2.2314453125	2.5732421875
10.416996	1.9775390625	2.34375
10.417996	1.7529296875	2.109375
10.418996	1.5966796875	1.9091796875
10.419996	1.4794921875	1.73828125
10.420996	1.4306640625	1.6162109375
10.421996	1.4697265625	1.5625
10.422996	1.572265625	1.5625
10.423996	1.73828125	1.6259765625
10.424996	1.9580078125	1.7529296875
10.425996	2.197265625	1.9091796875
10.426996	2.470703125	2.1240234375
10.427996	2.7294921875	2.3486328125
10.428996	2.96875	2.578125
10.429996	3.173828125	2.7978515625
10.430996	3.310546875	2.9833984375
10.431996	3.37890625	3.1201171875
10.432996	3.37890625	3.2080078125
10.433996	3.310546875	3.2421875
10.434996	3.1787109375	3.2080078125
10.435996	2.96875	3.10546875
10.436996	2.734375	2.958984375
10.437996	2.4755859375	2.763671875
10.438996	2.2021484375	2.5439453125
10.439996	1.943359375	2.3193359375
10.440996	1.73828125	2.1044921875
10.441996	1.5771484375	1.8896484375
10.442996	1.4697265625	1.7333984375
10.443996	1.4453125	1.62109375
10.444996	1.4892578125	1.5625
10.446008	1.5966796875	1.572265625
10.447	1.787109375	1.6455078125
10.448	2.01171875	1.77734375
10.449	2.2705078125	1.962890625
10.45	2.5390625	2.1826171875
10.451	2.7978515625	2.40234375
10.452	3.037109375	2.63671875
10.453	3.212890625	2.8515625
10.454	3.33984375	3.02734375
10.455	3.388671875	3.154296875
10.456	3.369140625	3.232421875
10.457	3.2763671875	3.2373046875
10.457996	3.1005859375	3.18359375
10.458996	2.880859375	3.0615234375
10.459996	2.6318359375	2.8955078125
10.460996	2.36328125	2.685546875
10.461996	2.08984375	2.451171875
10.462996	1.845703125	2.2314453125
10.463996	1.650390625	2.0166015625
10.464996	1.513671875	1.826171875
10.465996	1.4501953125	1.6796875
10.466996	1.455078125	1.5966796875
10.467996	1.5283203125	1.5673828125
10.468996	1.6845703125	1.6162109375
10.469996	1.8896484375	1.708984375
10.470996	2.1435546875	1.8701171875
10.471996	2.4169921875	2.0751953125
10.472996	2.6904296875	2.294921875
10.473996	2.9443359375	2.51953125
10.474996	3.1396484375	2.7490234375
10.475996	3.3056640625	2.9443359375
10.476996	3.3837890625	3.10546875
10.477996	3.3837890625	3.203125
10.478996	3.3154296875	3.2373046875
10.479996	3.173828125	3.2080078125
10.480996	2.96875	3.115234375
10.481996	2.7197265625	2.958984375
10.482996	2.4462890625	2.7685546875
10.483996	2.177734375	2.5439453125
10.484996	1.9287109375	2.314453125
10.485996	1.708984375	2.0849609375
10.486996	1.552734375	1.8798828125
10.487996	1.455078125	1.71875
10.489	1.435546875	1.62109375
10.49	1.5087890625	1.572265625
10.491	1.640625	1.591796875
10.492	1.845703125	1.689453125
10.493	2.0849609375	1.8310546875
10.494	2.36328125	2.021484375
10.495	2.6416015625	2.2509765625
10.496	2.890625	2.4755859375
10.497	3.115234375	2.7099609375
10.498	3.28125	2.900390625
10.499	3.3740234375	3.076171875
10.5	3.388671875	3.18359375
10.500996	3.3203125	3.22265625
10.501996	3.1982421875	3.2080078125
10.502996	2.998046875	3.115234375
10.503996	2.7490234375	2.978515625
10.504996	2.470703125	2.783203125
10.505996	2.197265625	2.5537109375
10.506996	1.9384765625	2.3291015625
10.507996	1.71875	2.1044921875
10.508996	1.5478515625	1.8994140625
10.509996	1.455078125	1.7333984375
10.510996	1.4453125	1.630859375
10.511996	1.50390625	1.58203125
10.512996	1.650390625	1.6064453125
10.513996	1.85546875	1.689453125
10.514996	2.1044921875	1.8310546875
10.515996	2.3681640625	2.0263671875
10.516996	2.6513671875	2.2607421875
10.517996	2.919921875	2.4951171875
10.518996	3.125	2.7197265625
10.519996	3.291015625	2.919921875
10.520996	3.37890625	3.0712890625
10.521996	3.3740234375	3.18359375
10.522996	3.3056640625	3.22265625
10.523996	3.154296875	3.193359375
10.524996	2.958984375	3.10546875
10.525996	2.705078125	2.9541015625
10.526996	2.421875	2.7490234375
10.527996	2.1435546875	2.51953125
10.528996	1.8798828125	2.2900390625
10.529996	1.6796875	2.0654296875
10.530996	1.5234375	1.8603515625
10.532	1.4501953125	1.708984375
10.533	1.455078125	1.6162109375
10.534	1.54296875	1.5869140625
10.535	1.6943359375	1.6259765625
10.536	1.9091796875	1.7333984375
10.537	2.1875	1.884765625
10.538	2.4658203125	2.099609375
10.539	2.744140625	2.32421875
10.54	2.998046875	2.568359375
10.541	3.203125	2.783203125
10.542	3.3349609375	2.978515625
10.543	3.3935546875	3.115234375
10.543996	3.3642578125	3.193359375
10.544996	3.2666015625	3.22265625
10.545996	3.0908203125	3.1640625
10.546996	2.8564453125	3.046875
10.547996	2.5732421875	2.861328125
10.548996	2.294921875	2.65625
10.549996	2.0263671875	2.421875
10.550996	1.7724609375	2.1875
10.551996	1.5966796875	1.97265625
10.552996	1.4794921875	1.796875
10.553996	1.4306640625	1.66015625
10.554996	1.484375	1.6015625
10.555996	1.611328125	1.6015625
10.556996	1.806640625	1.6748046875
10.557996	2.060546875	1.806640625
10.558996	2.3388671875	2.001953125
10.559996	2.6220703125	2.216796875
10.560996	2.900390625	2.4560546875
10.561996	3.1201171875	2.6904296875
10.562996	3.2861328125	2.8857421875
10.563996	3.3642578125	3.0615234375
10.564996	3.37890625	3.173828125
10.565996	3.310546875	3.212890625
10.566996	3.154296875	3.1787109375
10.567996	2.9443359375	3.0908203125
10.568996	2.6708984375	2.9345703125
10.569996	2.3828125	2.724609375
10.570996	2.109375	2.5
10.571996	1.8408203125	2.2705078125
10.572996	1.6357421875	2.03125
10.574008	1.5087890625	1.8408203125
10.575	1.435546875	1.689453125
10.576	1.4697265625	1.6064453125
10.577	1.5771484375	1.6015625
10.578	1.7578125	1.6552734375
10.579	2.001953125	1.77734375
10.58	2.2802734375	1.9482421875
10.581	2.5732421875	2.1728515625
10.582	2.8466796875	2.40234375
10.583	3.0859375	2.63671875
10.584	3.26171875	2.8466796875
10.585	3.3740234375	3.0224609375
10.585996	3.388671875	3.1494140625
10.586996	3.3203125	3.2080078125
10.587996	3.1787109375	3.1884765625
10.588996	2.958984375	3.1005859375
10.589996	2.6953125	2.958984375
10.590996	2.4169921875	2.7587890625
10.591996	2.1240234375	2.5244140625
10.592996	1.865234375	2.2900390625
10.593996	1.6455078125	2.060546875
10.594996	1.5087890625	1.865234375
10.595996	1.4453125	1.7041015625
10.596996	1.4697265625	1.6259765625
10.597996	1.5771484375	1.6015625
10.598996	1.7529296875	1.6650390625
10.599996	1.9921875	1.77734375
10.600996	2.2802734375	1.9580078125
10.601996	2.568359375	2.177734375
10.602996	2.8564453125	2.4072265625
10.603996	3.0908203125	2.6416015625
10.604996	3.271484375	2.8466796875
10.605996	3.3740234375	3.02734375
10.606996	3.388671875	3.14453125
10.607996	3.3154296875	3.1982421875
10.608996	3.1591796875	3.1787109375
10.609996	2.9443359375	3.0859375
10.610996	2.6708984375	2.9248046875
10.611996	2.3828125	2.7294921875
10.612996	2.08984375	2.4951171875
10.613996	1.826171875	2.2607421875
10.614996	1.62109375	2.041015625
10.615996	1.4892578125	1.8408203125
10.617	1.435546875	1.689453125
10.618	1.474609375	1.62109375
10.619	1.611328125	1.62109375
10.62	1.806640625	1.669921875
10.621	2.05078125	1.8115234375
10.622	2.353515625	1.9970703125
10.623	2.6513671875	2.2216796875
10.624	2.919921875	2.4560546875
10.625	3.1494140625	2.6904296875
10.626	3.30078125	2.8955078125
10.627	3.37890625	3.056640625
10.628	3.3740234375	3.154296875
10.628996	3.271484375	3.1884765625
10.629996	3.1005859375	3.14453125
10.630996	2.8564453125	3.0322265625
10.631996	2.5732421875	2.87109375
10.632996	2.265625	2.6513671875
10.633996	1.9921875	2.4169921875
10.634996	1.748046875	2.177734375
10.635996	1.5625	1.962890625
10.636996	1.455078125	1.7822265625
10.637996	1.4404296875	1.6650390625
10.638996	1.5185546875	1.611328125
10.639996	1.6845703125	1.6455078125
10.640996	1.9140625	1.7333984375
10.641996	2.1826171875	1.8896484375
10.642996	2.4853515625	2.099609375
10.643996	2.7783203125	2.3291015625
10.644996	3.0322265625	2.5634765625
10.645996	3.22265625	2.7880859375
10.646996	3.349609375	2.9736328125
10.647996	3.3837890625	3.1103515625
10.648996	3.3349609375	3.1787109375
10.649996	3.193359375	3.173828125
10.650996	2.978515625	3.095703125
10.651996	2.705078125	2.94921875
10.652996	2.4072265625	2.7490234375
10.653996	2.109375	2.529296875
10.654996	1.8408203125	2.2900390625
10.655996	1.6259765625	2.060546875
10.656996	1.484375	1.8603515625
10.657996	1.4404296875	1.7236328125
10.658996	1.4794921875	1.640625
10.66	1.611328125	1.6259765625
10.661	1.8212890625	1.6845703125
10.662	2.0849609375	1.8310546875
10.663	2.3828125	2.0166015625
10.664	2.6806640625	2.2509765625
10.665	2.9541015625	2.4853515625
10.666	3.18359375	2.71484375
10.667	3.330078125	2.91015625
10.668	3.388671875	3.0712890625
10.669	3.359375	3.154296875
10.67	3.2373046875	3.193359375
10.671	3.02734375	3.1201171875
10.671996	2.763671875	2.9931640625
10.672996	2.4755859375	2.802734375
10.673996	2.1826171875	2.5830078125
10.674996	1.904296875	2.3486328125
10.675996	1.669921875	2.1142578125
10.676996	1.5185546875	1.9140625
10.677996	1.4453125	1.7578125
10.678996	1.474609375	1.6552734375
10.679996	1.591796875	1.630859375
10.680996	1.77734375	1.6845703125
10.681996	2.0361328125	1.8017578125
10.682996	2.3388671875	1.982421875
10.683996	2.6416015625	2.2119140625
10.684996	2.919921875	2.451171875
10.685996	3.1396484375	2.685546875
10.686996	3.3154296875	2.8759765625
10.687996	3.3740234375	3.037109375
10.688996	3.3642578125	3.14453125
10.689996	3.251953125	3.1689453125
10.690996	3.0517578125	3.125
10.691996	2.79296875	2.998046875
10.692996	2.4951171875	2.8369140625
10.693996	2.1826171875	2.59765625
10.694996	1.904296875	2.36328125
10.695996	1.669921875	2.119140625
10.696996	1.5185546875	1.9091796875
10.697996	1.4404296875	1.7626953125
10.698996	1.4697265625	1.6650390625
10.699996	1.5869140625	1.640625
10.700996	1.7919921875	1.689453125
10.702008	2.05078125	1.8212890625
10.703	2.3583984375	2.0068359375
10.704	2.666015625	2.216796875
10.705	2.9443359375	2.4609375
10.706	3.173828125	2.685546875
10.707	3.3251953125	2.8955078125
10.708	3.3837890625	3.0517578125
10.709	3.3544921875	3.14453125
10.71	3.2275390625	3.1591796875
10.711	3.017578125	3.10546875
10.712	2.75390625	2.9638671875
10.713	2.44140625	2.7783203125
10.713996	2.138671875	2.568359375
10.714996	1.8603515625	2.3193359375
10.715996	1.640625	2.099609375
10.716996	1.4990234375	1.8994140625
10.717996	1.4404296875	1.7431640625
10.718996	1.4892578125	1.66015625
10.719996	1.6259765625	1.6455078125
10.720996	1.845703125	1.708984375
10.721996	2.1142578125	1.85546875
10.722996	2.4365234375	2.0556640625
10.723996	2.7392578125	2.275390625
10.724996	3.0126953125	2.5146484375
10.725996	3.2275390625	2.744140625
10.726996	3.349609375	2.939453125
10.727996	3.388671875	3.076171875
10.728996	3.3251953125	3.1396484375
10.729996	3.1689453125	3.14453125
10.730996	2.9296875	3.0615234375
10.731996	2.6513671875	2.9248046875
10.732996	2.34375	2.7099609375
10.733996	2.0458984375	2.48046875
10.734996	1.7724609375	2.24609375
10.735996	1.572265625	2.03125
10.736996	1.46484375	1.8408203125
10.737996	1.4453125	1.7138671875
10.738996	1.533203125	1.650390625
10.739996	1.7041015625	1.6748046875
10.740996	1.953125	1.767578125
10.741996	2.2509765625	1.93359375
10.742996	2.5732421875	2.138671875
10.743996	2.861328125	2.3779296875
10.745	3.1103515625	2.607421875
10.746	3.2861328125	2.822265625
10.747	3.3740234375	2.9931640625
10.748	3.3740234375	3.1103515625
10.749	3.2568359375	3.14453125
10.75	3.0615234375	3.10546875
10.751	2.79296875	2.998046875
10.752	2.490234375	2.8125
10.753	2.1728515625	2.59765625
10.754	1.884765625	2.3681640625
10.755	1.66015625	2.1240234375
10.756	1.5087890625	1.9287109375
10.756996	1.435546875	1.7626953125
10.757996	1.4892578125	1.6845703125
10.758996	1.6259765625	1.6650390625
10.759996	1.845703125	1.728515625
10.760996	2.12890625	1.865234375
10.761996	2.4462890625	2.060546875
10.762996	2.75390625	2.2802734375
10.763996	3.02734375	2.51953125
10.764996	3.2373046875	2.744140625
10.765996	3.359375	2.9296875
10.766996	3.37890625	3.0712890625
10.767996	3.310546875	3.1298828125
10.768996	3.134765625	3.125
10.769996	2.890625	3.037109375
10.770996	2.5927734375	2.880859375
10.771996	2.275390625	2.6708984375
10.772996	1.962890625	2.44140625
10.773996	1.71875	2.20703125
10.774996	1.5283203125	1.982421875
10.775996	1.4501953125	1.81640625
10.776996	1.46484375	1.69921875
10.777996	1.5869140625	1.669921875
10.778996	1.7919921875	1.7138671875
10.779996	2.0703125	1.8310546875
10.780996	2.3779296875	2.01171875
10.781996	2.6904296875	2.2265625
10.782996	2.9833984375	2.4658203125
10.783996	3.212890625	2.6953125
10.784996	3.3447265625	2.8955078125
10.785996	3.3935546875	3.046875
10.786996	3.3203125	3.1201171875
10.788	3.1640625	3.1201171875
10.789	2.9248046875	3.046875
10.79	2.6318359375	2.9052734375
10.791	2.3095703125	2.7001953125
10.792	2.001953125	2.470703125
10.793	1.7431640625	2.24609375
10.794	1.5478515625	2.021484375
10.795	1.4501953125	1.8408203125
10.796	1.455078125	1.71875
10.797	1.5625	1.6748046875
10.798	1.77734375	1.7138671875
10.799	2.05078125	1.81640625
10.799996	2.3583984375	1.9921875
10.800996	2.6806640625	2.216796875
10.801996	2.9736328125	2.451171875
10.802996	3.1982421875	2.67578125
10.803996	3.349609375	2.8759765625
10.804996	3.3984375	3.02734375
10.805996	3.3251953125	3.1103515625
10.806996	3.1640625	3.1103515625
10.807996	2.919921875	3.0419921875
10.808996	2.6171875	2.8955078125
10.809996	2.2998046875	2.6953125
10.810996	1.982421875	2.4609375
10.811996	1.7236328125	2.236328125
10.812996	1.5380859375	2.01171875
10.813996	1.4453125	1.8408203125
10.814996	1.4697265625	1.71875
10.815996	1.58203125	1.6796875
10.816996	1.796875	1.7236328125
10.817996	2.0751953125	1.845703125
10.818996	2.3974609375	2.021484375
10.819996	2.7197265625	2.2412109375
10.820996	3.0029296875	2.4755859375
10.821996	3.22265625	2.7001953125
10.822996	3.359375	2.890625
10.823996	3.3837890625	3.037109375
10.824996	3.310546875	3.1103515625
10.825996	3.125	3.10546875
10.826996	2.861328125	3.0224609375
10.827996	2.55859375	2.8564453125
10.828996	2.236328125	2.646484375
10.830008	1.9287109375	2.421875
10.831	1.6748046875	2.177734375
10.832	1.5087890625	1.9775390625
10.833	1.4501953125	1.806640625
10.834	1.4892578125	1.71875
10.835	1.6357421875	1.6943359375
10.836	1.865234375	1.7578125
10.837	2.158203125	1.8798828125
10.838	2.4951171875	2.0849609375
10.839	2.8076171875	2.2998046875
10.84	3.0810546875	2.5439453125
10.841	3.28125	2.75390625
10.841996	3.37890625	2.9345703125
10.842996	3.359375	3.0517578125
10.843996	3.26171875	3.115234375
10.844996	3.0419921875	3.0712890625
10.845996	2.7685546875	2.9638671875
10.846996	2.4462890625	2.7978515625
10.847996	2.1142578125	2.5732421875
10.848996	1.8310546875	2.333984375
10.849996	1.6064453125	2.119140625
10.850996	1.4697265625	1.9091796875
10.851996	1.4453125	1.7822265625
10.852996	1.5380859375	1.7041015625
10.853996	1.7236328125	1.708984375
10.854996	1.9873046875	1.8115234375
10.855996	2.3046875	1.97265625
10.856996	2.63671875	2.1826171875
10.857996	2.9345703125	2.4072265625
10.858996	3.1787109375	2.6318359375
10.859996	3.33984375	2.8369140625
10.860996	3.388671875	2.98828125
10.861996	3.330078125	3.0859375
10.862996	3.1689453125	3.095703125
10.863996	2.9052734375	3.017578125
10.864996	2.59765625	2.880859375
10.865996	2.2705078125	2.6806640625
10.866996	1.953125	2.4560546875
10.867996	1.6943359375	2.216796875
10.868996	1.513671875	2.001953125
10.869996	1.4453125	1.845703125
10.870996	1.4794921875	1.7333984375
10.871996	1.6259765625	1.7138671875
10.873	1.875	1.7578125
10.874	2.16796875	1.8896484375
10.875	2.5	2.08984375
10.876	2.822265625	2.2998046875
10.877	3.095703125	2.5439453125
10.878	3.291015625	2.7587890625
10.879	3.3837890625	2.9345703125
10.88	3.3642578125	3.046875
10.881	3.232421875	3.0908203125
10.882	3.0078125	3.0517578125
10.883	2.71484375	2.9248046875
10.884	2.3828125	2.7490234375
10.884996	2.0556640625	2.5390625
10.885996	1.767578125	2.2900390625
10.886996	1.5576171875	2.080078125
10.887996	1.455078125	1.89453125
10.888996	1.455078125	1.7724609375
10.889996	1.5771484375	1.71875
10.890996	1.7919921875	1.7431640625
10.891996	2.0751953125	1.8505859375
10.892996	2.4169921875	2.03125
10.893996	2.744140625	2.24609375
10.894996	3.0322265625	2.470703125
10.895996	3.2470703125	2.7001953125
10.896996	3.369140625	2.890625
10.897996	3.37890625	3.0224609375
10.898996	3.271484375	3.076171875
10.899996	3.0615234375	3.0517578125
10.900996	2.7783203125	2.958984375
10.901996	2.451171875	2.783203125
10.902996	2.1142578125	2.578125
10.903996	1.81640625	2.3486328125
10.904996	1.591796875	2.119140625
10.905996	1.46484375	1.93359375
10.906996	1.455078125	1.796875
10.907996	1.552734375	1.728515625
10.908996	1.7578125	1.7529296875
10.909996	2.0458984375	1.8408203125
10.910996	2.3681640625	2.01171875
10.911996	2.705078125	2.216796875
10.912996	3.0078125	2.451171875
10.913996	3.232421875	2.6611328125
10.914996	3.3642578125	2.861328125
10.916	3.37890625	3.0029296875
10.917	3.2763671875	3.0615234375
10.918	3.076171875	3.0517578125
10.919	2.7978515625	2.958984375
10.92	2.4609375	2.7978515625
10.921	2.12890625	2.5927734375
10.922	1.8212890625	2.353515625
10.923	1.5966796875	2.1435546875
10.924	1.4697265625	1.9482421875
10.925	1.4501953125	1.8115234375
10.926	1.5576171875	1.7333984375
10.927	1.7578125	1.7578125
10.927996	2.0458984375	1.845703125
10.928996	2.3779296875	2.01171875
10.929996	2.7197265625	2.216796875
10.930996	3.017578125	2.4462890625
10.931996	3.2421875	2.6708984375
10.932996	3.3740234375	2.8662109375
10.933996	3.369140625	2.9833984375
10.934996	3.26171875	3.056640625
10.935996	3.056640625	3.0419921875
10.936996	2.763671875	2.939453125
10.937996	2.431640625	2.7685546875
10.938996	2.0849609375	2.568359375
10.939996	1.796875	2.3388671875
10.940996	1.572265625	2.119140625
10.941996	1.4599609375	1.93359375
10.942996	1.4501953125	1.8017578125
10.943996	1.58203125	1.7529296875
10.944996	1.8017578125	1.7724609375
10.945996	2.1044921875	1.875
10.946996	2.4462890625	2.05078125
10.947996	2.7734375	2.265625
10.948996	3.0615234375	2.48046875
10.949996	3.2763671875	2.705078125
10.950996	3.37890625	2.8857421875
10.951996	3.359375	2.998046875
10.952996	3.232421875	3.046875
10.953996	2.9931640625	3.0224609375
10.954996	2.685546875	2.900390625
10.955996	2.3486328125	2.7294921875
10.956996	2.0166015625	2.51953125
10.958008	1.728515625	2.28515625
10.959	1.533203125	2.0751953125
10.96	1.4453125	1.89453125
10.961	1.474609375	1.787109375
10.962	1.630859375	1.7578125
10.963	1.884765625	1.806640625
10.964	2.1923828125	1.923828125
10.965	2.5390625	2.109375
10.966	2.87109375	2.333984375
10.967	3.1494140625	2.548828125
10.968	3.310546875	2.7587890625
10.969	3.3837890625	2.919921875
10.969996	3.3349609375	3.0224609375
10.970996	3.1494140625	3.0419921875
10.971996	2.890625	2.978515625
10.972996	2.568359375	2.8466796875
10.973996	2.2216796875	2.6513671875
10.974996	1.904296875	2.431640625
10.975996	1.6455078125	2.20703125
10.976996	1.484375	2.0166015625
10.977996	1.4453125	1.8603515625
10.978996	1.5380859375	1.7822265625
10.979996	1.728515625	1.7626953125
10.980996	2.001953125	1.85546875
10.981996	2.3486328125	1.9921875
10.982996	2.6953125	2.20703125
10.983996	2.998046875	2.421875
10.984996	3.2373046875	2.6416015625
10.985996	3.3642578125	2.8369140625
10.986996	3.3740234375	2.9638671875
10.987996	3.2568359375	3.0224609375
10.988996	3.037109375	3.0078125
10.989996	2.7392578125	2.919921875
10.990996	2.3876953125	2.75390625
10.991996	2.05078125	2.5390625
10.992996	1.7626953125	2.3193359375
10.993996	1.5576171875	2.1142578125
10.994996	1.4599609375	1.9384765625
10.995996	1.4697265625	1.81640625
10.996996	1.6259765625	1.77734375
10.997996	1.875	1.81640625
10.998996	2.1923828125	1.93359375
10.999996	2.5390625	2.1142578125
11.001	2.8759765625	2.3291015625
11.002	3.1494140625	2.5537109375
11.003	3.330078125	2.75390625
11.004	3.37890625	2.9052734375
11.005	3.3154296875	2.998046875
11.006	3.1298828125	3.0126953125
11.007	2.861328125	2.94921875
11.008	2.5244140625	2.8271484375
11.009	2.16796875	2.6318359375
11.01	1.85546875	2.40234375
11.011	1.6064453125	2.1875
11.012	1.4697265625	2.0068359375
11.012996	1.455078125	1.8603515625
11.013996	1.5625	1.787109375
11.014996	1.787109375	1.8017578125
11.015996	2.08984375	1.884765625
11.016996	2.44140625	2.0556640625
11.017996	2.783203125	2.255859375
11.018996	3.0859375	2.48046875
11.019996	3.291015625	2.6904296875
11.020996	3.37890625	2.8515625
11.021996	3.3544921875	2.9736328125
11.022996	3.193359375	3.017578125
11.023996	2.9345703125	2.96875
11.024996	2.6123046875	2.8466796875
11.025996	2.255859375	2.6708984375
11.026996	1.9287109375	2.4609375
11.027996	1.66015625	2.2412109375
11.028996	1.4892578125	2.0458984375
11.029996	1.4501953125	1.8896484375
11.030996	1.5234375	1.806640625
11.031996	1.7333984375	1.806640625
11.032996	2.021484375	1.8701171875
11.033996	2.3681640625	2.021484375
11.034996	2.724609375	2.2265625
11.035996	3.037109375	2.44140625
11.036996	3.2568359375	2.646484375
11.037996	3.369140625	2.8173828125
11.038996	3.369140625	2.9541015625
11.039996	3.22265625	3.0029296875
11.040996	2.9736328125	2.9736328125
11.041996	2.6611328125	2.87109375
11.042996	2.3046875	2.7001953125
11.044	1.9580078125	2.490234375
11.045	1.6845703125	2.265625
11.046	1.4990234375	2.0703125
11.047	1.4501953125	1.9189453125
11.048	1.5234375	1.8310546875
11.049	1.7138671875	1.8115234375
11.05	1.9970703125	1.875
11.051	2.34375	2.0166015625
11.052	2.7099609375	2.20703125
11.053	3.0126953125	2.421875
11.054	3.251953125	2.626953125
11.055	3.369140625	2.8125
11.055996	3.3642578125	2.9345703125
11.056996	3.2275390625	2.98828125
11.057996	2.9833984375	2.9638671875
11.058996	2.65625	2.861328125
11.059996	2.3046875	2.7001953125
11.060996	1.9677734375	2.490234375
11.061996	1.6845703125	2.275390625
11.062996	1.494140625	2.0751953125
11.063996	1.4501953125	1.9287109375
11.064996	1.5185546875	1.826171875
11.065996	1.7236328125	1.8212890625
11.066996	2.021484375	1.89453125
11.067996	2.3681640625	2.0263671875
11.068996	2.724609375	2.2216796875
11.069996	3.0419921875	2.4365234375
11.070996	3.2568359375	2.6416015625
11.071996	3.3642578125	2.8173828125
11.072996	3.3544921875	2.9345703125
11.073996	3.203125	2.9833984375
11.074996	2.94921875	2.9541015625
11.075996	2.6220703125	2.8466796875
11.076996	2.2607421875	2.6708984375
11.077996	1.9091796875	2.4609375
11.078996	1.650390625	2.2607421875
11.079996	1.484375	2.0654296875
11.080996	1.4453125	1.9189453125
11.081996	1.54296875	1.8359375
11.082996	1.7626953125	1.8310546875
11.083996	2.080078125	1.9091796875
11.084996	2.4365234375	2.0556640625
11.086008	2.783203125	2.2607421875
11.087	3.095703125	2.4755859375
11.088	3.30078125	2.6708984375
11.089	3.37890625	2.8369140625
11.09	3.3349609375	2.939453125
11.091	3.1640625	2.9736328125
11.092	2.8857421875	2.919921875
11.093	2.5341796875	2.8076171875
11.094	2.1728515625	2.626953125
11.095	1.845703125	2.421875
11.096	1.591796875	2.2021484375
11.097	1.4599609375	2.0263671875
11.097996	1.4599609375	1.8994140625
11.098996	1.591796875	1.8359375
11.099996	1.8408203125	1.85546875
11.100996	2.177734375	1.953125
11.101996	2.5341796875	2.119140625
11.102996	2.8857421875	2.314453125
11.103996	3.1689453125	2.51953125
11.104996	3.33984375	2.7099609375
11.105996	3.3837890625	2.861328125
11.106996	3.2958984375	2.94921875
11.107996	3.0712890625	2.9541015625
11.108996	2.7685546875	2.8857421875
11.109996	2.412109375	2.744140625
11.110996	2.060546875	2.55859375
11.111996	1.7431640625	2.3388671875
11.112996	1.5234375	2.1484375
11.113996	1.455078125	1.9873046875
11.114996	1.50390625	1.8798828125
11.115996	1.6748046875	1.845703125
11.116996	1.9677734375	1.89453125
11.117996	2.3193359375	2.01171875
11.118996	2.685546875	2.1875
11.119996	3.0029296875	2.40234375
11.120996	3.2568359375	2.607421875
11.121996	3.37890625	2.7783203125
11.122996	3.359375	2.8955078125
11.123996	3.212890625	2.9541015625
11.124996	2.9541015625	2.9248046875
11.125996	2.607421875	2.822265625
11.126996	2.236328125	2.6513671875
11.127996	1.8994140625	2.4560546875
11.129	1.630859375	2.2509765625
11.13	1.4697265625	2.0751953125
11.131	1.4501953125	1.93359375
11.132	1.5673828125	1.865234375
11.133	1.8115234375	1.875
11.134	2.1337890625	1.9580078125
11.135	2.509765625	2.1044921875
11.136	2.861328125	2.3046875
11.137	3.14453125	2.5
11.138	3.330078125	2.6953125
11.139	3.3837890625	2.841796875
11.14	3.291015625	2.919921875
11.140996	3.0810546875	2.939453125
11.141996	2.763671875	2.861328125
11.142996	2.3974609375	2.7294921875
11.143996	2.0361328125	2.5390625
11.144996	1.73828125	2.34375
11.145996	1.5185546875	2.1435546875
11.146996	1.4501953125	1.982421875
11.147996	1.50390625	1.884765625
11.148996	1.69921875	1.8701171875
11.149996	2.001953125	1.9189453125
11.150996	2.3583984375	2.0458984375
11.151996	2.734375	2.2265625
11.152996	3.046875	2.421875
11.153996	3.28125	2.6171875
11.154996	3.3837890625	2.7880859375
11.155996	3.33984375	2.890625
11.156996	3.1640625	2.9248046875
11.157996	2.8759765625	2.890625
11.158996	2.5244140625	2.7734375
11.159996	2.1533203125	2.6025390625
11.160996	1.81640625	2.40234375
11.161996	1.58203125	2.216796875
11.162996	1.4599609375	2.0458984375
11.163996	1.46484375	1.9287109375
11.164996	1.6357421875	1.875
11.165996	1.9091796875	1.9091796875
11.166996	2.255859375	2.0068359375
11.167996	2.6318359375	2.1923828125
11.168996	2.978515625	2.373046875
11.169996	3.232421875	2.5634765625
11.170996	3.3642578125	2.7392578125
11.172	3.3642578125	2.8564453125
11.173	3.2177734375	2.9150390625
11.174	2.958984375	2.900390625
11.175	2.6123046875	2.8076171875
11.176	2.2412109375	2.646484375
11.177	1.8896484375	2.451171875
11.178	1.6162109375	2.2607421875
11.179	1.4599609375	2.080078125
11.18	1.4599609375	1.9580078125
11.181	1.5966796875	1.89453125
11.182	1.845703125	1.9091796875
11.183	2.1923828125	1.9970703125
11.183996	2.568359375	2.1533203125
11.184996	2.919921875	2.333984375
11.185996	3.1982421875	2.529296875
11.186996	3.3544921875	2.705078125
11.187996	3.3740234375	2.841796875
11.188996	3.2421875	2.9052734375
11.189996	2.9931640625	2.8955078125
11.190996	2.6513671875	2.8076171875
11.191996	2.2802734375	2.6611328125
11.192996	1.9287109375	2.48046875
11.193996	1.6455078125	2.28515625
11.194996	1.4697265625	2.1142578125
11.195996	1.4599609375	1.982421875
11.196996	1.5771484375	1.9091796875
11.197996	1.8310546875	1.9091796875
11.198996	2.1630859375	2.001953125
11.199996	2.5390625	2.138671875
11.200996	2.8955078125	2.32421875
11.201996	3.1787109375	2.51953125
11.202996	3.3544921875	2.6953125
11.203996	3.3740234375	2.822265625
11.204996	3.2568359375	2.8955078125
11.205996	3.0078125	2.890625
11.206996	2.6708984375	2.8125
11.207996	2.294921875	2.6708984375
11.208996	1.9287109375	2.4755859375
11.209996	1.640625	2.28515625
11.210996	1.474609375	2.109375
11.211996	1.455078125	1.982421875
11.212996	1.572265625	1.9189453125
11.214008	1.8359375	1.9287109375
11.215	2.177734375	2.001953125
11.216	2.5537109375	2.1533203125
11.217	2.9150390625	2.3291015625
11.218	3.1982421875	2.51953125
11.219	3.3642578125	2.685546875
11.22	3.369140625	2.822265625
11.221	3.2373046875	2.87109375
11.222	2.9833984375	2.8759765625
11.223	2.6416015625	2.7880859375
11.224	2.2607421875	2.6416015625
11.225	1.904296875	2.4609375
11.225996	1.62109375	2.2802734375
11.226996	1.474609375	2.109375
11.227996	1.455078125	1.982421875
11.228996	1.6015625	1.9189453125
11.229996	1.8603515625	1.943359375
11.230996	2.2216796875	2.03125
11.231996	2.607421875	2.1728515625
11.232996	2.9541015625	2.3583984375
11.233996	3.2275390625	2.5390625
11.234996	3.3642578125	2.705078125
11.235996	3.3642578125	2.8173828125
11.236996	3.203125	2.87109375
11.237996	2.9248046875	2.8564453125
11.238996	2.578125	2.763671875
11.239996	2.1923828125	2.6123046875
11.240996	1.845703125	2.421875
11.241996	1.5869140625	2.2412109375
11.242996	1.4599609375	2.08984375
11.243996	1.474609375	1.982421875
11.244996	1.640625	1.9287109375
11.245996	1.93359375	1.962890625
11.246996	2.3046875	2.0703125
11.247996	2.685546875	2.2119140625
11.248996	3.0224609375	2.40234375
11.249996	3.2666015625	2.5830078125
11.250996	3.3837890625	2.7294921875
11.251996	3.3349609375	2.8271484375
11.252996	3.14453125	2.87109375
11.253996	2.8466796875	2.8271484375
11.254996	2.470703125	2.7099609375
11.255996	2.08984375	2.55859375
11.257	1.7578125	2.3681640625
11.258	1.5283203125	2.1923828125
11.259	1.4501953125	2.060546875
11.26	1.5185546875	1.9677734375
11.261	1.71875	1.9384765625
11.262	2.041015625	2.001953125
11.263	2.431640625	2.1142578125
11.264	2.802734375	2.28515625
11.265	3.1201171875	2.4609375
11.266	3.3203125	2.6318359375
11.267	3.388671875	2.763671875
11.268	3.291015625	2.841796875
11.268996	3.0517578125	2.8515625
11.269996	2.71484375	2.783203125
11.270996	2.333984375	2.6611328125
11.271996	1.953125	2.490234375
11.272996	1.6552734375	2.3193359375
11.273996	1.4892578125	2.1484375
11.274996	1.455078125	2.03125
11.275996	1.58203125	1.9580078125
11.276996	1.8408203125	1.962890625
11.277996	2.197265625	2.0458984375
11.278996	2.587890625	2.1875
11.279996	2.9443359375	2.3583984375
11.280996	3.22265625	2.529296875
11.281996	3.369140625	2.685546875
11.282996	3.359375	2.7880859375
11.283996	3.1982421875	2.8369140625
11.284996	2.9052734375	2.822265625
11.285996	2.548828125	2.7294921875
11.286996	2.158203125	2.578125
11.287996	1.8017578125	2.4072265625
11.288996	1.552734375	2.236328125
11.289996	1.4453125	2.08984375
11.290996	1.4892578125	1.9970703125
11.291996	1.6943359375	1.97265625
11.292996	2.01171875	2.0068359375
11.293996	2.392578125	2.1142578125
11.294996	2.7783203125	2.275390625
11.295996	3.1005859375	2.44140625
11.296996	3.3154296875	2.6123046875
11.297996	3.3837890625	2.7392578125
11.298996	3.291015625	2.8173828125
11.3	3.0615234375	2.8271484375
11.301	2.7197265625	2.7734375
11.302	2.333984375	2.6416015625
11.303	1.9482421875	2.490234375
11.304	1.6552734375	2.3046875
11.305	1.4794921875	2.1533203125
11.306	1.4599609375	2.0361328125
11.307	1.591796875	1.982421875
11.308	1.865234375	1.9970703125
11.309	2.2265625	2.0703125
11.31	2.6220703125	2.2119140625
11.311	2.978515625	2.3779296875
11.311996	3.2470703125	2.5439453125
11.312996	3.369140625	2.6904296875
11.313996	3.349609375	2.7783203125
11.314996	3.1640625	2.822265625
11.315996	2.8564453125	2.7880859375
11.316996	2.4755859375	2.6953125
11.317996	2.08984375	2.5439453125
11.318996	1.7578125	2.373046875
11.319996	1.533203125	2.20703125
11.320996	1.455078125	2.0849609375
11.321996	1.5380859375	2.0068359375
11.322996	1.767578125	1.9873046875
11.323996	2.1044921875	2.05078125
11.324996	2.4951171875	2.16796875
11.325996	2.880859375	2.3291015625
11.326996	3.1787109375	2.4853515625
11.327996	3.3447265625	2.6416015625
11.328996	3.3740234375	2.7490234375
11.329996	3.2275390625	2.8125
11.330996	2.9443359375	2.7978515625
11.331996	2.5830078125	2.7197265625
11.332996	2.1923828125	2.5830078125
11.333996	1.8359375	2.421875
11.334996	1.572265625	2.265625
11.335996	1.455078125	2.12890625
11.336996	1.4990234375	2.03125
11.337996	1.6943359375	2.0068359375
11.338996	2.01171875	2.0458984375
11.339996	2.40234375	2.138671875
11.340996	2.79296875	2.2900390625
11.342008	3.125	2.4560546875
11.343	3.330078125	2.6123046875
11.344	3.3837890625	2.7197265625
11.345	3.271484375	2.79296875
11.346	3.0126953125	2.783203125
11.347	2.666015625	2.7294921875
11.348	2.265625	2.6025390625
11.349	1.8896484375	2.4462890625
11.35	1.6064453125	2.2900390625
11.351	1.4599609375	2.1484375
11.352	1.4794921875	2.0556640625
11.353	1.6552734375	2.01171875
11.353996	1.953125	2.041015625
11.354996	2.3388671875	2.1337890625
11.355996	2.734375	2.275390625
11.356996	3.076171875	2.4365234375
11.357996	3.3056640625	2.587890625
11.358996	3.3837890625	2.7001953125
11.359996	3.291015625	2.7783203125
11.360996	3.056640625	2.783203125
11.361996	2.7099609375	2.7294921875
11.362996	2.2998046875	2.6123046875
11.363996	1.9287109375	2.4560546875
11.364996	1.630859375	2.2998046875
11.365996	1.46484375	2.1533203125
11.366996	1.4697265625	2.0654296875
11.367996	1.6259765625	2.0166015625
11.368996	1.93359375	2.0458984375
11.369996	2.3095703125	2.12890625
11.370996	2.7099609375	2.2705078125
11.371996	3.0615234375	2.4267578125
11.372996	3.3056640625	2.568359375
11.373996	3.3837890625	2.6904296875
11.374996	3.30078125	2.763671875
11.375996	3.0712890625	2.7734375
11.376996	2.7197265625	2.724609375
11.377996	2.314453125	2.607421875
11.378996	1.9287109375	2.4560546875
11.379996	1.630859375	2.3046875
11.380996	1.46484375	2.16796875
11.381996	1.4697265625	2.080078125
11.382996	1.630859375	2.0361328125
11.383996	1.93359375	2.0556640625
11.385	2.32421875	2.138671875
11.386	2.724609375	2.275390625
11.387	3.0615234375	2.4267578125
11.388	3.3056640625	2.578125
11.389	3.37890625	2.6904296875
11.39	3.2861328125	2.7587890625
11.391	3.0517578125	2.763671875
11.392	2.7001953125	2.705078125
11.393	2.2900390625	2.587890625
11.394	1.9091796875	2.4462890625
11.395	1.62109375	2.294921875
11.396	1.46484375	2.16796875
11.396996	1.4794921875	2.0751953125
11.397996	1.6552734375	2.0458984375
11.398996	1.9677734375	2.0703125
11.399996	2.3486328125	2.1630859375
11.400996	2.763671875	2.294921875
11.401996	3.10546875	2.4462890625
11.402996	3.3203125	2.587890625
11.403996	3.37890625	2.685546875
11.404996	3.2666015625	2.744140625
11.405996	3.0078125	2.75390625
11.406996	2.6416015625	2.6904296875
11.407996	2.236328125	2.5732421875
11.408996	1.865234375	2.421875
11.409996	1.58203125	2.2705078125
11.410996	1.4599609375	2.1630859375
11.411996	1.494140625	2.0751953125
11.412996	1.6943359375	2.05078125
11.413996	2.021484375	2.08984375
11.414996	2.4267578125	2.1875
11.415996	2.83203125	2.32421875
11.416996	3.14453125	2.4755859375
11.417996	3.33984375	2.607421875
11.418996	3.3740234375	2.6953125
11.419996	3.2275390625	2.744140625
11.420996	2.94921875	2.734375
11.421996	2.5634765625	2.6513671875
11.422996	2.1533203125	2.5341796875
11.423996	1.787109375	2.3779296875
11.424996	1.54296875	2.2509765625
11.425996	1.4501953125	2.138671875
11.426996	1.5283203125	2.080078125
11.428	1.767578125	2.0703125
11.429	2.1240234375	2.1240234375
11.43	2.5390625	2.236328125
11.431	2.9248046875	2.373046875
11.432	3.2177734375	2.5048828125
11.433	3.369140625	2.6318359375
11.434	3.349609375	2.705078125
11.435	3.1689453125	2.734375
11.436	2.841796875	2.705078125
11.437	2.4462890625	2.607421875
11.438	2.03125	2.4755859375
11.439	1.69921875	2.3388671875
11.439996	1.494140625	2.216796875
11.440996	1.455078125	2.1240234375
11.441996	1.5869140625	2.080078125
11.442996	1.875	2.0947265625
11.443996	2.255859375	2.16796875
11.444996	2.6708984375	2.28515625
11.445996	3.02734375	2.421875
11.446996	3.291015625	2.548828125
11.447996	3.37890625	2.6513671875
11.448996	3.30078125	2.71484375
11.449996	3.056640625	2.7197265625
11.450996	2.6953125	2.666015625
11.451996	2.28515625	2.5634765625
11.452996	1.8994140625	2.4267578125
11.453996	1.6015625	2.28515625
11.454996	1.46484375	2.177734375
11.455996	1.484375	2.099609375
11.456996	1.689453125	2.08984375
11.457996	2.021484375	2.1240234375
11.458996	2.421875	2.2119140625
11.459996	2.8271484375	2.34375
11.460996	3.1591796875	2.48046875
11.461996	3.359375	2.587890625
11.462996	3.369140625	2.67578125
11.463996	3.2177734375	2.71484375
11.464996	2.919921875	2.685546875
11.465996	2.529296875	2.6171875
11.466996	2.1044921875	2.5
11.467996	1.7529296875	2.3583984375
11.468996	1.5185546875	2.2412109375
11.470008	1.4501953125	2.138671875
11.471	1.5625	2.0947265625
11.472	1.826171875	2.1142578125
11.473	2.2119140625	2.1630859375
11.474	2.626953125	2.28515625
11.475	3.0029296875	2.412109375
11.476	3.271484375	2.5390625
11.477	3.3837890625	2.6416015625
11.478	3.310546875	2.6953125
11.479	3.0712890625	2.6953125
11.48	2.71484375	2.6416015625
11.481	2.2998046875	2.5537109375
11.481996	1.904296875	2.4169921875
11.482996	1.611328125	2.294921875
11.483996	1.4501953125	2.1875
11.484996	1.484375	2.119140625
11.485996	1.689453125	2.1044921875
11.486996	2.0263671875	2.1484375
11.487996	2.44140625	2.2412109375
11.488996	2.841796875	2.3583984375
11.489996	3.1689453125	2.490234375
11.490996	3.3544921875	2.5927734375
11.491996	3.359375	2.6708984375
11.492996	3.193359375	2.6904296875
11.493996	2.87109375	2.6611328125
11.494996	2.470703125	2.578125
11.495996	2.060546875	2.4658203125
11.496996	1.7138671875	2.333984375
11.497996	1.4990234375	2.2216796875
11.498996	1.46484375	2.1533203125
11.499996	1.591796875	2.119140625
11.500996	1.884765625	2.1337890625
11.501996	2.28515625	2.2119140625
11.502996	2.6953125	2.32421875
11.503996	3.06640625	2.451171875
11.504996	3.310546875	2.5634765625
11.505996	3.3837890625	2.646484375
11.506996	3.2763671875	2.67578125
11.507996	3.0029296875	2.6708984375
11.508996	2.6171875	2.607421875
11.509996	2.1923828125	2.5
11.510996	1.8212890625	2.36328125
11.511996	1.552734375	2.2607421875
11.513	1.4501953125	2.1728515625
11.514	1.5380859375	2.1337890625
11.515	1.77734375	2.1240234375
11.516	2.158203125	2.1923828125
11.517	2.5830078125	2.2998046875
11.518	2.9736328125	2.4169921875
11.519	3.2568359375	2.5341796875
11.52	3.3837890625	2.6171875
11.521	3.3154296875	2.666015625
11.522	3.0908203125	2.6708984375
11.523	2.724609375	2.607421875
11.524	2.3095703125	2.5244140625
11.524996	1.9091796875	2.3974609375
11.525996	1.6064453125	2.2802734375
11.526996	1.4599609375	2.1875
11.527996	1.494140625	2.138671875
11.528996	1.7041015625	2.138671875
11.529996	2.060546875	2.177734375
11.530996	2.490234375	2.2802734375
11.531996	2.890625	2.3974609375
11.532996	3.2080078125	2.509765625
11.533996	3.369140625	2.59765625
11.534996	3.3447265625	2.6611328125
11.535996	3.154296875	2.6611328125
11.536996	2.8125	2.6220703125
11.537996	2.3876953125	2.5341796875
11.538996	1.97265625	2.4169921875
11.539996	1.650390625	2.3046875
11.540996	1.474609375	2.2119140625
11.541996	1.4794921875	2.1630859375
11.542996	1.6650390625	2.1484375
11.543996	1.9970703125	2.1923828125
11.544996	2.412109375	2.2705078125
11.545996	2.8271484375	2.3828125
11.546996	3.1591796875	2.5048828125
11.547996	3.359375	2.587890625
11.548996	3.3544921875	2.646484375
11.549996	3.173828125	2.6513671875
11.550996	2.8515625	2.6123046875
11.551996	2.4462890625	2.5390625
11.552996	2.0263671875	2.431640625
11.553996	1.6748046875	2.3046875
11.554996	1.474609375	2.2119140625
11.556	1.4697265625	2.1630859375
11.557	1.6357421875	2.1533203125
11.558	1.953125	2.1826171875
11.559	2.373046875	2.275390625
11.56	2.79296875	2.3828125
11.561	3.14453125	2.4951171875
11.562	3.3447265625	2.5830078125
11.563	3.3642578125	2.6318359375
11.564	3.203125	2.646484375
11.565	2.8857421875	2.6123046875
11.566	2.470703125	2.5341796875
11.567	2.05078125	2.4267578125
11.567996	1.69921875	2.3095703125
11.568996	1.4892578125	2.2265625
11.569996	1.46484375	2.1728515625
11.570996	1.630859375	2.1533203125
11.571996	1.9482421875	2.1923828125
11.572996	2.353515625	2.275390625
11.573996	2.7783203125	2.3828125
11.574996	3.1396484375	2.5
11.575996	3.3447265625	2.578125
11.576996	3.3740234375	2.6318359375
11.577996	3.193359375	2.6416015625
11.578996	2.8857421875	2.6025390625
11.579996	2.470703125	2.5244140625
11.580996	2.0458984375	2.412109375
11.581996	1.6943359375	2.2998046875
11.582996	1.4892578125	2.2265625
11.583996	1.474609375	2.1826171875
11.584996	1.630859375	2.1728515625
11.585996	1.953125	2.2021484375
11.586996	2.373046875	2.2900390625
11.587996	2.802734375	2.3876953125
11.588996	3.154296875	2.5048828125
11.589996	3.33984375	2.587890625
11.590996	3.3642578125	2.6220703125
11.591996	3.193359375	2.6220703125
11.592996	2.861328125	2.587890625
11.593996	2.4365234375	2.509765625
11.594996	2.0166015625	2.3974609375
11.595996	1.6650390625	2.294921875
11.596996	1.484375	2.2216796875
11.598008	1.4794921875	2.1826171875
11.599	1.66015625	2.1875
11.6	2.001953125	2.2216796875
11.601	2.4267578125	2.314453125
11.602	2.8466796875	2.421875
11.603	3.1884765625	2.51953125
11.604	3.3642578125	2.5927734375
11.605	3.359375	2.6318359375
11.606	3.1494140625	2.6123046875
11.607	2.802734375	2.5732421875
11.608	2.3681640625	2.48046875
11.609	1.9482421875	2.3876953125
11.609996	1.6357421875	2.28515625
11.610996	1.46484375	2.2119140625
11.611996	1.484375	2.177734375
11.612996	1.7041015625	2.197265625
11.613996	2.0654296875	2.24609375
11.614996	2.490234375	2.3291015625
11.615996	2.9150390625	2.4462890625
11.616996	3.232421875	2.5390625
11.617996	3.369140625	2.59765625
11.618996	3.330078125	2.6220703125
11.619996	3.0908203125	2.6025390625
11.620996	2.71484375	2.5390625
11.621996	2.2900390625	2.4609375
11.622996	1.884765625	2.3486328125
11.623996	1.5771484375	2.2509765625
11.624996	1.455078125	2.2021484375
11.625996	1.5185546875	2.1826171875
11.626996	1.7724609375	2.2119140625
11.627996	2.1630859375	2.275390625
11.628996	2.6025390625	2.3779296875
11.629996	3.0029296875	2.4658203125
11.630996	3.271484375	2.55859375
11.631996	3.37890625	2.59765625
11.632996	3.271484375	2.6123046875
11.633996	3.0126953125	2.5830078125
11.634996	2.6123046875	2.509765625
11.635996	2.177734375	2.412109375
11.636996	1.7724609375	2.314453125
11.637996	1.5234375	2.2412109375
11.638996	1.4501953125	2.197265625
11.639996	1.5771484375	2.1923828125
11.641	1.8798828125	2.236328125
11.642	2.294921875	2.314453125
11.643	2.734375	2.412109375
11.644	3.1005859375	2.509765625
11.645	3.3349609375	2.5732421875
11.646	3.3740234375	2.607421875
11.647	3.2177734375	2.6025390625
11.648	2.8857421875	2.548828125
11.649	2.470703125	2.4755859375
11.65	2.03125	2.3779296875
11.651	1.6796875	2.28515625
11.652	1.474609375	2.2216796875
11.652996	1.474609375	2.197265625
11.653996	1.6650390625	2.20703125
11.654996	2.01171875	2.265625
11.655996	2.4560546875	2.36328125
11.656996	2.880859375	2.4560546875
11.657996	3.2080078125	2.5439453125
11.658996	3.369140625	2.5927734375
11.659996	3.33984375	2.607421875
11.660996	3.1005859375	2.5732421875
11.661996	2.734375	2.5146484375
11.662996	2.2998046875	2.4267578125
11.663996	1.875	2.3291015625
11.664996	1.5771484375	2.24609375
11.665996	1.455078125	2.20703125
11.666996	1.5283203125	2.2021484375
11.667996	1.796875	2.2412109375
11.668996	2.197265625	2.314453125
11.669996	2.6416015625	2.40234375
11.670996	3.037109375	2.5
11.671996	3.30078125	2.5732421875
11.672996	3.3837890625	2.6025390625
11.673996	3.2568359375	2.59765625
11.674996	2.958984375	2.5537109375
11.675996	2.5341796875	2.470703125
11.676996	2.0947265625	2.373046875
11.677996	1.71875	2.2900390625
11.678996	1.4990234375	2.216796875
11.679996	1.4599609375	2.2021484375
11.680996	1.6357421875	2.2265625
11.681996	1.97265625	2.275390625
11.682996	2.4072265625	2.36328125
11.684	2.841796875	2.4560546875
11.685	3.1787109375	2.5439453125
11.686	3.369140625	2.587890625
11.687	3.33984375	2.5927734375
11.688	3.115234375	2.5634765625
11.689	2.75390625	2.5
11.69	2.314453125	2.412109375
11.691	1.8896484375	2.32421875
11.692	1.5869140625	2.2412109375
11.693	1.455078125	2.2119140625
11.694	1.533203125	2.2119140625
11.695	1.7919921875	2.2607421875
11.695996	2.2021484375	2.333984375
11.696996	2.6513671875	2.431640625
11.697996	3.0419921875	2.509765625
11.698996	3.3154296875	2.578125
11.699996	3.37890625	2.5927734375
11.700996	3.2421875	2.5732421875
11.701996	2.9296875	2.5244140625
11.702996	2.5048828125	2.4462890625
11.703996	2.060546875	2.353515625
11.704996	1.689453125	2.265625
11.705996	1.484375	2.216796875
11.706996	1.4697265625	2.20703125
11.707996	1.669921875	2.2412109375
11.708996	2.021484375	2.3046875
11.709996	2.4755859375	2.40234375
11.710996	2.8955078125	2.4853515625
11.711996	3.2177734375	2.55859375
11.712996	3.369140625	2.587890625
11.713996	3.3203125	2.5830078125
11.714996	3.056640625	2.5390625
11.715996	2.6611328125	2.4609375
11.716996	2.216796875	2.3779296875
11.717996	1.806640625	2.2802734375
11.718996	1.54296875	2.2314453125
11.719996	1.4453125	2.20703125
11.720996	1.572265625	2.236328125
11.721996	1.8798828125	2.28515625
11.722996	2.314453125	2.373046875
11.723996	2.7587890625	2.4658203125
11.724996	3.1396484375	2.5439453125
11.726008	3.33984375	2.5927734375
11.727	3.359375	2.587890625
11.728	3.1640625	2.55859375
11.729	2.8076171875	2.4853515625
11.73	2.3583984375	2.3876953125
11.731	1.9287109375	2.3095703125
11.732	1.6064453125	2.236328125
11.733	1.4501953125	2.2021484375
11.734	1.5185546875	2.2216796875
11.735	1.787109375	2.2705078125
11.736	2.1875	2.353515625
11.737	2.63671875	2.451171875
11.737996	3.037109375	2.5341796875
11.738996	3.310546875	2.5830078125
11.739996	3.369140625	2.587890625
11.740996	3.2275390625	2.55859375
11.741996	2.9150390625	2.5
11.742996	2.4755859375	2.412109375
11.743996	2.03125	2.32421875
11.744996	1.6650390625	2.24609375
11.745996	1.474609375	2.216796875
11.746996	1.484375	2.2265625
11.747996	1.69921875	2.265625
11.748996	2.0849609375	2.3486328125
11.749996	2.529296875	2.4365234375
11.750996	2.9541015625	2.5390625
11.751996	3.2666015625	2.5830078125
11.752996	3.37890625	2.5927734375
11.753996	3.2861328125	2.568359375
11.754996	2.98828125	2.5048828125
11.755996	2.5732421875	2.4169921875
11.756996	2.109375	2.32421875
11.757996	1.728515625	2.2509765625
11.758996	1.4990234375	2.2021484375
11.759996	1.4599609375	2.216796875
11.760996	1.6455078125	2.2607421875
11.761996	2.0068359375	2.34375
11.762996	2.4560546875	2.431640625
11.763996	2.890625	2.51953125
11.764996	3.2177734375	2.5732421875
11.765996	3.37890625	2.59765625
11.766996	3.310546875	2.5732421875
11.767996	3.0419921875	2.509765625
11.769	2.63671875	2.421875
11.77	2.1728515625	2.3291015625
11.771	1.77734375	2.24609375
11.772	1.513671875	2.2119140625
11.773	1.455078125	2.2119140625
11.774	1.6162109375	2.2607421875
11.775	1.9482421875	2.3388671875
11.776	2.392578125	2.431640625
11.777	2.8515625	2.5146484375
11.778	3.203125	2.5830078125
11.779	3.3740234375	2.59765625
11.78	3.3203125	2.55859375
11.780996	3.076171875	2.5
11.781996	2.67578125	2.421875
11.782996	2.2216796875	2.333984375
11.783996	1.806640625	2.2509765625
11.784996	1.533203125	2.2119140625
11.785996	1.455078125	2.2119140625
11.786996	1.5869140625	2.2607421875
11.787996	1.9189453125	2.333984375
11.788996	2.3681640625	2.4365234375
11.789996	2.8173828125	2.5244140625
11.790996	3.1787109375	2.5830078125
11.791996	3.3740234375	2.6025390625
11.792996	3.3349609375	2.5732421875
11.793996	3.0908203125	2.5048828125
11.794996	2.7001953125	2.421875
11.795996	2.2412109375	2.32421875
11.796996	1.81640625	2.2412109375
11.797996	1.54296875	2.2119140625
11.798996	1.4501953125	2.2119140625
11.799996	1.591796875	2.255859375
11.800996	1.9189453125	2.3388671875
11.801996	2.3583984375	2.44140625
11.802996	2.8173828125	2.529296875
11.803996	3.1884765625	2.5830078125
11.804996	3.3642578125	2.59765625
11.805996	3.3349609375	2.568359375
11.806996	3.1005859375	2.5048828125
11.807996	2.7001953125	2.4072265625
11.808996	2.2216796875	2.3095703125
11.809996	1.806640625	2.24609375
11.810996	1.533203125	2.197265625
11.812	1.455078125	2.2119140625
11.813	1.6015625	2.275390625
11.814	1.943359375	2.3583984375
11.815	2.3828125	2.4560546875
11.816	2.841796875	2.5341796875
11.817	3.203125	2.59765625
11.818	3.369140625	2.59765625
11.819	3.330078125	2.55859375
11.82	3.0712890625	2.490234375
11.821	2.666015625	2.3876953125
11.822	2.1875	2.3046875
11.823	1.787109375	2.2265625
11.823996	1.513671875	2.197265625
11.824996	1.4599609375	2.2265625
11.825996	1.62109375	2.2802734375
11.826996	1.982421875	2.3681640625
11.827996	2.431640625	2.470703125
11.828996	2.880859375	2.55859375
11.829996	3.2177734375	2.607421875
11.830996	3.3740234375	2.6025390625
11.831996	3.3056640625	2.5537109375
11.832996	3.0224609375	2.470703125
11.833996	2.6123046875	2.373046875
11.834996	2.1435546875	2.2802734375
11.835996	1.73828125	2.2119140625
11.836996	1.4892578125	2.197265625
11.837996	1.4697265625	2.2265625
11.838996	1.66015625	2.2998046875
11.839996	2.0361328125	2.392578125
11.840996	2.490234375	2.4951171875
11.841996	2.9345703125	2.568359375
11.842996	3.26171875	2.607421875
11.843996	3.3837890625	2.5927734375
11.844996	3.271484375	2.5341796875
11.845996	2.9638671875	2.451171875
11.846996	2.5244140625	2.34375
11.847996	2.060546875	2.255859375
11.848996	1.6748046875	2.197265625
11.849996	1.4697265625	2.1923828125
11.850996	1.4892578125	2.236328125
11.851996	1.7138671875	2.314453125
11.852996	2.119140625	2.421875
11.854008	2.5927734375	2.5244140625
11.855	3.02734375	2.6025390625
11.856	3.30078125	2.6171875
11.857	3.3740234375	2.587890625
11.858	3.2177734375	2.509765625
11.859	2.8857421875	2.4169921875
11.86	2.4169921875	2.3193359375
11.861	1.9677734375	2.236328125
11.862	1.62109375	2.1875
11.863	1.4599609375	2.197265625
11.864	1.5283203125	2.265625
11.865	1.8017578125	2.3486328125
11.865996	2.2265625	2.4609375
11.866996	2.71484375	2.5439453125
11.867996	3.10546875	2.6123046875
11.868996	3.3447265625	2.626953125
11.869996	3.359375	2.568359375
11.870996	3.14453125	2.490234375
11.871996	2.75390625	2.3876953125
11.872996	2.294921875	2.28515625
11.873996	1.8603515625	2.2119140625
11.874996	1.5478515625	2.1826171875
11.875996	1.4453125	2.20703125
11.876996	1.591796875	2.28515625
11.877996	1.923828125	2.392578125
11.878996	2.3779296875	2.490234375
11.879996	2.8369140625	2.5830078125
11.880996	3.2080078125	2.6318359375
11.881996	3.369140625	2.6220703125
11.882996	3.3203125	2.5537109375
11.883996	3.046875	2.4560546875
11.884996	2.6123046875	2.34375
11.885996	2.138671875	2.2509765625
11.886996	1.73828125	2.1728515625
11.887996	1.4892578125	2.177734375
11.888996	1.474609375	2.2265625
11.889996	1.6796875	2.3193359375
11.890996	2.0703125	2.431640625
11.891996	2.5390625	2.5390625
11.892996	2.98828125	2.6025390625
11.893996	3.28125	2.6220703125
11.894996	3.3837890625	2.59765625
11.895996	3.232421875	2.5146484375
11.897	2.890625	2.40234375
11.898	2.4365234375	2.294921875
11.899	1.97265625	2.216796875
11.9	1.6162109375	2.1630859375
11.901	1.455078125	2.1826171875
11.902	1.5283203125	2.255859375
11.903	1.8115234375	2.3681640625
11.904	2.24609375	2.48046875
11.905	2.7294921875	2.5732421875
11.906	3.125	2.6318359375
11.907	3.3544921875	2.63671875
11.908	3.3447265625	2.55859375
11.908996	3.1103515625	2.4609375
11.909996	2.71484375	2.353515625
11.910996	2.2412109375	2.2509765625
11.911996	1.8115234375	2.177734375
11.912996	1.5185546875	2.16796875
11.913996	1.4599609375	2.216796875
11.914996	1.6259765625	2.3095703125
11.915996	1.9921875	2.4169921875
11.916996	2.470703125	2.5439453125
11.917996	2.9248046875	2.6123046875
11.918996	3.251953125	2.63671875
11.919996	3.3837890625	2.6123046875
11.920996	3.2763671875	2.5244140625
11.921996	2.9443359375	2.412109375
11.922996	2.5	2.2900390625
11.923996	2.0166015625	2.2021484375
11.924996	1.6455078125	2.1533203125
11.925996	1.455078125	2.177734375
11.926996	1.50390625	2.2509765625
11.927996	1.7822265625	2.36328125
11.928996	2.2216796875	2.490234375
11.929996	2.7001953125	2.5927734375
11.930996	3.115234375	2.63671875
11.931996	3.349609375	2.646484375
11.932996	3.359375	2.5732421875
11.933996	3.125	2.4560546875
11.934996	2.7197265625	2.34375
11.935996	2.24609375	2.236328125
11.936996	1.806640625	2.158203125
11.937996	1.5087890625	2.158203125
11.938996	1.4599609375	2.20703125
11.94	1.6357421875	2.3193359375
11.941	2.0068359375	2.4365234375
11.942	2.4853515625	2.55859375
11.943	2.9345703125	2.63671875
11.944	3.26171875	2.6513671875
11.945	3.3837890625	2.6171875
11.946	3.26171875	2.5146484375
11.947	2.9150390625	2.3876953125
11.948	2.4560546875	2.2705078125
11.949	1.9873046875	2.1875
11.95	1.6162109375	2.1435546875
11.951	1.4599609375	2.177734375
11.951996	1.5234375	2.275390625
11.952996	1.8212890625	2.3876953125
11.953996	2.275390625	2.509765625
11.954996	2.763671875	2.6171875
11.955996	3.1494140625	2.666015625
11.956996	3.359375	2.6416015625
11.957996	3.3251953125	2.55859375
11.958996	3.076171875	2.431640625
11.959996	2.6416015625	2.2998046875
11.960996	2.1630859375	2.20703125
11.961996	1.7431640625	2.1435546875
11.962996	1.4892578125	2.158203125
11.963996	1.474609375	2.2265625
11.964996	1.6943359375	2.3486328125
11.965996	2.08984375	2.4755859375
11.966996	2.578125	2.59765625
11.967996	3.02734375	2.65625
11.968996	3.310546875	2.666015625
11.969996	3.369140625	2.587890625
11.970996	3.193359375	2.470703125
11.971996	2.8076171875	2.3486328125
11.972996	2.3291015625	2.2265625
11.973996	1.8701171875	2.158203125
11.974996	1.54296875	2.1435546875
11.975996	1.455078125	2.197265625
11.976996	1.6015625	2.3095703125
11.977996	1.953125	2.44140625
11.978996	2.421875	2.55859375
11.979996	2.900390625	2.6513671875
11.980996	3.2470703125	2.67578125
11.982008	3.3837890625	2.6220703125
11.983	3.2666015625	2.51953125
11.984	2.9443359375	2.3779296875
11.985	2.4658203125	2.255859375
11.986	1.9921875	2.1630859375
11.987	1.62109375	2.12890625
11.988	1.4501953125	2.1630859375
11.989	1.5380859375	2.275390625
11.99	1.8359375	2.4072265625
11.991	2.28515625	2.5341796875
11.992	2.7783203125	2.6416015625
11.993	3.1787109375	2.67578125
11.993996	3.3642578125	2.646484375
11.994996	3.3251953125	2.548828125
11.995996	3.0419921875	2.4169921875
11.996996	2.59765625	2.265625
11.997996	2.1044921875	2.1630859375
11.998996	1.69921875	2.1240234375
11.999996	1.4697265625	2.1435546875
12.000996	1.494140625	2.2412109375
12.001996	1.7529296875	2.373046875
12.002996	2.1728515625	2.5146484375
12.003996	2.6611328125	2.6318359375
12.004996	3.095703125	2.67578125
12.005996	3.349609375	2.6708984375
12.006996	3.349609375	2.578125
12.007996	3.125	2.44140625
12.008996	2.7001953125	2.3046875
12.009996	2.216796875	2.1875
12.010996	1.7724609375	2.1240234375
12.011996	1.50390625	2.1337890625
12.012996	1.46484375	2.2216796875
12.013996	1.6748046875	2.353515625
12.014996	2.08984375	2.5048828125
12.015996	2.587890625	2.6171875
12.016996	3.02734375	2.6904296875
12.017996	3.3154296875	2.67578125
12.018996	3.3740234375	2.6025390625
12.019996	3.1640625	2.4560546875
12.020996	2.783203125	2.314453125
12.021996	2.294921875	2.1875
12.022996	1.826171875	2.1142578125
12.023996	1.5234375	2.1142578125
12.025	1.4453125	2.2021484375
12.026	1.630859375	2.3291015625
12.027	2.021484375	2.48046875
12.028	2.5048828125	2.6123046875
12.029	2.96875	2.6904296875
12.03	3.291015625	2.7001953125
12.031	3.3837890625	2.6123046875
12.032	3.212890625	2.48046875
12.033	2.841796875	2.32421875
12.034	2.353515625	2.1923828125
12.035	1.884765625	2.119140625
12.036	1.5576171875	2.109375
12.036996	1.4501953125	2.1875
12.037996	1.5869140625	2.314453125
12.038996	1.9677734375	2.470703125
12.039996	2.4560546875	2.607421875
12.040996	2.9345703125	2.6806640625
12.041996	3.271484375	2.7001953125
12.042996	3.37890625	2.6318359375
12.043996	3.2421875	2.4853515625
12.044996	2.8759765625	2.333984375
12.045996	2.392578125	2.197265625
12.046996	1.9091796875	2.1142578125
12.047996	1.5673828125	2.099609375
12.048996	1.455078125	2.1728515625
12.049996	1.58203125	2.3046875
12.050996	1.943359375	2.4609375
12.051996	2.4267578125	2.607421875
12.052996	2.9052734375	2.6953125
12.053996	3.251953125	2.7099609375
12.054996	3.3837890625	2.63671875
12.055996	3.251953125	2.5
12.056996	2.8955078125	2.34375
12.057996	2.4169921875	2.2021484375
12.058996	1.923828125	2.1044921875
12.059996	1.58203125	2.0849609375
12.060996	1.4404296875	2.16796875
12.061996	1.5771484375	2.3046875
12.062996	1.9287109375	2.470703125
12.063996	2.421875	2.6171875
12.064996	2.9052734375	2.705078125
12.065996	3.251953125	2.7197265625
12.066996	3.3837890625	2.6416015625
12.068	3.2470703125	2.4951171875
12.069	2.8955078125	2.333984375
12.07	2.412109375	2.1875
12.071	1.9287109375	2.099609375
12.072	1.58203125	2.0849609375
12.073	1.4501953125	2.1533203125
12.074	1.5869140625	2.3095703125
12.075	1.9384765625	2.48046875
12.076	2.4267578125	2.626953125
12.077	2.919921875	2.71484375
12.078	3.2666015625	2.724609375
12.079	3.3740234375	2.6416015625
12.079996	3.2421875	2.4951171875
12.080996	2.880859375	2.3291015625
12.081996	2.392578125	2.1826171875
12.082996	1.904296875	2.08984375
12.083996	1.5625	2.08984375
12.084996	1.4501953125	2.16796875
12.085996	1.591796875	2.32421875
12.086996	1.97265625	2.490234375
12.087996	2.4609375	2.6318359375
12.088996	2.9443359375	2.71484375
12.089996	3.28125	2.724609375
12.090996	3.3837890625	2.63671875
12.091996	3.22265625	2.470703125
12.092996	2.8466796875	2.3046875
12.093996	2.3388671875	2.1630859375
12.094996	1.865234375	2.080078125
12.095996	1.533203125	2.080078125
12.096996	1.455078125	2.1728515625
12.097996	1.6259765625	2.3291015625
12.098996	2.021484375	2.509765625
12.099996	2.5244140625	2.6513671875
12.100996	2.98828125	2.734375
12.101996	3.30078125	2.71484375
12.102996	3.3740234375	2.626953125
12.103996	3.18359375	2.4462890625
12.104996	2.7734375	2.275390625
12.105996	2.275390625	2.1484375
12.106996	1.81640625	2.0703125
12.107996	1.5087890625	2.08984375
12.108996	1.46484375	2.197265625
12.110008	1.669921875	2.36328125
12.111	2.08984375	2.5439453125
12.112	2.587890625	2.67578125
12.113	3.0517578125	2.7392578125
12.114	3.33984375	2.71484375
12.115	3.3642578125	2.5927734375
12.116	3.134765625	2.4169921875
12.117	2.7001953125	2.255859375
12.118	2.197265625	2.1142578125
12.119	1.7431640625	2.060546875
12.12	1.484375	2.0947265625
12.121	1.4794921875	2.216796875
12.121996	1.73828125	2.392578125
12.122996	2.1728515625	2.568359375
12.123996	2.6953125	2.705078125
12.124996	3.1201171875	2.75390625
12.125996	3.3544921875	2.7099609375
12.126996	3.3349609375	2.5732421875
12.127996	3.0615234375	2.3828125
12.128996	2.6025390625	2.216796875
12.129996	2.0947265625	2.099609375
12.130996	1.6748046875	2.05078125
12.131996	1.455078125	2.1142578125
12.132996	1.5234375	2.255859375
12.133996	1.8212890625	2.44140625
12.134996	2.2900390625	2.6025390625
12.135996	2.8076171875	2.7197265625
12.136996	3.203125	2.7587890625
12.137996	3.37890625	2.6806640625
12.138996	3.2861328125	2.5244140625
12.139996	2.9541015625	2.3388671875
12.140996	2.4755859375	2.177734375
12.141996	1.9677734375	2.0703125
12.142996	1.6015625	2.0458984375
12.143996	1.4453125	2.138671875
12.144996	1.572265625	2.3046875
12.145996	1.93359375	2.4951171875
12.146996	2.4365234375	2.666015625
12.147996	2.9248046875	2.75390625
12.148996	3.271484375	2.75390625
12.149996	3.3837890625	2.6513671875
12.150996	3.2177734375	2.4755859375
12.151996	2.822265625	2.28515625
12.153	2.3193359375	2.12890625
12.154	1.8408203125	2.041015625
12.155	1.533203125	2.0556640625
12.156	1.455078125	2.1826171875
12.157	1.66015625	2.3583984375
12.158	2.080078125	2.548828125
12.159	2.587890625	2.7001953125
12.16	3.046875	2.7685546875
12.161	3.330078125	2.7294921875
12.162	3.3544921875	2.607421875
12.163	3.1103515625	2.412109375
12.164	2.666015625	2.2314453125
12.164996	2.1533203125	2.080078125
12.165996	1.71875	2.03125
12.166996	1.4697265625	2.0849609375
12.167996	1.494140625	2.2265625
12.168996	1.787109375	2.421875
12.169996	2.24609375	2.607421875
12.170996	2.7685546875	2.744140625
12.171996	3.1884765625	2.7783203125
12.172996	3.3740234375	2.6953125
12.173996	3.30078125	2.5390625
12.174996	2.9736328125	2.3388671875
12.175996	2.490234375	2.158203125
12.176996	1.97265625	2.05078125
12.177996	1.5966796875	2.0361328125
12.178996	1.4501953125	2.119140625
12.179996	1.5771484375	2.3046875
12.180996	1.9482421875	2.4951171875
12.181996	2.4462890625	2.6708984375
12.182996	2.9443359375	2.7734375
12.183996	3.291015625	2.7587890625
12.184996	3.37890625	2.6513671875
12.185996	3.1982421875	2.4609375
12.186996	2.7880859375	2.2607421875
12.187996	2.2802734375	2.0947265625
12.188996	1.796875	2.0263671875
12.189996	1.50390625	2.060546875
12.190996	1.46484375	2.1875
12.191996	1.708984375	2.3779296875
12.192996	2.1484375	2.587890625
12.193996	2.6708984375	2.7392578125
12.194996	3.1103515625	2.783203125
12.196	3.359375	2.7294921875
12.197	3.33984375	2.578125
12.198	3.0419921875	2.373046875
12.199	2.568359375	2.1728515625
12.2	2.0458984375	2.0458984375
12.201	1.6357421875	2.0166015625
12.202	1.4404296875	2.099609375
12.203	1.54296875	2.275390625
12.204	1.89453125	2.48046875
12.205	2.3876953125	2.666015625
12.206	2.8955078125	2.7783203125
12.207	3.26171875	2.7783203125
12.207996	3.3837890625	2.67578125
12.208996	3.2177734375	2.4755859375
12.209996	2.83203125	2.275390625
12.210996	2.3193359375	2.0947265625
12.211996	1.8310546875	2.021484375
12.212996	1.5185546875	2.03125
12.213996	1.4697265625	2.16796875
12.214996	1.6845703125	2.3779296875
12.215996	2.119140625	2.578125
12.216996	2.646484375	2.744140625
12.217996	3.0859375	2.79296875
12.218996	3.359375	2.7490234375
12.219996	3.330078125	2.5830078125
12.220996	3.0419921875	2.373046875
12.221996	2.5830078125	2.177734375
12.222996	2.05078125	2.03125
12.223996	1.6455078125	2.0068359375
12.224996	1.474609375	2.0947265625
12.225996	1.552734375	2.265625
12.226996	1.8994140625	2.490234375
12.227996	2.40234375	2.685546875
12.228996	2.9052734375	2.7880859375
12.229996	3.2763671875	2.79296875
12.230996	3.3837890625	2.6904296875
12.231996	3.212890625	2.4755859375
12.232996	2.7978515625	2.255859375
12.233996	2.2802734375	2.0849609375
12.234996	1.806640625	2.001953125
12.235996	1.494140625	2.0361328125
12.236996	1.46484375	2.1826171875
12.238008	1.71875	2.3974609375
12.239	2.177734375	2.607421875
12.24	2.6953125	2.763671875
12.241	3.14453125	2.802734375
12.242	3.359375	2.744140625
12.243	3.3154296875	2.568359375
12.244	2.998046875	2.34375
12.245	2.5048828125	2.1435546875
12.246	1.982421875	2.0166015625
12.247	1.5966796875	2.001953125
12.248	1.4453125	2.099609375
12.249	1.5869140625	2.3046875
12.249996	1.9775390625	2.529296875
12.250996	2.4951171875	2.7197265625
12.251996	2.9833984375	2.802734375
12.252996	3.3154296875	2.7880859375
12.253996	3.3642578125	2.646484375
12.254996	3.134765625	2.431640625
12.255996	2.705078125	2.20703125
12.256996	2.1728515625	2.0458984375
12.257996	1.71875	1.9775390625
12.258996	1.4697265625	2.041015625
12.259996	1.50390625	2.2265625
12.260996	1.8115234375	2.451171875
12.261996	2.2998046875	2.6611328125
12.262996	2.8271484375	2.802734375
12.263996	3.22265625	2.8173828125
12.264996	3.3837890625	2.71484375
12.265996	3.2568359375	2.509765625
12.266996	2.87109375	2.275390625
12.267996	2.3583984375	2.08984375
12.268996	1.85546875	1.9921875
12.269996	1.533203125	2.001953125
12.270996	1.455078125	2.1484375
12.271996	1.6845703125	2.3681640625
12.272996	2.1337890625	2.5927734375
12.273996	2.65625	2.763671875
12.274996	3.125	2.822265625
12.275996	3.3642578125	2.7685546875
12.276996	3.3251953125	2.5830078125
12.277996	3.017578125	2.34375
12.278996	2.5244140625	2.1337890625
12.279996	1.9873046875	2.001953125
12.281	1.591796875	1.9873046875
12.282	1.4501953125	2.099609375
12.283	1.591796875	2.3046875
12.284	1.9775390625	2.5439453125
12.285	2.509765625	2.7392578125
12.286	2.998046875	2.8271484375
12.287	3.310546875	2.79296875
12.288	3.369140625	2.6416015625
12.289	3.1201171875	2.4072265625
12.29	2.6611328125	2.1875
12.291	2.1240234375	2.0166015625
12.292	1.6796875	1.97265625
12.292996	1.4599609375	2.0458984375
12.293996	1.5234375	2.24609375
12.294996	1.865234375	2.48046875
12.295996	2.36328125	2.7001953125
12.296996	2.890625	2.8173828125
12.297996	3.2666015625	2.8125
12.298996	3.37890625	2.6904296875
12.299996	3.1982421875	2.4658203125
12.300996	2.7783203125	2.2265625
12.301996	2.24609375	2.041015625
12.302996	1.767578125	1.97265625
12.303996	1.484375	2.01171875
12.304996	1.4892578125	2.1875
12.305996	1.7626953125	2.431640625
12.306996	2.24609375	2.65625
12.307996	2.7880859375	2.8076171875
12.308996	3.203125	2.83203125
12.309996	3.3837890625	2.7294921875
12.310996	3.26171875	2.5244140625
12.311996	2.880859375	2.2802734375
12.312996	2.3583984375	2.0751953125
12.313996	1.85546875	1.9580078125
12.314996	1.5283203125	1.9921875
12.315996	1.4697265625	2.1484375
12.316996	1.69921875	2.373046875
12.317996	2.1484375	2.6171875
12.318996	2.6904296875	2.7978515625
12.319996	3.134765625	2.8515625
12.320996	3.369140625	2.7685546875
12.321996	3.3056640625	2.5634765625
12.322996	2.9638671875	2.32421875
12.324	2.451171875	2.099609375
12.325	1.93359375	1.9677734375
12.326	1.5625	1.9775390625
12.327	1.455078125	2.099609375
12.328	1.640625	2.34375
12.329	2.0751953125	2.5830078125
12.33	2.6123046875	2.7685546875
12.331	3.0810546875	2.8515625
12.332	3.359375	2.79296875
12.333	3.330078125	2.59765625
12.334	3.0615234375	2.353515625
12.335	2.5341796875	2.1240234375
12.335996	1.9970703125	1.97265625
12.336996	1.6015625	1.953125
12.337996	1.4501953125	2.080078125
12.338996	1.6015625	2.3046875
12.339996	2.01171875	2.5634765625
12.340996	2.548828125	2.763671875
12.341996	3.037109375	2.8564453125
12.342996	3.3349609375	2.8125
12.343996	3.349609375	2.63671875
12.344996	3.076171875	2.3779296875
12.345996	2.5927734375	2.138671875
12.346996	2.0458984375	1.982421875
12.347996	1.62109375	1.9482421875
12.348996	1.4501953125	2.060546875
12.349996	1.5673828125	2.28515625
12.350996	1.9677734375	2.5341796875
12.351996	2.4951171875	2.763671875
12.352996	2.998046875	2.861328125
12.353996	3.330078125	2.822265625
12.354996	3.359375	2.65625
12.355996	3.10546875	2.3974609375
12.356996	2.6220703125	2.1533203125
12.357996	2.0849609375	1.97265625
12.358996	1.650390625	1.9384765625
12.359996	1.4453125	2.0458984375
12.360996	1.5576171875	2.2607421875
12.361996	1.9287109375	2.5244140625
12.362996	2.4755859375	2.75390625
12.363996	2.9833984375	2.861328125
12.364996	3.3203125	2.83203125
12.366008	3.359375	2.65625
12.367	3.115234375	2.412109375
12.368	2.646484375	2.158203125
12.369	2.1044921875	1.982421875
12.37	1.6552734375	1.93359375
12.371	1.4501953125	2.0361328125
12.372	1.5576171875	2.2509765625
12.373	1.9287109375	2.5146484375
12.374	2.451171875	2.7490234375
12.375	2.9736328125	2.8662109375
12.376	3.310546875	2.841796875
12.377	3.369140625	2.67578125
12.377996	3.1201171875	2.4169921875
12.378996	2.6513671875	2.158203125
12.379996	2.0947265625	1.9775390625
12.380996	1.6552734375	1.9287109375
12.381996	1.4599609375	2.0263671875
12.382996	1.5625	2.2509765625
12.383996	1.923828125	2.51953125
12.384996	2.4658203125	2.75390625
12.385996	2.9833984375	2.8759765625
12.386996	3.3203125	2.841796875
12.387996	3.3642578125	2.6708984375
12.388996	3.1103515625	2.412109375
12.389996	2.63671875	2.1484375
12.390996	2.08984375	1.9677734375
12.391996	1.640625	1.93359375
12.392996	1.4453125	2.03125
12.393996	1.5673828125	2.265625
12.394996	1.9482421875	2.5341796875
12.395996	2.490234375	2.7783203125
12.396996	3.0029296875	2.8759765625
12.397996	3.330078125	2.8369140625
12.398996	3.3544921875	2.6611328125
12.399996	3.0859375	2.3974609375
12.400996	2.607421875	2.12890625
12.401996	2.0556640625	1.9580078125
12.402996	1.62109375	1.9189453125
12.403996	1.4453125	2.0361328125
12.404996	1.591796875	2.2705078125
12.405996	1.9873046875	2.55859375
12.406996	2.529296875	2.7880859375
12.407996	3.037109375	2.8759765625
12.409	3.33984375	2.83203125
12.41	3.349609375	2.646484375
12.411	3.046875	2.3681640625
12.412	2.55859375	2.1044921875
12.413	2.0068359375	1.943359375
12.414	1.5966796875	1.9189453125
12.415	1.4501953125	2.0556640625
12.416	1.6064453125	2.3095703125
12.417	2.0361328125	2.587890625
12.418	2.5830078125	2.8125
12.419	3.0859375	2.8955078125
12.42	3.3544921875	2.8173828125
12.420996	3.3203125	2.6123046875
12.421996	3.0029296875	2.34375
12.422996	2.48046875	2.0849609375
12.423996	1.943359375	1.9287109375
12.424996	1.552734375	1.93359375
12.425996	1.4501953125	2.0849609375
12.426996	1.6552734375	2.34375
12.427996	2.109375	2.6220703125
12.428996	2.666015625	2.8271484375
12.429996	3.134765625	2.8955078125
12.430996	3.3740234375	2.8076171875
12.431996	3.2958984375	2.5830078125
12.432996	2.9345703125	2.2900390625
12.433996	2.3974609375	2.0458984375
12.434996	1.8701171875	1.9091796875
12.435996	1.5234375	1.943359375
12.436996	1.46484375	2.109375
12.437996	1.7236328125	2.392578125
12.438996	2.197265625	2.6708984375
12.439996	2.75390625	2.861328125
12.440996	3.1982421875	2.900390625
12.441996	3.3740234375	2.783203125
12.442996	3.2421875	2.5341796875
12.443996	2.8369140625	2.24609375
12.444996	2.294921875	2.0068359375
12.445996	1.77734375	1.8994140625
12.446996	1.4794921875	1.9580078125
12.447996	1.4892578125	2.1630859375
12.448996	1.796875	2.4462890625
12.449996	2.3095703125	2.7099609375
12.450996	2.8662109375	2.880859375
12.452	3.2568359375	2.8955078125
12.453	3.388671875	2.7392578125
12.454	3.1884765625	2.470703125
12.455	2.734375	2.1875
12.456	2.177734375	1.97265625
12.457	1.69921875	1.8994140625
12.458	1.4599609375	1.9873046875
12.459	1.533203125	2.216796875
12.46	1.9091796875	2.51953125
12.461	2.4462890625	2.7734375
12.462	2.9736328125	2.8955078125
12.463	3.3203125	2.8662109375
12.463996	3.3642578125	2.6904296875
12.464996	3.095703125	2.40234375
12.465996	2.607421875	2.119140625
12.466996	2.041015625	1.9384765625
12.467996	1.611328125	1.89453125
12.468996	1.4501953125	2.0263671875
12.469996	1.6015625	2.28515625
12.470996	2.03125	2.5830078125
12.471996	2.6025390625	2.822265625
12.472996	3.095703125	2.9150390625
12.473996	3.3642578125	2.8466796875
12.474996	3.330078125	2.6220703125
12.475996	2.978515625	2.3193359375
12.476996	2.4462890625	2.0556640625
12.477996	1.9091796875	1.8994140625
12.478996	1.54296875	1.9189453125
12.479996	1.455078125	2.08984375
12.480996	1.7041015625	2.373046875
12.481996	2.1923828125	2.6708984375
12.482996	2.75390625	2.8662109375
12.483996	3.1982421875	2.919921875
12.484996	3.3837890625	2.79296875
12.485996	3.2470703125	2.529296875
12.486996	2.83203125	2.2412109375
12.487996	2.2705078125	1.9970703125
12.488996	1.767578125	1.884765625
12.489996	1.474609375	1.9580078125
12.490996	1.494140625	2.16796875
12.491996	1.8408203125	2.470703125
12.492996	2.3583984375	2.744140625
12.494008	2.9150390625	2.91015625
12.495	3.2861328125	2.8955078125
12.496	3.3740234375	2.7294921875
12.497	3.1298828125	2.431640625
12.498	2.646484375	2.1337890625
12.499	2.080078125	1.9287109375
12.5	1.630859375	1.884765625
12.501	1.4453125	2.0068359375
12.502	1.591796875	2.2705078125
12.503	2.01171875	2.578125
12.504	2.568359375	2.8125
12.505	3.0712890625	2.9248046875
12.505996	3.359375	2.861328125
12.506996	3.3251953125	2.6318359375
12.507996	2.9736328125	2.32421875
12.508996	2.44140625	2.05078125
12.509996	1.8994140625	1.89453125
12.510996	1.5283203125	1.8994140625
12.511996	1.46484375	2.08984375
12.512996	1.7138671875	2.3876953125
12.513996	2.2119140625	2.6806640625
12.514996	2.7734375	2.8857421875
12.515996	3.22265625	2.9248046875
12.516996	3.3837890625	2.7880859375
12.517996	3.22265625	2.509765625
12.518996	2.7880859375	2.20703125
12.519996	2.2216796875	1.9580078125
12.520996	1.7236328125	1.8701171875
12.521996	1.4599609375	1.9580078125
12.522996	1.5234375	2.1923828125
12.523996	1.89453125	2.509765625
12.524996	2.4365234375	2.79296875
12.525996	2.98828125	2.9248046875
12.526996	3.3203125	2.8955078125
12.527996	3.3544921875	2.6953125
12.528996	3.06640625	2.3876953125
12.529996	2.5439453125	2.080078125
12.530996	1.9873046875	1.8994140625
12.531996	1.5771484375	1.8798828125
12.532996	1.4501953125	2.041015625
12.533996	1.6552734375	2.3291015625
12.534996	2.1142578125	2.63671875
12.535996	2.6953125	2.8662109375
12.537	3.173828125	2.939453125
12.538	3.37890625	2.8271484375
12.539	3.26171875	2.5537109375
12.54	2.8466796875	2.2509765625
12.541	2.28515625	1.982421875
12.542	1.767578125	1.8603515625
12.543	1.4794921875	1.9287109375
12.544	1.4990234375	2.158203125
12.545	1.845703125	2.4755859375
12.546	2.3828125	2.7685546875
12.547	2.939453125	2.9248046875
12.548	3.310546875	2.91015625
12.548996	3.369140625	2.71484375
12.549996	3.1005859375	2.4072265625
12.550996	2.587890625	2.1044921875
12.551996	2.021484375	1.8994140625
12.552996	1.591796875	1.8701171875
12.553996	1.4501953125	2.0166015625
12.554996	1.630859375	2.314453125
12.555996	2.1044921875	2.626953125
12.556996	2.67578125	2.8662109375
12.557996	3.154296875	2.94921875
12.558996	3.37890625	2.8369140625
12.559996	3.271484375	2.568359375
12.560996	2.8662109375	2.2509765625
12.561996	2.2998046875	1.982421875
12.562996	1.77734375	1.85546875
12.563996	1.4794921875	1.923828125
12.564996	1.50390625	2.158203125
12.565996	1.8408203125	2.48046875
12.566996	2.3974609375	2.7734375
12.567996	2.9541015625	2.939453125
12.568996	3.3154296875	2.9150390625
12.569996	3.359375	2.7197265625
12.570996	3.076171875	2.3974609375
12.571996	2.578125	2.0849609375
12.572996	1.9970703125	1.8798828125
12.573996	1.58203125	1.8701171875
12.574996	1.4404296875	2.021484375
12.575996	1.6552734375	2.32421875
12.576996	2.1337890625	2.646484375
12.577996	2.7099609375	2.890625
12.578996	3.1787109375	2.94921875
12.58	3.388671875	2.83203125
12.581	3.2421875	2.5439453125
12.582	2.8125	2.216796875
12.583	2.2314453125	1.9580078125
12.584	1.7333984375	1.8505859375
12.585	1.46484375	1.923828125
12.586	1.5283203125	2.1826171875
12.587	1.9091796875	2.51953125
12.588	2.470703125	2.8125
12.589	3.0078125	2.9541015625
12.59	3.33984375	2.900390625
12.591	3.349609375	2.6806640625
12.591996	3.0224609375	2.353515625
12.592996	2.4755859375	2.0458984375
12.593996	1.9287109375	1.8603515625
12.594996	1.533203125	1.865234375
12.595996	1.455078125	2.060546875
12.596996	1.728515625	2.3828125
12.597996	2.2265625	2.7001953125
12.598996	2.8125	2.9248046875
12.599996	3.2470703125	2.9541015625
12.600996	3.388671875	2.7978515625
12.601996	3.18359375	2.490234375
12.602996	2.6953125	2.158203125
12.603996	2.119140625	1.9091796875
12.604996	1.6455078125	1.8408203125
12.605996	1.4501953125	1.97265625
12.606996	1.5966796875	2.255859375
12.607996	2.03125	2.5927734375
12.608996	2.6123046875	2.8662109375
12.609996	3.115234375	2.9638671875
12.610996	3.3642578125	2.8759765625
12.611996	3.2958984375	2.6171875
12.612996	2.8955078125	2.2705078125
12.613996	2.333984375	1.9873046875
12.614996	1.7919921875	1.8408203125
12.615996	1.474609375	1.89453125
12.616996	1.4990234375	2.138671875
12.617996	1.85546875	2.4755859375
12.618996	2.40234375	2.783203125
12.619996	2.9541015625	2.9541015625
12.620996	3.3251953125	2.939453125
12.622008	3.3544921875	2.7099609375
12.623	3.046875	2.3779296875
12.624	2.51953125	2.0703125
12.625	1.953125	1.8603515625
12.626	1.552734375	1.8603515625
12.627	1.455078125	2.041015625
12.628	1.7138671875	2.3681640625
12.629	2.2119140625	2.6953125
12.63	2.802734375	2.9248046875
12.631	3.2421875	2.9638671875
12.632	3.388671875	2.8076171875
12.633	3.173828125	2.490234375
12.633996	2.7001953125	2.158203125
12.634996	2.119140625	1.89453125
12.635996	1.640625	1.8359375
12.636996	1.4453125	1.9580078125
12.637996	1.5966796875	2.2607421875
12.638996	2.05078125	2.607421875
12.639996	2.6318359375	2.880859375
12.640996	3.134765625	2.9736328125
12.641996	3.369140625	2.861328125
12.642996	3.271484375	2.5927734375
12.643996	2.8564453125	2.24609375
12.644996	2.2705078125	1.953125
12.645996	1.7578125	1.8310546875
12.646996	1.46484375	1.8994140625
12.647996	1.5283203125	2.1728515625
12.648996	1.9189453125	2.51953125
12.649996	2.4853515625	2.822265625
12.650996	3.0322265625	2.9736328125
12.651996	3.33984375	2.9248046875
12.652996	3.3349609375	2.6806640625
12.653996	2.9736328125	2.333984375
12.654996	2.421875	2.0166015625
12.655996	1.865234375	1.8408203125
12.656996	1.50390625	1.8603515625
12.657996	1.484375	2.0849609375
12.658996	1.8017578125	2.4365234375
12.659996	2.3388671875	2.763671875
12.660996	2.9150390625	2.958984375
12.661996	3.3056640625	2.958984375
12.662996	3.3740234375	2.75390625
12.663996	3.0810546875	2.4169921875
12.665	2.5537109375	2.0703125
12.666	1.9677734375	1.8603515625
12.667	1.5576171875	1.8408203125
12.668	1.455078125	2.0263671875
12.669	1.6943359375	2.353515625
12.67	2.216796875	2.7001953125
12.671	2.7978515625	2.9296875
12.672	3.251953125	2.9833984375
12.673	3.388671875	2.8125
12.674	3.1689453125	2.490234375
12.675	2.6806640625	2.138671875
12.676	2.0751953125	1.875
12.676996	1.6162109375	1.826171875
12.677996	1.4501953125	1.962890625
12.678996	1.630859375	2.2802734375
12.679996	2.1044921875	2.63671875
12.680996	2.705078125	2.9052734375
12.681996	3.193359375	2.98828125
12.682996	3.388671875	2.861328125
12.683996	3.2373046875	2.5537109375
12.684996	2.7734375	2.1875
12.685996	2.1875	1.9091796875
12.686996	1.6796875	1.8115234375
12.687996	1.4404296875	1.923828125
12.688996	1.5673828125	2.2265625
12.689996	2.01171875	2.5830078125
12.690996	2.607421875	2.880859375
12.691996	3.115234375	3.0029296875
12.692996	3.37890625	2.900390625
12.693996	3.2763671875	2.6171875
12.694996	2.8564453125	2.24609375
12.695996	2.265625	1.9482421875
12.696996	1.7333984375	1.8017578125
12.697996	1.46484375	1.8896484375
12.698996	1.5380859375	2.16796875
12.699996	1.9384765625	2.5341796875
12.700996	2.529296875	2.8515625
12.701996	3.0615234375	2.998046875
12.702996	3.3642578125	2.9150390625
12.703996	3.30078125	2.65625
12.704996	2.9150390625	2.28515625
12.705996	2.34375	1.97265625
12.706996	1.787109375	1.806640625
12.708	1.4697265625	1.865234375
12.709	1.513671875	2.12890625
12.71	1.8798828125	2.4951171875
12.711	2.4609375	2.8271484375
12.712	3.017578125	2.9931640625
12.713	3.33984375	2.94921875
12.714	3.330078125	2.6904296875
12.715	2.96875	2.32421875
12.716	2.4072265625	1.9873046875
12.717	1.8310546875	1.81640625
12.718	1.4892578125	1.85546875
12.719	1.4892578125	2.0947265625
12.719996	1.8408203125	2.4609375
12.720996	2.4072265625	2.8076171875
12.721996	2.9833984375	2.98828125
12.722996	3.330078125	2.9541015625
12.723996	3.3447265625	2.724609375
12.724996	3.0126953125	2.353515625
12.725996	2.4462890625	2.0166015625
12.726996	1.875	1.826171875
12.727996	1.50390625	1.8408203125
12.728996	1.474609375	2.0703125
12.729996	1.8115234375	2.44140625
12.730996	2.36328125	2.79296875
12.731996	2.94921875	2.98828125
12.732996	3.3251953125	2.9638671875
12.733996	3.359375	2.7392578125
12.734996	3.0224609375	2.373046875
12.735996	2.4658203125	2.03125
12.736996	1.8994140625	1.8212890625
12.737996	1.513671875	1.8310546875
12.738996	1.4697265625	2.060546875
12.739996	1.796875	2.4169921875
12.740996	2.353515625	2.7783203125
12.741996	2.9296875	2.98828125
12.742996	3.3154296875	2.978515625
12.743996	3.359375	2.744140625
12.744996	3.037109375	2.392578125
12.745996	2.4853515625	2.03125
12.746996	1.9091796875	1.8115234375
12.747996	1.513671875	1.826171875
12.748996	1.4794921875	2.05078125
12.750008	1.7919921875	2.412109375
12.751	2.34375	2.7734375
12.752	2.9296875	2.9931640625
12.753	3.310546875	2.9833984375
12.754	3.359375	2.7587890625
12.755	3.037109375	2.3876953125
12.756	2.490234375	2.03125
12.757	1.8994140625	1.8115234375
12.758	1.5087890625	1.8310546875
12.759	1.474609375	2.0556640625
12.76	1.7919921875	2.4267578125
12.761	2.3486328125	2.7783203125
12.761996	2.9296875	2.98828125
12.762996	3.3203125	2.9833984375
12.763996	3.3544921875	2.75390625
12.764996	3.037109375	2.3779296875
12.765996	2.4658203125	2.0263671875
12.766996	1.884765625	1.8115234375
12.767996	1.50390625	1.8212890625
12.768996	1.4794921875	2.0654296875
12.769996	1.8017578125	2.4365234375
12.770996	2.3681640625	2.7880859375
12.771996	2.9541015625	3.0078125
12.772996	3.3203125	2.9736328125
12.773996	3.349609375	2.7392578125
12.774996	3.0126953125	2.3583984375
12.775996	2.44140625	2.001953125
12.776996	1.865234375	1.806640625
12.777996	1.494140625	1.826171875
12.778996	1.484375	2.0703125
12.779996	1.8359375	2.451171875
12.780996	2.412109375	2.8125
12.781996	2.98828125	3.0126953125
12.782996	3.3349609375	2.9736328125
12.783996	3.3349609375	2.724609375
12.784996	2.96875	2.333984375
12.785996	2.392578125	1.9775390625
12.786996	1.8212890625	1.787109375
12.787996	1.4794921875	1.8408203125
12.788996	1.50390625	2.099609375
12.789996	1.8798828125	2.48046875
12.790996	2.4658203125	2.83203125
12.791996	3.0322265625	3.0224609375
12.793	3.359375	2.958984375
12.794	3.3056640625	2.685546875
12.795	2.9248046875	2.294921875
12.796	2.333984375	1.9580078125
12.797	1.77734375	1.787109375
12.798	1.46484375	1.845703125
12.799	1.5234375	2.138671875
12.8	1.93359375	2.5244140625
12.801	2.5341796875	2.861328125
12.802	3.0859375	3.0224609375
12.803	3.3740234375	2.939453125
12.804	3.2861328125	2.6513671875
12.804996	2.8662109375	2.255859375
12.805996	2.255859375	1.9287109375
12.806996	1.71875	1.7724609375
12.807996	1.455078125	1.875
12.808996	1.5673828125	2.1826171875
12.809996	2.01171875	2.578125
12.810996	2.6171875	2.9052734375
12.811996	3.1396484375	3.0322265625
12.812996	3.3740234375	2.9150390625
12.813996	3.2373046875	2.59765625
12.814996	2.783203125	2.197265625
12.815996	2.1728515625	1.8896484375
12.816996	1.6650390625	1.77734375
12.817996	1.4453125	1.9091796875
12.818996	1.611328125	2.2412109375
12.819996	2.099609375	2.63671875
12.820996	2.705078125	2.939453125
12.821996	3.1982421875	3.02734375
12.822996	3.388671875	2.8857421875
12.823996	3.1884765625	2.5390625
12.824996	2.685546875	2.1435546875
12.825996	2.0751953125	1.845703125
12.826996	1.6015625	1.7822265625
12.827996	1.4501953125	1.9580078125
12.828996	1.6748046875	2.3046875
12.829996	2.2021484375	2.6953125
12.830996	2.8076171875	2.978515625
12.831996	3.2568359375	3.02734375
12.832996	3.3740234375	2.8271484375
12.833996	3.1201171875	2.4609375
12.834996	2.568359375	2.0703125
12.836	1.9580078125	1.81640625
12.837	1.54296875	1.77734375
12.838	1.46484375	2.0068359375
12.839	1.7578125	2.3828125
12.84	2.32421875	2.7734375
12.841	2.919921875	3.0126953125
12.842	3.3203125	3.0078125
12.843	3.3544921875	2.7685546875
12.844	3.0126953125	2.3779296875
12.845	2.44140625	1.9970703125
12.846	1.8505859375	1.77734375
12.847	1.494140625	1.8115234375
12.847996	1.494140625	2.0751953125
12.848996	1.8701171875	2.470703125
12.849996	2.4658203125	2.841796875
12.850996	3.037109375	3.0322265625
12.851996	3.3642578125	2.9736328125
12.852996	3.310546875	2.6806640625
12.853996	2.8955078125	2.2802734375
12.854996	2.294921875	1.93359375
12.855996	1.7431640625	1.7626953125
12.856996	1.4599609375	1.8505859375
12.857996	1.552734375	2.1630859375
12.858996	2.0068359375	2.5732421875
12.859996	2.6220703125	2.9150390625
12.860996	3.1494140625	3.046875
12.861996	3.3837890625	2.9150390625
12.862996	3.2275390625	2.587890625
12.863996	2.75390625	2.1826171875
12.864996	2.138671875	1.865234375
12.865996	1.630859375	1.7626953125
12.866996	1.4404296875	1.9189453125
12.867996	1.650390625	2.2705078125
12.868996	2.177734375	2.6708984375
12.869996	2.7734375	2.9736328125
12.870996	3.2470703125	3.037109375
12.871996	3.3740234375	2.8515625
12.872996	3.125	2.48046875
12.873996	2.587890625	2.080078125
12.874996	1.9677734375	1.8017578125
12.875996	1.5380859375	1.7724609375
12.876996	1.4599609375	2.001953125
12.878008	1.767578125	2.3876953125
12.879	2.3486328125	2.7783203125
12.88	2.939453125	3.02734375
12.881	3.3349609375	3.017578125
12.882	3.349609375	2.7587890625
12.883	2.98828125	2.353515625
12.884	2.392578125	1.97265625
12.885	1.806640625	1.767578125
12.886	1.474609375	1.81640625
12.887	1.5185546875	2.099609375
12.888	1.923828125	2.5146484375
12.889	2.5341796875	2.8857421875
12.889996	3.1005859375	3.0517578125
12.890996	3.37890625	2.958984375
12.891996	3.2666015625	2.6416015625
12.892996	2.8125	2.2265625
12.893996	2.1923828125	1.884765625
12.894996	1.6650390625	1.748046875
12.895996	1.4453125	1.8798828125
12.896996	1.6162109375	2.2314453125
12.897996	2.119140625	2.65625
12.898996	2.7490234375	2.96875
12.899996	3.232421875	3.0517578125
12.900996	3.3837890625	2.8662109375
12.901996	3.1494140625	2.5
12.902996	2.6025390625	2.0849609375
12.903996	1.982421875	1.8017578125
12.904996	1.5380859375	1.7626953125
12.905996	1.4599609375	1.9775390625
12.906996	1.7724609375	2.3779296875
12.907996	2.333984375	2.783203125
12.908996	2.9541015625	3.0224609375
12.909996	3.3349609375	3.017578125
12.910996	3.33984375	2.75390625
12.911996	2.9638671875	2.3486328125
12.912996	2.3681640625	1.9580078125
12.913996	1.7919921875	1.7529296875
12.914996	1.4599609375	1.8115234375
12.915996	1.5283203125	2.119140625
12.916996	1.9677734375	2.5439453125
12.917996	2.5830078125	2.900390625
12.918996	3.125	3.0615234375
12.919996	3.37890625	2.939453125
12.921	3.232421875	2.59765625
12.922	2.7490234375	2.177734375
12.923	2.1240234375	1.845703125
12.924	1.62109375	1.748046875
12.925	1.4453125	1.9091796875
12.926	1.66015625	2.275390625
12.927	2.197265625	2.705078125
12.928	2.83203125	2.998046875
12.929	3.2763671875	3.046875
12.93	3.3740234375	2.8369140625
12.931	3.0712890625	2.431640625
12.932	2.4951171875	2.0263671875
12.932996	1.884765625	1.77734375
12.933996	1.50390625	1.77734375
12.934996	1.484375	2.0458984375
12.935996	1.865234375	2.4658203125
12.936996	2.470703125	2.8515625
12.937996	3.046875	3.0517578125
12.938996	3.3740234375	2.9931640625
12.939996	3.291015625	2.6806640625
12.940996	2.841796875	2.24609375
12.941996	2.2265625	1.89453125
12.942996	1.6748046875	1.73828125
12.943996	1.4404296875	1.85546875
12.944996	1.611328125	2.2119140625
12.945996	2.1142578125	2.646484375
12.946996	2.7490234375	2.978515625
12.947996	3.2421875	3.0615234375
12.948996	3.388671875	2.87109375
12.949996	3.1298828125	2.4853515625
12.950996	2.568359375	2.060546875
12.951996	1.953125	1.787109375
12.952996	1.5283203125	1.7626953125
12.953996	1.4697265625	2.001953125
12.954996	1.8212890625	2.421875
12.955996	2.412109375	2.822265625
12.956996	3.0078125	3.0517578125
12.957996	3.359375	3.0126953125
12.958996	3.3056640625	2.71484375
12.959996	2.890625	2.28515625
12.960996	2.2705078125	1.8994140625
12.961996	1.7138671875	1.7431640625
12.962996	1.4404296875	1.8408203125
12.964	1.6015625	2.197265625
12.965	2.08984375	2.6220703125
12.966	2.7197265625	2.9638671875
12.967	3.22265625	3.06640625
12.968	3.3837890625	2.890625
12.969	3.134765625	2.509765625
12.97	2.59765625	2.0751953125
12.971	1.962890625	1.7822265625
12.972	1.5283203125	1.7529296875
12.973	1.46484375	1.9873046875
12.974	1.8115234375	2.412109375
12.975	2.40234375	2.8125
12.975996	3.0078125	3.056640625
12.976996	3.3544921875	3.017578125
12.977996	3.310546875	2.71484375
12.978996	2.880859375	2.275390625
12.979996	2.265625	1.904296875
12.980996	1.6943359375	1.7236328125
12.981996	1.4453125	1.8408203125
12.982996	1.6015625	2.1923828125
12.983996	2.1044921875	2.65625
12.984996	2.734375	2.978515625
12.985996	3.2373046875	3.0712890625
12.986996	3.388671875	2.880859375
12.987996	3.125	2.4853515625
12.988996	2.55859375	2.060546875
12.989996	1.9384765625	1.7822265625
12.990996	1.5234375	1.7529296875
12.991996	1.484375	2.0166015625
12.992996	1.8505859375	2.44140625
12.993996	2.4462890625	2.8515625
12.994996	3.046875	3.0712890625
12.995996	3.3740234375	3.0029296875
12.996996	3.2763671875	2.685546875
12.997996	2.83203125	2.2412109375
12.998996	2.2021484375	1.8701171875
12.999996	1.6650390625	1.7236328125
13.000996	1.4453125	1.865234375
13.001996	1.640625	2.2412109375
13.002996	2.1630859375	2.6806640625
13.003996	2.8125	2.998046875
13.004996	3.28125	3.0712890625
13.006008	3.3740234375	2.8466796875
13.007	3.0517578125	2.4267578125
13.008	2.4658203125	2.01171875
13.009	1.85546875	1.7431640625
13.01	1.4794921875	1.77734375
13.011	1.5087890625	2.060546875
13.012	1.9189453125	2.5
13.013	2.548828125	2.9052734375
13.014	3.1201171875	3.076171875
13.015	3.3837890625	2.9736328125
13.016	3.232421875	2.6220703125
13.017	2.734375	2.1728515625
13.017996	2.0849609375	1.826171875
13.018996	1.591796875	1.71875
13.019996	1.4453125	1.9140625
13.020996	1.71875	2.314453125
13.021996	2.2998046875	2.7490234375
13.022996	2.9248046875	3.037109375
13.023996	3.330078125	3.056640625
13.024996	3.3349609375	2.7734375
13.025996	2.94921875	2.3388671875
13.026996	2.3388671875	1.9287109375
13.027996	1.7529296875	1.71875
13.028996	1.4501953125	1.8212890625
13.029996	1.5673828125	2.1484375
13.030996	2.05078125	2.607421875
13.031996	2.6904296875	2.96875
13.032996	3.2177734375	3.0810546875
13.033996	3.388671875	2.9052734375
13.034996	3.134765625	2.509765625
13.035996	2.5732421875	2.0703125
13.036996	1.9384765625	1.767578125
13.037996	1.513671875	1.7431640625
13.038996	1.4794921875	2.0068359375
13.039996	1.85546875	2.4365234375
13.040996	2.4755859375	2.861328125
13.041996	3.0712890625	3.0859375
13.042996	3.3740234375	2.998046875
13.043996	3.271484375	2.6611328125
13.044996	2.783203125	2.2119140625
13.045996	2.1337890625	1.8359375
13.046996	1.6162109375	1.71875
13.047996	1.4404296875	1.8896484375
13.049	1.6845703125	2.2900390625
13.05	2.255859375	2.7392578125
13.051	2.8955078125	3.0322265625
13.052	3.3203125	3.056640625
13.053	3.33984375	2.7978515625
13.054	2.9638671875	2.353515625
13.055	2.353515625	1.9384765625
13.056	1.7578125	1.7236328125
13.057	1.4501953125	1.796875
13.058	1.5771484375	2.1435546875
13.059	2.0556640625	2.59765625
13.06	2.705078125	2.96875
13.060996	3.22265625	3.0908203125
13.061996	3.3837890625	2.9052734375
13.062996	3.1201171875	2.5048828125
13.063996	2.5537109375	2.05078125
13.064996	1.9189453125	1.7578125
13.065996	1.50390625	1.7333984375
13.066996	1.494140625	2.0166015625
13.067996	1.8896484375	2.4658203125
13.068996	2.5146484375	2.8857421875
13.069996	3.095703125	3.0908203125
13.070996	3.388671875	2.98828125
13.071996	3.2421875	2.6318359375
13.072996	2.7294921875	2.177734375
13.073996	2.08984375	1.8212890625
13.074996	1.58203125	1.708984375
13.075996	1.4501953125	1.923828125
13.076996	1.7431640625	2.3291015625
13.077996	2.333984375	2.7880859375
13.078996	2.9541015625	3.06640625
13.079996	3.349609375	3.046875
13.080996	3.3154296875	2.7490234375
13.081996	2.890625	2.294921875
13.082996	2.255859375	1.884765625
13.083996	1.689453125	1.7138671875
13.084996	1.4453125	1.8359375
13.085996	1.6357421875	2.2119140625
13.086996	2.16796875	2.6708984375
13.087996	2.8173828125	3.0224609375
13.088996	3.28125	3.0810546875
13.089996	3.369140625	2.8515625
13.090996	3.02734375	2.412109375
13.092	2.412109375	1.9775390625
13.093	1.806640625	1.7236328125
13.094	1.4697265625	1.77734375
13.095	1.552734375	2.1044921875
13.096	2.0166015625	2.5634765625
13.097	2.67578125	2.9541015625
13.098	3.203125	3.1005859375
13.099	3.388671875	2.9296875
13.1	3.134765625	2.5341796875
13.101	2.5634765625	2.0654296875
13.102	1.9140625	1.7529296875
13.103	1.5087890625	1.73828125
13.103996	1.4892578125	2.0068359375
13.104996	1.89453125	2.470703125
13.105996	2.529296875	2.8955078125
13.106996	3.1103515625	3.095703125
13.107996	3.3837890625	2.98828125
13.108996	3.22265625	2.626953125
13.109996	2.705078125	2.1533203125
13.110996	2.0556640625	1.796875
13.111996	1.5625	1.708984375
13.112996	1.455078125	1.93359375
13.113996	1.7919921875	2.3681640625
13.114996	2.3974609375	2.8271484375
13.115996	3.017578125	3.0859375
13.116996	3.3642578125	3.0419921875
13.117996	3.2861328125	2.705078125
13.118996	2.822265625	2.2412109375
13.119996	2.1630859375	1.845703125
13.120996	1.62109375	1.7041015625
13.121996	1.4453125	1.8701171875
13.122996	1.7041015625	2.2802734375
13.123996	2.2802734375	2.7490234375
13.124996	2.919921875	3.0615234375
13.125996	3.3349609375	3.076171875
13.126996	3.330078125	2.783203125
13.127996	2.9248046875	2.3291015625
13.128996	2.2802734375	1.8994140625
13.129996	1.69921875	1.7041015625
13.130996	1.4404296875	1.8212890625
13.131996	1.6259765625	2.20703125
13.132996	2.1728515625	2.6806640625
13.134008	2.8271484375	3.0322265625
13.135	3.291015625	3.0908203125
13.136	3.3544921875	2.8466796875
13.137	2.998046875	2.392578125
13.138	2.3779296875	1.953125
13.139	1.7626953125	1.7041015625
13.14	1.4501953125	1.787109375
13.141	1.58203125	2.138671875
13.142	2.080078125	2.607421875
13.143	2.744140625	2.998046875
13.144	3.251953125	3.10546875
13.145	3.37890625	2.8955078125
13.145996	3.06640625	2.4658203125
13.146996	2.4658203125	2.0068359375
13.147996	1.8310546875	1.728515625
13.148996	1.4697265625	1.748046875
13.149996	1.54296875	2.0751953125
13.150996	1.9970703125	2.548828125
13.151996	2.6611328125	2.9541015625
13.152996	3.203125	3.1103515625
13.153996	3.388671875	2.9345703125
13.154996	3.1201171875	2.51953125
13.155996	2.5439453125	2.05078125
13.156996	1.89453125	1.7333984375
13.157996	1.4892578125	1.7333984375
13.158996	1.5087890625	2.021484375
13.159996	1.93359375	2.5
13.160996	2.5927734375	2.9248046875
13.161996	3.1640625	3.1103515625
13.162996	3.3935546875	2.9736328125
13.163996	3.173828125	2.5732421875
13.164996	2.607421875	2.08984375
13.165996	1.953125	1.7578125
13.166996	1.5087890625	1.7138671875
13.167996	1.484375	1.982421875
13.168996	1.8798828125	2.4609375
13.169996	2.529296875	2.900390625
13.170996	3.115234375	3.115234375
13.171996	3.3837890625	2.998046875
13.172996	3.203125	2.6123046875
13.173996	2.6513671875	2.12890625
13.174996	2.001953125	1.7626953125
13.175996	1.5380859375	1.7041015625
13.177	1.474609375	1.9580078125
13.178	1.85546875	2.421875
13.179	2.48046875	2.8759765625
13.18	3.0908203125	3.1103515625
13.181	3.37890625	3.0126953125
13.182	3.232421875	2.6416015625
13.183	2.6953125	2.1533203125
13.184	2.0361328125	1.7822265625
13.185	1.5478515625	1.69921875
13.186	1.4599609375	1.9384765625
13.187	1.8115234375	2.3974609375
13.188	2.451171875	2.8564453125
13.188996	3.06640625	3.1005859375
13.189996	3.37890625	3.02734375
13.190996	3.2421875	2.6708984375
13.191996	2.71484375	2.1728515625
13.192996	2.0556640625	1.7919921875
13.193996	1.5625	1.6943359375
13.194996	1.4599609375	1.923828125
13.195996	1.806640625	2.3779296875
13.196996	2.4365234375	2.8466796875
13.197996	3.0517578125	3.10546875
13.198996	3.37890625	3.0419921875
13.199996	3.2568359375	2.6806640625
13.200996	2.7392578125	2.1826171875
13.201996	2.0751953125	1.8017578125
13.202996	1.5673828125	1.6943359375
13.203996	1.46484375	1.904296875
13.204996	1.796875	2.36328125
13.205996	2.421875	2.8369140625
13.206996	3.046875	3.1005859375
13.207996	3.37890625	3.0419921875
13.208996	3.2568359375	2.6904296875
13.209996	2.744140625	2.1923828125
13.210996	2.080078125	1.8017578125
13.211996	1.572265625	1.689453125
13.212996	1.455078125	1.8994140625
13.213996	1.796875	2.3681640625
13.214996	2.4267578125	2.841796875
13.215996	3.046875	3.1103515625
13.216996	3.3837890625	3.046875
13.217996	3.26171875	2.685546875
13.218996	2.7392578125	2.1826171875
13.22	2.0654296875	1.796875
13.221	1.5625	1.6845703125
13.222	1.4599609375	1.9091796875
13.223	1.806640625	2.3779296875
13.224	2.44140625	2.8564453125
13.225	3.056640625	3.1103515625
13.226	3.37890625	3.037109375
13.227	3.251953125	2.6806640625
13.228	2.7197265625	2.177734375
13.229	2.0458984375	1.787109375
13.23	1.552734375	1.6943359375
13.231	1.46484375	1.923828125
13.231996	1.8115234375	2.3828125
13.232996	2.470703125	2.8662109375
13.233996	3.0810546875	3.115234375
13.234996	3.3837890625	3.02734375
13.235996	3.232421875	2.65625
13.236996	2.6904296875	2.1533203125
13.237996	2.0263671875	1.7724609375
13.238996	1.5380859375	1.689453125
13.239996	1.46484375	1.9482421875
13.240996	1.845703125	2.4169921875
13.241996	2.5048828125	2.8759765625
13.242996	3.1103515625	3.125
13.243996	3.37890625	3.0224609375
13.244996	3.2080078125	2.626953125
13.245996	2.6513671875	2.119140625
13.246996	1.9873046875	1.7529296875
13.247996	1.513671875	1.689453125
13.248996	1.484375	1.97265625
13.249996	1.89453125	2.451171875
13.250996	2.548828125	2.9052734375
13.251996	3.1494140625	3.1298828125
13.252996	3.3935546875	3.0029296875
13.253996	3.1640625	2.5830078125
13.254996	2.59765625	2.08984375
13.255996	1.93359375	1.7333984375
13.256996	1.4990234375	1.7041015625
13.257996	1.5087890625	1.9970703125
13.258996	1.9384765625	2.490234375
13.259996	2.6123046875	2.94921875
13.260996	3.1787109375	3.1298828125
13.262008	3.37890625	2.9638671875
13.263	3.125	2.5341796875
13.264	2.5341796875	2.0458984375
13.265	1.875	1.71875
13.266	1.474609375	1.7138671875
13.267	1.533203125	2.041015625
13.268	2.0068359375	2.5537109375
13.269	2.6806640625	2.9833984375
13.27	3.2275390625	3.1298828125
13.271	3.3740234375	2.939453125
13.272	3.06640625	2.4853515625
13.273	2.451171875	1.9873046875
13.273996	1.8017578125	1.6943359375
13.274996	1.4599609375	1.7431640625
13.275996	1.5673828125	2.099609375
13.276996	2.08984375	2.607421875
13.277996	2.7587890625	3.0078125
13.278996	3.271484375	3.1201171875
13.279996	3.369140625	2.8857421875
13.280996	3.0029296875	2.4169921875
13.281996	2.3583984375	1.9384765625
13.282996	1.7431640625	1.6845703125
13.283996	1.4453125	1.7626953125
13.284996	1.6162109375	2.1728515625
13.285996	2.177734375	2.6806640625
13.286996	2.8515625	3.0517578125
13.287996	3.3154296875	3.115234375
13.288996	3.3349609375	2.8369140625
13.289996	2.919921875	2.333984375
13.290996	2.255859375	1.875
13.291996	1.669921875	1.669921875
13.292996	1.4453125	1.8212890625
13.293996	1.689453125	2.24609375
13.294996	2.2900390625	2.7490234375
13.295996	2.94921875	3.095703125
13.296996	3.3447265625	3.0908203125
13.297996	3.30078125	2.7734375
13.298996	2.822265625	2.2607421875
13.299996	2.1435546875	1.81640625
13.300996	1.5966796875	1.66015625
13.301996	1.4501953125	1.8701171875
13.302996	1.7626953125	2.333984375
13.303996	2.40234375	2.8369140625
13.305	3.037109375	3.115234375
13.306	3.37890625	3.056640625
13.307	3.2470703125	2.6806640625
13.308	2.705078125	2.1728515625
13.309	2.0263671875	1.7626953125
13.31	1.533203125	1.6748046875
13.311	1.474609375	1.93359375
13.312	1.8701171875	2.4267578125
13.313	2.5341796875	2.9150390625
13.314	3.1494140625	3.14453125
13.315	3.388671875	2.998046875
13.316	3.154296875	2.587890625
13.316996	2.5732421875	2.0703125
13.317996	1.8994140625	1.7138671875
13.318996	1.484375	1.7041015625
13.319996	1.5283203125	2.021484375
13.320996	1.9970703125	2.5341796875
13.321996	2.685546875	2.978515625
13.322996	3.232421875	3.14453125
13.323996	3.3837890625	2.9345703125
13.324996	3.056640625	2.4755859375
13.325996	2.4267578125	1.97265625
13.326996	1.77734375	1.6796875
13.327996	1.455078125	1.7529296875
13.328996	1.5966796875	2.12890625
13.329996	2.1484375	2.6513671875
13.330996	2.822265625	3.046875
13.331996	3.3056640625	3.125
13.332996	3.349609375	2.8564453125
13.333996	2.9296875	2.34375
13.334996	2.2607421875	1.8701171875
13.335996	1.669921875	1.669921875
13.336996	1.4404296875	1.806640625
13.337996	1.69921875	2.2509765625
13.338996	2.3095703125	2.7734375
13.339996	2.96875	3.095703125
13.340996	3.3544921875	3.0908203125
13.341996	3.2861328125	2.744140625
13.342996	2.7685546875	2.2119140625
13.343996	2.08984375	1.796875
13.344996	1.5673828125	1.669921875
13.345996	1.4599609375	1.904296875
13.346996	1.8310546875	2.3828125
13.348	2.5	2.880859375
13.349	3.115234375	3.1298828125
13.35	3.388671875	3.037109375
13.351	3.1787109375	2.6123046875
13.352	2.6025390625	2.0947265625
13.353	1.9140625	1.71875
13.354	1.4892578125	1.689453125
13.355	1.5185546875	2.01171875
13.356	1.9873046875	2.529296875
13.357	2.6806640625	2.9833984375
13.358	3.2373046875	3.14453125
13.359	3.3740234375	2.939453125
13.359996	3.0517578125	2.470703125
13.360996	2.40234375	1.962890625
13.361996	1.7529296875	1.6796875
13.362996	1.4453125	1.748046875
13.363996	1.62109375	2.1484375
13.364996	2.1728515625	2.6806640625
13.365996	2.8662109375	3.06640625
13.366996	3.3203125	3.125
13.367996	3.330078125	2.822265625
13.368996	2.8857421875	2.314453125
13.369996	2.197265625	1.8359375
13.370996	1.6162109375	1.6552734375
13.371996	1.4501953125	1.845703125
13.372996	1.7578125	2.3046875
13.373996	2.40234375	2.83203125
13.374996	3.046875	3.1298828125
13.375996	3.3837890625	3.0615234375
13.376996	3.232421875	2.6806640625
13.377996	2.666015625	2.1533203125
13.378996	1.9873046875	1.7431640625
13.379996	1.513671875	1.6748046875
13.380996	1.484375	1.962890625
13.381996	1.93359375	2.4755859375
13.382996	2.626953125	2.9638671875
13.383996	3.203125	3.1494140625
13.384996	3.3837890625	2.9736328125
13.385996	3.076171875	2.5146484375
13.386996	2.44140625	1.9921875
13.387996	1.796875	1.6845703125
13.388996	1.455078125	1.7333984375
13.390008	1.6015625	2.1240234375
13.391	2.1630859375	2.65625
13.392	2.841796875	3.06640625
13.393	3.3203125	3.1298828125
13.394	3.3349609375	2.841796875
13.395	2.890625	2.3193359375
13.396	2.20703125	1.8505859375
13.397	1.6259765625	1.650390625
13.398	1.4501953125	1.8310546875
13.399	1.7578125	2.3095703125
13.4	2.40234375	2.822265625
13.401	3.056640625	3.134765625
13.401996	3.3837890625	3.0712890625
13.402996	3.2177734375	2.6708984375
13.403996	2.646484375	2.1337890625
13.404996	1.9677734375	1.7236328125
13.405996	1.4990234375	1.6748046875
13.406996	1.5087890625	1.982421875
13.407996	1.97265625	2.5048828125
13.408996	2.6611328125	2.978515625
13.409996	3.22265625	3.1494140625
13.410996	3.3837890625	2.9443359375
13.411996	3.0517578125	2.4609375
13.412996	2.392578125	1.9580078125
13.413996	1.748046875	1.6650390625
13.414996	1.4501953125	1.7529296875
13.415996	1.640625	2.1630859375
13.416996	2.2216796875	2.6953125
13.417996	2.9150390625	3.0908203125
13.418996	3.349609375	3.1201171875
13.419996	3.30078125	2.783203125
13.420996	2.8125	2.255859375
13.421996	2.109375	1.8017578125
13.422996	1.5673828125	1.650390625
13.423996	1.4599609375	1.8798828125
13.424996	1.8310546875	2.3828125
13.425996	2.5146484375	2.8955078125
13.426996	3.1298828125	3.1494140625
13.427996	3.388671875	3.02734375
13.428996	3.154296875	2.5830078125
13.429996	2.5390625	2.05078125
13.430996	1.8505859375	1.69921875
13.431996	1.46484375	1.69921875
13.433	1.5576171875	2.0654296875
13.434	2.0947265625	2.6025390625
13.435	2.7978515625	3.046875
13.436	3.291015625	3.14453125
13.437	3.33984375	2.87109375
13.438	2.9150390625	2.353515625
13.439	2.236328125	1.8603515625
13.44	1.640625	1.6455078125
13.441	1.4453125	1.8115234375
13.442	1.748046875	2.28515625
13.443	2.392578125	2.8271484375
13.444	3.056640625	3.134765625
13.444996	3.3837890625	3.0810546875
13.445996	3.2080078125	2.6708984375
13.446996	2.6416015625	2.1142578125
13.447996	1.943359375	1.7138671875
13.448996	1.4990234375	1.6748046875
13.449996	1.5234375	1.9970703125
13.450996	2.001953125	2.5390625
13.451996	2.71484375	3.0029296875
13.452996	3.2568359375	3.1640625
13.453996	3.369140625	2.9296875
13.454996	2.9931640625	2.4169921875
13.455996	2.3193359375	1.904296875
13.456996	1.689453125	1.650390625
13.457996	1.4453125	1.7822265625
13.458996	1.689453125	2.2314453125
13.459996	2.32421875	2.7783203125
13.460996	3.0078125	3.1298828125
13.461996	3.369140625	3.095703125
13.462996	3.2421875	2.705078125
13.463996	2.685546875	2.16796875
13.464996	1.9921875	1.73828125
13.465996	1.5185546875	1.66015625
13.466996	1.4990234375	1.962890625
13.467996	1.9677734375	2.5
13.468996	2.666015625	2.98828125
13.469996	3.2275390625	3.1689453125
13.470996	3.37890625	2.94921875
13.471996	3.0224609375	2.4462890625
13.472996	2.353515625	1.9287109375
13.473996	1.7138671875	1.6552734375
13.474996	1.4453125	1.7529296875
13.476	1.6796875	2.2119140625
13.477	2.2998046875	2.75390625
13.478	2.9833984375	3.115234375
13.479	3.369140625	3.1103515625
13.48	3.2568359375	2.734375
13.481	2.7099609375	2.177734375
13.482	1.9970703125	1.73828125
13.483	1.5185546875	1.66015625
13.484	1.50390625	1.9580078125
13.485	1.953125	2.4853515625
13.486	2.666015625	2.9736328125
13.487	3.2373046875	3.1640625
13.487996	3.3740234375	2.9541015625
13.488996	3.017578125	2.4462890625
13.489996	2.34375	1.9287109375
13.490996	1.69921875	1.650390625
13.491996	1.4453125	1.767578125
13.492996	1.6943359375	2.2119140625
13.493996	2.3193359375	2.7734375
13.494996	2.9931640625	3.1298828125
13.495996	3.37890625	3.10546875
13.496996	3.2421875	2.7197265625
13.497996	2.6806640625	2.1630859375
13.498996	1.9775390625	1.7333984375
13.499996	1.50390625	1.66015625
13.500996	1.513671875	1.9775390625
13.501996	1.9970703125	2.5244140625
13.502996	2.705078125	3.0078125
13.503996	3.2421875	3.1689453125
13.504996	3.3740234375	2.9345703125
13.505996	2.9833984375	2.421875
13.506996	2.294921875	1.89453125
13.507996	1.6748046875	1.640625
13.508996	1.4453125	1.7822265625
13.509996	1.728515625	2.2509765625
13.510996	2.3779296875	2.8076171875
13.511996	3.046875	3.1396484375
13.512996	3.37890625	3.0859375
13.513996	3.203125	2.6708984375
13.514996	2.6171875	2.1142578125
13.515996	1.9140625	1.7041015625
13.516996	1.484375	1.6748046875
13.518008	1.54296875	2.0263671875
13.519	2.0703125	2.587890625
13.52	2.7783203125	3.0419921875
13.521	3.30078125	3.154296875
13.522	3.33984375	2.8857421875
13.523	2.900390625	2.3486328125
13.524	2.20703125	1.8408203125
13.525	1.611328125	1.6357421875
13.526	1.455078125	1.826171875
13.527	1.8017578125	2.333984375
13.528	2.4853515625	2.87109375
13.529	3.1298828125	3.1640625
13.529996	3.388671875	3.0517578125
13.530996	3.1396484375	2.5830078125
13.531996	2.5048828125	2.021484375
13.532996	1.81640625	1.6748046875
13.533996	1.4501953125	1.69921875
13.534996	1.6015625	2.109375
13.535996	2.1826171875	2.6708984375
13.536996	2.8857421875	3.0908203125
13.537996	3.33984375	3.1396484375
13.538996	3.3056640625	2.7978515625
13.539996	2.7880859375	2.236328125
13.540996	2.0751953125	1.7724609375
13.541996	1.54296875	1.6357421875
13.542996	1.484375	1.904296875
13.543996	1.9189453125	2.4365234375
13.544996	2.6220703125	2.9541015625
13.545996	3.2177734375	3.1689453125
13.546996	3.3740234375	2.9736328125
13.547996	3.02734375	2.4755859375
13.548996	2.3486328125	1.9189453125
13.549996	1.6943359375	1.640625
13.550996	1.4453125	1.7529296875
13.551996	1.7041015625	2.2314453125
13.552996	2.34375	2.783203125
13.553996	3.02734375	3.1396484375
13.554996	3.3837890625	3.0908203125
13.555996	3.2177734375	2.6708984375
13.556996	2.6123046875	2.109375
13.557996	1.9189453125	1.69921875
13.558996	1.4794921875	1.669921875
13.559996	1.5478515625	2.0263671875
13.561	2.0849609375	2.5927734375
13.562	2.8125	3.0615234375
13.563	3.310546875	3.1640625
13.564	3.33984375	2.861328125
13.565	2.861328125	2.3095703125
13.566	2.1533203125	1.81640625
13.567	1.5869140625	1.630859375
13.568	1.46484375	1.85546875
13.569	1.865234375	2.3876953125
13.57	2.5634765625	2.9248046875
13.571	3.18359375	3.1591796875
13.572	3.388671875	3.0078125
13.572996	3.076171875	2.509765625
13.573996	2.40234375	1.9580078125
13.574996	1.7431640625	1.6455078125
13.575996	1.4453125	1.7333984375
13.576996	1.669921875	2.1875
13.577996	2.2998046875	2.7587890625
13.578996	3.0078125	3.1396484375
13.579996	3.3740234375	3.1103515625
13.580996	3.232421875	2.7001953125
13.581996	2.646484375	2.1337890625
13.582996	1.9287109375	1.7041015625
13.583996	1.4794921875	1.66015625
13.584996	1.5380859375	2.0166015625
13.585996	2.0751953125	2.578125
13.586996	2.802734375	3.0517578125
13.587996	3.310546875	3.1689453125
13.588996	3.3349609375	2.8662109375
13.589996	2.8564453125	2.3095703125
13.590996	2.1435546875	1.8115234375
13.591996	1.5673828125	1.6259765625
13.592996	1.4599609375	1.865234375
13.593996	1.8798828125	2.3974609375
13.594996	2.5830078125	2.9345703125
13.595996	3.193359375	3.18359375
13.596996	3.388671875	2.998046875
13.597996	3.0419921875	2.4951171875
13.598996	2.353515625	1.93359375
13.599996	1.69921875	1.630859375
13.600996	1.435546875	1.748046875
13.601996	1.7041015625	2.2216796875
13.602996	2.36328125	2.7978515625
13.604	3.046875	3.1494140625
13.605	3.41796875	3.095703125
13.606	3.193359375	2.666015625
13.607	2.5732421875	2.080078125
13.608	1.8701171875	1.6796875
13.609	1.46484375	1.669921875
13.61	1.5869140625	2.0654296875
13.611	2.1533203125	2.646484375
13.612	2.880859375	3.0810546875
13.613	3.3447265625	3.154296875
13.614	3.30078125	2.8125
13.615	2.7685546875	2.2412109375
13.615996	2.0361328125	1.7578125
13.616996	1.5283203125	1.6357421875
13.617996	1.4892578125	1.9287109375
13.618996	1.9775390625	2.4951171875
13.619996	2.7001953125	3.0029296875
13.620996	3.26171875	3.1787109375
13.621996	3.369140625	2.9296875
13.622996	2.9345703125	2.3828125
13.623996	2.236328125	1.8603515625
13.624996	1.6259765625	1.62109375
13.625996	1.4501953125	1.81640625
13.626996	1.8212890625	2.3291015625
13.627996	2.5146484375	2.8955078125
13.628996	3.154296875	3.173828125
13.629996	3.388671875	3.0322265625
13.630996	3.0908203125	2.5390625
13.631996	2.4072265625	1.9677734375
13.632996	1.7333984375	1.640625
13.633996	1.4404296875	1.7333984375
13.634996	1.6845703125	2.1923828125
13.635996	2.3291015625	2.7685546875
13.636996	3.02734375	3.14453125
13.637996	3.37890625	3.1005859375
13.638996	3.193359375	2.6806640625
13.639996	2.587890625	2.099609375
13.640996	1.865234375	1.6845703125
13.641996	1.455078125	1.6650390625
13.642996	1.58203125	2.0654296875
13.643996	2.16796875	2.646484375
13.644996	2.880859375	3.095703125
13.646008	3.3447265625	3.154296875
13.647	3.2763671875	2.7978515625
13.648	2.734375	2.216796875
13.649	2.01171875	1.73828125
13.65	1.5087890625	1.6357421875
13.651	1.513671875	1.943359375
13.652	2.0166015625	2.5244140625
13.653	2.744140625	3.0322265625
13.654	3.2861328125	3.1787109375
13.655	3.349609375	2.9052734375
13.656	2.8857421875	2.3388671875
13.657	2.158203125	1.806640625
13.657996	1.58203125	1.6357421875
13.658996	1.46484375	1.8603515625
13.659996	1.884765625	2.392578125
13.660996	2.607421875	2.9443359375
13.661996	3.2177734375	3.1884765625
13.662996	3.37890625	2.98828125
13.663996	3.0078125	2.4658203125
13.664996	2.3046875	1.8994140625
13.665996	1.66015625	1.6162109375
13.666996	1.4404296875	1.7822265625
13.667996	1.767578125	2.28515625
13.668996	2.4658203125	2.861328125
13.669996	3.134765625	3.173828125
13.670996	3.388671875	3.0517578125
13.671996	3.1103515625	2.568359375
13.672996	2.431640625	1.9921875
13.673996	1.748046875	1.640625
13.674996	1.435546875	1.7138671875
13.675996	1.6796875	2.1875
13.676996	2.3291015625	2.7783203125
13.677996	3.0322265625	3.1494140625
13.678996	3.3837890625	3.1103515625
13.679996	3.193359375	2.6708984375
13.680996	2.5634765625	2.080078125
13.681996	1.8505859375	1.6650390625
13.682996	1.455078125	1.6796875
13.683996	1.611328125	2.08984375
13.684996	2.216796875	2.6904296875
13.685996	2.9296875	3.115234375
13.686996	3.359375	3.1396484375
13.687996	3.251953125	2.75390625
13.689	2.6708984375	2.1630859375
13.69	1.9384765625	1.7041015625
13.691	1.4794921875	1.640625
13.692	1.5478515625	2.001953125
13.693	2.1044921875	2.6025390625
13.694	2.8369140625	3.076171875
13.695	3.3349609375	3.1689453125
13.696	3.3056640625	2.83203125
13.697	2.7734375	2.2412109375
13.698	2.0361328125	1.7529296875
13.699	1.5234375	1.630859375
13.7	1.513671875	1.9384765625
13.700996	2.0166015625	2.5146484375
13.701996	2.75390625	3.037109375
13.702996	3.291015625	3.18359375
13.703996	3.3349609375	2.900390625
13.704996	2.861328125	2.3291015625
13.705996	2.1240234375	1.796875
13.706996	1.5576171875	1.6162109375
13.707996	1.4697265625	1.875
13.708996	1.923828125	2.4462890625
13.709996	2.666015625	2.9931640625
13.710996	3.2568359375	3.1982421875
13.711996	3.359375	2.94921875
13.712996	2.9345703125	2.3974609375
13.713996	2.216796875	1.8505859375
13.714996	1.6015625	1.6064453125
13.715996	1.4599609375	1.8212890625
13.716996	1.8603515625	2.3779296875
13.717996	2.587890625	2.9345703125
13.718996	3.193359375	3.18359375
13.719996	3.369140625	2.9931640625
13.720996	2.9931640625	2.4609375
13.721996	2.2802734375	1.89453125
13.722996	1.6455078125	1.6162109375
13.723996	1.4453125	1.7919921875
13.724996	1.796875	2.314453125
13.725996	2.51953125	2.8955078125
13.726996	3.1689453125	3.1884765625
13.727996	3.388671875	3.0322265625
13.728996	3.0517578125	2.51953125
13.729996	2.353515625	1.9287109375
13.730996	1.6943359375	1.6259765625
13.732	1.4453125	1.7578125
13.733	1.7578125	2.2607421875
13.734	2.451171875	2.8564453125
13.735	3.125	3.18359375
13.736	3.388671875	3.056640625
13.737	3.095703125	2.55859375
13.738	2.412109375	1.97265625
13.739	1.728515625	1.62109375
13.74	1.4404296875	1.7236328125
13.741	1.7138671875	2.2216796875
13.742	2.40234375	2.8173828125
13.743	3.0859375	3.173828125
13.743996	3.3935546875	3.0810546875
13.744996	3.1298828125	2.607421875
13.745996	2.4560546875	1.9970703125
13.746996	1.7578125	1.6357421875
13.747996	1.435546875	1.7138671875
13.748996	1.6845703125	2.1826171875
13.749996	2.34375	2.79296875
13.750996	3.0517578125	3.1591796875
13.751996	3.388671875	3.1103515625
13.752996	3.1591796875	2.6318359375
13.753996	2.490234375	2.03125
13.754996	1.7919921875	1.6455078125
13.755996	1.4453125	1.6943359375
13.756996	1.669921875	2.1484375
13.757996	2.32421875	2.763671875
13.758996	3.02734375	3.154296875
13.759996	3.388671875	3.1201171875
13.760996	3.1787109375	2.65625
13.761996	2.529296875	2.0556640625
13.762996	1.806640625	1.650390625
13.763996	1.4453125	1.6796875
13.764996	1.6455078125	2.12890625
13.765996	2.2998046875	2.7490234375
13.766996	3.0224609375	3.154296875
13.767996	3.3837890625	3.125
13.768996	3.1884765625	2.6806640625
13.769996	2.5439453125	2.0703125
13.770996	1.8212890625	1.650390625
13.771996	1.4453125	1.6796875
13.772996	1.640625	2.119140625
13.774008	2.28515625	2.7392578125
13.775	3.0126953125	3.1591796875
13.776	3.3837890625	3.1298828125
13.777	3.193359375	2.6904296875
13.778	2.55859375	2.0751953125
13.779	1.8359375	1.66015625
13.78	1.455078125	1.669921875
13.781	1.630859375	2.109375
13.782	2.2802734375	2.7294921875
13.783	3.0029296875	3.14453125
13.784	3.3837890625	3.125
13.785	3.193359375	2.685546875
13.785996	2.548828125	2.0703125
13.786996	1.8212890625	1.66015625
13.787996	1.4453125	1.6748046875
13.788996	1.6357421875	2.1142578125
13.789996	2.28515625	2.734375
13.790996	3.0029296875	3.1494140625
13.791996	3.3837890625	3.134765625
13.792996	3.193359375	2.685546875
13.793996	2.5390625	2.0751953125
13.794996	1.8212890625	1.6552734375
13.795996	1.4453125	1.6796875
13.796996	1.640625	2.1240234375
13.797996	2.2900390625	2.734375
13.798996	3.017578125	3.1494140625
13.799996	3.37890625	3.125
13.800996	3.1787109375	2.6708984375
13.801996	2.5244140625	2.060546875
13.802996	1.8115234375	1.650390625
13.803996	1.4501953125	1.6796875
13.804996	1.6552734375	2.138671875
13.805996	2.314453125	2.763671875
13.806996	3.037109375	3.1640625
13.807996	3.3935546875	3.1103515625
13.808996	3.1591796875	2.6513671875
13.809996	2.4951171875	2.0361328125
13.810996	1.77734375	1.630859375
13.811996	1.4453125	1.6845703125
13.812996	1.6748046875	2.16796875
13.813996	2.3486328125	2.783203125
13.814996	3.06640625	3.173828125
13.815996	3.3837890625	3.1005859375
13.817	3.1396484375	2.626953125
13.818	2.451171875	2.0068359375
13.819	1.7578125	1.6357421875
13.82	1.4404296875	1.708984375
13.821	1.7041015625	2.2021484375
13.822	2.392578125	2.8173828125
13.823	3.095703125	3.18359375
13.824	3.3935546875	3.0908203125
13.825	3.1103515625	2.5927734375
13.826	2.4072265625	1.9775390625
13.827	1.7236328125	1.62109375
13.828	1.4453125	1.7333984375
13.828996	1.7333984375	2.236328125
13.829996	2.4462890625	2.8515625
13.830996	3.134765625	3.193359375
13.831996	3.388671875	3.0615234375
13.832996	3.0712890625	2.5439453125
13.833996	2.36328125	1.93359375
13.834996	1.6748046875	1.6015625
13.835996	1.4453125	1.748046875
13.836996	1.787109375	2.2900390625
13.837996	2.5048828125	2.8955078125
13.838996	3.1689453125	3.203125
13.839996	3.3837890625	3.0419921875
13.840996	3.017578125	2.490234375
13.841996	2.2900390625	1.8994140625
13.842996	1.6357421875	1.6064453125
13.843996	1.4453125	1.7919921875
13.844996	1.8408203125	2.34375
13.845996	2.578125	2.9345703125
13.846996	3.22265625	3.203125
13.847996	3.369140625	2.9931640625
13.848996	2.9638671875	2.431640625
13.849996	2.2119140625	1.845703125
13.850996	1.5869140625	1.6015625
13.851996	1.46484375	1.8212890625
13.852996	1.9091796875	2.4072265625
13.853996	2.65625	2.9833984375
13.854996	3.2568359375	3.203125
13.855996	3.359375	2.9541015625
13.856996	2.8759765625	2.3583984375
13.857996	2.12890625	1.796875
13.858996	1.552734375	1.6015625
13.86	1.494140625	1.8896484375
13.861	1.9873046875	2.48046875
13.862	2.744140625	3.02734375
13.863	3.30078125	3.203125
13.864	3.330078125	2.900390625
13.865	2.8076171875	2.2802734375
13.866	2.0361328125	1.7431640625
13.867	1.5087890625	1.611328125
13.868	1.5234375	1.9384765625
13.869	2.0703125	2.5634765625
13.87	2.8369140625	3.0859375
13.871	3.33984375	3.193359375
13.871996	3.291015625	2.8271484375
13.872996	2.7099609375	2.2021484375
13.873996	1.9482421875	1.7041015625
13.874996	1.46484375	1.630859375
13.875996	1.5673828125	2.021484375
13.876996	2.1728515625	2.6513671875
13.877996	2.9345703125	3.125
13.878996	3.369140625	3.1591796875
13.879996	3.232421875	2.7392578125
13.880996	2.5927734375	2.109375
13.881996	1.85546875	1.6650390625
13.882996	1.4453125	1.650390625
13.883996	1.640625	2.109375
13.884996	2.28515625	2.744140625
13.885996	3.0322265625	3.1689453125
13.886996	3.3837890625	3.1298828125
13.887996	3.1591796875	2.6513671875
13.888996	2.4755859375	2.0166015625
13.889996	1.7578125	1.62109375
13.890996	1.4404296875	1.7041015625
13.891996	1.7138671875	2.2021484375
13.892996	2.4169921875	2.83203125
13.893996	3.1201171875	3.1884765625
13.894996	3.3935546875	3.0810546875
13.895996	3.0615234375	2.548828125
13.896996	2.3388671875	1.923828125
13.897996	1.66015625	1.6064453125
13.898996	1.4453125	1.7529296875
13.899996	1.8115234375	2.314453125
13.900996	2.5537109375	2.9443359375
13.902008	3.212890625	3.1982421875
13.903	3.369140625	3.0029296875
13.904	2.958984375	2.4365234375
13.905	2.197265625	1.8408203125
13.906	1.5869140625	1.5966796875
13.907	1.4697265625	1.8359375
13.908	1.943359375	2.4365234375
13.909	2.6904296875	3.0126953125
13.91	3.28125	3.2080078125
13.911	3.33984375	2.9150390625
13.912	2.822265625	2.3095703125
13.913	2.060546875	1.7578125
13.913996	1.513671875	1.6064453125
13.914996	1.513671875	1.93359375
13.915996	2.080078125	2.568359375
13.916996	2.841796875	3.0810546875
13.917996	3.349609375	3.193359375
13.918996	3.271484375	2.8076171875
13.919996	2.67578125	2.177734375
13.920996	1.9189453125	1.6748046875
13.921996	1.4599609375	1.630859375
13.922996	1.6064453125	2.05078125
13.923996	2.2314453125	2.6904296875
13.924996	2.9833984375	3.154296875
13.925996	3.37890625	3.154296875
13.926996	3.173828125	2.6806640625
13.927996	2.509765625	2.05078125
13.928996	1.77734375	1.6357421875
13.929996	1.435546875	1.6796875
13.930996	1.69921875	2.1875
13.931996	2.40234375	2.8173828125
13.932996	3.115234375	3.1982421875
13.933996	3.3935546875	3.076171875
13.934996	3.056640625	2.5439453125
13.935996	2.333984375	1.9140625
13.936996	1.650390625	1.591796875
13.937996	1.4501953125	1.7626953125
13.938996	1.8359375	2.333984375
13.939996	2.587890625	2.94921875
13.940996	3.232421875	3.2177734375
13.941996	3.3642578125	2.978515625
13.942996	2.9052734375	2.392578125
13.943996	2.1484375	1.806640625
13.945	1.5478515625	1.5869140625
13.946	1.494140625	1.884765625
13.947	2.001953125	2.490234375
13.948	2.7734375	3.0517578125
13.949	3.3203125	3.203125
13.95	3.3056640625	2.8662109375
13.951	2.7294921875	2.2265625
13.952	1.962890625	1.708984375
13.953	1.474609375	1.611328125
13.954	1.572265625	2.0068359375
13.955	2.197265625	2.65625
13.956	2.94921875	3.14453125
13.956996	3.37890625	3.1640625
13.957996	3.1982421875	2.71484375
13.958996	2.5390625	2.0703125
13.959996	1.7919921875	1.6357421875
13.960996	1.4404296875	1.6748046875
13.961996	1.6943359375	2.1728515625
13.962996	2.4072265625	2.8173828125
13.963996	3.1103515625	3.1982421875
13.964996	3.37890625	3.0810546875
13.965996	3.056640625	2.5439453125
13.966996	2.314453125	1.904296875
13.967996	1.640625	1.591796875
13.968996	1.4501953125	1.7822265625
13.969996	1.8701171875	2.353515625
13.970996	2.6171875	2.958984375
13.971996	3.251953125	3.212890625
13.972996	3.359375	2.958984375
13.973996	2.861328125	2.3583984375
13.974996	2.099609375	1.77734375
13.975996	1.5234375	1.5966796875
13.976996	1.5087890625	1.9091796875
13.977996	2.0703125	2.5537109375
13.978996	2.841796875	3.0810546875
13.979996	3.3447265625	3.1982421875
13.980996	3.26171875	2.8076171875
13.981996	2.6513671875	2.1630859375
13.982996	1.884765625	1.669921875
13.983996	1.455078125	1.6357421875
13.984996	1.630859375	2.0849609375
13.985996	2.2900390625	2.734375
13.986996	3.037109375	3.173828125
13.988	3.3837890625	3.125
13.989	3.1298828125	2.626953125
13.99	2.421875	1.9775390625
13.991	1.69921875	1.6064453125
13.992	1.4453125	1.7236328125
13.993	1.796875	2.28515625
13.994	2.5390625	2.91015625
13.995	3.203125	3.22265625
13.996	3.3740234375	3.017578125
13.997	2.939453125	2.412109375
13.998	2.1630859375	1.81640625
13.999	1.5625	1.58203125
13.999996	1.494140625	1.875
14.000996	2.0068359375	2.490234375
14.001996	2.79296875	3.06640625
14.002996	3.3251953125	3.2080078125
14.003996	3.291015625	2.8466796875
14.004996	2.7001953125	2.2021484375
14.005996	1.9189453125	1.689453125
14.006996	1.4599609375	1.6162109375
14.007996	1.6015625	2.05078125
14.008996	2.2607421875	2.7099609375
14.009996	3.017578125	3.1689453125
14.010996	3.3837890625	3.134765625
14.011996	3.1396484375	2.6416015625
14.012996	2.4267578125	1.9873046875
14.013996	1.708984375	1.6064453125
14.014996	1.4404296875	1.71875
14.015996	1.7919921875	2.265625
14.016996	2.5341796875	2.91015625
14.017996	3.212890625	3.22265625
14.018996	3.369140625	3.0078125
14.019996	2.919921875	2.4072265625
14.020996	2.158203125	1.8115234375
14.021996	1.552734375	1.5771484375
14.022996	1.494140625	1.8798828125
14.023996	2.0361328125	2.509765625
14.024996	2.8173828125	3.0712890625
14.025996	3.3447265625	3.203125
14.026996	3.271484375	2.822265625
14.027996	2.6611328125	2.177734375
14.028996	1.8896484375	1.6748046875
14.030008	1.455078125	1.6357421875
14.031	1.6357421875	2.0849609375
14.032	2.3095703125	2.7490234375
14.033	3.0517578125	3.1787109375
14.034	3.3935546875	3.1201171875
14.035	3.1005859375	2.5927734375
14.036	2.373046875	1.943359375
14.037	1.6650390625	1.591796875
14.038	1.4453125	1.7529296875
14.039	1.845703125	2.32421875
14.04	2.607421875	2.9541015625
14.041	3.251953125	3.2177734375
14.041996	3.3544921875	2.96875
14.042996	2.8515625	2.333984375
14.043996	2.0654296875	1.7626953125
14.044996	1.5087890625	1.591796875
14.045996	1.54296875	1.9384765625
14.046996	2.1240234375	2.587890625
14.047996	2.900390625	3.125
14.048996	3.369140625	3.193359375
14.049996	3.22265625	2.744140625
14.050996	2.55859375	2.0849609375
14.051996	1.8017578125	1.6259765625
14.052996	1.4453125	1.6650390625
14.053996	1.69921875	2.1728515625
14.054996	2.4462890625	2.841796875
14.055996	3.1494140625	3.212890625
14.056996	3.388671875	3.06640625
14.057996	2.9931640625	2.490234375
14.058996	2.236328125	1.8505859375
14.059996	1.5869140625	1.58203125
14.060996	1.4794921875	1.826171875
14.061996	1.9677734375	2.4609375
14.062996	2.7587890625	3.0517578125
14.063996	3.330078125	3.212890625
14.064996	3.291015625	2.861328125
14.065996	2.7001953125	2.2119140625
14.066996	1.9287109375	1.6748046875
14.067996	1.46484375	1.611328125
14.068996	1.62109375	2.060546875
14.069996	2.294921875	2.724609375
14.070996	3.0517578125	3.1787109375
14.071996	3.388671875	3.1298828125
14.073	3.0908203125	2.59765625
14.074	2.3486328125	1.9384765625
14.075	1.66015625	1.58203125
14.076	1.4404296875	1.7529296875
14.077	1.865234375	2.3486328125
14.078	2.6416015625	2.978515625
14.079	3.2666015625	3.2275390625
14.08	3.3447265625	2.94921875
14.081	2.8125	2.3095703125
14.082	2.021484375	1.728515625
14.083	1.484375	1.6015625
14.084	1.5576171875	1.982421875
14.084996	2.1875	2.646484375
14.085996	2.9638671875	3.1494140625
14.086996	3.388671875	3.1689453125
14.087996	3.173828125	2.6806640625
14.088996	2.4658203125	2.01171875
14.089996	1.7236328125	1.6015625
14.090996	1.4453125	1.7138671875
14.091996	1.796875	2.265625
14.092996	2.55859375	2.91015625
14.093996	3.2177734375	3.2275390625
14.094996	3.3642578125	2.998046875
14.095996	2.8759765625	2.3779296875
14.096996	2.1044921875	1.77734375
14.097996	1.5185546875	1.58203125
14.098996	1.5234375	1.9140625
14.099996	2.1240234375	2.5732421875
14.100996	2.9052734375	3.125
14.101996	3.3740234375	3.1884765625
14.102996	3.203125	2.744140625
14.103996	2.548828125	2.060546875
14.104996	1.7724609375	1.62109375
14.105996	1.4404296875	1.6796875
14.106996	1.7529296875	2.2216796875
14.107996	2.5	2.87109375
14.108996	3.193359375	3.22265625
14.109996	3.3740234375	3.0322265625
14.110996	2.9248046875	2.4267578125
14.111996	2.1484375	1.806640625
14.112996	1.54296875	1.5771484375
14.113996	1.50390625	1.8994140625
14.114996	2.0751953125	2.5537109375
14.116	2.87109375	3.10546875
14.117	3.3642578125	3.1884765625
14.118	3.2275390625	2.7685546875
14.119	2.5634765625	2.0947265625
14.12	1.796875	1.6259765625
14.121	1.4404296875	1.66015625
14.122	1.7333984375	2.1875
14.123	2.48046875	2.861328125
14.124	3.1787109375	3.2177734375
14.125	3.3837890625	3.0419921875
14.126	2.939453125	2.4365234375
14.127	2.158203125	1.8115234375
14.127996	1.5478515625	1.572265625
14.128996	1.4990234375	1.884765625
14.129996	2.0654296875	2.5341796875
14.130996	2.8662109375	3.095703125
14.131996	3.369140625	3.193359375
14.132996	3.2275390625	2.763671875
14.133996	2.55859375	2.099609375
14.134996	1.7919921875	1.62109375
14.135996	1.4404296875	1.6650390625
14.136996	1.7236328125	2.2021484375
14.137996	2.4853515625	2.87109375
14.138996	3.173828125	3.2275390625
14.139996	3.3837890625	3.037109375
14.140996	2.9296875	2.421875
14.141996	2.12890625	1.7919921875
14.142996	1.533203125	1.5771484375
14.143996	1.513671875	1.8896484375
14.144996	2.08984375	2.5634765625
14.145996	2.8857421875	3.115234375
14.146996	3.3642578125	3.1884765625
14.147996	3.2080078125	2.75390625
14.148996	2.51953125	2.0654296875
14.149996	1.7578125	1.6162109375
14.150996	1.4404296875	1.6845703125
14.151996	1.7626953125	2.2265625
14.152996	2.5244140625	2.8955078125
14.153996	3.203125	3.2275390625
14.154996	3.3642578125	3.0029296875
14.155996	2.890625	2.3779296875
14.156996	2.08984375	1.767578125
14.158008	1.513671875	1.5771484375
14.159	1.54296875	1.9384765625
14.16	2.1435546875	2.6025390625
14.161	2.9443359375	3.1494140625
14.162	3.3740234375	3.173828125
14.163	3.1640625	2.7001953125
14.164	2.4609375	2.0068359375
14.165	1.708984375	1.5966796875
14.166	1.4404296875	1.708984375
14.167	1.8212890625	2.294921875
14.168	2.59765625	2.9443359375
14.169	3.2568359375	3.232421875
14.169996	3.33984375	2.9541015625
14.170996	2.8125	2.3095703125
14.171996	2.01171875	1.728515625
14.172996	1.4794921875	1.5869140625
14.173996	1.58203125	2.0068359375
14.174996	2.2412109375	2.67578125
14.175996	3.0224609375	3.173828125
14.176996	3.3935546875	3.14453125
14.177996	3.10546875	2.6220703125
14.178996	2.3583984375	1.943359375
14.179996	1.640625	1.58203125
14.180996	1.4453125	1.7724609375
14.181996	1.9140625	2.3876953125
14.182996	2.71484375	3.017578125
14.183996	3.310546875	3.2275390625
14.184996	3.30078125	2.890625
14.185996	2.705078125	2.2216796875
14.186996	1.9091796875	1.6650390625
14.187996	1.455078125	1.62109375
14.188996	1.650390625	2.08984375
14.189996	2.3681640625	2.7783203125
14.190996	3.1103515625	3.212890625
14.191996	3.3935546875	3.095703125
14.192996	3.0078125	2.509765625
14.193996	2.216796875	1.8408203125
14.194996	1.5673828125	1.572265625
14.195996	1.4892578125	1.8505859375
14.196996	2.0361328125	2.5
14.197996	2.8466796875	3.095703125
14.198996	3.349609375	3.212890625
14.199996	3.232421875	2.7783203125
14.201	2.548828125	2.08984375
14.202	1.77734375	1.611328125
14.203	1.4306640625	1.669921875
14.204	1.7578125	2.216796875
14.205	2.5244140625	2.900390625
14.206	3.22265625	3.2373046875
14.207	3.3642578125	3.0029296875
14.208	2.87109375	2.36328125
14.209	2.0556640625	1.7529296875
14.21	1.494140625	1.58203125
14.211	1.5576171875	1.9677734375
14.212	2.20703125	2.646484375
14.212996	2.9931640625	3.1689453125
14.213996	3.388671875	3.1640625
14.214996	3.115234375	2.6318359375
14.215996	2.353515625	1.953125
14.216996	1.6552734375	1.5771484375
14.217996	1.455078125	1.7529296875
14.218996	1.8994140625	2.3828125
14.219996	2.7197265625	3.0126953125
14.220996	3.310546875	3.232421875
14.221996	3.30078125	2.8759765625
14.222996	2.6806640625	2.197265625
14.223996	1.8798828125	1.66015625
14.224996	1.4453125	1.6259765625
14.225996	1.669921875	2.1240234375
14.226996	2.4072265625	2.8076171875
14.227996	3.1494140625	3.22265625
14.228996	3.388671875	3.0615234375
14.229996	2.9541015625	2.4609375
14.230996	2.158203125	1.8115234375
14.231996	1.54296875	1.5771484375
14.232996	1.513671875	1.89453125
14.233996	2.119140625	2.578125
14.234996	2.919921875	3.134765625
14.235996	3.37890625	3.193359375
14.236996	3.1787109375	2.7099609375
14.237996	2.4560546875	2.0166015625
14.238996	1.7041015625	1.591796875
14.239996	1.4501953125	1.71875
14.240996	1.8603515625	2.3193359375
14.241996	2.6513671875	2.9833984375
14.242996	3.2861328125	3.2373046875
14.244	3.3203125	2.9248046875
14.245	2.7294921875	2.255859375
14.246	1.9287109375	1.6796875
14.247	1.455078125	1.6064453125
14.248	1.6455078125	2.08984375
14.249	2.36328125	2.783203125
14.25	3.1201171875	3.212890625
14.251	3.3837890625	3.0908203125
14.252	2.9736328125	2.4853515625
14.253	2.1875	1.8359375
14.254	1.552734375	1.5673828125
14.255	1.50390625	1.8798828125
14.255996	2.0947265625	2.5537109375
14.256996	2.9052734375	3.1201171875
14.257996	3.3642578125	3.1982421875
14.258996	3.18359375	2.7197265625
14.259996	2.4609375	2.0263671875
14.260996	1.7041015625	1.58203125
14.261996	1.435546875	1.71875
14.262996	1.865234375	2.3193359375
14.263996	2.6611328125	2.98828125
14.264996	3.291015625	3.2421875
14.265996	3.310546875	2.9150390625
14.266996	2.71484375	2.236328125
14.267996	1.904296875	1.669921875
14.268996	1.4453125	1.611328125
14.269996	1.6650390625	2.1044921875
14.270996	2.392578125	2.8076171875
14.271996	3.14453125	3.2275390625
14.272996	3.3837890625	3.076171875
14.273996	2.9541015625	2.4609375
14.274996	2.1484375	1.806640625
14.275996	1.5283203125	1.5673828125
14.276996	1.5234375	1.8994140625
14.277996	2.1435546875	2.6025390625
14.278996	2.94921875	3.1494140625
14.279996	3.3837890625	3.1787109375
14.280996	3.1396484375	2.6708984375
14.281996	2.3876953125	1.962890625
14.282996	1.650390625	1.5771484375
14.283996	1.455078125	1.7578125
14.284996	1.923828125	2.3876953125
14.286008	2.744140625	3.037109375
14.287	3.3251953125	3.232421875
14.288	3.2763671875	2.861328125
14.289	2.63671875	2.16796875
14.29	1.8310546875	1.6259765625
14.291	1.435546875	1.6357421875
14.292	1.7236328125	2.1923828125
14.293	2.4951171875	2.87109375
14.294	3.2080078125	3.2373046875
14.295	3.359375	3.0126953125
14.296	2.8564453125	2.36328125
14.297	2.0458984375	1.7431640625
14.297996	1.4892578125	1.5771484375
14.298996	1.58203125	1.9921875
14.299996	2.265625	2.7001953125
14.300996	3.0615234375	3.193359375
14.301996	3.388671875	3.1396484375
14.302996	3.046875	2.5634765625
14.303996	2.2509765625	1.8701171875
14.304996	1.5869140625	1.5576171875
14.305996	1.4990234375	1.8359375
14.306996	2.05078125	2.5048828125
14.307996	2.87109375	3.1103515625
14.308996	3.369140625	3.212890625
14.309996	3.1982421875	2.744140625
14.310996	2.48046875	2.041015625
14.311996	1.71875	1.5869140625
14.312996	1.4501953125	1.7138671875
14.313996	1.85546875	2.3193359375
14.314996	2.666015625	2.98828125
14.315996	3.2958984375	3.2421875
14.316996	3.3056640625	2.91015625
14.317996	2.6953125	2.2119140625
14.318996	1.875	1.650390625
14.319996	1.4404296875	1.6259765625
14.320996	1.7041015625	2.1435546875
14.321996	2.4560546875	2.8466796875
14.322996	3.1884765625	3.2421875
14.323996	3.3740234375	3.037109375
14.324996	2.87109375	2.3828125
14.325996	2.060546875	1.7529296875
14.326996	1.494140625	1.5673828125
14.327996	1.5771484375	1.982421875
14.329	2.2705078125	2.7001953125
14.33	3.056640625	3.193359375
14.331	3.388671875	3.134765625
14.332	3.0419921875	2.5634765625
14.333	2.2412109375	1.875
14.334	1.572265625	1.5478515625
14.335	1.494140625	1.85546875
14.336	2.0703125	2.529296875
14.337	2.890625	3.1201171875
14.338	3.369140625	3.203125
14.339	3.1787109375	2.7099609375
14.34	2.4365234375	2.0068359375
14.340996	1.6748046875	1.5771484375
14.341996	1.455078125	1.73828125
14.342996	1.8994140625	2.3681640625
14.343996	2.7294921875	3.0224609375
14.344996	3.3251953125	3.2470703125
14.345996	3.28125	2.861328125
14.346996	2.6220703125	2.1484375
14.347996	1.8115234375	1.6259765625
14.348996	1.4404296875	1.650390625
14.349996	1.7578125	2.216796875
14.350996	2.5537109375	2.9150390625
14.351996	3.2373046875	3.2421875
14.352996	3.3447265625	2.978515625
14.353996	2.7880859375	2.2998046875
14.354996	1.953125	1.6943359375
14.355996	1.4599609375	1.591796875
14.356996	1.640625	2.0703125
14.357996	2.3779296875	2.783203125
14.358996	3.1396484375	3.2275390625
14.359996	3.388671875	3.0810546875
14.360996	2.9345703125	2.4462890625
14.361996	2.109375	1.77734375
14.362996	1.50390625	1.5673828125
14.363996	1.552734375	1.9384765625
14.364996	2.2119140625	2.65625
14.365996	3.02734375	3.1787109375
14.366996	3.3935546875	3.154296875
14.367996	3.0615234375	2.5830078125
14.368996	2.275390625	1.875
14.369996	1.58203125	1.5576171875
14.370996	1.494140625	1.8310546875
14.372	2.0751953125	2.51953125
14.373	2.900390625	3.125
14.374	3.3837890625	3.2080078125
14.375	3.1689453125	2.7197265625
14.376	2.421875	1.9970703125
14.377	1.6650390625	1.5673828125
14.378	1.455078125	1.748046875
14.379	1.93359375	2.3828125
14.38	2.75390625	3.0419921875
14.381	3.349609375	3.2373046875
14.382	3.251953125	2.8271484375
14.383	2.568359375	2.109375
14.383996	1.7724609375	1.6064453125
14.384996	1.4404296875	1.669921875
14.385996	1.8115234375	2.2607421875
14.386996	2.6220703125	2.9638671875
14.387996	3.2861328125	3.251953125
14.388996	3.310546875	2.919921875
14.389996	2.705078125	2.2216796875
14.390996	1.8798828125	1.6455078125
14.391996	1.4404296875	1.6162109375
14.392996	1.7138671875	2.158203125
14.393996	2.4853515625	2.87109375
14.394996	3.212890625	3.2421875
14.395996	3.3642578125	3.017578125
14.396996	2.822265625	2.34375
14.397996	1.9873046875	1.7138671875
14.398996	1.46484375	1.58203125
14.399996	1.630859375	2.041015625
14.400996	2.3681640625	2.7734375
14.401996	3.14453125	3.2275390625
14.402996	3.3837890625	3.0859375
14.403996	2.9345703125	2.44140625
14.404996	2.109375	1.77734375
14.405996	1.5087890625	1.5576171875
14.406996	1.5673828125	1.9482421875
14.407996	2.236328125	2.6806640625
14.408996	3.0517578125	3.203125
14.409996	3.388671875	3.1298828125
14.410996	3.02734375	2.5537109375
14.411996	2.216796875	1.8408203125
14.412996	1.54296875	1.552734375
14.414008	1.513671875	1.875
14.415	2.138671875	2.587890625
14.416	2.9638671875	3.1591796875
14.417	3.388671875	3.18359375
14.418	3.115234375	2.6416015625
14.419	2.32421875	1.9189453125
14.42	1.5966796875	1.5625
14.421	1.484375	1.806640625
14.422	2.03125	2.4951171875
14.423	2.8759765625	3.1103515625
14.424	3.3740234375	3.212890625
14.425	3.1787109375	2.71484375
14.425996	2.421875	2.001953125
14.426996	1.669921875	1.5673828125
14.427996	1.4453125	1.7431640625
14.428996	1.943359375	2.4072265625
14.429996	2.7783203125	3.0615234375
14.430996	3.349609375	3.232421875
14.431996	3.232421875	2.7978515625
14.432996	2.51953125	2.0654296875
14.433996	1.7236328125	1.5771484375
14.434996	1.4501953125	1.6943359375
14.435996	1.875	2.3291015625
14.436996	2.7099609375	3.0029296875
14.437996	3.3203125	3.2666015625
14.438996	3.2763671875	2.87109375
14.439996	2.59765625	2.138671875
14.440996	1.787109375	1.611328125
14.441996	1.4404296875	1.66015625
14.442996	1.806640625	2.24609375
14.443996	2.626953125	2.9638671875
14.444996	3.2958984375	3.2568359375
14.445996	3.310546875	2.9248046875
14.446996	2.6708984375	2.20703125
14.447996	1.845703125	1.6357421875
14.448996	1.4306640625	1.6259765625
14.449996	1.7529296875	2.1923828125
14.450996	2.5537109375	2.919921875
14.451996	3.2568359375	3.2568359375
14.452996	3.330078125	2.9736328125
14.453996	2.7392578125	2.2705078125
14.454996	1.904296875	1.6650390625
14.455996	1.4453125	1.6064453125
14.457	1.7041015625	2.12890625
14.458	2.4853515625	2.861328125
14.459	3.2177734375	3.251953125
14.46	3.359375	3.017578125
14.461	2.802734375	2.32421875
14.462	1.9677734375	1.69921875
14.463	1.4599609375	1.58203125
14.464	1.66015625	2.080078125
14.465	2.421875	2.8125
14.466	3.1787109375	3.2470703125
14.467	3.3740234375	3.056640625
14.468	2.8564453125	2.373046875
14.468996	2.01171875	1.728515625
14.469996	1.4697265625	1.58203125
14.470996	1.630859375	2.0361328125
14.471996	2.36328125	2.7734375
14.472996	3.14453125	3.232421875
14.473996	3.3837890625	3.076171875
14.474996	2.900390625	2.421875
14.475996	2.060546875	1.7529296875
14.476996	1.4794921875	1.5625
14.477996	1.6015625	2.001953125
14.478996	2.3291015625	2.7392578125
14.479996	3.115234375	3.2275390625
14.480996	3.3837890625	3.095703125
14.481996	2.9296875	2.451171875
14.482996	2.099609375	1.77734375
14.483996	1.494140625	1.5625
14.484996	1.5869140625	1.97265625
14.485996	2.2802734375	2.7099609375
14.486996	3.0810546875	3.212890625
14.487996	3.3935546875	3.115234375
14.488996	2.9638671875	2.4853515625
14.489996	2.12890625	1.796875
14.490996	1.50390625	1.5576171875
14.491996	1.552734375	1.943359375
14.492996	2.24609375	2.67578125
14.493996	3.0615234375	3.203125
14.494996	3.3935546875	3.134765625
14.495996	2.9931640625	2.51953125
14.496996	2.158203125	1.8115234375
14.497996	1.513671875	1.5478515625
14.498996	1.54296875	1.9287109375
14.5	2.2412109375	2.666015625
14.501	3.046875	3.1982421875
14.502	3.3935546875	3.14453125
14.503	3.0078125	2.529296875
14.504	2.177734375	1.8212890625
14.505	1.5185546875	1.552734375
14.506	1.5380859375	1.9091796875
14.507	2.2119140625	2.6513671875
14.508	3.0419921875	3.193359375
14.509	3.388671875	3.14453125
14.51	3.0078125	2.5390625
14.511	2.1875	1.826171875
14.511996	1.5283203125	1.552734375
14.512996	1.5380859375	1.8994140625
14.513996	2.2119140625	2.63671875
14.514996	3.02734375	3.193359375
14.515996	3.388671875	3.14453125
14.516996	3.0126953125	2.5439453125
14.517996	2.1875	1.8310546875
14.518996	1.5234375	1.5576171875
14.519996	1.54296875	1.9091796875
14.520996	2.20703125	2.6318359375
14.521996	3.02734375	3.193359375
14.522996	3.388671875	3.1494140625
14.523996	3.0126953125	2.5439453125
14.524996	2.1826171875	1.8359375
14.525996	1.533203125	1.54296875
14.526996	1.5380859375	1.9091796875
14.527996	2.2119140625	2.646484375
14.528996	3.037109375	3.1982421875
14.529996	3.3935546875	3.154296875
14.530996	3.017578125	2.5439453125
14.531996	2.1728515625	1.81640625
14.532996	1.5185546875	1.552734375
14.533996	1.54296875	1.9091796875
14.534996	2.2265625	2.65625
14.535996	3.0517578125	3.203125
14.536996	3.388671875	3.14453125
14.537996	3.0078125	2.5244140625
14.538996	2.16796875	1.8115234375
14.539996	1.5283203125	1.5478515625
14.540996	1.552734375	1.93359375
14.542008	2.24609375	2.666015625
14.543	3.0712890625	3.2080078125
14.544	3.388671875	3.134765625
14.545	2.98828125	2.5048828125
14.546	2.1435546875	1.806640625
14.547	1.5087890625	1.552734375
14.548	1.5625	1.953125
14.549	2.2705078125	2.6904296875
14.55	3.0859375	3.212890625
14.551	3.388671875	3.115234375
14.552	2.958984375	2.4853515625
14.553	2.1044921875	1.7822265625
14.553996	1.4990234375	1.5576171875
14.554996	1.5869140625	1.962890625
14.555996	2.3095703125	2.724609375
14.556996	3.1103515625	3.232421875
14.557996	3.388671875	3.1005859375
14.558996	2.9248046875	2.451171875
14.559996	2.080078125	1.7529296875
14.560996	1.4892578125	1.5625
14.561996	1.6015625	2.0068359375
14.562996	2.3486328125	2.75390625
14.563996	3.134765625	3.2373046875
14.564996	3.369140625	3.0810546875
14.565996	2.890625	2.40234375
14.566996	2.0263671875	1.7333984375
14.567996	1.4697265625	1.572265625
14.568996	1.6357421875	2.041015625
14.569996	2.3974609375	2.7978515625
14.570996	3.173828125	3.2470703125
14.571996	3.369140625	3.0517578125
14.572996	2.841796875	2.3583984375
14.573996	1.9873046875	1.708984375
14.574996	1.4599609375	1.572265625
14.575996	1.6748046875	2.0849609375
14.576996	2.4560546875	2.83203125
14.577996	3.212890625	3.251953125
14.578996	3.349609375	3.017578125
14.579996	2.783203125	2.3095703125
14.580996	1.93359375	1.669921875
14.581996	1.4453125	1.5966796875
14.582996	1.708984375	2.138671875
14.583996	2.5244140625	2.890625
14.585	3.251953125	3.26171875
14.586	3.3349609375	2.9736328125
14.587	2.724609375	2.2509765625
14.588	1.8701171875	1.6455078125
14.589	1.4453125	1.6259765625
14.59	1.7626953125	2.2021484375
14.591	2.5927734375	2.9443359375
14.592	3.28125	3.2666015625
14.593	3.310546875	2.9345703125
14.594	2.646484375	2.1923828125
14.595	1.806640625	1.611328125
14.596	1.4404296875	1.650390625
14.596996	1.81640625	2.2607421875
14.597996	2.666015625	2.9931640625
14.598996	3.3203125	3.2568359375
14.599996	3.2666015625	2.87109375
14.600996	2.568359375	2.119140625
14.601996	1.748046875	1.58203125
14.602996	1.4501953125	1.6845703125
14.603996	1.8798828125	2.333984375
14.604996	2.7490234375	3.0419921875
14.605996	3.33984375	3.251953125
14.606996	3.2275390625	2.802734375
14.607996	2.48046875	2.0458984375
14.608996	1.6796875	1.5673828125
14.609996	1.4501953125	1.728515625
14.610996	1.9677734375	2.4169921875
14.611996	2.8271484375	3.076171875
14.612996	3.369140625	3.232421875
14.613996	3.1689453125	2.7294921875
14.614996	2.3876953125	1.97265625
14.615996	1.6162109375	1.552734375
14.616996	1.4794921875	1.787109375
14.617996	2.060546875	2.5
14.618996	2.9150390625	3.14453125
14.619996	3.3837890625	3.1982421875
14.620996	3.095703125	2.6416015625
14.621996	2.275390625	1.89453125
14.622996	1.5625	1.5478515625
14.623996	1.5087890625	1.8505859375
14.624996	2.158203125	2.5927734375
14.625996	3.0126953125	3.193359375
14.626996	3.3935546875	3.1640625
14.628	3.0078125	2.5439453125
14.629	2.16796875	1.8212890625
14.63	1.5185546875	1.5380859375
14.631	1.5673828125	1.9384765625
14.632	2.2705078125	2.6904296875
14.633	3.095703125	3.212890625
14.634	3.3837890625	3.1201171875
14.635	2.919921875	2.44140625
14.636	2.060546875	1.7529296875
14.637	1.4697265625	1.5625
14.638	1.6259765625	2.03125
14.639	2.3974609375	2.7880859375
14.639996	3.1787109375	3.2421875
14.640996	3.359375	3.0419921875
14.641996	2.8125	2.333984375
14.642996	1.943359375	1.6796875
14.643996	1.455078125	1.591796875
14.644996	1.7138671875	2.12890625
14.645996	2.529296875	2.8955078125
14.646996	3.251953125	3.2568359375
14.647996	3.3251953125	2.96875
14.648996	2.6904296875	2.2265625
14.649996	1.8359375	1.62109375
14.650996	1.4306640625	1.630859375
14.651996	1.806640625	2.236328125
14.652996	2.6513671875	2.98828125
14.653996	3.310546875	3.2568359375
14.654996	3.26171875	2.8662109375
14.655996	2.5439453125	2.1044921875
14.656996	1.728515625	1.58203125
14.657996	1.4404296875	1.7041015625
14.658996	1.9287109375	2.3681640625
14.659996	2.79296875	3.0712890625
14.660996	3.3642578125	3.232421875
14.661996	3.193359375	2.7587890625
14.662996	2.40234375	1.9873046875
14.663996	1.6259765625	1.5478515625
14.664996	1.474609375	1.77734375
14.665996	2.060546875	2.4951171875
14.666996	2.9296875	3.14453125
14.667996	3.3837890625	3.203125
14.668996	3.0859375	2.626953125
14.670008	2.24609375	1.865234375
14.671	1.5478515625	1.54296875
14.672	1.5234375	1.884765625
14.673	2.2021484375	2.626953125
14.674	3.056640625	3.2080078125
14.675	3.388671875	3.134765625
14.676	2.958984375	2.490234375
14.677	2.08984375	1.767578125
14.678	1.4892578125	1.5478515625
14.679	1.611328125	2.001953125
14.68	2.3779296875	2.7783203125
14.681	3.1689453125	3.2470703125
14.681996	3.369140625	3.0517578125
14.682996	2.8076171875	2.3388671875
14.683996	1.943359375	1.6748046875
14.684996	1.4501953125	1.58203125
14.685996	1.7236328125	2.1484375
14.686996	2.548828125	2.900390625
14.687996	3.271484375	3.26171875
14.688996	3.310546875	2.9443359375
14.689996	2.6416015625	2.1923828125
14.690996	1.8017578125	1.6064453125
14.691996	1.4404296875	1.6455078125
14.692996	1.85546875	2.294921875
14.693996	2.724609375	3.017578125
14.694996	3.33984375	3.2568359375
14.695996	3.232421875	2.8173828125
14.696996	2.4609375	2.0361328125
14.697996	1.669921875	1.5625
14.698996	1.46484375	1.748046875
14.699996	2.01171875	2.4609375
14.700996	2.8857421875	3.134765625
14.701996	3.388671875	3.212890625
14.702996	3.10546875	2.6611328125
14.703996	2.275390625	1.89453125
14.704996	1.5576171875	1.5380859375
14.705996	1.5234375	1.8701171875
14.706996	2.2021484375	2.626953125
14.707996	3.056640625	3.203125
14.708996	3.3935546875	3.1396484375
14.709996	2.958984375	2.490234375
14.710996	2.0947265625	1.7724609375
14.711996	1.4794921875	1.552734375
14.713	1.6259765625	2.021484375
14.714	2.40234375	2.7978515625
14.715	3.193359375	3.251953125
14.716	3.349609375	3.037109375
14.717	2.7734375	2.3095703125
14.718	1.904296875	1.6552734375
14.719	1.4453125	1.6064453125
14.72	1.7578125	2.1875
14.721	2.607421875	2.9443359375
14.722	3.2958984375	3.2666015625
14.723	3.291015625	2.900390625
14.724	2.5732421875	2.1337890625
14.724996	1.73828125	1.58203125
14.725996	1.4453125	1.6943359375
14.726996	1.9384765625	2.3681640625
14.727996	2.8076171875	3.0810546875
14.728996	3.3642578125	3.2373046875
14.729996	3.1640625	2.734375
14.730996	2.3583984375	1.953125
14.731996	1.6015625	1.54296875
14.732996	1.494140625	1.81640625
14.733996	2.12890625	2.568359375
14.734996	2.998046875	3.1787109375
14.735996	3.3837890625	3.1640625
14.736996	2.9931640625	2.5439453125
14.737996	2.1435546875	1.7919921875
14.738996	1.4990234375	1.5380859375
14.739996	1.591796875	1.97265625
14.740996	2.36328125	2.763671875
14.741996	3.1640625	3.2470703125
14.742996	3.3642578125	3.056640625
14.743996	2.7978515625	2.3388671875
14.744996	1.923828125	1.669921875
14.745996	1.4404296875	1.5966796875
14.746996	1.748046875	2.1728515625
14.747996	2.59765625	2.9345703125
14.748996	3.291015625	3.2666015625
14.749996	3.2861328125	2.9052734375
14.750996	2.5732421875	2.12890625
14.751996	1.7333984375	1.572265625
14.752996	1.4453125	1.689453125
14.753996	1.9384765625	2.373046875
14.754996	2.822265625	3.0859375
14.756	3.369140625	3.232421875
14.757	3.154296875	2.71484375
14.758	2.3291015625	1.9287109375
14.759	1.5869140625	1.533203125
14.76	1.50390625	1.8408203125
14.761	2.1630859375	2.59765625
14.762	3.037109375	3.1982421875
14.763	3.3935546875	3.154296875
14.764	2.9541015625	2.4951171875
14.765	2.080078125	1.7626953125
14.766	1.4794921875	1.5478515625
14.767	1.630859375	2.0263671875
14.767996	2.431640625	2.8125
14.768996	3.203125	3.2568359375
14.769996	3.33984375	3.017578125
14.770996	2.734375	2.265625
14.771996	1.8603515625	1.6259765625
14.772996	1.4404296875	1.6259765625
14.773996	1.81640625	2.2509765625
14.774996	2.6904296875	2.998046875
14.775996	3.3349609375	3.26171875
14.776996	3.232421875	2.83203125
14.777996	2.470703125	2.041015625
14.778996	1.66015625	1.5576171875
14.779996	1.46484375	1.7578125
14.780996	2.05078125	2.490234375
14.781996	2.9345703125	3.14453125
14.782996	3.3935546875	3.1982421875
14.783996	3.056640625	2.59765625
14.784996	2.197265625	1.8408203125
14.785996	1.5087890625	1.5380859375
14.786996	1.5673828125	1.9384765625
14.787996	2.314453125	2.734375
14.788996	3.1494140625	3.2470703125
14.789996	3.3740234375	3.0712890625
14.790996	2.8125	2.3583984375
14.791996	1.9384765625	1.6796875
14.792996	1.4453125	1.5966796875
14.793996	1.7431640625	2.1728515625
14.794996	2.607421875	2.94921875
14.795996	3.3056640625	3.271484375
14.796996	3.2763671875	2.890625
14.798008	2.529296875	2.1044921875
14.799	1.6943359375	1.5625
14.8	1.4501953125	1.7138671875
14.801	1.9873046875	2.421875
14.802	2.880859375	3.115234375
14.803	3.37890625	3.2177734375
14.804	3.095703125	2.646484375
14.805	2.24609375	1.875
14.806	1.5380859375	1.5283203125
14.807	1.552734375	1.904296875
14.808	2.2705078125	2.685546875
14.809	3.115234375	3.2373046875
14.809996	3.3837890625	3.0908203125
14.810996	2.8466796875	2.3876953125
14.811996	1.9677734375	1.6943359375
14.812996	1.4501953125	1.58203125
14.813996	1.7333984375	2.1435546875
14.814996	2.5732421875	2.9150390625
14.815996	3.2861328125	3.2763671875
14.816996	3.28125	2.91015625
14.817996	2.55859375	2.1142578125
14.818996	1.708984375	1.572265625
14.819996	1.455078125	1.69921875
14.820996	1.982421875	2.4072265625
14.821996	2.8662109375	3.1201171875
14.822996	3.37890625	3.2275390625
14.823996	3.0908203125	2.646484375
14.824996	2.2509765625	1.8798828125
14.825996	1.5380859375	1.5380859375
14.826996	1.5478515625	1.8994140625
14.827996	2.2900390625	2.7001953125
14.828996	3.1201171875	3.2373046875
14.829996	3.37890625	3.095703125
14.830996	2.8271484375	2.373046875
14.831996	1.9384765625	1.6748046875
14.832996	1.4453125	1.5869140625
14.833996	1.748046875	2.1630859375
14.834996	2.6171875	2.94921875
14.835996	3.3056640625	3.2666015625
14.836996	3.2666015625	2.87109375
14.837996	2.51953125	2.08984375
14.838996	1.6796875	1.552734375
14.839996	1.46484375	1.7333984375
14.841	2.0361328125	2.4609375
14.842	2.9248046875	3.1494140625
14.843	3.388671875	3.2080078125
14.844	3.056640625	2.607421875
14.845	2.1875	1.8212890625
14.846	1.513671875	1.533203125
14.847	1.5869140625	1.9677734375
14.848	2.353515625	2.7587890625
14.849	3.1787109375	3.2568359375
14.85	3.3544921875	3.0517578125
14.851	2.763671875	2.2998046875
14.852	1.8798828125	1.6455078125
14.852996	1.4306640625	1.6162109375
14.853996	1.826171875	2.2509765625
14.854996	2.7099609375	3.0126953125
14.855996	3.3447265625	3.2666015625
14.856996	3.212890625	2.802734375
14.857996	2.4169921875	2.0068359375
14.858996	1.62109375	1.54296875
14.859996	1.4892578125	1.787109375
14.860996	2.12890625	2.5634765625
14.861996	3.0078125	3.1884765625
14.862996	3.388671875	3.1591796875
14.863996	2.9541015625	2.5
14.864996	2.0654296875	1.748046875
14.865996	1.4697265625	1.54296875
14.866996	1.669921875	2.060546875
14.867996	2.4853515625	2.861328125
14.868996	3.2568359375	3.271484375
14.869996	3.3154296875	2.9541015625
14.870996	2.6220703125	2.177734375
14.871996	1.7529296875	1.5771484375
14.872996	1.4453125	1.6748046875
14.873996	1.943359375	2.3779296875
14.874996	2.841796875	3.0908203125
14.875996	3.3740234375	3.2373046875
14.876996	3.1103515625	2.6806640625
14.877996	2.2509765625	1.8798828125
14.878996	1.533203125	1.533203125
14.879996	1.5576171875	1.9140625
14.880996	2.294921875	2.6953125
14.881996	3.14453125	3.2421875
14.882996	3.3642578125	3.076171875
14.884	2.783203125	2.333984375
14.885	1.904296875	1.650390625
14.886	1.4404296875	1.5966796875
14.887	1.796875	2.216796875
14.888	2.6806640625	2.998046875
14.889	3.33984375	3.2666015625
14.89	3.22265625	2.8173828125
14.891	2.431640625	2.0068359375
14.892	1.6162109375	1.54296875
14.893	1.4892578125	1.7919921875
14.894	2.1337890625	2.568359375
14.895	3.0224609375	3.193359375
14.895996	3.3935546875	3.1494140625
14.896996	2.9345703125	2.4755859375
14.897996	2.0458984375	1.7431640625
14.898996	1.455078125	1.552734375
14.899996	1.6845703125	2.0849609375
14.900996	2.5341796875	2.890625
14.901996	3.271484375	3.2763671875
14.902996	3.291015625	2.919921875
14.903996	2.5732421875	2.1240234375
14.904996	1.71875	1.5673828125
14.905996	1.4501953125	1.7138671875
14.906996	2.01171875	2.4365234375
14.907996	2.91015625	3.1298828125
14.908996	3.388671875	3.2177734375
14.909996	3.0517578125	2.6025390625
14.910996	2.1728515625	1.8212890625
14.911996	1.494140625	1.5380859375
14.912996	1.611328125	1.982421875
14.913996	2.3974609375	2.79296875
14.914996	3.2080078125	3.26171875
14.915996	3.3447265625	3.0126953125
14.916996	2.6904296875	2.2314453125
14.917996	1.806640625	1.6015625
14.918996	1.4453125	1.6455078125
14.919996	1.9091796875	2.3291015625
14.920996	2.8125	3.0810546875
14.921996	3.37890625	3.251953125
14.922996	3.1298828125	2.7001953125
14.923996	2.275390625	1.8994140625
14.924996	1.54296875	1.5283203125
14.926008	1.552734375	1.904296875
14.927	2.314453125	2.71484375
14.928	3.1494140625	3.2568359375
14.929	3.369140625	3.0615234375
14.93	2.7783203125	2.32421875
14.931	1.8798828125	1.650390625
14.932	1.4404296875	1.611328125
14.933	1.826171875	2.2607421875
14.934	2.7294921875	3.0224609375
14.935	3.359375	3.2666015625
14.936	3.18359375	2.7685546875
14.937	2.3486328125	1.9580078125
14.937996	1.5771484375	1.5283203125
14.938996	1.5234375	1.845703125
14.939996	2.2216796875	2.6416015625
14.940996	3.095703125	3.2275390625
14.941996	3.3837890625	3.1103515625
14.942996	2.8466796875	2.3779296875
14.943996	1.9287109375	1.669921875
14.944996	1.435546875	1.591796875
14.945996	1.787109375	2.1923828125
14.946996	2.6708984375	2.98828125
14.947996	3.3349609375	3.271484375
14.948996	3.22265625	2.8125
14.949996	2.412109375	2.001953125
14.950996	1.611328125	1.5380859375
14.951996	1.50390625	1.806640625
14.952996	2.177734375	2.59765625
14.953996	3.0615234375	3.2177734375
14.954996	3.3935546875	3.14453125
14.955996	2.880859375	2.4267578125
14.956996	1.97265625	1.6943359375
14.957996	1.4453125	1.5771484375
14.958996	1.748046875	2.158203125
14.959996	2.6318359375	2.958984375
14.960996	3.3154296875	3.271484375
14.961996	3.2373046875	2.83203125
14.962996	2.44140625	2.0361328125
14.963996	1.6259765625	1.5380859375
14.964996	1.4892578125	1.7919921875
14.965996	2.1484375	2.5732421875
14.966996	3.046875	3.203125
14.967996	3.3935546875	3.14453125
14.969	2.8955078125	2.44140625
14.97	1.9775390625	1.7041015625
14.971	1.4501953125	1.5625
14.972	1.73828125	2.1484375
14.973	2.6220703125	2.958984375
14.974	3.3154296875	3.2763671875
14.975	3.2275390625	2.8466796875
14.976	2.4462890625	2.0361328125
14.977	1.62109375	1.533203125
14.978	1.4892578125	1.7919921875
14.979	2.1533203125	2.568359375
14.98	3.046875	3.2080078125
14.980996	3.3935546875	3.1494140625
14.981996	2.890625	2.4462890625
14.982996	1.982421875	1.69921875
14.983996	1.4453125	1.5673828125
14.984996	1.7578125	2.158203125
14.985996	2.63671875	2.96875
14.986996	3.3203125	3.271484375
14.987996	3.2275390625	2.8369140625
14.988996	2.431640625	2.0166015625
14.989996	1.62109375	1.5380859375
14.990996	1.494140625	1.8017578125
14.991996	2.177734375	2.587890625
14.992996	3.06640625	3.22265625
14.993996	3.3837890625	3.1298828125
14.994996	2.8662109375	2.421875
14.995996	1.953125	1.6845703125
14.996996	1.4453125	1.5869140625
14.997996	1.77734375	2.1875
14.998996	2.666015625	2.9833984375
14.999996	3.349609375	3.271484375
15.000996	3.2080078125	2.7978515625
15.001996	2.3876953125	1.97265625
15.002996	1.5966796875	1.5185546875
15.003996	1.513671875	1.8359375
15.004996	2.216796875	2.6318359375
15.005996	3.10546875	3.2373046875
15.006996	3.37890625	3.10546875
15.007996	2.8076171875	2.36328125
15.008996	1.8994140625	1.650390625
15.009996	1.435546875	1.6015625
15.010996	1.8212890625	2.24609375
15.012	2.734375	3.037109375
15.013	3.3544921875	3.26171875
15.014	3.154296875	2.75390625
15.015	2.3046875	1.923828125
15.016	1.552734375	1.513671875
15.017	1.54296875	1.8896484375
15.018	2.3046875	2.7001953125
15.019	3.154296875	3.2568359375
15.02	3.359375	3.0517578125
15.021	2.734375	2.28515625
15.022	1.8310546875	1.6162109375
15.023	1.4404296875	1.630859375
15.023996	1.904296875	2.32421875
15.024996	2.8125	3.0810546875
15.025996	3.37890625	3.2470703125
15.026996	3.10546875	2.67578125
15.027996	2.2216796875	1.8603515625
15.028996	1.5087890625	1.5234375
15.029996	1.6015625	1.9580078125
15.030996	2.3974609375	2.7880859375
15.031996	3.2177734375	3.2666015625
15.032996	3.3349609375	2.9931640625
15.033996	2.6416015625	2.2021484375
15.034996	1.7529296875	1.58203125
15.035996	1.4501953125	1.6796875
15.036996	1.9921875	2.421875
15.037996	2.91015625	3.1396484375
15.038996	3.3935546875	3.212890625
15.039996	3.0078125	2.5732421875
15.040996	2.099609375	1.7822265625
15.041996	1.4794921875	1.54296875
15.042996	1.6650390625	2.0556640625
15.043996	2.5341796875	2.8857421875
15.044996	3.28125	3.2861328125
15.045996	3.271484375	2.9052734375
15.046996	2.509765625	2.0849609375
15.047996	1.6650390625	1.54296875
15.048996	1.4794921875	1.7578125
15.049996	2.1142578125	2.548828125
15.050996	3.0322265625	3.203125
15.051996	3.388671875	3.1494140625
15.052996	2.890625	2.44140625
15.054008	1.9677734375	1.6845703125
15.055	1.435546875	1.572265625
15.056	1.7724609375	2.1875
15.057	2.685546875	2.9931640625
15.058	3.33984375	3.2763671875
15.059	3.193359375	2.79296875
15.06	2.353515625	1.9580078125
15.061	1.5673828125	1.5234375
15.062	1.533203125	1.865234375
15.063	2.2802734375	2.6904296875
15.064	3.1494140625	3.251953125
15.065	3.3544921875	3.0712890625
15.065996	2.7392578125	2.3046875
15.066996	1.8310546875	1.6162109375
15.067996	1.4404296875	1.6357421875
15.068996	1.9189453125	2.3388671875
15.069996	2.8369140625	3.095703125
15.070996	3.369140625	3.232421875
15.071996	3.0712890625	2.63671875
15.072996	2.177734375	1.8212890625
15.073996	1.4892578125	1.5283203125
15.074996	1.630859375	2.0068359375
15.075996	2.470703125	2.841796875
15.076996	3.2568359375	3.2763671875
15.077996	3.291015625	2.9443359375
15.078996	2.5537109375	2.12890625
15.079996	1.6845703125	1.54296875
15.080996	1.46484375	1.7431640625
15.081996	2.0947265625	2.51953125
15.082996	3.0078125	3.1982421875
15.083996	3.3935546875	3.1591796875
15.084996	2.900390625	2.4560546875
15.085996	1.97265625	1.69921875
15.086996	1.4501953125	1.572265625
15.087996	1.77734375	2.177734375
15.088996	2.67578125	2.9931640625
15.089996	3.3447265625	3.271484375
15.090996	3.18359375	2.7783203125
15.091996	2.3193359375	1.943359375
15.092996	1.552734375	1.5234375
15.093996	1.552734375	1.884765625
15.094996	2.3193359375	2.7197265625
15.095996	3.1787109375	3.2666015625
15.097	3.349609375	3.0322265625
15.098	2.685546875	2.2412109375
15.099	1.7822265625	1.6015625
15.1	1.4453125	1.6552734375
15.101	1.9677734375	2.3974609375
15.102	2.900390625	3.134765625
15.103	3.388671875	3.2177734375
15.104	2.998046875	2.568359375
15.105	2.08984375	1.7724609375
15.106	1.4697265625	1.5380859375
15.107	1.6943359375	2.080078125
15.108	2.5634765625	2.919921875
15.108996	3.310546875	3.28125
15.109996	3.2373046875	2.8564453125
15.110996	2.4462890625	2.03125
15.111996	1.611328125	1.5283203125
15.112996	1.5087890625	1.8115234375
15.113996	2.216796875	2.626953125
15.114996	3.1103515625	3.2421875
15.115996	3.37890625	3.0908203125
15.116996	2.7685546875	2.3291015625
15.117996	1.8505859375	1.6259765625
15.118996	1.4404296875	1.62109375
15.119996	1.904296875	2.3193359375
15.120996	2.8369140625	3.095703125
15.121996	3.37890625	3.2373046875
15.122996	3.0615234375	2.6416015625
15.123996	2.158203125	1.8212890625
15.124996	1.4794921875	1.5283203125
15.125996	1.6455078125	2.03125
15.126996	2.509765625	2.87109375
15.127996	3.28125	3.28125
15.128996	3.271484375	2.9150390625
15.129996	2.490234375	2.080078125
15.130996	1.6455078125	1.533203125
15.131996	1.4892578125	1.7822265625
15.132996	2.1826171875	2.587890625
15.133996	3.076171875	3.22265625
15.134996	3.3837890625	3.125
15.135996	2.8125	2.3681640625
15.136996	1.875	1.640625
15.137996	1.435546875	1.6015625
15.138996	1.8798828125	2.294921875
15.14	2.8125	3.0859375
15.141	3.37890625	3.2470703125
15.142	3.076171875	2.6513671875
15.143	2.1728515625	1.8310546875
15.144	1.484375	1.5234375
15.145	1.6455078125	2.0166015625
15.146	2.5048828125	2.861328125
15.147	3.28125	3.2861328125
15.148	3.271484375	2.91015625
15.149	2.490234375	2.0703125
15.15	1.640625	1.5380859375
15.151	1.494140625	1.7822265625
15.151996	2.177734375	2.5927734375
15.152996	3.0810546875	3.2275390625
15.153996	3.3837890625	3.1103515625
15.154996	2.7978515625	2.34375
15.155996	1.865234375	1.630859375
15.156996	1.4404296875	1.62109375
15.157996	1.89453125	2.314453125
15.158996	2.8369140625	3.0908203125
15.159996	3.3935546875	3.2421875
15.160996	3.0517578125	2.626953125
15.161996	2.138671875	1.8017578125
15.162996	1.474609375	1.5283203125
15.163996	1.669921875	2.05078125
15.164996	2.5390625	2.8857421875
15.165996	3.3056640625	3.2861328125
15.166996	3.271484375	2.880859375
15.167996	2.44140625	2.03125
15.168996	1.6064453125	1.5283203125
15.169996	1.5185546875	1.8212890625
15.170996	2.24609375	2.6513671875
15.171996	3.1298828125	3.251953125
15.172996	3.3642578125	3.076171875
15.173996	2.7294921875	2.28515625
15.174996	1.8115234375	1.6015625
15.175996	1.4404296875	1.6455078125
15.176996	1.9677734375	2.3876953125
15.177996	2.900390625	3.134765625
15.178996	3.3837890625	3.212890625
15.179996	2.98828125	2.5537109375
15.180996	2.060546875	1.7431640625
15.182008	1.455078125	1.5478515625
15.183	1.7431640625	2.12890625
15.184	2.646484375	2.96875
15.185	3.33984375	3.28125
15.186	3.1884765625	2.7880859375
15.187	2.3291015625	1.943359375
15.188	1.5478515625	1.5185546875
15.189	1.5625	1.8994140625
15.19	2.353515625	2.7490234375
15.191	3.2080078125	3.2763671875
15.192	3.330078125	2.998046875
15.193	2.6025390625	2.1826171875
15.193996	1.71875	1.5625
15.194996	1.46484375	1.7236328125
15.195996	2.0849609375	2.5
15.196996	3.017578125	3.1982421875
15.197996	3.3935546875	3.1640625
15.198996	2.8662109375	2.421875
15.199996	1.9287109375	1.6650390625
15.200996	1.4404296875	1.591796875
15.201996	1.845703125	2.2509765625
15.202996	2.783203125	3.06640625
15.203996	3.3740234375	3.251953125
15.204996	3.0859375	2.666015625
15.205996	2.1728515625	1.8359375
15.206996	1.484375	1.5283203125
15.207996	1.6552734375	2.021484375
15.208996	2.529296875	2.8857421875
15.209996	3.30078125	3.2861328125
15.210996	3.2470703125	2.8759765625
15.211996	2.4365234375	2.021484375
15.212996	1.6015625	1.5283203125
15.213996	1.5185546875	1.8212890625
15.214996	2.2705078125	2.6708984375
15.215996	3.154296875	3.2568359375
15.216996	3.359375	3.056640625
15.217996	2.6806640625	2.24609375
15.218996	1.7626953125	1.5869140625
15.219996	1.4453125	1.6748046875
15.220996	2.03125	2.451171875
15.221996	2.9638671875	3.173828125
15.222996	3.3935546875	3.1884765625
15.223996	2.9150390625	2.4755859375
15.225	1.9677734375	1.689453125
15.226	1.435546875	1.5771484375
15.227	1.81640625	2.216796875
15.228	2.75390625	3.0419921875
15.229	3.369140625	3.2666015625
15.23	3.1103515625	2.6953125
15.231	2.197265625	1.845703125
15.232	1.494140625	1.513671875
15.233	1.640625	2.01171875
15.234	2.5146484375	2.8759765625
15.235	3.291015625	3.28125
15.236	3.2568359375	2.890625
15.236996	2.44140625	2.041015625
15.237996	1.6015625	1.5234375
15.238996	1.5234375	1.826171875
15.239996	2.275390625	2.6708984375
15.240996	3.1591796875	3.26171875
15.241996	3.349609375	3.046875
15.242996	2.67578125	2.236328125
15.243996	1.748046875	1.5673828125
15.244996	1.4501953125	1.6796875
15.245996	2.05078125	2.4609375
15.246996	2.998046875	3.1884765625
15.247996	3.3935546875	3.173828125
15.248996	2.880859375	2.4365234375
15.249996	1.93359375	1.669921875
15.250996	1.4306640625	1.5869140625
15.251996	1.85546875	2.255859375
15.252996	2.7978515625	3.06640625
15.253996	3.37890625	3.251953125
15.254996	3.0615234375	2.6416015625
15.255996	2.1435546875	1.806640625
15.256996	1.46484375	1.5283203125
15.257996	1.6943359375	2.060546875
15.258996	2.5927734375	2.919921875
15.259996	3.330078125	3.2958984375
15.260996	3.2177734375	2.8271484375
15.261996	2.3486328125	1.962890625
15.262996	1.5576171875	1.5234375
15.263996	1.5673828125	1.8994140625
15.264996	2.36328125	2.75390625
15.265996	3.22265625	3.28125
15.266996	3.3154296875	2.978515625
15.268	2.5634765625	2.1337890625
15.269	1.669921875	1.54296875
15.27	1.474609375	1.748046875
15.271	2.1630859375	2.5732421875
15.272	3.0908203125	3.2373046875
15.273	3.3740234375	3.115234375
15.274	2.7685546875	2.314453125
15.275	1.8212890625	1.6162109375
15.276	1.4453125	1.6455078125
15.277	1.97265625	2.3828125
15.278	2.919921875	3.14453125
15.279	3.3935546875	3.2080078125
15.279996	2.9443359375	2.509765625
15.280996	1.9970703125	1.708984375
15.281996	1.4453125	1.5576171875
15.282996	1.806640625	2.2021484375
15.283996	2.7490234375	3.0419921875
15.284996	3.37890625	3.26171875
15.285996	3.0908203125	2.6806640625
15.286996	2.1826171875	1.8359375
15.287996	1.484375	1.5234375
15.288996	1.669921875	2.041015625
15.289996	2.55859375	2.9052734375
15.290996	3.3203125	3.3154296875
15.291996	3.212890625	2.8369140625
15.292996	2.36328125	1.9775390625
15.293996	1.5625	1.5185546875
15.294996	1.5625	1.89453125
15.295996	2.373046875	2.763671875
15.296996	3.22265625	3.28125
15.297996	3.310546875	2.978515625
15.298996	2.5537109375	2.12890625
15.299996	1.66015625	1.54296875
15.300996	1.494140625	1.7578125
15.301996	2.2021484375	2.59765625
15.302996	3.125	3.251953125
15.303996	3.3642578125	3.0859375
15.304996	2.724609375	2.28515625
15.305996	1.787109375	1.591796875
15.306996	1.4453125	1.6650390625
15.307996	2.03125	2.44140625
15.308996	2.9736328125	3.1787109375
15.310008	3.3935546875	3.1787109375
15.311	2.8759765625	2.4365234375
15.312	1.9189453125	1.6748046875
15.313	1.4453125	1.58203125
15.314	1.884765625	2.28515625
15.315	2.8369140625	3.095703125
15.316	3.3837890625	3.2373046875
15.317	3.02734375	2.59765625
15.318	2.080078125	1.767578125
15.319	1.4501953125	1.533203125
15.32	1.748046875	2.138671875
15.321	2.67578125	2.9931640625
15.321996	3.359375	3.28125
15.322996	3.1396484375	2.734375
15.323996	2.2412109375	1.875
15.324996	1.50390625	1.5185546875
15.325996	1.6357421875	2.001953125
15.326996	2.529296875	2.880859375
15.327996	3.30078125	3.2958984375
15.328996	3.2421875	2.861328125
15.329996	2.3876953125	1.9921875
15.330996	1.5673828125	1.5087890625
15.331996	1.5478515625	1.8896484375
15.332996	2.3681640625	2.75390625
15.333996	3.2275390625	3.28125
15.334996	3.3056640625	2.9736328125
15.335996	2.5390625	2.1240234375
15.336996	1.6455078125	1.533203125
15.337996	1.494140625	1.7822265625
15.338996	2.216796875	2.626953125
15.339996	3.1396484375	3.251953125
15.340996	3.349609375	3.0615234375
15.341996	2.685546875	2.24609375
15.342996	1.748046875	1.572265625
15.343996	1.455078125	1.6943359375
15.344996	2.0849609375	2.4951171875
15.345996	3.0322265625	3.2080078125
15.346996	3.3837890625	3.154296875
15.347996	2.8173828125	2.3779296875
15.348996	1.8505859375	1.6259765625
15.349996	1.4404296875	1.6259765625
15.350996	1.962890625	2.373046875
15.351996	2.91015625	3.1494140625
15.353	3.3935546875	3.1982421875
15.354	2.9150390625	2.4853515625
15.355	1.9677734375	1.6943359375
15.356	1.435546875	1.572265625
15.357	1.8505859375	2.24609375
15.358	2.7978515625	3.0712890625
15.359	3.37890625	3.2470703125
15.36	3.0322265625	2.6171875
15.361	2.0849609375	1.767578125
15.362	1.4501953125	1.5380859375
15.363	1.748046875	2.1337890625
15.364	2.685546875	2.9931640625
15.364996	3.3642578125	3.28125
15.365996	3.1298828125	2.71484375
15.366996	2.2021484375	1.8603515625
15.367996	1.4892578125	1.513671875
15.368996	1.6650390625	2.03125
15.369996	2.568359375	2.9052734375
15.370996	3.3251953125	3.2861328125
15.371996	3.1982421875	2.822265625
15.372996	2.3193359375	1.9384765625
15.373996	1.5283203125	1.5087890625
15.374996	1.591796875	1.93359375
15.375996	2.4462890625	2.8125
15.376996	3.2763671875	3.2958984375
15.377996	3.2568359375	2.9052734375
15.378996	2.44140625	2.0263671875
15.379996	1.591796875	1.5185546875
15.380996	1.54296875	1.85546875
15.381996	2.3388671875	2.724609375
15.382996	3.2177734375	3.28125
15.383996	3.3154296875	2.98828125
15.384996	2.5390625	2.12890625
15.385996	1.650390625	1.5234375
15.386996	1.50390625	1.7822265625
15.387996	2.2412109375	2.626953125
15.388996	3.154296875	3.2568359375
15.389996	3.349609375	3.046875
15.390996	2.6513671875	2.216796875
15.391996	1.71875	1.5625
15.392996	1.4697265625	1.71875
15.393996	2.1435546875	2.5439453125
15.394996	3.0859375	3.2275390625
15.396	3.369140625	3.1103515625
15.397	2.724609375	2.3046875
15.398	1.787109375	1.58203125
15.399	1.4501953125	1.6650390625
15.4	2.05078125	2.4560546875
15.401	3.017578125	3.2080078125
15.402	3.3837890625	3.1591796875
15.403	2.8125	2.3876953125
15.404	1.8603515625	1.630859375
15.405	1.4404296875	1.62109375
15.406	1.9677734375	2.3876953125
15.407	2.939453125	3.1640625
15.407996	3.3935546875	3.203125
15.408996	2.8955078125	2.4609375
15.409996	1.9287109375	1.6650390625
15.410996	1.435546875	1.591796875
15.411996	1.89453125	2.3046875
15.412996	2.8662109375	3.1201171875
15.413996	3.3935546875	3.22265625
15.414996	2.958984375	2.5390625
15.415996	2.001953125	1.708984375
15.416996	1.435546875	1.5673828125
15.417996	1.8359375	2.236328125
15.418996	2.802734375	3.0712890625
15.419996	3.388671875	3.251953125
15.420996	3.017578125	2.6025390625
15.421996	2.0703125	1.7578125
15.422996	1.4501953125	1.533203125
15.423996	1.7822265625	2.1728515625
15.424996	2.734375	3.0322265625
15.425996	3.37890625	3.2666015625
15.426996	3.076171875	2.666015625
15.427996	2.12890625	1.8017578125
15.428996	1.4697265625	1.533203125
15.429996	1.7333984375	2.1142578125
15.430996	2.67578125	2.98828125
15.431996	3.3544921875	3.28125
15.432996	3.1103515625	2.71484375
15.433996	2.197265625	1.845703125
15.434996	1.484375	1.5185546875
15.435996	1.6845703125	2.05078125
15.436996	2.6123046875	2.939453125
15.438008	3.349609375	3.2958984375
15.439	3.1640625	2.7685546875
15.44	2.24609375	1.884765625
15.441	1.494140625	1.50390625
15.442	1.6455078125	2.01171875
15.443	2.5537109375	2.900390625
15.444	3.3154296875	3.2958984375
15.445	3.1982421875	2.8173828125
15.446	2.3046875	1.93359375
15.447	1.5234375	1.513671875
15.448	1.62109375	1.9677734375
15.449	2.5048828125	2.8564453125
15.449996	3.30078125	3.30078125
15.450996	3.2177734375	2.8515625
15.451996	2.3486328125	1.9580078125
15.452996	1.54296875	1.5087890625
15.453996	1.6015625	1.93359375
15.454996	2.4658203125	2.83203125
15.455996	3.2861328125	3.2958984375
15.456996	3.2421875	2.8857421875
15.457996	2.392578125	2.001953125
15.458996	1.5478515625	1.50390625
15.459996	1.58203125	1.904296875
15.460996	2.431640625	2.79296875
15.461996	3.271484375	3.291015625
15.462996	3.26171875	2.919921875
15.463996	2.4267578125	2.03125
15.464996	1.5771484375	1.5185546875
15.465996	1.5478515625	1.8798828125
15.466996	2.392578125	2.763671875
15.467996	3.251953125	3.2958984375
15.468996	3.271484375	2.9296875
15.469996	2.4609375	2.060546875
15.470996	1.591796875	1.5087890625
15.471996	1.533203125	1.85546875
15.472996	2.36328125	2.7490234375
15.473996	3.2373046875	3.2861328125
15.474996	3.291015625	2.958984375
15.475996	2.4853515625	2.0751953125
15.476996	1.611328125	1.513671875
15.477996	1.5283203125	1.8359375
15.478996	2.34375	2.7294921875
15.479996	3.22265625	3.2861328125
15.481	3.2958984375	2.96875
15.482	2.5	2.0849609375
15.483	1.6162109375	1.5283203125
15.484	1.5234375	1.8310546875
15.485	2.32421875	2.7099609375
15.486	3.212890625	3.2861328125
15.487	3.30078125	2.9833984375
15.488	2.51953125	2.1044921875
15.489	1.6162109375	1.5283203125
15.49	1.5087890625	1.8115234375
15.491	2.314453125	2.705078125
15.492	3.212890625	3.2763671875
15.492996	3.3154296875	2.9931640625
15.493996	2.529296875	2.1142578125
15.494996	1.630859375	1.5234375
15.495996	1.513671875	1.806640625
15.496996	2.2998046875	2.6953125
15.497996	3.1982421875	3.28125
15.498996	3.30078125	2.998046875
15.499996	2.5341796875	2.119140625
15.500996	1.6259765625	1.5234375
15.501996	1.5087890625	1.806640625
15.502996	2.2998046875	2.6904296875
15.503996	3.203125	3.2763671875
15.504996	3.3154296875	2.998046875
15.505996	2.5341796875	2.1142578125
15.506996	1.6259765625	1.5283203125
15.507996	1.513671875	1.806640625
15.508996	2.3095703125	2.6904296875
15.509996	3.203125	3.2763671875
15.510996	3.310546875	2.9931640625
15.511996	2.5244140625	2.109375
15.512996	1.630859375	1.5283203125
15.513996	1.513671875	1.806640625
15.514996	2.3193359375	2.705078125
15.515996	3.203125	3.28125
15.516996	3.3056640625	2.978515625
15.517996	2.51953125	2.1044921875
15.518996	1.62109375	1.5087890625
15.519996	1.5234375	1.826171875
15.520996	2.3291015625	2.71484375
15.521996	3.212890625	3.291015625
15.522996	3.2958984375	2.9736328125
15.524	2.490234375	2.0751953125
15.525	1.611328125	1.5185546875
15.526	1.5380859375	1.8408203125
15.527	2.353515625	2.7294921875
15.528	3.22265625	3.2861328125
15.529	3.291015625	2.9638671875
15.53	2.470703125	2.0654296875
15.531	1.5966796875	1.5185546875
15.532	1.5478515625	1.8603515625
15.533	2.373046875	2.7490234375
15.534	3.251953125	3.291015625
15.535	3.2763671875	2.9443359375
15.535996	2.4365234375	2.041015625
15.536996	1.572265625	1.5087890625
15.537996	1.5576171875	1.8798828125
15.538996	2.4072265625	2.7880859375
15.539996	3.2568359375	3.2958984375
15.540996	3.26171875	2.9150390625
15.541996	2.412109375	2.0361328125
15.542996	1.5673828125	1.50390625
15.543996	1.5771484375	1.904296875
15.544996	2.4462890625	2.8125
15.545996	3.271484375	3.291015625
15.546996	3.2470703125	2.880859375
15.547996	2.3681640625	1.9775390625
15.548996	1.54296875	1.5087890625
15.549996	1.6015625	1.93359375
15.550996	2.490234375	2.8369140625
15.551996	3.291015625	3.2958984375
15.552996	3.2177734375	2.8466796875
15.553996	2.3291015625	1.943359375
15.554996	1.5283203125	1.50390625
15.555996	1.6259765625	1.9775390625
15.556996	2.5341796875	2.880859375
15.557996	3.3154296875	3.30078125
15.558996	3.193359375	2.8173828125
15.559996	2.275390625	1.904296875
15.560996	1.494140625	1.5087890625
15.561996	1.6552734375	2.01171875
15.562996	2.578125	2.91015625
15.563996	3.330078125	3.2861328125
15.564996	3.1591796875	2.7587890625
15.566008	2.216796875	1.865234375
15.567	1.4794921875	1.513671875
15.568	1.69921875	2.0556640625
15.569	2.6416015625	2.9541015625
15.57	3.349609375	3.2861328125
15.571	3.1201171875	2.71484375
15.572	2.16796875	1.81640625
15.573	1.4697265625	1.5234375
15.574	1.73828125	2.1142578125
15.575	2.705078125	3.0029296875
15.576	3.3740234375	3.2763671875
15.577	3.0712890625	2.666015625
15.577996	2.099609375	1.787109375
15.578996	1.455078125	1.533203125
15.579996	1.787109375	2.177734375
15.580996	2.7685546875	3.046875
15.581996	3.3837890625	3.2568359375
15.582996	3.017578125	2.607421875
15.583996	2.03125	1.73828125
15.584996	1.4501953125	1.552734375
15.585996	1.8359375	2.2314453125
15.586996	2.83203125	3.0908203125
15.587996	3.388671875	3.2421875
15.588996	2.9541015625	2.5390625
15.589996	1.9677734375	1.6845703125
15.590996	1.4404296875	1.572265625
15.591996	1.9140625	2.3095703125
15.592996	2.9052734375	3.1298828125
15.593996	3.3935546875	3.22265625
15.594996	2.8857421875	2.4609375
15.595996	1.8994140625	1.6455078125
15.596996	1.4453125	1.611328125
15.597996	1.982421875	2.3828125
15.598996	2.978515625	3.1787109375
15.599996	3.388671875	3.1787109375
15.600996	2.8125	2.3876953125
15.601996	1.8212890625	1.611328125
15.602996	1.4501953125	1.6552734375
15.603996	2.0654296875	2.4755859375
15.604996	3.046875	3.212890625
15.605996	3.37890625	3.125
15.606996	2.7197265625	2.2998046875
15.607996	1.7529296875	1.5771484375
15.609	1.4697265625	1.69921875
15.61	2.158203125	2.55859375
15.611	3.115234375	3.251953125
15.612	3.349609375	3.076171875
15.613	2.6318359375	2.20703125
15.614	1.6796875	1.5380859375
15.615	1.4892578125	1.7626953125
15.616	2.255859375	2.646484375
15.617	3.18359375	3.2763671875
15.618	3.3203125	3.0078125
15.619	2.529296875	2.1240234375
15.62	1.6162109375	1.5185546875
15.620996	1.5283203125	1.826171875
15.621996	2.36328125	2.7294921875
15.622996	3.2373046875	3.2958984375
15.623996	3.28125	2.9345703125
15.624996	2.421875	2.0263671875
15.625996	1.5576171875	1.494140625
15.626996	1.5771484375	1.904296875
15.627996	2.470703125	2.822265625
15.628996	3.2958984375	3.30078125
15.629996	3.212890625	2.8466796875
15.630996	2.3095703125	1.93359375
15.631996	1.513671875	1.4990234375
15.632996	1.6455078125	2.001953125
15.633996	2.5830078125	2.919921875
15.634996	3.33984375	3.291015625
15.635996	3.134765625	2.7490234375
15.636996	2.197265625	1.845703125
15.637996	1.4697265625	1.5185546875
15.638996	1.728515625	2.1044921875
15.639996	2.6953125	3.0078125
15.640996	3.3740234375	3.2763671875
15.641996	3.046875	2.6416015625
15.642996	2.0703125	1.7626953125
15.643996	1.4453125	1.5380859375
15.644996	1.826171875	2.2119140625
15.645996	2.822265625	3.0908203125
15.646996	3.388671875	3.2421875
15.647996	2.9541015625	2.529296875
15.648996	1.9580078125	1.6796875
15.649996	1.4306640625	1.58203125
15.650996	1.9384765625	2.333984375
15.652	2.9443359375	3.1689453125
15.653	3.3935546875	3.1884765625
15.654	2.83203125	2.412109375
15.655	1.8359375	1.611328125
15.656	1.435546875	1.640625
15.657	2.0556640625	2.4609375
15.658	3.037109375	3.212890625
15.659	3.3740234375	3.125
15.66	2.705078125	2.2802734375
15.661	1.728515625	1.552734375
15.662	1.474609375	1.71875
15.663	2.1826171875	2.587890625
15.663996	3.154296875	3.271484375
15.664996	3.330078125	3.037109375
15.665996	2.5732421875	2.158203125
15.666996	1.6455078125	1.5283203125
15.667996	1.5234375	1.8115234375
15.668996	2.34375	2.7197265625
15.669996	3.232421875	3.2958984375
15.670996	3.271484375	2.9443359375
15.671996	2.421875	2.021484375
15.672996	1.552734375	1.50390625
15.673996	1.5966796875	1.9189453125
15.674996	2.4951171875	2.8466796875
15.675996	3.310546875	3.3056640625
15.676996	3.18359375	2.8125
15.677996	2.2607421875	1.904296875
15.678996	1.4990234375	1.5087890625
15.679996	1.6845703125	2.05078125
15.680996	2.6513671875	2.9638671875
15.681996	3.3544921875	3.2861328125
15.682996	3.0810546875	2.6806640625
15.683996	2.099609375	1.787109375
15.684996	1.4501953125	1.5234375
15.685996	1.8115234375	2.1923828125
15.686996	2.802734375	3.0712890625
15.687996	3.388671875	3.2568359375
15.688996	2.958984375	2.5439453125
15.689996	1.9580078125	1.6796875
15.690996	1.4306640625	1.58203125
15.691996	1.943359375	2.34375
15.692996	2.9541015625	3.1640625
15.694008	3.388671875	3.18359375
15.695	2.7978515625	2.3779296875
15.696	1.806640625	1.5966796875
15.697	1.4501953125	1.6650390625
15.698	2.109375	2.5048828125
15.699	3.0908203125	3.2470703125
15.7	3.359375	3.0859375
15.701	2.6416015625	2.2216796875
15.702	1.6748046875	1.5380859375
15.703	1.494140625	1.7529296875
15.704	2.2802734375	2.6611328125
15.705	3.2080078125	3.2861328125
15.705996	3.30078125	2.9736328125
15.706996	2.4609375	2.0556640625
15.707996	1.5771484375	1.513671875
15.708996	1.5771484375	1.8994140625
15.709996	2.4658203125	2.822265625
15.710996	3.30078125	3.30078125
15.711996	3.2080078125	2.83203125
15.712996	2.2802734375	1.9140625
15.713996	1.494140625	1.5087890625
15.714996	1.6845703125	2.0361328125
15.715996	2.65625	2.96875
15.716996	3.369140625	3.291015625
15.717996	3.0712890625	2.67578125
15.718996	2.08984375	1.7724609375
15.719996	1.4453125	1.5380859375
15.720996	1.826171875	2.2119140625
15.721996	2.841796875	3.1005859375
15.722996	3.3984375	3.2421875
15.723996	2.9150390625	2.4951171875
15.724996	1.9091796875	1.6552734375
15.725996	1.4306640625	1.611328125
15.726996	2.001953125	2.40234375
15.727996	3.0029296875	3.1884765625
15.728996	3.3837890625	3.1494140625
15.729996	2.734375	2.314453125
15.730996	1.7431640625	1.5625
15.731996	1.474609375	1.708984375
15.732996	2.197265625	2.578125
15.733996	3.154296875	3.271484375
15.734996	3.3349609375	3.02734375
15.735996	2.5341796875	2.1240234375
15.737	1.611328125	1.513671875
15.738	1.5478515625	1.8505859375
15.739	2.3974609375	2.7783203125
15.74	3.271484375	3.3056640625
15.741	3.2373046875	2.880859375
15.742	2.3193359375	1.9384765625
15.743	1.5087890625	1.4990234375
15.744	1.66015625	2.01171875
15.745	2.6171875	2.939453125
15.746	3.359375	3.291015625
15.747	3.1005859375	2.705078125
15.748	2.099609375	1.7919921875
15.748996	1.455078125	1.5283203125
15.749996	1.81640625	2.20703125
15.750996	2.822265625	3.0859375
15.751996	3.3935546875	3.2421875
15.752996	2.919921875	2.4951171875
15.753996	1.9140625	1.650390625
15.754996	1.4404296875	1.611328125
15.755996	2.0166015625	2.412109375
15.756996	3.017578125	3.2080078125
15.757996	3.37890625	3.1494140625
15.758996	2.71484375	2.28515625
15.759996	1.7236328125	1.552734375
15.760996	1.4794921875	1.728515625
15.761996	2.2314453125	2.6220703125
15.762996	3.18359375	3.2763671875
15.763996	3.310546875	3.0029296875
15.764996	2.48046875	2.08984375
15.765996	1.5771484375	1.4990234375
15.766996	1.5771484375	1.8896484375
15.767996	2.470703125	2.822265625
15.768996	3.30078125	3.3056640625
15.769996	3.193359375	2.8271484375
15.770996	2.24609375	1.884765625
15.771996	1.4794921875	1.5087890625
15.772996	1.7138671875	2.0849609375
15.773996	2.705078125	3.0078125
15.774996	3.3837890625	3.2763671875
15.775996	3.0126953125	2.6123046875
15.776996	2.0166015625	1.7236328125
15.777996	1.4404296875	1.5625
15.778996	1.9091796875	2.3046875
15.78	2.939453125	3.154296875
15.781	3.3984375	3.193359375
15.782	2.8125	2.3876953125
15.783	1.8017578125	1.591796875
15.784	1.4599609375	1.6650390625
15.785	2.138671875	2.5341796875
15.786	3.125	3.251953125
15.787	3.3447265625	3.0615234375
15.788	2.568359375	2.1533203125
15.789	1.6259765625	1.513671875
15.79	1.54296875	1.8310546875
15.791	2.392578125	2.7685546875
15.791996	3.2763671875	3.3056640625
15.792996	3.22265625	2.8759765625
15.793996	2.3046875	1.93359375
15.794996	1.4990234375	1.50390625
15.795996	1.6748046875	2.0361328125
15.796996	2.65625	2.9736328125
15.797996	3.369140625	3.2861328125
15.798996	3.046875	2.6513671875
15.799996	2.041015625	1.7431640625
15.800996	1.4404296875	1.5478515625
15.801996	1.8798828125	2.2607421875
15.802996	2.900390625	3.1396484375
15.803996	3.3984375	3.212890625
15.804996	2.83203125	2.4072265625
15.805996	1.826171875	1.6064453125
15.806996	1.455078125	1.6552734375
15.807996	2.1240234375	2.529296875
15.808996	3.115234375	3.2568359375
15.809996	3.3447265625	3.0712890625
15.810996	2.5634765625	2.158203125
15.811996	1.62109375	1.5234375
15.812996	1.533203125	1.8212890625
15.813996	2.392578125	2.763671875
15.814996	3.271484375	3.310546875
15.815996	3.22265625	2.861328125
15.816996	2.2900390625	1.9189453125
15.817996	1.494140625	1.50390625
15.818996	1.69921875	2.05078125
15.819996	2.6806640625	2.9833984375
15.820996	3.37890625	3.28125
15.822008	3.017578125	2.6171875
15.823	2.0166015625	1.7138671875
15.824	1.435546875	1.5625
15.825	1.9140625	2.314453125
15.826	2.939453125	3.1640625
15.827	3.3837890625	3.18359375
15.828	2.783203125	2.3486328125
15.829	1.77734375	1.572265625
15.83	1.46484375	1.6943359375
15.831	2.1826171875	2.578125
15.832	3.1640625	3.271484375
15.833	3.3154296875	3.0224609375
15.833996	2.5	2.099609375
15.834996	1.58203125	1.4990234375
15.835996	1.5771484375	1.89453125
15.836996	2.4951171875	2.83203125
15.837996	3.310546875	3.30078125
15.838996	3.1689453125	2.79296875
15.839996	2.197265625	1.8505859375
15.840996	1.4599609375	1.5087890625
15.841996	1.7724609375	2.1435546875
15.842996	2.783203125	3.056640625
15.843996	3.3984375	3.251953125
15.844996	2.9443359375	2.529296875
15.845996	1.9189453125	1.66015625
15.846996	1.4306640625	1.6015625
15.847996	2.03125	2.4169921875
15.848996	3.046875	3.22265625
15.849996	3.359375	3.1201171875
15.850996	2.6611328125	2.2412109375
15.851996	1.6845703125	1.54296875
15.852996	1.4990234375	1.77734375
15.853996	2.3291015625	2.71484375
15.854996	3.251953125	3.291015625
15.855996	3.251953125	2.91015625
15.856996	2.34375	1.9677734375
15.857996	1.513671875	1.484375
15.858996	1.6650390625	2.0166015625
15.859996	2.6513671875	2.9638671875
15.860996	3.3642578125	3.291015625
15.861996	3.0419921875	2.646484375
15.862996	2.03125	1.7333984375
15.863996	1.4404296875	1.5576171875
15.865	1.9287109375	2.314453125
15.866	2.94921875	3.1591796875
15.867	3.388671875	3.1884765625
15.868	2.7685546875	2.34375
15.869	1.7578125	1.5771484375
15.87	1.474609375	1.69921875
15.871	2.2216796875	2.6123046875
15.872	3.18359375	3.2861328125
15.873	3.30078125	2.98828125
15.874	2.44140625	2.05078125
15.875	1.552734375	1.50390625
15.876	1.6064453125	1.943359375
15.876996	2.548828125	2.890625
15.877996	3.349609375	3.30078125
15.878996	3.1103515625	2.724609375
15.879996	2.1142578125	1.7919921875
15.880996	1.4453125	1.552734375
15.881996	1.8505859375	2.2216796875
15.882996	2.8759765625	3.1201171875
15.883996	3.3984375	3.22265625
15.884996	2.83203125	2.412109375
15.885996	1.81640625	1.5966796875
15.886996	1.4501953125	1.66015625
15.887996	2.1533203125	2.5439453125
15.888996	3.134765625	3.2666015625
15.889996	3.3203125	3.0322265625
15.890996	2.5048828125	2.1044921875
15.891996	1.58203125	1.50390625
15.892996	1.58203125	1.89453125
15.893996	2.509765625	2.8466796875
15.894996	3.3203125	3.30078125
15.895996	3.1396484375	2.7685546875
15.896996	2.158203125	1.8212890625
15.897996	1.455078125	1.5234375
15.898996	1.8115234375	2.1875
15.899996	2.8369140625	3.1005859375
15.900996	3.3984375	3.2275390625
15.901996	2.8662109375	2.451171875
15.902996	1.8359375	1.6064453125
15.903996	1.4501953125	1.650390625
15.904996	2.138671875	2.5244140625
15.905996	3.125	3.251953125
15.906996	3.330078125	3.046875
15.908	2.509765625	2.1142578125
15.909	1.5869140625	1.50390625
15.91	1.572265625	1.884765625
15.911	2.490234375	2.8466796875
15.912	3.3203125	3.3056640625
15.913	3.14453125	2.7734375
15.914	2.1533203125	1.81640625
15.915	1.4501953125	1.5234375
15.916	1.8212890625	2.1875
15.917	2.8515625	3.1005859375
15.918	3.388671875	3.22265625
15.919	2.8466796875	2.44140625
15.919996	1.8212890625	1.611328125
15.920996	1.4501953125	1.66015625
15.921996	2.1533203125	2.5439453125
15.922996	3.1494140625	3.2666015625
15.923996	3.3251953125	3.0322265625
15.924996	2.5	2.0947265625
15.925996	1.5771484375	1.494140625
15.926996	1.5869140625	1.904296875
15.927996	2.5341796875	2.87109375
15.928996	3.3349609375	3.3056640625
15.929996	3.1103515625	2.734375
15.930996	2.119140625	1.796875
15.931996	1.4404296875	1.533203125
15.932996	1.845703125	2.2412109375
15.933996	2.890625	3.1298828125
15.934996	3.3935546875	3.2080078125
15.935996	2.802734375	2.3779296875
15.936996	1.7822265625	1.5771484375
15.937996	1.4697265625	1.6845703125
15.938996	2.20703125	2.59765625
15.939996	3.1884765625	3.291015625
15.940996	3.30078125	2.9833984375
15.941996	2.4169921875	2.03125
15.942996	1.54296875	1.494140625
15.943996	1.640625	1.9677734375
15.944996	2.607421875	2.9345703125
15.945996	3.359375	3.30078125
15.946996	3.06640625	2.666015625
15.947996	2.0361328125	1.7333984375
15.948996	1.4404296875	1.5478515625
15.950008	1.9384765625	2.3193359375
15.951	2.9833984375	3.173828125
15.952	3.3837890625	3.1689453125
15.953	2.71484375	2.2998046875
15.954	1.7041015625	1.5478515625
15.955	1.494140625	1.7578125
15.956	2.314453125	2.705078125
15.957	3.2421875	3.30078125
15.958	3.2421875	2.91015625
15.959	2.3095703125	1.93359375
15.96	1.494140625	1.50390625
15.961	1.708984375	2.0654296875
15.961996	2.7197265625	3.0126953125
15.962996	3.388671875	3.271484375
15.963996	2.958984375	2.548828125
15.964996	1.9189453125	1.6552734375
15.965996	1.435546875	1.6064453125
15.966996	2.0556640625	2.451171875
15.967996	3.076171875	3.232421875
15.968996	3.3544921875	3.0859375
15.969996	2.5830078125	2.1630859375
15.970996	1.62109375	1.50390625
15.971996	1.5478515625	1.845703125
15.972996	2.470703125	2.8173828125
15.973996	3.3154296875	3.3056640625
15.974996	3.1494140625	2.7783203125
15.975996	2.1533203125	1.8212890625
15.976996	1.4501953125	1.513671875
15.977996	1.826171875	2.20703125
15.978996	2.8662109375	3.1201171875
15.979996	3.3984375	3.22265625
15.980996	2.8125	2.40234375
15.981996	1.7822265625	1.58203125
15.982996	1.4697265625	1.6943359375
15.983996	2.216796875	2.607421875
15.984996	3.193359375	3.2861328125
15.985996	3.2861328125	2.96875
15.986996	2.3974609375	2.0166015625
15.987996	1.533203125	1.4990234375
15.988996	1.6650390625	2.001953125
15.989996	2.6513671875	2.96875
15.990996	3.369140625	3.28125
15.991996	3.0126953125	2.6123046875
15.993	1.97265625	1.689453125
15.994	1.435546875	1.5869140625
15.995	2.0068359375	2.3974609375
15.996	3.0419921875	3.2177734375
15.997	3.369140625	3.1103515625
15.998	2.6171875	2.20703125
15.999	1.6357421875	1.5185546875
16.0	1.5380859375	1.8359375
16.001	2.4462890625	2.7880859375
16.002	3.310546875	3.3056640625
16.003	3.1640625	2.7880859375
16.004	2.16796875	1.826171875
16.004996	1.4599609375	1.5234375
16.005996	1.8310546875	2.20703125
16.006996	2.87109375	3.115234375
16.007996	3.3935546875	3.2177734375
16.008996	2.802734375	2.3974609375
16.009996	1.7822265625	1.58203125
16.010996	1.46484375	1.7041015625
16.011996	2.24609375	2.626953125
16.012996	3.2080078125	3.291015625
16.013996	3.271484375	2.9541015625
16.014996	2.3583984375	1.982421875
16.015996	1.5087890625	1.4990234375
16.016996	1.6796875	2.0361328125
16.017996	2.7001953125	2.998046875
16.018996	3.369140625	3.2763671875
16.019996	2.9638671875	2.5634765625
16.020996	1.923828125	1.66015625
16.021996	1.4306640625	1.6015625
16.022996	2.0654296875	2.4560546875
16.023996	3.1005859375	3.2421875
16.024996	3.3447265625	3.06640625
16.025996	2.529296875	2.12890625
16.026996	1.5869140625	1.5087890625
16.027996	1.5771484375	1.89453125
16.028996	2.529296875	2.8759765625
16.029996	3.349609375	3.30078125
16.030996	3.0908203125	2.71484375
16.031996	2.0703125	1.7578125
16.032996	1.4404296875	1.5478515625
16.033996	1.923828125	2.2998046875
16.034996	2.96875	3.173828125
16.036	3.37890625	3.14453125
16.037	2.6904296875	2.275390625
16.038	1.6796875	1.5380859375
16.039	1.5185546875	1.7822265625
16.04	2.373046875	2.7490234375
16.041	3.28125	3.3154296875
16.042	3.1982421875	2.83203125
16.043	2.20703125	1.865234375
16.044	1.4599609375	1.5185546875
16.045	1.806640625	2.1728515625
16.046	2.8564453125	3.10546875
16.047	3.3984375	3.2275390625
16.047996	2.822265625	2.4072265625
16.048996	1.7822265625	1.5771484375
16.049996	1.474609375	1.69921875
16.050996	2.2412109375	2.6318359375
16.051996	3.212890625	3.2861328125
16.052996	3.26171875	2.9296875
16.053996	2.34375	1.962890625
16.054996	1.4990234375	1.494140625
16.055996	1.71875	2.0654296875
16.056996	2.734375	3.0322265625
16.057996	3.3935546875	3.2666015625
16.058996	2.9296875	2.51953125
16.059996	1.875	1.6259765625
16.060996	1.435546875	1.6357421875
16.061996	2.138671875	2.51953125
16.062996	3.154296875	3.26171875
16.063996	3.3056640625	3.017578125
16.064996	2.451171875	2.060546875
16.065996	1.5380859375	1.4892578125
16.066996	1.6357421875	1.982421875
16.067996	2.63671875	2.94921875
16.068996	3.3740234375	3.2861328125
16.069996	2.998046875	2.607421875
16.070996	1.962890625	1.6845703125
16.071996	1.4404296875	1.591796875
16.072996	2.041015625	2.4365234375
16.073996	3.0859375	3.2373046875
16.074996	3.349609375	3.0810546875
16.075996	2.548828125	2.1435546875
16.076996	1.58203125	1.50390625
16.078008	1.6015625	1.9091796875
16.079	2.55859375	2.8955078125
16.08	3.349609375	3.3154296875
16.081	3.06640625	2.685546875
16.082	2.0361328125	1.7431640625
16.083	1.4306640625	1.5576171875
16.084	1.9775390625	2.3681640625
16.085	3.0224609375	3.2080078125
16.086	3.369140625	3.1201171875
16.087	2.6171875	2.20703125
16.088	1.630859375	1.5234375
16.089	1.5625	1.845703125
16.089996	2.48046875	2.8271484375
16.090996	3.3349609375	3.3056640625
16.091996	3.1201171875	2.744140625
16.092996	2.0947265625	1.77734375
16.093996	1.4453125	1.5478515625
16.094996	1.9189453125	2.2998046875
16.095996	2.9736328125	3.1787109375
16.096996	3.37890625	3.154296875
16.097996	2.6708984375	2.255859375
16.098996	1.6552734375	1.5234375
16.099996	1.5234375	1.8115234375
16.100996	2.4365234375	2.7880859375
16.101996	3.3056640625	3.3154296875
16.102996	3.154296875	2.8076171875
16.103996	2.138671875	1.806640625
16.104996	1.4501953125	1.5234375
16.105996	1.884765625	2.2607421875
16.106996	2.939453125	3.154296875
16.107996	3.3837890625	3.1787109375
16.108996	2.7099609375	2.2900390625
16.109996	1.6845703125	1.5380859375
16.110996	1.513671875	1.787109375
16.111996	2.3974609375	2.7587890625
16.112996	3.30078125	3.3154296875
16.113996	3.173828125	2.8076171875
16.114996	2.16796875	1.826171875
16.115996	1.455078125	1.513671875
16.116996	1.8603515625	2.2314453125
16.117996	2.919921875	3.154296875
16.118996	3.3935546875	3.1787109375
16.119996	2.7197265625	2.3095703125
16.121	1.6943359375	1.54296875
16.122	1.513671875	1.77734375
16.123	2.3779296875	2.75390625
16.124	3.2958984375	3.310546875
16.125	3.1787109375	2.8173828125
16.126	2.1728515625	1.8408203125
16.127	1.455078125	1.5234375
16.128	1.845703125	2.2314453125
16.129	2.91015625	3.1494140625
16.13	3.3935546875	3.193359375
16.131	2.724609375	2.314453125
16.132	1.7041015625	1.54296875
16.132996	1.5185546875	1.7724609375
16.133996	2.3779296875	2.7490234375
16.134996	3.2958984375	3.3154296875
16.135996	3.1787109375	2.8076171875
16.136996	2.1630859375	1.8359375
16.137996	1.4453125	1.5234375
16.138996	1.865234375	2.2314453125
16.139996	2.919921875	3.154296875
16.140996	3.388671875	3.1884765625
16.141996	2.7099609375	2.2998046875
16.142996	1.689453125	1.5234375
16.143996	1.5185546875	1.7919921875
16.144996	2.3974609375	2.763671875
16.145996	3.30078125	3.3056640625
16.146996	3.1591796875	2.7978515625
16.147996	2.138671875	1.8212890625
16.148996	1.4453125	1.533203125
16.149996	1.8798828125	2.2705078125
16.150996	2.9541015625	3.1640625
16.151996	3.37890625	3.1689453125
16.152996	2.6806640625	2.2705078125
16.153996	1.66015625	1.5234375
16.154996	1.5283203125	1.81640625
16.155996	2.44140625	2.802734375
16.156996	3.3154296875	3.310546875
16.157996	3.134765625	2.75390625
16.158996	2.1044921875	1.7822265625
16.159996	1.4404296875	1.5380859375
16.160996	1.9287109375	2.3046875
16.161996	2.9931640625	3.1982421875
16.162996	3.369140625	3.134765625
16.164	2.6171875	2.2119140625
16.165	1.6357421875	1.513671875
16.166	1.552734375	1.845703125
16.167	2.4951171875	2.841796875
16.168	3.3349609375	3.3056640625
16.169	3.0908203125	2.7099609375
16.17	2.0361328125	1.73828125
16.171	1.4453125	1.5625
16.172	1.9873046875	2.373046875
16.173	3.046875	3.212890625
16.174	3.3642578125	3.1103515625
16.175	2.55859375	2.158203125
16.175996	1.5966796875	1.4990234375
16.176996	1.6015625	1.8994140625
16.177996	2.5732421875	2.9052734375
16.178996	3.369140625	3.3056640625
16.179996	3.0322265625	2.63671875
16.180996	1.97265625	1.6943359375
16.181996	1.4306640625	1.58203125
16.182996	2.060546875	2.4462890625
16.183996	3.1103515625	3.251953125
16.184996	3.330078125	3.0419921875
16.185996	2.4658203125	2.080078125
16.186996	1.5380859375	1.484375
16.187996	1.640625	1.9775390625
16.188996	2.6708984375	2.96875
16.189996	3.3837890625	3.28125
16.190996	2.9541015625	2.5537109375
16.191996	1.884765625	1.6455078125
16.192996	1.4501953125	1.630859375
16.193996	2.158203125	2.5439453125
16.194996	3.1787109375	3.2861328125
16.195996	3.2861328125	2.9736328125
16.196996	2.3681640625	1.9921875
16.197996	1.5087890625	1.494140625
16.198996	1.71875	2.0654296875
16.199996	2.7734375	3.0517578125
16.200996	3.3984375	3.2568359375
16.201996	2.8564453125	2.451171875
16.202996	1.7919921875	1.5869140625
16.203996	1.474609375	1.6943359375
16.204996	2.2705078125	2.646484375
16.206008	3.251953125	3.3056640625
16.207	3.22265625	2.880859375
16.208	2.2412109375	1.884765625
16.209	1.46484375	1.5087890625
16.21	1.8212890625	2.1875
16.211	2.880859375	3.1298828125
16.212	3.3935546875	3.1982421875
16.213	2.7294921875	2.32421875
16.214	1.689453125	1.5478515625
16.215	1.513671875	1.787109375
16.216	2.4072265625	2.7783203125
16.217	3.310546875	3.3154296875
16.217996	3.14453125	2.7685546875
16.218996	2.109375	1.7822265625
16.219996	1.4404296875	1.54296875
16.220996	1.943359375	2.32421875
16.221996	3.0078125	3.1982421875
16.222996	3.369140625	3.1201171875
16.223996	2.587890625	2.1875
16.224996	1.6064453125	1.5087890625
16.225996	1.5869140625	1.8994140625
16.226996	2.5732421875	2.900390625
16.227996	3.3642578125	3.30078125
16.228996	3.0224609375	2.626953125
16.229996	1.9580078125	1.6796875
16.230996	1.4453125	1.5869140625
16.231996	2.0849609375	2.470703125
16.232996	3.1298828125	3.26171875
16.233996	3.3154296875	3.017578125
16.234996	2.4267578125	2.0361328125
16.235996	1.5283203125	1.4892578125
16.236996	1.689453125	2.0361328125
16.237996	2.7294921875	3.0224609375
16.238996	3.388671875	3.2666015625
16.239996	2.8759765625	2.470703125
16.240996	1.8115234375	1.6015625
16.241996	1.474609375	1.6845703125
16.242996	2.265625	2.646484375
16.243996	3.232421875	3.3056640625
16.244996	3.2275390625	2.8857421875
16.245996	2.2412109375	1.884765625
16.246996	1.455078125	1.513671875
16.247996	1.8310546875	2.20703125
16.249	2.919921875	3.154296875
16.25	3.388671875	3.1787109375
16.251	2.6953125	2.28515625
16.252	1.6650390625	1.5234375
16.253	1.5380859375	1.8212890625
16.254	2.470703125	2.8125
16.255	3.3349609375	3.3154296875
16.256	3.095703125	2.7197265625
16.257	2.041015625	1.73828125
16.258	1.435546875	1.5625
16.259	2.0166015625	2.3974609375
16.26	3.0712890625	3.2421875
16.260996	3.3447265625	3.06640625
16.261996	2.490234375	2.0947265625
16.262996	1.552734375	1.4794921875
16.263996	1.6552734375	1.9873046875
16.264996	2.685546875	2.978515625
16.265996	3.388671875	3.2763671875
16.266996	2.919921875	2.5146484375
16.267996	1.845703125	1.611328125
16.268996	1.4599609375	1.6650390625
16.269996	2.2265625	2.607421875
16.270996	3.2421875	3.30078125
16.271996	3.2470703125	2.9052734375
16.272996	2.265625	1.9091796875
16.273996	1.46484375	1.4990234375
16.274996	1.8212890625	2.1923828125
16.275996	2.8955078125	3.1396484375
16.276996	3.388671875	3.1982421875
16.277996	2.705078125	2.294921875
16.278996	1.669921875	1.533203125
16.279996	1.54296875	1.8115234375
16.280996	2.48046875	2.8173828125
16.281996	3.33984375	3.3154296875
16.282996	3.0810546875	2.6904296875
16.283996	2.021484375	1.728515625
16.284996	1.435546875	1.572265625
16.285996	2.03125	2.4267578125
16.286996	3.095703125	3.251953125
16.287996	3.330078125	3.046875
16.288996	2.4462890625	2.060546875
16.289996	1.5234375	1.484375
16.290996	1.6845703125	2.0263671875
16.292	2.734375	3.0224609375
16.293	3.388671875	3.2666015625
16.294	2.8662109375	2.4658203125
16.295	1.796875	1.58203125
16.296	1.4697265625	1.69921875
16.297	2.294921875	2.6708984375
16.298	3.2666015625	3.310546875
16.299	3.193359375	2.8466796875
16.3	2.1728515625	1.8359375
16.301	1.4453125	1.5185546875
16.302	1.89453125	2.275390625
16.303	2.978515625	3.1884765625
16.303996	3.37890625	3.14453125
16.304996	2.6025390625	2.1923828125
16.305996	1.5966796875	1.50390625
16.306996	1.591796875	1.904296875
16.307996	2.587890625	2.919921875
16.308996	3.3642578125	3.2958984375
16.309996	2.9833984375	2.587890625
16.310996	1.8994140625	1.650390625
16.311996	1.4501953125	1.6259765625
16.312996	2.1630859375	2.5439453125
16.313996	3.193359375	3.291015625
16.314996	3.26171875	2.9443359375
16.315996	2.3046875	1.93359375
16.316996	1.4794921875	1.494140625
16.317996	1.796875	2.1533203125
16.318996	2.880859375	3.1201171875
16.319996	3.3935546875	3.2080078125
16.320996	2.71484375	2.3095703125
16.321996	1.6748046875	1.5283203125
16.322996	1.54296875	1.8212890625
16.323996	2.4853515625	2.83203125
16.324996	3.33984375	3.3154296875
16.325996	3.0712890625	2.6806640625
16.326996	1.9921875	1.7138671875
16.327996	1.435546875	1.5771484375
16.328996	2.0703125	2.4609375
16.329996	3.1298828125	3.2666015625
16.330996	3.3056640625	3.0126953125
16.331996	2.3876953125	2.0166015625
16.332996	1.50390625	1.4794921875
16.334008	1.7431640625	2.0849609375
16.335	2.8125	3.0810546875
16.336	3.3984375	3.2373046875
16.337	2.7880859375	2.373046875
16.338	1.71875	1.54296875
16.339	1.4990234375	1.767578125
16.34	2.412109375	2.7734375
16.341	3.3203125	3.310546875
16.342	3.115234375	2.744140625
16.343	2.0556640625	1.748046875
16.344	1.4404296875	1.552734375
16.345	2.0263671875	2.3974609375
16.345996	3.0859375	3.251953125
16.346996	3.330078125	3.046875
16.347996	2.4365234375	2.0556640625
16.348996	1.5185546875	1.4892578125
16.349996	1.69921875	2.0458984375
16.350996	2.763671875	3.0419921875
16.351996	3.388671875	3.2470703125
16.352996	2.8173828125	2.40234375
16.353996	1.748046875	1.5673828125
16.354996	1.4990234375	1.7431640625
16.355996	2.373046875	2.7392578125
16.356996	3.30078125	3.3203125
16.357996	3.1298828125	2.7685546875
16.358996	2.0751953125	1.767578125
16.359996	1.435546875	1.552734375
16.360996	2.001953125	2.3876953125
16.361996	3.076171875	3.2421875
16.362996	3.3349609375	3.056640625
16.363996	2.4560546875	2.0654296875
16.364996	1.5234375	1.484375
16.365996	1.6943359375	2.041015625
16.366996	2.763671875	3.0419921875
16.367996	3.3935546875	3.251953125
16.368996	2.822265625	2.412109375
16.369996	1.7431640625	1.5576171875
16.370996	1.494140625	1.7431640625
16.371996	2.3876953125	2.744140625
16.372996	3.3056640625	3.310546875
16.373996	3.125	2.7587890625
16.374996	2.0654296875	1.7578125
16.375996	1.435546875	1.552734375
16.377	2.03125	2.412109375
16.378	3.1005859375	3.251953125
16.379	3.3251953125	3.046875
16.38	2.431640625	2.0361328125
16.381	1.5087890625	1.4892578125
16.382	1.7138671875	2.0556640625
16.383	2.7880859375	3.0712890625
16.384	3.3935546875	3.2421875
16.385	2.783203125	2.373046875
16.386	1.7138671875	1.5478515625
16.387	1.513671875	1.767578125
16.388	2.4267578125	2.7880859375
16.388996	3.3251953125	3.3203125
16.389996	3.095703125	2.71484375
16.390996	2.0166015625	1.7236328125
16.391996	1.4404296875	1.572265625
16.392996	2.080078125	2.451171875
16.393996	3.134765625	3.26171875
16.394996	3.291015625	2.998046875
16.395996	2.36328125	1.9921875
16.396996	1.494140625	1.494140625
16.397996	1.767578125	2.12890625
16.398996	2.8564453125	3.10546875
16.399996	3.3935546875	3.2177734375
16.400996	2.71484375	2.2998046875
16.401996	1.6650390625	1.5185546875
16.402996	1.54296875	1.826171875
16.403996	2.509765625	2.861328125
16.404996	3.3544921875	3.310546875
16.405996	3.02734375	2.626953125
16.406996	1.93359375	1.6748046875
16.407996	1.455078125	1.62109375
16.408996	2.16796875	2.548828125
16.409996	3.1982421875	3.2958984375
16.410996	3.2568359375	2.9296875
16.411996	2.2607421875	1.8994140625
16.412996	1.4599609375	1.50390625
16.413996	1.845703125	2.2265625
16.414996	2.939453125	3.1689453125
16.415996	3.369140625	3.1591796875
16.416996	2.6123046875	2.2119140625
16.417996	1.591796875	1.4990234375
16.418996	1.6064453125	1.9189453125
16.42	2.646484375	2.9541015625
16.421	3.3740234375	3.2861328125
16.422	2.919921875	2.5244140625
16.423	1.826171875	1.5966796875
16.424	1.46484375	1.6845703125
16.425	2.294921875	2.666015625
16.426	3.2763671875	3.310546875
16.427	3.1787109375	2.8173828125
16.428	2.1240234375	1.796875
16.429	1.435546875	1.5283203125
16.43	1.9775390625	2.3583984375
16.431	3.056640625	3.232421875
16.431996	3.3349609375	3.0615234375
16.432996	2.4560546875	2.060546875
16.433996	1.5234375	1.4892578125
16.434996	1.708984375	2.05078125
16.435996	2.783203125	3.0517578125
16.436996	3.3935546875	3.2421875
16.437996	2.7685546875	2.3681640625
16.438996	1.7041015625	1.5380859375
16.439996	1.5283203125	1.796875
16.440996	2.4755859375	2.8125
16.441996	3.3447265625	3.3154296875
16.442996	3.056640625	2.67578125
16.443996	1.9580078125	1.6845703125
16.444996	1.4501953125	1.5966796875
16.445996	2.1533203125	2.529296875
16.446996	3.193359375	3.28125
16.447996	3.26171875	2.939453125
16.448996	2.255859375	1.904296875
16.449996	1.46484375	1.50390625
16.450996	1.85546875	2.2265625
16.451996	2.9638671875	3.173828125
16.452996	3.369140625	3.154296875
16.453996	2.5830078125	2.1875
16.454996	1.58203125	1.4990234375
16.455996	1.6259765625	1.9482421875
16.456996	2.6806640625	2.978515625
16.457996	3.3837890625	3.28125
16.458996	2.8662109375	2.470703125
16.459996	1.77734375	1.58203125
16.460996	1.484375	1.71875
16.462008	2.3779296875	2.744140625
16.463	3.3056640625	3.3203125
16.464	3.115234375	2.7587890625
16.465	2.0458984375	1.7431640625
16.466	1.435546875	1.5673828125
16.467	2.060546875	2.44140625
16.468	3.1396484375	3.2666015625
16.469	3.291015625	2.9931640625
16.47	2.333984375	1.97265625
16.471	1.4794921875	1.494140625
16.472	1.8017578125	2.158203125
16.473	2.900390625	3.1298828125
16.473996	3.3837890625	3.18359375
16.474996	2.6416015625	2.236328125
16.475996	1.6162109375	1.50390625
16.476996	1.5966796875	1.9091796875
16.477996	2.6220703125	2.9443359375
16.478996	3.37890625	3.291015625
16.479996	2.91015625	2.5146484375
16.480996	1.8212890625	1.5966796875
16.481996	1.4794921875	1.6943359375
16.482996	2.3291015625	2.7001953125
16.483996	3.2958984375	3.3203125
16.484996	3.1494140625	2.7880859375
16.485996	2.0703125	1.7626953125
16.486996	1.4306640625	1.552734375
16.487996	2.05078125	2.421875
16.488996	3.125	3.271484375
16.489996	3.30078125	3.0126953125
16.490996	2.3486328125	1.982421875
16.491996	1.4794921875	1.494140625
16.492996	1.8017578125	2.1533203125
16.493996	2.9052734375	3.1396484375
16.494996	3.3837890625	3.1884765625
16.495996	2.63671875	2.2314453125
16.496996	1.6064453125	1.4990234375
16.497996	1.6015625	1.9091796875
16.498996	2.63671875	2.94921875
16.499996	3.37890625	3.2861328125
16.500996	2.890625	2.4951171875
16.501996	1.8017578125	1.58203125
16.502996	1.474609375	1.7138671875
16.503996	2.3583984375	2.724609375
16.505	3.310546875	3.3251953125
16.506	3.115234375	2.7490234375
16.507	2.0361328125	1.7431640625
16.508	1.435546875	1.5673828125
16.509	2.08984375	2.470703125
16.51	3.1591796875	3.2861328125
16.511	3.28125	2.96875
16.512	2.294921875	1.9287109375
16.513	1.4697265625	1.4990234375
16.514	1.8408203125	2.2119140625
16.515	2.9541015625	3.1689453125
16.516	3.3740234375	3.1396484375
16.516996	2.5634765625	2.16796875
16.517996	1.5673828125	1.4892578125
16.518996	1.650390625	1.9775390625
16.519996	2.7197265625	3.0126953125
16.520996	3.388671875	3.2568359375
16.521996	2.8173828125	2.412109375
16.522996	1.7333984375	1.54296875
16.523996	1.513671875	1.77734375
16.524996	2.4560546875	2.802734375
16.525996	3.33984375	3.3154296875
16.526996	3.0322265625	2.65625
16.527996	1.943359375	1.669921875
16.528996	1.4453125	1.6162109375
16.529996	2.1923828125	2.568359375
16.530996	3.232421875	3.30078125
16.531996	3.2177734375	2.87109375
16.532996	2.1728515625	1.845703125
16.533996	1.4404296875	1.5185546875
16.534996	1.9580078125	2.3291015625
16.535996	3.0615234375	3.2275390625
16.536996	3.330078125	3.06640625
16.537996	2.4267578125	2.041015625
16.538996	1.50390625	1.484375
16.539996	1.748046875	2.08984375
16.540996	2.8466796875	3.1005859375
16.541996	3.388671875	3.2080078125
16.542996	2.67578125	2.2705078125
16.543996	1.6259765625	1.50390625
16.544996	1.5869140625	1.884765625
16.545996	2.6171875	2.9345703125
16.546996	3.388671875	3.291015625
16.548	2.8955078125	2.4951171875
16.549	1.8017578125	1.5869140625
16.55	1.4892578125	1.7236328125
16.551	2.373046875	2.734375
16.552	3.3154296875	3.3154296875
16.553	3.10546875	2.734375
16.554	2.0068359375	1.71875
16.555	1.4404296875	1.58203125
16.556	2.1337890625	2.509765625
16.557	3.1982421875	3.2958984375
16.558	3.2470703125	2.9248046875
16.559	2.2314453125	1.8798828125
16.559996	1.4501953125	1.50390625
16.560996	1.9189453125	2.2900390625
16.561996	3.0322265625	3.212890625
16.562996	3.3544921875	3.0908203125
16.563996	2.4609375	2.0751953125
16.564996	1.513671875	1.474609375
16.565996	1.7333984375	2.0654296875
16.566996	2.8271484375	3.0908203125
16.567996	3.3935546875	3.212890625
16.568996	2.6953125	2.28515625
16.569996	1.630859375	1.513671875
16.570996	1.5771484375	1.8798828125
16.571996	2.6123046875	2.9345703125
16.572996	3.3837890625	3.2861328125
16.573996	2.9052734375	2.5048828125
16.574996	1.796875	1.5869140625
16.575996	1.484375	1.7236328125
16.576996	2.3828125	2.7490234375
16.577996	3.3251953125	3.3251953125
16.578996	3.076171875	2.7001953125
16.579996	1.9677734375	1.6943359375
16.580996	1.4501953125	1.5966796875
16.581996	2.1630859375	2.5390625
16.582996	3.212890625	3.3056640625
16.583996	3.2177734375	2.8955078125
16.584996	2.1875	1.8408203125
16.585996	1.4453125	1.5234375
16.586996	1.97265625	2.3388671875
16.587996	3.076171875	3.232421875
16.588996	3.3251953125	3.056640625
16.590008	2.3876953125	2.01171875
16.591	1.484375	1.484375
16.592	1.7822265625	2.138671875
16.593	2.900390625	3.1396484375
16.594	3.37890625	3.1787109375
16.595	2.607421875	2.20703125
16.596	1.58203125	1.494140625
16.597	1.6357421875	1.953125
16.598	2.7099609375	3.0078125
16.599	3.3984375	3.2666015625
16.6	2.8076171875	2.392578125
16.601	1.708984375	1.54296875
16.601996	1.533203125	1.796875
16.602996	2.509765625	2.841796875
16.603996	3.359375	3.310546875
16.604996	2.98828125	2.59765625
16.605996	1.8701171875	1.6162109375
16.606996	1.46484375	1.6748046875
16.607996	2.2998046875	2.666015625
16.608996	3.291015625	3.3251953125
16.609996	3.1396484375	2.7783203125
16.610996	2.0458984375	1.7431640625
16.611996	1.4453125	1.572265625
16.612996	2.1044921875	2.490234375
16.613996	3.1787109375	3.28125
16.614996	3.251953125	2.9443359375
16.615996	2.236328125	1.884765625
16.616996	1.4501953125	1.513671875
16.617996	1.9287109375	2.3046875
16.618996	3.046875	3.2275390625
16.619996	3.33984375	3.076171875
16.620996	2.421875	2.041015625
16.621996	1.50390625	1.4892578125
16.622996	1.767578125	2.12890625
16.623996	2.8857421875	3.125
16.624996	3.3837890625	3.18359375
16.625996	2.6123046875	2.2021484375
16.626996	1.58203125	1.494140625
16.627996	1.6455078125	1.962890625
16.628996	2.724609375	3.0126953125
16.629996	3.388671875	3.26171875
16.630996	2.7880859375	2.3828125
16.631996	1.689453125	1.533203125
16.633	1.5478515625	1.8212890625
16.634	2.548828125	2.880859375
16.635	3.3740234375	3.3056640625
16.636	2.94921875	2.55859375
16.637	1.826171875	1.6064453125
16.638	1.474609375	1.6943359375
16.639	2.36328125	2.7294921875
16.64	3.310546875	3.3251953125
16.641	3.0908203125	2.7197265625
16.642	1.97265625	1.69921875
16.643	1.4404296875	1.5966796875
16.644	2.177734375	2.55859375
16.644996	3.232421875	3.310546875
16.645996	3.1982421875	2.861328125
16.646996	2.138671875	1.8017578125
16.647996	1.4306640625	1.5380859375
16.648996	2.03125	2.40234375
16.649996	3.125	3.2666015625
16.650996	3.291015625	2.998046875
16.651996	2.3095703125	1.9482421875
16.652996	1.46484375	1.4990234375
16.653996	1.875	2.24609375
16.654996	3.0029296875	3.203125
16.655996	3.3447265625	3.10546875
16.656996	2.470703125	2.0849609375
16.657996	1.5087890625	1.474609375
16.658996	1.7431640625	2.080078125
16.659996	2.87109375	3.115234375
16.660996	3.388671875	3.1982421875
16.661996	2.6318359375	2.2314453125
16.662996	1.591796875	1.4990234375
16.663996	1.640625	1.953125
16.664996	2.71484375	3.0078125
16.665996	3.3935546875	3.26171875
16.666996	2.783203125	2.3828125
16.667996	1.6748046875	1.5234375
16.668996	1.552734375	1.8310546875
16.669996	2.568359375	2.8955078125
16.670996	3.369140625	3.30078125
16.671996	2.919921875	2.5244140625
16.672996	1.7919921875	1.5869140625
16.673996	1.4892578125	1.7236328125
16.674996	2.412109375	2.7734375
16.676	3.3349609375	3.3203125
16.677	3.0419921875	2.666015625
16.678	1.9140625	1.6650390625
16.679	1.455078125	1.6357421875
16.68	2.2607421875	2.6318359375
16.681	3.2763671875	3.3203125
16.682	3.14453125	2.79296875
16.683	2.05078125	1.748046875
16.684	1.435546875	1.572265625
16.685	2.1142578125	2.490234375
16.686	3.1982421875	3.3056640625
16.687	3.2373046875	2.91015625
16.687996	2.1826171875	1.85546875
16.688996	1.4404296875	1.5283203125
16.689996	1.9921875	2.3583984375
16.690996	3.10546875	3.2568359375
16.691996	3.310546875	3.0126953125
16.692996	2.3193359375	1.953125
16.693996	1.46484375	1.484375
16.694996	1.8701171875	2.236328125
16.695996	3.0078125	3.1982421875
16.696996	3.3447265625	3.10546875
16.697996	2.4609375	2.080078125
16.698996	1.5087890625	1.474609375
16.699996	1.7724609375	2.1142578125
16.700996	2.890625	3.1298828125
16.701996	3.3837890625	3.1787109375
16.702996	2.5830078125	2.1875
16.703996	1.5673828125	1.4794921875
16.704996	1.669921875	1.9970703125
16.705996	2.7685546875	3.0517578125
16.706996	3.3935546875	3.2373046875
16.707996	2.7099609375	2.3095703125
16.708996	1.6259765625	1.50390625
16.709996	1.6015625	1.8896484375
16.710996	2.6513671875	2.9638671875
16.711996	3.3837890625	3.28125
16.712996	2.8271484375	2.431640625
16.713996	1.708984375	1.54296875
16.714996	1.5283203125	1.806640625
16.715996	2.5390625	2.87109375
16.716996	3.37890625	3.3056640625
16.718008	2.9296875	2.5341796875
16.719	1.8017578125	1.58203125
16.72	1.4892578125	1.7236328125
16.721	2.412109375	2.7734375
16.722	3.33984375	3.3203125
16.723	3.0322265625	2.6513671875
16.724	1.8994140625	1.640625
16.725	1.4599609375	1.66015625
16.726	2.2998046875	2.6708984375
16.727	3.2958984375	3.3203125
16.728	3.115234375	2.7490234375
16.729	1.9970703125	1.7138671875
16.729996	1.4404296875	1.591796875
16.730996	2.1875	2.5634765625
16.731996	3.2421875	3.310546875
16.732996	3.18359375	2.8369140625
16.733996	2.099609375	1.77734375
16.734996	1.435546875	1.5576171875
16.735996	2.0849609375	2.4560546875
16.736996	3.18359375	3.291015625
16.737996	3.251953125	2.919921875
16.738996	2.2021484375	1.865234375
16.739996	1.4501953125	1.513671875
16.740996	1.9970703125	2.3681640625
16.741996	3.1201171875	3.26171875
16.742996	3.30078125	3.0078125
16.743996	2.294921875	1.9384765625
16.744996	1.46484375	1.50390625
16.745996	1.9091796875	2.265625
16.746996	3.0419921875	3.2177734375
16.747996	3.3349609375	3.0712890625
16.748996	2.3876953125	2.021484375
16.749996	1.474609375	1.4794921875
16.750996	1.826171875	2.1875
16.751996	2.9541015625	3.1787109375
16.752996	3.3642578125	3.1396484375
16.753996	2.4853515625	2.109375
16.754996	1.5234375	1.484375
16.755996	1.7529296875	2.1044921875
16.756996	2.8857421875	3.134765625
16.757996	3.3837890625	3.173828125
16.758996	2.5830078125	2.1826171875
16.759996	1.552734375	1.4794921875
16.761	1.6943359375	2.0263671875
16.762	2.8173828125	3.0859375
16.763	3.3935546875	3.2177734375
16.764	2.666015625	2.2607421875
16.765	1.6015625	1.4990234375
16.766	1.6357421875	1.953125
16.767	2.724609375	3.0224609375
16.768	3.3935546875	3.251953125
16.769	2.744140625	2.333984375
16.77	1.6455078125	1.5185546875
16.771	1.591796875	1.884765625
16.772	2.6513671875	2.9541015625
16.772996	3.3935546875	3.271484375
16.773996	2.8125	2.421875
16.774996	1.6943359375	1.533203125
16.775996	1.552734375	1.8212890625
16.776996	2.607421875	2.9052734375
16.777996	3.37890625	3.30078125
16.778996	2.880859375	2.490234375
16.779996	1.748046875	1.5625
16.780996	1.5234375	1.7822265625
16.781996	2.4951171875	2.841796875
16.782996	3.369140625	3.3154296875
16.783996	2.9443359375	2.548828125
16.784996	1.8017578125	1.5869140625
16.785996	1.494140625	1.7236328125
16.786996	2.44140625	2.7783203125
16.787996	3.349609375	3.3203125
16.788996	2.9931640625	2.6171875
16.789996	1.8603515625	1.62109375
16.790996	1.474609375	1.6845703125
16.791996	2.3681640625	2.7294921875
16.792996	3.3349609375	3.3203125
16.793996	3.046875	2.666015625
16.794996	1.9091796875	1.6552734375
16.795996	1.4599609375	1.6455078125
16.796996	2.2998046875	2.6708984375
16.797996	3.3056640625	3.3251953125
16.798996	3.0859375	2.724609375
16.799996	1.9677734375	1.689453125
16.800996	1.4453125	1.6259765625
16.801996	2.24609375	2.6123046875
16.802996	3.2763671875	3.3251953125
16.804	3.125	2.7587890625
16.805	2.01171875	1.7236328125
16.806	1.4453125	1.5869140625
16.807	2.197265625	2.5634765625
16.808	3.251953125	3.3154296875
16.809	3.1640625	2.8173828125
16.81	2.0654296875	1.748046875
16.811	1.4453125	1.572265625
16.812	2.1484375	2.5146484375
16.813	3.232421875	3.310546875
16.814	3.193359375	2.861328125
16.815	2.099609375	1.7822265625
16.815996	1.4453125	1.552734375
16.816996	2.0947265625	2.4755859375
16.817996	3.193359375	3.291015625
16.818996	3.22265625	2.8955078125
16.819996	2.1435546875	1.81640625
16.820996	1.435546875	1.5380859375
16.821996	2.0654296875	2.4365234375
16.822996	3.1689453125	3.291015625
16.823996	3.2470703125	2.9345703125
16.824996	2.1826171875	1.845703125
16.825996	1.4404296875	1.5380859375
16.826996	2.0263671875	2.3974609375
16.827996	3.1494140625	3.28125
16.828996	3.26171875	2.958984375
16.829996	2.2314453125	1.8798828125
16.830996	1.4404296875	1.5185546875
16.831996	1.9921875	2.36328125
16.832996	3.1298828125	3.271484375
16.833996	3.2763671875	2.98828125
16.834996	2.255859375	1.904296875
16.835996	1.4501953125	1.50390625
16.836996	1.962890625	2.333984375
16.837996	3.095703125	3.2568359375
16.838996	3.2861328125	3.0078125
16.839996	2.28515625	1.923828125
16.840996	1.4453125	1.494140625
16.841996	1.943359375	2.3046875
16.842996	3.076171875	3.2470703125
16.843996	3.3056640625	3.02734375
16.844996	2.314453125	1.943359375
16.846008	1.455078125	1.50390625
16.847	1.923828125	2.2998046875
16.848	3.0615234375	3.2373046875
16.849	3.310546875	3.0419921875
16.85	2.3291015625	1.962890625
16.851	1.455078125	1.4892578125
16.852	1.9091796875	2.275390625
16.853	3.0517578125	3.2275390625
16.854	3.3251953125	3.076171875
16.855	2.353515625	1.9873046875
16.856	1.46484375	1.484375
16.857	1.884765625	2.2509765625
16.857996	3.0419921875	3.22265625
16.858996	3.330078125	3.0615234375
16.859996	2.36328125	1.9970703125
16.860996	1.46484375	1.4892578125
16.861996	1.875	2.2412109375
16.862996	3.0322265625	3.212890625
16.863996	3.330078125	3.06640625
16.864996	2.3779296875	2.01171875
16.865996	1.4697265625	1.484375
16.866996	1.8701171875	2.2314453125
16.867996	3.0224609375	3.2080078125
16.868996	3.330078125	3.0712890625
16.869996	2.3828125	2.001953125
16.870996	1.474609375	1.4892578125
16.871996	1.865234375	2.2265625
16.872996	3.0078125	3.2080078125
16.873996	3.3349609375	3.076171875
16.874996	2.392578125	2.01171875
16.875996	1.4697265625	1.4794921875
16.876996	1.865234375	2.2265625
16.877996	3.017578125	3.2080078125
16.878996	3.330078125	3.0810546875
16.879996	2.392578125	2.0166015625
16.880996	1.4697265625	1.4892578125
16.881996	1.85546875	2.216796875
16.882996	3.0224609375	3.2080078125
16.883996	3.33984375	3.0810546875
16.884996	2.3779296875	2.01171875
16.885996	1.474609375	1.484375
16.886996	1.8603515625	2.2314453125
16.887996	3.0224609375	3.212890625
16.889	3.330078125	3.0615234375
16.89	2.36328125	1.9873046875
16.891	1.4697265625	1.484375
16.892	1.875	2.236328125
16.893	3.0322265625	3.212890625
16.894	3.330078125	3.056640625
16.895	2.3583984375	1.9775390625
16.896	1.46484375	1.4794921875
16.897	1.8896484375	2.24609375
16.898	3.046875	3.22265625
16.899	3.3203125	3.0517578125
16.9	2.3486328125	1.9775390625
16.900996	1.4697265625	1.484375
16.901996	1.904296875	2.255859375
16.902996	3.0517578125	3.232421875
16.903996	3.3154296875	3.046875
16.904996	2.32421875	1.962890625
16.905996	1.46484375	1.494140625
16.906996	1.923828125	2.28515625
16.907996	3.0712890625	3.2421875
16.908996	3.310546875	3.037109375
16.909996	2.3095703125	1.953125
16.910996	1.4599609375	1.4892578125
16.911996	1.9287109375	2.2998046875
16.912996	3.095703125	3.2373046875
16.913996	3.291015625	3.017578125
16.914996	2.2802734375	1.9287109375
16.915996	1.455078125	1.5087890625
16.916996	1.962890625	2.333984375
16.917996	3.1103515625	3.26171875
16.918996	3.2861328125	2.9931640625
16.919996	2.255859375	1.8994140625
16.920996	1.4453125	1.513671875
16.921996	1.9873046875	2.353515625
16.922996	3.134765625	3.271484375
16.923996	3.26171875	2.96875
16.924996	2.2119140625	1.8701171875
16.925996	1.435546875	1.513671875
16.926996	2.021484375	2.3974609375
16.927996	3.1591796875	3.28125
16.928996	3.251953125	2.9443359375
16.929996	2.1826171875	1.8505859375
16.930996	1.435546875	1.5283203125
16.932	2.0751953125	2.44140625
16.933	3.1884765625	3.2958984375
16.934	3.232421875	2.9052734375
16.935	2.1435546875	1.8115234375
16.936	1.4306640625	1.54296875
16.937	2.1044921875	2.4658203125
16.938	3.2080078125	3.30078125
16.939	3.203125	2.8759765625
16.94	2.099609375	1.787109375
16.941	1.42578125	1.5576171875
16.942	2.1484375	2.5244140625
16.943	3.232421875	3.3154296875
16.943996	3.173828125	2.83203125
16.944996	2.060546875	1.7431640625
16.945996	1.4404296875	1.58203125
16.946996	2.197265625	2.5634765625
16.947996	3.26171875	3.3203125
16.948996	3.1396484375	2.7880859375
16.949996	2.001953125	1.7138671875
16.950996	1.4501953125	1.6064453125
16.951996	2.24609375	2.6123046875
16.952996	3.291015625	3.330078125
16.953996	3.10546875	2.7392578125
16.954996	1.9482421875	1.6845703125
16.955996	1.455078125	1.640625
16.956996	2.2998046875	2.6708984375
16.957996	3.310546875	3.3349609375
16.958996	3.0615234375	2.6953125
16.959996	1.904296875	1.650390625
16.960996	1.46484375	1.6748046875
16.961996	2.36328125	2.7197265625
16.962996	3.330078125	3.330078125
16.963996	3.0029296875	2.626953125
16.964996	1.8505859375	1.6162109375
16.965996	1.4892578125	1.7041015625
16.966996	2.431640625	2.7783203125
16.967996	3.359375	3.310546875
16.968996	2.9541015625	2.568359375
16.969996	1.7919921875	1.5771484375
16.970996	1.50390625	1.748046875
16.971996	2.5048828125	2.8466796875
16.972996	3.3740234375	3.3154296875
16.974008	2.8857421875	2.4951171875
16.975	1.728515625	1.5478515625
16.976	1.5283203125	1.7919921875
16.977	2.578125	2.900390625
16.978	3.388671875	3.291015625
16.979	2.8271484375	2.431640625
16.98	1.689453125	1.5283203125
16.981	1.5771484375	1.8603515625
16.982	2.646484375	2.958984375
16.983	3.388671875	3.2666015625
16.984	2.763671875	2.36328125
16.985	1.640625	1.50390625
16.985996	1.6064453125	1.923828125
16.986996	2.7294921875	3.0078125
16.987996	3.3935546875	3.2421875
16.988996	2.6806640625	2.28515625
16.989996	1.5869140625	1.484375
16.990996	1.6650390625	1.982421875
16.991996	2.7978515625	3.076171875
16.992996	3.388671875	3.203125
16.993996	2.5927734375	2.2021484375
16.994996	1.54296875	1.4794921875
16.995996	1.71875	2.060546875
16.996996	2.8759765625	3.1201171875
16.997996	3.3740234375	3.1689453125
16.998996	2.509765625	2.1240234375
16.999996	1.513671875	1.4794921875
17.000996	1.7919921875	2.1435546875
17.001996	2.958984375	3.18359375
17.002996	3.3447265625	3.10546875
17.003996	2.4072265625	2.0361328125
17.004996	1.484375	1.4794921875
17.005996	1.8603515625	2.2265625
17.006996	3.0419921875	3.2177734375
17.007996	3.3154296875	3.0517578125
17.008996	2.3193359375	1.9580078125
17.009996	1.4453125	1.50390625
17.010996	1.9580078125	2.3193359375
17.011996	3.115234375	3.26171875
17.012996	3.2763671875	2.9736328125
17.013996	2.2216796875	1.8701171875
17.014996	1.4453125	1.5234375
17.015996	2.05078125	2.412109375
17.017	3.18359375	3.291015625
17.018	3.2177734375	2.8955078125
17.019	2.1142578125	1.796875
17.02	1.4306640625	1.5478515625
17.021	2.1435546875	2.51953125
17.022	3.2373046875	3.3154296875
17.023	3.1591796875	2.8125
17.024	2.021484375	1.728515625
17.025	1.4453125	1.6064453125
17.026	2.24609375	2.6123046875
17.027	3.2861328125	3.3349609375
17.028	3.0810546875	2.724609375
17.028996	1.923828125	1.6650390625
17.029996	1.46484375	1.6650390625
17.030996	2.373046875	2.724609375
17.031996	3.33984375	3.3251953125
17.032996	2.998046875	2.607421875
17.033996	1.826171875	1.6015625
17.034996	1.4892578125	1.7236328125
17.035996	2.4755859375	2.822265625
17.036996	3.3740234375	3.310546875
17.037996	2.900390625	2.5048828125
17.038996	1.7333984375	1.5478515625
17.039996	1.54296875	1.8115234375
17.040996	2.607421875	2.919921875
17.041996	3.3935546875	3.2861328125
17.042996	2.783203125	2.3779296875
17.043996	1.6552734375	1.50390625
17.044996	1.611328125	1.9091796875
17.045996	2.724609375	3.0126953125
17.046996	3.3935546875	3.2470703125
17.047996	2.666015625	2.265625
17.048996	1.5771484375	1.4794921875
17.049996	1.689453125	2.01171875
17.050996	2.841796875	3.0908203125
17.051996	3.3740234375	3.18359375
17.052996	2.5439453125	2.1435546875
17.053996	1.5234375	1.474609375
17.054996	1.787109375	2.119140625
17.055996	2.94921875	3.173828125
17.056996	3.3544921875	3.115234375
17.057996	2.40234375	2.0361328125
17.058996	1.4697265625	1.4892578125
17.06	1.904296875	2.2607421875
17.061	3.056640625	3.2373046875
17.062	3.3056640625	3.02734375
17.063	2.265625	1.9140625
17.064	1.4404296875	1.513671875
17.065	2.01171875	2.3828125
17.066	3.1591796875	3.2861328125
17.067	3.2275390625	2.9150390625
17.068	2.138671875	1.806640625
17.069	1.435546875	1.54296875
17.07	2.1435546875	2.5146484375
17.071	3.251953125	3.310546875
17.071996	3.154296875	2.7978515625
17.072996	1.9873046875	1.7138671875
17.073996	1.4501953125	1.6162109375
17.074996	2.2900390625	2.65625
17.075996	3.3203125	3.3251953125
17.076996	3.046875	2.67578125
17.077996	1.875	1.62109375
17.078996	1.4794921875	1.69921875
17.079996	2.44140625	2.783203125
17.080996	3.369140625	3.3203125
17.081996	2.9248046875	2.5341796875
17.082996	1.7578125	1.552734375
17.083996	1.5380859375	1.7919921875
17.084996	2.587890625	2.919921875
17.085996	3.3984375	3.2763671875
17.086996	2.7783203125	2.3876953125
17.087996	1.6455078125	1.5087890625
17.088996	1.6162109375	1.9189453125
17.089996	2.744140625	3.0224609375
17.090996	3.3935546875	3.2373046875
17.091996	2.6318359375	2.2412109375
17.092996	1.5576171875	1.484375
17.093996	1.7236328125	2.0556640625
17.094996	2.9248046875	3.134765625
17.095996	3.3740234375	3.154296875
17.096996	2.4755859375	2.08984375
17.097996	1.4892578125	1.474609375
17.098996	1.845703125	2.197265625
17.099996	3.0224609375	3.22265625
17.100996	3.3251953125	3.0517578125
17.102008	2.2998046875	1.9287109375
17.103	1.4453125	1.4990234375
17.104	1.9921875	2.3583984375
17.105	3.154296875	3.2763671875
17.106	3.2470703125	2.9248046875
17.107	2.138671875	1.8115234375
17.108	1.4306640625	1.552734375
17.109	2.1484375	2.51953125
17.11	3.251953125	3.310546875
17.111	3.1298828125	2.7880859375
17.112	1.97265625	1.6943359375
17.113	1.4501953125	1.6259765625
17.113996	2.32421875	2.6806640625
17.114996	3.3251953125	3.330078125
17.115996	3.0126953125	2.63671875
17.116996	1.8310546875	1.6015625
17.117996	1.494140625	1.7333984375
17.118996	2.4951171875	2.841796875
17.119996	3.3740234375	3.310546875
17.120996	2.8564453125	2.4658203125
17.121996	1.6845703125	1.5283203125
17.122996	1.58203125	1.865234375
17.123996	2.6806640625	2.9833984375
17.124996	3.3935546875	3.251953125
17.125996	2.685546875	2.2900390625
17.126996	1.58203125	1.484375
17.127996	1.689453125	2.01171875
17.128996	2.8564453125	3.115234375
17.129996	3.3740234375	3.1640625
17.130996	2.5	2.1142578125
17.131996	1.4990234375	1.4697265625
17.132996	1.8310546875	2.1826171875
17.133996	3.0126953125	3.212890625
17.134996	3.3251953125	3.056640625
17.135996	2.3046875	1.953125
17.136996	1.4453125	1.50390625
17.137996	2.001953125	2.36328125
17.138996	3.154296875	3.2861328125
17.139996	3.2275390625	2.919921875
17.140996	2.119140625	1.796875
17.141996	1.4404296875	1.5576171875
17.142996	2.1826171875	2.5537109375
17.143996	3.271484375	3.3251953125
17.145	3.10546875	2.75390625
17.146	1.93359375	1.66015625
17.147	1.46484375	1.6552734375
17.148	2.3779296875	2.734375
17.149	3.3544921875	3.3203125
17.15	2.958984375	2.5732421875
17.151	1.7724609375	1.5673828125
17.152	1.5234375	1.787109375
17.153	2.5830078125	2.9052734375
17.154	3.3837890625	3.2861328125
17.155	2.7734375	2.3779296875
17.156	1.6357421875	1.50390625
17.156996	1.630859375	1.9482421875
17.157996	2.783203125	3.06640625
17.158996	3.388671875	3.2177734375
17.159996	2.5634765625	2.177734375
17.160996	1.5185546875	1.474609375
17.161996	1.7822265625	2.1240234375
17.162996	2.9736328125	3.1884765625
17.163996	3.37890625	3.1005859375
17.164996	2.3583984375	1.9921875
17.165996	1.455078125	1.4892578125
17.166996	1.962890625	2.3291015625
17.167996	3.1298828125	3.2763671875
17.168996	3.2568359375	2.9443359375
17.169996	2.1435546875	1.826171875
17.170996	1.435546875	1.552734375
17.171996	2.158203125	2.529296875
17.172996	3.2666015625	3.3203125
17.173996	3.115234375	2.7587890625
17.174996	1.943359375	1.669921875
17.175996	1.46484375	1.6455078125
17.176996	2.3779296875	2.7392578125
17.177996	3.3544921875	3.3154296875
17.178996	2.939453125	2.55859375
17.179996	1.7578125	1.5625
17.180996	1.5380859375	1.8017578125
17.181996	2.6123046875	2.9296875
17.182996	3.388671875	3.2763671875
17.183996	2.734375	2.34375
17.184996	1.611328125	1.4892578125
17.185996	1.66015625	1.9775390625
17.186996	2.822265625	3.0908203125
17.188	3.3837890625	3.1884765625
17.189	2.509765625	2.12890625
17.19	1.5087890625	1.4697265625
17.191	1.8408203125	2.1826171875
17.192	3.02734375	3.2177734375
17.193	3.3154296875	3.0517578125
17.194	2.28515625	1.9287109375
17.195	1.4453125	1.5087890625
17.196	2.041015625	2.40234375
17.197	3.1884765625	3.2958984375
17.198	3.1982421875	2.8662109375
17.199	2.0556640625	1.748046875
17.199996	1.4404296875	1.5966796875
17.200996	2.265625	2.6318359375
17.201996	3.3154296875	3.330078125
17.202996	3.02734375	2.65625
17.203996	1.8359375	1.611328125
17.204996	1.50390625	1.7236328125
17.205996	2.509765625	2.841796875
17.206996	3.3740234375	3.30078125
17.207996	2.8173828125	2.421875
17.208996	1.66015625	1.5087890625
17.209996	1.6162109375	1.9140625
17.210996	2.7490234375	3.037109375
17.211996	3.3935546875	3.22265625
17.212996	2.587890625	2.1923828125
17.213996	1.5283203125	1.4697265625
17.214996	1.7822265625	2.1240234375
17.215996	2.9736328125	3.193359375
17.216996	3.33984375	3.0859375
17.217996	2.333984375	1.9677734375
17.218996	1.4501953125	1.494140625
17.219996	1.9970703125	2.3681640625
17.220996	3.1640625	3.291015625
17.221996	3.22265625	2.900390625
17.222996	2.08984375	1.77734375
17.223996	1.4404296875	1.572265625
17.224996	2.236328125	2.6123046875
17.225996	3.3056640625	3.330078125
17.226996	3.046875	2.67578125
17.227996	1.85546875	1.62109375
17.228996	1.4892578125	1.7236328125
17.230008	2.51953125	2.8515625
17.231	3.37890625	3.30078125
17.232	2.8271484375	2.4365234375
17.233	1.650390625	1.513671875
17.234	1.62109375	1.9189453125
17.235	2.763671875	3.0419921875
17.236	3.3935546875	3.212890625
17.237	2.568359375	2.1826171875
17.238	1.513671875	1.4794921875
17.239	1.8017578125	2.1484375
17.24	2.9931640625	3.203125
17.241	3.3251953125	3.06640625
17.241996	2.2900390625	1.9384765625
17.242996	1.4404296875	1.50390625
17.243996	2.03125	2.40234375
17.244996	3.193359375	3.30078125
17.245996	3.193359375	2.8564453125
17.246996	2.03125	1.7431640625
17.247996	1.4501953125	1.6015625
17.248996	2.294921875	2.65625
17.249996	3.3203125	3.330078125
17.250996	2.9931640625	2.6171875
17.251996	1.796875	1.5771484375
17.252996	1.5234375	1.7626953125
17.253996	2.5830078125	2.900390625
17.254996	3.3935546875	3.2861328125
17.255996	2.75390625	2.3486328125
17.256996	1.611328125	1.494140625
17.257996	1.6748046875	1.9873046875
17.258996	2.8515625	3.1005859375
17.259996	3.369140625	3.1689453125
17.260996	2.4658203125	2.0849609375
17.261996	1.484375	1.474609375
17.262996	1.884765625	2.24609375
17.263996	3.076171875	3.2470703125
17.264996	3.2763671875	2.98828125
17.265996	2.1826171875	1.85546875
17.266996	1.435546875	1.5380859375
17.267996	2.1435546875	2.51953125
17.268996	3.2666015625	3.330078125
17.269996	3.1005859375	2.75390625
17.270996	1.9189453125	1.650390625
17.271996	1.474609375	1.669921875
17.273	2.4560546875	2.802734375
17.274	3.3642578125	3.3203125
17.275	2.87109375	2.48046875
17.276	1.689453125	1.5185546875
17.277	1.5966796875	1.8896484375
17.278	2.7392578125	3.02734375
17.279	3.388671875	3.22265625
17.28	2.578125	2.2021484375
17.281	1.5283203125	1.4697265625
17.282	1.7919921875	2.1435546875
17.283	2.998046875	3.1982421875
17.284	3.3251953125	3.0615234375
17.284996	2.2802734375	1.93359375
17.285996	1.4453125	1.513671875
17.286996	2.0703125	2.431640625
17.287996	3.2177734375	3.30078125
17.288996	3.1689453125	2.83203125
17.289996	1.9921875	1.7138671875
17.290996	1.4453125	1.6259765625
17.291996	2.36328125	2.7197265625
17.292996	3.3544921875	3.3251953125
17.293996	2.9296875	2.5537109375
17.294996	1.7431640625	1.5478515625
17.295996	1.5576171875	1.8359375
17.296996	2.67578125	2.978515625
17.297996	3.3984375	3.2568359375
17.298996	2.6416015625	2.255859375
17.299996	1.5478515625	1.4892578125
17.300996	1.7578125	2.0947265625
17.301996	2.9638671875	3.1787109375
17.302996	3.3447265625	3.0908203125
17.303996	2.3388671875	1.9775390625
17.304996	1.455078125	1.494140625
17.305996	2.0166015625	2.3828125
17.306996	3.1884765625	3.2958984375
17.307996	3.1884765625	2.8515625
17.308996	2.021484375	1.7236328125
17.309996	1.455078125	1.6162109375
17.310996	2.3388671875	2.685546875
17.311996	3.33984375	3.33984375
17.312996	2.9541015625	2.5732421875
17.313996	1.748046875	1.5576171875
17.314996	1.552734375	1.8212890625
17.316	2.666015625	2.96875
17.317	3.3984375	3.251953125
17.318	2.6513671875	2.2607421875
17.319	1.5478515625	1.4697265625
17.32	1.748046875	2.08984375
17.321	2.958984375	3.1787109375
17.322	3.3349609375	3.095703125
17.323	2.3193359375	1.9677734375
17.324	1.4453125	1.4990234375
17.325	2.03125	2.3974609375
17.326	3.1884765625	3.3056640625
17.327	3.1787109375	2.8466796875
17.327996	2.0068359375	1.708984375
17.328996	1.435546875	1.6259765625
17.329996	2.353515625	2.7197265625
17.330996	3.349609375	3.3251953125
17.331996	2.9248046875	2.5439453125
17.332996	1.728515625	1.54296875
17.333996	1.5673828125	1.845703125
17.334996	2.6904296875	2.9931640625
17.335996	3.3984375	3.2373046875
17.336996	2.6025390625	2.216796875
17.337996	1.5283203125	1.474609375
17.338996	1.796875	2.12890625
17.339996	3.0078125	3.2080078125
17.340996	3.3154296875	3.0517578125
17.341996	2.265625	1.923828125
17.342996	1.4306640625	1.513671875
17.343996	2.0947265625	2.4609375
17.344996	3.2421875	3.3154296875
17.345996	3.134765625	2.7880859375
17.346996	1.9384765625	1.669921875
17.347996	1.474609375	1.669921875
17.348996	2.4462890625	2.7783203125
17.349996	3.369140625	3.3154296875
17.350996	2.8564453125	2.4560546875
17.351996	1.669921875	1.5185546875
17.352996	1.62109375	1.9091796875
17.353996	2.7880859375	3.0615234375
17.354996	3.37890625	3.2080078125
17.355996	2.509765625	2.12890625
17.356996	1.4892578125	1.4697265625
17.358008	1.884765625	2.236328125
17.359	3.1298828125	3.2568359375
17.36	3.271484375	2.978515625
17.361	2.1533203125	1.8310546875
17.362	1.435546875	1.5576171875
17.363	2.2119140625	2.568359375
17.364	3.30078125	3.3349609375
17.365	3.0322265625	2.685546875
17.366	1.8359375	1.6015625
17.367	1.513671875	1.748046875
17.368	2.5732421875	2.900390625
17.369	3.388671875	3.28125
17.369996	2.7197265625	2.333984375
17.370996	1.591796875	1.484375
17.371996	1.71875	2.041015625
17.372996	2.919921875	3.14453125
17.373996	3.349609375	3.1201171875
17.374996	2.36328125	1.9873046875
17.375996	1.4501953125	1.4892578125
17.376996	2.021484375	2.3779296875
17.377996	3.1884765625	3.310546875
17.378996	3.173828125	2.8466796875
17.379996	1.9970703125	1.7138671875
17.380996	1.455078125	1.630859375
17.381996	2.3828125	2.734375
17.382996	3.3642578125	3.330078125
17.383996	2.890625	2.5
17.384996	1.6943359375	1.5234375
17.385996	1.6015625	1.8798828125
17.386996	2.7587890625	3.037109375
17.387996	3.388671875	3.212890625
17.388996	2.5341796875	2.1484375
17.389996	1.494140625	1.46484375
17.390996	1.865234375	2.216796875
17.391996	3.0810546875	3.2421875
17.392996	3.271484375	2.9833984375
17.393996	2.1533203125	1.826171875
17.394996	1.4404296875	1.5576171875
17.395996	2.2216796875	2.578125
17.396996	3.3056640625	3.3349609375
17.397996	3.02734375	2.65625
17.398996	1.806640625	1.591796875
17.399996	1.5234375	1.7724609375
17.401	2.6220703125	2.9248046875
17.402	3.388671875	3.26171875
17.403	2.6806640625	2.2900390625
17.404	1.552734375	1.474609375
17.405	1.7578125	2.0849609375
17.406	2.9638671875	3.1787109375
17.407	3.3349609375	3.0712890625
17.408	2.2900390625	1.93359375
17.409	1.4404296875	1.5087890625
17.41	2.0947265625	2.4560546875
17.411	3.2421875	3.3251953125
17.412	3.1201171875	2.7734375
17.412996	1.9091796875	1.6455078125
17.413996	1.4794921875	1.6943359375
17.414996	2.48046875	2.8173828125
17.415996	3.37890625	3.3056640625
17.416996	2.7880859375	2.40234375
17.417996	1.6162109375	1.494140625
17.418996	1.6796875	1.982421875
17.419996	2.87109375	3.125
17.420996	3.3642578125	3.1494140625
17.421996	2.392578125	2.0263671875
17.422996	1.455078125	1.484375
17.423996	1.9921875	2.353515625
17.424996	3.18359375	3.3056640625
17.425996	3.1884765625	2.861328125
17.426996	1.9970703125	1.7138671875
17.427996	1.4501953125	1.6357421875
17.428996	2.3974609375	2.7490234375
17.429996	3.3642578125	3.3203125
17.430996	2.8662109375	2.4853515625
17.431996	1.669921875	1.513671875
17.432996	1.6259765625	1.9140625
17.433996	2.79296875	3.0712890625
17.434996	3.37890625	3.1884765625
17.435996	2.470703125	2.0947265625
17.436996	1.4794921875	1.4794921875
17.437996	1.93359375	2.2900390625
17.438996	3.1396484375	3.28125
17.439996	3.2275390625	2.91015625
17.440996	2.0654296875	1.7578125
17.441996	1.4453125	1.6064453125
17.442996	2.3193359375	2.685546875
17.444	3.349609375	3.3203125
17.445	2.919921875	2.5390625
17.446	1.7138671875	1.533203125
17.447	1.591796875	1.8701171875
17.448	2.75390625	3.02734375
17.449	3.3837890625	3.212890625
17.45	2.529296875	2.138671875
17.451	1.4892578125	1.474609375
17.452	1.8896484375	2.24609375
17.453	3.10546875	3.26171875
17.454	3.2470703125	2.9443359375
17.455	2.0947265625	1.7822265625
17.455996	1.4453125	1.5869140625
17.456996	2.2900390625	2.65625
17.457996	3.33984375	3.3251953125
17.458996	2.94921875	2.5732421875
17.459996	1.7333984375	1.5478515625
17.460996	1.572265625	1.85546875
17.461996	2.724609375	3.017578125
17.462996	3.388671875	3.22265625
17.463996	2.5439453125	2.1533203125
17.464996	1.4990234375	1.4697265625
17.465996	1.875	2.2265625
17.466996	3.1005859375	3.2568359375
17.467996	3.251953125	2.94921875
17.468996	2.099609375	1.787109375
17.469996	1.4453125	1.58203125
17.470996	2.2900390625	2.65625
17.471996	3.330078125	3.3349609375
17.472996	2.94921875	2.568359375
17.473996	1.73828125	1.5478515625
17.474996	1.572265625	1.845703125
17.475996	2.734375	3.017578125
17.476996	3.388671875	3.22265625
17.477996	2.5341796875	2.1484375
17.478996	1.494140625	1.474609375
17.479996	1.884765625	2.24609375
17.480996	3.115234375	3.2568359375
17.481996	3.2421875	2.939453125
17.482996	2.0947265625	1.7822265625
17.483996	1.4453125	1.591796875
17.484996	2.314453125	2.666015625
17.486008	3.33984375	3.330078125
17.487	2.919921875	2.529296875
17.488	1.708984375	1.5380859375
17.489	1.6064453125	1.8701171875
17.49	2.7685546875	3.0419921875
17.491	3.388671875	3.1982421875
17.492	2.4951171875	2.1044921875
17.493	1.4697265625	1.4697265625
17.494	1.9189453125	2.2802734375
17.495	3.134765625	3.2861328125
17.496	3.22265625	2.9052734375
17.497	2.041015625	1.7431640625
17.497996	1.4501953125	1.6162109375
17.498996	2.3681640625	2.724609375
17.499996	3.3642578125	3.3251953125
17.500996	2.8759765625	2.4951171875
17.501996	1.6748046875	1.5185546875
17.502996	1.630859375	1.9287109375
17.503996	2.822265625	3.076171875
17.504996	3.3740234375	3.1640625
17.505996	2.421875	2.05078125
17.506996	1.4501953125	1.4794921875
17.507996	1.9921875	2.353515625
17.508996	3.18359375	3.2958984375
17.509996	3.1689453125	2.8369140625
17.510996	1.9677734375	1.69921875
17.511996	1.46484375	1.66015625
17.512996	2.44140625	2.79296875
17.513996	3.3740234375	3.3154296875
17.514996	2.79296875	2.412109375
17.515996	1.6162109375	1.4990234375
17.516996	1.689453125	2.0068359375
17.517996	2.9052734375	3.1396484375
17.518996	3.349609375	3.115234375
17.519996	2.3291015625	1.97265625
17.520996	1.4453125	1.50390625
17.521996	2.080078125	2.4462890625
17.522996	3.2421875	3.3154296875
17.523996	3.10546875	2.7490234375
17.524996	1.8798828125	1.62109375
17.525996	1.50390625	1.728515625
17.526996	2.5732421875	2.8857421875
17.527996	3.3935546875	3.28125
17.529	2.6708984375	2.2900390625
17.53	1.552734375	1.474609375
17.531	1.7822265625	2.109375
17.532	3.0078125	3.2080078125
17.533	3.3056640625	3.0322265625
17.534	2.2021484375	1.865234375
17.535	1.435546875	1.5478515625
17.536	2.20703125	2.5634765625
17.537	3.30078125	3.3349609375
17.538	3.0029296875	2.626953125
17.539	1.7724609375	1.5673828125
17.54	1.552734375	1.81640625
17.540996	2.705078125	2.998046875
17.541996	3.388671875	3.22265625
17.542996	2.5390625	2.1533203125
17.543996	1.494140625	1.474609375
17.544996	1.8994140625	2.2509765625
17.545996	3.1103515625	3.271484375
17.546996	3.22265625	2.9248046875
17.547996	2.0556640625	1.7578125
17.548996	1.4453125	1.611328125
17.549996	2.373046875	2.724609375
17.550996	3.359375	3.3251953125
17.551996	2.861328125	2.4658203125
17.552996	1.66015625	1.513671875
17.553996	1.650390625	1.953125
17.554996	2.8662109375	3.10546875
17.555996	3.3642578125	3.1494140625
17.556996	2.373046875	1.9970703125
17.557996	1.4501953125	1.494140625
17.558996	2.060546875	2.421875
17.559996	3.2373046875	3.3203125
17.560996	3.1201171875	2.763671875
17.561996	1.884765625	1.6455078125
17.562996	1.494140625	1.7138671875
17.563996	2.5634765625	2.8857421875
17.564996	3.3935546875	3.2861328125
17.565996	2.67578125	2.2900390625
17.566996	1.54296875	1.474609375
17.567996	1.7822265625	2.1240234375
17.568996	3.017578125	3.2177734375
17.569996	3.2861328125	3.0126953125
17.570996	2.16796875	1.8408203125
17.572	1.4404296875	1.552734375
17.573	2.255859375	2.6123046875
17.574	3.3251953125	3.330078125
17.575	2.9541015625	2.568359375
17.576	1.7138671875	1.54296875
17.577	1.5966796875	1.875
17.578	2.7685546875	3.0419921875
17.579	3.3837890625	3.193359375
17.58	2.4658203125	2.0849609375
17.581	1.46484375	1.4697265625
17.582	1.9775390625	2.333984375
17.583	3.1884765625	3.2958984375
17.583996	3.1689453125	2.8271484375
17.584996	1.9580078125	1.6845703125
17.585996	1.474609375	1.6748046875
17.586996	2.5	2.8271484375
17.587996	3.3837890625	3.3056640625
17.588996	2.734375	2.3486328125
17.589996	1.5771484375	1.4794921875
17.590996	1.7431640625	2.080078125
17.591996	2.98828125	3.193359375
17.592996	3.30078125	3.046875
17.593996	2.2119140625	1.865234375
17.594996	1.4404296875	1.533203125
17.595996	2.216796875	2.578125
17.596996	3.310546875	3.330078125
17.597996	2.96875	2.59765625
17.598996	1.748046875	1.5478515625
17.599996	1.58203125	1.845703125
17.600996	2.75390625	3.02734375
17.601996	3.37890625	3.193359375
17.602996	2.4755859375	2.08984375
17.603996	1.46484375	1.474609375
17.604996	1.97265625	2.3388671875
17.605996	3.193359375	3.30078125
17.606996	3.1640625	2.8271484375
17.607996	1.9482421875	1.6845703125
17.608996	1.474609375	1.6845703125
17.609996	2.5048828125	2.8369140625
17.610996	3.3837890625	3.30078125
17.611996	2.7197265625	2.3291015625
17.612996	1.5576171875	1.4697265625
17.614008	1.77734375	2.109375
17.615	3.0224609375	3.212890625
17.616	3.30078125	3.0224609375
17.617	2.16796875	1.845703125
17.618	1.435546875	1.552734375
17.619	2.2705078125	2.6318359375
17.62	3.330078125	3.330078125
17.621	2.9345703125	2.55859375
17.622	1.708984375	1.533203125
17.623	1.6064453125	1.8994140625
17.624	2.8125	3.0810546875
17.625	3.369140625	3.1689453125
17.625996	2.40234375	2.03125
17.626996	1.455078125	1.484375
17.627996	2.041015625	2.3974609375
17.628996	3.2275390625	3.3203125
17.629996	3.1103515625	2.7685546875
17.630996	1.8798828125	1.6259765625
17.631996	1.4990234375	1.73828125
17.632996	2.59765625	2.9150390625
17.633996	3.3984375	3.271484375
17.634996	2.6220703125	2.236328125
17.635996	1.5234375	1.474609375
17.636996	1.8505859375	2.1923828125
17.637996	3.0859375	3.2568359375
17.638996	3.2470703125	2.939453125
17.639996	2.0654296875	1.7578125
17.640996	1.4501953125	1.611328125
17.641996	2.3828125	2.734375
17.642996	3.3740234375	3.3251953125
17.643996	2.822265625	2.4365234375
17.644996	1.6259765625	1.494140625
17.645996	1.7041015625	2.0166015625
17.646996	2.9345703125	3.1640625
17.647996	3.330078125	3.0810546875
17.648996	2.2607421875	1.9140625
17.649996	1.435546875	1.5234375
17.650996	2.1875	2.5537109375
17.651996	3.3056640625	3.33984375
17.652996	2.98828125	2.6123046875
17.653996	1.748046875	1.5478515625
17.654996	1.5869140625	1.85546875
17.655996	2.7685546875	3.0419921875
17.657	3.3837890625	3.1884765625
17.658	2.44140625	2.0654296875
17.659	1.455078125	1.484375
17.66	2.0166015625	2.3779296875
17.661	3.2177734375	3.3154296875
17.662	3.1298828125	2.7880859375
17.663	1.884765625	1.630859375
17.664	1.4990234375	1.71875
17.665	2.587890625	2.91015625
17.666	3.3984375	3.2763671875
17.667	2.6220703125	2.2314453125
17.668	1.5087890625	1.4697265625
17.668996	1.8603515625	2.2021484375
17.669996	3.1005859375	3.26171875
17.670996	3.232421875	2.919921875
17.671996	2.0361328125	1.7431640625
17.672996	1.455078125	1.62109375
17.673996	2.4267578125	2.763671875
17.674996	3.3740234375	3.3154296875
17.675996	2.7734375	2.392578125
17.676996	1.5966796875	1.4794921875
17.677996	1.728515625	2.05078125
17.678996	2.98828125	3.193359375
17.679996	3.310546875	3.0419921875
17.680996	2.1875	1.85546875
17.681996	1.435546875	1.552734375
17.682996	2.2705078125	2.626953125
17.683996	3.330078125	3.330078125
17.684996	2.9150390625	2.5390625
17.685996	1.6845703125	1.5234375
17.686996	1.6455078125	1.93359375
17.687996	2.861328125	3.115234375
17.688996	3.359375	3.1298828125
17.689996	2.333984375	1.9775390625
17.690996	1.4453125	1.4990234375
17.691996	2.1337890625	2.490234375
17.692996	3.2763671875	3.330078125
17.693996	3.037109375	2.6708984375
17.694996	1.787109375	1.5673828125
17.695996	1.5673828125	1.826171875
17.696996	2.734375	3.0126953125
17.697996	3.37890625	3.212890625
17.698996	2.4658203125	2.0947265625
17.7	1.4599609375	1.4990234375
17.701	2.001953125	2.36328125
17.702	3.2080078125	3.310546875
17.703	3.125	2.783203125
17.704	1.8896484375	1.630859375
17.705	1.5087890625	1.7431640625
17.706	2.607421875	2.9248046875
17.707	3.3935546875	3.26171875
17.708	2.5927734375	2.197265625
17.709	1.50390625	1.46484375
17.71	1.904296875	2.24609375
17.711	3.1396484375	3.2861328125
17.711996	3.203125	2.880859375
17.712996	1.982421875	1.6943359375
17.713996	1.4794921875	1.669921875
17.714996	2.5	2.8369140625
17.715996	3.3935546875	3.291015625
17.716996	2.7001953125	2.2998046875
17.717996	1.5478515625	1.474609375
17.718996	1.8115234375	2.1484375
17.719996	3.06640625	3.2373046875
17.720996	3.2568359375	2.9638671875
17.721996	2.080078125	1.7626953125
17.722996	1.4501953125	1.6015625
17.723996	2.3974609375	2.7490234375
17.724996	3.3740234375	3.3154296875
17.725996	2.783203125	2.40234375
17.726996	1.591796875	1.4892578125
17.727996	1.73828125	2.0654296875
17.728996	2.9931640625	3.203125
17.729996	3.3056640625	3.0322265625
17.730996	2.16796875	1.8359375
17.731996	1.435546875	1.5625
17.732996	2.3046875	2.6708984375
17.733996	3.3544921875	3.330078125
17.734996	2.861328125	2.4755859375
17.735996	1.6455078125	1.50390625
17.736996	1.6748046875	1.9970703125
17.737996	2.9296875	3.1591796875
17.738996	3.330078125	3.0810546875
17.739996	2.236328125	1.89453125
17.740996	1.435546875	1.5380859375
17.742008	2.24609375	2.59765625
17.743	3.33984375	3.33984375
17.744	2.9296875	2.5537109375
17.745	1.6845703125	1.5234375
17.746	1.630859375	1.93359375
17.747	2.87109375	3.1103515625
17.748	3.349609375	3.1201171875
17.749	2.3046875	1.953125
17.75	1.4404296875	1.5185546875
17.751	2.177734375	2.5341796875
17.752	3.3056640625	3.3349609375
17.753	2.978515625	2.6123046875
17.753996	1.728515625	1.54296875
17.754996	1.6064453125	1.884765625
17.755996	2.8173828125	3.076171875
17.756996	3.3642578125	3.154296875
17.757996	2.353515625	1.9970703125
17.758996	1.4501953125	1.50390625
17.759996	2.1142578125	2.4853515625
17.760996	3.28125	3.330078125
17.761996	3.0224609375	2.65625
17.762996	1.767578125	1.5625
17.763996	1.5771484375	1.8505859375
17.764996	2.7783203125	3.0517578125
17.765996	3.3837890625	3.1787109375
17.766996	2.3974609375	2.041015625
17.767996	1.4453125	1.4892578125
17.768996	2.0849609375	2.451171875
17.769996	3.2666015625	3.3349609375
17.770996	3.0517578125	2.685546875
17.771996	1.7919921875	1.5771484375
17.772996	1.5625	1.8310546875
17.773996	2.744140625	3.02734375
17.774996	3.388671875	3.1982421875
17.775996	2.431640625	2.0556640625
17.776996	1.455078125	1.4892578125
17.777996	2.060546875	2.421875
17.778996	3.251953125	3.330078125
17.779996	3.0517578125	2.7099609375
17.780996	1.8017578125	1.591796875
17.781996	1.552734375	1.8115234375
17.782996	2.7294921875	3.0029296875
17.783996	3.388671875	3.2080078125
17.785	2.44140625	2.0703125
17.786	1.4453125	1.484375
17.787	2.041015625	2.4072265625
17.788	3.2470703125	3.3154296875
17.789	3.0712890625	2.724609375
17.79	1.8212890625	1.5869140625
17.791	1.5478515625	1.806640625
17.792	2.705078125	3.0029296875
17.793	3.388671875	3.2177734375
17.794	2.4560546875	2.0849609375
17.795	1.455078125	1.474609375
17.796	2.041015625	2.4072265625
17.796996	3.2470703125	3.3203125
17.797996	3.0712890625	2.724609375
17.798996	1.81640625	1.591796875
17.799996	1.54296875	1.806640625
17.800996	2.7197265625	3.0078125
17.801996	3.3837890625	3.203125
17.802996	2.4560546875	2.0703125
17.803996	1.4501953125	1.4794921875
17.804996	2.041015625	2.412109375
17.805996	3.251953125	3.330078125
17.806996	3.0615234375	2.7099609375
17.807996	1.806640625	1.58203125
17.808996	1.552734375	1.81640625
17.809996	2.7294921875	3.0224609375
17.810996	3.3837890625	3.2080078125
17.811996	2.431640625	2.0654296875
17.812996	1.455078125	1.4892578125
17.813996	2.0703125	2.431640625
17.814996	3.2666015625	3.3251953125
17.815996	3.037109375	2.6904296875
17.816996	1.787109375	1.572265625
17.817996	1.5673828125	1.826171875
17.818996	2.75390625	3.037109375
17.819996	3.37890625	3.18359375
17.820996	2.4072265625	2.0263671875
17.821996	1.4453125	1.494140625
17.822996	2.099609375	2.4560546875
17.823996	3.2763671875	3.3349609375
17.824996	3.0224609375	2.65625
17.825996	1.7578125	1.5673828125
17.826996	1.5869140625	1.85546875
17.828	2.7978515625	3.076171875
17.829	3.3740234375	3.1689453125
17.83	2.3681640625	1.9921875
17.831	1.4453125	1.50390625
17.832	2.1435546875	2.509765625
17.833	3.2958984375	3.330078125
17.834	2.9736328125	2.6171875
17.835	1.71875	1.54296875
17.836	1.611328125	1.904296875
17.837	2.8369140625	3.10546875
17.838	3.3544921875	3.1396484375
17.839	2.2998046875	1.953125
17.839996	1.435546875	1.5234375
17.840996	2.2021484375	2.55859375
17.841996	3.3154296875	3.33984375
17.842996	2.9345703125	2.5634765625
17.843996	1.6796875	1.513671875
17.844996	1.6552734375	1.953125
17.845996	2.900390625	3.1396484375
17.846996	3.33984375	3.095703125
17.847996	2.236328125	1.904296875
17.848996	1.4404296875	1.54296875
17.849996	2.2607421875	2.6220703125
17.850996	3.3447265625	3.330078125
17.851996	2.87109375	2.4853515625
17.852996	1.6357421875	1.4990234375
17.853996	1.6943359375	2.0166015625
17.854996	2.9638671875	3.173828125
17.855996	3.310546875	3.046875
17.856996	2.1533203125	1.8359375
17.857996	1.4453125	1.572265625
17.858996	2.3388671875	2.6953125
17.859996	3.3642578125	3.3251953125
17.860996	2.802734375	2.412109375
17.861996	1.5869140625	1.484375
17.862996	1.7626953125	2.0849609375
17.863996	3.02734375	3.2275390625
17.864996	3.2666015625	2.9833984375
17.865996	2.080078125	1.767578125
17.866996	1.4453125	1.62109375
17.867996	2.4462890625	2.7734375
17.868996	3.37890625	3.3056640625
17.870008	2.6953125	2.3046875
17.871	1.5380859375	1.4697265625
17.872	1.8408203125	2.177734375
17.873	3.1103515625	3.2666015625
17.874	3.2177734375	2.8955078125
17.875	1.97265625	1.7041015625
17.876	1.4794921875	1.6845703125
17.877	2.5390625	2.87109375
17.878	3.3984375	3.28125
17.879	2.59765625	2.2216796875
17.88	1.4990234375	1.4697265625
17.881	1.93359375	2.28515625
17.881996	3.1884765625	3.30078125
17.882996	3.1396484375	2.8076171875
17.883996	1.884765625	1.6357421875
17.884996	1.513671875	1.7529296875
17.885996	2.6611328125	2.9638671875
17.886996	3.3935546875	3.2275390625
17.887996	2.490234375	2.109375
17.888996	1.4599609375	1.484375
17.889996	2.041015625	2.4072265625
17.890996	3.251953125	3.330078125
17.891996	3.0517578125	2.6904296875
17.892996	1.787109375	1.572265625
17.893996	1.58203125	1.845703125
17.894996	2.7783203125	3.056640625
17.895996	3.37890625	3.1640625
17.896996	2.3583984375	1.9873046875
17.897996	1.4404296875	1.513671875
17.898996	2.1728515625	2.529296875
17.899996	3.3154296875	3.3447265625
17.900996	2.939453125	2.5732421875
17.901996	1.6796875	1.513671875
17.902996	1.6552734375	1.9580078125
17.903996	2.9150390625	3.14453125
17.904996	3.330078125	3.0859375
17.905996	2.2021484375	1.8798828125
17.906996	1.435546875	1.5576171875
17.907996	2.314453125	2.6806640625
17.908996	3.3544921875	3.3349609375
17.909996	2.8076171875	2.431640625
17.910996	1.5869140625	1.4794921875
17.911996	1.7578125	2.08984375
17.913	3.046875	3.22265625
17.914	3.2568359375	2.9541015625
17.915	2.0556640625	1.748046875
17.916	1.46484375	1.6259765625
17.917	2.4755859375	2.8076171875
17.918	3.3935546875	3.30078125
17.919	2.666015625	2.265625
17.92	1.5185546875	1.4599609375
17.921	1.8994140625	2.236328125
17.922	3.1591796875	3.2958984375
17.923	3.1640625	2.8271484375
17.924	1.904296875	1.650390625
17.924996	1.513671875	1.73828125
17.925996	2.646484375	2.9541015625
17.926996	3.3984375	3.2373046875
17.927996	2.4853515625	2.109375
17.928996	1.4599609375	1.4794921875
17.929996	2.05078125	2.4072265625
17.930996	3.2568359375	3.330078125
17.931996	3.0322265625	2.67578125
17.932996	1.7626953125	1.5771484375
17.933996	1.591796875	1.865234375
17.934996	2.822265625	3.0859375
17.935996	3.349609375	3.134765625
17.936996	2.294921875	1.9482421875
17.937996	1.4404296875	1.5234375
17.938996	2.236328125	2.5830078125
17.939996	3.3349609375	3.3349609375
17.940996	2.8759765625	2.5
17.941996	1.640625	1.4990234375
17.942996	1.71875	2.03125
17.943996	2.9833984375	3.1982421875
17.944996	3.2861328125	3.0078125
17.945996	2.109375	1.7919921875
17.946996	1.4453125	1.611328125
17.947996	2.44140625	2.7734375
17.948996	3.3837890625	3.3056640625
17.949996	2.685546875	2.3095703125
17.950996	1.5234375	1.46484375
17.951996	1.865234375	2.216796875
17.952996	3.1396484375	3.28125
17.953996	3.173828125	2.841796875
17.954996	1.9091796875	1.6552734375
17.956	1.5185546875	1.7333984375
17.957	2.6416015625	2.9443359375
17.958	3.3935546875	3.232421875
17.959	2.4853515625	2.099609375
17.96	1.4697265625	1.484375
17.961	2.0703125	2.4267578125
17.962	3.2763671875	3.330078125
17.963	3.017578125	2.65625
17.964	1.7333984375	1.54296875
17.965	1.611328125	1.89453125
17.966	2.861328125	3.10546875
17.967	3.349609375	3.1103515625
17.967996	2.2607421875	1.904296875
17.968996	1.435546875	1.54296875
17.969996	2.2900390625	2.6513671875
17.970996	3.3642578125	3.3349609375
17.971996	2.8173828125	2.4365234375
17.972996	1.5966796875	1.474609375
17.973996	1.767578125	2.0947265625
17.974996	3.0517578125	3.2421875
17.975996	3.2470703125	2.94921875
17.976996	2.0263671875	1.728515625
17.977996	1.46484375	1.6650390625
17.978996	2.5390625	2.861328125
17.979996	3.3984375	3.2763671875
17.980996	2.5830078125	2.2021484375
17.981996	1.4892578125	1.4697265625
17.982996	1.97265625	2.32421875
17.983996	3.22265625	3.3154296875
17.984996	3.0908203125	2.744140625
17.985996	1.806640625	1.591796875
17.986996	1.5673828125	1.8310546875
17.987996	2.7783203125	3.0517578125
17.988996	3.369140625	3.1494140625
17.989996	2.32421875	1.962890625
17.990996	1.4404296875	1.5185546875
17.991996	2.216796875	2.578125
17.992996	3.33984375	3.33984375
17.993996	2.87109375	2.4951171875
17.994996	1.62109375	1.4990234375
17.995996	1.728515625	2.05078125
17.996996	3.0126953125	3.2177734375
17.998008	3.2666015625	2.9833984375
17.999	2.060546875	1.7529296875
18.0	1.455078125	1.630859375
18.001	2.4951171875	2.8271484375
18.002	3.3837890625	3.2861328125
18.003	2.6123046875	2.2216796875
18.004	1.4892578125	1.46484375
18.005	1.953125	2.2998046875
18.006	3.2080078125	3.3203125
18.007	3.10546875	2.75390625
18.008	1.826171875	1.5966796875
18.009	1.5576171875	1.8115234375
18.009996	2.7685546875	3.0419921875
18.010996	3.3740234375	3.173828125
18.011996	2.333984375	1.9775390625
18.012996	1.42578125	1.5234375
18.013996	2.2216796875	2.578125
18.014996	3.3349609375	3.33984375
18.015996	2.8662109375	2.4853515625
18.016996	1.62109375	1.484375
18.017996	1.7333984375	2.0458984375
18.018996	3.0224609375	3.2080078125
18.019996	3.2666015625	2.96875
18.020996	2.041015625	1.73828125
18.021996	1.46484375	1.650390625
18.022996	2.529296875	2.8515625
18.023996	3.3984375	3.271484375
18.024996	2.5830078125	2.2021484375
18.025996	1.474609375	1.4697265625
18.026996	1.9873046875	2.3486328125
18.027996	3.2275390625	3.3203125
18.028996	3.0712890625	2.71484375
18.029996	1.77734375	1.5673828125
18.030996	1.591796875	1.865234375
18.031996	2.8271484375	3.0908203125
18.032996	3.359375	3.125
18.033996	2.2705078125	1.923828125
18.034996	1.4404296875	1.54296875
18.035996	2.2900390625	2.65625
18.036996	3.359375	3.3251953125
18.037996	2.79296875	2.4169921875
18.038996	1.5673828125	1.4794921875
18.039996	1.796875	2.1435546875
18.041	3.1005859375	3.26171875
18.042	3.203125	2.890625
18.043	1.9482421875	1.6845703125
18.044	1.4892578125	1.7041015625
18.045	2.6318359375	2.9345703125
18.046	3.388671875	3.2421875
18.047	2.4755859375	2.080078125
18.048	1.455078125	1.484375
18.049	2.099609375	2.4609375
18.05	3.30078125	3.3349609375
18.051	2.9638671875	2.59765625
18.052	1.689453125	1.5234375
18.052996	1.669921875	1.9677734375
18.053996	2.9443359375	3.1689453125
18.054996	3.3056640625	3.0419921875
18.055996	2.1337890625	1.8115234375
18.056996	1.4453125	1.6064453125
18.057996	2.4365234375	2.7880859375
18.058996	3.388671875	3.30078125
18.059996	2.6513671875	2.2705078125
18.060996	1.50390625	1.46484375
18.061996	1.93359375	2.2900390625
18.062996	3.203125	3.310546875
18.063996	3.10546875	2.7587890625
18.064996	1.8115234375	1.5869140625
18.065996	1.572265625	1.8310546875
18.066996	2.7978515625	3.06640625
18.067996	3.3544921875	3.1494140625
18.068996	2.2900390625	1.9384765625
18.069996	1.42578125	1.533203125
18.070996	2.28515625	2.6416015625
18.071996	3.3642578125	3.3349609375
18.072996	2.802734375	2.412109375
18.073996	1.5625	1.474609375
18.074996	1.8115234375	2.1435546875
18.075996	3.1005859375	3.26171875
18.076996	3.1982421875	2.880859375
18.077996	1.93359375	1.6650390625
18.078996	1.50390625	1.728515625
18.079996	2.65625	2.9638671875
18.080996	3.3837890625	3.22265625
18.081996	2.431640625	2.05078125
18.082996	1.435546875	1.4990234375
18.084	2.1630859375	2.5244140625
18.085	3.3203125	3.330078125
18.086	2.91015625	2.5341796875
18.087	1.640625	1.494140625
18.088	1.708984375	2.03125
18.089	3.0126953125	3.2080078125
18.09	3.271484375	2.9736328125
18.091	2.0361328125	1.748046875
18.092	1.4599609375	1.66015625
18.093	2.548828125	2.8662109375
18.094	3.388671875	3.2666015625
18.095	2.5439453125	2.1533203125
18.095996	1.4697265625	1.4794921875
18.096996	2.0458984375	2.4072265625
18.097996	3.2763671875	3.3349609375
18.098996	3.0029296875	2.6318359375
18.099996	1.708984375	1.533203125
18.100996	1.6552734375	1.9384765625
18.101996	2.9248046875	3.154296875
18.102996	3.3154296875	3.0419921875
18.103996	2.1337890625	1.806640625
18.104996	1.4501953125	1.6015625
18.105996	2.4560546875	2.79296875
18.106996	3.388671875	3.30078125
18.107996	2.626953125	2.24609375
18.108996	1.494140625	1.4697265625
18.109996	1.97265625	2.333984375
18.110996	3.22265625	3.3203125
18.111996	3.06640625	2.7099609375
18.112996	1.767578125	1.5673828125
18.113996	1.6064453125	1.8798828125
18.114996	2.8662109375	3.1201171875
18.115996	3.3447265625	3.095703125
18.116996	2.197265625	1.85546875
18.117996	1.4453125	1.572265625
18.118996	2.3828125	2.7294921875
18.119996	3.37890625	3.3154296875
18.120996	2.685546875	2.294921875
18.121996	1.5087890625	1.4697265625
18.122996	1.9189453125	2.2705078125
18.123996	3.1884765625	3.30078125
18.124996	3.10546875	2.75390625
18.126008	1.796875	1.5771484375
18.127	1.58203125	1.8505859375
18.128	2.8125	3.076171875
18.129	3.3447265625	3.125
18.13	2.24609375	1.8994140625
18.131	1.4404296875	1.5576171875
18.132	2.3388671875	2.705078125
18.133	3.37890625	3.3251953125
18.134	2.71484375	2.333984375
18.135	1.533203125	1.46484375
18.136	1.89453125	2.236328125
18.137	3.1689453125	3.2958984375
18.137996	3.1201171875	2.783203125
18.138996	1.8310546875	1.5966796875
18.139996	1.5673828125	1.81640625
18.140996	2.79296875	3.06640625
18.141996	3.359375	3.14453125
18.142996	2.265625	1.9189453125
18.143996	1.435546875	1.552734375
18.144996	2.3486328125	2.6806640625
18.145996	3.37890625	3.330078125
18.146996	2.7294921875	2.3486328125
18.147996	1.5380859375	1.4599609375
18.148996	1.8798828125	2.2265625
18.149996	3.1689453125	3.2958984375
18.150996	3.125	2.7880859375
18.151996	1.8408203125	1.5966796875
18.152996	1.5625	1.826171875
18.153996	2.79296875	3.06640625
18.154996	3.3544921875	3.134765625
18.155996	2.2607421875	1.9140625
18.156996	1.4404296875	1.5478515625
18.157996	2.3388671875	2.6953125
18.158996	3.37890625	3.3203125
18.159996	2.7197265625	2.3388671875
18.160996	1.5234375	1.46484375
18.161996	1.904296875	2.2509765625
18.162996	3.1884765625	3.30078125
18.163996	3.115234375	2.7734375
18.164996	1.806640625	1.591796875
18.165996	1.5771484375	1.8310546875
18.166996	2.822265625	3.0810546875
18.167996	3.3544921875	3.125
18.169	2.20703125	1.8798828125
18.17	1.4404296875	1.572265625
18.171	2.3779296875	2.7197265625
18.172	3.388671875	3.3203125
18.173	2.6806640625	2.294921875
18.174	1.513671875	1.455078125
18.175	1.93359375	2.3046875
18.176	3.212890625	3.3203125
18.177	3.0859375	2.7294921875
18.178	1.767578125	1.5576171875
18.179	1.6064453125	1.884765625
18.18	2.8662109375	3.125
18.180996	3.330078125	3.0859375
18.181996	2.177734375	1.8408203125
18.182996	1.4453125	1.5966796875
18.183996	2.4267578125	2.7685546875
18.184996	3.3935546875	3.2958984375
18.185996	2.626953125	2.2412109375
18.186996	1.4892578125	1.46484375
18.187996	1.9970703125	2.353515625
18.188996	3.2470703125	3.3203125
18.189996	3.017578125	2.6611328125
18.190996	1.7138671875	1.5380859375
18.191996	1.650390625	1.9482421875
18.192996	2.939453125	3.1591796875
18.193996	3.3056640625	3.0322265625
18.194996	2.0947265625	1.787109375
18.195996	1.4599609375	1.630859375
18.196996	2.5146484375	2.8515625
18.197996	3.3935546875	3.2763671875
18.198996	2.529296875	2.158203125
18.199996	1.46484375	1.4794921875
18.200996	2.080078125	2.44140625
18.201996	3.2861328125	3.33984375
18.202996	2.94921875	2.578125
18.203996	1.66015625	1.494140625
18.204996	1.71875	2.03125
18.205996	3.0224609375	3.22265625
18.206996	3.2470703125	2.958984375
18.207996	1.9921875	1.7138671875
18.208996	1.484375	1.6943359375
18.209996	2.6220703125	2.939453125
18.210996	3.388671875	3.22265625
18.212	2.412109375	2.041015625
18.213	1.435546875	1.4990234375
18.214	2.197265625	2.5537109375
18.215	3.3349609375	3.33984375
18.216	2.841796875	2.4609375
18.217	1.58203125	1.4697265625
18.218	1.806640625	2.1435546875
18.219	3.1103515625	3.2666015625
18.22	3.1787109375	2.8515625
18.221	1.875	1.630859375
18.222	1.54296875	1.77734375
18.223	2.763671875	3.0419921875
18.223996	3.369140625	3.1494140625
18.224996	2.28515625	1.9384765625
18.225996	1.4404296875	1.5478515625
18.226996	2.3291015625	2.6904296875
18.227996	3.369140625	3.3154296875
18.228996	2.705078125	2.3095703125
18.229996	1.513671875	1.4599609375
18.230996	1.93359375	2.2900390625
18.231996	3.2177734375	3.3203125
18.232996	3.06640625	2.7099609375
18.233996	1.7578125	1.5576171875
18.234996	1.6162109375	1.9091796875
18.235996	2.8955078125	3.1396484375
18.236996	3.3154296875	3.0615234375
18.237996	2.12890625	1.796875
18.238996	1.4501953125	1.6162109375
18.239996	2.5048828125	2.8369140625
18.240996	3.3984375	3.271484375
18.241996	2.5341796875	2.158203125
18.242996	1.455078125	1.474609375
18.243996	2.099609375	2.4462890625
18.244996	3.3056640625	3.3447265625
18.245996	2.9248046875	2.5537109375
18.246996	1.630859375	1.4990234375
18.247996	1.73828125	2.0654296875
18.248996	3.056640625	3.2421875
18.249996	3.212890625	2.9150390625
18.250996	1.9482421875	1.669921875
18.251996	1.5087890625	1.73828125
18.252996	2.6953125	2.9931640625
18.254008	3.37890625	3.1884765625
18.255	2.333984375	1.9677734375
18.256	1.4306640625	1.5234375
18.257	2.2900390625	2.6416015625
18.258	3.3642578125	3.3349609375
18.259	2.734375	2.3583984375
18.26	1.5185546875	1.455078125
18.261	1.9140625	2.255859375
18.262	3.1884765625	3.310546875
18.263	3.076171875	2.7392578125
18.264	1.77734375	1.5576171875
18.265	1.611328125	1.8896484375
18.265996	2.8955078125	3.1396484375
18.266996	3.3154296875	3.056640625
18.267996	2.119140625	1.7919921875
18.268996	1.46484375	1.62109375
18.269996	2.5244140625	2.8466796875
18.270996	3.3935546875	3.271484375
18.271996	2.5146484375	2.1435546875
18.272996	1.455078125	1.4794921875
18.273996	2.1142578125	2.4853515625
18.274996	3.3154296875	3.3447265625
18.275996	2.8857421875	2.5146484375
18.276996	1.611328125	1.4892578125
18.277996	1.7822265625	2.099609375
18.278996	3.095703125	3.26171875
18.279996	3.1884765625	2.8759765625
18.280996	1.89453125	1.6357421875
18.281996	1.5380859375	1.77734375
18.282996	2.7587890625	3.0419921875
18.283996	3.3642578125	3.154296875
18.284996	2.2607421875	1.9091796875
18.285996	1.4404296875	1.5625
18.286996	2.373046875	2.7294921875
18.287996	3.3935546875	3.3154296875
18.288996	2.6513671875	2.265625
18.289996	1.494140625	1.4599609375
18.290996	2.001953125	2.353515625
18.291996	3.26171875	3.3349609375
18.292996	2.9931640625	2.63671875
18.293996	1.689453125	1.5185546875
18.294996	1.6943359375	1.9921875
18.295996	2.998046875	3.2080078125
18.297	3.2470703125	2.9541015625
18.298	1.982421875	1.6943359375
18.299	1.494140625	1.69921875
18.3	2.65625	2.9736328125
18.301	3.3837890625	3.203125
18.302	2.3583984375	1.9970703125
18.303	1.435546875	1.5185546875
18.304	2.2802734375	2.63671875
18.305	3.3740234375	3.3349609375
18.306	2.724609375	2.353515625
18.307	1.5234375	1.46484375
18.308	1.923828125	2.275390625
18.308996	3.2177734375	3.3154296875
18.309996	3.056640625	2.7099609375
18.310996	1.7333984375	1.5380859375
18.311996	1.6455078125	1.9384765625
18.312996	2.939453125	3.173828125
18.313996	3.2861328125	3.017578125
18.314996	2.05078125	1.7578125
18.315996	1.474609375	1.6650390625
18.316996	2.6025390625	2.91015625
18.317996	3.3935546875	3.2373046875
18.318996	2.4169921875	2.05078125
18.319996	1.4404296875	1.4990234375
18.320996	2.2314453125	2.587890625
18.321996	3.359375	3.330078125
18.322996	2.7783203125	2.3974609375
18.323996	1.5478515625	1.46484375
18.324996	1.8896484375	2.2314453125
18.325996	3.18359375	3.310546875
18.326996	3.0908203125	2.7392578125
18.327996	1.7724609375	1.5625
18.328996	1.6259765625	1.89453125
18.329996	2.919921875	3.1494140625
18.330996	3.30078125	3.037109375
18.331996	2.0751953125	1.767578125
18.332996	1.474609375	1.650390625
18.333996	2.5830078125	2.900390625
18.334996	3.3935546875	3.2421875
18.335996	2.4365234375	2.060546875
18.336996	1.4404296875	1.4990234375
18.337996	2.2216796875	2.568359375
18.338996	3.3447265625	3.330078125
18.34	2.7685546875	2.392578125
18.341	1.5380859375	1.46484375
18.342	1.89453125	2.2265625
18.343	3.193359375	3.3056640625
18.344	3.0810546875	2.7392578125
18.345	1.7626953125	1.5625
18.346	1.6259765625	1.9140625
18.347	2.9345703125	3.1640625
18.348	3.30078125	3.017578125
18.349	2.060546875	1.7529296875
18.35	1.4794921875	1.66015625
18.351	2.6025390625	2.919921875
18.351996	3.3935546875	3.232421875
18.352996	2.40234375	2.041015625
18.353996	1.435546875	1.5087890625
18.354996	2.2509765625	2.607421875
18.355996	3.359375	3.3349609375
18.356996	2.7490234375	2.3681640625
18.357996	1.5185546875	1.455078125
18.358996	1.923828125	2.2705078125
18.359996	3.22265625	3.3154296875
18.360996	3.046875	2.6953125
18.361996	1.71875	1.533203125
18.362996	1.66015625	1.9580078125
18.363996	2.9736328125	3.18359375
18.364996	3.271484375	2.978515625
18.365996	2.0068359375	1.7138671875
18.366996	1.4892578125	1.6943359375
18.367996	2.666015625	2.9638671875
18.368996	3.3837890625	3.1884765625
18.369996	2.333984375	1.97265625
18.370996	1.435546875	1.5234375
18.371996	2.32421875	2.6806640625
18.372996	3.3837890625	3.3251953125
18.373996	2.67578125	2.28515625
18.374996	1.4990234375	1.4599609375
18.375996	2.001953125	2.3583984375
18.376996	3.2666015625	3.33984375
18.377996	2.96875	2.607421875
18.378996	1.6552734375	1.513671875
18.379996	1.7236328125	2.05078125
18.380996	3.0517578125	3.2470703125
18.382008	3.203125	2.8857421875
18.383	1.904296875	1.640625
18.384	1.533203125	1.77734375
18.385	2.763671875	3.046875
18.386	3.359375	3.1396484375
18.387	2.216796875	1.8798828125
18.388	1.4453125	1.572265625
18.389	2.4462890625	2.79296875
18.39	3.3984375	3.2763671875
18.391	2.548828125	2.1728515625
18.392	1.4599609375	1.4794921875
18.393	2.1240234375	2.4755859375
18.393996	3.3251953125	3.349609375
18.394996	2.8662109375	2.4755859375
18.395996	1.58203125	1.474609375
18.396996	1.8359375	2.177734375
18.397996	3.154296875	3.2861328125
18.398996	3.1103515625	2.7783203125
18.399996	1.7919921875	1.58203125
18.400996	1.6162109375	1.884765625
18.401996	2.9052734375	3.1494140625
18.402996	3.2958984375	3.0419921875
18.403996	2.0703125	1.7626953125
18.404996	1.474609375	1.6650390625
18.405996	2.607421875	2.9248046875
18.406996	3.388671875	3.2275390625
18.407996	2.3779296875	2.0166015625
18.408996	1.435546875	1.5185546875
18.409996	2.294921875	2.6416015625
18.410996	3.37890625	3.3349609375
18.411996	2.6953125	2.314453125
18.412996	1.50390625	1.4599609375
18.413996	1.9873046875	2.34375
18.414996	3.271484375	3.330078125
18.415996	2.978515625	2.6025390625
18.416996	1.66015625	1.50390625
18.417996	1.728515625	2.0458984375
18.418996	3.0712890625	3.2470703125
18.419996	3.203125	2.880859375
18.420996	1.884765625	1.6357421875
18.421996	1.54296875	1.8017578125
18.422996	2.7978515625	3.076171875
18.423996	3.349609375	3.115234375
18.425	2.16796875	1.8359375
18.426	1.4501953125	1.6162109375
18.427	2.509765625	2.841796875
18.428	3.388671875	3.271484375
18.429	2.470703125	2.1044921875
18.43	1.4453125	1.4892578125
18.431	2.20703125	2.5732421875
18.432	3.3447265625	3.3349609375
18.433	2.7734375	2.392578125
18.434	1.533203125	1.46484375
18.435	1.923828125	2.2705078125
18.436	3.2177734375	3.3203125
18.436996	3.0224609375	2.67578125
18.437996	1.708984375	1.5234375
18.438996	1.6845703125	1.9970703125
18.439996	3.0224609375	3.22265625
18.440996	3.2373046875	2.939453125
18.441996	1.943359375	1.66015625
18.442996	1.5283203125	1.7578125
18.443996	2.763671875	3.037109375
18.444996	3.3544921875	3.14453125
18.445996	2.20703125	1.8798828125
18.446996	1.4404296875	1.58203125
18.447996	2.4755859375	2.8076171875
18.448996	3.388671875	3.28125
18.449996	2.5146484375	2.12890625
18.450996	1.4501953125	1.4892578125
18.451996	2.177734375	2.5390625
18.452996	3.349609375	3.3349609375
18.453996	2.79296875	2.40234375
18.454996	1.5380859375	1.4697265625
18.455996	1.9140625	2.255859375
18.456996	3.212890625	3.3203125
18.457996	3.0322265625	2.6806640625
18.458996	1.69921875	1.5283203125
18.459996	1.6943359375	1.9970703125
18.460996	3.017578125	3.22265625
18.461996	3.22265625	2.919921875
18.462996	1.93359375	1.66015625
18.463996	1.533203125	1.7724609375
18.464996	2.7685546875	3.056640625
18.465996	3.349609375	3.1298828125
18.466996	2.1923828125	1.85546875
18.468	1.4501953125	1.5966796875
18.469	2.4951171875	2.83203125
18.47	3.3984375	3.26171875
18.471	2.4755859375	2.08984375
18.472	1.4453125	1.4990234375
18.473	2.2265625	2.5830078125
18.474	3.3544921875	3.33984375
18.475	2.7392578125	2.36328125
18.476	1.5185546875	1.46484375
18.477	1.962890625	2.3046875
18.478	3.251953125	3.3349609375
18.479	2.98828125	2.6171875
18.479996	1.6650390625	1.50390625
18.480996	1.73828125	2.060546875
18.481996	3.0810546875	3.251953125
18.482996	3.1787109375	2.87109375
18.483996	1.865234375	1.6162109375
18.484996	1.5673828125	1.826171875
18.485996	2.8564453125	3.10546875
18.486996	3.3203125	3.0712890625
18.487996	2.1044921875	1.7919921875
18.488996	1.4697265625	1.650390625
18.489996	2.6025390625	2.919921875
18.490996	3.3837890625	3.2275390625
18.491996	2.3681640625	1.9970703125
18.492996	1.435546875	1.5185546875
18.493996	2.3291015625	2.685546875
18.494996	3.3740234375	3.3203125
18.495996	2.6318359375	2.24609375
18.496996	1.474609375	1.46484375
18.497996	2.0703125	2.431640625
18.498996	3.3056640625	3.33984375
18.499996	2.8759765625	2.5048828125
18.500996	1.58203125	1.4794921875
18.501996	1.845703125	2.16796875
18.502996	3.173828125	3.2958984375
18.503996	3.1005859375	2.7490234375
18.504996	1.748046875	1.552734375
18.505996	1.66015625	1.9384765625
18.506996	2.978515625	3.193359375
18.507996	3.2568359375	2.9541015625
18.508996	1.9580078125	1.6845703125
18.510008	1.5234375	1.7529296875
18.511	2.7587890625	3.0322265625
18.512	3.349609375	3.134765625
18.513	2.20703125	1.8701171875
18.514	1.4404296875	1.5966796875
18.515	2.509765625	2.8369140625
18.516	3.3935546875	3.26171875
18.517	2.4609375	2.08984375
18.518	1.4453125	1.494140625
18.519	2.255859375	2.6171875
18.52	3.369140625	3.330078125
18.521	2.7001953125	2.3193359375
18.521996	1.4990234375	1.46484375
18.522996	2.01171875	2.36328125
18.523996	3.2861328125	3.33984375
18.524996	2.9248046875	2.55859375
18.525996	1.6064453125	1.484375
18.526996	1.8017578125	2.1240234375
18.527996	3.14453125	3.2861328125
18.528996	3.1201171875	2.7783203125
18.529996	1.7822265625	1.5673828125
18.530996	1.6357421875	1.9189453125
18.531996	2.9541015625	3.1787109375
18.532996	3.2666015625	2.98828125
18.533996	1.9873046875	1.69921875
18.534996	1.50390625	1.73828125
18.535996	2.7392578125	3.02734375
18.536996	3.3544921875	3.1494140625
18.537996	2.20703125	1.8701171875
18.538996	1.4501953125	1.5966796875
18.539996	2.509765625	2.83203125
18.540996	3.3984375	3.26171875
18.541996	2.4462890625	2.080078125
18.542996	1.4453125	1.4990234375
18.543996	2.2705078125	2.6171875
18.544996	3.3740234375	3.3349609375
18.545996	2.67578125	2.294921875
18.546996	1.4892578125	1.46484375
18.547996	2.041015625	2.3974609375
18.548996	3.291015625	3.3447265625
18.549996	2.8955078125	2.51953125
18.550996	1.591796875	1.474609375
18.551996	1.8359375	2.1728515625
18.553	3.18359375	3.3056640625
18.554	3.0810546875	2.7197265625
18.555	1.73828125	1.54296875
18.556	1.669921875	1.962890625
18.557	3.0126953125	3.212890625
18.558	3.2373046875	2.9345703125
18.559	1.9091796875	1.650390625
18.56	1.54296875	1.787109375
18.561	2.8125	3.076171875
18.562	3.3349609375	3.095703125
18.563	2.12890625	1.806640625
18.564	1.4599609375	1.6357421875
18.564996	2.59765625	2.91015625
18.565996	3.388671875	3.22265625
18.566996	2.3486328125	1.9873046875
18.567996	1.435546875	1.533203125
18.568996	2.3779296875	2.724609375
18.569996	3.3935546875	3.30078125
18.570996	2.5732421875	2.1875
18.571996	1.4697265625	1.474609375
18.572996	2.158203125	2.5146484375
18.573996	3.349609375	3.349609375
18.574996	2.7783203125	2.3974609375
18.575996	1.5283203125	1.455078125
18.576996	1.9580078125	2.3046875
18.577996	3.2568359375	3.330078125
18.578996	2.9638671875	2.6025390625
18.579996	1.630859375	1.494140625
18.580996	1.77734375	2.109375
18.581996	3.1201171875	3.2763671875
18.582996	3.1298828125	2.8076171875
18.583996	1.7822265625	1.572265625
18.584996	1.630859375	1.923828125
18.585996	2.9638671875	3.1884765625
18.586996	3.26171875	2.96875
18.587996	1.9580078125	1.6845703125
18.588996	1.5283203125	1.7578125
18.589996	2.7734375	3.0517578125
18.590996	3.3447265625	3.115234375
18.591996	2.158203125	1.8310546875
18.592996	1.455078125	1.62109375
18.593996	2.5732421875	2.890625
18.594996	3.388671875	3.232421875
18.596	2.3388671875	1.9873046875
18.597	1.4404296875	1.533203125
18.598	2.373046875	2.724609375
18.599	3.3984375	3.2958984375
18.6	2.568359375	2.1826171875
18.601	1.4599609375	1.474609375
18.602	2.16796875	2.51953125
18.603	3.3544921875	3.3447265625
18.604	2.763671875	2.373046875
18.605	1.5185546875	1.455078125
18.606	1.982421875	2.333984375
18.607	3.271484375	3.3447265625
18.607996	2.939453125	2.55859375
18.608996	1.6162109375	1.4892578125
18.609996	1.81640625	2.1435546875
18.610996	3.1640625	3.291015625
18.611996	3.0908203125	2.7490234375
18.612996	1.7431640625	1.5478515625
18.613996	1.6748046875	1.97265625
18.614996	3.0126953125	3.2177734375
18.615996	3.212890625	2.9150390625
18.616996	1.8994140625	1.6357421875
18.617996	1.5625	1.81640625
18.618996	2.8564453125	3.115234375
18.619996	3.310546875	3.056640625
18.620996	2.0703125	1.7578125
18.621996	1.484375	1.6748046875
18.622996	2.6806640625	2.96875
18.623996	3.3642578125	3.1787109375
18.624996	2.24609375	1.8994140625
18.625996	1.435546875	1.5869140625
18.626996	2.4853515625	2.822265625
18.627996	3.388671875	3.26171875
18.628996	2.4365234375	2.0654296875
18.629996	1.4453125	1.50390625
18.630996	2.2998046875	2.6611328125
18.631996	3.3837890625	3.3251953125
18.632996	2.6220703125	2.2314453125
18.633996	1.4697265625	1.4697265625
18.634996	2.1240234375	2.48046875
18.635996	3.3349609375	3.349609375
18.636996	2.7880859375	2.4072265625
18.638008	1.5185546875	1.46484375
18.639	1.962890625	2.32421875
18.64	3.2666015625	3.3349609375
18.641	2.9443359375	2.587890625
18.642	1.6162109375	1.484375
18.643	1.806640625	2.1337890625
18.644	3.1591796875	3.2958984375
18.645	3.0908203125	2.7490234375
18.646	1.7236328125	1.5478515625
18.647	1.6796875	1.9873046875
18.648	3.037109375	3.22265625
18.649	3.203125	2.8955078125
18.649996	1.8701171875	1.6259765625
18.650996	1.5771484375	1.8408203125
18.651996	2.890625	3.14453125
18.652996	3.2958984375	3.0322265625
18.653996	2.0166015625	1.7333984375
18.654996	1.4990234375	1.7138671875
18.655996	2.734375	3.02734375
18.656996	3.359375	3.1396484375
18.657996	2.1875	1.8505859375
18.658996	1.455078125	1.611328125
18.659996	2.5732421875	2.880859375
18.660996	3.388671875	3.232421875
18.661996	2.3486328125	1.9873046875
18.662996	1.4404296875	1.533203125
18.663996	2.3974609375	2.7490234375
18.664996	3.388671875	3.291015625
18.665996	2.509765625	2.1337890625
18.666996	1.4453125	1.484375
18.667996	2.2412109375	2.587890625
18.668996	3.369140625	3.330078125
18.669996	2.6708984375	2.2900390625
18.670996	1.474609375	1.46484375
18.671996	2.0849609375	2.4365234375
18.672996	3.3203125	3.3447265625
18.673996	2.822265625	2.4462890625
18.674996	1.533203125	1.46484375
18.675996	1.9384765625	2.2900390625
18.676996	3.2568359375	3.330078125
18.677996	2.958984375	2.587890625
18.678996	1.62109375	1.4892578125
18.679996	1.8017578125	2.138671875
18.681	3.173828125	3.30078125
18.682	3.076171875	2.724609375
18.683	1.71875	1.533203125
18.684	1.689453125	2.001953125
18.685	3.056640625	3.2373046875
18.686	3.18359375	2.87109375
18.687	1.8408203125	1.5966796875
18.688	1.6064453125	1.875
18.689	2.939453125	3.1591796875
18.69	3.271484375	2.9931640625
18.691	1.962890625	1.689453125
18.692	1.533203125	1.7529296875
18.692996	2.7978515625	3.076171875
18.693996	3.3251953125	3.095703125
18.694996	2.099609375	1.7822265625
18.695996	1.484375	1.669921875
18.696996	2.666015625	2.958984375
18.697996	3.3642578125	3.1787109375
18.698996	2.2412109375	1.89453125
18.699996	1.4453125	1.5869140625
18.700996	2.51953125	2.8515625
18.701996	3.3984375	3.2470703125
18.702996	2.3876953125	2.0166015625
18.703996	1.4404296875	1.5283203125
18.704996	2.373046875	2.724609375
18.705996	3.3935546875	3.2958984375
18.706996	2.51953125	2.1484375
18.707996	1.455078125	1.4892578125
18.708996	2.236328125	2.59765625
18.709996	3.3740234375	3.3349609375
18.710996	2.6513671875	2.28515625
18.711996	1.4697265625	1.46484375
18.712996	2.1044921875	2.4658203125
18.713996	3.33984375	3.3447265625
18.714996	2.7880859375	2.412109375
18.715996	1.5234375	1.4599609375
18.716996	1.982421875	2.333984375
18.717996	3.28125	3.3447265625
18.718996	2.8955078125	2.5390625
18.719996	1.5869140625	1.474609375
18.720996	1.8603515625	2.2021484375
18.721996	3.212890625	3.310546875
18.722996	3.0126953125	2.666015625
18.724	1.6552734375	1.5087890625
18.725	1.767578125	2.0947265625
18.726	3.125	3.2763671875
18.727	3.1103515625	2.7734375
18.728	1.748046875	1.552734375
18.729	1.669921875	1.9677734375
18.73	3.037109375	3.2275390625
18.731	3.1982421875	2.8857421875
18.732	1.845703125	1.6015625
18.733	1.6015625	1.865234375
18.734	2.939453125	3.1689453125
18.735	3.2666015625	2.96875
18.735996	1.953125	1.6796875
18.736996	1.533203125	1.77734375
18.737996	2.8271484375	3.0859375
18.738996	3.3203125	3.0712890625
18.739996	2.0556640625	1.7578125
18.740996	1.4990234375	1.69921875
18.741996	2.71484375	3.0126953125
18.742996	3.359375	3.1396484375
18.743996	2.177734375	1.8310546875
18.744996	1.4599609375	1.6259765625
18.745996	2.607421875	2.9150390625
18.746996	3.3837890625	3.2080078125
18.747996	2.2900390625	1.93359375
18.748996	1.4453125	1.5673828125
18.749996	2.4853515625	2.822265625
18.750996	3.3935546875	3.26171875
18.751996	2.392578125	2.0263671875
18.752996	1.4306640625	1.5234375
18.753996	2.3779296875	2.7294921875
18.754996	3.3935546875	3.30078125
18.755996	2.5146484375	2.138671875
18.756996	1.4453125	1.494140625
18.757996	2.2607421875	2.626953125
18.758996	3.37890625	3.330078125
18.759996	2.6171875	2.236328125
18.760996	1.46484375	1.46484375
18.761996	2.158203125	2.51953125
18.762996	3.3544921875	3.3447265625
18.763996	2.7197265625	2.3291015625
18.764996	1.494140625	1.455078125
18.766008	2.0703125	2.431640625
18.767	3.359375	3.3447265625
18.768	2.8076171875	2.44140625
18.769	1.5234375	1.455078125
18.77	1.9580078125	2.314453125
18.771	3.28125	3.33984375
18.772	2.9052734375	2.5244140625
18.773	1.58203125	1.46484375
18.774	1.875	2.2216796875
18.775	3.2275390625	3.330078125
18.776	2.98828125	2.6318359375
18.777	1.640625	1.4892578125
18.777996	1.8017578125	2.1337890625
18.778996	3.1640625	3.291015625
18.779996	3.0615234375	2.7197265625
18.780996	1.7041015625	1.5234375
18.781996	1.7236328125	2.0361328125
18.782996	3.10546875	3.2666015625
18.783996	3.1298828125	2.7978515625
18.784996	1.7626953125	1.5625
18.785996	1.669921875	1.962890625
18.786996	3.0322265625	3.232421875
18.787996	3.1982421875	2.880859375
18.788996	1.8408203125	1.6064453125
18.789996	1.6015625	1.884765625
18.790996	2.958984375	3.18359375
18.791996	3.2470703125	2.94921875
18.792996	1.9140625	1.6552734375
18.793996	1.5576171875	1.8115234375
18.794996	2.880859375	3.134765625
18.795996	3.2861328125	3.0078125
18.796996	1.982421875	1.69921875
18.797996	1.5234375	1.748046875
18.798996	2.802734375	3.076171875
18.799996	3.3251953125	3.076171875
18.800996	2.060546875	1.748046875
18.801996	1.4892578125	1.689453125
18.802996	2.7294921875	3.0224609375
18.803996	3.3544921875	3.125
18.804996	2.1435546875	1.8115234375
18.805996	1.46484375	1.640625
18.806996	2.65625	2.958984375
18.807996	3.369140625	3.1787109375
18.809	2.2119140625	1.865234375
18.81	1.4501953125	1.6162109375
18.811	2.5732421875	2.8955078125
18.812	3.388671875	3.22265625
18.813	2.2998046875	1.9482421875
18.814	1.4306640625	1.572265625
18.815	2.5048828125	2.841796875
18.816	3.388671875	3.251953125
18.817	2.373046875	2.01171875
18.818	1.435546875	1.5380859375
18.819	2.4267578125	2.7587890625
18.82	3.3984375	3.2861328125
18.820996	2.451171875	2.0751953125
18.821996	1.4404296875	1.50390625
18.822996	2.34375	2.7099609375
18.823996	3.3984375	3.30078125
18.824996	2.5146484375	2.138671875
18.825996	1.4404296875	1.494140625
18.826996	2.28515625	2.6416015625
18.827996	3.37890625	3.3203125
18.828996	2.578125	2.197265625
18.829996	1.455078125	1.474609375
18.830996	2.216796875	2.5732421875
18.831996	3.3740234375	3.3349609375
18.832996	2.6416015625	2.2607421875
18.833996	1.4697265625	1.4599609375
18.834996	2.1484375	2.5146484375
18.835996	3.3544921875	3.33984375
18.836996	2.6953125	2.3193359375
18.837996	1.4794921875	1.46484375
18.838996	2.1044921875	2.451171875
18.839996	3.3349609375	3.3447265625
18.840996	2.7685546875	2.3974609375
18.841996	1.50390625	1.4599609375
18.842996	2.0458984375	2.3876953125
18.843996	3.3203125	3.3447265625
18.844996	2.8125	2.431640625
18.845996	1.533203125	1.4599609375
18.846996	1.9921875	2.34375
18.847996	3.2958984375	3.33984375
18.848996	2.861328125	2.48046875
18.849996	1.54296875	1.46484375
18.850996	1.9384765625	2.2900390625
18.852	3.2763671875	3.3349609375
18.853	2.9150390625	2.5341796875
18.854	1.5771484375	1.4697265625
18.855	1.8994140625	2.24609375
18.856	3.2470703125	3.3349609375
18.857	2.9638671875	2.578125
18.858	1.6064453125	1.484375
18.859	1.8505859375	2.1923828125
18.86	3.2080078125	3.3203125
18.861	2.998046875	2.626953125
18.862	1.6357421875	1.4892578125
18.863	1.8115234375	2.1435546875
18.863996	3.18359375	3.30078125
18.864996	3.02734375	2.67578125
18.865996	1.6552734375	1.50390625
18.866996	1.77734375	2.109375
18.867996	3.1591796875	3.30078125
18.868996	3.06640625	2.7099609375
18.869996	1.689453125	1.513671875
18.870996	1.7529296875	2.0751953125
18.871996	3.1298828125	3.28125
18.872996	3.0908203125	2.7490234375
18.873996	1.71875	1.533203125
18.874996	1.7236328125	2.0361328125
18.875996	3.10546875	3.2666015625
18.876996	3.1298828125	2.7880859375
18.877996	1.7431640625	1.54296875
18.878996	1.689453125	2.001953125
18.879996	3.0810546875	3.2470703125
18.880996	3.14453125	2.8173828125
18.881996	1.7724609375	1.5625
18.882996	1.6748046875	1.9677734375
18.883996	3.046875	3.2373046875
18.884996	3.173828125	2.8466796875
18.885996	1.796875	1.5625
18.886996	1.6552734375	1.93359375
18.887996	3.02734375	3.2275390625
18.888996	3.18359375	2.87109375
18.889996	1.81640625	1.591796875
18.890996	1.640625	1.9189453125
18.891996	2.998046875	3.2080078125
18.892996	3.212890625	2.900390625
18.894008	1.8310546875	1.6015625
18.895	1.62109375	1.8994140625
18.896	2.9833984375	3.1982421875
18.897	3.22265625	2.919921875
18.898	1.8603515625	1.62109375
18.899	1.6015625	1.875
18.9	2.958984375	3.193359375
18.901	3.232421875	2.9443359375
18.902	1.884765625	1.630859375
18.903	1.5869140625	1.8505859375
18.904	2.939453125	3.173828125
18.905	3.2470703125	2.958984375
18.905996	1.8994140625	1.640625
18.906996	1.5771484375	1.8359375
18.907996	2.9150390625	3.1591796875
18.908996	3.2568359375	2.978515625
18.909996	1.923828125	1.650390625
18.910996	1.5625	1.8212890625
18.911996	2.9052734375	3.1396484375
18.912996	3.26171875	2.9833984375
18.913996	1.9384765625	1.6552734375
18.914996	1.5673828125	1.8017578125
18.915996	2.900390625	3.14453125
18.916996	3.28125	3.0078125
18.917996	1.943359375	1.6796875
18.918996	1.5576171875	1.7919921875
18.919996	2.880859375	3.134765625
18.920996	3.28125	3.0078125
18.921996	1.953125	1.6845703125
18.922996	1.54296875	1.796875
18.923996	2.861328125	3.125
18.924996	3.2861328125	3.0224609375
18.925996	1.9677734375	1.6845703125
18.926996	1.54296875	1.7822265625
18.927996	2.861328125	3.125
18.928996	3.2958984375	3.0224609375
18.929996	1.962890625	1.6845703125
18.930996	1.533203125	1.7822265625
18.931996	2.8515625	3.10546875
18.932996	3.2861328125	3.0224609375
18.933996	1.9775390625	1.6943359375
18.934996	1.5283203125	1.7724609375
18.935996	2.8564453125	3.1103515625
18.937	3.291015625	3.0126953125
18.938	1.9677734375	1.6943359375
18.939	1.4794921875	1.6259765625
18.94	1.5087890625	1.81640625
18.941	1.5283203125	1.8896484375
18.942	1.5478515625	1.8701171875
18.943	1.5869140625	1.8017578125
18.944	1.611328125	1.708984375
18.945	1.650390625	1.630859375
18.946	1.6845703125	1.5771484375
18.947	1.7236328125	1.572265625
18.948	1.7724609375	1.5966796875
18.948996	1.8212890625	1.6552734375
18.949996	1.8701171875	1.728515625
18.950996	1.923828125	1.81640625
18.951996	1.9873046875	1.9091796875
18.952996	2.041015625	1.982421875
18.953996	2.1044921875	2.0556640625
18.954996	2.1630859375	2.119140625
18.955996	2.216796875	2.16796875
18.956996	2.28515625	2.216796875
18.957996	2.3486328125	2.275390625
18.958996	2.4169921875	2.3291015625
18.959996	2.4853515625	2.3828125
18.960996	2.5439453125	2.4462890625
18.961996	2.6123046875	2.509765625
18.962996	2.67578125	2.578125
18.963996	2.7392578125	2.63671875
18.964996	2.79296875	2.7099609375
18.965996	2.8515625	2.763671875
18.966996	2.9052734375	2.8271484375
18.967996	2.9541015625	2.8857421875
18.968996	3.0126953125	2.9443359375
18.969996	3.0615234375	2.9931640625
18.970996	3.115234375	3.0517578125
18.971996	3.1640625	3.095703125
18.972996	3.1982421875	3.1396484375
18.973996	3.2373046875	3.1787109375
18.974996	3.2763671875	3.2177734375
18.975996	3.30078125	3.2470703125
18.976996	3.3349609375	3.2763671875
18.977996	3.349609375	3.3056640625
18.978996	3.369140625	3.3251953125
18.98	3.37890625	3.349609375
18.981	3.388671875	3.3544921875
18.982	3.3984375	3.369140625
18.983	3.4033203125	3.37890625
18.984	3.3935546875	3.369140625
18.985	3.3740234375	3.369140625
18.986	3.369140625	3.3544921875
18.987	3.349609375	3.3447265625
18.988	3.330078125	3.3251953125
18.989	3.30078125	3.3056640625
18.99	3.26171875	3.2861328125
18.991	3.232421875	3.2421875
18.991996	3.193359375	3.2080078125
18.992996	3.14453125	3.1689453125
18.993996	3.1005859375	3.134765625
18.994996	3.0419921875	3.0810546875
18.995996	2.9931640625	3.037109375
18.996996	2.939453125	2.9736328125
18.997996	2.87109375	2.9296875
18.998996	2.8125	2.861328125
18.999996	2.7490234375	2.8076171875
19.000996	2.6708984375	2.734375
19.001996	2.59765625	2.6611328125
19.002996	2.548828125	2.6025390625
19.003996	2.470703125	2.5390625
19.004996	2.3974609375	2.470703125
19.005996	2.32421875	2.3974609375
19.006996	2.2607421875	2.32421875
19.007996	2.1875	2.255859375
19.008996	2.119140625	2.1875
19.009996	2.0556640625	2.119140625
19.010996	1.9873046875	2.05078125
19.011996	1.9287109375	1.9775390625
19.012996	1.865234375	1.9091796875
19.013996	1.8017578125	1.8603515625
19.014996	1.748046875	1.8017578125
19.015996	1.69921875	1.7529296875
19.016996	1.650390625	1.689453125
19.017996	1.6064453125	1.650390625
19.018996	1.5625	1.611328125
19.019996	1.5283203125	1.5673828125
19.020996	1.50390625	1.533203125
19.022008	1.484375	1.494140625
19.023	1.4697265625	1.4697265625
19.024	1.4501953125	1.4501953125
19.025	1.435546875	1.4453125
19.026	1.435546875	1.435546875
19.027	1.4404296875	1.4306640625
19.028	1.4453125	1.4306640625
19.029	1.455078125	1.435546875
19.03	1.474609375	1.4501953125
19.031	1.4990234375	1.4697265625
19.032	1.533203125	1.4990234375
19.033	1.5625	1.5185546875
19.033996	1.5966796875	1.5478515625
19.034996	1.6455078125	1.5869140625
19.035996	1.689453125	1.6357421875
19.036996	1.748046875	1.6845703125
19.037996	1.81640625	1.73828125
19.038996	1.865234375	1.7919921875
19.039996	1.9384765625	1.85546875
19.040996	2.0068359375	1.923828125
19.041996	2.0751953125	1.9921875
19.042996	2.1484375	2.060546875
19.043996	2.2216796875	2.12890625
19.044996	2.3046875	2.197265625
19.045996	2.373046875	2.275390625
19.046996	2.4609375	2.3486328125
19.047996	2.5341796875	2.431640625
19.048996	2.6123046875	2.5048828125
19.049996	2.6904296875	2.578125
19.050996	2.7587890625	2.65625
19.051996	2.8271484375	2.724609375
19.052996	2.900390625	2.802734375
19.053996	2.958984375	2.8759765625
19.054996	3.0322265625	2.939453125
19.055996	3.0810546875	3.0029296875
19.056996	3.134765625	3.0615234375
19.057996	3.193359375	3.1201171875
19.058996	3.232421875	3.1591796875
19.059996	3.2763671875	3.2177734375
19.060996	3.310546875	3.2568359375
19.061996	3.33984375	3.28125
19.062996	3.3642578125	3.310546875
19.063996	3.3837890625	3.3447265625
19.065	3.3935546875	3.3544921875
19.066	3.3984375	3.3642578125
19.067	3.388671875	3.369140625
19.068	3.3837890625	3.37890625
19.069	3.369140625	3.3642578125
19.07	3.349609375	3.3447265625
19.071	3.3154296875	3.3251953125
19.072	3.2861328125	3.30078125
19.073	3.2373046875	3.271484375
19.074	3.2080078125	3.22265625
19.075	3.1494140625	3.1884765625
19.076	3.095703125	3.1396484375
19.076996	3.0322265625	3.076171875
19.077996	2.9638671875	3.02734375
19.078996	2.890625	2.9541015625
19.079996	2.8271484375	2.8857421875
19.080996	2.7392578125	2.8173828125
19.081996	2.6708984375	2.7392578125
19.082996	2.587890625	2.6611328125
19.083996	2.509765625	2.5830078125
19.084996	2.4169921875	2.5
19.085996	2.333984375	2.421875
19.086996	2.265625	2.333984375
19.087996	2.16796875	2.255859375
19.088996	2.099609375	2.177734375
19.089996	2.021484375	2.0947265625
19.090996	1.943359375	2.021484375
19.091996	1.865234375	1.943359375
19.092996	1.8017578125	1.8701171875
19.093996	1.7333984375	1.806640625
19.094996	1.6796875	1.73828125
19.095996	1.630859375	1.6845703125
19.096996	1.5771484375	1.6259765625
19.097996	1.5478515625	1.58203125
19.098996	1.4990234375	1.5380859375
19.099996	1.474609375	1.50390625
19.100996	1.455078125	1.4794921875
19.101996	1.4453125	1.455078125
19.102996	1.4306640625	1.4404296875
19.103996	1.4306640625	1.42578125
19.104996	1.4404296875	1.4306640625
19.105996	1.4599609375	1.435546875
19.106996	1.4794921875	1.4453125
19.108	1.513671875	1.484375
19.109	1.5576171875	1.5087890625
19.11	1.5869140625	1.54296875
19.111	1.6455078125	1.5771484375
19.112	1.7041015625	1.630859375
19.113	1.767578125	1.689453125
19.114	1.8212890625	1.748046875
19.115	1.904296875	1.8115234375
19.116	1.9677734375	1.8798828125
19.117	2.060546875	1.962890625
19.118	2.138671875	2.0361328125
19.119	2.216796875	2.1142578125
19.119996	2.314453125	2.2021484375
19.120996	2.40234375	2.294921875
19.121996	2.490234375	2.3681640625
19.122996	2.578125	2.4658203125
19.123996	2.666015625	2.548828125
19.124996	2.7490234375	2.6416015625
19.125996	2.83203125	2.724609375
19.126996	2.91015625	2.8076171875
19.127996	2.98828125	2.880859375
19.128996	3.0859375	2.958984375
19.129996	3.125	3.02734375
19.130996	3.173828125	3.095703125
19.131996	3.2373046875	3.1494140625
19.132996	3.28125	3.203125
19.133996	3.3203125	3.251953125
19.134996	3.349609375	3.291015625
19.135996	3.369140625	3.3251953125
19.136996	3.3837890625	3.349609375
19.137996	3.3935546875	3.3642578125
19.138996	3.3935546875	3.3642578125
19.139996	3.37890625	3.369140625
19.140996	3.359375	3.369140625
19.141996	3.33984375	3.349609375
19.142996	3.3056640625	3.3203125
19.143996	3.2666015625	3.2861328125
19.144996	3.212890625	3.2470703125
19.145996	3.1640625	3.203125
19.146996	3.10546875	3.1494140625
19.147996	3.0322265625	3.076171875
19.148996	2.9541015625	3.017578125
19.150008	2.87109375	2.939453125
19.151	2.7880859375	2.8662109375
19.152	2.705078125	2.7783203125
19.153	2.6220703125	2.7001953125
19.154	2.5244140625	2.6025390625
19.155	2.431640625	2.51953125
19.156	2.3388671875	2.4267578125
19.157	2.24609375	2.3291015625
19.158	2.1484375	2.236328125
19.159	2.0654296875	2.1484375
19.16	1.97265625	2.0556640625
19.161	1.8994140625	1.9775390625
19.161996	1.8115234375	1.89453125
19.162996	1.7529296875	1.8359375
19.163996	1.6796875	1.748046875
19.164996	1.62109375	1.6748046875
19.165996	1.5673828125	1.611328125
19.166996	1.5234375	1.572265625
19.167996	1.494140625	1.5234375
19.168996	1.4599609375	1.494140625
19.169996	1.455078125	1.4697265625
19.170996	1.4306640625	1.4501953125
19.171996	1.435546875	1.42578125
19.172996	1.455078125	1.4306640625
19.173996	1.46484375	1.435546875
19.174996	1.4892578125	1.455078125
19.175996	1.533203125	1.4892578125
19.176996	1.5673828125	1.5185546875
19.177996	1.6357421875	1.5576171875
19.178996	1.6845703125	1.611328125
19.179996	1.7578125	1.6796875
19.180996	1.8359375	1.748046875
19.181996	1.923828125	1.8212890625
19.182996	2.001953125	1.89453125
19.183996	2.0849609375	1.982421875
19.184996	2.1826171875	2.060546875
19.185996	2.275390625	2.158203125
19.186996	2.3779296875	2.2509765625
19.187996	2.48046875	2.36328125
19.188996	2.578125	2.4560546875
19.189996	2.6708984375	2.5439453125
19.190996	2.7685546875	2.6416015625
19.191996	2.8564453125	2.7392578125
19.193	2.939453125	2.8271484375
19.194	3.02734375	2.91015625
19.195	3.095703125	2.98828125
19.196	3.1591796875	3.0712890625
19.197	3.2177734375	3.134765625
19.198	3.28125	3.193359375
19.199	3.3251953125	3.2470703125
19.2	3.359375	3.291015625
19.201	3.3740234375	3.3154296875
19.202	3.3984375	3.3447265625
19.203	3.3984375	3.369140625
19.204	3.3837890625	3.369140625
19.204996	3.3740234375	3.369140625
19.205996	3.349609375	3.3447265625
19.206996	3.3056640625	3.330078125
19.207996	3.271484375	3.291015625
19.208996	3.203125	3.2470703125
19.209996	3.1494140625	3.1982421875
19.210996	3.076171875	3.134765625
19.211996	2.998046875	3.0615234375
19.212996	2.9052734375	2.9931640625
19.213996	2.8271484375	2.91015625
19.214996	2.724609375	2.8173828125
19.215996	2.6318359375	2.724609375
19.216996	2.529296875	2.6220703125
19.217996	2.4267578125	2.5244140625
19.218996	2.32421875	2.431640625
19.219996	2.2216796875	2.32421875
19.220996	2.1240234375	2.216796875
19.221996	2.0263671875	2.1240234375
19.222996	1.9384765625	2.0263671875
19.223996	1.8359375	1.943359375
19.224996	1.767578125	1.85546875
19.225996	1.6943359375	1.7724609375
19.226996	1.630859375	1.6943359375
19.227996	1.572265625	1.6357421875
19.228996	1.5234375	1.5771484375
19.229996	1.484375	1.5283203125
19.230996	1.455078125	1.494140625
19.231996	1.4306640625	1.4599609375
19.232996	1.435546875	1.435546875
19.233996	1.435546875	1.435546875
19.234996	1.4599609375	1.435546875
19.236	1.4892578125	1.4599609375
19.237	1.5283203125	1.4794921875
19.238	1.5771484375	1.513671875
19.239	1.6357421875	1.5625
19.24	1.69921875	1.6162109375
19.241	1.7822265625	1.6845703125
19.242	1.865234375	1.767578125
19.243	1.9580078125	1.8408203125
19.244	2.0556640625	1.9287109375
19.245	2.1533203125	2.0263671875
19.246	2.255859375	2.1240234375
19.247	2.3583984375	2.2265625
19.247996	2.4755859375	2.333984375
19.248996	2.578125	2.44140625
19.249996	2.6904296875	2.548828125
19.250996	2.783203125	2.65625
19.251996	2.8857421875	2.744140625
19.252996	2.9736328125	2.8466796875
19.253996	3.056640625	2.9345703125
19.254996	3.1298828125	3.017578125
19.255996	3.203125	3.10546875
19.256996	3.2666015625	3.173828125
19.257996	3.3154296875	3.2275390625
19.258996	3.3544921875	3.28125
19.259996	3.37890625	3.330078125
19.260996	3.3935546875	3.349609375
19.261996	3.3935546875	3.359375
19.262996	3.3935546875	3.3740234375
19.263996	3.3642578125	3.359375
19.264996	3.3251953125	3.3349609375
19.265996	3.2861328125	3.310546875
19.266996	3.2275390625	3.271484375
19.267996	3.173828125	3.212890625
19.268996	3.0908203125	3.1494140625
19.269996	3.0029296875	3.0810546875
19.270996	2.919921875	2.9931640625
19.271996	2.8173828125	2.91015625
19.272996	2.7197265625	2.8125
19.273996	2.6171875	2.705078125
19.274996	2.4951171875	2.6025390625
19.275996	2.392578125	2.5048828125
19.276996	2.2802734375	2.392578125
19.278008	2.16796875	2.2802734375
19.279	2.060546875	2.1728515625
19.28	1.953125	2.0703125
19.281	1.865234375	1.962890625
19.282	1.7822265625	1.8798828125
19.283	1.69921875	1.7822265625
19.284	1.6162109375	1.7041015625
19.285	1.5673828125	1.6259765625
19.286	1.5087890625	1.5771484375
19.287	1.474609375	1.5234375
19.288	1.4404296875	1.4794921875
19.289	1.435546875	1.4599609375
19.289996	1.4404296875	1.4404296875
19.290996	1.4501953125	1.4453125
19.291996	1.474609375	1.4453125
19.292996	1.513671875	1.474609375
19.293996	1.5625	1.513671875
19.294996	1.62109375	1.5576171875
19.295996	1.6943359375	1.62109375
19.296996	1.787109375	1.689453125
19.297996	1.8701171875	1.7724609375
19.298996	1.982421875	1.8603515625
19.299996	2.0849609375	1.9580078125
19.300996	2.1826171875	2.0654296875
19.301996	2.2998046875	2.16796875
19.302996	2.4267578125	2.28515625
19.303996	2.5390625	2.3876953125
19.304996	2.6513671875	2.5048828125
19.305996	2.763671875	2.6220703125
19.306996	2.87109375	2.7294921875
19.307996	2.9736328125	2.8271484375
19.308996	3.056640625	2.9296875
19.309996	3.14453125	3.02734375
19.310996	3.2177734375	3.1103515625
19.311996	3.28125	3.1689453125
19.312996	3.3203125	3.2470703125
19.313996	3.369140625	3.2958984375
19.314996	3.388671875	3.330078125
19.315996	3.388671875	3.359375
19.316996	3.3935546875	3.3642578125
19.317996	3.369140625	3.359375
19.318996	3.3349609375	3.349609375
19.319996	3.2958984375	3.3154296875
19.321	3.2373046875	3.2763671875
19.322	3.173828125	3.212890625
19.323	3.0908203125	3.154296875
19.324	2.98828125	3.06640625
19.325	2.890625	2.9931640625
19.326	2.79296875	2.8857421875
19.327	2.67578125	2.783203125
19.328	2.5634765625	2.6806640625
19.329	2.44140625	2.55859375
19.33	2.32421875	2.451171875
19.331	2.2021484375	2.333984375
19.332	2.0947265625	2.216796875
19.332996	1.9775390625	2.1044921875
19.333996	1.8798828125	1.9873046875
19.334996	1.77734375	1.884765625
19.335996	1.689453125	1.787109375
19.336996	1.62109375	1.708984375
19.337996	1.552734375	1.6259765625
19.338996	1.5087890625	1.5625
19.339996	1.46484375	1.513671875
19.340996	1.4453125	1.4794921875
19.341996	1.4306640625	1.4501953125
19.342996	1.435546875	1.435546875
19.343996	1.455078125	1.4453125
19.344996	1.494140625	1.46484375
19.345996	1.5478515625	1.4990234375
19.346996	1.6162109375	1.5478515625
19.347996	1.689453125	1.5966796875
19.348996	1.77734375	1.6748046875
19.349996	1.8701171875	1.7626953125
19.350996	1.9775390625	1.8505859375
19.351996	2.0849609375	1.962890625
19.352996	2.20703125	2.060546875
19.353996	2.333984375	2.1875
19.354996	2.451171875	2.3046875
19.355996	2.5830078125	2.431640625
19.356996	2.705078125	2.5439453125
19.357996	2.8125	2.6611328125
19.358996	2.9150390625	2.7734375
19.359996	3.02734375	2.8857421875
19.360996	3.125	2.9833984375
19.361996	3.203125	3.06640625
19.362996	3.271484375	3.154296875
19.364	3.3203125	3.2275390625
19.365	3.359375	3.2763671875
19.366	3.3935546875	3.330078125
19.367	3.3935546875	3.349609375
19.368	3.3837890625	3.3642578125
19.369	3.3642578125	3.359375
19.37	3.3251953125	3.33984375
19.371	3.2763671875	3.3056640625
19.372	3.2080078125	3.2568359375
19.373	3.134765625	3.1884765625
19.374	3.0419921875	3.1103515625
19.375	2.939453125	3.0322265625
19.375996	2.83203125	2.9345703125
19.376996	2.705078125	2.822265625
19.377996	2.587890625	2.705078125
19.378996	2.451171875	2.587890625
19.379996	2.333984375	2.470703125
19.380996	2.20703125	2.3388671875
19.381996	2.0751953125	2.2216796875
19.382996	1.9677734375	2.1044921875
19.383996	1.8603515625	1.9873046875
19.384996	1.7529296875	1.8798828125
19.385996	1.669921875	1.7724609375
19.386996	1.5966796875	1.6845703125
19.387996	1.5283203125	1.611328125
19.388996	1.484375	1.54296875
19.389996	1.4501953125	1.4892578125
19.390996	1.4306640625	1.46484375
19.391996	1.4306640625	1.4404296875
19.392996	1.4501953125	1.4453125
19.393996	1.484375	1.46484375
19.394996	1.54296875	1.494140625
19.395996	1.6064453125	1.54296875
19.396996	1.6845703125	1.6015625
19.397996	1.7822265625	1.6796875
19.398996	1.875	1.7578125
19.399996	1.9921875	1.865234375
19.400996	2.119140625	1.97265625
19.401996	2.236328125	2.0849609375
19.402996	2.3681640625	2.20703125
19.403996	2.5048828125	2.3388671875
19.404996	2.6220703125	2.470703125
19.406008	2.75390625	2.59765625
19.407	2.87109375	2.71484375
19.408	2.978515625	2.83203125
19.409	3.0859375	2.939453125
19.41	3.18359375	3.0419921875
19.411	3.251953125	3.1396484375
19.412	3.3203125	3.2080078125
19.413	3.359375	3.2666015625
19.414	3.3837890625	3.3251953125
19.415	3.4033203125	3.3544921875
19.416	3.388671875	3.359375
19.417	3.3642578125	3.3544921875
19.417996	3.3251953125	3.33984375
19.418996	3.2666015625	3.291015625
19.419996	3.1884765625	3.2373046875
19.420996	3.095703125	3.173828125
19.421996	3.0029296875	3.076171875
19.422996	2.8857421875	2.9931640625
19.423996	2.7685546875	2.8759765625
19.424996	2.6318359375	2.763671875
19.425996	2.5048828125	2.6416015625
19.426996	2.373046875	2.509765625
19.427996	2.2314453125	2.3828125
19.428996	2.109375	2.255859375
19.429996	1.9873046875	2.119140625
19.430996	1.865234375	2.001953125
19.431996	1.767578125	1.8896484375
19.432996	1.6650390625	1.77734375
19.433996	1.591796875	1.689453125
19.434996	1.5234375	1.6015625
19.435996	1.484375	1.5380859375
19.436996	1.4501953125	1.484375
19.437996	1.435546875	1.46484375
19.438996	1.4404296875	1.4501953125
19.439996	1.4599609375	1.4453125
19.440996	1.513671875	1.46484375
19.441996	1.5673828125	1.50390625
19.442996	1.640625	1.572265625
19.443996	1.7431640625	1.6357421875
19.444996	1.845703125	1.7236328125
19.445996	1.9677734375	1.8310546875
19.446996	2.08984375	1.943359375
19.447996	2.2265625	2.0654296875
19.449	2.3583984375	2.1875
19.45	2.490234375	2.3193359375
19.451	2.63671875	2.4462890625
19.452	2.763671875	2.587890625
19.453	2.8857421875	2.7197265625
19.454	2.998046875	2.841796875
19.455	3.10546875	2.9541015625
19.456	3.193359375	3.056640625
19.457	3.2763671875	3.154296875
19.458	3.330078125	3.2275390625
19.459	3.3642578125	3.28125
19.46	3.3837890625	3.3251953125
19.460996	3.3984375	3.3544921875
19.461996	3.369140625	3.3544921875
19.462996	3.33984375	3.3447265625
19.463996	3.2861328125	3.310546875
19.464996	3.203125	3.251953125
19.465996	3.115234375	3.1884765625
19.466996	3.0224609375	3.095703125
19.467996	2.8955078125	3.0029296875
19.468996	2.7685546875	2.890625
19.469996	2.646484375	2.7685546875
19.470996	2.509765625	2.6416015625
19.471996	2.3681640625	2.5146484375
19.472996	2.2265625	2.373046875
19.473996	2.119140625	2.2265625
19.474996	1.9580078125	2.1044921875
19.475996	1.8359375	1.9775390625
19.476996	1.7333984375	1.85546875
19.477996	1.6357421875	1.7578125
19.478996	1.5625	1.66015625
19.479996	1.4990234375	1.58203125
19.480996	1.455078125	1.5185546875
19.481996	1.435546875	1.4794921875
19.482996	1.435546875	1.4453125
19.483996	1.4501953125	1.4501953125
19.484996	1.4990234375	1.4599609375
19.485996	1.5478515625	1.50390625
19.486996	1.6357421875	1.5576171875
19.487996	1.728515625	1.630859375
19.488996	1.8408203125	1.708984375
19.489996	1.9580078125	1.8359375
19.490996	2.08984375	1.93359375
19.492	2.2216796875	2.0654296875
19.493	2.3681640625	2.1875
19.494	2.51953125	2.333984375
19.495	2.65625	2.4658203125
19.496	2.7978515625	2.6123046875
19.497	2.9296875	2.744140625
19.498	3.037109375	2.8759765625
19.499	3.1396484375	2.9833984375
19.5	3.2275390625	3.0859375
19.501	3.3056640625	3.18359375
19.502	3.3544921875	3.2568359375
19.503	3.37890625	3.310546875
19.503996	3.3984375	3.33984375
19.504996	3.388671875	3.3544921875
19.505996	3.3447265625	3.349609375
19.506996	3.3056640625	3.3203125
19.507996	3.232421875	3.2763671875
19.508996	3.134765625	3.1982421875
19.509996	3.0322265625	3.1201171875
19.510996	2.91015625	3.0029296875
19.511996	2.7783203125	2.8955078125
19.512996	2.63671875	2.7783203125
19.513996	2.490234375	2.646484375
19.514996	2.34375	2.5
19.515996	2.197265625	2.3583984375
19.516996	2.0654296875	2.2119140625
19.517996	1.923828125	2.0849609375
19.518996	1.8115234375	1.9482421875
19.519996	1.689453125	1.8212890625
19.520996	1.6064453125	1.71875
19.521996	1.533203125	1.630859375
19.522996	1.484375	1.5478515625
19.523996	1.4404296875	1.494140625
19.524996	1.4404296875	1.46484375
19.525996	1.4453125	1.4453125
19.526996	1.474609375	1.455078125
19.527996	1.533203125	1.4892578125
19.528996	1.6162109375	1.5380859375
19.529996	1.708984375	1.611328125
19.530996	1.81640625	1.7041015625
19.531996	1.943359375	1.806640625
19.532996	2.080078125	1.9287109375
19.534008	2.2216796875	2.05078125
19.535	2.373046875	2.1923828125
19.536	2.5244140625	2.34375
19.537	2.67578125	2.48046875
19.538	2.8125	2.626953125
19.539	2.94921875	2.7587890625
19.54	3.0615234375	2.890625
19.541	3.1689453125	3.0126953125
19.542	3.251953125	3.115234375
19.543	3.3203125	3.2080078125
19.544	3.3740234375	3.271484375
19.545	3.3984375	3.3203125
19.545996	3.3837890625	3.3447265625
19.546996	3.3740234375	3.3544921875
19.547996	3.3203125	3.3349609375
19.548996	3.251953125	3.2861328125
19.549996	3.173828125	3.2275390625
19.550996	3.06640625	3.14453125
19.551996	2.939453125	3.0517578125
19.552996	2.8125	2.9296875
19.553996	2.666015625	2.7978515625
19.554996	2.5146484375	2.666015625
19.555996	2.36328125	2.51953125
19.556996	2.20703125	2.373046875
19.557996	2.060546875	2.2314453125
19.558996	1.9189453125	2.080078125
19.559996	1.7919921875	1.943359375
19.560996	1.6845703125	1.826171875
19.561996	1.5966796875	1.708984375
19.562996	1.5185546875	1.6162109375
19.563996	1.4697265625	1.5478515625
19.564996	1.435546875	1.4892578125
19.565996	1.435546875	1.4599609375
19.566996	1.4599609375	1.455078125
19.567996	1.4990234375	1.46484375
19.568996	1.5625	1.50390625
19.569996	1.6552734375	1.572265625
19.570996	1.7626953125	1.6455078125
19.571996	1.8896484375	1.748046875
19.572996	2.03125	1.865234375
19.573996	2.16796875	1.9970703125
19.574996	2.3291015625	2.138671875
19.575996	2.4853515625	2.294921875
19.577	2.6416015625	2.451171875
19.578	2.7880859375	2.587890625
19.579	2.9296875	2.734375
19.58	3.056640625	2.87109375
19.581	3.1640625	2.998046875
19.582	3.251953125	3.1103515625
19.583	3.3203125	3.1982421875
19.584	3.3740234375	3.271484375
19.585	3.3984375	3.3154296875
19.586	3.3837890625	3.349609375
19.587	3.369140625	3.3544921875
19.588	3.310546875	3.330078125
19.588996	3.2275390625	3.2763671875
19.589996	3.134765625	3.2080078125
19.590996	3.02734375	3.1201171875
19.591996	2.900390625	3.0078125
19.592996	2.75390625	2.880859375
19.593996	2.59765625	2.744140625
19.594996	2.44140625	2.6123046875
19.595996	2.2802734375	2.4609375
19.596996	2.1240234375	2.294921875
19.597996	1.982421875	2.1533203125
19.598996	1.8408203125	2.0068359375
19.599996	1.7236328125	1.865234375
19.600996	1.62109375	1.7529296875
19.601996	1.5283203125	1.6552734375
19.602996	1.4990234375	1.5673828125
19.603996	1.4404296875	1.5087890625
19.604996	1.4404296875	1.4697265625
19.605996	1.4453125	1.4501953125
19.606996	1.4990234375	1.4697265625
19.607996	1.572265625	1.4990234375
19.608996	1.650390625	1.5673828125
19.609996	1.77734375	1.650390625
19.610996	1.89453125	1.7578125
19.611996	2.041015625	1.884765625
19.612996	2.2021484375	2.021484375
19.613996	2.3583984375	2.158203125
19.614996	2.5146484375	2.314453125
19.615996	2.685546875	2.4755859375
19.616996	2.8369140625	2.6220703125
19.617996	2.96875	2.7734375
19.618996	3.1005859375	2.91015625
19.62	3.1982421875	3.0419921875
19.621	3.28125	3.14453125
19.622	3.3544921875	3.22265625
19.623	3.37890625	3.30078125
19.624	3.3935546875	3.3349609375
19.625	3.3837890625	3.3447265625
19.626	3.3349609375	3.3203125
19.627	3.26171875	3.2958984375
19.628	3.1640625	3.232421875
19.629	3.0517578125	3.1494140625
19.63	2.9150390625	3.0419921875
19.631	2.783203125	2.919921875
19.631996	2.6123046875	2.7734375
19.632996	2.451171875	2.626953125
19.633996	2.2900390625	2.470703125
19.634996	2.1240234375	2.314453125
19.635996	1.9775390625	2.1630859375
19.636996	1.8310546875	2.0068359375
19.637996	1.7041015625	1.8701171875
19.638996	1.611328125	1.748046875
19.639996	1.5234375	1.6455078125
19.640996	1.46484375	1.552734375
19.641996	1.4404296875	1.50390625
19.642996	1.435546875	1.4697265625
19.643996	1.46484375	1.46484375
19.644996	1.5185546875	1.474609375
19.645996	1.5966796875	1.5234375
19.646996	1.6943359375	1.591796875
19.647996	1.826171875	1.6943359375
19.648996	1.9677734375	1.8115234375
19.649996	2.109375	1.93359375
19.650996	2.275390625	2.0849609375
19.651996	2.451171875	2.236328125
19.652996	2.6171875	2.40234375
19.653996	2.783203125	2.5634765625
19.654996	2.9296875	2.71484375
19.655996	3.0712890625	2.861328125
19.656996	3.18359375	2.9931640625
19.657996	3.2763671875	3.1103515625
19.658996	3.33984375	3.2080078125
19.659996	3.388671875	3.28125
19.660996	3.3984375	3.330078125
19.662008	3.37890625	3.3447265625
19.663	3.330078125	3.330078125
19.664	3.271484375	3.3056640625
19.665	3.1689453125	3.232421875
19.666	3.046875	3.14453125
19.667	2.9052734375	3.056640625
19.668	2.763671875	2.9052734375
19.669	2.5927734375	2.7685546875
19.67	2.4169921875	2.6025390625
19.671	2.255859375	2.4462890625
19.672	2.08984375	2.275390625
19.673	1.9384765625	2.12890625
19.673996	1.796875	1.97265625
19.674996	1.669921875	1.8359375
19.675996	1.572265625	1.71875
19.676996	1.4990234375	1.6064453125
19.677996	1.4599609375	1.533203125
19.678996	1.4404296875	1.484375
19.679996	1.4501953125	1.46484375
19.680996	1.4892578125	1.4697265625
19.681996	1.5576171875	1.50390625
19.682996	1.6552734375	1.572265625
19.683996	1.7822265625	1.6552734375
19.684996	1.9091796875	1.767578125
19.685996	2.0751953125	1.8896484375
19.686996	2.2265625	2.041015625
19.687996	2.4169921875	2.20703125
19.688996	2.5830078125	2.3583984375
19.689996	2.75390625	2.5146484375
19.690996	2.9052734375	2.685546875
19.691996	3.0517578125	2.8369140625
19.692996	3.1689453125	2.978515625
19.693996	3.2666015625	3.10546875
19.694996	3.33984375	3.1982421875
19.695996	3.3740234375	3.2666015625
19.696996	3.3984375	3.3203125
19.697996	3.3837890625	3.33984375
19.698996	3.330078125	3.3251953125
19.699996	3.251953125	3.2958984375
19.700996	3.1494140625	3.22265625
19.701996	3.02734375	3.1298828125
19.702996	2.880859375	3.0078125
19.703996	2.71484375	2.861328125
19.705	2.5439453125	2.7197265625
19.706	2.36328125	2.55859375
19.707	2.197265625	2.3876953125
19.708	2.03125	2.2265625
19.709	1.875	2.0703125
19.71	1.7431640625	1.9189453125
19.711	1.62109375	1.77734375
19.712	1.5380859375	1.66015625
19.713	1.474609375	1.5625
19.714	1.4404296875	1.513671875
19.715	1.435546875	1.474609375
19.716	1.474609375	1.46484375
19.716996	1.533203125	1.494140625
19.717996	1.6259765625	1.5478515625
19.718996	1.73828125	1.630859375
19.719996	1.8798828125	1.7333984375
19.720996	2.0361328125	1.865234375
19.721996	2.2119140625	2.001953125
19.722996	2.392578125	2.16796875
19.723996	2.568359375	2.333984375
19.724996	2.7392578125	2.5
19.725996	2.9052734375	2.67578125
19.726996	3.046875	2.8271484375
19.727996	3.1689453125	2.9736328125
19.728996	3.2763671875	3.095703125
19.729996	3.349609375	3.203125
19.730996	3.37890625	3.28125
19.731996	3.3984375	3.3203125
19.732996	3.369140625	3.33984375
19.733996	3.3154296875	3.3203125
19.734996	3.2275390625	3.28125
19.735996	3.1103515625	3.203125
19.736996	2.9833984375	3.10546875
19.737996	2.83203125	2.978515625
19.738996	2.65625	2.83203125
19.739996	2.4755859375	2.666015625
19.740996	2.2998046875	2.5
19.741996	2.119140625	2.32421875
19.742996	1.953125	2.1630859375
19.743996	1.8017578125	1.9970703125
19.744996	1.6796875	1.845703125
19.745996	1.572265625	1.7236328125
19.746996	1.494140625	1.6064453125
19.748	1.4501953125	1.533203125
19.749	1.4404296875	1.4892578125
19.75	1.4501953125	1.4599609375
19.751	1.513671875	1.4794921875
19.752	1.6015625	1.5283203125
19.753	1.7138671875	1.6064453125
19.754	1.845703125	1.7041015625
19.755	2.01171875	1.8359375
19.756	2.1728515625	1.9775390625
19.757	2.353515625	2.1337890625
19.758	2.5537109375	2.3095703125
19.759	2.724609375	2.4853515625
19.759996	2.890625	2.6611328125
19.760996	3.0419921875	2.841796875
19.761996	3.1640625	2.958984375
19.762996	3.2666015625	3.095703125
19.763996	3.349609375	3.193359375
19.764996	3.388671875	3.271484375
19.765996	3.3935546875	3.3154296875
19.766996	3.359375	3.330078125
19.767996	3.291015625	3.3056640625
19.768996	3.212890625	3.2666015625
19.769996	3.095703125	3.1787109375
19.770996	2.9345703125	3.06640625
19.771996	2.7734375	2.9345703125
19.772996	2.6025390625	2.783203125
19.773996	2.421875	2.626953125
19.774996	2.236328125	2.451171875
19.775996	2.05078125	2.2705078125
19.776996	1.8896484375	2.0947265625
19.777996	1.748046875	1.9384765625
19.778996	1.6162109375	1.7919921875
19.779996	1.5283203125	1.6748046875
19.780996	1.46484375	1.572265625
19.781996	1.4306640625	1.50390625
19.782996	1.4453125	1.474609375
19.783996	1.484375	1.474609375
19.784996	1.5576171875	1.494140625
19.785996	1.6748046875	1.572265625
19.786996	1.8115234375	1.6650390625
19.787996	1.9677734375	1.787109375
19.788996	2.138671875	1.9384765625
19.790008	2.314453125	2.099609375
19.791	2.548828125	2.275390625
19.792	2.705078125	2.451171875
19.793	2.87109375	2.6220703125
19.794	3.0322265625	2.7978515625
19.795	3.1591796875	2.9443359375
19.796	3.2763671875	3.0859375
19.797	3.349609375	3.193359375
19.798	3.388671875	3.271484375
19.799	3.3837890625	3.3203125
19.8	3.3642578125	3.3349609375
19.801	3.291015625	3.310546875
19.801996	3.1982421875	3.2470703125
19.802996	3.0615234375	3.173828125
19.803996	2.9248046875	3.056640625
19.804996	2.7490234375	2.91015625
19.805996	2.55859375	2.7587890625
19.806996	2.3681640625	2.5830078125
19.807996	2.1826171875	2.4072265625
19.808996	2.01171875	2.2314453125
19.809996	1.8359375	2.0556640625
19.810996	1.6943359375	1.884765625
19.811996	1.5869140625	1.7529296875
19.812996	1.50390625	1.6357421875
19.813996	1.4404296875	1.5576171875
19.814996	1.4404296875	1.494140625
19.815996	1.4599609375	1.4697265625
19.816996	1.5185546875	1.4892578125
19.817996	1.62109375	1.5380859375
19.818996	1.7431640625	1.62109375
19.819996	1.8896484375	1.7333984375
19.820996	2.060546875	1.8701171875
19.821996	2.2509765625	2.0361328125
19.822996	2.4462890625	2.20703125
19.823996	2.6416015625	2.3876953125
19.824996	2.8271484375	2.568359375
19.825996	2.98828125	2.7392578125
19.826996	3.1298828125	2.900390625
19.827996	3.251953125	3.046875
19.828996	3.330078125	3.1689453125
19.829996	3.37890625	3.2470703125
19.830996	3.3984375	3.310546875
19.831996	3.369140625	3.3251953125
19.833	3.30078125	3.3154296875
19.834	3.203125	3.2568359375
19.835	3.076171875	3.173828125
19.836	2.919921875	3.0615234375
19.837	2.734375	2.91015625
19.838	2.5537109375	2.7587890625
19.839	2.353515625	2.5830078125
19.84	2.1728515625	2.392578125
19.841	1.9775390625	2.216796875
19.842	1.81640625	2.03125
19.843	1.6748046875	1.8798828125
19.844	1.5625	1.7333984375
19.844996	1.484375	1.6162109375
19.845996	1.4453125	1.54296875
19.846996	1.4404296875	1.494140625
19.847996	1.474609375	1.4697265625
19.848996	1.5478515625	1.4990234375
19.849996	1.66015625	1.5625
19.850996	1.787109375	1.66015625
19.851996	1.9580078125	1.787109375
19.852996	2.1484375	1.9287109375
19.853996	2.3291015625	2.099609375
19.854996	2.5390625	2.28515625
19.855996	2.724609375	2.4658203125
19.856996	2.900390625	2.6513671875
19.857996	3.06640625	2.822265625
19.858996	3.1982421875	2.96875
19.859996	3.3056640625	3.115234375
19.860996	3.369140625	3.212890625
19.861996	3.388671875	3.291015625
19.862996	3.3837890625	3.3251953125
19.863996	3.3349609375	3.3203125
19.864996	3.2470703125	3.2763671875
19.865996	3.115234375	3.1982421875
19.866996	2.9638671875	3.095703125
19.867996	2.7783203125	2.9541015625
19.868996	2.5927734375	2.79296875
19.869996	2.3974609375	2.6220703125
19.870996	2.2021484375	2.431640625
19.871996	2.01171875	2.24609375
19.872996	1.8359375	2.0703125
19.873996	1.6845703125	1.904296875
19.874996	1.572265625	1.7578125
19.876	1.484375	1.6357421875
19.877	1.4404296875	1.5478515625
19.878	1.4404296875	1.4990234375
19.879	1.474609375	1.4794921875
19.88	1.5576171875	1.50390625
19.881	1.669921875	1.572265625
19.882	1.806640625	1.6650390625
19.883	1.9775390625	1.7919921875
19.884	2.16796875	1.953125
19.885	2.3681640625	2.1240234375
19.886	2.578125	2.3095703125
19.887	2.763671875	2.5
19.887996	2.94921875	2.685546875
19.888996	3.10546875	2.8564453125
19.889996	3.2373046875	3.0078125
19.890996	3.330078125	3.14453125
19.891996	3.37890625	3.2373046875
19.892996	3.388671875	3.2958984375
19.893996	3.3642578125	3.3203125
19.894996	3.2958984375	3.3056640625
19.895996	3.18359375	3.251953125
19.896996	3.0517578125	3.1640625
19.897996	2.880859375	3.0322265625
19.898996	2.7001953125	2.8759765625
19.899996	2.490234375	2.705078125
19.900996	2.2802734375	2.5244140625
19.901996	2.0947265625	2.333984375
19.902996	1.904296875	2.1533203125
19.903996	1.73828125	1.97265625
19.904996	1.611328125	1.81640625
19.905996	1.513671875	1.669921875
19.906996	1.4501953125	1.5771484375
19.907996	1.4306640625	1.5087890625
19.908996	1.4599609375	1.4794921875
19.909996	1.5283203125	1.4990234375
19.910996	1.6357421875	1.54296875
19.911996	1.7822265625	1.6357421875
19.912996	1.9482421875	1.7626953125
19.913996	2.1337890625	1.9091796875
19.914996	2.34375	2.08984375
19.915996	2.548828125	2.28515625
19.916996	2.7490234375	2.4755859375
19.918008	2.9345703125	2.666015625
19.919	3.1005859375	2.8466796875
19.92	3.2275390625	2.9931640625
19.921	3.330078125	3.1298828125
19.922	3.3837890625	3.22265625
19.923	3.388671875	3.2958984375
19.924	3.3642578125	3.3203125
19.925	3.291015625	3.2958984375
19.926	3.1689453125	3.2421875
19.927	3.02734375	3.14453125
19.928	2.861328125	3.017578125
19.929	2.6708984375	2.8564453125
19.929996	2.451171875	2.6806640625
19.930996	2.2509765625	2.5
19.931996	2.041015625	2.3046875
19.932996	1.8701171875	2.119140625
19.933996	1.708984375	1.9384765625
19.934996	1.5771484375	1.77734375
19.935996	1.484375	1.640625
19.936996	1.4453125	1.5625
19.937996	1.435546875	1.4990234375
19.938996	1.4794921875	1.4892578125
19.939996	1.5673828125	1.5185546875
19.940996	1.689453125	1.6015625
19.941996	1.8505859375	1.6845703125
19.942996	2.0361328125	1.8359375
19.943996	2.2412109375	1.9921875
19.944996	2.44140625	2.1728515625
19.945996	2.65625	2.373046875
19.946996	2.8515625	2.5732421875
19.947996	3.0322265625	2.75390625
19.948996	3.1689453125	2.9248046875
19.949996	3.291015625	3.076171875
19.950996	3.3642578125	3.193359375
19.951996	3.388671875	3.2666015625
19.952996	3.37890625	3.3154296875
19.953996	3.3154296875	3.3056640625
19.954996	3.212890625	3.2666015625
19.955996	3.06640625	3.173828125
19.956996	2.900390625	3.046875
19.957996	2.7099609375	2.900390625
19.958996	2.4853515625	2.724609375
19.959996	2.2802734375	2.5341796875
19.961	2.080078125	2.333984375
19.962	1.8896484375	2.1484375
19.963	1.7236328125	1.9580078125
19.964	1.5869140625	1.796875
19.965	1.4892578125	1.6650390625
19.966	1.455078125	1.5673828125
19.967	1.4404296875	1.513671875
19.968	1.4794921875	1.4892578125
19.969	1.5771484375	1.513671875
19.97	1.69921875	1.5771484375
19.971	1.8603515625	1.689453125
19.972	2.0458984375	1.8310546875
19.972996	2.255859375	2.001953125
19.973996	2.470703125	2.197265625
19.974996	2.6806640625	2.3974609375
19.975996	2.880859375	2.5927734375
19.976996	3.056640625	2.7783203125
19.977996	3.203125	2.9541015625
19.978996	3.310546875	3.1005859375
19.979996	3.37890625	3.2080078125
19.980996	3.388671875	3.28125
19.981996	3.359375	3.3154296875
19.982996	3.291015625	3.2958984375
19.983996	3.1689453125	3.2373046875
19.984996	3.017578125	3.1396484375
19.985996	2.8369140625	2.998046875
19.986996	2.626953125	2.8369140625
19.987996	2.412109375	2.646484375
19.988996	2.2021484375	2.451171875
19.989996	1.9873046875	2.255859375
19.990996	1.8115234375	2.0654296875
19.991996	1.66015625	1.8896484375
19.992996	1.5478515625	1.7333984375
19.993996	1.4697265625	1.62109375
19.994996	1.435546875	1.533203125
19.995996	1.455078125	1.4892578125
19.996996	1.533203125	1.50390625
19.997996	1.640625	1.5576171875
19.998996	1.796875	1.650390625
19.999996	1.97265625	1.7822265625
20.000996	2.177734375	1.943359375
20.001996	2.392578125	2.1240234375
20.002996	2.6171875	2.32421875
20.004	2.83203125	2.5341796875
20.005	3.0126953125	2.7197265625
20.006	3.1787109375	2.9052734375
20.007	3.28125	3.0615234375
20.008	3.3642578125	3.1884765625
20.009	3.3984375	3.2763671875
20.01	3.369140625	3.310546875
20.011	3.30078125	3.30078125
20.012	3.18359375	3.2421875
20.013	3.0419921875	3.154296875
20.014	2.8466796875	3.0126953125
20.015	2.6416015625	2.8564453125
20.015996	2.421875	2.6708984375
20.016996	2.2265625	2.4658203125
20.017996	1.9921875	2.265625
20.018996	1.806640625	2.0703125
20.019996	1.650390625	1.89453125
20.020996	1.533203125	1.7333984375
20.021996	1.4599609375	1.62109375
20.022996	1.4404296875	1.533203125
20.023996	1.4599609375	1.494140625
20.024996	1.54296875	1.5087890625
20.025996	1.66015625	1.5673828125
20.026996	1.8212890625	1.66015625
20.027996	2.01171875	1.806640625
20.028996	2.2216796875	1.9677734375
20.029996	2.4462890625	2.1630859375
20.030996	2.6708984375	2.3681640625
20.031996	2.8759765625	2.5634765625
20.032996	3.056640625	2.7587890625
20.033996	3.212890625	2.9443359375
20.034996	3.310546875	3.0810546875
20.035996	3.3837890625	3.203125
20.036996	3.3984375	3.28125
20.037996	3.359375	3.3056640625
20.038996	3.2568359375	3.28125
20.039996	3.134765625	3.2177734375
20.040996	2.9638671875	3.1005859375
20.041996	2.763671875	2.9541015625
20.042996	2.548828125	2.7734375
20.043996	2.32421875	2.587890625
20.044996	2.099609375	2.3779296875
20.046008	1.89453125	2.1728515625
20.047	1.71875	1.9873046875
20.048	1.5771484375	1.81640625
20.049	1.4794921875	1.6748046875
20.05	1.435546875	1.572265625
20.051	1.4501953125	1.513671875
20.052	1.5087890625	1.5087890625
20.053	1.611328125	1.54296875
20.054	1.7578125	1.630859375
20.055	1.943359375	1.7578125
20.056	2.1533203125	1.9140625
20.057	2.3828125	2.109375
20.057996	2.6123046875	2.3046875
20.058996	2.8271484375	2.509765625
20.059996	3.0224609375	2.71484375
20.060996	3.18359375	2.900390625
20.061996	3.30078125	3.0517578125
20.062996	3.3837890625	3.18359375
20.063996	3.3984375	3.2666015625
20.064996	3.3544921875	3.30078125
20.065996	3.28125	3.28125
20.066996	3.14453125	3.2177734375
20.067996	2.9736328125	3.1201171875
20.068996	2.783203125	2.96875
20.069996	2.5537109375	2.7978515625
20.070996	2.3193359375	2.59765625
20.071996	2.1044921875	2.3876953125
20.072996	1.89453125	2.177734375
20.073996	1.71875	1.9921875
20.074996	1.5771484375	1.8115234375
20.075996	1.484375	1.6748046875
20.076996	1.435546875	1.5771484375
20.077996	1.455078125	1.5185546875
20.078996	1.5087890625	1.4990234375
20.079996	1.6259765625	1.552734375
20.080996	1.787109375	1.640625
20.081996	1.97265625	1.77734375
20.082996	2.2021484375	1.943359375
20.083996	2.4267578125	2.12890625
20.084996	2.6611328125	2.34375
20.085996	2.8759765625	2.55859375
20.086996	3.0615234375	2.7490234375
20.087996	3.203125	2.9296875
20.089	3.3203125	3.0810546875
20.09	3.3837890625	3.2080078125
20.091	3.3935546875	3.271484375
20.092	3.3349609375	3.30078125
20.093	3.2421875	3.2666015625
20.094	3.0859375	3.18359375
20.095	2.8955078125	3.0615234375
20.096	2.6904296875	2.8955078125
20.097	2.451171875	2.7197265625
20.098	2.2216796875	2.51953125
20.099	2.0068359375	2.294921875
20.1	1.806640625	2.08984375
20.100996	1.6357421875	1.8994140625
20.101996	1.5234375	1.7431640625
20.102996	1.455078125	1.6259765625
20.103996	1.4404296875	1.54296875
20.104996	1.474609375	1.5087890625
20.105996	1.5771484375	1.5380859375
20.106996	1.7138671875	1.5966796875
20.107996	1.904296875	1.71875
20.108996	2.109375	1.875
20.109996	2.3486328125	2.0556640625
20.110996	2.5732421875	2.265625
20.111996	2.8076171875	2.470703125
20.112996	3.0078125	2.6806640625
20.113996	3.1787109375	2.880859375
20.114996	3.3056640625	3.0419921875
20.115996	3.3740234375	3.173828125
20.116996	3.3935546875	3.2568359375
20.117996	3.3544921875	3.291015625
20.118996	3.26171875	3.271484375
20.119996	3.1201171875	3.203125
20.120996	2.939453125	3.0908203125
20.121996	2.71484375	2.9345703125
20.122996	2.490234375	2.744140625
20.123996	2.255859375	2.548828125
20.124996	2.03125	2.3291015625
20.125996	1.8310546875	2.1142578125
20.126996	1.66015625	1.923828125
20.127996	1.5185546875	1.7578125
20.128996	1.455078125	1.6357421875
20.129996	1.4404296875	1.5380859375
20.130996	1.4794921875	1.513671875
20.132	1.572265625	1.533203125
20.133	1.728515625	1.6064453125
20.134	1.9140625	1.71875
20.135	2.1240234375	1.8798828125
20.136	2.36328125	2.0751953125
20.137	2.6025390625	2.28515625
20.138	2.8271484375	2.5
20.139	3.02734375	2.705078125
20.14	3.203125	2.9052734375
20.141	3.3203125	3.056640625
20.142	3.3740234375	3.18359375
20.143	3.3837890625	3.2666015625
20.143996	3.3349609375	3.2861328125
20.144996	3.2373046875	3.26171875
20.145996	3.0810546875	3.1884765625
20.146996	2.890625	3.0517578125
20.147996	2.6611328125	2.890625
20.148996	2.4169921875	2.7001953125
20.149996	2.1875	2.4853515625
20.150996	1.9580078125	2.2705078125
20.151996	1.7578125	2.0654296875
20.152996	1.6015625	1.8701171875
20.153996	1.494140625	1.71875
20.154996	1.4453125	1.6015625
20.155996	1.4501953125	1.533203125
20.156996	1.513671875	1.5234375
20.157996	1.6259765625	1.5625
20.158996	1.8017578125	1.6455078125
20.159996	2.01171875	1.796875
20.160996	2.2412109375	1.962890625
20.161996	2.490234375	2.1728515625
20.162996	2.7197265625	2.3876953125
20.163996	2.9443359375	2.5927734375
20.164996	3.1298828125	2.802734375
20.165996	3.2763671875	2.978515625
20.166996	3.3544921875	3.1298828125
20.167996	3.388671875	3.2275390625
20.168996	3.359375	3.28125
20.169996	3.2763671875	3.2763671875
20.170996	3.1396484375	3.2177734375
20.171996	2.958984375	3.10546875
20.172996	2.734375	2.9541015625
20.174008	2.5	2.763671875
20.175	2.255859375	2.5439453125
20.176	2.0166015625	2.3388671875
20.177	1.8115234375	2.119140625
20.178	1.640625	1.9287109375
20.179	1.5087890625	1.7578125
20.18	1.4501953125	1.62109375
20.181	1.4404296875	1.5576171875
20.182	1.4892578125	1.5185546875
20.183	1.611328125	1.5576171875
20.184	1.77734375	1.6259765625
20.185	1.9775390625	1.767578125
20.185996	2.2119140625	1.943359375
20.186996	2.4560546875	2.1435546875
20.187996	2.705078125	2.353515625
20.188996	2.919921875	2.578125
20.189996	3.1103515625	2.783203125
20.190996	3.2666015625	2.9638671875
20.191996	3.3642578125	3.1201171875
20.192996	3.3984375	3.2177734375
20.193996	3.3642578125	3.271484375
20.194996	3.28125	3.271484375
20.195996	3.1298828125	3.2080078125
20.196996	2.94921875	3.1005859375
20.197996	2.724609375	2.9443359375
20.198996	2.4853515625	2.7490234375
20.199996	2.2265625	2.5439453125
20.200996	2.001953125	2.32421875
20.201996	1.7919921875	2.099609375
20.202996	1.62109375	1.9091796875
20.203996	1.4990234375	1.73828125
20.204996	1.4501953125	1.630859375
20.205996	1.4453125	1.552734375
20.206996	1.5087890625	1.533203125
20.207996	1.6357421875	1.5771484375
20.208996	1.81640625	1.6650390625
20.209996	2.03125	1.8115234375
20.210996	2.265625	1.982421875
20.211996	2.529296875	2.197265625
20.212996	2.763671875	2.4169921875
20.213996	2.98828125	2.63671875
20.214996	3.1689453125	2.83203125
20.215996	3.3056640625	3.017578125
20.217	3.37890625	3.14453125
20.218	3.388671875	3.2275390625
20.219	3.33984375	3.2666015625
20.22	3.2275390625	3.251953125
20.221	3.056640625	3.1640625
20.222	2.8564453125	3.037109375
20.223	2.6123046875	2.861328125
20.224	2.3681640625	2.666015625
20.225	2.1142578125	2.4462890625
20.226	1.884765625	2.2314453125
20.227	1.6943359375	2.01171875
20.228	1.5478515625	1.8310546875
20.228996	1.46484375	1.6845703125
20.229996	1.4306640625	1.58203125
20.230996	1.4794921875	1.5283203125
20.231996	1.5869140625	1.552734375
20.232996	1.73828125	1.6259765625
20.233996	1.9384765625	1.73828125
20.234996	2.177734375	1.8994140625
20.235996	2.431640625	2.1044921875
20.236996	2.67578125	2.3291015625
20.237996	2.9052734375	2.5439453125
20.238996	3.115234375	2.763671875
20.239996	3.2666015625	2.9541015625
20.240996	3.3544921875	3.10546875
20.241996	3.3935546875	3.2080078125
20.242996	3.3544921875	3.26171875
20.243996	3.26171875	3.2568359375
20.244996	3.1005859375	3.1982421875
20.245996	2.900390625	3.0712890625
20.246996	2.6708984375	2.91015625
20.247996	2.421875	2.7099609375
20.248996	2.16796875	2.490234375
20.249996	1.9287109375	2.2705078125
20.250996	1.7236328125	2.0556640625
20.251996	1.5625	1.85546875
20.252996	1.46484375	1.7041015625
20.253996	1.435546875	1.6015625
20.254996	1.474609375	1.5478515625
20.255996	1.5625	1.552734375
20.256996	1.7236328125	1.611328125
20.257996	1.9287109375	1.7236328125
20.258996	2.16796875	1.8994140625
20.26	2.421875	2.1044921875
20.261	2.6806640625	2.3095703125
20.262	2.9052734375	2.5439453125
20.263	3.115234375	2.7490234375
20.264	3.26171875	2.939453125
20.265	3.369140625	3.1005859375
20.266	3.3984375	3.203125
20.267	3.359375	3.251953125
20.268	3.2470703125	3.2470703125
20.269	3.095703125	3.1787109375
20.27	2.87109375	3.0615234375
20.271	2.6416015625	2.8857421875
20.271996	2.3779296875	2.6904296875
20.272996	2.12890625	2.470703125
20.273996	1.89453125	2.236328125
20.274996	1.689453125	2.0263671875
20.275996	1.5380859375	1.8408203125
20.276996	1.4599609375	1.69921875
20.277996	1.4404296875	1.5869140625
20.278996	1.484375	1.552734375
20.279996	1.6064453125	1.5673828125
20.280996	1.767578125	1.6357421875
20.281996	1.9921875	1.767578125
20.282996	2.236328125	1.953125
20.283996	2.4951171875	2.1533203125
20.284996	2.75390625	2.373046875
20.285996	2.98828125	2.607421875
20.286996	3.1689453125	2.8173828125
20.287996	3.310546875	3.0029296875
20.288996	3.388671875	3.134765625
20.289996	3.388671875	3.2275390625
20.290996	3.3251953125	3.26171875
20.291996	3.1884765625	3.2275390625
20.292996	3.0029296875	3.134765625
20.293996	2.783203125	2.98828125
20.294996	2.5244140625	2.8076171875
20.295996	2.255859375	2.5830078125
20.296996	2.0166015625	2.3681640625
20.297996	1.7919921875	2.1435546875
20.298996	1.611328125	1.9384765625
20.299996	1.494140625	1.767578125
20.300996	1.435546875	1.630859375
20.302008	1.4599609375	1.5576171875
20.303	1.5478515625	1.5576171875
20.304	1.6845703125	1.6064453125
20.305	1.89453125	1.708984375
20.306	2.12890625	1.8603515625
20.307	2.392578125	2.0703125
20.308	2.6611328125	2.28515625
20.309	2.900390625	2.51953125
20.31	3.1103515625	2.734375
20.311	3.2763671875	2.9345703125
20.312	3.369140625	3.0908203125
20.313	3.3935546875	3.203125
20.313996	3.3447265625	3.2421875
20.314996	3.2373046875	3.232421875
20.315996	3.06640625	3.1689453125
20.316996	2.8369140625	3.037109375
20.317996	2.587890625	2.8564453125
20.318996	2.32421875	2.6513671875
20.319996	2.060546875	2.4267578125
20.320996	1.8359375	2.1923828125
20.321996	1.640625	1.9873046875
20.322996	1.5087890625	1.7919921875
20.323996	1.4453125	1.6552734375
20.324996	1.455078125	1.5771484375
20.325996	1.5234375	1.5576171875
20.326996	1.6748046875	1.591796875
20.327996	1.865234375	1.69921875
20.328996	2.109375	1.8505859375
20.329996	2.373046875	2.0458984375
20.330996	2.6416015625	2.2705078125
20.331996	2.890625	2.4853515625
20.332996	3.1103515625	2.71484375
20.333996	3.271484375	2.9150390625
20.334996	3.3642578125	3.0712890625
20.335996	3.3984375	3.1884765625
20.336996	3.3447265625	3.2373046875
20.337996	3.2275390625	3.22265625
20.338996	3.0615234375	3.154296875
20.339996	2.83203125	3.0322265625
20.340996	2.578125	2.841796875
20.341996	2.314453125	2.6416015625
20.342996	2.05078125	2.4169921875
20.343996	1.81640625	2.1923828125
20.345	1.62109375	1.9677734375
20.346	1.4990234375	1.787109375
20.347	1.4404296875	1.66015625
20.348	1.455078125	1.58203125
20.349	1.5478515625	1.5625
20.35	1.7041015625	1.611328125
20.351	1.9091796875	1.7138671875
20.352	2.158203125	1.884765625
20.353	2.4267578125	2.0849609375
20.354	2.7001953125	2.3046875
20.355	2.9443359375	2.5341796875
20.356	3.14453125	2.763671875
20.356996	3.30078125	2.958984375
20.357996	3.37890625	3.1103515625
20.358996	3.3837890625	3.2080078125
20.359996	3.3203125	3.2373046875
20.360996	3.18359375	3.2177734375
20.361996	2.9833984375	3.1201171875
20.362996	2.75390625	2.9736328125
20.363996	2.4755859375	2.783203125
20.364996	2.216796875	2.5634765625
20.365996	1.9580078125	2.333984375
20.366996	1.7333984375	2.099609375
20.367996	1.5673828125	1.9091796875
20.368996	1.4599609375	1.728515625
20.369996	1.4404296875	1.6259765625
20.370996	1.4892578125	1.572265625
20.371996	1.611328125	1.58203125
20.372996	1.796875	1.6552734375
20.373996	2.0263671875	1.787109375
20.374996	2.28515625	1.9775390625
20.375996	2.568359375	2.1875
20.376996	2.822265625	2.421875
20.377996	3.056640625	2.6513671875
20.378996	3.2373046875	2.861328125
20.379996	3.349609375	3.02734375
20.380996	3.388671875	3.154296875
20.381996	3.3544921875	3.22265625
20.382996	3.2421875	3.22265625
20.383996	3.06640625	3.1591796875
20.384996	2.8515625	3.0419921875
20.385996	2.5830078125	2.861328125
20.386996	2.3095703125	2.65625
20.388	2.0361328125	2.421875
20.389	1.8017578125	2.1923828125
20.39	1.6162109375	1.9677734375
20.391	1.494140625	1.7919921875
20.392	1.435546875	1.66015625
20.393	1.46484375	1.58203125
20.394	1.5625	1.572265625
20.395	1.728515625	1.630859375
20.396	1.962890625	1.7529296875
20.397	2.216796875	1.923828125
20.398	2.5	2.138671875
20.399	2.7734375	2.3681640625
20.399996	3.0126953125	2.59765625
20.400996	3.2080078125	2.8125
20.401996	3.3349609375	2.9931640625
20.402996	3.388671875	3.134765625
20.403996	3.3642578125	3.2177734375
20.404996	3.2666015625	3.232421875
20.405996	3.095703125	3.173828125
20.406996	2.880859375	3.0517578125
20.407996	2.6171875	2.890625
20.408996	2.333984375	2.6806640625
20.409996	2.0703125	2.4462890625
20.410996	1.8212890625	2.216796875
20.411996	1.630859375	2.001953125
20.412996	1.50390625	1.81640625
20.413996	1.4404296875	1.6748046875
20.414996	1.4697265625	1.6015625
20.415996	1.572265625	1.58203125
20.416996	1.7333984375	1.640625
20.417996	1.962890625	1.7529296875
20.418996	2.2314453125	1.9189453125
20.419996	2.5146484375	2.1337890625
20.420996	2.7783203125	2.36328125
20.421996	3.0224609375	2.59765625
20.422996	3.2080078125	2.8173828125
20.423996	3.33984375	2.9931640625
20.424996	3.3935546875	3.1298828125
20.425996	3.349609375	3.203125
20.426996	3.251953125	3.22265625
20.427996	3.0712890625	3.1591796875
20.428996	2.8369140625	3.0322265625
20.430008	2.5732421875	2.861328125
20.431	2.294921875	2.646484375
20.432	2.0263671875	2.4169921875
20.433	1.7822265625	2.1875
20.434	1.5966796875	1.9677734375
20.435	1.484375	1.787109375
20.436	1.435546875	1.66015625
20.437	1.4794921875	1.591796875
20.438	1.6015625	1.5966796875
20.439	1.7822265625	1.6650390625
20.44	2.0263671875	1.796875
20.441	2.3046875	1.982421875
20.441996	2.587890625	2.197265625
20.442996	2.8515625	2.431640625
20.443996	3.0859375	2.666015625
20.444996	3.26171875	2.8662109375
20.445996	3.359375	3.0419921875
20.446996	3.388671875	3.1591796875
20.447996	3.330078125	3.212890625
20.448996	3.1884765625	3.203125
20.449996	2.98828125	3.115234375
20.450996	2.734375	2.9736328125
20.451996	2.4560546875	2.7783203125
20.452996	2.177734375	2.55859375
20.453996	1.9189453125	2.3388671875
20.454996	1.69921875	2.099609375
20.455996	1.54296875	1.8896484375
20.456996	1.455078125	1.73828125
20.457996	1.455078125	1.630859375
20.458996	1.5283203125	1.591796875
20.459996	1.6796875	1.62109375
20.460996	1.89453125	1.71875
20.461996	2.158203125	1.875
20.462996	2.4462890625	2.080078125
20.463996	2.734375	2.314453125
20.464996	2.9833984375	2.548828125
20.465996	3.193359375	2.7734375
20.466996	3.330078125	2.958984375
20.467996	3.388671875	3.1103515625
20.468996	3.369140625	3.193359375
20.469996	3.2568359375	3.212890625
20.470996	3.076171875	3.154296875
20.471996	2.8515625	3.0322265625
20.473	2.55859375	2.861328125
20.474	2.28515625	2.646484375
20.475	2.0068359375	2.4169921875
20.476	1.7578125	2.1826171875
20.477	1.58203125	1.962890625
20.478	1.46484375	1.7919921875
20.479	1.4453125	1.66015625
20.48	1.494140625	1.6064453125
20.481	1.6259765625	1.611328125
20.482	1.8408203125	1.69921875
20.483	2.0849609375	1.826171875
20.484	2.373046875	2.0263671875
20.484996	2.6708984375	2.2705078125
20.485996	2.9248046875	2.490234375
20.486996	3.154296875	2.7197265625
20.487996	3.310546875	2.9150390625
20.488996	3.3837890625	3.0810546875
20.489996	3.3740234375	3.173828125
20.490996	3.2763671875	3.1982421875
20.491996	3.10546875	3.1689453125
20.492996	2.8857421875	3.056640625
20.493996	2.6025390625	2.890625
20.494996	2.32421875	2.67578125
20.495996	2.0361328125	2.4462890625
20.496996	1.787109375	2.2119140625
20.497996	1.591796875	1.9921875
20.498996	1.4697265625	1.8115234375
20.499996	1.4404296875	1.6748046875
20.500996	1.484375	1.6064453125
20.501996	1.6259765625	1.6064453125
20.502996	1.8310546875	1.689453125
20.503996	2.0849609375	1.8310546875
20.504996	2.3779296875	2.0263671875
20.505996	2.6708984375	2.2509765625
20.506996	2.9345703125	2.48046875
20.507996	3.1494140625	2.71484375
20.508996	3.310546875	2.919921875
20.509996	3.388671875	3.0712890625
20.510996	3.369140625	3.1640625
20.511996	3.2763671875	3.193359375
20.512996	3.0908203125	3.1494140625
20.513996	2.8515625	3.037109375
20.514996	2.578125	2.87109375
20.516	2.2802734375	2.6611328125
20.517	2.001953125	2.421875
20.518	1.767578125	2.1923828125
20.519	1.58203125	1.9677734375
20.52	1.4599609375	1.796875
20.521	1.4453125	1.6748046875
20.522	1.5087890625	1.6064453125
20.523	1.650390625	1.6259765625
20.524	1.865234375	1.708984375
20.525	2.1435546875	1.865234375
20.526	2.4365234375	2.060546875
20.527	2.734375	2.294921875
20.527996	2.9931640625	2.5341796875
20.528996	3.203125	2.7490234375
20.529996	3.33984375	2.9541015625
20.530996	3.388671875	3.095703125
20.531996	3.3544921875	3.1787109375
20.532996	3.232421875	3.18359375
20.533996	3.0322265625	3.1201171875
20.534996	2.7783203125	2.9931640625
20.535996	2.490234375	2.802734375
20.536996	2.197265625	2.5927734375
20.537996	1.923828125	2.353515625
20.538996	1.6943359375	2.1142578125
20.539996	1.5234375	1.9140625
20.540996	1.455078125	1.7529296875
20.541996	1.4501953125	1.640625
20.542996	1.5625	1.62109375
20.543996	1.7333984375	1.6552734375
20.544996	1.982421875	1.767578125
20.545996	2.265625	1.9482421875
20.546996	2.5634765625	2.1533203125
20.547996	2.8466796875	2.3876953125
20.548996	3.0908203125	2.626953125
20.549996	3.2666015625	2.841796875
20.550996	3.369140625	3.017578125
20.551996	3.3837890625	3.1396484375
20.552996	3.30078125	3.1787109375
20.553996	3.14453125	3.154296875
20.554996	2.9150390625	3.0615234375
20.555996	2.6318359375	2.900390625
20.556996	2.333984375	2.705078125
20.558008	2.03125	2.4609375
20.559	1.7919921875	2.2265625
20.56	1.5869140625	2.01171875
20.561	1.4697265625	1.8212890625
20.562	1.4453125	1.6943359375
20.563	1.50390625	1.630859375
20.564	1.6552734375	1.6357421875
20.565	1.875	1.71875
20.566	2.1533203125	1.875
20.567	2.451171875	2.0703125
20.568	2.744140625	2.2998046875
20.569	3.0029296875	2.5390625
20.569996	3.22265625	2.763671875
20.570996	3.349609375	2.9541015625
20.571996	3.3935546875	3.1005859375
20.572996	3.3349609375	3.173828125
20.573996	3.1982421875	3.1640625
20.574996	2.9736328125	3.0908203125
20.575996	2.7099609375	2.94921875
20.576996	2.4169921875	2.763671875
20.577996	2.119140625	2.5341796875
20.578996	1.8408203125	2.2900390625
20.579996	1.6357421875	2.0703125
20.580996	1.494140625	1.865234375
20.581996	1.4453125	1.7138671875
20.582996	1.484375	1.640625
20.583996	1.611328125	1.6357421875
20.584996	1.8212890625	1.6943359375
20.585996	2.099609375	1.845703125
20.586996	2.392578125	2.0361328125
20.587996	2.7001953125	2.255859375
20.588996	2.978515625	2.5
20.589996	3.1884765625	2.7197265625
20.590996	3.330078125	2.919921875
20.591996	3.3984375	3.0712890625
20.592996	3.349609375	3.1591796875
20.593996	3.2177734375	3.1640625
20.594996	3.0029296875	3.1005859375
20.595996	2.7294921875	2.96875
20.596996	2.4365234375	2.783203125
20.597996	2.138671875	2.548828125
20.598996	1.85546875	2.314453125
20.599996	1.640625	2.08984375
20.601	1.4892578125	1.884765625
20.602	1.4404296875	1.7333984375
20.603	1.484375	1.6552734375
20.604	1.62109375	1.640625
20.605	1.8359375	1.708984375
20.606	2.1044921875	1.8408203125
20.607	2.412109375	2.0361328125
20.608	2.705078125	2.265625
20.609	2.9833984375	2.5
20.61	3.203125	2.7197265625
20.611	3.349609375	2.9296875
20.612	3.3935546875	3.076171875
20.612996	3.349609375	3.154296875
20.613996	3.203125	3.1591796875
20.614996	2.9833984375	3.0859375
20.615996	2.7001953125	2.9541015625
20.616996	2.3974609375	2.7587890625
20.617996	2.099609375	2.5244140625
20.618996	1.8310546875	2.2900390625
20.619996	1.611328125	2.060546875
20.620996	1.484375	1.865234375
20.621996	1.4404296875	1.7138671875
20.622996	1.50390625	1.650390625
20.623996	1.6552734375	1.650390625
20.624996	1.875	1.728515625
20.625996	2.16796875	1.884765625
20.626996	2.48046875	2.080078125
20.627996	2.7783203125	2.314453125
20.628996	3.0419921875	2.5439453125
20.629996	3.2568359375	2.7734375
20.630996	3.359375	2.9541015625
20.631996	3.3837890625	3.0908203125
20.632996	3.30078125	3.14453125
20.633996	3.14453125	3.1396484375
20.634996	2.9052734375	3.0517578125
20.635996	2.6025390625	2.890625
20.636996	2.2998046875	2.6904296875
20.637996	2.0068359375	2.451171875
20.638996	1.73828125	2.216796875
20.639996	1.5576171875	2.001953125
20.640996	1.455078125	1.81640625
20.641996	1.4453125	1.69921875
20.642996	1.552734375	1.6552734375
20.644	1.7333984375	1.6796875
20.645	1.9775390625	1.787109375
20.646	2.28515625	1.953125
20.647	2.59765625	2.16796875
20.648	2.8955078125	2.40234375
20.649	3.14453125	2.6318359375
20.65	3.30078125	2.841796875
20.651	3.3837890625	3.017578125
20.652	3.359375	3.115234375
20.653	3.2421875	3.1396484375
20.654	3.037109375	3.10546875
20.655	2.763671875	2.978515625
20.655996	2.451171875	2.7978515625
20.656996	2.1484375	2.578125
20.657996	1.865234375	2.3388671875
20.658996	1.6357421875	2.1142578125
20.659996	1.494140625	1.9091796875
20.660996	1.4453125	1.7529296875
20.661996	1.4892578125	1.66015625
20.662996	1.640625	1.669921875
20.663996	1.875	1.7333984375
20.664996	2.1533203125	1.8701171875
20.665996	2.4755859375	2.0751953125
20.666996	2.7734375	2.3046875
20.667996	3.0517578125	2.5439453125
20.668996	3.2568359375	2.763671875
20.669996	3.3740234375	2.9443359375
20.670996	3.37890625	3.0712890625
20.671996	3.30078125	3.1396484375
20.672996	3.115234375	3.1201171875
20.673996	2.87109375	3.0322265625
20.674996	2.5634765625	2.87109375
20.675996	2.255859375	2.65625
20.676996	1.953125	2.421875
20.677996	1.69921875	2.1923828125
20.678996	1.5234375	1.9775390625
20.679996	1.4404296875	1.8115234375
20.680996	1.474609375	1.6943359375
20.681996	1.5966796875	1.669921875
20.682996	1.806640625	1.708984375
20.683996	2.080078125	1.845703125
20.684996	2.392578125	2.03125
20.686008	2.7099609375	2.24609375
20.687	2.9931640625	2.4853515625
20.688	3.2177734375	2.7001953125
20.689	3.3544921875	2.900390625
20.69	3.388671875	3.046875
20.691	3.3203125	3.125
20.692	3.1591796875	3.115234375
20.693	2.91015625	3.037109375
20.694	2.6171875	2.8955078125
20.695	2.2900390625	2.6904296875
20.696	1.9873046875	2.4755859375
20.697	1.728515625	2.2265625
20.697996	1.5380859375	1.9970703125
20.698996	1.4453125	1.826171875
20.699996	1.46484375	1.7138671875
20.700996	1.572265625	1.6796875
20.701996	1.787109375	1.7138671875
20.702996	2.05078125	1.826171875
20.703996	2.3681640625	1.9970703125
20.704996	2.6953125	2.2265625
20.705996	2.98828125	2.4560546875
20.706996	3.1982421875	2.685546875
20.707996	3.3447265625	2.890625
20.708996	3.388671875	3.037109375
20.709996	3.3203125	3.10546875
20.710996	3.1591796875	3.125
20.711996	2.91015625	3.037109375
20.712996	2.6171875	2.890625
20.713996	2.294921875	2.6904296875
20.714996	1.982421875	2.4658203125
20.715996	1.7138671875	2.2265625
20.716996	1.5380859375	2.01171875
20.717996	1.4501953125	1.8310546875
20.718996	1.4697265625	1.7138671875
20.719996	1.5869140625	1.6796875
20.720996	1.806640625	1.7236328125
20.721996	2.080078125	1.865234375
20.722996	2.3974609375	2.0263671875
20.723996	2.724609375	2.236328125
20.724996	3.0078125	2.48046875
20.725996	3.22265625	2.7099609375
20.726996	3.3544921875	2.8955078125
20.727996	3.388671875	3.0419921875
20.729	3.30078125	3.115234375
20.73	3.125	3.1005859375
20.731	2.87109375	3.017578125
20.732	2.55859375	2.861328125
20.733	2.236328125	2.65625
20.734	1.923828125	2.4169921875
20.735	1.669921875	2.1875
20.736	1.5087890625	1.97265625
20.737	1.435546875	1.8212890625
20.738	1.4794921875	1.71875
20.739	1.6259765625	1.689453125
20.74	1.85546875	1.748046875
20.740996	2.1533203125	1.8896484375
20.741996	2.490234375	2.080078125
20.742996	2.8076171875	2.3046875
20.743996	3.0712890625	2.529296875
20.744996	3.2666015625	2.75390625
20.745996	3.3740234375	2.9296875
20.746996	3.369140625	3.0517578125
20.747996	3.26171875	3.115234375
20.748996	3.0517578125	3.076171875
20.749996	2.7734375	2.9736328125
20.750996	2.4462890625	2.7978515625
20.751996	2.1337890625	2.578125
20.752996	1.826171875	2.3388671875
20.753996	1.6015625	2.119140625
20.754996	1.4697265625	1.923828125
20.755996	1.4501953125	1.787109375
20.756996	1.5283203125	1.69921875
20.757996	1.708984375	1.708984375
20.758996	1.9775390625	1.8017578125
20.759996	2.2900390625	1.953125
20.760996	2.626953125	2.16796875
20.761996	2.9296875	2.40234375
20.762996	3.173828125	2.6220703125
20.763996	3.3251953125	2.8369140625
20.764996	3.388671875	2.98828125
20.765996	3.3251953125	3.0810546875
20.766996	3.1689453125	3.095703125
20.767996	2.919921875	3.0322265625
20.768996	2.6171875	2.890625
20.769996	2.294921875	2.6904296875
20.770996	1.97265625	2.4658203125
20.772	1.708984375	2.236328125
20.773	1.5234375	2.021484375
20.774	1.4404296875	1.8505859375
20.775	1.4697265625	1.73828125
20.776	1.6162109375	1.708984375
20.777	1.8408203125	1.7578125
20.778	2.1435546875	1.884765625
20.779	2.470703125	2.0703125
20.78	2.802734375	2.2900390625
20.781	3.076171875	2.51953125
20.782	3.2861328125	2.7392578125
20.783	3.3837890625	2.919921875
20.783996	3.3642578125	3.0419921875
20.784996	3.2470703125	3.0859375
20.785996	3.0224609375	3.056640625
20.786996	2.734375	2.9443359375
20.787996	2.412109375	2.763671875
20.788996	2.0751953125	2.5439453125
20.789996	1.787109375	2.3193359375
20.790996	1.58203125	2.0947265625
20.791996	1.4599609375	1.9140625
20.792996	1.455078125	1.7822265625
20.793996	1.5625	1.71875
20.794996	1.767578125	1.7431640625
20.795996	2.05078125	1.8359375
20.796996	2.3876953125	2.01171875
20.797996	2.7099609375	2.2314453125
20.798996	3.0126953125	2.4609375
20.799996	3.2275390625	2.6806640625
20.800996	3.3642578125	2.87109375
20.801996	3.3837890625	3.0078125
20.802996	3.28125	3.076171875
20.803996	3.0810546875	3.056640625
20.804996	2.8076171875	2.96875
20.805996	2.48046875	2.802734375
20.806996	2.1484375	2.6025390625
20.807996	1.845703125	2.3681640625
20.808996	1.611328125	2.1435546875
20.809996	1.474609375	1.953125
20.810996	1.455078125	1.796875
20.811996	1.54296875	1.7333984375
20.812996	1.73828125	1.748046875
20.814008	2.0068359375	1.8359375
20.815	2.3388671875	1.9921875
20.816	2.6806640625	2.1923828125
20.817	2.9736328125	2.431640625
20.818	3.212890625	2.646484375
20.819	3.3544921875	2.8515625
20.82	3.37890625	2.9931640625
20.821	3.2958984375	3.0712890625
20.822	3.10546875	3.06640625
20.823	2.8173828125	2.9736328125
20.824	2.5	2.8125
20.825	2.16796875	2.6171875
20.825996	1.85546875	2.3876953125
20.826996	1.62109375	2.1630859375
20.827996	1.4697265625	1.9677734375
20.828996	1.4404296875	1.81640625
20.829996	1.533203125	1.73828125
20.830996	1.7236328125	1.7529296875
20.831996	2.01171875	1.8310546875
20.832996	2.333984375	1.9921875
20.833996	2.6708984375	2.1923828125
20.834996	2.9833984375	2.421875
20.835996	3.2177734375	2.646484375
20.836996	3.359375	2.8369140625
20.837996	3.3837890625	2.98828125
20.838996	3.2861328125	3.0615234375
20.839996	3.0810546875	3.0419921875
20.840996	2.802734375	2.96875
20.841996	2.4755859375	2.8076171875
20.842996	2.1337890625	2.59765625
20.843996	1.8310546875	2.3681640625
20.844996	1.6015625	2.1435546875
20.845996	1.4697265625	1.9482421875
20.846996	1.4453125	1.8115234375
20.847996	1.5576171875	1.7529296875
20.848996	1.7626953125	1.7529296875
20.849996	2.0458984375	1.8505859375
20.850996	2.3876953125	2.021484375
20.851996	2.724609375	2.2216796875
20.852996	3.02734375	2.4609375
20.853996	3.2470703125	2.6708984375
20.854996	3.3740234375	2.8564453125
20.855996	3.3740234375	2.9931640625
20.857	3.251953125	3.056640625
20.858	3.0419921875	3.0322265625
20.859	2.744140625	2.9248046875
20.86	2.3974609375	2.7587890625
20.861	2.0703125	2.5537109375
20.862	1.7724609375	2.314453125
20.863	1.5625	2.099609375
20.864	1.455078125	1.923828125
20.865	1.46484375	1.8017578125
20.866	1.591796875	1.748046875
20.867	1.8359375	1.787109375
20.868	2.1435546875	1.89453125
20.868996	2.48046875	2.0703125
20.869996	2.8173828125	2.294921875
20.870996	3.10546875	2.5146484375
20.871996	3.30078125	2.734375
20.872996	3.3837890625	2.9052734375
20.873996	3.349609375	3.0029296875
20.874996	3.1982421875	3.0419921875
20.875996	2.9443359375	3.0029296875
20.876996	2.6318359375	2.8759765625
20.877996	2.28515625	2.6953125
20.878996	1.9580078125	2.4755859375
20.879996	1.6796875	2.2509765625
20.880996	1.50390625	2.0458984375
20.881996	1.4453125	1.875
20.882996	1.5087890625	1.787109375
20.883996	1.6845703125	1.7724609375
20.884996	1.9482421875	1.8359375
20.885996	2.28515625	1.962890625
20.886996	2.6318359375	2.1630859375
20.887996	2.9443359375	2.3779296875
20.888996	3.203125	2.6220703125
20.889996	3.349609375	2.8076171875
20.890996	3.388671875	2.9541015625
20.891996	3.2861328125	3.02734375
20.892996	3.0908203125	3.0224609375
20.893996	2.79296875	2.939453125
20.894996	2.4609375	2.79296875
20.895996	2.1142578125	2.5927734375
20.896996	1.806640625	2.36328125
20.897996	1.58203125	2.1484375
20.898996	1.4599609375	1.9580078125
20.9	1.4599609375	1.8310546875
20.901	1.5869140625	1.767578125
20.902	1.8212890625	1.796875
20.903	2.1142578125	1.8994140625
20.904	2.4755859375	2.080078125
20.905	2.8173828125	2.2802734375
20.906	3.095703125	2.5048828125
20.907	3.30078125	2.71484375
20.908	3.3837890625	2.8857421875
20.909	3.33984375	2.98828125
20.91	3.1884765625	3.0322265625
20.911	2.9248046875	2.9736328125
20.911996	2.587890625	2.8515625
20.912996	2.24609375	2.6708984375
20.913996	1.923828125	2.4560546875
20.914996	1.650390625	2.2412109375
20.915996	1.494140625	2.03125
20.916996	1.435546875	1.8798828125
20.917996	1.5283203125	1.787109375
20.918996	1.7333984375	1.7822265625
20.919996	2.01171875	1.85546875
20.920996	2.353515625	2.0166015625
20.921996	2.7099609375	2.2119140625
20.922996	3.017578125	2.431640625
20.923996	3.2470703125	2.63671875
20.924996	3.3642578125	2.8271484375
20.925996	3.369140625	2.9541015625
20.926996	3.2421875	3.0078125
20.927996	3.0029296875	2.98828125
20.928996	2.685546875	2.8955078125
20.929996	2.333984375	2.71484375
20.930996	2.001953125	2.5146484375
20.931996	1.71875	2.2900390625
20.932996	1.5185546875	2.0947265625
20.933996	1.4501953125	1.9189453125
20.934996	1.4990234375	1.826171875
20.935996	1.6748046875	1.796875
20.936996	1.9482421875	1.8408203125
20.937996	2.28515625	1.982421875
20.938996	2.6416015625	2.1630859375
20.939996	2.9638671875	2.3779296875
20.940996	3.22265625	2.6025390625
20.942008	3.3544921875	2.7880859375
20.943	3.37890625	2.9248046875
20.944	3.2666015625	2.998046875
20.945	3.0419921875	2.998046875
20.946	2.744140625	2.900390625
20.947	2.392578125	2.75390625
20.948	2.0458984375	2.5390625
20.949	1.7431640625	2.3291015625
20.95	1.5380859375	2.119140625
20.951	1.455078125	1.9580078125
20.952	1.4794921875	1.8359375
20.953	1.66015625	1.8017578125
20.953996	1.9189453125	1.8505859375
20.954996	2.2509765625	1.97265625
20.955996	2.6171875	2.1533203125
20.956996	2.9443359375	2.3681640625
20.957996	3.193359375	2.578125
20.958996	3.3544921875	2.7734375
20.959996	3.3837890625	2.9150390625
20.960996	3.271484375	2.9833984375
20.961996	3.0517578125	2.978515625
20.962996	2.744140625	2.900390625
20.963996	2.3974609375	2.7490234375
20.964996	2.0458984375	2.548828125
20.965996	1.7431640625	2.333984375
20.966996	1.5380859375	2.1240234375
20.967996	1.4501953125	1.953125
20.968996	1.4892578125	1.8505859375
20.969996	1.6552734375	1.81640625
20.970996	1.93359375	1.8603515625
20.971996	2.2705078125	1.9873046875
20.972996	2.626953125	2.1630859375
20.973996	2.9541015625	2.373046875
20.974996	3.212890625	2.587890625
20.975996	3.3642578125	2.7685546875
20.976996	3.3740234375	2.9052734375
20.977996	3.2568359375	2.9833984375
20.978996	3.0322265625	2.9736328125
20.979996	2.71484375	2.8857421875
20.980996	2.3583984375	2.7294921875
20.981996	2.01171875	2.529296875
20.982996	1.71875	2.314453125
20.983996	1.5234375	2.109375
20.985	1.4501953125	1.953125
20.986	1.5087890625	1.845703125
20.987	1.6943359375	1.826171875
20.988	1.9775390625	1.875
20.989	2.3193359375	2.0068359375
20.99	2.6904296875	2.1923828125
20.991	3.0078125	2.40234375
20.992	3.2470703125	2.6171875
20.993	3.3740234375	2.79296875
20.994	3.3642578125	2.91015625
20.995	3.2177734375	2.9638671875
20.996	2.9638671875	2.94921875
20.996996	2.6416015625	2.8515625
20.997996	2.2802734375	2.6806640625
20.998996	1.9384765625	2.48046875
20.999996	1.66015625	2.2705078125
21.000996	1.494140625	2.080078125
21.001996	1.4501953125	1.93359375
21.002996	1.5380859375	1.845703125
21.003996	1.7529296875	1.8408203125
21.004996	2.060546875	1.9189453125
21.005996	2.421875	2.0556640625
21.006996	2.7783203125	2.2509765625
21.007996	3.0810546875	2.4658203125
21.008996	3.2958984375	2.666015625
21.009996	3.388671875	2.8173828125
21.010996	3.3349609375	2.9296875
21.011996	3.1591796875	2.9638671875
21.012996	2.87109375	2.9150390625
21.013996	2.51953125	2.7978515625
21.014996	2.16796875	2.6171875
21.015996	1.8310546875	2.4072265625
21.016996	1.591796875	2.2021484375
21.017996	1.46484375	2.03125
21.018996	1.46484375	1.89453125
21.019996	1.6064453125	1.8505859375
21.020996	1.865234375	1.875
21.021996	2.1923828125	1.97265625
21.022996	2.5634765625	2.12890625
21.023996	2.91015625	2.3388671875
21.024996	3.1884765625	2.5390625
21.025996	3.3544921875	2.7294921875
21.026996	3.3740234375	2.87109375
21.028	3.28125	2.939453125
21.029	3.0517578125	2.939453125
21.03	2.7197265625	2.861328125
21.031	2.36328125	2.7197265625
21.032	2.01171875	2.5244140625
21.033	1.728515625	2.3193359375
21.034	1.513671875	2.1240234375
21.035	1.4501953125	1.962890625
21.036	1.5234375	1.8798828125
21.037	1.7138671875	1.8603515625
21.038	2.021484375	1.9140625
21.039	2.373046875	2.05078125
21.039996	2.744140625	2.236328125
21.040996	3.0615234375	2.4365234375
21.041996	3.2861328125	2.6318359375
21.042996	3.3837890625	2.802734375
21.043996	3.33984375	2.900390625
21.044996	3.1689453125	2.94921875
21.045996	2.8857421875	2.9052734375
21.046996	2.529296875	2.7880859375
21.047996	2.16796875	2.6171875
21.048996	1.8310546875	2.4072265625
21.049996	1.5869140625	2.216796875
21.050996	1.4599609375	2.041015625
21.051996	1.4697265625	1.9189453125
21.052996	1.6162109375	1.8603515625
21.053996	1.8896484375	1.8896484375
21.054996	2.2314453125	1.9970703125
21.055996	2.59765625	2.1630859375
21.056996	2.9443359375	2.3583984375
21.057996	3.203125	2.5537109375
21.058996	3.349609375	2.7294921875
21.059996	3.3740234375	2.8662109375
21.060996	3.2421875	2.9248046875
21.061996	2.9931640625	2.919921875
21.062996	2.65625	2.8271484375
21.063996	2.28515625	2.6708984375
21.064996	1.943359375	2.4853515625
21.065996	1.6650390625	2.28515625
21.066996	1.4794921875	2.099609375
21.067996	1.455078125	1.9677734375
21.068996	1.5625	1.8896484375
21.070008	1.796875	1.89453125
21.071	2.1240234375	1.9677734375
21.072	2.4951171875	2.1142578125
21.073	2.8564453125	2.2998046875
21.074	3.1494140625	2.490234375
21.075	3.3349609375	2.6806640625
21.076	3.3837890625	2.822265625
21.077	3.291015625	2.9052734375
21.078	3.0712890625	2.9150390625
21.079	2.7587890625	2.8515625
21.08	2.3876953125	2.7099609375
21.081	2.01171875	2.5341796875
21.081996	1.7138671875	2.3388671875
21.082996	1.5087890625	2.1435546875
21.083996	1.4501953125	1.9921875
21.084996	1.533203125	1.8994140625
21.085996	1.7431640625	1.8896484375
21.086996	2.041015625	1.953125
21.087996	2.421875	2.08984375
21.088996	2.783203125	2.265625
21.089996	3.1005859375	2.4658203125
21.090996	3.310546875	2.6416015625
21.091996	3.37890625	2.79296875
21.092996	3.3154296875	2.890625
21.093996	3.10546875	2.9150390625
21.094996	2.802734375	2.8564453125
21.095996	2.4365234375	2.734375
21.096996	2.0654296875	2.5537109375
21.097996	1.748046875	2.3583984375
21.098996	1.533203125	2.177734375
21.099996	1.4404296875	2.0263671875
21.100996	1.513671875	1.9287109375
21.101996	1.7138671875	1.89453125
21.102996	2.021484375	1.943359375
21.103996	2.3876953125	2.080078125
21.104996	2.763671875	2.24609375
21.105996	3.0859375	2.44140625
21.106996	3.2958984375	2.626953125
21.107996	3.3837890625	2.7734375
21.108996	3.3203125	2.87109375
21.109996	3.125	2.8955078125
21.110996	2.8173828125	2.8515625
21.111996	2.44140625	2.724609375
21.113	2.0654296875	2.55859375
21.114	1.7431640625	2.3681640625
21.115	1.5283203125	2.1875
21.116	1.4501953125	2.0263671875
21.117	1.513671875	1.93359375
21.118	1.708984375	1.904296875
21.119	2.021484375	1.953125
21.12	2.3974609375	2.0849609375
21.121	2.7685546875	2.2509765625
21.122	3.0908203125	2.44140625
21.123	3.30078125	2.6220703125
21.124	3.3837890625	2.7685546875
21.124996	3.3203125	2.861328125
21.125996	3.1103515625	2.890625
21.126996	2.7880859375	2.83203125
21.127996	2.421875	2.705078125
21.128996	2.041015625	2.5390625
21.129996	1.728515625	2.3583984375
21.130996	1.5185546875	2.1826171875
21.131996	1.455078125	2.021484375
21.132996	1.533203125	1.9482421875
21.133996	1.73828125	1.923828125
21.134996	2.0556640625	1.97265625
21.135996	2.4365234375	2.109375
21.136996	2.8125	2.275390625
21.137996	3.1201171875	2.4658203125
21.138996	3.3251953125	2.6416015625
21.139996	3.3837890625	2.7783203125
21.140996	3.2958984375	2.861328125
21.141996	3.0712890625	2.87109375
21.142996	2.744140625	2.8076171875
21.143996	2.3583984375	2.685546875
21.144996	1.9921875	2.509765625
21.145996	1.6845703125	2.3193359375
21.146996	1.494140625	2.1484375
21.147996	1.455078125	2.0166015625
21.148996	1.552734375	1.93359375
21.149996	1.7919921875	1.943359375
21.150996	2.1337890625	2.0068359375
21.151996	2.509765625	2.1484375
21.152996	2.8857421875	2.32421875
21.153996	3.173828125	2.5048828125
21.154996	3.3447265625	2.6708984375
21.156	3.37890625	2.7880859375
21.157	3.251953125	2.8662109375
21.158	2.998046875	2.8515625
21.159	2.6513671875	2.783203125
21.16	2.255859375	2.6416015625
21.161	1.89453125	2.451171875
21.162	1.6259765625	2.28515625
21.163	1.4697265625	2.1142578125
21.164	1.4697265625	2.001953125
21.165	1.611328125	1.9384765625
21.166	1.875	1.9580078125
21.167	2.24609375	2.05078125
21.167996	2.63671875	2.197265625
21.168996	2.98828125	2.373046875
21.169996	3.2421875	2.55859375
21.170996	3.3740234375	2.705078125
21.171996	3.3544921875	2.8125
21.172996	3.1787109375	2.8515625
21.173996	2.890625	2.822265625
21.174996	2.5146484375	2.7294921875
21.175996	2.12890625	2.578125
21.176996	1.7919921875	2.392578125
21.177996	1.552734375	2.2265625
21.178996	1.4501953125	2.080078125
21.179996	1.5087890625	1.9775390625
21.180996	1.6943359375	1.953125
21.181996	2.0166015625	2.001953125
21.182996	2.3974609375	2.1142578125
21.183996	2.7783203125	2.265625
21.184996	3.10546875	2.44140625
21.185996	3.3203125	2.6171875
21.186996	3.388671875	2.744140625
21.187996	3.2958984375	2.83203125
21.188996	3.056640625	2.83203125
21.189996	2.7294921875	2.783203125
21.190996	2.34375	2.65625
21.191996	1.9677734375	2.4951171875
21.192996	1.669921875	2.3193359375
21.193996	1.4794921875	2.1533203125
21.194996	1.4599609375	2.03125
21.195996	1.58203125	1.9677734375
21.196996	1.8408203125	1.9775390625
21.198008	2.197265625	2.05078125
21.199	2.5927734375	2.1875
21.2	2.939453125	2.353515625
21.201	3.2275390625	2.5341796875
21.202	3.3740234375	2.67578125
21.203	3.3544921875	2.79296875
21.204	3.1884765625	2.83203125
21.205	2.9052734375	2.8076171875
21.206	2.5341796875	2.71484375
21.207	2.138671875	2.5732421875
21.208	1.7919921875	2.40234375
21.209	1.552734375	2.2314453125
21.209996	1.4599609375	2.0947265625
21.210996	1.4990234375	1.9921875
21.211996	1.71875	1.97265625
21.212996	2.0361328125	2.0166015625
21.213996	2.421875	2.1337890625
21.214996	2.802734375	2.2900390625
21.215996	3.1298828125	2.4609375
21.216996	3.330078125	2.6123046875
21.217996	3.3837890625	2.744140625
21.218996	3.271484375	2.8173828125
21.219996	3.02734375	2.8173828125
21.220996	2.6806640625	2.75390625
21.221996	2.2802734375	2.6171875
21.222996	1.9140625	2.4658203125
21.223996	1.62109375	2.2900390625
21.224996	1.46484375	2.1435546875
21.225996	1.4697265625	2.041015625
21.226996	1.630859375	1.9970703125
21.227996	1.9189453125	2.01171875
21.228996	2.2900390625	2.099609375
21.229996	2.6904296875	2.236328125
21.230996	3.0322265625	2.40234375
21.231996	3.2763671875	2.5732421875
21.232996	3.3740234375	2.705078125
21.233996	3.3203125	2.7880859375
21.234996	3.115234375	2.8125
21.235996	2.7880859375	2.7587890625
21.236996	2.392578125	2.6513671875
21.237996	2.0166015625	2.509765625
21.238996	1.6943359375	2.333984375
21.239996	1.494140625	2.1875
21.241	1.4501953125	2.0703125
21.242	1.572265625	2.001953125
21.243	1.8310546875	2.001953125
21.244	2.197265625	2.0703125
21.245	2.587890625	2.2021484375
21.246	2.958984375	2.373046875
21.247	3.232421875	2.548828125
21.248	3.3642578125	2.6708984375
21.249	3.349609375	2.763671875
21.25	3.173828125	2.79296875
21.251	2.861328125	2.7685546875
21.252	2.48046875	2.6708984375
21.252996	2.0849609375	2.5341796875
21.253996	1.7431640625	2.3681640625
21.254996	1.5283203125	2.2216796875
21.255996	1.4501953125	2.08984375
21.256996	1.5380859375	2.021484375
21.257996	1.7822265625	2.0166015625
21.258996	2.12890625	2.0703125
21.259996	2.529296875	2.1875
21.260996	2.9052734375	2.34375
21.261996	3.1982421875	2.5
21.262996	3.359375	2.6416015625
21.263996	3.369140625	2.734375
21.264996	3.1982421875	2.783203125
21.265996	2.91015625	2.7587890625
21.266996	2.5341796875	2.6806640625
21.267996	2.1240234375	2.548828125
21.268996	1.787109375	2.392578125
21.269996	1.5478515625	2.2314453125
21.270996	1.4501953125	2.119140625
21.271996	1.5234375	2.041015625
21.272996	1.7529296875	2.0263671875
21.273996	2.0849609375	2.0751953125
21.274996	2.4951171875	2.1826171875
21.275996	2.87109375	2.3291015625
21.276996	3.1787109375	2.4853515625
21.277996	3.3544921875	2.6220703125
21.278996	3.369140625	2.734375
21.279996	3.2177734375	2.7783203125
21.280996	2.919921875	2.75390625
21.281996	2.5439453125	2.67578125
21.282996	2.1533203125	2.548828125
21.284	1.7822265625	2.3828125
21.285	1.54296875	2.24609375
21.286	1.4453125	2.1240234375
21.287	1.5234375	2.0458984375
21.288	1.7529296875	2.0361328125
21.289	2.0947265625	2.0849609375
21.29	2.5	2.1923828125
21.291	2.8857421875	2.3486328125
21.292	3.1884765625	2.4951171875
21.293	3.3544921875	2.6318359375
21.294	3.369140625	2.7197265625
21.295	3.2080078125	2.763671875
21.295996	2.9052734375	2.7490234375
21.296996	2.5341796875	2.6708984375
21.297996	2.1240234375	2.5341796875
21.298996	1.7724609375	2.3876953125
21.299996	1.5380859375	2.236328125
21.300996	1.4501953125	2.1240234375
21.301996	1.5234375	2.05078125
21.302996	1.767578125	2.041015625
21.303996	2.1142578125	2.099609375
21.304996	2.5244140625	2.2119140625
21.305996	2.9052734375	2.3486328125
21.306996	3.2080078125	2.509765625
21.307996	3.359375	2.6318359375
21.308996	3.359375	2.7197265625
21.309996	3.1787109375	2.7587890625
21.310996	2.87109375	2.7294921875
21.311996	2.48046875	2.646484375
21.312996	2.0751953125	2.5048828125
21.313996	1.73828125	2.36328125
21.314996	1.5185546875	2.216796875
21.315996	1.4501953125	2.109375
21.316996	1.5576171875	2.0556640625
21.317996	1.81640625	2.060546875
21.318996	2.1875	2.1240234375
21.319996	2.59765625	2.24609375
21.320996	2.9736328125	2.3876953125
21.321996	3.2470703125	2.529296875
21.322996	3.3740234375	2.6513671875
21.323996	3.3349609375	2.7197265625
21.324996	3.1298828125	2.744140625
21.326008	2.79296875	2.705078125
21.327	2.3974609375	2.6123046875
21.328	2.001953125	2.4755859375
21.329	1.6796875	2.3291015625
21.33	1.4794921875	2.1923828125
21.331	1.4599609375	2.109375
21.332	1.611328125	2.0654296875
21.333	1.89453125	2.0849609375
21.334	2.275390625	2.158203125
21.335	2.6953125	2.28515625
21.336	3.0419921875	2.421875
21.337	3.2958984375	2.5634765625
21.337996	3.3740234375	2.666015625
21.338996	3.2958984375	2.7294921875
21.339996	3.056640625	2.734375
21.340996	2.6953125	2.6806640625
21.341996	2.2802734375	2.568359375
21.342996	1.89453125	2.431640625
21.343996	1.6064453125	2.2802734375
21.344996	1.4599609375	2.177734375
21.345996	1.4892578125	2.1044921875
21.346996	1.6796875	2.0654296875
21.347996	2.01171875	2.109375
21.348996	2.421875	2.2021484375
21.349996	2.8125	2.3388671875
21.350996	3.14453125	2.48046875
21.351996	3.349609375	2.5927734375
21.352996	3.3740234375	2.6806640625
21.353996	3.232421875	2.7294921875
21.354996	2.939453125	2.7099609375
21.355996	2.5390625	2.626953125
21.356996	2.138671875	2.509765625
21.357996	1.7724609375	2.3779296875
21.358996	1.5185546875	2.2509765625
21.359996	1.4453125	2.1533203125
21.360996	1.5478515625	2.0947265625
21.361996	1.796875	2.0947265625
21.362996	2.1630859375	2.1533203125
21.363996	2.5830078125	2.265625
21.364996	2.9638671875	2.392578125
21.365996	3.2470703125	2.5244140625
21.366996	3.3740234375	2.626953125
21.367996	3.330078125	2.6953125
21.369	3.1103515625	2.71484375
21.37	2.7783203125	2.6611328125
21.371	2.373046875	2.578125
21.372	1.97265625	2.4462890625
21.373	1.650390625	2.3046875
21.374	1.474609375	2.197265625
21.375	1.474609375	2.119140625
21.376	1.640625	2.08984375
21.377	1.9580078125	2.12890625
21.378	2.3583984375	2.20703125
21.379	2.7734375	2.3388671875
21.38	3.1103515625	2.4658203125
21.380996	3.3349609375	2.5830078125
21.381996	3.3740234375	2.666015625
21.382996	3.2470703125	2.7001953125
21.383996	2.9541015625	2.6806640625
21.384996	2.5732421875	2.6220703125
21.385996	2.1533203125	2.5048828125
21.386996	1.7919921875	2.36328125
21.387996	1.54296875	2.255859375
21.388996	1.455078125	2.1533203125
21.389996	1.5380859375	2.109375
21.390996	1.7919921875	2.119140625
21.391996	2.16796875	2.16796875
21.392996	2.578125	2.2705078125
21.393996	2.9736328125	2.412109375
21.394996	3.2568359375	2.529296875
21.395996	3.37890625	2.626953125
21.396996	3.3154296875	2.6904296875
21.397996	3.1005859375	2.6904296875
21.398996	2.744140625	2.646484375
21.399996	2.333984375	2.548828125
21.400996	1.923828125	2.4267578125
21.401996	1.6259765625	2.2998046875
21.402996	1.46484375	2.1923828125
21.403996	1.4697265625	2.1240234375
21.404996	1.6796875	2.119140625
21.405996	2.0068359375	2.158203125
21.406996	2.421875	2.24609375
21.407996	2.8369140625	2.36328125
21.408996	3.1591796875	2.4951171875
21.409996	3.349609375	2.587890625
21.410996	3.359375	2.6611328125
21.412	3.1982421875	2.685546875
21.413	2.880859375	2.65625
21.414	2.4853515625	2.5732421875
21.415	2.060546875	2.4658203125
21.416	1.7138671875	2.3388671875
21.417	1.50390625	2.2265625
21.418	1.4501953125	2.1533203125
21.419	1.62109375	2.119140625
21.42	1.8994140625	2.138671875
21.421	2.2900390625	2.20703125
21.422	2.7197265625	2.333984375
21.423	3.0810546875	2.4609375
21.423996	3.310546875	2.568359375
21.424996	3.37890625	2.646484375
21.425996	3.2568359375	2.6806640625
21.426996	2.9736328125	2.65625
21.427996	2.59765625	2.59765625
21.428996	2.177734375	2.490234375
21.429996	1.7919921875	2.3583984375
21.430996	1.54296875	2.2509765625
21.431996	1.4453125	2.177734375
21.432996	1.5478515625	2.12890625
21.433996	1.8115234375	2.138671875
21.434996	2.1923828125	2.2119140625
21.435996	2.6171875	2.314453125
21.436996	2.998046875	2.4267578125
21.437996	3.271484375	2.5439453125
21.438996	3.37890625	2.626953125
21.439996	3.3056640625	2.666015625
21.440996	3.0517578125	2.6611328125
21.441996	2.6904296875	2.5927734375
21.442996	2.2607421875	2.4951171875
21.443996	1.85546875	2.3876953125
21.444996	1.5771484375	2.2705078125
21.445996	1.455078125	2.1875
21.446996	1.513671875	2.1484375
21.447996	1.7578125	2.1533203125
21.448996	2.119140625	2.20703125
21.449996	2.5390625	2.3046875
21.450996	2.939453125	2.421875
21.451996	3.2373046875	2.529296875
21.452996	3.3837890625	2.607421875
21.454008	3.330078125	2.6611328125
21.455	3.0908203125	2.65625
21.456	2.744140625	2.5927734375
21.457	2.314453125	2.5048828125
21.458	1.904296875	2.392578125
21.459	1.611328125	2.28515625
21.46	1.4501953125	2.2021484375
21.461	1.4990234375	2.158203125
21.462	1.71875	2.1533203125
21.463	2.0703125	2.2021484375
21.464	2.5	2.294921875
21.465	2.9052734375	2.412109375
21.465996	3.22265625	2.5146484375
21.466996	3.369140625	2.59765625
21.467996	3.33984375	2.6416015625
21.468996	3.1201171875	2.6416015625
21.469996	2.763671875	2.5927734375
21.470996	2.3486328125	2.5048828125
21.471996	1.9287109375	2.392578125
21.472996	1.6259765625	2.2802734375
21.473996	1.4599609375	2.2021484375
21.474996	1.4892578125	2.16796875
21.475996	1.708984375	2.158203125
21.476996	2.0556640625	2.216796875
21.477996	2.4853515625	2.2998046875
21.478996	2.8955078125	2.412109375
21.479996	3.2080078125	2.51953125
21.480996	3.369140625	2.5927734375
21.481996	3.3447265625	2.63671875
21.482996	3.125	2.63671875
21.483996	2.7734375	2.5830078125
21.484996	2.3486328125	2.5
21.485996	1.9384765625	2.3828125
21.486996	1.6162109375	2.28515625
21.487996	1.46484375	2.20703125
21.488996	1.4990234375	2.1630859375
21.489996	1.7138671875	2.1728515625
21.490996	2.0703125	2.2216796875
21.491996	2.4951171875	2.3193359375
21.492996	2.9150390625	2.431640625
21.493996	3.212890625	2.51953125
21.494996	3.3740234375	2.6025390625
21.495996	3.330078125	2.6318359375
21.497	3.10546875	2.6220703125
21.498	2.744140625	2.568359375
21.499	2.3193359375	2.48046875
21.5	1.9091796875	2.3779296875
21.501	1.591796875	2.2802734375
21.502	1.4501953125	2.197265625
21.503	1.5087890625	2.177734375
21.504	1.73828125	2.177734375
21.505	2.1044921875	2.24609375
21.506	2.5439453125	2.3388671875
21.507	2.9541015625	2.44140625
21.508	3.251953125	2.5390625
21.508996	3.37890625	2.607421875
21.509996	3.3154296875	2.626953125
21.510996	3.06640625	2.6123046875
21.511996	2.6953125	2.5537109375
21.512996	2.255859375	2.4609375
21.513996	1.8603515625	2.353515625
21.514996	1.5673828125	2.2607421875
21.515996	1.4453125	2.197265625
21.516996	1.5234375	2.177734375
21.517996	1.7919921875	2.20703125
21.518996	2.1728515625	2.265625
21.519996	2.6025390625	2.36328125
21.520996	3.0029296875	2.4658203125
21.521996	3.2861328125	2.5537109375
21.522996	3.3837890625	2.607421875
21.523996	3.28125	2.626953125
21.524996	3.0029296875	2.5927734375
21.525996	2.6171875	2.5244140625
21.526996	2.1728515625	2.431640625
21.527996	1.7919921875	2.32421875
21.528996	1.54296875	2.24609375
21.529996	1.455078125	2.1875
21.530996	1.572265625	2.1875
21.531996	1.865234375	2.216796875
21.532996	2.265625	2.2998046875
21.533996	2.7099609375	2.3974609375
21.534996	3.0859375	2.4951171875
21.535996	3.3203125	2.568359375
21.536996	3.3740234375	2.6123046875
21.537996	3.2373046875	2.607421875
21.538996	2.919921875	2.5732421875
21.54	2.4951171875	2.4951171875
21.541	2.0654296875	2.3876953125
21.542	1.7041015625	2.2900390625
21.543	1.4892578125	2.2265625
21.544	1.4599609375	2.1923828125
21.545	1.630859375	2.197265625
21.546	1.9677734375	2.2509765625
21.547	2.3974609375	2.333984375
21.548	2.822265625	2.431640625
21.549	3.1787109375	2.529296875
21.55	3.359375	2.578125
21.551	3.3544921875	2.6123046875
21.551996	3.1494140625	2.59765625
21.552996	2.802734375	2.529296875
21.553996	2.3583984375	2.4462890625
21.554996	1.943359375	2.3583984375
21.555996	1.62109375	2.265625
21.556996	1.455078125	2.2119140625
21.557996	1.4990234375	2.197265625
21.558996	1.728515625	2.216796875
21.559996	2.109375	2.28515625
21.560996	2.548828125	2.3779296875
21.561996	2.9638671875	2.470703125
21.562996	3.2666015625	2.5537109375
21.563996	3.3837890625	2.5927734375
21.564996	3.291015625	2.6025390625
21.565996	3.0322265625	2.568359375
21.566996	2.63671875	2.4951171875
21.567996	2.1875	2.412109375
21.568996	1.8017578125	2.3095703125
21.569996	1.533203125	2.2412109375
21.570996	1.4501953125	2.197265625
21.571996	1.5771484375	2.2119140625
21.572996	1.875	2.255859375
21.573996	2.28515625	2.3291015625
21.574996	2.7294921875	2.4267578125
21.575996	3.10546875	2.509765625
21.576996	3.3349609375	2.5830078125
21.577996	3.3740234375	2.59765625
21.578996	3.1982421875	2.587890625
21.579996	2.87109375	2.5341796875
21.580996	2.4365234375	2.451171875
21.582008	2.001953125	2.3583984375
21.583	1.66015625	2.2607421875
21.584	1.4599609375	2.216796875
21.585	1.484375	2.20703125
21.586	1.6943359375	2.2265625
21.587	2.0556640625	2.2998046875
21.588	2.5	2.3828125
21.589	2.9248046875	2.4853515625
21.59	3.2470703125	2.548828125
21.591	3.3740234375	2.59765625
21.592	3.3056640625	2.587890625
21.593	3.046875	2.548828125
21.593996	2.6611328125	2.4853515625
21.594996	2.2119140625	2.3974609375
21.595996	1.8115234375	2.2998046875
21.596996	1.54296875	2.236328125
21.597996	1.455078125	2.20703125
21.598996	1.5673828125	2.2216796875
21.599996	1.875	2.2705078125
21.600996	2.28515625	2.34375
21.601996	2.7392578125	2.4462890625
21.602996	3.1103515625	2.5244140625
21.603996	3.33984375	2.578125
21.604996	3.3642578125	2.5927734375
21.605996	3.193359375	2.5634765625
21.606996	2.8466796875	2.509765625
21.607996	2.412109375	2.4267578125
21.608996	1.97265625	2.333984375
21.609996	1.640625	2.24609375
21.610996	1.4599609375	2.2119140625
21.611996	1.494140625	2.216796875
21.612996	1.71875	2.2509765625
21.613996	2.109375	2.32421875
21.614996	2.55859375	2.412109375
21.615996	2.96875	2.5
21.616996	3.271484375	2.5732421875
21.617996	3.37890625	2.59765625
21.618996	3.2861328125	2.5830078125
21.619996	3.0029296875	2.5341796875
21.620996	2.587890625	2.451171875
21.621996	2.1337890625	2.353515625
21.622996	1.748046875	2.275390625
21.623996	1.50390625	2.2265625
21.625	1.455078125	2.2119140625
21.626	1.6259765625	2.2314453125
21.627	1.9580078125	2.3046875
21.628	2.3974609375	2.392578125
21.629	2.8369140625	2.4755859375
21.63	3.18359375	2.55859375
21.631	3.3642578125	2.5927734375
21.632	3.33984375	2.587890625
21.633	3.1005859375	2.5439453125
21.634	2.7294921875	2.4755859375
21.635	2.2802734375	2.373046875
21.636	1.8505859375	2.294921875
21.636996	1.5673828125	2.2265625
21.637996	1.455078125	2.20703125
21.638996	1.552734375	2.2314453125
21.639996	1.8359375	2.2802734375
21.640996	2.255859375	2.373046875
21.641996	2.71484375	2.4609375
21.642996	3.10546875	2.548828125
21.643996	3.33984375	2.59765625
21.644996	3.369140625	2.5830078125
21.645996	3.1884765625	2.55859375
21.646996	2.841796875	2.4853515625
21.647996	2.40234375	2.3974609375
21.648996	1.953125	2.2998046875
21.649996	1.62109375	2.2412109375
21.650996	1.455078125	2.20703125
21.651996	1.50390625	2.2314453125
21.652996	1.7529296875	2.275390625
21.653996	2.1484375	2.353515625
21.654996	2.6025390625	2.4462890625
21.655996	3.0126953125	2.529296875
21.656996	3.2958984375	2.5927734375
21.657996	3.3837890625	2.587890625
21.658996	3.251953125	2.5537109375
21.659996	2.9248046875	2.490234375
21.660996	2.5	2.40234375
21.661996	2.05078125	2.314453125
21.662996	1.6748046875	2.236328125
21.663996	1.4794921875	2.2119140625
21.664996	1.484375	2.2314453125
21.665996	1.6943359375	2.2705078125
21.666996	2.0703125	2.353515625
21.668	2.5390625	2.451171875
21.669	2.958984375	2.529296875
21.67	3.2568359375	2.5830078125
21.671	3.37890625	2.5927734375
21.672	3.2763671875	2.5634765625
21.673	2.9833984375	2.4951171875
21.674	2.5634765625	2.412109375
21.675	2.1142578125	2.314453125
21.676	1.71875	2.24609375
21.677	1.494140625	2.2119140625
21.678	1.4697265625	2.2265625
21.679	1.6552734375	2.2705078125
21.679996	2.01171875	2.3486328125
21.680996	2.470703125	2.4365234375
21.681996	2.91015625	2.5341796875
21.682996	3.232421875	2.587890625
21.683996	3.369140625	2.59765625
21.684996	3.30078125	2.568359375
21.685996	3.0322265625	2.5
21.686996	2.607421875	2.40234375
21.687996	2.1533203125	2.3193359375
21.688996	1.7626953125	2.2412109375
21.689996	1.5087890625	2.2119140625
21.690996	1.4599609375	2.2216796875
21.691996	1.630859375	2.265625
21.692996	1.9775390625	2.3486328125
21.693996	2.44140625	2.4462890625
21.694996	2.880859375	2.529296875
21.695996	3.22265625	2.5927734375
21.696996	3.3740234375	2.5927734375
21.697996	3.3154296875	2.55859375
21.698996	3.0419921875	2.4951171875
21.699996	2.6416015625	2.40234375
21.700996	2.1728515625	2.314453125
21.701996	1.7724609375	2.2412109375
21.702996	1.513671875	2.2021484375
21.703996	1.46484375	2.2216796875
21.704996	1.630859375	2.2802734375
21.705996	1.97265625	2.3583984375
21.706996	2.4267578125	2.451171875
21.707996	2.8759765625	2.5390625
21.708996	3.2177734375	2.59765625
21.710008	3.37890625	2.59765625
21.711	3.3154296875	2.5537109375
21.712	3.0517578125	2.48046875
21.713	2.626953125	2.3974609375
21.714	2.16796875	2.3046875
21.715	1.7529296875	2.2314453125
21.716	1.4990234375	2.197265625
21.717	1.4599609375	2.2216796875
21.718	1.6259765625	2.2802734375
21.719	1.9873046875	2.373046875
21.72	2.4462890625	2.4560546875
21.721	2.890625	2.548828125
21.721996	3.212890625	2.59765625
21.722996	3.3837890625	2.6025390625
21.723996	3.3056640625	2.5537109375
21.724996	3.02734375	2.48046875
21.725996	2.6025390625	2.3828125
21.726996	2.1435546875	2.294921875
21.727996	1.73828125	2.2216796875
21.728996	1.4990234375	2.2021484375
21.729996	1.4697265625	2.2265625
21.730996	1.6552734375	2.2900390625
21.731996	2.0166015625	2.3828125
21.732996	2.48046875	2.48046875
21.733996	2.9248046875	2.5634765625
21.734996	3.251953125	2.607421875
21.735996	3.3837890625	2.6025390625
21.736996	3.2861328125	2.5390625
21.737996	2.978515625	2.4609375
21.738996	2.55859375	2.3681640625
21.739996	2.08984375	2.275390625
21.740996	1.6943359375	2.197265625
21.741996	1.474609375	2.1923828125
21.742996	1.484375	2.2265625
21.743996	1.6845703125	2.2998046875
21.744996	2.080078125	2.4072265625
21.745996	2.5537109375	2.5048828125
21.746996	2.978515625	2.5830078125
21.747996	3.2861328125	2.6171875
21.748996	3.3837890625	2.5927734375
21.749996	3.251953125	2.5244140625
21.750996	2.919921875	2.4365234375
21.751996	2.4755859375	2.333984375
21.753	2.0166015625	2.2509765625
21.754	1.6357421875	2.1923828125
21.755	1.4697265625	2.1875
21.756	1.50390625	2.2412109375
21.757	1.7529296875	2.3291015625
21.758	2.1728515625	2.421875
21.759	2.646484375	2.5244140625
21.76	3.056640625	2.59765625
21.761	3.3203125	2.6220703125
21.762	3.3740234375	2.5830078125
21.763	3.1982421875	2.5
21.764	2.8271484375	2.40234375
21.764996	2.3779296875	2.3095703125
21.765996	1.9287109375	2.2314453125
21.766996	1.5966796875	2.1923828125
21.767996	1.4453125	2.20703125
21.768996	1.5478515625	2.265625
21.769996	1.8408203125	2.3583984375
21.770996	2.2802734375	2.4658203125
21.771996	2.7587890625	2.548828125
21.772996	3.1396484375	2.6171875
21.773996	3.359375	2.6220703125
21.774996	3.3447265625	2.568359375
21.775996	3.1201171875	2.4853515625
21.776996	2.724609375	2.373046875
21.777996	2.24609375	2.2802734375
21.778996	1.8115234375	2.20703125
21.779996	1.533203125	2.177734375
21.780996	1.4501953125	2.20703125
21.781996	1.6064453125	2.294921875
21.782996	1.9580078125	2.3974609375
21.783996	2.412109375	2.5048828125
21.784996	2.8857421875	2.578125
21.785996	3.2177734375	2.626953125
21.786996	3.37890625	2.6123046875
21.787996	3.2958984375	2.5439453125
21.788996	3.0078125	2.4462890625
21.789996	2.578125	2.3291015625
21.790996	2.099609375	2.2412109375
21.791996	1.708984375	2.1875
21.792996	1.4794921875	2.1826171875
21.793996	1.474609375	2.2412109375
21.794996	1.69921875	2.3291015625
21.796	2.1044921875	2.4365234375
21.797	2.5830078125	2.5439453125
21.798	2.998046875	2.607421875
21.799	3.3056640625	2.6318359375
21.8	3.369140625	2.5927734375
21.801	3.2080078125	2.5048828125
21.802	2.8662109375	2.392578125
21.803	2.392578125	2.28515625
21.804	1.943359375	2.2119140625
21.805	1.5966796875	2.1728515625
21.806	1.4501953125	2.1923828125
21.807	1.54296875	2.275390625
21.807996	1.8408203125	2.373046875
21.808996	2.2802734375	2.4853515625
21.809996	2.7587890625	2.5830078125
21.810996	3.134765625	2.646484375
21.811996	3.359375	2.6171875
21.812996	3.33984375	2.55859375
21.813996	3.1005859375	2.4609375
21.814996	2.685546875	2.3486328125
21.815996	2.197265625	2.236328125
21.816996	1.77734375	2.1728515625
21.817996	1.513671875	2.16796875
21.818996	1.46484375	2.2216796875
21.819996	1.6455078125	2.314453125
21.820996	2.0263671875	2.4267578125
21.821996	2.5	2.5439453125
21.822996	2.94921875	2.6171875
21.823996	3.2666015625	2.646484375
21.824996	3.3837890625	2.59765625
21.825996	3.2470703125	2.51953125
21.826996	2.9248046875	2.4072265625
21.827996	2.4658203125	2.28515625
21.828996	1.982421875	2.20703125
21.829996	1.630859375	2.1533203125
21.830996	1.4599609375	2.177734375
21.831996	1.5185546875	2.2607421875
21.832996	1.8115234375	2.3779296875
21.833996	2.24609375	2.490234375
21.834996	2.7294921875	2.59765625
21.835996	3.134765625	2.646484375
21.836996	3.359375	2.6318359375
21.838008	3.349609375	2.568359375
21.839	3.1103515625	2.4560546875
21.84	2.705078125	2.333984375
21.841	2.216796875	2.2509765625
21.842	1.7822265625	2.16796875
21.843	1.50390625	2.158203125
21.844	1.4599609375	2.2216796875
21.845	1.650390625	2.3291015625
21.846	2.021484375	2.451171875
21.847	2.509765625	2.5634765625
21.848	2.9638671875	2.63671875
21.849	3.2763671875	2.6513671875
21.849996	3.3837890625	2.6025390625
21.850996	3.2421875	2.5
21.851996	2.900390625	2.3876953125
21.852996	2.431640625	2.2705078125
21.853996	1.9677734375	2.177734375
21.854996	1.6015625	2.1484375
21.855996	1.455078125	2.1826171875
21.856996	1.54296875	2.275390625
21.857996	1.845703125	2.40234375
21.858996	2.294921875	2.51953125
21.859996	2.783203125	2.6220703125
21.860996	3.1640625	2.6611328125
21.861996	3.3642578125	2.6416015625
21.862996	3.3203125	2.548828125
21.863996	3.056640625	2.431640625
21.864996	2.626953125	2.294921875
21.865996	2.138671875	2.1923828125
21.866996	1.7529296875	2.138671875
21.867996	1.484375	2.158203125
21.868996	1.474609375	2.236328125
21.869996	1.708984375	2.3583984375
21.870996	2.119140625	2.4853515625
21.871996	2.59765625	2.6025390625
21.872996	3.037109375	2.6611328125
21.873996	3.3154296875	2.6611328125
21.874996	3.369140625	2.5927734375
21.875996	3.1787109375	2.4755859375
21.876996	2.79296875	2.34375
21.877996	2.3095703125	2.2314453125
21.878996	1.8603515625	2.1484375
21.879996	1.5478515625	2.138671875
21.881	1.4599609375	2.197265625
21.882	1.6015625	2.3193359375
21.883	1.962890625	2.44140625
21.884	2.451171875	2.5732421875
21.885	2.9150390625	2.6513671875
21.886	3.2568359375	2.67578125
21.887	3.3837890625	2.6220703125
21.888	3.2666015625	2.509765625
21.889	2.9296875	2.3828125
21.89	2.4658203125	2.24609375
21.891	1.9775390625	2.158203125
21.892	1.6162109375	2.1337890625
21.892996	1.4501953125	2.1728515625
21.893996	1.5380859375	2.2705078125
21.894996	1.8505859375	2.4072265625
21.895996	2.3046875	2.5341796875
21.896996	2.79296875	2.6416015625
21.897996	3.18359375	2.6806640625
21.898996	3.369140625	2.63671875
21.899996	3.310546875	2.5439453125
21.900996	3.037109375	2.4072265625
21.901996	2.587890625	2.2705078125
21.902996	2.099609375	2.177734375
21.903996	1.6943359375	2.12890625
21.904996	1.46484375	2.1533203125
21.905996	1.4892578125	2.2509765625
21.906996	1.7529296875	2.3779296875
21.907996	2.1875	2.51953125
21.908996	2.6806640625	2.6318359375
21.909996	3.1005859375	2.67578125
21.910996	3.3447265625	2.666015625
21.911996	3.3544921875	2.5732421875
21.912996	3.1201171875	2.44140625
21.913996	2.685546875	2.2998046875
21.914996	2.20703125	2.1826171875
21.915996	1.7724609375	2.1142578125
21.916996	1.4892578125	2.1337890625
21.917996	1.4697265625	2.216796875
21.918996	1.6845703125	2.353515625
21.919996	2.0849609375	2.5
21.920996	2.587890625	2.6171875
21.921996	3.037109375	2.6806640625
21.922996	3.3203125	2.6806640625
21.924	3.359375	2.59765625
21.925	3.1689453125	2.4560546875
21.926	2.7783203125	2.3193359375
21.927	2.2900390625	2.1826171875
21.928	1.8359375	2.1142578125
21.929	1.5283203125	2.119140625
21.93	1.4599609375	2.2021484375
21.931	1.6357421875	2.333984375
21.932	2.0263671875	2.4853515625
21.933	2.5048828125	2.6171875
21.934	2.9638671875	2.6806640625
21.935	3.2958984375	2.685546875
21.935996	3.3740234375	2.6171875
21.936996	3.2080078125	2.48046875
21.937996	2.841796875	2.333984375
21.938996	2.353515625	2.197265625
21.939996	1.884765625	2.109375
21.940996	1.552734375	2.109375
21.941996	1.4453125	2.177734375
21.942996	1.5966796875	2.3193359375
21.943996	1.9677734375	2.470703125
21.944996	2.4462890625	2.6123046875
21.945996	2.9345703125	2.6953125
21.946996	3.26171875	2.6904296875
21.947996	3.369140625	2.6220703125
21.948996	3.2373046875	2.490234375
21.949996	2.880859375	2.333984375
21.950996	2.40234375	2.2021484375
21.951996	1.9189453125	2.109375
21.952996	1.5673828125	2.1044921875
21.953996	1.455078125	2.1728515625
21.954996	1.58203125	2.2998046875
21.955996	1.93359375	2.4609375
21.956996	2.421875	2.607421875
21.957996	2.9052734375	2.685546875
21.958996	3.2470703125	2.705078125
21.959996	3.388671875	2.6318359375
21.960996	3.251953125	2.5
21.961996	2.8955078125	2.34375
21.962996	2.4169921875	2.197265625
21.963996	1.93359375	2.1044921875
21.964996	1.5771484375	2.08984375
21.966008	1.4501953125	2.1630859375
21.967	1.5771484375	2.3046875
21.968	1.9189453125	2.4658203125
21.969	2.412109375	2.607421875
21.97	2.8955078125	2.7001953125
21.971	3.251953125	2.724609375
21.972	3.3837890625	2.63671875
21.973	3.251953125	2.5
21.974	2.9052734375	2.34375
21.975	2.4169921875	2.197265625
21.976	1.93359375	2.099609375
21.977	1.572265625	2.08984375
21.977996	1.455078125	2.158203125
21.978996	1.5673828125	2.3046875
21.979996	1.9287109375	2.470703125
21.980996	2.4267578125	2.6220703125
21.981996	2.900390625	2.7001953125
21.982996	3.2568359375	2.7197265625
21.983996	3.3837890625	2.6416015625
21.984996	3.2470703125	2.4951171875
21.985996	2.8857421875	2.333984375
21.986996	2.40234375	2.1875
21.987996	1.9140625	2.08984375
21.988996	1.572265625	2.08984375
21.989996	1.4501953125	2.16796875
21.990996	1.591796875	2.314453125
21.991996	1.9580078125	2.5
21.992996	2.4560546875	2.626953125
21.993996	2.9345703125	2.7197265625
21.994996	3.2666015625	2.7197265625
21.995996	3.3837890625	2.6318359375
21.996996	3.2275390625	2.48046875
21.997996	2.8466796875	2.3095703125
21.998996	2.3583984375	2.1630859375
21.999996	1.8798828125	2.0849609375
22.000996	1.54296875	2.0849609375
22.001996	1.4453125	2.1728515625
22.002996	1.62109375	2.3291015625
22.003996	2.0068359375	2.5048828125
22.004996	2.5048828125	2.6513671875
22.005996	2.9833984375	2.734375
22.006996	3.2958984375	2.71484375
22.007996	3.3740234375	2.6171875
22.009	3.1884765625	2.4609375
22.01	2.79296875	2.28515625
22.011	2.294921875	2.1484375
22.012	1.8212890625	2.0703125
22.013	1.5185546875	2.080078125
22.014	1.455078125	2.1923828125
22.015	1.66015625	2.353515625
22.016	2.0703125	2.5244140625
22.017	2.5732421875	2.666015625
22.018	3.0322265625	2.7392578125
22.019	3.3203125	2.7197265625
22.02	3.3544921875	2.607421875
22.020996	3.1396484375	2.4365234375
22.021996	2.7099609375	2.2607421875
22.022996	2.216796875	2.12890625
22.023996	1.7626953125	2.0654296875
22.024996	1.494140625	2.0947265625
22.025996	1.474609375	2.216796875
22.026996	1.7138671875	2.3876953125
22.027996	2.1484375	2.568359375
22.028996	2.666015625	2.6953125
22.029996	3.10546875	2.75390625
22.030996	3.349609375	2.71484375
22.031996	3.33984375	2.5732421875
22.032996	3.06640625	2.40234375
22.033996	2.6220703125	2.2216796875
22.034996	2.109375	2.0947265625
22.035996	1.6845703125	2.060546875
22.036996	1.474609375	2.109375
22.037996	1.513671875	2.2509765625
22.038996	1.8017578125	2.431640625
22.039996	2.265625	2.607421875
22.040996	2.783203125	2.7294921875
22.041996	3.18359375	2.7490234375
22.042996	3.3740234375	2.6904296875
22.043996	3.3056640625	2.5341796875
22.044996	2.9833984375	2.353515625
22.045996	2.5048828125	2.1826171875
22.046996	1.9921875	2.0703125
22.047996	1.611328125	2.05078125
22.048996	1.4501953125	2.1337890625
22.049996	1.5625	2.2900390625
22.050996	1.9091796875	2.48046875
22.052	2.412109375	2.6513671875
22.053	2.900390625	2.744140625
22.054	3.2568359375	2.7490234375
22.055	3.388671875	2.65625
22.056	3.22265625	2.490234375
22.057	2.8564453125	2.294921875
22.058	2.353515625	2.12890625
22.059	1.8603515625	2.05078125
22.06	1.5380859375	2.060546875
22.061	1.455078125	2.1728515625
22.062	1.6357421875	2.3486328125
22.063	2.05078125	2.5341796875
22.063996	2.55859375	2.6904296875
22.064996	3.0322265625	2.7685546875
22.065996	3.330078125	2.7392578125
22.066996	3.369140625	2.6123046875
22.067996	3.134765625	2.421875
22.068996	2.705078125	2.2412109375
22.069996	2.1923828125	2.08984375
22.070996	1.7333984375	2.03125
22.071996	1.4794921875	2.0751953125
22.072996	1.4794921875	2.2216796875
22.073996	1.7578125	2.4169921875
22.074996	2.2119140625	2.59765625
22.075996	2.734375	2.734375
22.076996	3.1591796875	2.7734375
22.077996	3.3740234375	2.705078125
22.078996	3.310546875	2.5537109375
22.079996	3.0029296875	2.353515625
22.080996	2.5244140625	2.1728515625
22.081996	2.0068359375	2.060546875
22.082996	1.62109375	2.0263671875
22.083996	1.4453125	2.119140625
22.084996	1.5625	2.28515625
22.085996	1.9140625	2.490234375
22.086996	2.412109375	2.666015625
22.087996	2.919921875	2.7685546875
22.088996	3.2666015625	2.7685546875
22.089996	3.3740234375	2.6611328125
22.090996	3.2177734375	2.48046875
22.091996	2.822265625	2.2705078125
22.092996	2.3095703125	2.1142578125
22.094008	1.8359375	2.021484375
22.095	1.5185546875	2.0458984375
22.096	1.4599609375	2.177734375
22.097	1.6748046875	2.3681640625
22.098	2.1142578125	2.5634765625
22.099	2.6220703125	2.724609375
22.1	3.0810546875	2.783203125
22.101	3.3544921875	2.744140625
22.102	3.3349609375	2.59765625
22.103	3.06640625	2.392578125
22.104	2.607421875	2.1875
22.105	2.0849609375	2.0654296875
22.105996	1.6748046875	2.0263671875
22.106996	1.4599609375	2.0947265625
22.107996	1.533203125	2.255859375
22.108996	1.845703125	2.470703125
22.109996	2.333984375	2.646484375
22.110996	2.8564453125	2.7685546875
22.111996	3.2373046875	2.783203125
22.112996	3.388671875	2.685546875
22.113996	3.2470703125	2.5
22.114996	2.87109375	2.28515625
22.115996	2.3583984375	2.109375
22.116996	1.8701171875	2.0166015625
22.117996	1.533203125	2.03125
22.118996	1.4501953125	2.158203125
22.119996	1.6552734375	2.353515625
22.120996	2.0751953125	2.5634765625
22.121996	2.6025390625	2.724609375
22.122996	3.06640625	2.7978515625
22.123996	3.33984375	2.7587890625
22.124996	3.3447265625	2.607421875
22.125996	3.0859375	2.3876953125
22.126996	2.626953125	2.1875
22.127996	2.1044921875	2.0458984375
22.128996	1.6748046875	2.001953125
22.129996	1.4501953125	2.0751953125
22.130996	1.5283203125	2.2509765625
22.131996	1.8505859375	2.470703125
22.132996	2.3486328125	2.666015625
22.133996	2.8662109375	2.783203125
22.134996	3.2470703125	2.7978515625
22.135996	3.37890625	2.685546875
22.137	3.232421875	2.4951171875
22.138	2.8515625	2.2705078125
22.139	2.32421875	2.099609375
22.14	1.8505859375	2.0068359375
22.141	1.5234375	2.0263671875
22.142	1.4599609375	2.158203125
22.143	1.6796875	2.373046875
22.144	2.1142578125	2.587890625
22.145	2.6513671875	2.744140625
22.146	3.1103515625	2.8076171875
22.147	3.3544921875	2.744140625
22.148	3.3349609375	2.587890625
22.148996	3.0322265625	2.3681640625
22.149996	2.55859375	2.1533203125
22.150996	2.041015625	2.0263671875
22.151996	1.62109375	2.001953125
22.152996	1.4501953125	2.080078125
22.153996	1.5576171875	2.28515625
22.154996	1.9189453125	2.5
22.155996	2.431640625	2.7001953125
22.156996	2.94921875	2.8076171875
22.157996	3.2958984375	2.7978515625
22.158996	3.369140625	2.666015625
22.159996	3.1787109375	2.4560546875
22.160996	2.75390625	2.236328125
22.161996	2.2265625	2.060546875
22.162996	1.7578125	1.982421875
22.163996	1.4892578125	2.041015625
22.164996	1.4794921875	2.2021484375
22.165996	1.767578125	2.4267578125
22.166996	2.236328125	2.6416015625
22.167996	2.7734375	2.783203125
22.168996	3.18359375	2.8173828125
22.169996	3.369140625	2.7197265625
22.170996	3.28125	2.5341796875
22.171996	2.9248046875	2.3095703125
22.172996	2.4072265625	2.1044921875
22.173996	1.9091796875	1.9970703125
22.174996	1.552734375	1.9970703125
22.175996	1.4501953125	2.1337890625
22.176996	1.6357421875	2.3486328125
22.177996	2.0654296875	2.568359375
22.178996	2.59765625	2.7490234375
22.18	3.0810546875	2.822265625
22.181	3.3447265625	2.79296875
22.182	3.3349609375	2.607421875
22.183	3.056640625	2.373046875
22.184	2.5830078125	2.1533203125
22.185	2.05078125	2.0068359375
22.186	1.6357421875	1.982421875
22.187	1.4453125	2.080078125
22.188	1.5576171875	2.2705078125
22.189	1.9287109375	2.509765625
22.19	2.4365234375	2.71484375
22.191	2.958984375	2.8271484375
22.191996	3.2958984375	2.8076171875
22.192996	3.37890625	2.6611328125
22.193996	3.1640625	2.44140625
22.194996	2.734375	2.216796875
22.195996	2.1923828125	2.0361328125
22.196996	1.728515625	1.9677734375
22.197996	1.4794921875	2.0361328125
22.198996	1.4990234375	2.20703125
22.199996	1.8115234375	2.4560546875
22.200996	2.294921875	2.6708984375
22.201996	2.822265625	2.8125
22.202996	3.2275390625	2.83203125
22.203996	3.388671875	2.7197265625
22.204996	3.2373046875	2.5048828125
22.205996	2.8515625	2.2607421875
22.206996	2.32421875	2.0654296875
22.207996	1.8212890625	1.9677734375
22.208996	1.50390625	1.9970703125
22.209996	1.46484375	2.158203125
22.210996	1.7138671875	2.3876953125
22.211996	2.177734375	2.6318359375
22.212996	2.71484375	2.7880859375
22.213996	3.1591796875	2.8369140625
22.214996	3.3740234375	2.75390625
22.215996	3.291015625	2.55859375
22.216996	2.9541015625	2.3046875
22.217996	2.4365234375	2.08984375
22.218996	1.9189453125	1.97265625
22.219996	1.5478515625	1.982421875
22.220996	1.4501953125	2.119140625
22.222008	1.650390625	2.34375
22.223	2.0849609375	2.587890625
22.224	2.6171875	2.7783203125
22.225	3.076171875	2.8515625
22.226	3.3544921875	2.7880859375
22.227	3.330078125	2.607421875
22.228	3.017578125	2.353515625
22.229	2.5390625	2.1337890625
22.23	2.001953125	1.982421875
22.231	1.6015625	1.962890625
22.232	1.4453125	2.080078125
22.233	1.5966796875	2.2998046875
22.233996	1.9921875	2.55859375
22.234996	2.5341796875	2.75390625
22.235996	3.02734375	2.8515625
22.236996	3.33984375	2.8173828125
22.237996	3.349609375	2.646484375
22.238996	3.0859375	2.3876953125
22.239996	2.6123046875	2.158203125
22.240996	2.0703125	1.9921875
22.241996	1.6455078125	1.953125
22.242996	1.4501953125	2.05078125
22.243996	1.5576171875	2.2705078125
22.244996	1.93359375	2.51953125
22.245996	2.4609375	2.744140625
22.246996	2.998046875	2.8466796875
22.247996	3.310546875	2.83203125
22.248996	3.369140625	2.666015625
22.249996	3.125	2.421875
22.250996	2.6611328125	2.177734375
22.251996	2.12890625	1.9970703125
22.252996	1.669921875	1.9482421875
22.253996	1.455078125	2.041015625
22.254996	1.533203125	2.236328125
22.255996	1.8798828125	2.5
22.256996	2.4169921875	2.7294921875
22.257996	2.9345703125	2.8515625
22.258996	3.291015625	2.8369140625
22.259996	3.37890625	2.6904296875
22.260996	3.154296875	2.44140625
22.261996	2.7001953125	2.177734375
22.262996	2.16796875	2.0068359375
22.263996	1.7041015625	1.943359375
22.265	1.46484375	2.021484375
22.266	1.5234375	2.2314453125
22.267	1.85546875	2.48046875
22.268	2.3828125	2.7197265625
22.269	2.9150390625	2.8515625
22.27	3.28125	2.841796875
22.271	3.3837890625	2.6953125
22.272	3.173828125	2.451171875
22.273	2.7294921875	2.1923828125
22.274	2.1875	2.0068359375
22.275	1.708984375	1.93359375
22.276	1.46484375	2.01171875
22.276996	1.5185546875	2.2119140625
22.277996	1.85546875	2.4755859375
22.278996	2.3583984375	2.7197265625
22.279996	2.8955078125	2.880859375
22.280996	3.2763671875	2.8564453125
22.281996	3.3837890625	2.705078125
22.282996	3.18359375	2.4560546875
22.283996	2.734375	2.2021484375
22.284996	2.1923828125	1.9970703125
22.285996	1.7138671875	1.93359375
22.286996	1.46484375	2.01171875
22.287996	1.513671875	2.2119140625
22.288996	1.8505859375	2.4853515625
22.289996	2.3681640625	2.71484375
22.290996	2.9052734375	2.8662109375
22.291996	3.28125	2.861328125
22.292996	3.37890625	2.705078125
22.293996	3.173828125	2.4609375
22.294996	2.734375	2.1875
22.295996	2.177734375	1.9873046875
22.296996	1.7041015625	1.9287109375
22.297996	1.4599609375	2.001953125
22.298996	1.5185546875	2.2216796875
22.299996	1.8798828125	2.4951171875
22.300996	2.3974609375	2.7294921875
22.301996	2.919921875	2.8662109375
22.302996	3.291015625	2.861328125
22.303996	3.3740234375	2.7001953125
22.304996	3.154296875	2.44140625
22.305996	2.6904296875	2.1728515625
22.306996	2.1484375	1.9873046875
22.308	1.6748046875	1.9140625
22.309	1.4501953125	2.021484375
22.31	1.5380859375	2.2412109375
22.311	1.904296875	2.51953125
22.312	2.431640625	2.75390625
22.313	2.958984375	2.8759765625
22.314	3.3154296875	2.861328125
22.315	3.369140625	2.685546875
22.316	3.1298828125	2.412109375
22.317	2.6513671875	2.1484375
22.318	2.0947265625	1.962890625
22.319	1.6455078125	1.9140625
22.319996	1.455078125	2.0263671875
22.320996	1.5576171875	2.24609375
22.321996	1.9482421875	2.5341796875
22.322996	2.490234375	2.7734375
22.323996	2.9931640625	2.8857421875
22.324996	3.330078125	2.8515625
22.325996	3.3642578125	2.666015625
22.326996	3.0859375	2.3828125
22.327996	2.587890625	2.119140625
22.328996	2.0361328125	1.943359375
22.329996	1.6064453125	1.9189453125
22.330996	1.4404296875	2.0458984375
22.331996	1.5966796875	2.2900390625
22.332996	2.0068359375	2.578125
22.333996	2.5634765625	2.7978515625
22.334996	3.0615234375	2.890625
22.335996	3.3447265625	2.841796875
22.336996	3.3349609375	2.6220703125
22.337996	3.0126953125	2.3486328125
22.338996	2.5048828125	2.08984375
22.339996	1.9677734375	1.923828125
22.340996	1.5625	1.923828125
22.341996	1.4453125	2.0751953125
22.342996	1.6455078125	2.333984375
22.343996	2.08984375	2.6123046875
22.344996	2.65625	2.83203125
22.345996	3.125	2.8955078125
22.346996	3.369140625	2.8125
22.347996	3.30078125	2.587890625
22.348996	2.939453125	2.2998046875
22.350008	2.3974609375	2.0458984375
22.351	1.8701171875	1.9091796875
22.352	1.513671875	1.93359375
22.353	1.46484375	2.1142578125
22.354	1.71875	2.392578125
22.355	2.197265625	2.666015625
22.356	2.7587890625	2.8662109375
22.357	3.2080078125	2.9052734375
22.358	3.37890625	2.783203125
22.359	3.251953125	2.5341796875
22.36	2.83203125	2.2412109375
22.361	2.2900390625	2.001953125
22.361996	1.77734375	1.904296875
22.362996	1.484375	1.953125
22.363996	1.494140625	2.158203125
22.364996	1.81640625	2.451171875
22.365996	2.32421875	2.7294921875
22.366996	2.880859375	2.8857421875
22.367996	3.271484375	2.890625
22.368996	3.3740234375	2.7392578125
22.369996	3.173828125	2.4609375
22.370996	2.7099609375	2.1728515625
22.371996	2.1533203125	1.9677734375
22.372996	1.6748046875	1.89453125
22.373996	1.4501953125	1.9921875
22.374996	1.54296875	2.2314453125
22.375996	1.923828125	2.5390625
22.376996	2.48046875	2.783203125
22.377996	2.998046875	2.91015625
22.378996	3.330078125	2.8759765625
22.379996	3.3544921875	2.67578125
22.380996	3.0615234375	2.373046875
22.381996	2.5634765625	2.109375
22.382996	2.01171875	1.9189453125
22.383996	1.5869140625	1.8994140625
22.384996	1.4453125	2.041015625
22.385996	1.6357421875	2.3095703125
22.386996	2.0703125	2.6123046875
22.387996	2.6416015625	2.8369140625
22.388996	3.1201171875	2.9150390625
22.389996	3.369140625	2.83203125
22.390996	3.2958984375	2.5927734375
22.391996	2.9345703125	2.28515625
22.393	2.3876953125	2.03125
22.394	1.8603515625	1.8896484375
22.395	1.5185546875	1.9189453125
22.396	1.46484375	2.119140625
22.397	1.748046875	2.412109375
22.398	2.2412109375	2.6953125
22.399	2.8076171875	2.880859375
22.4	3.2275390625	2.91015625
22.401	3.37890625	2.7734375
22.402	3.212890625	2.5
22.403	2.7734375	2.2021484375
22.404	2.1923828125	1.962890625
22.404996	1.7138671875	1.8798828125
22.405996	1.455078125	1.9677734375
22.406996	1.533203125	2.20703125
22.407996	1.89453125	2.5146484375
22.408996	2.4462890625	2.783203125
22.409996	2.9833984375	2.919921875
22.410996	3.3251953125	2.890625
22.411996	3.3544921875	2.6806640625
22.412996	3.06640625	2.3974609375
22.413996	2.568359375	2.099609375
22.414996	2.01171875	1.9091796875
22.415996	1.5869140625	1.8896484375
22.416996	1.4453125	2.0361328125
22.417996	1.630859375	2.3193359375
22.418996	2.0849609375	2.626953125
22.419996	2.65625	2.8564453125
22.420996	3.134765625	2.9296875
22.421996	3.37890625	2.83203125
22.422996	3.2861328125	2.5830078125
22.423996	2.900390625	2.2802734375
22.424996	2.34375	2.0068359375
22.425996	1.81640625	1.8798828125
22.426996	1.494140625	1.9189453125
22.427996	1.484375	2.138671875
22.428996	1.787109375	2.44140625
22.429996	2.314453125	2.7294921875
22.430996	2.8759765625	2.9052734375
22.431996	3.2666015625	2.9150390625
22.432996	3.37890625	2.744140625
22.433996	3.1591796875	2.4609375
22.434996	2.6806640625	2.1533203125
22.436	2.1044921875	1.923828125
22.437	1.6552734375	1.865234375
22.438	1.4501953125	1.9873046875
22.439	1.58203125	2.2607421875
22.44	1.9921875	2.578125
22.441	2.55859375	2.83203125
22.442	3.0810546875	2.9345703125
22.443	3.3642578125	2.861328125
22.444	3.3203125	2.6318359375
22.445	2.9638671875	2.3193359375
22.446	2.421875	2.03125
22.447	1.875	1.8798828125
22.447996	1.513671875	1.8896484375
22.448996	1.4599609375	2.0947265625
22.449996	1.73828125	2.40234375
22.450996	2.24609375	2.7099609375
22.451996	2.822265625	2.9052734375
22.452996	3.2470703125	2.9345703125
22.453996	3.388671875	2.783203125
22.454996	3.18359375	2.490234375
22.455996	2.7294921875	2.177734375
22.456996	2.1484375	1.93359375
22.457996	1.669921875	1.85546875
22.458996	1.455078125	1.962890625
22.459996	1.5625	2.2314453125
22.460996	1.962890625	2.548828125
22.461996	2.529296875	2.8271484375
22.462996	3.056640625	2.939453125
22.463996	3.3544921875	2.880859375
22.464996	3.330078125	2.6513671875
22.465996	2.978515625	2.32421875
22.466996	2.431640625	2.0361328125
22.467996	1.884765625	1.875
22.468996	1.5185546875	1.884765625
22.469996	1.4697265625	2.08984375
22.470996	1.7333984375	2.3974609375
22.471996	2.2412109375	2.71484375
22.472996	2.8271484375	2.91015625
22.473996	3.2470703125	2.9443359375
22.474996	3.3837890625	2.783203125
22.475996	3.1787109375	2.4853515625
22.476996	2.7001953125	2.1533203125
22.478008	2.1337890625	1.9189453125
22.479	1.650390625	1.85546875
22.48	1.4501953125	1.962890625
22.481	1.5673828125	2.2412109375
22.482	2.001953125	2.5732421875
22.483	2.5732421875	2.841796875
22.484	3.0859375	2.9541015625
22.485	3.369140625	2.8759765625
22.486	3.3056640625	2.626953125
22.487	2.9443359375	2.2998046875
22.488	2.3876953125	2.0068359375
22.489	1.8408203125	1.8603515625
22.489996	1.4990234375	1.8994140625
22.490996	1.484375	2.109375
22.491996	1.77734375	2.431640625
22.492996	2.3193359375	2.7392578125
22.493996	2.880859375	2.939453125
22.494996	3.2763671875	2.939453125
22.495996	3.37890625	2.7490234375
22.496996	3.125	2.44140625
22.497996	2.6318359375	2.119140625
22.498996	2.0654296875	1.89453125
22.499996	1.611328125	1.8505859375
22.500996	1.4404296875	1.9921875
22.501996	1.630859375	2.294921875
22.502996	2.0849609375	2.626953125
22.503996	2.6708984375	2.8857421875
22.504996	3.1640625	2.9638671875
22.505996	3.3740234375	2.8515625
22.506996	3.26171875	2.578125
22.507996	2.841796875	2.2314453125
22.508996	2.265625	1.9580078125
22.509996	1.7578125	1.8408203125
22.510996	1.4697265625	1.9189453125
22.511996	1.5234375	2.1728515625
22.512996	1.89453125	2.509765625
22.513996	2.451171875	2.802734375
22.514996	3.0029296875	2.9541015625
22.515996	3.37890625	2.9150390625
22.516996	3.349609375	2.6904296875
22.517996	3.017578125	2.3583984375
22.518996	2.48046875	2.0458984375
22.519996	1.9189453125	1.8603515625
22.521	1.5283203125	1.865234375
22.522	1.46484375	2.060546875
22.523	1.728515625	2.3876953125
22.524	2.24609375	2.71484375
22.525	2.83203125	2.9248046875
22.526	3.251953125	2.9541015625
22.527	3.37890625	2.783203125
22.528	3.1640625	2.4755859375
22.529	2.6806640625	2.1484375
22.53	2.099609375	1.8994140625
22.531	1.6357421875	1.8359375
22.532	1.4453125	1.9775390625
22.532996	1.611328125	2.275390625
22.533996	2.060546875	2.6171875
22.534996	2.646484375	2.880859375
22.535996	3.14453125	2.9736328125
22.536996	3.37890625	2.8564453125
22.537996	3.2666015625	2.5830078125
22.538996	2.8515625	2.2314453125
22.539996	2.2705078125	1.9580078125
22.540996	1.7529296875	1.8310546875
22.541996	1.4697265625	1.9091796875
22.542996	1.5185546875	2.16796875
22.543996	1.9091796875	2.51953125
22.544996	2.48046875	2.822265625
22.545996	3.017578125	2.9736328125
22.546996	3.349609375	2.9248046875
22.547996	3.3251953125	2.6708984375
22.548996	2.98828125	2.3388671875
22.549996	2.4365234375	2.0166015625
22.550996	1.8701171875	1.845703125
22.551996	1.50390625	1.865234375
22.552996	1.474609375	2.080078125
22.553996	1.7822265625	2.4169921875
22.554996	2.3193359375	2.75390625
22.555996	2.890625	2.94921875
22.556996	3.291015625	2.9541015625
22.557996	3.3740234375	2.763671875
22.558996	3.1005859375	2.431640625
22.559996	2.587890625	2.0947265625
22.560996	2.0068359375	1.8701171875
22.561996	1.572265625	1.8408203125
22.562996	1.4599609375	2.01171875
22.564	1.6748046875	2.333984375
22.565	2.1728515625	2.67578125
22.566	2.763671875	2.9248046875
22.567	3.2177734375	2.978515625
22.568	3.388671875	2.8271484375
22.569	3.1884765625	2.509765625
22.57	2.7197265625	2.158203125
22.571	2.1337890625	1.8994140625
22.572	1.650390625	1.826171875
22.573	1.455078125	1.9482421875
22.574	1.6015625	2.255859375
22.575	2.0458984375	2.6123046875
22.575996	2.646484375	2.8955078125
22.576996	3.14453125	2.98828125
22.577996	3.3837890625	2.8759765625
22.578996	3.26171875	2.587890625
22.579996	2.8369140625	2.2314453125
22.580996	2.24609375	1.9482421875
22.581996	1.728515625	1.8212890625
22.582996	1.4501953125	1.9091796875
22.583996	1.54296875	2.1875
22.584996	1.953125	2.5390625
22.585996	2.529296875	2.8515625
22.586996	3.0712890625	2.9833984375
22.587996	3.349609375	2.91015625
22.588996	3.3056640625	2.646484375
22.589996	2.9296875	2.294921875
22.590996	2.3583984375	1.97265625
22.591996	1.796875	1.826171875
22.592996	1.484375	1.875
22.593996	1.494140625	2.1240234375
22.594996	1.865234375	2.4853515625
22.595996	2.4365234375	2.8125
22.596996	2.9931640625	2.98828125
22.597996	3.3447265625	2.939453125
22.598996	3.33984375	2.7001953125
22.599996	3.0029296875	2.34375
22.600996	2.44140625	2.0166015625
22.601996	1.9091796875	1.8212890625
22.602996	1.50390625	1.8408203125
22.603996	1.474609375	2.0751953125
22.604996	1.796875	2.4267578125
22.606008	2.3486328125	2.7734375
22.607	2.9296875	2.96875
22.608	3.3056640625	2.96875
22.609	3.359375	2.7490234375
22.61	3.0615234375	2.3974609375
22.611	2.51953125	2.05078125
22.612	1.93359375	1.8359375
22.613	1.5380859375	1.8359375
22.614	1.46484375	2.0361328125
22.615	1.7431640625	2.3779296875
22.616	2.2802734375	2.7392578125
22.617	2.8662109375	2.958984375
22.617996	3.28125	2.978515625
22.618996	3.37890625	2.783203125
22.619996	3.10546875	2.4365234375
22.620996	2.587890625	2.0849609375
22.621996	1.9921875	1.8505859375
22.622996	1.5625	1.8115234375
22.623996	1.455078125	2.01171875
22.624996	1.69921875	2.3486328125
22.625996	2.216796875	2.7099609375
22.626996	2.8173828125	2.958984375
22.627996	3.26171875	2.9931640625
22.628996	3.3837890625	2.8125
22.629996	3.1396484375	2.470703125
22.630996	2.626953125	2.109375
22.631996	2.0263671875	1.8603515625
22.632996	1.58203125	1.8115234375
22.633996	1.4501953125	1.982421875
22.634996	1.6796875	2.32421875
22.635996	2.1826171875	2.685546875
22.636996	2.7880859375	2.9443359375
22.637996	3.2470703125	3.0029296875
22.638996	3.37890625	2.822265625
22.639996	3.1591796875	2.4951171875
22.640996	2.6611328125	2.12890625
22.641996	2.060546875	1.865234375
22.642996	1.6015625	1.806640625
22.643996	1.4501953125	1.9677734375
22.644996	1.66015625	2.3095703125
22.645996	2.1630859375	2.6806640625
22.646996	2.7587890625	2.94921875
22.647996	3.232421875	3.0078125
22.649	3.3837890625	2.8369140625
22.65	3.173828125	2.5048828125
22.651	2.67578125	2.12890625
22.652	2.080078125	1.865234375
22.653	1.6064453125	1.8017578125
22.654	1.435546875	1.9580078125
22.655	1.6552734375	2.294921875
22.656	2.1533203125	2.6708984375
22.657	2.7490234375	2.9443359375
22.658	3.2275390625	3.0029296875
22.659	3.388671875	2.841796875
22.66	3.1689453125	2.509765625
22.660996	2.67578125	2.1337890625
22.661996	2.080078125	1.8603515625
22.662996	1.6015625	1.796875
22.663996	1.4501953125	1.953125
22.664996	1.650390625	2.2998046875
22.665996	2.158203125	2.67578125
22.666996	2.7587890625	2.9541015625
22.667996	3.22265625	3.0078125
22.668996	3.37890625	2.8466796875
22.669996	3.173828125	2.509765625
22.670996	2.6611328125	2.12890625
22.671996	2.0654296875	1.8603515625
22.672996	1.5966796875	1.787109375
22.673996	1.4501953125	1.962890625
22.674996	1.669921875	2.3095703125
22.675996	2.1728515625	2.67578125
22.676996	2.783203125	2.9541015625
22.677996	3.2373046875	3.0126953125
22.678996	3.37890625	2.8369140625
22.679996	3.14453125	2.490234375
22.680996	2.63671875	2.1142578125
22.681996	2.041015625	1.8408203125
22.682996	1.58203125	1.7919921875
22.683996	1.4453125	1.9775390625
22.684996	1.6943359375	2.32421875
22.685996	2.216796875	2.705078125
22.686996	2.8173828125	2.96875
22.687996	3.2568359375	3.0029296875
22.688996	3.3837890625	2.822265625
22.689996	3.1298828125	2.4609375
22.690996	2.59765625	2.0849609375
22.692	1.9921875	1.8310546875
22.693	1.5576171875	1.8017578125
22.694	1.4599609375	1.9921875
22.695	1.71875	2.3486328125
22.696	2.255859375	2.7294921875
22.697	2.8564453125	2.978515625
22.698	3.2861328125	3.0029296875
22.699	3.369140625	2.7880859375
22.7	3.0810546875	2.431640625
22.701	2.5341796875	2.05078125
22.702	1.943359375	1.81640625
22.703	1.5380859375	1.806640625
22.703996	1.4697265625	2.021484375
22.704996	1.7626953125	2.392578125
22.705996	2.32421875	2.7685546875
22.706996	2.9248046875	2.9931640625
22.707996	3.3154296875	2.98828125
22.708996	3.359375	2.7685546875
22.709996	3.0322265625	2.3828125
22.710996	2.470703125	2.021484375
22.711996	1.8798828125	1.796875
22.712996	1.4990234375	1.8115234375
22.713996	1.484375	2.05078125
22.714996	1.8310546875	2.44140625
22.715996	2.3974609375	2.8076171875
22.716996	2.98828125	3.0126953125
22.717996	3.33984375	2.9736328125
22.718996	3.330078125	2.724609375
22.719996	2.9736328125	2.3291015625
22.720996	2.3876953125	1.9775390625
22.721996	1.8017578125	1.787109375
22.722996	1.474609375	1.8408203125
22.723996	1.5087890625	2.109375
22.724996	1.9091796875	2.5048828125
22.725996	2.4951171875	2.861328125
22.726996	3.06640625	3.0224609375
22.727996	3.3642578125	2.9541015625
22.728996	3.30078125	2.6708984375
22.729996	2.8857421875	2.2705078125
22.730996	2.28515625	1.93359375
22.731996	1.728515625	1.7724609375
22.732996	1.4404296875	1.865234375
22.734008	1.5576171875	2.1728515625
22.735	1.9970703125	2.5732421875
22.736	2.6123046875	2.900390625
22.737	3.1396484375	3.0322265625
22.738	3.388671875	2.9150390625
22.739	3.2470703125	2.6025390625
22.74	2.783203125	2.1923828125
22.741	2.1728515625	1.875
22.742	1.6552734375	1.7626953125
22.743	1.4453125	1.8994140625
22.744	1.62109375	2.24609375
22.745	2.109375	2.6416015625
22.745996	2.7294921875	2.9541015625
22.746996	3.212890625	3.0322265625
22.747996	3.388671875	2.8759765625
22.748996	3.173828125	2.5146484375
22.749996	2.65625	2.1142578125
22.750996	2.041015625	1.8505859375
22.751996	1.572265625	1.7724609375
22.752996	1.4501953125	1.9677734375
22.753996	1.708984375	2.333984375
22.754996	2.24609375	2.7294921875
22.755996	2.8515625	2.9833984375
22.756996	3.28125	3.0224609375
22.757996	3.369140625	2.8076171875
22.758996	3.076171875	2.421875
22.759996	2.5146484375	2.0361328125
22.760996	1.9140625	1.7919921875
22.761996	1.513671875	1.787109375
22.762996	1.4794921875	2.041015625
22.763996	1.8115234375	2.431640625
22.764996	2.3974609375	2.802734375
22.765996	2.9833984375	3.02734375
22.766996	3.3447265625	2.98828125
22.767996	3.330078125	2.7197265625
22.768996	2.958984375	2.3193359375
22.769996	2.3583984375	1.9482421875
22.770996	1.787109375	1.767578125
22.771996	1.4697265625	1.8359375
22.772996	1.5380859375	2.119140625
22.773996	1.9580078125	2.5390625
22.774996	2.568359375	2.8955078125
22.775996	3.115234375	3.0419921875
22.777	3.3837890625	2.939453125
22.778	3.251953125	2.6220703125
22.779	2.802734375	2.2021484375
22.78	2.1826171875	1.8896484375
22.781	1.66015625	1.7626953125
22.782	1.4453125	1.89453125
22.783	1.6259765625	2.2412109375
22.784	2.119140625	2.6416015625
22.785	2.734375	2.96875
22.786	3.2275390625	3.0419921875
22.787	3.37890625	2.8759765625
22.788	3.1494140625	2.5048828125
22.788996	2.6171875	2.0947265625
22.789996	2.0068359375	1.81640625
22.790996	1.5576171875	1.7724609375
22.791996	1.46484375	1.97265625
22.792996	1.748046875	2.36328125
22.793996	2.3095703125	2.7685546875
22.794996	2.91015625	3.0126953125
22.795996	3.3203125	3.0224609375
22.796996	3.349609375	2.7734375
22.797996	3.0078125	2.373046875
22.798996	2.421875	1.9873046875
22.799996	1.8310546875	1.767578125
22.800996	1.484375	1.806640625
22.801996	1.5087890625	2.08984375
22.802996	1.9140625	2.509765625
22.803996	2.51953125	2.8662109375
22.804996	3.0810546875	3.056640625
22.805996	3.3740234375	2.958984375
22.806996	3.2763671875	2.6513671875
22.807996	2.8173828125	2.2265625
22.808996	2.20703125	1.8798828125
22.809996	1.669921875	1.7529296875
22.810996	1.4501953125	1.875
22.811996	1.6162109375	2.2265625
22.812996	2.1142578125	2.6416015625
22.813996	2.7392578125	2.96875
22.814996	3.232421875	3.0517578125
22.815996	3.3740234375	2.8662109375
22.816996	3.14453125	2.5048828125
22.817996	2.6025390625	2.08984375
22.818996	1.982421875	1.8017578125
22.82	1.54296875	1.7626953125
22.821	1.4599609375	1.9873046875
22.822	1.7626953125	2.3828125
22.823	2.34375	2.7880859375
22.824	2.958984375	3.0322265625
22.825	3.3251953125	3.017578125
22.826	3.33984375	2.75390625
22.827	2.958984375	2.3388671875
22.828	2.3583984375	1.9482421875
22.829	1.7822265625	1.7578125
22.83	1.455078125	1.81640625
22.831	1.5380859375	2.1240234375
22.831996	1.982421875	2.5537109375
22.832996	2.59765625	2.91015625
22.833996	3.1396484375	3.0615234375
22.834996	3.37890625	2.939453125
22.835996	3.22265625	2.59765625
22.836996	2.734375	2.16796875
22.837996	2.1142578125	1.8408203125
22.838996	1.611328125	1.748046875
22.839996	1.455078125	1.9140625
22.840996	1.6796875	2.3046875
22.841996	2.236328125	2.724609375
22.842996	2.861328125	3.0078125
22.843996	3.2861328125	3.046875
22.844996	3.3544921875	2.8125
22.845996	3.046875	2.4169921875
22.846996	2.4658203125	2.0068359375
22.847996	1.865234375	1.7626953125
22.848996	1.494140625	1.7919921875
22.849996	1.50390625	2.060546875
22.850996	1.8994140625	2.490234375
22.851996	2.5146484375	2.880859375
22.852996	3.0908203125	3.0615234375
22.853996	3.37890625	2.978515625
22.854996	3.271484375	2.6513671875
22.855996	2.8076171875	2.216796875
22.856996	2.177734375	1.8701171875
22.857996	1.6552734375	1.73828125
22.858996	1.4404296875	1.8798828125
22.859996	1.6357421875	2.2509765625
22.860996	2.16796875	2.6806640625
22.862008	2.7978515625	2.9931640625
22.863	3.2666015625	3.0517578125
22.864	3.3740234375	2.8515625
22.865	3.0859375	2.44140625
22.866	2.51953125	2.041015625
22.867	1.904296875	1.767578125
22.868	1.4990234375	1.77734375
22.869	1.494140625	2.0361328125
22.87	1.8701171875	2.451171875
22.871	2.4755859375	2.8515625
22.872	3.0615234375	3.056640625
22.873	3.369140625	2.998046875
22.873996	3.28125	2.67578125
22.874996	2.822265625	2.2412109375
22.875996	2.2021484375	1.865234375
22.876996	1.6650390625	1.7333984375
22.877996	1.4453125	1.875
22.878996	1.6357421875	2.236328125
22.879996	2.158203125	2.67578125
22.880996	2.79296875	2.9931640625
22.881996	3.251953125	3.056640625
22.882996	3.3740234375	2.8515625
22.883996	3.0908203125	2.451171875
22.884996	2.5146484375	2.0361328125
22.885996	1.8994140625	1.7724609375
22.886996	1.50390625	1.7724609375
22.887996	1.484375	2.03125
22.888996	1.8798828125	2.4609375
22.889996	2.4951171875	2.8662109375
22.890996	3.076171875	3.0615234375
22.891996	3.3740234375	2.9833984375
22.892996	3.2666015625	2.6611328125
22.893996	2.802734375	2.216796875
22.894996	2.1728515625	1.8603515625
22.895996	1.640625	1.7333984375
22.896996	1.4453125	1.8798828125
22.897996	1.650390625	2.255859375
22.898996	2.1923828125	2.7001953125
22.899996	2.83203125	3.0126953125
22.900996	3.2861328125	3.0615234375
22.901996	3.369140625	2.8369140625
22.902996	3.046875	2.4169921875
22.903996	2.4560546875	1.9970703125
22.905	1.8505859375	1.7529296875
22.906	1.4794921875	1.7724609375
22.907	1.513671875	2.0849609375
22.908	1.9287109375	2.5146484375
22.909	2.5634765625	2.900390625
22.91	3.1201171875	3.076171875
22.911	3.3837890625	2.96875
22.912	3.2275390625	2.6123046875
22.913	2.7294921875	2.1630859375
22.914	2.08984375	1.826171875
22.915	1.591796875	1.728515625
22.916	1.4501953125	1.9189453125
22.916996	1.71875	2.314453125
22.917996	2.2900390625	2.75390625
22.918996	2.9150390625	3.0419921875
22.919996	3.330078125	3.0517578125
22.920996	3.349609375	2.783203125
22.921996	2.9638671875	2.3486328125
22.922996	2.3486328125	1.943359375
22.923996	1.7626953125	1.73828125
22.924996	1.455078125	1.806640625
22.925996	1.5625	2.138671875
22.926996	2.0458984375	2.578125
22.927996	2.6806640625	2.958984375
22.928996	3.203125	3.0859375
22.929996	3.388671875	2.919921875
22.930996	3.1494140625	2.529296875
22.931996	2.59765625	2.080078125
22.932996	1.953125	1.77734375
22.933996	1.5234375	1.73828125
22.934996	1.474609375	1.9873046875
22.935996	1.8310546875	2.421875
22.936996	2.4365234375	2.841796875
22.937996	3.0419921875	3.0615234375
22.938996	3.3642578125	3.017578125
22.939996	3.2861328125	2.6904296875
22.940996	2.8173828125	2.2314453125
22.941996	2.1826171875	1.8603515625
22.942996	1.650390625	1.7138671875
22.943996	1.4453125	1.8603515625
22.944996	1.6552734375	2.2509765625
22.945996	2.2021484375	2.7001953125
22.946996	2.841796875	3.0224609375
22.948	3.30078125	3.06640625
22.949	3.3544921875	2.83203125
22.95	3.017578125	2.40234375
22.951	2.4169921875	1.9677734375
22.952	1.8017578125	1.73828125
22.953	1.46484375	1.7822265625
22.954	1.5380859375	2.109375
22.955	1.9970703125	2.55859375
22.956	2.6416015625	2.9443359375
22.957	3.18359375	3.0908203125
22.958	3.388671875	2.939453125
22.959	3.1689453125	2.55859375
22.959996	2.6220703125	2.099609375
22.960996	1.9873046875	1.7822265625
22.961996	1.533203125	1.73828125
22.962996	1.4697265625	1.9677734375
22.963996	1.81640625	2.412109375
22.964996	2.4365234375	2.841796875
22.965996	3.037109375	3.0712890625
22.966996	3.369140625	3.0224609375
22.967996	3.2861328125	2.6953125
22.968996	2.8076171875	2.2314453125
22.969996	2.177734375	1.85546875
22.970996	1.640625	1.7138671875
22.971996	1.4453125	1.8701171875
22.972996	1.6796875	2.275390625
22.973996	2.24609375	2.7197265625
22.974996	2.880859375	3.0322265625
22.975996	3.3154296875	3.06640625
22.976996	3.3544921875	2.8125
22.977996	2.9833984375	2.36328125
22.978996	2.3583984375	1.943359375
22.979996	1.7578125	1.71875
22.980996	1.4453125	1.796875
22.981996	1.5771484375	2.1435546875
22.982996	2.060546875	2.6025390625
22.983996	2.7099609375	2.978515625
22.984996	3.2275390625	3.0908203125
22.985996	3.388671875	2.9150390625
22.986996	3.1201171875	2.5
22.987996	2.5341796875	2.05078125
22.988996	1.904296875	1.748046875
22.990008	1.50390625	1.73828125
22.991	1.50390625	2.03125
22.992	1.9091796875	2.4853515625
22.993	2.548828125	2.900390625
22.994	3.1201171875	3.0908203125
22.995	3.37890625	2.9833984375
22.996	3.22265625	2.6123046875
22.997	2.7001953125	2.1484375
22.998	2.05078125	1.796875
22.999	1.5625	1.71875
23.0	1.455078125	1.9287109375
23.001	1.7822265625	2.3583984375
23.001996	2.3876953125	2.8173828125
23.002996	2.998046875	3.076171875
23.003996	3.349609375	3.0322265625
23.004996	3.291015625	2.7099609375
23.005996	2.841796875	2.24609375
23.006996	2.1923828125	1.8603515625
23.007996	1.6455078125	1.69921875
23.008996	1.435546875	1.8603515625
23.009996	1.6748046875	2.265625
23.010996	2.236328125	2.7294921875
23.011996	2.880859375	3.046875
23.012996	3.3251953125	3.0810546875
23.013996	3.3447265625	2.8076171875
23.014996	2.9541015625	2.3583984375
23.015996	2.3291015625	1.923828125
23.016996	1.728515625	1.7138671875
23.017996	1.4501953125	1.796875
23.018996	1.5966796875	2.1630859375
23.019996	2.109375	2.63671875
23.020996	2.763671875	2.998046875
23.021996	3.2666015625	3.095703125
23.022996	3.37890625	2.8857421875
23.023996	3.0615234375	2.451171875
23.024996	2.4560546875	1.9921875
23.025996	1.826171875	1.7236328125
23.026996	1.4697265625	1.7529296875
23.027996	1.533203125	2.0849609375
23.028996	1.9970703125	2.5537109375
23.029996	2.65625	2.958984375
23.030996	3.1884765625	3.1005859375
23.031996	3.3837890625	2.9443359375
23.033	3.1396484375	2.529296875
23.034	2.5634765625	2.0703125
23.035	1.923828125	1.7431640625
23.036	1.5087890625	1.728515625
23.037	1.494140625	2.001953125
23.038	1.8994140625	2.470703125
23.039	2.5390625	2.900390625
23.04	3.125	3.1005859375
23.041	3.388671875	2.998046875
23.042	3.2080078125	2.6123046875
23.043	2.67578125	2.12890625
23.044	2.0166015625	1.787109375
23.044996	1.5478515625	1.708984375
23.045996	1.4697265625	1.943359375
23.046996	1.81640625	2.40234375
23.047996	2.4462890625	2.8515625
23.048996	3.0615234375	3.095703125
23.049996	3.369140625	3.0224609375
23.050996	3.2470703125	2.6708984375
23.051996	2.7587890625	2.1923828125
23.052996	2.1044921875	1.81640625
23.053996	1.591796875	1.6943359375
23.054996	1.4599609375	1.89453125
23.055996	1.7529296875	2.3388671875
23.056996	2.3583984375	2.8125
23.057996	2.9833984375	3.0810546875
23.058996	3.359375	3.0615234375
23.059996	3.30078125	2.734375
23.060996	2.83203125	2.24609375
23.061996	2.177734375	1.8505859375
23.062996	1.6357421875	1.6845703125
23.063996	1.4404296875	1.8603515625
23.064996	1.69921875	2.28515625
23.065996	2.28515625	2.744140625
23.066996	2.9345703125	3.06640625
23.067996	3.33984375	3.0712890625
23.068996	3.3251953125	2.7685546875
23.069996	2.880859375	2.2998046875
23.070996	2.236328125	1.8798828125
23.071996	1.66015625	1.6943359375
23.072996	1.4453125	1.826171875
23.073996	1.66015625	2.2314453125
23.074996	2.2216796875	2.71484375
23.076	2.880859375	3.056640625
23.077	3.3251953125	3.0810546875
23.078	3.33984375	2.8173828125
23.079	2.9345703125	2.34375
23.08	2.2900390625	1.904296875
23.081	1.6943359375	1.689453125
23.082	1.4501953125	1.8017578125
23.083	1.630859375	2.1923828125
23.084	2.177734375	2.685546875
23.085	2.8466796875	3.037109375
23.086	3.30078125	3.0859375
23.087	3.3544921875	2.8369140625
23.087996	2.96875	2.373046875
23.088996	2.3388671875	1.9287109375
23.089996	1.7236328125	1.6943359375
23.090996	1.4453125	1.796875
23.091996	1.611328125	2.1630859375
23.092996	2.1484375	2.65625
23.093996	2.8125	3.017578125
23.094996	3.2861328125	3.095703125
23.095996	3.3544921875	2.8662109375
23.096996	3.0078125	2.3974609375
23.097996	2.3681640625	1.93359375
23.098996	1.748046875	1.6943359375
23.099996	1.4501953125	1.7822265625
23.100996	1.5966796875	2.1484375
23.101996	2.1240234375	2.63671875
23.102996	2.79296875	3.0078125
23.103996	3.2763671875	3.115234375
23.104996	3.3642578125	2.8759765625
23.105996	3.0224609375	2.4072265625
23.106996	2.3828125	1.953125
23.107996	1.7626953125	1.69921875
23.108996	1.4599609375	1.767578125
23.109996	1.5869140625	2.158203125
23.110996	2.119140625	2.63671875
23.111996	2.7734375	3.0078125
23.112996	3.271484375	3.1103515625
23.113996	3.3740234375	2.8857421875
23.114996	3.0224609375	2.421875
23.115996	2.3876953125	1.9580078125
23.116996	1.767578125	1.69921875
23.118008	1.4453125	1.767578125
23.119	1.591796875	2.1337890625
23.12	2.1044921875	2.63671875
23.121	2.783203125	3.0126953125
23.122	3.2763671875	3.115234375
23.123	3.369140625	2.890625
23.124	3.0126953125	2.412109375
23.125	2.3779296875	1.953125
23.126	1.7626953125	1.69921875
23.127	1.4501953125	1.767578125
23.128	1.591796875	2.1435546875
23.129	2.1240234375	2.63671875
23.129996	2.7880859375	3.017578125
23.130996	3.2861328125	3.1103515625
23.131996	3.3642578125	2.8662109375
23.132996	2.998046875	2.4072265625
23.133996	2.3681640625	1.9384765625
23.134996	1.748046875	1.6845703125
23.135996	1.4453125	1.77734375
23.136996	1.6015625	2.1533203125
23.137996	2.1435546875	2.65625
23.138996	2.8125	3.0322265625
23.139996	3.2958984375	3.1103515625
23.140996	3.3544921875	2.861328125
23.141996	2.9833984375	2.3876953125
23.142996	2.3291015625	1.9287109375
23.143996	1.728515625	1.689453125
23.144996	1.4453125	1.787109375
23.145996	1.62109375	2.177734375
23.146996	2.177734375	2.6806640625
23.147996	2.841796875	3.0419921875
23.148996	3.30078125	3.1103515625
23.149996	3.3447265625	2.8369140625
23.150996	2.9443359375	2.3583984375
23.151996	2.294921875	1.89453125
23.152996	1.689453125	1.6796875
23.153996	1.4453125	1.806640625
23.154996	1.6552734375	2.20703125
23.155996	2.2216796875	2.71484375
23.156996	2.8857421875	3.06640625
23.157996	3.330078125	3.10546875
23.158996	3.3349609375	2.8125
23.159996	2.900390625	2.32421875
23.161	2.2314453125	1.865234375
23.162	1.6650390625	1.6796875
23.163	1.435546875	1.8212890625
23.164	1.6845703125	2.2509765625
23.165	2.2802734375	2.7490234375
23.166	2.939453125	3.076171875
23.167	3.3447265625	3.0908203125
23.168	3.3056640625	2.7685546875
23.169	2.8466796875	2.2705078125
23.17	2.177734375	1.8408203125
23.171	1.6162109375	1.669921875
23.172	1.4501953125	1.8505859375
23.172996	1.7333984375	2.2998046875
23.173996	2.3486328125	2.7978515625
23.174996	3.0029296875	3.1005859375
23.175996	3.369140625	3.0712890625
23.176996	3.2666015625	2.7197265625
23.177996	2.7783203125	2.216796875
23.178996	2.099609375	1.806640625
23.179996	1.5771484375	1.6748046875
23.180996	1.4501953125	1.89453125
23.181996	1.796875	2.3583984375
23.182996	2.4365234375	2.8515625
23.183996	3.0712890625	3.125
23.184996	3.3837890625	3.0419921875
23.185996	3.2275390625	2.666015625
23.186996	2.6806640625	2.158203125
23.187996	2.0166015625	1.7626953125
23.188996	1.533203125	1.6796875
23.189996	1.474609375	1.953125
23.190996	1.875	2.431640625
23.191996	2.529296875	2.9052734375
23.192996	3.1396484375	3.1298828125
23.193996	3.3837890625	3.0126953125
23.194996	3.1689453125	2.59765625
23.195996	2.587890625	2.0849609375
23.196996	1.923828125	1.7333984375
23.197996	1.494140625	1.69921875
23.198996	1.50390625	2.001953125
23.199996	1.9580078125	2.5146484375
23.200996	2.6416015625	2.9638671875
23.201996	3.2080078125	3.134765625
23.202996	3.37890625	2.9541015625
23.204	3.095703125	2.509765625
23.205	2.48046875	2.0166015625
23.206	1.8310546875	1.69921875
23.207	1.4599609375	1.7236328125
23.208	1.5625	2.080078125
23.209	2.0703125	2.59765625
23.21	2.7587890625	3.017578125
23.211	3.26171875	3.134765625
23.212	3.369140625	2.8955078125
23.213	3.0029296875	2.4169921875
23.214	2.3583984375	1.9287109375
23.215	1.728515625	1.6748046875
23.215996	1.4453125	1.767578125
23.216996	1.630859375	2.1728515625
23.217996	2.197265625	2.6904296875
23.218996	2.87109375	3.06640625
23.219996	3.3251953125	3.115234375
23.220996	3.3251953125	2.822265625
23.221996	2.8857421875	2.314453125
23.222996	2.2216796875	1.865234375
23.223996	1.6357421875	1.66015625
23.224996	1.4404296875	1.8310546875
23.225996	1.7138671875	2.275390625
23.226996	2.3388671875	2.79296875
23.227996	2.998046875	3.1103515625
23.228996	3.369140625	3.0810546875
23.229996	3.271484375	2.7294921875
23.230996	2.763671875	2.20703125
23.231996	2.0703125	1.787109375
23.232996	1.552734375	1.669921875
23.233996	1.4599609375	1.8994140625
23.234996	1.8359375	2.3876953125
23.235996	2.490234375	2.8857421875
23.236996	3.1103515625	3.125
23.237996	3.3837890625	3.02734375
23.238996	3.18359375	2.6171875
23.239996	2.607421875	2.099609375
23.240996	1.9384765625	1.728515625
23.241996	1.50390625	1.689453125
23.242996	1.5185546875	1.9921875
23.243996	1.9775390625	2.509765625
23.244996	2.6611328125	2.96875
23.246008	3.22265625	3.14453125
23.247	3.3740234375	2.94921875
23.248	3.076171875	2.4853515625
23.249	2.4365234375	1.982421875
23.25	1.7822265625	1.6796875
23.251	1.4501953125	1.73828125
23.252	1.591796875	2.1240234375
23.253	2.1435546875	2.6416015625
23.254	2.8271484375	3.0419921875
23.255	3.3056640625	3.134765625
23.256	3.349609375	2.8564453125
23.257	2.919921875	2.3583984375
23.257996	2.24609375	1.8798828125
23.258996	1.66015625	1.6552734375
23.259996	1.4453125	1.8115234375
23.260996	1.7041015625	2.2607421875
23.261996	2.3193359375	2.7734375
23.262996	2.98828125	3.1005859375
23.263996	3.359375	3.0859375
23.264996	3.271484375	2.7294921875
23.265996	2.75390625	2.197265625
23.266996	2.060546875	1.7822265625
23.267996	1.5478515625	1.6650390625
23.268996	1.4697265625	1.9091796875
23.269996	1.8603515625	2.4169921875
23.270996	2.529296875	2.9052734375
23.271996	3.134765625	3.134765625
23.272996	3.3935546875	3.0224609375
23.273996	3.154296875	2.5830078125
23.274996	2.548828125	2.060546875
23.275996	1.884765625	1.7041015625
23.276996	1.4794921875	1.69921875
23.277996	1.5380859375	2.041015625
23.278996	2.041015625	2.568359375
23.279996	2.7392578125	3.0126953125
23.280996	3.26171875	3.14453125
23.281996	3.3740234375	2.9150390625
23.282996	2.998046875	2.421875
23.283996	2.3388671875	1.9287109375
23.284996	1.708984375	1.6552734375
23.285996	1.4453125	1.7724609375
23.286996	1.66015625	2.20703125
23.287996	2.2509765625	2.7294921875
23.289	2.9443359375	3.1005859375
23.29	3.359375	3.1103515625
23.291	3.2958984375	2.7734375
23.292	2.7978515625	2.24609375
23.293	2.1142578125	1.8017578125
23.294	1.5771484375	1.6552734375
23.295	1.4599609375	1.8896484375
23.296	1.8310546875	2.3828125
23.297	2.4951171875	2.8759765625
23.298	3.125	3.1494140625
23.299	3.3837890625	3.037109375
23.3	3.173828125	2.6025390625
23.300996	2.5732421875	2.0703125
23.301996	1.8896484375	1.708984375
23.302996	1.4794921875	1.69921875
23.303996	1.54296875	2.0361328125
23.304996	2.041015625	2.568359375
23.305996	2.734375	3.017578125
23.306996	3.2666015625	3.154296875
23.307996	3.3642578125	2.9052734375
23.308996	2.978515625	2.412109375
23.309996	2.3193359375	1.9140625
23.310996	1.7041015625	1.6650390625
23.311996	1.4453125	1.77734375
23.312996	1.6845703125	2.2119140625
23.313996	2.2900390625	2.75390625
23.314996	2.96875	3.1103515625
23.315996	3.3642578125	3.1103515625
23.316996	3.271484375	2.744140625
23.317996	2.75390625	2.20703125
23.318996	2.060546875	1.7724609375
23.319996	1.552734375	1.650390625
23.320996	1.474609375	1.9091796875
23.321996	1.8798828125	2.421875
23.322996	2.568359375	2.9248046875
23.323996	3.173828125	3.154296875
23.324996	3.3935546875	3.0078125
23.325996	3.115234375	2.548828125
23.326996	2.490234375	2.01171875
23.327996	1.8212890625	1.6796875
23.328996	1.455078125	1.708984375
23.329996	1.58203125	2.1044921875
23.330996	2.1337890625	2.63671875
23.332	2.83203125	3.0517578125
23.333	3.310546875	3.1396484375
23.334	3.33984375	2.8466796875
23.335	2.919921875	2.3291015625
23.336	2.197265625	1.845703125
23.337	1.62109375	1.640625
23.338	1.4453125	1.8408203125
23.339	1.7724609375	2.3193359375
23.34	2.4267578125	2.8466796875
23.341	3.0810546875	3.14453125
23.342	3.388671875	3.06640625
23.343	3.1982421875	2.6513671875
23.343996	2.607421875	2.1044921875
23.344996	1.953125	1.7138671875
23.345996	1.484375	1.6796875
23.346996	1.5234375	2.0068359375
23.347996	2.0263671875	2.548828125
23.348996	2.7294921875	3.0078125
23.349996	3.2666015625	3.1591796875
23.350996	3.369140625	2.91015625
23.351996	2.9833984375	2.412109375
23.352996	2.3046875	1.8994140625
23.353996	1.6748046875	1.6455078125
23.354996	1.435546875	1.7822265625
23.355996	1.7041015625	2.236328125
23.356996	2.3291015625	2.783203125
23.357996	3.0078125	3.1298828125
23.358996	3.3740234375	3.095703125
23.359996	3.2470703125	2.705078125
23.360996	2.6904296875	2.16796875
23.361996	1.9921875	1.73828125
23.362996	1.513671875	1.66015625
23.363996	1.494140625	1.962890625
23.364996	1.962890625	2.4951171875
23.365996	2.6611328125	2.9736328125
23.366996	3.2275390625	3.1640625
23.367996	3.3740234375	2.9541015625
23.368996	3.0322265625	2.4658203125
23.369996	2.3681640625	1.93359375
23.370996	1.7236328125	1.6455078125
23.371996	1.4453125	1.7626953125
23.372996	1.6650390625	2.2021484375
23.374008	2.2900390625	2.75390625
23.375	2.96875	3.115234375
23.376	3.369140625	3.10546875
23.377	3.271484375	2.734375
23.378	2.734375	2.197265625
23.379	2.03125	1.7529296875
23.38	1.5185546875	1.6552734375
23.381	1.4892578125	1.93359375
23.382	1.9384765625	2.4658203125
23.383	2.6318359375	2.958984375
23.384	3.2177734375	3.1591796875
23.385	3.3837890625	2.9638671875
23.385996	3.046875	2.4853515625
23.386996	2.3779296875	1.943359375
23.387996	1.7236328125	1.6552734375
23.388996	1.4404296875	1.7529296875
23.389996	1.6552734375	2.1826171875
23.390996	2.2705078125	2.7392578125
23.391996	2.9638671875	3.115234375
23.392996	3.3544921875	3.1201171875
23.393996	3.271484375	2.744140625
23.394996	2.7294921875	2.2021484375
23.395996	2.021484375	1.7578125
23.396996	1.513671875	1.6552734375
23.397996	1.494140625	1.943359375
23.398996	1.943359375	2.4755859375
23.399996	2.646484375	2.96875
23.400996	3.232421875	3.1591796875
23.401996	3.37890625	2.958984375
23.402996	3.0224609375	2.4609375
23.403996	2.3583984375	1.9287109375
23.404996	1.71875	1.6455078125
23.405996	1.4404296875	1.7578125
23.406996	1.6796875	2.2119140625
23.407996	2.3046875	2.763671875
23.408996	2.98828125	3.1298828125
23.409996	3.3740234375	3.10546875
23.410996	3.2421875	2.71484375
23.411996	2.6904296875	2.16796875
23.412996	1.9873046875	1.7333984375
23.413996	1.4990234375	1.650390625
23.414996	1.513671875	1.9775390625
23.415996	1.9970703125	2.5146484375
23.417	2.7099609375	3.0078125
23.418	3.2568359375	3.1689453125
23.419	3.369140625	2.9248046875
23.42	2.96875	2.4169921875
23.421	2.294921875	1.884765625
23.422	1.669921875	1.630859375
23.423	1.4404296875	1.787109375
23.424	1.7333984375	2.2607421875
23.425	2.3828125	2.822265625
23.426	3.0517578125	3.14453125
23.427	3.3837890625	3.0810546875
23.428	3.203125	2.6611328125
23.428996	2.59765625	2.099609375
23.429996	1.8994140625	1.69921875
23.430996	1.474609375	1.6748046875
23.431996	1.54296875	2.03125
23.432996	2.119140625	2.5830078125
23.433996	2.79296875	3.0517578125
23.434996	3.3056640625	3.154296875
23.435996	3.3349609375	2.8662109375
23.436996	2.8857421875	2.32421875
23.437996	2.177734375	1.8310546875
23.438996	1.591796875	1.6357421875
23.439996	1.4501953125	1.845703125
23.440996	1.826171875	2.3583984375
23.441996	2.5146484375	2.8857421875
23.442996	3.14453125	3.1640625
23.443996	3.3984375	3.02734375
23.444996	3.1201171875	2.5634765625
23.445996	2.470703125	2.0068359375
23.446996	1.7919921875	1.6650390625
23.447996	1.4501953125	1.7138671875
23.448996	1.62109375	2.1337890625
23.449996	2.216796875	2.6953125
23.450996	2.9248046875	3.10546875
23.451996	3.359375	3.1298828125
23.452996	3.2861328125	2.7783203125
23.453996	2.744140625	2.216796875
23.454996	2.041015625	1.7578125
23.455996	1.5283203125	1.6455078125
23.456996	1.4892578125	1.9384765625
23.457996	1.9580078125	2.4853515625
23.458996	2.6708984375	2.98828125
23.46	3.2470703125	3.173828125
23.461	3.369140625	2.958984375
23.462	2.98828125	2.431640625
23.463	2.294921875	1.8994140625
23.464	1.6650390625	1.630859375
23.465	1.4453125	1.7724609375
23.466	1.7431640625	2.2607421875
23.467	2.40234375	2.83203125
23.468	3.06640625	3.14453125
23.469	3.3837890625	3.0810546875
23.47	3.1787109375	2.63671875
23.471	2.5634765625	2.0703125
23.471996	1.865234375	1.689453125
23.472996	1.4794921875	1.6796875
23.473996	1.572265625	2.0654296875
23.474996	2.1435546875	2.63671875
23.475996	2.8662109375	3.0859375
23.476996	3.3349609375	3.1591796875
23.477996	3.310546875	2.8173828125
23.478996	2.7978515625	2.265625
23.479996	2.0849609375	1.7724609375
23.480996	1.54296875	1.6357421875
23.481996	1.474609375	1.8896484375
23.482996	1.9140625	2.4462890625
23.483996	2.6318359375	2.958984375
23.484996	3.22265625	3.1689453125
23.485996	3.3740234375	2.9736328125
23.486996	3.0078125	2.451171875
23.487996	2.32421875	1.9140625
23.488996	1.6796875	1.640625
23.489996	1.4404296875	1.767578125
23.490996	1.7236328125	2.2509765625
23.491996	2.3876953125	2.822265625
23.492996	3.06640625	3.154296875
23.493996	3.3837890625	3.0859375
23.494996	3.173828125	2.646484375
23.495996	2.55859375	2.0654296875
23.496996	1.85546875	1.6796875
23.497996	1.455078125	1.6845703125
23.498996	1.5869140625	2.0703125
23.499996	2.158203125	2.6513671875
23.500996	2.880859375	3.0908203125
23.502008	3.349609375	3.154296875
23.503	3.30078125	2.8076171875
23.504	2.7783203125	2.236328125
23.505	2.05078125	1.7626953125
23.506	1.5283203125	1.6357421875
23.507	1.494140625	1.9287109375
23.508	1.9580078125	2.4853515625
23.509	2.6806640625	2.9931640625
23.51	3.2470703125	3.173828125
23.511	3.359375	2.9443359375
23.512	2.96875	2.4072265625
23.513	2.265625	1.875
23.513996	1.640625	1.630859375
23.514996	1.455078125	1.796875
23.515996	1.7822265625	2.3046875
23.516996	2.4755859375	2.8662109375
23.517996	3.125	3.1689453125
23.518996	3.3935546875	3.046875
23.519996	3.1201171875	2.578125
23.520996	2.4658203125	2.001953125
23.521996	1.767578125	1.650390625
23.522996	1.4453125	1.71875
23.523996	1.650390625	2.1533203125
23.524996	2.275390625	2.724609375
23.525996	2.978515625	3.1396484375
23.526996	3.369140625	3.1298828125
23.527996	3.2373046875	2.7294921875
23.528996	2.65625	2.1435546875
23.529996	1.93359375	1.708984375
23.530996	1.474609375	1.6552734375
23.531996	1.54296875	2.0068359375
23.532996	2.080078125	2.587890625
23.533996	2.8125	3.06640625
23.534996	3.3203125	3.173828125
23.535996	3.3251953125	2.8564453125
23.536996	2.822265625	2.294921875
23.537996	2.099609375	1.787109375
23.538996	1.5576171875	1.6259765625
23.539996	1.474609375	1.8896484375
23.540996	1.923828125	2.44140625
23.541996	2.6416015625	2.9736328125
23.542996	3.2373046875	3.1787109375
23.543996	3.369140625	2.96875
23.545	2.9833984375	2.4267578125
23.546	2.2705078125	1.875
23.547	1.6357421875	1.6162109375
23.548	1.4453125	1.796875
23.549	1.77734375	2.2998046875
23.55	2.470703125	2.8759765625
23.551	3.134765625	3.173828125
23.552	3.3935546875	3.0517578125
23.553	3.10546875	2.55859375
23.554	2.44140625	1.9921875
23.555	1.7578125	1.6455078125
23.556	1.435546875	1.7236328125
23.556996	1.6748046875	2.1728515625
23.557996	2.3193359375	2.7587890625
23.558996	3.0078125	3.1494140625
23.559996	3.37890625	3.115234375
23.560996	3.203125	2.685546875
23.561996	2.587890625	2.099609375
23.562996	1.8798828125	1.689453125
23.563996	1.4599609375	1.66015625
23.564996	1.5869140625	2.060546875
23.565996	2.1728515625	2.6416015625
23.566996	2.8955078125	3.0908203125
23.567996	3.3447265625	3.1591796875
23.568996	3.2861328125	2.79296875
23.569996	2.7392578125	2.216796875
23.570996	1.9970703125	1.7431640625
23.571996	1.50390625	1.640625
23.572996	1.5185546875	1.9580078125
23.573996	2.03125	2.5390625
23.574996	2.7734375	3.0419921875
23.575996	3.291015625	3.18359375
23.576996	3.3447265625	2.8857421875
23.577996	2.861328125	2.314453125
23.578996	2.138671875	1.7919921875
23.579996	1.5576171875	1.6162109375
23.580996	1.4697265625	1.8701171875
23.581996	1.9140625	2.421875
23.582996	2.646484375	2.96875
23.583996	3.2373046875	3.1884765625
23.584996	3.37890625	2.96875
23.585996	2.978515625	2.421875
23.586996	2.2509765625	1.8701171875
23.588	1.62109375	1.611328125
23.589	1.4453125	1.806640625
23.59	1.806640625	2.3291015625
23.591	2.51953125	2.9052734375
23.592	3.173828125	3.1884765625
23.593	3.37890625	3.0322265625
23.594	3.056640625	2.5244140625
23.595	2.3681640625	1.943359375
23.596	1.7041015625	1.630859375
23.597	1.4453125	1.748046875
23.598	1.728515625	2.2412109375
23.599	2.4072265625	2.8271484375
23.599996	3.0859375	3.173828125
23.600996	3.388671875	3.0810546875
23.601996	3.134765625	2.607421875
23.602996	2.48046875	2.01171875
23.603996	1.7822265625	1.6455078125
23.604996	1.4404296875	1.6943359375
23.605996	1.6650390625	2.1533203125
23.606996	2.3046875	2.75390625
23.607996	3.0078125	3.1494140625
23.608996	3.388671875	3.115234375
23.609996	3.1982421875	2.6806640625
23.610996	2.578125	2.0849609375
23.611996	1.8603515625	1.6650390625
23.612996	1.4501953125	1.6650390625
23.613996	1.6015625	2.0849609375
23.614996	2.216796875	2.6904296875
23.615996	2.939453125	3.125
23.616996	3.3642578125	3.1494140625
23.617996	3.2470703125	2.75390625
23.618996	2.6513671875	2.1533203125
23.619996	1.9287109375	1.7041015625
23.620996	1.474609375	1.640625
23.621996	1.5576171875	2.0263671875
23.622996	2.1337890625	2.6171875
23.623996	2.8662109375	3.0908203125
23.624996	3.3349609375	3.1689453125
23.625996	3.2958984375	2.8125
23.626996	2.734375	2.216796875
23.627996	1.9970703125	1.7333984375
23.628996	1.50390625	1.630859375
23.630008	1.5283203125	1.9677734375
23.631	2.0703125	2.5634765625
23.632	2.7978515625	3.0615234375
23.633	3.3154296875	3.18359375
23.634	3.3154296875	2.861328125
23.635	2.7978515625	2.275390625
23.636	2.05078125	1.7626953125
23.637	1.5283203125	1.6259765625
23.638	1.50390625	1.923828125
23.639	2.001953125	2.5048828125
23.64	2.744140625	3.0322265625
23.641	3.2958984375	3.1884765625
23.641996	3.33984375	2.9052734375
23.642996	2.8564453125	2.314453125
23.643996	2.119140625	1.787109375
23.644996	1.552734375	1.62109375
23.645996	1.4892578125	1.8896484375
23.646996	1.9482421875	2.4658203125
23.647996	2.6953125	3.0029296875
23.648996	3.271484375	3.1982421875
23.649996	3.359375	2.9345703125
23.650996	2.900390625	2.3681640625
23.651996	2.16796875	1.81640625
23.652996	1.5625	1.611328125
23.653996	1.474609375	1.8603515625
23.654996	1.9140625	2.431640625
23.655996	2.6513671875	2.9833984375
23.656996	3.2421875	3.1982421875
23.657996	3.369140625	2.958984375
23.658996	2.9345703125	2.392578125
23.659996	2.197265625	1.8408203125
23.660996	1.591796875	1.6015625
23.661996	1.4599609375	1.8408203125
23.662996	1.884765625	2.3974609375
23.663996	2.6171875	2.958984375
23.664996	3.2275390625	3.1982421875
23.665996	3.369140625	2.978515625
23.666996	2.9541015625	2.4169921875
23.667996	2.2265625	1.8603515625
23.668996	1.6064453125	1.611328125
23.669996	1.4501953125	1.81640625
23.670996	1.865234375	2.3779296875
23.671996	2.5927734375	2.9443359375
23.673	3.22265625	3.203125
23.674	3.3740234375	2.9833984375
23.675	2.978515625	2.431640625
23.676	2.2509765625	1.865234375
23.677	1.611328125	1.611328125
23.678	1.455078125	1.8115234375
23.679	1.845703125	2.3583984375
23.68	2.5830078125	2.939453125
23.681	3.212890625	3.1982421875
23.682	3.37890625	2.9931640625
23.683	2.9833984375	2.451171875
23.684	2.2607421875	1.875
23.684996	1.630859375	1.6015625
23.685996	1.455078125	1.8017578125
23.686996	1.8408203125	2.3486328125
23.687996	2.5732421875	2.9296875
23.688996	3.2080078125	3.1982421875
23.689996	3.3740234375	3.0029296875
23.690996	2.9833984375	2.4560546875
23.691996	2.255859375	1.875
23.692996	1.6259765625	1.611328125
23.693996	1.455078125	1.806640625
23.694996	1.8408203125	2.3486328125
23.695996	2.578125	2.939453125
23.696996	3.2177734375	3.203125
23.697996	3.3740234375	2.998046875
23.698996	2.9736328125	2.44140625
23.699996	2.2509765625	1.865234375
23.700996	1.611328125	1.6064453125
23.701996	1.4501953125	1.806640625
23.702996	1.8505859375	2.36328125
23.703996	2.5927734375	2.94921875
23.704996	3.2177734375	3.203125
23.705996	3.3740234375	2.98828125
23.706996	2.9638671875	2.4365234375
23.707996	2.236328125	1.8603515625
23.708996	1.611328125	1.6015625
23.709996	1.4501953125	1.8212890625
23.710996	1.875	2.3828125
23.711996	2.607421875	2.958984375
23.712996	3.232421875	3.203125
23.713996	3.3740234375	2.9833984375
23.714996	2.939453125	2.412109375
23.716	2.20703125	1.8408203125
23.717	1.5869140625	1.6064453125
23.718	1.4599609375	1.8310546875
23.719	1.89453125	2.3974609375
23.72	2.6513671875	2.978515625
23.721	3.251953125	3.203125
23.722	3.359375	2.9638671875
23.723	2.9150390625	2.3779296875
23.724	2.16796875	1.81640625
23.725	1.5771484375	1.6064453125
23.726	1.474609375	1.85546875
23.727	1.9384765625	2.4267578125
23.727996	2.685546875	2.998046875
23.728996	3.271484375	3.2080078125
23.729996	3.349609375	2.9296875
23.730996	2.8759765625	2.34375
23.731996	2.12890625	1.796875
23.732996	1.54296875	1.6064453125
23.733996	1.4892578125	1.8798828125
23.734996	1.9775390625	2.48046875
23.735996	2.7294921875	3.02734375
23.736996	3.30078125	3.1982421875
23.737996	3.33984375	2.8955078125
23.738996	2.83203125	2.2998046875
23.739996	2.0751953125	1.7626953125
23.740996	1.5234375	1.6064453125
23.741996	1.5087890625	1.923828125
23.742996	2.03125	2.5244140625
23.743996	2.783203125	3.056640625
23.744996	3.3203125	3.193359375
23.745996	3.3154296875	2.861328125
23.746996	2.7587890625	2.2412109375
23.747996	2.0166015625	1.7333984375
23.748996	1.50390625	1.62109375
23.749996	1.5283203125	1.962890625
23.750996	2.0947265625	2.5830078125
23.751996	2.8515625	3.0859375
23.752996	3.33984375	3.18359375
23.753996	3.28125	2.8125
23.754996	2.7001953125	2.197265625
23.755996	1.9482421875	1.7041015625
23.756996	1.474609375	1.6357421875
23.758008	1.5771484375	2.021484375
23.759	2.177734375	2.6513671875
23.76	2.9248046875	3.125
23.761	3.3642578125	3.1591796875
23.762	3.2373046875	2.75390625
23.763	2.6171875	2.12890625
23.764	1.8798828125	1.669921875
23.765	1.4599609375	1.6455078125
23.766	1.611328125	2.080078125
23.767	2.2509765625	2.705078125
23.768	2.998046875	3.154296875
23.769	3.37890625	3.14453125
23.769996	3.1884765625	2.6806640625
23.770996	2.529296875	2.060546875
23.771996	1.796875	1.640625
23.772996	1.4404296875	1.6748046875
23.773996	1.6748046875	2.158203125
23.774996	2.353515625	2.7783203125
23.775996	3.06640625	3.1787109375
23.776996	3.3984375	3.1005859375
23.777996	3.125	2.6123046875
23.778996	2.4267578125	1.9873046875
23.779996	1.71875	1.62109375
23.780996	1.4404296875	1.71875
23.781996	1.748046875	2.2412109375
23.782996	2.4609375	2.861328125
23.783996	3.1494140625	3.203125
23.784996	3.3935546875	3.0615234375
23.785996	3.046875	2.51953125
23.786996	2.3193359375	1.9189453125
23.787996	1.650390625	1.6015625
23.788996	1.455078125	1.77734375
23.789996	1.8310546875	2.333984375
23.790996	2.5830078125	2.9345703125
23.791996	3.2177734375	3.2080078125
23.792996	3.369140625	2.9931640625
23.793996	2.94921875	2.4267578125
23.794996	2.1875	1.826171875
23.795996	1.5771484375	1.591796875
23.796996	1.474609375	1.8505859375
23.797996	1.943359375	2.44140625
23.798996	2.7001953125	3.0126953125
23.799996	3.28125	3.212890625
23.801	3.33984375	2.9150390625
23.802	2.83203125	2.3095703125
23.803	2.0654296875	1.7626953125
23.804	1.5185546875	1.6064453125
23.805	1.513671875	1.923828125
23.806	2.0654296875	2.5439453125
23.807	2.822265625	3.0810546875
23.808	3.33984375	3.193359375
23.809	3.291015625	2.822265625
23.81	2.7001953125	2.2021484375
23.811	1.9384765625	1.69921875
23.812	1.4697265625	1.6259765625
23.812996	1.58203125	2.0263671875
23.813996	2.2021484375	2.666015625
23.814996	2.9541015625	3.1396484375
23.815996	3.3740234375	3.1591796875
23.816996	3.203125	2.724609375
23.817996	2.55859375	2.0849609375
23.818996	1.8212890625	1.6455078125
23.819996	1.4501953125	1.6650390625
23.820996	1.669921875	2.1435546875
23.821996	2.353515625	2.783203125
23.822996	3.0810546875	3.1787109375
23.823996	3.388671875	3.10546875
23.824996	3.1103515625	2.6025390625
23.825996	2.40234375	1.97265625
23.826996	1.7041015625	1.6015625
23.827996	1.435546875	1.73828125
23.828996	1.787109375	2.275390625
23.829996	2.51953125	2.8955078125
23.830996	3.18359375	3.2080078125
23.831996	3.37890625	3.02734375
23.832996	2.9833984375	2.4560546875
23.833996	2.2265625	1.8603515625
23.834996	1.5869140625	1.591796875
23.835996	1.4599609375	1.8212890625
23.836996	1.9189453125	2.4169921875
23.837996	2.6806640625	2.9931640625
23.838996	3.28125	3.2080078125
23.839996	3.3447265625	2.9296875
23.840996	2.83203125	2.314453125
23.841996	2.060546875	1.7529296875
23.842996	1.513671875	1.591796875
23.844	1.5283203125	1.93359375
23.845	2.080078125	2.568359375
23.846	2.8466796875	3.0908203125
23.847	3.33984375	3.193359375
23.848	3.271484375	2.802734375
23.849	2.65625	2.1630859375
23.85	1.884765625	1.6650390625
23.851	1.46484375	1.6357421875
23.852	1.6162109375	2.0751953125
23.853	2.2705078125	2.7197265625
23.854	3.0224609375	3.1640625
23.855	3.3837890625	3.134765625
23.855996	3.154296875	2.6611328125
23.856996	2.4609375	2.021484375
23.857996	1.73828125	1.6162109375
23.858996	1.4453125	1.708984375
23.859996	1.7431640625	2.2314453125
23.860996	2.4755859375	2.861328125
23.861996	3.1640625	3.203125
23.862996	3.388671875	3.0517578125
23.863996	3.0078125	2.490234375
23.864996	2.265625	1.875
23.865996	1.6015625	1.5966796875
23.866996	1.455078125	1.81640625
23.867996	1.9140625	2.40234375
23.868996	2.6806640625	2.9931640625
23.869996	3.2763671875	3.2177734375
23.870996	3.3349609375	2.9296875
23.871996	2.83203125	2.3095703125
23.872996	2.0556640625	1.7529296875
23.873996	1.50390625	1.591796875
23.874996	1.533203125	1.9384765625
23.875996	2.1044921875	2.5830078125
23.876996	2.87109375	3.1103515625
23.877996	3.349609375	3.18359375
23.878996	3.2421875	2.7783203125
23.879996	2.607421875	2.1240234375
23.880996	1.8603515625	1.6552734375
23.881996	1.4453125	1.6455078125
23.882996	1.640625	2.109375
23.883996	2.3193359375	2.7587890625
23.884996	3.0712890625	3.18359375
23.886008	3.3935546875	3.115234375
23.887	3.10546875	2.5927734375
23.888	2.3876953125	1.962890625
23.889	1.689453125	1.6015625
23.89	1.4453125	1.748046875
23.891	1.81640625	2.3046875
23.892	2.568359375	2.9345703125
23.893	3.2177734375	3.2177734375
23.894	3.3642578125	3.0029296875
23.895	2.91015625	2.392578125
23.896	2.1484375	1.806640625
23.897	1.54296875	1.5869140625
23.897996	1.4990234375	1.8798828125
23.898996	2.0263671875	2.509765625
23.899996	2.802734375	3.0712890625
23.900996	3.330078125	3.2080078125
23.901996	3.28125	2.841796875
23.902996	2.6904296875	2.197265625
23.903996	1.9140625	1.6845703125
23.904996	1.46484375	1.6259765625
23.905996	1.611328125	2.05078125
23.906996	2.265625	2.71484375
23.907996	3.0224609375	3.1689453125
23.908996	3.388671875	3.134765625
23.909996	3.14453125	2.63671875
23.910996	2.431640625	1.9873046875
23.911996	1.71875	1.6015625
23.912996	1.4404296875	1.7138671875
23.913996	1.7919921875	2.275390625
23.914996	2.529296875	2.900390625
23.915996	3.203125	3.212890625
23.916996	3.37890625	3.0078125
23.917996	2.9296875	2.421875
23.918996	2.1728515625	1.8115234375
23.919996	1.5576171875	1.5869140625
23.920996	1.484375	1.8701171875
23.921996	2.021484375	2.5
23.922996	2.802734375	3.056640625
23.923996	3.330078125	3.2080078125
23.924996	3.291015625	2.8369140625
23.925996	2.6904296875	2.1875
23.926996	1.9189453125	1.6796875
23.927996	1.46484375	1.6259765625
23.929	1.62109375	2.0751953125
23.93	2.2998046875	2.734375
23.931	3.0419921875	3.173828125
23.932	3.388671875	3.134765625
23.933	3.125	2.6220703125
23.934	2.3974609375	1.962890625
23.935	1.689453125	1.6015625
23.936	1.4404296875	1.73828125
23.937	1.8212890625	2.2998046875
23.938	2.5732421875	2.9345703125
23.939	3.2373046875	3.22265625
23.94	3.369140625	2.98828125
23.940996	2.8857421875	2.3681640625
23.941996	2.1044921875	1.7822265625
23.942996	1.5185546875	1.5869140625
23.943996	1.513671875	1.9091796875
23.944996	2.080078125	2.55859375
23.945996	2.861328125	3.095703125
23.946996	3.3544921875	3.203125
23.947996	3.2421875	2.783203125
23.948996	2.607421875	2.1240234375
23.949996	1.8408203125	1.640625
23.950996	1.4404296875	1.6552734375
23.951996	1.6650390625	2.1435546875
23.952996	2.392578125	2.802734375
23.953996	3.1103515625	3.1982421875
23.954996	3.3935546875	3.0908203125
23.955996	3.046875	2.5390625
23.956996	2.2900390625	1.8994140625
23.957996	1.62109375	1.58203125
23.958996	1.455078125	1.7919921875
23.959996	1.9140625	2.3974609375
23.960996	2.7001953125	3.0126953125
23.961996	3.2958984375	3.2275390625
23.962996	3.3251953125	2.91015625
23.963996	2.7734375	2.265625
23.964996	1.9873046875	1.71875
23.965996	1.4794921875	1.6064453125
23.966996	1.58203125	2.01171875
23.967996	2.2216796875	2.6611328125
23.968996	2.998046875	3.1640625
23.969996	3.3837890625	3.1591796875
23.970996	3.154296875	2.666015625
23.972	2.44140625	1.9921875
23.973	1.71875	1.5966796875
23.974	1.4404296875	1.708984375
23.975	1.796875	2.275390625
23.976	2.5537109375	2.9248046875
23.977	3.22265625	3.2177734375
23.978	3.3642578125	2.998046875
23.979	2.890625	2.3828125
23.98	2.1044921875	1.7724609375
23.981	1.5234375	1.5869140625
23.982	1.5234375	1.9140625
23.983	2.08984375	2.568359375
23.983996	2.8955078125	3.115234375
23.984996	3.359375	3.193359375
23.985996	3.2177734375	2.763671875
23.986996	2.5732421875	2.0947265625
23.987996	1.806640625	1.630859375
23.988996	1.4404296875	1.66015625
23.989996	1.71875	2.1826171875
23.990996	2.4462890625	2.8369140625
23.991996	3.1640625	3.2177734375
23.992996	3.388671875	3.0615234375
23.993996	2.9833984375	2.4658203125
23.994996	2.2021484375	1.845703125
23.995996	1.5625	1.58203125
23.996996	1.4794921875	1.845703125
23.997996	2.0166015625	2.490234375
23.998996	2.8076171875	3.0712890625
23.999996	3.33984375	3.2177734375
24.000996	3.271484375	2.8369140625
24.001996	2.6513671875	2.1630859375
24.002996	1.8701171875	1.6650390625
24.003996	1.4453125	1.630859375
24.004996	1.650390625	2.1142578125
24.005996	2.3681640625	2.7880859375
24.006996	3.10546875	3.1982421875
24.007996	3.3935546875	3.0908203125
24.008996	3.0322265625	2.5341796875
24.009996	2.275390625	1.875
24.010996	1.5966796875	1.5771484375
24.011996	1.46484375	1.8017578125
24.012996	1.9580078125	2.4365234375
24.014008	2.75390625	3.0419921875
24.015	3.3251953125	3.212890625
24.016	3.291015625	2.87109375
24.017	2.685546875	2.2021484375
24.018	1.904296875	1.6650390625
24.019	1.46484375	1.62109375
24.02	1.6357421875	2.0849609375
24.021	2.32421875	2.75390625
24.022	3.076171875	3.193359375
24.023	3.3935546875	3.115234375
24.024	3.06640625	2.5732421875
24.025	2.3095703125	1.9091796875
24.025996	1.6259765625	1.5771484375
24.026996	1.4599609375	1.7919921875
24.027996	1.93359375	2.40234375
24.028996	2.7294921875	3.02734375
24.029996	3.3056640625	3.22265625
24.030996	3.3056640625	2.880859375
24.031996	2.7099609375	2.2216796875
24.032996	1.923828125	1.6748046875
24.033996	1.4599609375	1.6162109375
24.034996	1.6259765625	2.0654296875
24.035996	2.314453125	2.744140625
24.036996	3.0712890625	3.193359375
24.037996	3.3935546875	3.125
24.038996	3.0712890625	2.568359375
24.039996	2.294921875	1.9091796875
24.040996	1.6259765625	1.572265625
24.041996	1.46484375	1.7822265625
24.042996	1.9384765625	2.4169921875
24.043996	2.7294921875	3.0322265625
24.044996	3.3203125	3.22265625
24.045996	3.2958984375	2.880859375
24.046996	2.6953125	2.20703125
24.047996	1.904296875	1.6748046875
24.048996	1.4599609375	1.6162109375
24.049996	1.640625	2.080078125
24.050996	2.3388671875	2.7685546875
24.051996	3.095703125	3.2080078125
24.052996	3.388671875	3.10546875
24.053996	3.0419921875	2.5390625
24.054996	2.2802734375	1.8896484375
24.055996	1.611328125	1.572265625
24.057	1.4697265625	1.81640625
24.058	1.97265625	2.4462890625
24.059	2.7685546875	3.0517578125
24.06	3.330078125	3.22265625
24.061	3.28125	2.8466796875
24.062	2.6513671875	2.16796875
24.063	1.865234375	1.6552734375
24.064	1.4501953125	1.630859375
24.065	1.669921875	2.1240234375
24.066	2.3974609375	2.8076171875
24.067	3.1396484375	3.2177734375
24.068	3.388671875	3.0810546875
24.068996	2.998046875	2.490234375
24.069996	2.20703125	1.845703125
24.070996	1.5673828125	1.572265625
24.071996	1.494140625	1.8603515625
24.072996	2.0361328125	2.5048828125
24.073996	2.841796875	3.0908203125
24.074996	3.359375	3.212890625
24.075996	3.2421875	2.79296875
24.076996	2.5732421875	2.1142578125
24.077996	1.8017578125	1.6259765625
24.078996	1.435546875	1.66015625
24.079996	1.7333984375	2.197265625
24.080996	2.4951171875	2.8759765625
24.081996	3.1884765625	3.22265625
24.082996	3.3642578125	3.0322265625
24.083996	2.91015625	2.4072265625
24.084996	2.109375	1.77734375
24.085996	1.5234375	1.58203125
24.086996	1.533203125	1.9140625
24.087996	2.138671875	2.6025390625
24.088996	2.9296875	3.134765625
24.089996	3.3740234375	3.1787109375
24.090996	3.1689453125	2.705078125
24.091996	2.4609375	2.0166015625
24.092996	1.708984375	1.5966796875
24.093996	1.4453125	1.708984375
24.094996	1.826171875	2.2998046875
24.095996	2.6123046875	2.958984375
24.096996	3.26171875	3.2373046875
24.097996	3.3447265625	2.9541015625
24.098996	2.7880859375	2.2998046875
24.1	1.982421875	1.708984375
24.101	1.4697265625	1.5869140625
24.102	1.5966796875	2.01171875
24.103	2.275390625	2.7001953125
24.104	3.046875	3.1884765625
24.105	3.3984375	3.134765625
24.106	3.0810546875	2.587890625
24.107	2.314453125	1.9091796875
24.108	1.6015625	1.5673828125
24.109	1.4599609375	1.7919921875
24.11	1.953125	2.4267578125
24.111	2.763671875	3.0517578125
24.111996	3.330078125	3.22265625
24.112996	3.2763671875	2.8466796875
24.113996	2.63671875	2.1630859375
24.114996	1.845703125	1.6455078125
24.115996	1.4404296875	1.6357421875
24.116996	1.69921875	2.158203125
24.117996	2.4462890625	2.841796875
24.118996	3.1689453125	3.2275390625
24.119996	3.37890625	3.0517578125
24.120996	2.9296875	2.431640625
24.121996	2.138671875	1.787109375
24.122996	1.5234375	1.5771484375
24.123996	1.5283203125	1.9091796875
24.124996	2.1337890625	2.5830078125
24.125996	2.9345703125	3.14453125
24.126996	3.37890625	3.1884765625
24.127996	3.1640625	2.7001953125
24.128996	2.4462890625	2.0068359375
24.129996	1.6943359375	1.5869140625
24.130996	1.4453125	1.71875
24.131996	1.85546875	2.3291015625
24.132996	2.6513671875	2.978515625
24.133996	3.2861328125	3.2421875
24.134996	3.3203125	2.9248046875
24.135996	2.744140625	2.2509765625
24.136996	1.93359375	1.689453125
24.137996	1.455078125	1.6015625
24.138996	1.630859375	2.0751953125
24.139996	2.353515625	2.7783203125
24.140996	3.10546875	3.2080078125
24.142008	3.388671875	3.1005859375
24.143	3.0029296875	2.4951171875
24.144	2.2119140625	1.845703125
24.145	1.5673828125	1.5625
24.146	1.4990234375	1.85546875
24.147	2.0703125	2.5244140625
24.148	2.8759765625	3.1103515625
24.149	3.369140625	3.203125
24.15	3.203125	2.7490234375
24.151	2.5048828125	2.0556640625
24.152	1.7333984375	1.5966796875
24.153	1.435546875	1.69921875
24.153996	1.81640625	2.275390625
24.154996	2.607421875	2.9443359375
24.155996	3.26171875	3.2373046875
24.156996	3.330078125	2.94921875
24.157996	2.7783203125	2.2802734375
24.158996	1.962890625	1.6943359375
24.159996	1.4599609375	1.5966796875
24.160996	1.62109375	2.0458984375
24.161996	2.3291015625	2.75390625
24.162996	3.1005859375	3.203125
24.163996	3.388671875	3.1103515625
24.164996	3.0126953125	2.5244140625
24.165996	2.2265625	1.8505859375
24.166996	1.5673828125	1.5673828125
24.167996	1.4892578125	1.85546875
24.168996	2.060546875	2.5341796875
24.169996	2.8759765625	3.115234375
24.170996	3.3740234375	3.1982421875
24.171996	3.203125	2.7490234375
24.172996	2.4853515625	2.0458984375
24.173996	1.728515625	1.591796875
24.174996	1.435546875	1.69921875
24.175996	1.826171875	2.2998046875
24.176996	2.6318359375	2.96875
24.177996	3.2763671875	3.2373046875
24.178996	3.3251953125	2.9345703125
24.179996	2.744140625	2.255859375
24.180996	1.93359375	1.6845703125
24.181996	1.4599609375	1.6015625
24.182996	1.650390625	2.080078125
24.183996	2.3779296875	2.7880859375
24.185	3.134765625	3.22265625
24.186	3.37890625	3.0859375
24.187	2.9638671875	2.4658203125
24.188	2.158203125	1.81640625
24.189	1.5380859375	1.5576171875
24.19	1.5185546875	1.904296875
24.191	2.12890625	2.5927734375
24.192	2.9443359375	3.14453125
24.193	3.3837890625	3.18359375
24.194	3.154296875	2.685546875
24.195	2.412109375	1.9775390625
24.196	1.669921875	1.5771484375
24.196996	1.4599609375	1.7431640625
24.197996	1.9140625	2.3681640625
24.198996	2.7294921875	3.0224609375
24.199996	3.3154296875	3.2373046875
24.200996	3.2763671875	2.87109375
24.201996	2.6416015625	2.1728515625
24.202996	1.8408203125	1.6357421875
24.203996	1.4404296875	1.6455078125
24.204996	1.728515625	2.177734375
24.205996	2.5048828125	2.880859375
24.206996	3.212890625	3.2373046875
24.207996	3.3642578125	3.0126953125
24.208996	2.8564453125	2.36328125
24.209996	2.03125	1.73828125
24.210996	1.484375	1.58203125
24.211996	1.5869140625	1.9970703125
24.212996	2.2705078125	2.7001953125
24.213996	3.06640625	3.1884765625
24.214996	3.3935546875	3.125
24.215996	3.037109375	2.55859375
24.216996	2.236328125	1.865234375
24.217996	1.572265625	1.5673828125
24.218996	1.4990234375	1.8408203125
24.219996	2.060546875	2.5146484375
24.220996	2.8857421875	3.1201171875
24.221996	3.3642578125	3.2080078125
24.222996	3.193359375	2.7294921875
24.223996	2.4560546875	2.0263671875
24.224996	1.69921875	1.591796875
24.225996	1.4404296875	1.71875
24.226996	1.865234375	2.3388671875
24.228	2.6904296875	3.0078125
24.229	3.3056640625	3.2470703125
24.23	3.30078125	2.8857421875
24.231	2.6611328125	2.1923828125
24.232	1.85546875	1.640625
24.233	1.4453125	1.630859375
24.234	1.7138671875	2.1630859375
24.235	2.490234375	2.87109375
24.236	3.2080078125	3.2470703125
24.237	3.359375	3.0224609375
24.238	2.8466796875	2.36328125
24.239	2.021484375	1.728515625
24.239996	1.474609375	1.58203125
24.240996	1.591796875	2.01171875
24.241996	2.294921875	2.7099609375
24.242996	3.076171875	3.1982421875
24.243996	3.3837890625	3.1201171875
24.244996	3.0078125	2.5244140625
24.245996	2.2119140625	1.8359375
24.246996	1.5478515625	1.5625
24.247996	1.513671875	1.865234375
24.248996	2.1044921875	2.5634765625
24.249996	2.9296875	3.14453125
24.250996	3.3837890625	3.193359375
24.251996	3.14453125	2.67578125
24.252996	2.3876953125	1.9775390625
24.253996	1.66015625	1.572265625
24.254996	1.4501953125	1.7626953125
24.255996	1.9384765625	2.412109375
24.256996	2.7783203125	3.056640625
24.257996	3.3447265625	3.2373046875
24.258996	3.2568359375	2.8173828125
24.259996	2.5732421875	2.1044921875
24.260996	1.767578125	1.6064453125
24.261996	1.4404296875	1.669921875
24.262996	1.8017578125	2.255859375
24.263996	2.607421875	2.9443359375
24.264996	3.271484375	3.2470703125
24.265996	3.3251953125	2.939453125
24.266996	2.734375	2.2509765625
24.267996	1.9140625	1.6650390625
24.268996	1.4453125	1.6064453125
24.270008	1.689453125	2.12890625
24.271	2.44140625	2.8369140625
24.272	3.1787109375	3.2373046875
24.273	3.3642578125	3.0517578125
24.274	2.8759765625	2.3876953125
24.275	2.060546875	1.7431640625
24.276	1.4892578125	1.5673828125
24.277	1.58203125	1.9873046875
24.278	2.2802734375	2.71484375
24.279	3.0810546875	3.2080078125
24.28	3.388671875	3.1298828125
24.281	3.0029296875	2.529296875
24.281996	2.2021484375	1.845703125
24.282996	1.5478515625	1.552734375
24.283996	1.5185546875	1.8798828125
24.284996	2.1533203125	2.578125
24.285996	2.9638671875	3.154296875
24.286996	3.388671875	3.1787109375
24.287996	3.115234375	2.6513671875
24.288996	2.3486328125	1.9384765625
24.289996	1.6162109375	1.5673828125
24.290996	1.46484375	1.787109375
24.291996	1.9921875	2.4609375
24.292996	2.8369140625	3.095703125
24.293996	3.3642578125	3.212890625
24.294996	3.2080078125	2.7685546875
24.295996	2.4853515625	2.0361328125
24.296996	1.7041015625	1.5869140625
24.297996	1.4453125	1.7041015625
24.298996	1.884765625	2.34375
24.299996	2.7099609375	3.017578125
24.300996	3.3154296875	3.2421875
24.301996	3.28125	2.861328125
24.302996	2.6171875	2.1484375
24.303996	1.806640625	1.62109375
24.304996	1.4404296875	1.6455078125
24.305996	1.7724609375	2.2265625
24.306996	2.587890625	2.939453125
24.307996	3.26171875	3.2568359375
24.308996	3.330078125	2.9541015625
24.309996	2.7392578125	2.255859375
24.310996	1.8994140625	1.6650390625
24.311996	1.4453125	1.611328125
24.313	1.7041015625	2.1337890625
24.314	2.470703125	2.861328125
24.315	3.1982421875	3.2470703125
24.316	3.369140625	3.0224609375
24.317	2.8369140625	2.353515625
24.318	2.001953125	1.7236328125
24.319	1.474609375	1.58203125
24.32	1.6259765625	2.0263671875
24.321	2.3583984375	2.7685546875
24.322	3.1201171875	3.2275390625
24.323	3.3740234375	3.0859375
24.324	2.9345703125	2.451171875
24.324996	2.109375	1.77734375
24.325996	1.4990234375	1.5625
24.326996	1.572265625	1.9482421875
24.327996	2.2509765625	2.6708984375
24.328996	3.056640625	3.1982421875
24.329996	3.3984375	3.1396484375
24.330996	3.017578125	2.5390625
24.331996	2.20703125	1.8505859375
24.332996	1.5478515625	1.5625
24.333996	1.5185546875	1.8701171875
24.334996	2.1435546875	2.59765625
24.335996	2.978515625	3.1689453125
24.336996	3.388671875	3.18359375
24.337996	3.0810546875	2.6318359375
24.338996	2.2998046875	1.904296875
24.339996	1.5966796875	1.5478515625
24.340996	1.494140625	1.8212890625
24.341996	2.0556640625	2.51953125
24.342996	2.890625	3.1298828125
24.343996	3.3837890625	3.1982421875
24.344996	3.1396484375	2.6953125
24.345996	2.3876953125	1.9677734375
24.346996	1.6455078125	1.5625
24.347996	1.455078125	1.7626953125
24.348996	1.9775390625	2.4462890625
24.349996	2.8271484375	3.0908203125
24.350996	3.3544921875	3.2275390625
24.351996	3.203125	2.7685546875
24.352996	2.470703125	2.0263671875
24.353996	1.689453125	1.5673828125
24.354996	1.4501953125	1.728515625
24.356	1.923828125	2.3779296875
24.357	2.75390625	3.046875
24.358	3.33984375	3.2421875
24.359	3.2421875	2.8173828125
24.36	2.5341796875	2.08984375
24.361	1.73828125	1.591796875
24.362	1.4453125	1.689453125
24.363	1.8505859375	2.314453125
24.364	2.6904296875	3.0126953125
24.365	3.3154296875	3.2470703125
24.366	3.2763671875	2.87109375
24.367	2.6025390625	2.1435546875
24.367996	1.7822265625	1.6064453125
24.368996	1.435546875	1.6552734375
24.369996	1.8115234375	2.255859375
24.370996	2.626953125	2.9638671875
24.371996	3.2958984375	3.251953125
24.372996	3.3056640625	2.91015625
24.373996	2.6513671875	2.1923828125
24.374996	1.8310546875	1.6259765625
24.375996	1.435546875	1.6357421875
24.376996	1.767578125	2.2119140625
24.377996	2.5830078125	2.9345703125
24.378996	3.26171875	3.251953125
24.379996	3.3251953125	2.94921875
24.380996	2.71484375	2.2412109375
24.381996	1.865234375	1.650390625
24.382996	1.4404296875	1.6162109375
24.383996	1.7333984375	2.1728515625
24.384996	2.529296875	2.900390625
24.385996	3.2470703125	3.2568359375
24.386996	3.3349609375	2.96875
24.387996	2.7490234375	2.275390625
24.388996	1.904296875	1.669921875
24.389996	1.4453125	1.611328125
24.390996	1.69921875	2.1337890625
24.391996	2.5048828125	2.8662109375
24.392996	3.22265625	3.251953125
24.393996	3.359375	2.998046875
24.394996	2.783203125	2.3046875
24.395996	1.943359375	1.6796875
24.396996	1.455078125	1.591796875
24.398008	1.689453125	2.119140625
24.399	2.4658203125	2.8564453125
24.4	3.2080078125	3.2373046875
24.401	3.3642578125	3.0224609375
24.402	2.8076171875	2.333984375
24.403	1.962890625	1.689453125
24.404	1.4599609375	1.58203125
24.405	1.669921875	2.0849609375
24.406	2.44140625	2.822265625
24.407	3.193359375	3.251953125
24.408	3.369140625	3.02734375
24.409	2.822265625	2.353515625
24.409996	1.982421875	1.708984375
24.410996	1.46484375	1.58203125
24.411996	1.650390625	2.0751953125
24.412996	2.421875	2.8173828125
24.413996	3.1787109375	3.2373046875
24.414996	3.359375	3.046875
24.415996	2.841796875	2.3486328125
24.416996	1.982421875	1.708984375
24.417996	1.46484375	1.58203125
24.418996	1.650390625	2.060546875
24.419996	2.4072265625	2.8076171875
24.420996	3.18359375	3.2421875
24.421996	3.369140625	3.0517578125
24.422996	2.841796875	2.373046875
24.423996	1.9970703125	1.7041015625
24.424996	1.4599609375	1.5771484375
24.425996	1.6455078125	2.0556640625
24.426996	2.4072265625	2.8125
24.427996	3.173828125	3.2373046875
24.428996	3.3740234375	3.0517578125
24.429996	2.841796875	2.36328125
24.430996	1.9970703125	1.7138671875
24.431996	1.46484375	1.58203125
24.432996	1.650390625	2.060546875
24.433996	2.4169921875	2.8076171875
24.434996	3.18359375	3.2421875
24.435996	3.369140625	3.037109375
24.436996	2.8369140625	2.36328125
24.437996	1.9873046875	1.7138671875
24.438996	1.46484375	1.5771484375
24.439996	1.6455078125	2.0703125
24.441	2.431640625	2.8173828125
24.442	3.1884765625	3.2470703125
24.443	3.369140625	3.037109375
24.444	2.8271484375	2.3486328125
24.445	1.9677734375	1.689453125
24.446	1.46484375	1.5771484375
24.447	1.6748046875	2.08984375
24.448	2.4462890625	2.83203125
24.449	3.1982421875	3.251953125
24.45	3.359375	3.0224609375
24.451	2.7978515625	2.3291015625
24.452	1.9482421875	1.689453125
24.452996	1.455078125	1.591796875
24.453996	1.6796875	2.1044921875
24.454996	2.48046875	2.8564453125
24.455996	3.22265625	3.251953125
24.456996	3.3447265625	3.0078125
24.457996	2.7783203125	2.3046875
24.458996	1.923828125	1.669921875
24.459996	1.4453125	1.5966796875
24.460996	1.7041015625	2.1337890625
24.461996	2.509765625	2.8759765625
24.462996	3.2421875	3.26171875
24.463996	3.33984375	2.9833984375
24.464996	2.7392578125	2.265625
24.465996	1.8994140625	1.6455078125
24.466996	1.4501953125	1.611328125
24.467996	1.73828125	2.16796875
24.468996	2.5537109375	2.9150390625
24.469996	3.2666015625	3.26171875
24.470996	3.3203125	2.958984375
24.471996	2.7099609375	2.236328125
24.472996	1.8505859375	1.640625
24.473996	1.4306640625	1.6259765625
24.474996	1.767578125	2.2021484375
24.475996	2.59765625	2.9443359375
24.476996	3.2763671875	3.2568359375
24.477996	3.310546875	2.9248046875
24.478996	2.6416015625	2.1875
24.479996	1.806640625	1.6162109375
24.480996	1.435546875	1.6455078125
24.481996	1.81640625	2.24609375
24.482996	2.6513671875	2.9833984375
24.484	3.30078125	3.26171875
24.485	3.2763671875	2.8857421875
24.486	2.5927734375	2.1435546875
24.487	1.7724609375	1.5869140625
24.488	1.4404296875	1.6748046875
24.489	1.865234375	2.3046875
24.49	2.7099609375	3.017578125
24.491	3.3349609375	3.2568359375
24.492	3.251953125	2.83203125
24.493	2.529296875	2.080078125
24.494	1.71875	1.5771484375
24.495	1.455078125	1.69921875
24.495996	1.9189453125	2.36328125
24.496996	2.7783203125	3.056640625
24.497996	3.3544921875	3.2373046875
24.498996	3.203125	2.7734375
24.499996	2.4560546875	2.0263671875
24.500996	1.669921875	1.5673828125
24.501996	1.4501953125	1.7431640625
24.502996	1.9921875	2.4365234375
24.503996	2.8466796875	3.10546875
24.504996	3.3740234375	3.2177734375
24.505996	3.1591796875	2.71484375
24.506996	2.373046875	1.9677734375
24.507996	1.6162109375	1.552734375
24.508996	1.484375	1.796875
24.509996	2.0654296875	2.5048828125
24.510996	2.919921875	3.1396484375
24.511996	3.388671875	3.203125
24.512996	3.1005859375	2.646484375
24.513996	2.28515625	1.8994140625
24.514996	1.5625	1.54296875
24.515996	1.5087890625	1.8505859375
24.516996	2.1484375	2.5927734375
24.517996	2.998046875	3.18359375
24.518996	3.3935546875	3.173828125
24.519996	3.0322265625	2.568359375
24.520996	2.1875	1.8310546875
24.521996	1.5234375	1.54296875
24.522996	1.552734375	1.9140625
24.523996	2.24609375	2.67578125
24.524996	3.076171875	3.2080078125
24.526008	3.388671875	3.125
24.527	2.939453125	2.4755859375
24.528	2.08984375	1.7724609375
24.529	1.4892578125	1.5478515625
24.53	1.6015625	1.9921875
24.531	2.3486328125	2.7685546875
24.532	3.14453125	3.2421875
24.533	3.3740234375	3.06640625
24.534	2.8564453125	2.3779296875
24.535	1.9921875	1.7041015625
24.536	1.4599609375	1.572265625
24.537	1.6748046875	2.08984375
24.537996	2.4755859375	2.8515625
24.538996	3.22265625	3.26171875
24.539996	3.3447265625	3.0078125
24.540996	2.7490234375	2.275390625
24.541996	1.884765625	1.6552734375
24.542996	1.4404296875	1.6064453125
24.543996	1.7529296875	2.1826171875
24.544996	2.5830078125	2.9443359375
24.545996	3.2763671875	3.26171875
24.546996	3.30078125	2.919921875
24.547996	2.6220703125	2.177734375
24.548996	1.7919921875	1.6064453125
24.549996	1.4404296875	1.650390625
24.550996	1.85546875	2.294921875
24.551996	2.7197265625	3.0126953125
24.552996	3.33984375	3.26171875
24.553996	3.2373046875	2.83203125
24.554996	2.5	2.0556640625
24.555996	1.6943359375	1.5673828125
24.556996	1.455078125	1.71875
24.557996	1.97265625	2.412109375
24.558996	2.8369140625	3.095703125
24.559996	3.3740234375	3.232421875
24.560996	3.1640625	2.7197265625
24.561996	2.3583984375	1.9580078125
24.562996	1.6015625	1.5478515625
24.563996	1.4892578125	1.806640625
24.564996	2.1044921875	2.5341796875
24.565996	2.9638671875	3.1640625
24.566996	3.3935546875	3.18359375
24.567996	3.0517578125	2.59765625
24.569	2.2119140625	1.8505859375
24.57	1.533203125	1.5478515625
24.571	1.5380859375	1.9091796875
24.572	2.236328125	2.6611328125
24.573	3.0712890625	3.2177734375
24.574	3.3935546875	3.1298828125
24.575	2.9248046875	2.4609375
24.576	2.0751953125	1.7529296875
24.577	1.484375	1.5625
24.578	1.6259765625	2.021484375
24.579	2.3974609375	2.7978515625
24.58	3.1884765625	3.2568359375
24.580996	3.3544921875	3.037109375
24.581996	2.7978515625	2.3193359375
24.582996	1.923828125	1.6748046875
24.583996	1.4453125	1.591796875
24.584996	1.728515625	2.158203125
24.585996	2.5634765625	2.9150390625
24.586996	3.2666015625	3.26171875
24.587996	3.310546875	2.9345703125
24.588996	2.6416015625	2.1826171875
24.589996	1.7919921875	1.611328125
24.590996	1.435546875	1.66015625
24.591996	1.85546875	2.3046875
24.592996	2.7294921875	3.0322265625
24.593996	3.33984375	3.2470703125
24.594996	3.212890625	2.8076171875
24.595996	2.4658203125	2.041015625
24.596996	1.6748046875	1.5478515625
24.597996	1.46484375	1.748046875
24.598996	2.01171875	2.4560546875
24.599996	2.8955078125	3.125
24.600996	3.3837890625	3.2177734375
24.601996	3.115234375	2.65625
24.602996	2.2900390625	1.8994140625
24.603996	1.5673828125	1.5380859375
24.604996	1.5283203125	1.8603515625
24.605996	2.1875	2.6171875
24.606996	3.046875	3.1982421875
24.607996	3.3984375	3.1494140625
24.608996	2.96875	2.5
24.609996	2.0947265625	1.7724609375
24.610996	1.474609375	1.552734375
24.612	1.62109375	2.0068359375
24.613	2.3828125	2.7783203125
24.614	3.173828125	3.251953125
24.615	3.369140625	3.0517578125
24.616	2.7880859375	2.3291015625
24.617	1.9189453125	1.6650390625
24.618	1.4404296875	1.591796875
24.619	1.748046875	2.1630859375
24.62	2.578125	2.9296875
24.621	3.28125	3.2666015625
24.622	3.2958984375	2.919921875
24.623	2.607421875	2.1484375
24.623996	1.7626953125	1.58203125
24.624996	1.4501953125	1.669921875
24.625996	1.8994140625	2.34375
24.626996	2.783203125	3.06640625
24.627996	3.3642578125	3.2470703125
24.628996	3.18359375	2.7490234375
24.629996	2.392578125	1.9873046875
24.630996	1.62109375	1.54296875
24.631996	1.484375	1.7919921875
24.632996	2.0947265625	2.5390625
24.633996	2.96875	3.1689453125
24.634996	3.388671875	3.193359375
24.635996	3.0322265625	2.5830078125
24.636996	2.177734375	1.826171875
24.637996	1.513671875	1.54296875
24.638996	1.572265625	1.9482421875
24.639996	2.3046875	2.7197265625
24.640996	3.1298828125	3.2421875
24.641996	3.37890625	3.076171875
24.642996	2.841796875	2.3828125
24.643996	1.9677734375	1.6943359375
24.644996	1.4453125	1.58203125
24.645996	1.7041015625	2.119140625
24.646996	2.5390625	2.900390625
24.647996	3.2763671875	3.2666015625
24.648996	3.30078125	2.9345703125
24.649996	2.63671875	2.1826171875
24.650996	1.77734375	1.591796875
24.651996	1.4404296875	1.66015625
24.652996	1.8896484375	2.3193359375
24.654008	2.763671875	3.0517578125
24.655	3.359375	3.251953125
24.656	3.18359375	2.7685546875
24.657	2.3974609375	1.9873046875
24.658	1.6162109375	1.54296875
24.659	1.484375	1.796875
24.66	2.109375	2.5390625
24.661	2.9736328125	3.1640625
24.662	3.3935546875	3.1689453125
24.663	3.017578125	2.5537109375
24.664	2.1533203125	1.8115234375
24.665	1.4990234375	1.5380859375
24.665996	1.5869140625	1.9775390625
24.666996	2.3486328125	2.75390625
24.667996	3.1689453125	3.251953125
24.668996	3.369140625	3.056640625
24.669996	2.7978515625	2.3388671875
24.670996	1.9189453125	1.6650390625
24.671996	1.435546875	1.5966796875
24.672996	1.7529296875	2.177734375
24.673996	2.607421875	2.9443359375
24.674996	3.30078125	3.2666015625
24.675996	3.2763671875	2.900390625
24.676996	2.5537109375	2.1142578125
24.677996	1.7236328125	1.5771484375
24.678996	1.455078125	1.7041015625
24.679996	1.9677734375	2.412109375
24.680996	2.8466796875	3.1005859375
24.681996	3.3740234375	3.22265625
24.682996	3.1201171875	2.685546875
24.683996	2.28515625	1.904296875
24.684996	1.5576171875	1.5283203125
24.685996	1.5234375	1.865234375
24.686996	2.2216796875	2.63671875
24.687996	3.076171875	3.2177734375
24.688996	3.3837890625	3.125
24.689996	2.91015625	2.451171875
24.690996	2.0263671875	1.7333984375
24.691996	1.46484375	1.5625
24.692996	1.6748046875	2.080078125
24.693996	2.5	2.8662109375
24.694996	3.2421875	3.26171875
24.695996	3.3251953125	2.96875
24.697	2.646484375	2.197265625
24.698	1.7822265625	1.5966796875
24.699	1.4404296875	1.66015625
24.7	1.8798828125	2.3193359375
24.701	2.7685546875	3.0517578125
24.702	3.3642578125	3.251953125
24.703	3.18359375	2.7490234375
24.704	2.36328125	1.962890625
24.705	1.5966796875	1.5380859375
24.706	1.4892578125	1.8115234375
24.707	2.1533203125	2.5732421875
24.708	3.0224609375	3.1982421875
24.708996	3.3935546875	3.154296875
24.709996	2.9638671875	2.509765625
24.710996	2.080078125	1.7529296875
24.711996	1.484375	1.552734375
24.712996	1.6455078125	2.0263671875
24.713996	2.451171875	2.83203125
24.714996	3.2177734375	3.2568359375
24.715996	3.3447265625	2.998046875
24.716996	2.6904296875	2.2412109375
24.717996	1.8212890625	1.611328125
24.718996	1.4404296875	1.6357421875
24.719996	1.85546875	2.294921875
24.720996	2.744140625	3.037109375
24.721996	3.3544921875	3.2568359375
24.722996	3.1884765625	2.7734375
24.723996	2.3876953125	1.9873046875
24.724996	1.611328125	1.5380859375
24.725996	1.494140625	1.796875
24.726996	2.1435546875	2.5634765625
24.727996	3.017578125	3.193359375
24.728996	3.3935546875	3.1591796875
24.729996	2.958984375	2.509765625
24.730996	2.0849609375	1.767578125
24.731996	1.474609375	1.54296875
24.732996	1.6455078125	2.0361328125
24.733996	2.4462890625	2.8369140625
24.734996	3.232421875	3.2666015625
24.735996	3.330078125	2.9833984375
24.736996	2.67578125	2.2265625
24.737996	1.8017578125	1.611328125
24.738996	1.4404296875	1.650390625
24.74	1.8896484375	2.3193359375
24.741	2.7783203125	3.0615234375
24.742	3.3544921875	3.251953125
24.743	3.1689453125	2.7490234375
24.744	2.3486328125	1.9580078125
24.745	1.5869140625	1.5283203125
24.746	1.513671875	1.8408203125
24.747	2.1923828125	2.6123046875
24.748	3.0517578125	3.203125
24.749	3.388671875	3.1396484375
24.75	2.919921875	2.4560546875
24.751	2.021484375	1.728515625
24.751996	1.455078125	1.5625
24.752996	1.6943359375	2.0849609375
24.753996	2.51953125	2.8759765625
24.754996	3.271484375	3.271484375
24.755996	3.30078125	2.939453125
24.756996	2.6025390625	2.1533203125
24.757996	1.73828125	1.58203125
24.758996	1.4501953125	1.6748046875
24.759996	1.953125	2.3876953125
24.760996	2.8564453125	3.1103515625
24.761996	3.369140625	3.22265625
24.762996	3.1005859375	2.6708984375
24.763996	2.255859375	1.884765625
24.764996	1.5283203125	1.5283203125
24.765996	1.5625	1.904296875
24.766996	2.294921875	2.7001953125
24.767996	3.125	3.2421875
24.768996	3.3740234375	3.076171875
24.769996	2.8076171875	2.353515625
24.770996	1.9189453125	1.66015625
24.771996	1.4501953125	1.591796875
24.772996	1.77734375	2.1923828125
24.773996	2.646484375	2.9736328125
24.774996	3.330078125	3.271484375
24.775996	3.232421875	2.8369140625
24.776996	2.4609375	2.041015625
24.777996	1.640625	1.54296875
24.778996	1.4794921875	1.7626953125
24.779996	2.099609375	2.51953125
24.780996	2.98828125	3.1787109375
24.782008	3.3935546875	3.1787109375
24.783	2.9736328125	2.51953125
24.784	2.099609375	1.767578125
24.785	1.484375	1.5478515625
24.786	1.650390625	2.0361328125
24.787	2.4609375	2.83203125
24.788	3.2421875	3.2666015625
24.789	3.3154296875	2.9736328125
24.79	2.646484375	2.197265625
24.791	1.7724609375	1.591796875
24.792	1.4453125	1.66015625
24.793	1.9287109375	2.36328125
24.793996	2.8271484375	3.0908203125
24.794996	3.3740234375	3.232421875
24.795996	3.115234375	2.685546875
24.796996	2.265625	1.8896484375
24.797996	1.5380859375	1.533203125
24.798996	1.552734375	1.9091796875
24.799996	2.2998046875	2.7001953125
24.800996	3.1396484375	3.2373046875
24.801996	3.3740234375	3.076171875
24.802996	2.79296875	2.333984375
24.803996	1.89453125	1.6552734375
24.804996	1.4404296875	1.6064453125
24.805996	1.796875	2.216796875
24.806996	2.6806640625	3.0029296875
24.807996	3.3447265625	3.2666015625
24.808996	3.2177734375	2.8125
24.809996	2.4072265625	2.001953125
24.810996	1.611328125	1.5380859375
24.811996	1.50390625	1.806640625
24.812996	2.1533203125	2.587890625
24.813996	3.0419921875	3.203125
24.814996	3.3837890625	3.154296875
24.815996	2.91015625	2.4658203125
24.816996	2.021484375	1.71875
24.817996	1.455078125	1.5673828125
24.818996	1.708984375	2.1142578125
24.819996	2.5634765625	2.9150390625
24.820996	3.291015625	3.2763671875
24.821996	3.2763671875	2.9052734375
24.822996	2.5341796875	2.1044921875
24.823996	1.689453125	1.5576171875
24.825	1.4599609375	1.7333984375
24.826	2.0458984375	2.48046875
24.827	2.939453125	3.1591796875
24.828	3.388671875	3.1982421875
24.829	3.0126953125	2.5634765625
24.83	2.119140625	1.787109375
24.831	1.484375	1.54296875
24.832	1.6455078125	2.0166015625
24.833	2.4609375	2.8369140625
24.834	3.2421875	3.2666015625
24.835	3.3203125	2.96875
24.836	2.6318359375	2.1875
24.836996	1.7578125	1.58203125
24.837996	1.4404296875	1.6796875
24.838996	1.9677734375	2.3876953125
24.839996	2.8759765625	3.1103515625
24.840996	3.388671875	3.22265625
24.841996	3.0712890625	2.6318359375
24.842996	2.2021484375	1.845703125
24.843996	1.513671875	1.533203125
24.844996	1.5966796875	1.962890625
24.845996	2.3828125	2.7783203125
24.846996	3.193359375	3.26171875
24.847996	3.349609375	3.0224609375
24.848996	2.7001953125	2.24609375
24.849996	1.806640625	1.6064453125
24.850996	1.4404296875	1.6455078125
24.851996	1.8994140625	2.333984375
24.852996	2.8076171875	3.0810546875
24.853996	3.3740234375	3.2470703125
24.854996	3.1201171875	2.685546875
24.855996	2.2509765625	1.8896484375
24.856996	1.533203125	1.5283203125
24.857996	1.5673828125	1.9091796875
24.858996	2.3291015625	2.724609375
24.859996	3.1689453125	3.2568359375
24.860996	3.3544921875	3.0419921875
24.861996	2.7392578125	2.28515625
24.862996	1.8359375	1.6259765625
24.863996	1.4453125	1.630859375
24.864996	1.875	2.2900390625
24.865996	2.7783203125	3.0517578125
24.866996	3.3740234375	3.2568359375
24.868	3.134765625	2.71484375
24.869	2.2900390625	1.9091796875
24.87	1.5380859375	1.5283203125
24.871	1.5576171875	1.884765625
24.872	2.3046875	2.7099609375
24.873	3.1591796875	3.2470703125
24.874	3.369140625	3.0712890625
24.875	2.7587890625	2.3095703125
24.876	1.8603515625	1.630859375
24.877	1.4306640625	1.62109375
24.878	1.8505859375	2.275390625
24.879	2.763671875	3.056640625
24.879996	3.3642578125	3.2568359375
24.880996	3.1396484375	2.7294921875
24.881996	2.294921875	1.9091796875
24.882996	1.5478515625	1.533203125
24.883996	1.5576171875	1.8896484375
24.884996	2.3046875	2.7294921875
24.885996	3.1494140625	3.2470703125
24.886996	3.369140625	3.0615234375
24.887996	2.75390625	2.3046875
24.888996	1.8505859375	1.630859375
24.889996	1.4404296875	1.6162109375
24.890996	1.865234375	2.28515625
24.891996	2.7734375	3.056640625
24.892996	3.369140625	3.251953125
24.893996	3.134765625	2.7099609375
24.894996	2.2705078125	1.8994140625
24.895996	1.54296875	1.5283203125
24.896996	1.5576171875	1.904296875
24.897996	2.32421875	2.724609375
24.898996	3.1640625	3.2568359375
24.899996	3.349609375	3.0419921875
24.900996	2.7197265625	2.2802734375
24.901996	1.8310546875	1.6064453125
24.902996	1.4404296875	1.6357421875
24.903996	1.89453125	2.32421875
24.904996	2.8125	3.076171875
24.905996	3.3740234375	3.2421875
24.906996	3.10546875	2.6806640625
24.907996	2.2412109375	1.875
24.908996	1.5185546875	1.5234375
24.910008	1.5869140625	1.9677734375
24.911	2.3779296875	2.7734375
24.912	3.1982421875	3.26171875
24.913	3.33984375	3.0126953125
24.914	2.6806640625	2.2314453125
24.915	1.7822265625	1.5869140625
24.916	1.4404296875	1.66015625
24.917	1.93359375	2.373046875
24.918	2.861328125	3.115234375
24.919	3.3935546875	3.22265625
24.92	3.0517578125	2.6220703125
24.921	2.1728515625	1.8212890625
24.921996	1.494140625	1.5380859375
24.922996	1.62109375	1.9970703125
24.923996	2.4462890625	2.8271484375
24.924996	3.2373046875	3.271484375
24.925996	3.3154296875	2.9541015625
24.926996	2.5927734375	2.1630859375
24.927996	1.71875	1.572265625
24.928996	1.4599609375	1.7041015625
24.929996	2.021484375	2.451171875
24.930996	2.9443359375	3.1591796875
24.931996	3.3984375	3.203125
24.932996	2.9931640625	2.5439453125
24.933996	2.0849609375	1.7626953125
24.934996	1.4697265625	1.5478515625
24.935996	1.6845703125	2.080078125
24.936996	2.5439453125	2.900390625
24.937996	3.2861328125	3.28125
24.938996	3.271484375	2.890625
24.939996	2.4951171875	2.0751953125
24.940996	1.650390625	1.54296875
24.941996	1.4794921875	1.7626953125
24.942996	2.12890625	2.5537109375
24.943996	3.037109375	3.2080078125
24.944996	3.3984375	3.154296875
24.945996	2.8857421875	2.44140625
24.946996	1.97265625	1.6943359375
24.947996	1.4404296875	1.5673828125
24.948996	1.7724609375	2.1826171875
24.949996	2.666015625	2.98828125
24.950996	3.33984375	3.28125
24.951996	3.1982421875	2.7978515625
24.953	2.36328125	1.9677734375
24.954	1.572265625	1.5234375
24.955	1.533203125	1.8505859375
24.956	2.275390625	2.666015625
24.957	3.1298828125	3.2421875
24.958	3.359375	3.0712890625
24.959	2.7685546875	2.3095703125
24.96	1.8505859375	1.6259765625
24.961	1.4453125	1.62109375
24.962	1.89453125	2.3095703125
24.963	2.8125	3.0810546875
24.964	3.3837890625	3.251953125
24.964996	3.0908203125	2.666015625
24.965996	2.2021484375	1.85546875
24.966996	1.513671875	1.5234375
24.967996	1.6064453125	1.97265625
24.968996	2.431640625	2.802734375
24.969996	3.2373046875	3.271484375
24.970996	3.310546875	2.96875
24.971996	2.607421875	2.1630859375
24.972996	1.7236328125	1.5625
24.973996	1.4599609375	1.708984375
24.974996	2.0458984375	2.4658203125
24.975996	2.958984375	3.1640625
24.976996	3.3984375	3.18359375
24.977996	2.958984375	2.51953125
24.978996	2.041015625	1.7333984375
24.979996	1.4501953125	1.5478515625
24.980996	1.7236328125	2.1240234375
24.981996	2.6123046875	2.939453125
24.982996	3.3203125	3.28125
24.983996	3.2275390625	2.841796875
24.984996	2.4169921875	2.001953125
24.985996	1.591796875	1.533203125
24.986996	1.513671875	1.826171875
24.987996	2.2314453125	2.6416015625
24.988996	3.115234375	3.2373046875
24.989996	3.3740234375	3.095703125
24.990996	2.7734375	2.333984375
24.991996	1.85546875	1.630859375
24.992996	1.4404296875	1.62109375
24.993996	1.8896484375	2.3095703125
24.994996	2.8076171875	3.0859375
24.996	3.37890625	3.2470703125
24.997	3.0859375	2.6611328125
24.998	2.197265625	1.845703125
24.999	1.494140625	1.5185546875
25.0	1.6162109375	1.9873046875
25.001	2.4609375	2.83203125
25.002	3.2470703125	3.28125
25.003	3.30078125	2.94921875
25.004	2.55859375	2.12890625
25.005	1.6796875	1.5478515625
25.006	1.46484375	1.728515625
25.007	2.1044921875	2.5146484375
25.007996	3.0126953125	3.1982421875
25.008996	3.3935546875	3.1689453125
25.009996	2.8955078125	2.451171875
25.010996	1.962890625	1.6796875
25.011996	1.4453125	1.5771484375
25.012996	1.7919921875	2.2021484375
25.013996	2.705078125	3.0029296875
25.014996	3.3447265625	3.271484375
25.015996	3.1640625	2.763671875
25.016996	2.2998046875	1.9287109375
25.017996	1.5380859375	1.5234375
25.018996	1.572265625	1.8994140625
25.019996	2.3583984375	2.744140625
25.020996	3.1884765625	3.271484375
25.021996	3.33984375	3.0224609375
25.022996	2.646484375	2.2119140625
25.023996	1.7578125	1.5771484375
25.024996	1.455078125	1.6845703125
25.025996	2.021484375	2.4365234375
25.026996	2.94921875	3.1591796875
25.027996	3.3984375	3.193359375
25.028996	2.94921875	2.5146484375
25.029996	2.0361328125	1.7236328125
25.030996	1.455078125	1.5478515625
25.031996	1.7333984375	2.138671875
25.032996	2.6416015625	2.958984375
25.033996	3.3349609375	3.2763671875
25.034996	3.1982421875	2.8125
25.035996	2.36328125	1.962890625
25.036996	1.5673828125	1.5283203125
25.038008	1.5478515625	1.8701171875
25.039	2.3046875	2.7099609375
25.04	3.173828125	3.26171875
25.041	3.3447265625	3.046875
25.042	2.685546875	2.24609375
25.043	1.7724609375	1.58203125
25.044	1.4453125	1.6748046875
25.045	1.9970703125	2.412109375
25.046	2.919921875	3.1396484375
25.047	3.3935546875	3.2080078125
25.048	2.9736328125	2.5439453125
25.049	2.05078125	1.7431640625
25.049996	1.46484375	1.54296875
25.050996	1.7333984375	2.119140625
25.051996	2.626953125	2.9541015625
25.052996	3.3349609375	3.2861328125
25.053996	3.2080078125	2.8076171875
25.054996	2.36328125	1.9775390625
25.055996	1.5673828125	1.5185546875
25.056996	1.5380859375	1.875
25.057996	2.314453125	2.71484375
25.058996	3.1787109375	3.2666015625
25.059996	3.3447265625	3.037109375
25.060996	2.67578125	2.2314453125
25.061996	1.767578125	1.58203125
25.062996	1.4404296875	1.6748046875
25.063996	2.01171875	2.431640625
25.064996	2.94921875	3.1640625
25.065996	3.3837890625	3.193359375
25.066996	2.958984375	2.5146484375
25.067996	2.0263671875	1.71875
25.068996	1.455078125	1.5576171875
25.069996	1.767578125	2.158203125
25.070996	2.67578125	2.978515625
25.071996	3.33984375	3.2763671875
25.072996	3.18359375	2.7734375
25.073996	2.314453125	1.923828125
25.074996	1.54296875	1.5185546875
25.075996	1.5625	1.904296875
25.076996	2.3681640625	2.7587890625
25.077996	3.203125	3.2763671875
25.078996	3.3251953125	2.9931640625
25.079996	2.607421875	2.177734375
25.081	1.708984375	1.5673828125
25.082	1.455078125	1.7138671875
25.083	2.080078125	2.5048828125
25.084	3.0029296875	3.203125
25.085	3.3984375	3.1640625
25.086	2.8759765625	2.44140625
25.087	1.9482421875	1.6650390625
25.088	1.4453125	1.5869140625
25.089	1.826171875	2.24609375
25.09	2.7587890625	3.0517578125
25.091	3.3740234375	3.26171875
25.092	3.1103515625	2.685546875
25.092996	2.2119140625	1.85546875
25.093996	1.494140625	1.5185546875
25.094996	1.630859375	1.9921875
25.095996	2.48046875	2.8466796875
25.096996	3.271484375	3.28125
25.097996	3.2763671875	2.9150390625
25.098996	2.4853515625	2.0654296875
25.099996	1.6259765625	1.5380859375
25.100996	1.50390625	1.7919921875
25.101996	2.2119140625	2.6171875
25.102996	3.1005859375	3.2373046875
25.103996	3.3740234375	3.0908203125
25.104996	2.7587890625	2.3046875
25.105996	1.826171875	1.611328125
25.106996	1.4404296875	1.640625
25.107996	1.953125	2.3681640625
25.108996	2.8955078125	3.134765625
25.109996	3.3984375	3.2177734375
25.110996	2.9931640625	2.5439453125
25.111996	2.0458984375	1.748046875
25.112996	1.455078125	1.54296875
25.113996	1.73828125	2.12890625
25.114996	2.6513671875	2.9736328125
25.115996	3.349609375	3.2763671875
25.116996	3.18359375	2.7734375
25.117996	2.3046875	1.9287109375
25.118996	1.533203125	1.5185546875
25.119996	1.572265625	1.9189453125
25.120996	2.3974609375	2.7783203125
25.121996	3.2275390625	3.28125
25.122996	3.310546875	2.978515625
25.124	2.55859375	2.12890625
25.125	1.6796875	1.5380859375
25.126	1.474609375	1.7431640625
25.127	2.138671875	2.55859375
25.128	3.056640625	3.2080078125
25.129	3.37890625	3.134765625
25.13	2.8076171875	2.3681640625
25.131	1.8701171875	1.6357421875
25.132	1.4404296875	1.62109375
25.133	1.9091796875	2.32421875
25.134	2.8515625	3.1103515625
25.135	3.3837890625	3.232421875
25.135996	3.017578125	2.5927734375
25.136996	2.0849609375	1.767578125
25.137996	1.455078125	1.533203125
25.138996	1.728515625	2.1142578125
25.139996	2.63671875	2.9541015625
25.140996	3.33984375	3.2763671875
25.141996	3.18359375	2.7880859375
25.142996	2.3193359375	1.93359375
25.143996	1.5478515625	1.513671875
25.144996	1.572265625	1.9140625
25.145996	2.3974609375	2.7685546875
25.146996	3.2275390625	3.28125
25.147996	3.3056640625	2.9736328125
25.148996	2.548828125	2.1337890625
25.149996	1.6748046875	1.5478515625
25.150996	1.4892578125	1.748046875
25.151996	2.1630859375	2.578125
25.152996	3.0859375	3.232421875
25.153996	3.37890625	3.115234375
25.154996	2.783203125	2.3388671875
25.155996	1.8359375	1.62109375
25.156996	1.4404296875	1.630859375
25.157996	1.953125	2.3681640625
25.158996	2.9052734375	3.134765625
25.159996	3.3935546875	3.2177734375
25.160996	2.9638671875	2.5390625
25.161996	2.0361328125	1.7333984375
25.162996	1.4501953125	1.5576171875
25.163996	1.7724609375	2.1728515625
25.164996	2.7001953125	3.0078125
25.166008	3.359375	3.271484375
25.167	3.1298828125	2.724609375
25.168	2.2314453125	1.8701171875
25.169	1.5087890625	1.5234375
25.17	1.630859375	1.982421875
25.171	2.490234375	2.8515625
25.172	3.271484375	3.291015625
25.173	3.2666015625	2.900390625
25.174	2.4462890625	2.0458984375
25.175	1.6064453125	1.5283203125
25.176	1.5234375	1.8359375
25.177	2.2705078125	2.67578125
25.177996	3.1591796875	3.2666015625
25.178996	3.3447265625	3.046875
25.179996	2.646484375	2.2265625
25.180996	1.73828125	1.5673828125
25.181996	1.4599609375	1.7041015625
25.182996	2.0703125	2.490234375
25.183996	3.0126953125	3.1982421875
25.184996	3.388671875	3.154296875
25.185996	2.841796875	2.4072265625
25.186996	1.8896484375	1.650390625
25.187996	1.4404296875	1.6064453125
25.188996	1.904296875	2.3095703125
25.189996	2.8564453125	3.10546875
25.190996	3.388671875	3.2421875
25.191996	3.0078125	2.5830078125
25.192996	2.0751953125	1.7578125
25.193996	1.455078125	1.5380859375
25.194996	1.748046875	2.1484375
25.195996	2.6513671875	2.9833984375
25.196996	3.349609375	3.28125
25.197996	3.154296875	2.7490234375
25.198996	2.255859375	1.884765625
25.199996	1.513671875	1.513671875
25.200996	1.62109375	1.982421875
25.201996	2.4853515625	2.841796875
25.202996	3.2861328125	3.2958984375
25.203996	3.26171875	2.890625
25.204996	2.4365234375	2.03125
25.205996	1.591796875	1.5185546875
25.206996	1.533203125	1.845703125
25.207996	2.3046875	2.7001953125
25.209	3.193359375	3.271484375
25.21	3.330078125	3.0126953125
25.211	2.6171875	2.1875
25.212	1.708984375	1.5576171875
25.213	1.4697265625	1.728515625
25.214	2.1240234375	2.5341796875
25.215	3.0615234375	3.2275390625
25.216	3.369140625	3.125
25.217	2.783203125	2.3486328125
25.218	1.8310546875	1.6162109375
25.219	1.4404296875	1.6552734375
25.22	1.9775390625	2.3779296875
25.220996	2.9345703125	3.154296875
25.221996	3.388671875	3.203125
25.222996	2.9345703125	2.5
25.223996	1.9775390625	1.69921875
25.224996	1.4404296875	1.572265625
25.225996	1.8408203125	2.2314453125
25.226996	2.7734375	3.0615234375
25.227996	3.3740234375	3.251953125
25.228996	3.0615234375	2.6416015625
25.229996	2.12890625	1.8017578125
25.230996	1.4599609375	1.533203125
25.231996	1.7138671875	2.099609375
25.232996	2.6318359375	2.958984375
25.233996	3.3349609375	3.291015625
25.234996	3.1640625	2.7783203125
25.235996	2.2802734375	1.9091796875
25.236996	1.513671875	1.5087890625
25.237996	1.6162109375	1.9580078125
25.238996	2.48046875	2.8369140625
25.239996	3.2763671875	3.291015625
25.240996	3.26171875	2.900390625
25.241996	2.431640625	2.03125
25.242996	1.591796875	1.5234375
25.243996	1.5380859375	1.8505859375
25.244996	2.3291015625	2.71484375
25.245996	3.2080078125	3.2763671875
25.246996	3.3203125	3.0029296875
25.247996	2.568359375	2.1533203125
25.248996	1.6748046875	1.5478515625
25.249996	1.474609375	1.7578125
25.250996	2.1826171875	2.587890625
25.252	3.1201171875	3.251953125
25.253	3.3642578125	3.0859375
25.254	2.7099609375	2.2802734375
25.255	1.77734375	1.5869140625
25.256	1.4453125	1.669921875
25.257	2.0556640625	2.4658203125
25.258	3.0029296875	3.1982421875
25.259	3.3935546875	3.1640625
25.26	2.8369140625	2.40234375
25.261	1.875	1.640625
25.262	1.4306640625	1.6162109375
25.263	1.93359375	2.3388671875
25.263996	2.900390625	3.1298828125
25.264996	3.3837890625	3.212890625
25.265996	2.9541015625	2.51953125
25.266996	1.9921875	1.7041015625
25.267996	1.4404296875	1.5673828125
25.268996	1.8310546875	2.2314453125
25.269996	2.783203125	3.056640625
25.270996	3.3837890625	3.2568359375
25.271996	3.046875	2.6318359375
25.272996	2.1044921875	1.787109375
25.273996	1.4599609375	1.5380859375
25.274996	1.73828125	2.1240234375
25.275996	2.6708984375	2.9833984375
25.276996	3.3544921875	3.2861328125
25.277996	3.1396484375	2.7392578125
25.278996	2.216796875	1.85546875
25.279996	1.4892578125	1.513671875
25.280996	1.66015625	2.0166015625
25.281996	2.55859375	2.900390625
25.282996	3.3154296875	3.2958984375
25.283996	3.212890625	2.8271484375
25.284996	2.333984375	1.9482421875
25.285996	1.5380859375	1.5185546875
25.286996	1.591796875	1.93359375
25.287996	2.44140625	2.8173828125
25.288996	3.271484375	3.30078125
25.289996	3.271484375	2.9150390625
25.290996	2.44140625	2.0361328125
25.291996	1.5966796875	1.513671875
25.292996	1.533203125	1.845703125
25.294008	2.34375	2.7294921875
25.295	3.212890625	3.2763671875
25.296	3.310546875	2.9833984375
25.297	2.5439453125	2.1240234375
25.298	1.650390625	1.533203125
25.299	1.4892578125	1.77734375
25.3	2.2412109375	2.646484375
25.301	3.154296875	3.26171875
25.302	3.3447265625	3.046875
25.303	2.63671875	2.2119140625
25.304	1.7138671875	1.5625
25.305	1.4599609375	1.7236328125
25.305996	2.138671875	2.548828125
25.306996	3.0859375	3.232421875
25.307996	3.369140625	3.1005859375
25.308996	2.7294921875	2.294921875
25.309996	1.7822265625	1.5771484375
25.310996	1.4501953125	1.6748046875
25.311996	2.0556640625	2.4658203125
25.312996	3.017578125	3.203125
25.313996	3.3837890625	3.154296875
25.314996	2.802734375	2.3779296875
25.315996	1.8359375	1.62109375
25.316996	1.435546875	1.6357421875
25.317996	1.9873046875	2.392578125
25.318996	2.9541015625	3.1640625
25.319996	3.3935546875	3.1884765625
25.320996	2.880859375	2.44140625
25.321996	1.9091796875	1.66015625
25.322996	1.4404296875	1.5966796875
25.323996	1.9189453125	2.32421875
25.324996	2.8857421875	3.1298828125
25.325996	3.3984375	3.22265625
25.326996	2.939453125	2.51953125
25.327996	1.97265625	1.6943359375
25.328996	1.4453125	1.572265625
25.329996	1.8603515625	2.255859375
25.330996	2.8271484375	3.0908203125
25.331996	3.3837890625	3.2470703125
25.332996	3.0029296875	2.578125
25.333996	2.0361328125	1.7333984375
25.334996	1.4501953125	1.5478515625
25.335996	1.8017578125	2.197265625
25.337	2.7734375	3.056640625
25.338	3.37890625	3.26171875
25.339	3.0517578125	2.6416015625
25.34	2.1044921875	1.7822265625
25.341	1.4697265625	1.533203125
25.342	1.7529296875	2.1337890625
25.343	2.705078125	3.0126953125
25.344	3.369140625	3.271484375
25.345	3.1005859375	2.685546875
25.346	2.1630859375	1.81640625
25.347	1.4697265625	1.5234375
25.348	1.7138671875	2.0849609375
25.348996	2.6513671875	2.9638671875
25.349996	3.349609375	3.2861328125
25.350996	3.1298828125	2.7392578125
25.351996	2.2119140625	1.8505859375
25.352996	1.4892578125	1.5234375
25.353996	1.6748046875	2.0458984375
25.354996	2.6025390625	2.9248046875
25.355996	3.3447265625	3.2958984375
25.356996	3.1689453125	2.783203125
25.357996	2.2607421875	1.89453125
25.358996	1.50390625	1.5087890625
25.359996	1.6552734375	2.001953125
25.360996	2.5537109375	2.8955078125
25.361996	3.3203125	3.291015625
25.362996	3.1884765625	2.8076171875
25.363996	2.2998046875	1.9189453125
25.364996	1.5185546875	1.5087890625
25.365996	1.62109375	1.9775390625
25.366996	2.51953125	2.87109375
25.367996	3.310546875	3.291015625
25.368996	3.212890625	2.841796875
25.369996	2.333984375	1.9482421875
25.370996	1.5283203125	1.50390625
25.371996	1.6015625	1.943359375
25.372996	2.4853515625	2.8515625
25.373996	3.2958984375	3.2958984375
25.374996	3.232421875	2.861328125
25.375996	2.3681640625	1.982421875
25.376996	1.5478515625	1.513671875
25.377996	1.591796875	1.923828125
25.378996	2.4462890625	2.8173828125
25.38	3.2861328125	3.30078125
25.381	3.2421875	2.8955078125
25.382	2.3876953125	1.9970703125
25.383	1.5576171875	1.5087890625
25.384	1.5673828125	1.904296875
25.385	2.431640625	2.802734375
25.386	3.271484375	3.30078125
25.387	3.2568359375	2.91015625
25.388	2.412109375	2.0166015625
25.389	1.5673828125	1.5087890625
25.39	1.5673828125	1.8896484375
25.391	2.4072265625	2.7783203125
25.391996	3.26171875	3.2861328125
25.392996	3.271484375	2.9248046875
25.393996	2.421875	2.03125
25.394996	1.5771484375	1.5087890625
25.395996	1.5625	1.8798828125
25.396996	2.40234375	2.7734375
25.397996	3.2470703125	3.2958984375
25.398996	3.271484375	2.9345703125
25.399996	2.431640625	2.041015625
25.400996	1.58203125	1.5087890625
25.401996	1.5576171875	1.8798828125
25.402996	2.392578125	2.7685546875
25.403996	3.2373046875	3.2958984375
25.404996	3.2763671875	2.939453125
25.405996	2.4365234375	2.0361328125
25.406996	1.58203125	1.5087890625
25.407996	1.5576171875	1.865234375
25.408996	2.3828125	2.763671875
25.409996	3.2421875	3.2861328125
25.410996	3.271484375	2.9345703125
25.411996	2.4462890625	2.041015625
25.412996	1.58203125	1.513671875
25.413996	1.5576171875	1.875
25.414996	2.3828125	2.7685546875
25.415996	3.2568359375	3.2958984375
25.416996	3.271484375	2.9296875
25.417996	2.4267578125	2.041015625
25.418996	1.572265625	1.5185546875
25.419996	1.552734375	1.8798828125
25.420996	2.392578125	2.7734375
25.422008	3.251953125	3.30078125
25.423	3.26171875	2.919921875
25.424	2.431640625	2.0361328125
25.425	1.572265625	1.513671875
25.426	1.5673828125	1.8896484375
25.427	2.412109375	2.7880859375
25.428	3.2666015625	3.30078125
25.429	3.26171875	2.900390625
25.43	2.4169921875	2.01171875
25.431	1.5576171875	1.50390625
25.432	1.572265625	1.904296875
25.433	2.4365234375	2.8076171875
25.433996	3.2763671875	3.291015625
25.434996	3.2421875	2.890625
25.435996	2.3876953125	1.9970703125
25.436996	1.552734375	1.4990234375
25.437996	1.591796875	1.9140625
25.438996	2.4609375	2.8271484375
25.439996	3.291015625	3.291015625
25.440996	3.2373046875	2.8759765625
25.441996	2.36328125	1.97265625
25.442996	1.533203125	1.50390625
25.443996	1.6015625	1.943359375
25.444996	2.490234375	2.8515625
25.445996	3.30078125	3.30078125
25.446996	3.2275390625	2.8515625
25.447996	2.32421875	1.9384765625
25.448996	1.513671875	1.5087890625
25.449996	1.611328125	1.97265625
25.450996	2.51953125	2.87109375
25.451996	3.3154296875	3.30078125
25.452996	3.1982421875	2.822265625
25.453996	2.28515625	1.9189453125
25.454996	1.5087890625	1.50390625
25.455996	1.650390625	2.001953125
25.456996	2.5634765625	2.900390625
25.457996	3.3349609375	3.30078125
25.458996	3.1689453125	2.7880859375
25.459996	2.2509765625	1.884765625
25.460996	1.4892578125	1.50390625
25.461996	1.6748046875	2.041015625
25.462996	2.6123046875	2.939453125
25.463996	3.3447265625	3.30078125
25.465	3.134765625	2.734375
25.466	2.1875	1.8505859375
25.467	1.484375	1.5234375
25.468	1.7138671875	2.0751953125
25.469	2.6513671875	2.9736328125
25.47	3.3642578125	3.2861328125
25.471	3.10546875	2.6953125
25.472	2.1337890625	1.806640625
25.473	1.4697265625	1.513671875
25.474	1.7529296875	2.1240234375
25.475	2.7197265625	3.0126953125
25.476	3.37890625	3.2666015625
25.476996	3.056640625	2.646484375
25.477996	2.0947265625	1.767578125
25.478996	1.4501953125	1.533203125
25.479996	1.7919921875	2.177734375
25.480996	2.7783203125	3.0615234375
25.481996	3.37890625	3.251953125
25.482996	3.0078125	2.587890625
25.483996	2.0263671875	1.728515625
25.484996	1.4404296875	1.552734375
25.485996	1.8505859375	2.2412109375
25.486996	2.841796875	3.095703125
25.487996	3.3935546875	3.2421875
25.488996	2.9541015625	2.5390625
25.489996	1.962890625	1.689453125
25.490996	1.4404296875	1.58203125
25.491996	1.9091796875	2.3095703125
25.492996	2.8955078125	3.1396484375
25.493996	3.3935546875	3.212890625
25.494996	2.880859375	2.4658203125
25.495996	1.8896484375	1.640625
25.496996	1.4404296875	1.6064453125
25.497996	1.9775390625	2.3828125
25.498996	2.958984375	3.173828125
25.499996	3.388671875	3.1689453125
25.500996	2.822265625	2.392578125
25.501996	1.8359375	1.6064453125
25.502996	1.435546875	1.6455078125
25.503996	2.0556640625	2.4560546875
25.504996	3.0419921875	3.203125
25.505996	3.37890625	3.1396484375
25.506996	2.734375	2.314453125
25.508	1.7529296875	1.5771484375
25.509	1.4599609375	1.689453125
25.51	2.1337890625	2.5390625
25.511	3.1005859375	3.2421875
25.512	3.359375	3.0908203125
25.513	2.646484375	2.2314453125
25.514	1.6943359375	1.54296875
25.515	1.4892578125	1.748046875
25.516	2.2265625	2.6123046875
25.517	3.1640625	3.271484375
25.518	3.3349609375	3.0322265625
25.519	2.55859375	2.1435546875
25.519996	1.640625	1.5234375
25.520996	1.5234375	1.8115234375
25.521996	2.3193359375	2.705078125
25.522996	3.2275390625	3.28125
25.523996	3.291015625	2.9638671875
25.524996	2.451171875	2.0556640625
25.525996	1.572265625	1.50390625
25.526996	1.5673828125	1.884765625
25.527996	2.4365234375	2.7880859375
25.528996	3.28125	3.291015625
25.529996	3.232421875	2.880859375
25.530996	2.3486328125	1.9677734375
25.531996	1.5185546875	1.50390625
25.532996	1.6259765625	1.962890625
25.533996	2.5439453125	2.890625
25.534996	3.3251953125	3.30078125
25.535996	3.1787109375	2.783203125
25.536996	2.2314453125	1.8798828125
25.537996	1.4892578125	1.50390625
25.538996	1.6943359375	2.0556640625
25.539996	2.65625	2.9736328125
25.540996	3.3642578125	3.291015625
25.541996	3.095703125	2.685546875
25.542996	2.1240234375	1.796875
25.543996	1.46484375	1.533203125
25.544996	1.7822265625	2.158203125
25.545996	2.7685546875	3.0517578125
25.546996	3.388671875	3.2666015625
25.547996	3.0078125	2.578125
25.548996	2.0166015625	1.7138671875
25.550008	1.4404296875	1.5673828125
25.551	1.884765625	2.28515625
25.552	2.8857421875	3.1298828125
25.553	3.3935546875	3.2275390625
25.554	2.890625	2.470703125
25.555	1.89453125	1.6455078125
25.556	1.435546875	1.611328125
25.557	1.9873046875	2.40234375
25.558	2.998046875	3.193359375
25.559	3.3837890625	3.1640625
25.56	2.7685546875	2.353515625
25.561	1.787109375	1.5869140625
25.561996	1.4599609375	1.6796875
25.562996	2.119140625	2.51953125
25.563996	3.10546875	3.2421875
25.564996	3.359375	3.0908203125
25.565996	2.6416015625	2.216796875
25.566996	1.6796875	1.54296875
25.567996	1.4892578125	1.748046875
25.568996	2.2607421875	2.6513671875
25.569996	3.193359375	3.2861328125
25.570996	3.3056640625	2.9931640625
25.571996	2.5	2.0947265625
25.572996	1.6064453125	1.513671875
25.573996	1.5478515625	1.8603515625
25.574996	2.412109375	2.7783203125
25.575996	3.2763671875	3.3056640625
25.576996	3.232421875	2.880859375
25.577996	2.3486328125	1.97265625
25.578996	1.533203125	1.4990234375
25.579996	1.62109375	1.9677734375
25.580996	2.5634765625	2.900390625
25.581996	3.33984375	3.30078125
25.582996	3.1494140625	2.763671875
25.583996	2.1923828125	1.8505859375
25.584996	1.474609375	1.5087890625
25.585996	1.7333984375	2.109375
25.586996	2.71484375	3.0078125
25.587996	3.3740234375	3.2763671875
25.588996	3.037109375	2.626953125
25.589996	2.05078125	1.748046875
25.590996	1.4453125	1.54296875
25.591996	1.8603515625	2.255859375
25.593	2.8662109375	3.1201171875
25.594	3.3984375	3.2275390625
25.595	2.9052734375	2.48046875
25.596	1.89453125	1.650390625
25.597	1.4404296875	1.611328125
25.598	2.001953125	2.3974609375
25.599	2.998046875	3.203125
25.6	3.37890625	3.154296875
25.601	2.75390625	2.3193359375
25.602	1.7626953125	1.572265625
25.603	1.4599609375	1.69921875
25.604	2.1728515625	2.5634765625
25.604996	3.1298828125	3.26171875
25.605996	3.33984375	3.056640625
25.606996	2.578125	2.158203125
25.607996	1.6455078125	1.5234375
25.608996	1.513671875	1.806640625
25.609996	2.34375	2.724609375
25.610996	3.2470703125	3.2958984375
25.611996	3.2666015625	2.9248046875
25.612996	2.3974609375	2.001953125
25.613996	1.54296875	1.4892578125
25.614996	1.6064453125	1.9482421875
25.615996	2.529296875	2.87109375
25.616996	3.3251953125	3.30078125
25.617996	3.1689453125	2.783203125
25.618996	2.216796875	1.865234375
25.619996	1.46484375	1.513671875
25.620996	1.728515625	2.0947265625
25.621996	2.7099609375	3.0126953125
25.622996	3.3642578125	3.2763671875
25.623996	3.02734375	2.6220703125
25.624996	2.0263671875	1.7333984375
25.625996	1.4453125	1.552734375
25.626996	1.884765625	2.275390625
25.627996	2.890625	3.134765625
25.628996	3.3984375	3.22265625
25.629996	2.87109375	2.4462890625
25.630996	1.8603515625	1.62109375
25.631996	1.4453125	1.6357421875
25.632996	2.060546875	2.4609375
25.633996	3.0517578125	3.22265625
25.634996	3.369140625	3.125
25.636	2.6708984375	2.2509765625
25.637	1.708984375	1.5478515625
25.638	1.484375	1.748046875
25.639	2.24609375	2.6416015625
25.64	3.1884765625	3.2861328125
25.641	3.310546875	2.9931640625
25.642	2.48046875	2.0751953125
25.643	1.5771484375	1.494140625
25.644	1.572265625	1.8896484375
25.645	2.4560546875	2.8173828125
25.646	3.30078125	3.3056640625
25.647	3.1982421875	2.8271484375
25.647996	2.2705078125	1.9091796875
25.648996	1.494140625	1.5087890625
25.649996	1.6943359375	2.060546875
25.650996	2.6708984375	2.98828125
25.651996	3.3642578125	3.28125
25.652996	3.0517578125	2.6513671875
25.653996	2.0458984375	1.7529296875
25.654996	1.4453125	1.552734375
25.655996	1.865234375	2.2509765625
25.656996	2.87109375	3.1201171875
25.657996	3.3935546875	3.22265625
25.658996	2.8759765625	2.4462890625
25.659996	1.8505859375	1.6259765625
25.660996	1.4404296875	1.630859375
25.661996	2.060546875	2.4560546875
25.662996	3.06640625	3.22265625
25.663996	3.369140625	3.10546875
25.664996	2.666015625	2.2412109375
25.665996	1.6845703125	1.533203125
25.666996	1.494140625	1.767578125
25.667996	2.2802734375	2.6708984375
25.668996	3.2177734375	3.28125
25.669996	3.291015625	2.9638671875
25.670996	2.431640625	2.03125
25.671996	1.552734375	1.5087890625
25.672996	1.5966796875	1.93359375
25.673996	2.5244140625	2.8662109375
25.674996	3.330078125	3.3056640625
25.675996	3.1640625	2.7734375
25.676996	2.1923828125	1.8408203125
25.678008	1.4697265625	1.5087890625
25.679	1.7529296875	2.138671875
25.68	2.7587890625	3.0419921875
25.681	3.3837890625	3.271484375
25.682	2.9833984375	2.55859375
25.683	1.9677734375	1.6943359375
25.684	1.435546875	1.5771484375
25.685	1.9580078125	2.353515625
25.686	2.9736328125	3.1689453125
25.687	3.3837890625	3.1689453125
25.688	2.763671875	2.3388671875
25.689	1.7626953125	1.5771484375
25.689996	1.46484375	1.7041015625
25.690996	2.1923828125	2.587890625
25.691996	3.1494140625	3.2763671875
25.692996	3.3251953125	3.0224609375
25.693996	2.51953125	2.1044921875
25.694996	1.591796875	1.513671875
25.695996	1.5625	1.865234375
25.696996	2.4462890625	2.802734375
25.697996	3.291015625	3.3056640625
25.698996	3.193359375	2.8271484375
25.699996	2.2509765625	1.89453125
25.700996	1.484375	1.513671875
25.701996	1.71875	2.0703125
25.702996	2.7001953125	2.998046875
25.703996	3.37890625	3.2763671875
25.704996	3.017578125	2.607421875
25.705996	2.001953125	1.71875
25.706996	1.4306640625	1.572265625
25.707996	1.9287109375	2.3193359375
25.708996	2.9443359375	3.1640625
25.709996	3.3935546875	3.1884765625
25.710996	2.7783203125	2.36328125
25.711996	1.7822265625	1.58203125
25.712996	1.46484375	1.689453125
25.713996	2.177734375	2.587890625
25.714996	3.1494140625	3.2763671875
25.715996	3.3251953125	3.02734375
25.716996	2.509765625	2.109375
25.717996	1.591796875	1.513671875
25.718996	1.5673828125	1.8701171875
25.719996	2.451171875	2.8125
25.721	3.3056640625	3.3056640625
25.722	3.1884765625	2.822265625
25.723	2.236328125	1.884765625
25.724	1.484375	1.513671875
25.725	1.7333984375	2.099609375
25.726	2.7197265625	3.0126953125
25.727	3.37890625	3.2666015625
25.728	2.98828125	2.5830078125
25.729	1.97265625	1.6845703125
25.73	1.4404296875	1.5771484375
25.731	1.962890625	2.353515625
25.732	2.9736328125	3.1884765625
25.732996	3.3837890625	3.1591796875
25.733996	2.7392578125	2.3193359375
25.734996	1.7431640625	1.5576171875
25.735996	1.474609375	1.7236328125
25.736996	2.2412109375	2.6220703125
25.737996	3.1884765625	3.2861328125
25.738996	3.3056640625	2.98828125
25.739996	2.451171875	2.0556640625
25.740996	1.5478515625	1.50390625
25.741996	1.5966796875	1.93359375
25.742996	2.5341796875	2.87109375
25.743996	3.33984375	3.3056640625
25.744996	3.134765625	2.7490234375
25.745996	2.1484375	1.81640625
25.746996	1.455078125	1.5234375
25.747996	1.806640625	2.177734375
25.748996	2.8271484375	3.0859375
25.749996	3.3935546875	3.2421875
25.750996	2.8955078125	2.48046875
25.751996	1.8701171875	1.6357421875
25.752996	1.4453125	1.6259765625
25.753996	2.0751953125	2.470703125
25.754996	3.0712890625	3.232421875
25.755996	3.3544921875	3.095703125
25.756996	2.6123046875	2.2021484375
25.757996	1.6552734375	1.533203125
25.758996	1.5234375	1.806640625
25.759996	2.3828125	2.7490234375
25.760996	3.26171875	3.3056640625
25.761996	3.2275390625	2.8759765625
25.762996	2.294921875	1.9287109375
25.764	1.494140625	1.4990234375
25.765	1.6943359375	2.060546875
25.766	2.6953125	2.98828125
25.767	3.37890625	3.28125
25.768	3.0126953125	2.607421875
25.769	1.9873046875	1.7041015625
25.77	1.435546875	1.572265625
25.771	1.953125	2.3486328125
25.772	2.9833984375	3.1884765625
25.773	3.3837890625	3.1640625
25.774	2.7197265625	2.2998046875
25.775	1.728515625	1.5576171875
25.775996	1.484375	1.73828125
25.776996	2.2607421875	2.6513671875
25.777996	3.203125	3.291015625
25.778996	3.2861328125	2.958984375
25.779996	2.3974609375	2.021484375
25.780996	1.533203125	1.494140625
25.781996	1.640625	1.9677734375
25.782996	2.59765625	2.919921875
25.783996	3.3544921875	3.30078125
25.784996	3.0810546875	2.685546875
25.785996	2.0703125	1.7626953125
25.786996	1.4501953125	1.5380859375
25.787996	1.875	2.265625
25.788996	2.9052734375	3.14453125
25.789996	3.3935546875	3.1982421875
25.790996	2.7978515625	2.3779296875
25.791996	1.77734375	1.5771484375
25.792996	1.4697265625	1.6845703125
25.793996	2.1923828125	2.587890625
25.794996	3.173828125	3.2763671875
25.795996	3.3154296875	3.0078125
25.796996	2.470703125	2.0654296875
25.797996	1.552734375	1.4990234375
25.798996	1.6064453125	1.9287109375
25.799996	2.5439453125	2.8857421875
25.800996	3.33984375	3.3056640625
25.801996	3.1201171875	2.7294921875
25.802996	2.1240234375	1.787109375
25.803996	1.4404296875	1.5283203125
25.804996	1.8505859375	2.2314453125
25.806008	2.8857421875	3.1298828125
25.807	3.3935546875	3.2080078125
25.808	2.8369140625	2.4072265625
25.809	1.806640625	1.5966796875
25.81	1.4599609375	1.6748046875
25.811	2.16796875	2.5634765625
25.812	3.1591796875	3.271484375
25.813	3.3154296875	3.0224609375
25.814	2.48046875	2.0849609375
25.815	1.5771484375	1.50390625
25.816	1.5966796875	1.9189453125
25.817	2.5390625	2.87109375
25.817996	3.330078125	3.3056640625
25.818996	3.1201171875	2.744140625
25.819996	2.1240234375	1.796875
25.820996	1.4501953125	1.533203125
25.821996	1.845703125	2.2265625
25.822996	2.8857421875	3.1201171875
25.823996	3.3984375	3.2177734375
25.824996	2.8173828125	2.4072265625
25.825996	1.8017578125	1.5966796875
25.826996	1.4599609375	1.6845703125
25.827996	2.1875	2.5732421875
25.828996	3.173828125	3.2763671875
25.829996	3.3154296875	3.0078125
25.830996	2.4609375	2.0654296875
25.831996	1.5576171875	1.494140625
25.832996	1.6064453125	1.93359375
25.833996	2.568359375	2.8955078125
25.834996	3.349609375	3.291015625
25.835996	3.0908203125	2.7099609375
25.836996	2.08984375	1.7626953125
25.837996	1.4453125	1.54296875
25.838996	1.8896484375	2.275390625
25.839996	2.919921875	3.1494140625
25.840996	3.3837890625	3.193359375
25.841996	2.7783203125	2.353515625
25.842996	1.748046875	1.5673828125
25.843996	1.474609375	1.7138671875
25.844996	2.24609375	2.626953125
25.845996	3.1982421875	3.28125
25.846996	3.2861328125	2.9638671875
25.847996	2.3876953125	2.0068359375
25.849	1.513671875	1.494140625
25.85	1.66015625	2.0068359375
25.851	2.6416015625	2.9541015625
25.852	3.359375	3.2861328125
25.853	3.037109375	2.63671875
25.854	2.01171875	1.7138671875
25.855	1.4404296875	1.572265625
25.856	1.962890625	2.3583984375
25.857	2.998046875	3.1982421875
25.858	3.3740234375	3.1494140625
25.859	2.6806640625	2.2705078125
25.86	1.6845703125	1.5380859375
25.860996	1.50390625	1.7724609375
25.861996	2.34375	2.724609375
25.862996	3.2568359375	3.3056640625
25.863996	3.22265625	2.880859375
25.864996	2.28515625	1.9189453125
25.865996	1.4892578125	1.4990234375
25.866996	1.728515625	2.0947265625
25.867996	2.75390625	3.0322265625
25.868996	3.3935546875	3.26171875
25.869996	2.9345703125	2.529296875
25.870996	1.8994140625	1.640625
25.871996	1.4404296875	1.6162109375
25.872996	2.080078125	2.4658203125
25.873996	3.0908203125	3.2470703125
25.874996	3.33984375	3.076171875
25.875996	2.5439453125	2.1435546875
25.876996	1.6064453125	1.513671875
25.877996	1.572265625	1.8798828125
25.878996	2.5	2.841796875
25.879996	3.330078125	3.310546875
25.880996	3.134765625	2.7587890625
25.881996	2.12890625	1.806640625
25.882996	1.4501953125	1.5185546875
25.883996	1.85546875	2.2314453125
25.884996	2.900390625	3.1298828125
25.885996	3.388671875	3.2080078125
25.886996	2.79296875	2.3779296875
25.887996	1.7626953125	1.572265625
25.888996	1.46484375	1.7041015625
25.889996	2.2509765625	2.63671875
25.890996	3.2177734375	3.2958984375
25.892	3.271484375	2.939453125
25.893	2.3681640625	1.9873046875
25.894	1.5087890625	1.4892578125
25.895	1.6748046875	2.03125
25.896	2.6806640625	2.98828125
25.897	3.3837890625	3.28125
25.898	2.9931640625	2.587890625
25.899	1.9482421875	1.6845703125
25.9	1.4306640625	1.5869140625
25.901	2.0361328125	2.4267578125
25.902	3.0712890625	3.232421875
25.903	3.3544921875	3.095703125
25.903996	2.5830078125	2.177734375
25.904996	1.630859375	1.513671875
25.905996	1.5576171875	1.845703125
25.906996	2.470703125	2.8173828125
25.907996	3.310546875	3.310546875
25.908996	3.1494140625	2.7783203125
25.909996	2.1484375	1.81640625
25.910996	1.455078125	1.5185546875
25.911996	1.8505859375	2.2314453125
25.912996	2.8955078125	3.134765625
25.913996	3.3935546875	3.1982421875
25.914996	2.7880859375	2.3681640625
25.915996	1.7578125	1.5625
25.916996	1.4794921875	1.71875
25.917996	2.2705078125	2.6513671875
25.918996	3.22265625	3.2958984375
25.919996	3.2568359375	2.9296875
25.920996	2.3388671875	1.962890625
25.921996	1.50390625	1.494140625
25.922996	1.7041015625	2.0556640625
25.923996	2.7294921875	3.017578125
25.924996	3.37890625	3.271484375
25.925996	2.939453125	2.5390625
25.926996	1.904296875	1.6552734375
25.927996	1.4404296875	1.6162109375
25.928996	2.0947265625	2.4755859375
25.929996	3.115234375	3.2568359375
25.930996	3.3349609375	3.056640625
25.931996	2.5048828125	2.1142578125
25.932996	1.58203125	1.4990234375
25.934008	1.611328125	1.923828125
25.935	2.5634765625	2.8955078125
25.936	3.3447265625	3.2958984375
25.937	3.0712890625	2.6806640625
25.938	2.05078125	1.748046875
25.939	1.435546875	1.5478515625
25.94	1.9384765625	2.34375
25.941	2.98828125	3.1982421875
25.942	3.3740234375	3.1494140625
25.943	2.666015625	2.255859375
25.944	1.6650390625	1.533203125
25.945	1.5234375	1.806640625
25.945996	2.392578125	2.7685546875
25.946996	3.30078125	3.3154296875
25.947996	3.1787109375	2.822265625
25.948996	2.1826171875	1.8505859375
25.949996	1.455078125	1.5185546875
25.950996	1.826171875	2.2021484375
25.951996	2.861328125	3.1201171875
25.952996	3.3935546875	3.2177734375
25.953996	2.7978515625	2.3779296875
25.954996	1.767578125	1.572265625
25.955996	1.4794921875	1.708984375
25.956996	2.265625	2.6416015625
25.957996	3.22265625	3.30078125
25.958996	3.2568359375	2.9296875
25.959996	2.3193359375	1.9384765625
25.960996	1.4990234375	1.50390625
25.961996	1.728515625	2.0947265625
25.962996	2.7587890625	3.037109375
25.963996	3.3935546875	3.2666015625
25.964996	2.9052734375	2.5
25.965996	1.85546875	1.62109375
25.966996	1.4453125	1.650390625
25.967996	2.1484375	2.5390625
25.968996	3.1494140625	3.271484375
25.969996	3.3056640625	2.998046875
25.970996	2.4267578125	2.041015625
25.971996	1.5283203125	1.494140625
25.972996	1.650390625	1.9921875
25.973996	2.6513671875	2.9638671875
25.974996	3.3740234375	3.2861328125
25.975996	2.998046875	2.5927734375
25.977	1.93359375	1.6748046875
25.978	1.435546875	1.6064453125
25.979	2.060546875	2.451171875
25.98	3.095703125	3.2470703125
25.981	3.3447265625	3.0712890625
25.982	2.529296875	2.119140625
25.983	1.58203125	1.50390625
25.984	1.6015625	1.923828125
25.985	2.568359375	2.900390625
25.986	3.3544921875	3.310546875
25.987	3.0517578125	2.6708984375
25.988	2.01171875	1.7236328125
25.988996	1.435546875	1.5673828125
25.989996	1.982421875	2.3779296875
25.990996	3.0419921875	3.2080078125
25.991996	3.369140625	3.115234375
25.992996	2.5927734375	2.197265625
25.993996	1.611328125	1.5087890625
25.994996	1.5576171875	1.865234375
25.995996	2.4951171875	2.8466796875
25.996996	3.3251953125	3.310546875
25.997996	3.1005859375	2.7294921875
25.998996	2.0751953125	1.7626953125
25.999996	1.435546875	1.54296875
26.000996	1.93359375	2.3095703125
26.001996	2.9833984375	3.18359375
26.002996	3.3740234375	3.1494140625
26.003996	2.6611328125	2.24609375
26.004996	1.650390625	1.5234375
26.005996	1.5380859375	1.81640625
26.006996	2.4462890625	2.802734375
26.007996	3.3203125	3.310546875
26.008996	3.1396484375	2.7734375
26.009996	2.12890625	1.8017578125
26.010996	1.4404296875	1.533203125
26.011996	1.89453125	2.2802734375
26.012996	2.94921875	3.1591796875
26.013996	3.388671875	3.1689453125
26.014996	2.6904296875	2.28515625
26.015996	1.6748046875	1.533203125
26.016996	1.513671875	1.7919921875
26.017996	2.412109375	2.7685546875
26.018996	3.30078125	3.3154296875
26.02	3.1591796875	2.79296875
26.021	2.158203125	1.826171875
26.022	1.4453125	1.513671875
26.023	1.865234375	2.2509765625
26.024	2.9345703125	3.154296875
26.025	3.3837890625	3.1787109375
26.026	2.71484375	2.2998046875
26.027	1.6943359375	1.5380859375
26.028	1.5087890625	1.7919921875
26.029	2.3876953125	2.75390625
26.03	3.291015625	3.310546875
26.031	3.1787109375	2.8125
26.031996	2.158203125	1.8359375
26.032996	1.4501953125	1.5234375
26.033996	1.8603515625	2.2412109375
26.034996	2.9248046875	3.14453125
26.035996	3.388671875	3.193359375
26.036996	2.71484375	2.3095703125
26.037996	1.6943359375	1.54296875
26.038996	1.513671875	1.7822265625
26.039996	2.3876953125	2.7587890625
26.040996	3.30078125	3.310546875
26.041996	3.1640625	2.8076171875
26.042996	2.16796875	1.826171875
26.043996	1.455078125	1.5234375
26.044996	1.875	2.2412109375
26.045996	2.9345703125	3.154296875
26.046996	3.388671875	3.18359375
26.047996	2.705078125	2.2900390625
26.048996	1.6796875	1.5234375
26.049996	1.5185546875	1.7919921875
26.050996	2.412109375	2.7734375
26.051996	3.3056640625	3.3154296875
26.052996	3.1494140625	2.7880859375
26.053996	2.1337890625	1.81640625
26.054996	1.4501953125	1.533203125
26.055996	1.89453125	2.265625
26.056996	2.958984375	3.1787109375
26.057996	3.388671875	3.1591796875
26.058996	2.666015625	2.2607421875
26.059996	1.66015625	1.5283203125
26.060996	1.5283203125	1.81640625
26.062008	2.4609375	2.8076171875
26.063	3.3203125	3.3056640625
26.064	3.1298828125	2.7490234375
26.065	2.08984375	1.77734375
26.066	1.4306640625	1.5380859375
26.067	1.9384765625	2.314453125
26.068	2.98828125	3.193359375
26.069	3.3740234375	3.1396484375
26.07	2.626953125	2.2119140625
26.071	1.630859375	1.513671875
26.072	1.5576171875	1.875
26.073	2.509765625	2.8466796875
26.073996	3.3447265625	3.310546875
26.074996	3.0859375	2.7001953125
26.075996	2.03125	1.7431640625
26.076996	1.435546875	1.5576171875
26.077996	1.9921875	2.3779296875
26.078996	3.0419921875	3.2275390625
26.079996	3.359375	3.1005859375
26.080996	2.55859375	2.1484375
26.081996	1.5869140625	1.494140625
26.082996	1.6064453125	1.9091796875
26.083996	2.5830078125	2.9052734375
26.084996	3.369140625	3.30078125
26.085996	3.0322265625	2.6318359375
26.086996	1.9677734375	1.6845703125
26.087996	1.4404296875	1.591796875
26.088996	2.0703125	2.451171875
26.089996	3.10546875	3.251953125
26.090996	3.3203125	3.0517578125
26.091996	2.4755859375	2.0751953125
26.092996	1.54296875	1.4892578125
26.093996	1.6552734375	1.9921875
26.094996	2.6708984375	2.9736328125
26.095996	3.37890625	3.2763671875
26.096996	2.9443359375	2.5537109375
26.097996	1.884765625	1.640625
26.098996	1.4501953125	1.640625
26.099996	2.1630859375	2.5439453125
26.100996	3.173828125	3.28125
26.101996	3.28125	2.9833984375
26.102996	2.3583984375	1.9921875
26.103996	1.4990234375	1.4990234375
26.105	1.7333984375	2.08984375
26.106	2.7783203125	3.0517578125
26.107	3.3984375	3.251953125
26.108	2.8515625	2.4365234375
26.109	1.787109375	1.58203125
26.11	1.474609375	1.7041015625
26.111	2.2802734375	2.666015625
26.112	3.2470703125	3.310546875
26.113	3.22265625	2.8857421875
26.114	2.2412109375	1.8896484375
26.115	1.4697265625	1.50390625
26.116	1.8212890625	2.1923828125
26.116996	2.8857421875	3.134765625
26.117996	3.388671875	3.203125
26.118996	2.734375	2.3193359375
26.119996	1.6943359375	1.54296875
26.120996	1.513671875	1.7919921875
26.121996	2.412109375	2.7685546875
26.122996	3.3056640625	3.3154296875
26.123996	3.134765625	2.763671875
26.124996	2.1044921875	1.787109375
26.125996	1.435546875	1.533203125
26.126996	1.943359375	2.314453125
26.127996	3.0078125	3.203125
26.128996	3.369140625	3.1298828125
26.129996	2.5830078125	2.1826171875
26.130996	1.6015625	1.5087890625
26.131996	1.58203125	1.89453125
26.132996	2.5732421875	2.8955078125
26.133996	3.3642578125	3.30078125
26.134996	3.0224609375	2.63671875
26.135996	1.962890625	1.6845703125
26.136996	1.4453125	1.5966796875
26.137996	2.08984375	2.4658203125
26.138996	3.134765625	3.2568359375
26.139996	3.310546875	3.0224609375
26.140996	2.421875	2.0361328125
26.141996	1.513671875	1.494140625
26.142996	1.6943359375	2.041015625
26.143996	2.7294921875	3.0224609375
26.144996	3.37890625	3.271484375
26.145996	2.880859375	2.470703125
26.146996	1.8017578125	1.5869140625
26.148	1.46484375	1.6943359375
26.149	2.2705078125	2.6318359375
26.15	3.2421875	3.30078125
26.151	3.232421875	2.890625
26.152	2.236328125	1.884765625
26.153	1.4599609375	1.5087890625
26.154	1.8310546875	2.2021484375
26.155	2.9052734375	3.134765625
26.156	3.388671875	3.1884765625
26.157	2.7001953125	2.294921875
26.158	1.669921875	1.5283203125
26.159	1.5380859375	1.806640625
26.159996	2.4658203125	2.8076171875
26.160996	3.3251953125	3.3154296875
26.161996	3.095703125	2.724609375
26.162996	2.041015625	1.7431640625
26.163996	1.4404296875	1.5673828125
26.164996	2.01171875	2.392578125
26.165996	3.06640625	3.232421875
26.166996	3.3447265625	3.0712890625
26.167996	2.4951171875	2.099609375
26.168996	1.5576171875	1.494140625
26.169996	1.6552734375	1.982421875
26.170996	2.685546875	2.978515625
26.171996	3.3837890625	3.28125
26.172996	2.9296875	2.51953125
26.173996	1.845703125	1.62109375
26.174996	1.455078125	1.6552734375
26.175996	2.2265625	2.6025390625
26.176996	3.22265625	3.291015625
26.177996	3.2421875	2.9150390625
26.178996	2.2607421875	1.904296875
26.179996	1.4697265625	1.50390625
26.180996	1.8115234375	2.1826171875
26.181996	2.890625	3.1298828125
26.182996	3.388671875	3.1884765625
26.183996	2.7099609375	2.2998046875
26.184996	1.669921875	1.5234375
26.185996	1.533203125	1.81640625
26.186996	2.470703125	2.8173828125
26.187996	3.3349609375	3.310546875
26.188996	3.0859375	2.7001953125
26.190008	2.0166015625	1.71875
26.191	1.42578125	1.5771484375
26.192	2.03125	2.421875
26.193	3.0908203125	3.251953125
26.194	3.330078125	3.056640625
26.195	2.4609375	2.0703125
26.196	1.533203125	1.494140625
26.197	1.6748046875	2.021484375
26.198	2.7197265625	3.0078125
26.199	3.3837890625	3.2666015625
26.2	2.8759765625	2.4658203125
26.201	1.8017578125	1.5966796875
26.201996	1.4697265625	1.6943359375
26.202996	2.2900390625	2.666015625
26.203996	3.26171875	3.3056640625
26.204996	3.203125	2.8515625
26.205996	2.1826171875	1.8359375
26.206996	1.4501953125	1.5185546875
26.207996	1.8896484375	2.2607421875
26.208996	2.96875	3.18359375
26.209996	3.3740234375	3.154296875
26.210996	2.6171875	2.2119140625
26.211996	1.611328125	1.50390625
26.212996	1.591796875	1.8896484375
26.213996	2.578125	2.9052734375
26.214996	3.359375	3.3056640625
26.215996	2.9931640625	2.6025390625
26.216996	1.9140625	1.6552734375
26.217996	1.4404296875	1.62109375
26.218996	2.1533203125	2.5439453125
26.219996	3.18359375	3.2861328125
26.220996	3.271484375	2.9541015625
26.221996	2.314453125	1.943359375
26.222996	1.4697265625	1.494140625
26.223996	1.7919921875	2.1435546875
26.224996	2.8662109375	3.1201171875
26.225996	3.3935546875	3.1982421875
26.226996	2.724609375	2.3095703125
26.227996	1.6748046875	1.5283203125
26.228996	1.5380859375	1.8115234375
26.229996	2.470703125	2.822265625
26.230996	3.3349609375	3.3154296875
26.231996	3.076171875	2.7001953125
26.233	2.001953125	1.71875
26.234	1.435546875	1.58203125
26.235	2.060546875	2.451171875
26.236	3.1201171875	3.26171875
26.237	3.310546875	3.0322265625
26.238	2.3974609375	2.0263671875
26.239	1.5087890625	1.4892578125
26.24	1.71875	2.0703125
26.241	2.7880859375	3.0615234375
26.242	3.3984375	3.2421875
26.243	2.7978515625	2.3828125
26.244	1.7333984375	1.5576171875
26.244996	1.50390625	1.7578125
26.245996	2.3974609375	2.75390625
26.246996	3.310546875	3.310546875
26.247996	3.125	2.7587890625
26.248996	2.0654296875	1.7626953125
26.249996	1.4404296875	1.552734375
26.250996	2.01171875	2.3876953125
26.251996	3.0859375	3.2470703125
26.252996	3.3349609375	3.056640625
26.253996	2.4560546875	2.0703125
26.254996	1.5283203125	1.4892578125
26.255996	1.69921875	2.0361328125
26.256996	2.744140625	3.0322265625
26.257996	3.3935546875	3.2568359375
26.258996	2.83203125	2.421875
26.259996	1.7626953125	1.5625
26.260996	1.4892578125	1.7333984375
26.261996	2.36328125	2.7197265625
26.262996	3.3056640625	3.3203125
26.263996	3.1494140625	2.783203125
26.264996	2.0947265625	1.77734375
26.265996	1.4404296875	1.54296875
26.266996	1.9873046875	2.36328125
26.267996	3.0615234375	3.2275390625
26.268996	3.3349609375	3.0712890625
26.269996	2.4658203125	2.0751953125
26.270996	1.5283203125	1.4892578125
26.271996	1.6845703125	2.0263671875
26.272996	2.7392578125	3.02734375
26.273996	3.3935546875	3.2568359375
26.274996	2.83203125	2.4365234375
26.276	1.7578125	1.5576171875
26.277	1.4892578125	1.7333984375
26.278	2.3681640625	2.7294921875
26.279	3.2958984375	3.3203125
26.28	3.134765625	2.7685546875
26.281	2.0849609375	1.7626953125
26.282	1.435546875	1.552734375
26.283	2.001953125	2.3876953125
26.284	3.0859375	3.2373046875
26.285	3.3349609375	3.056640625
26.286	2.44140625	2.060546875
26.287	1.5185546875	1.494140625
26.287996	1.708984375	2.041015625
26.288996	2.7734375	3.0517578125
26.289996	3.388671875	3.251953125
26.290996	2.8076171875	2.40234375
26.291996	1.7333984375	1.552734375
26.292996	1.50390625	1.767578125
26.293996	2.4072265625	2.7734375
26.294996	3.3203125	3.3203125
26.295996	3.1103515625	2.734375
26.296996	2.03125	1.73828125
26.297996	1.435546875	1.5673828125
26.298996	2.0556640625	2.431640625
26.299996	3.125	3.2666015625
26.300996	3.310546875	3.0126953125
26.301996	2.3828125	2.0068359375
26.302996	1.50390625	1.4892578125
26.303996	1.748046875	2.1142578125
26.304996	2.8271484375	3.095703125
26.305996	3.3984375	3.22265625
26.306996	2.734375	2.333984375
26.307996	1.6748046875	1.533203125
26.308996	1.54296875	1.81640625
26.309996	2.4951171875	2.841796875
26.310996	3.33984375	3.310546875
26.311996	3.037109375	2.6611328125
26.312996	1.9580078125	1.6845703125
26.313996	1.4404296875	1.5966796875
26.314996	2.1484375	2.5244140625
26.315996	3.1884765625	3.291015625
26.316996	3.271484375	2.94921875
26.318008	2.2705078125	1.9140625
26.319	1.4697265625	1.4990234375
26.32	1.8310546875	2.197265625
26.321	2.9345703125	3.1591796875
26.322	3.3837890625	3.1689453125
26.323	2.626953125	2.2314453125
26.324	1.611328125	1.50390625
26.325	1.5966796875	1.8994140625
26.326	2.607421875	2.9296875
26.327	3.3837890625	3.291015625
26.328	2.9443359375	2.5390625
26.329	1.8408203125	1.6162109375
26.329996	1.46484375	1.6650390625
26.330996	2.265625	2.646484375
26.331996	3.26171875	3.310546875
26.332996	3.18359375	2.841796875
26.333996	2.1533203125	1.81640625
26.334996	1.4453125	1.5234375
26.335996	1.953125	2.3291015625
26.336996	3.0517578125	3.2275390625
26.337996	3.3447265625	3.0810546875
26.338996	2.470703125	2.0849609375
26.339996	1.533203125	1.4892578125
26.340996	1.689453125	2.03125
26.341996	2.7685546875	3.046875
26.342996	3.3935546875	3.2470703125
26.343996	2.7978515625	2.3974609375
26.344996	1.71875	1.5380859375
26.345996	1.5234375	1.7724609375
26.346996	2.4462890625	2.7880859375
26.347996	3.3349609375	3.3154296875
26.348996	3.076171875	2.685546875
26.349996	1.982421875	1.6943359375
26.350996	1.435546875	1.591796875
26.351996	2.1240234375	2.5048828125
26.352996	3.1787109375	3.291015625
26.353996	3.271484375	2.958984375
26.354996	2.294921875	1.93359375
26.355996	1.46484375	1.4990234375
26.356996	1.8408203125	2.197265625
26.357996	2.939453125	3.1591796875
26.358996	3.388671875	3.154296875
26.359996	2.607421875	2.20703125
26.361	1.5966796875	1.4990234375
26.362	1.62109375	1.9287109375
26.363	2.65625	2.9638671875
26.364	3.388671875	3.28125
26.365	2.900390625	2.5
26.366	1.806640625	1.591796875
26.367	1.4794921875	1.7138671875
26.368	2.3291015625	2.7099609375
26.369	3.2958984375	3.330078125
26.37	3.1396484375	2.7783203125
26.371	2.0703125	1.7626953125
26.372	1.435546875	1.5625
26.372996	2.0361328125	2.421875
26.373996	3.1201171875	3.2666015625
26.374996	3.3056640625	3.017578125
26.375996	2.373046875	1.9970703125
26.376996	1.4892578125	1.4892578125
26.377996	1.7822265625	2.138671875
26.378996	2.8759765625	3.125
26.379996	3.3837890625	3.1884765625
26.380996	2.6708984375	2.265625
26.381996	1.6259765625	1.5087890625
26.382996	1.5869140625	1.8798828125
26.383996	2.5927734375	2.919921875
26.384996	3.37890625	3.291015625
26.385996	2.939453125	2.5439453125
26.386996	1.8359375	1.6162109375
26.387996	1.4697265625	1.6796875
26.388996	2.2998046875	2.67578125
26.389996	3.28125	3.3154296875
26.390996	3.1640625	2.8125
26.391996	2.1044921875	1.787109375
26.392996	1.4404296875	1.5478515625
26.393996	2.0166015625	2.3974609375
26.394996	3.10546875	3.2568359375
26.395996	3.310546875	3.0322265625
26.396996	2.3779296875	2.001953125
26.397996	1.4892578125	1.4892578125
26.398996	1.767578125	2.12890625
26.399996	2.8759765625	3.1201171875
26.400996	3.388671875	3.1884765625
26.401996	2.666015625	2.265625
26.402996	1.6259765625	1.50390625
26.404	1.591796875	1.89453125
26.405	2.607421875	2.9296875
26.406	3.3837890625	3.2958984375
26.407	2.939453125	2.529296875
26.408	1.826171875	1.6015625
26.409	1.474609375	1.6845703125
26.41	2.3193359375	2.6904296875
26.411	3.291015625	3.3154296875
26.412	3.1396484375	2.783203125
26.413	2.0654296875	1.7578125
26.414	1.4453125	1.5576171875
26.415	2.05078125	2.431640625
26.415996	3.134765625	3.2666015625
26.416996	3.2958984375	2.998046875
26.417996	2.32421875	1.962890625
26.418996	1.474609375	1.4990234375
26.419996	1.8212890625	2.177734375
26.420996	2.919921875	3.154296875
26.421996	3.3740234375	3.1689453125
26.422996	2.607421875	2.197265625
26.423996	1.58203125	1.4990234375
26.424996	1.6357421875	1.953125
26.425996	2.6806640625	2.978515625
26.426996	3.3935546875	3.271484375
26.427996	2.8564453125	2.4560546875
26.428996	1.7578125	1.5625
26.429996	1.4990234375	1.7431640625
26.430996	2.421875	2.7685546875
26.431996	3.330078125	3.3251953125
26.432996	3.0712890625	2.7001953125
26.433996	1.9677734375	1.69921875
26.434996	1.435546875	1.6064453125
26.435996	2.1533203125	2.5390625
26.436996	3.2080078125	3.2958984375
26.437996	3.2421875	2.919921875
26.438996	2.216796875	1.875
26.439996	1.4501953125	1.513671875
26.440996	1.9189453125	2.2998046875
26.441996	3.0322265625	3.212890625
26.442996	3.33984375	3.1005859375
26.443996	2.470703125	2.0849609375
26.444996	1.5234375	1.484375
26.446008	1.7236328125	2.0703125
26.447	2.8271484375	3.0908203125
26.448	3.3935546875	3.2275390625
26.449	2.7197265625	2.3095703125
26.45	1.6552734375	1.5185546875
26.451	1.5771484375	1.8603515625
26.452	2.568359375	2.919921875
26.453	3.3740234375	3.3056640625
26.454	2.9345703125	2.5390625
26.455	1.826171875	1.6015625
26.456	1.4794921875	1.6943359375
26.457	2.333984375	2.7001953125
26.457996	3.30078125	3.3154296875
26.458996	3.1298828125	2.7587890625
26.459996	2.041015625	1.73828125
26.460996	1.4306640625	1.5625
26.461996	2.08984375	2.4658203125
26.462996	3.1640625	3.2861328125
26.463996	3.271484375	2.9541015625
26.464996	2.275390625	1.9091796875
26.465996	1.455078125	1.494140625
26.466996	1.884765625	2.2509765625
26.467996	2.998046875	3.193359375
26.468996	3.3544921875	3.115234375
26.469996	2.509765625	2.119140625
26.470996	1.5283203125	1.484375
26.471996	1.69921875	2.0361328125
26.472996	2.7880859375	3.06640625
26.473996	3.3935546875	3.232421875
26.474996	2.724609375	2.32421875
26.475996	1.6552734375	1.5185546875
26.476996	1.5625	1.8505859375
26.477996	2.568359375	2.900390625
26.478996	3.37890625	3.3056640625
26.479996	2.9345703125	2.5439453125
26.480996	1.826171875	1.6015625
26.481996	1.4794921875	1.6943359375
26.482996	2.3388671875	2.7099609375
26.483996	3.3056640625	3.3251953125
26.484996	3.1103515625	2.7392578125
26.485996	2.0166015625	1.7236328125
26.486996	1.4404296875	1.5771484375
26.487996	2.12890625	2.5
26.489	3.1982421875	3.30078125
26.49	3.2421875	2.919921875
26.491	2.2265625	1.884765625
26.492	1.455078125	1.50390625
26.493	1.93359375	2.2900390625
26.494	3.0419921875	3.2177734375
26.495	3.3349609375	3.06640625
26.496	2.4462890625	2.0556640625
26.497	1.5087890625	1.4794921875
26.498	1.748046875	2.099609375
26.499	2.8662109375	3.1103515625
26.5	3.3935546875	3.1982421875
26.500996	2.65625	2.2509765625
26.501996	1.611328125	1.4990234375
26.502996	1.6064453125	1.9287109375
26.503996	2.6708984375	2.9736328125
26.504996	3.388671875	3.28125
26.505996	2.841796875	2.44140625
26.506996	1.7431640625	1.552734375
26.507996	1.513671875	1.7578125
26.508996	2.4658203125	2.8125
26.509996	3.3544921875	3.3154296875
26.510996	3.0126953125	2.6416015625
26.511996	1.904296875	1.650390625
26.512996	1.4501953125	1.6357421875
26.513996	2.255859375	2.6171875
26.514996	3.271484375	3.3154296875
26.515996	3.1640625	2.8125
26.516996	2.080078125	1.7724609375
26.517996	1.4404296875	1.5576171875
26.518996	2.060546875	2.44140625
26.519996	3.1494140625	3.2763671875
26.520996	3.28125	2.9736328125
26.521996	2.275390625	1.923828125
26.522996	1.4599609375	1.50390625
26.523996	1.89453125	2.2509765625
26.524996	3.0078125	3.203125
26.525996	3.3544921875	3.10546875
26.526996	2.4658203125	2.0849609375
26.527996	1.5185546875	1.4794921875
26.528996	1.73828125	2.080078125
26.529996	2.8515625	3.095703125
26.530996	3.388671875	3.1982421875
26.532	2.6416015625	2.2412109375
26.533	1.611328125	1.4990234375
26.534	1.6162109375	1.923828125
26.535	2.67578125	2.978515625
26.536	3.388671875	3.271484375
26.537	2.83203125	2.431640625
26.538	1.7236328125	1.552734375
26.539	1.5234375	1.787109375
26.54	2.4853515625	2.83203125
26.541	3.3544921875	3.3251953125
26.542	2.9931640625	2.607421875
26.543	1.865234375	1.6259765625
26.543996	1.46484375	1.6748046875
26.544996	2.314453125	2.685546875
26.545996	3.2861328125	3.3154296875
26.546996	3.115234375	2.7587890625
26.547996	2.0166015625	1.728515625
26.548996	1.4404296875	1.572265625
26.549996	2.1435546875	2.5048828125
26.550996	3.2080078125	3.30078125
26.551996	3.232421875	2.91015625
26.552996	2.1826171875	1.8505859375
26.553996	1.435546875	1.5185546875
26.554996	1.97265625	2.353515625
26.555996	3.095703125	3.2470703125
26.556996	3.3154296875	3.0322265625
26.557996	2.3583984375	1.982421875
26.558996	1.4794921875	1.4892578125
26.559996	1.8408203125	2.1875
26.560996	2.96875	3.1787109375
26.561996	3.3642578125	3.1396484375
26.562996	2.529296875	2.12890625
26.563996	1.533203125	1.4794921875
26.564996	1.7041015625	2.0458984375
26.565996	2.822265625	3.0810546875
26.566996	3.3984375	3.2177734375
26.567996	2.685546875	2.2802734375
26.568996	1.6259765625	1.50390625
26.569996	1.6064453125	1.9140625
26.570996	2.6611328125	2.9736328125
26.571996	3.388671875	3.28125
26.572996	2.822265625	2.4267578125
26.574008	1.7138671875	1.5380859375
26.575	1.5283203125	1.8017578125
26.576	2.5146484375	2.8515625
26.577	3.3740234375	3.3154296875
26.578	2.9638671875	2.5732421875
26.579	1.8359375	1.611328125
26.58	1.4697265625	1.6943359375
26.581	2.3486328125	2.734375
26.582	3.3056640625	3.3251953125
26.583	3.0810546875	2.7099609375
26.584	1.9580078125	1.689453125
26.585	1.4453125	1.611328125
26.585996	2.2119140625	2.5927734375
26.586996	3.251953125	3.310546875
26.587996	3.18359375	2.841796875
26.588996	2.1044921875	1.7919921875
26.589996	1.435546875	1.5478515625
26.590996	2.0654296875	2.4462890625
26.591996	3.1689453125	3.2861328125
26.592996	3.2666015625	2.9541015625
26.593996	2.2412109375	1.8896484375
26.594996	1.455078125	1.5087890625
26.595996	1.9384765625	2.3046875
26.596996	3.0615234375	3.2421875
26.597996	3.3203125	3.046875
26.598996	2.3876953125	2.001953125
26.599996	1.484375	1.4892578125
26.600996	1.826171875	2.177734375
26.601996	2.94921875	3.173828125
26.602996	3.3642578125	3.134765625
26.603996	2.5048828125	2.12890625
26.604996	1.533203125	1.484375
26.605996	1.7138671875	2.0556640625
26.606996	2.83203125	3.0908203125
26.607996	3.3935546875	3.2080078125
26.608996	2.646484375	2.2509765625
26.609996	1.5966796875	1.4990234375
26.610996	1.640625	1.953125
26.611996	2.724609375	3.0126953125
26.612996	3.388671875	3.251953125
26.613996	2.7685546875	2.3681640625
26.614996	1.6748046875	1.5185546875
26.615996	1.5625	1.845703125
26.617	2.6123046875	2.9248046875
26.618	3.388671875	3.291015625
26.619	2.8857421875	2.4853515625
26.62	1.7626953125	1.5625
26.621	1.5185546875	1.7578125
26.622	2.4755859375	2.822265625
26.623	3.3544921875	3.3154296875
26.624	2.9833984375	2.6025390625
26.625	1.8505859375	1.62109375
26.626	1.4794921875	1.6796875
26.627	2.3486328125	2.7197265625
26.628	3.3154296875	3.3251953125
26.628996	3.076171875	2.705078125
26.629996	1.953125	1.6796875
26.630996	1.4501953125	1.6162109375
26.631996	2.2314453125	2.607421875
26.632996	3.271484375	3.3203125
26.633996	3.1591796875	2.7978515625
26.634996	2.0556640625	1.7431640625
26.635996	1.4453125	1.572265625
26.636996	2.12890625	2.5
26.637996	3.203125	3.2958984375
26.638996	3.2177734375	2.900390625
26.639996	2.1533203125	1.8310546875
26.640996	1.435546875	1.533203125
26.641996	2.03125	2.4072265625
26.642996	3.14453125	3.2666015625
26.643996	3.2763671875	2.978515625
26.644996	2.255859375	1.904296875
26.645996	1.4501953125	1.5087890625
26.646996	1.93359375	2.2998046875
26.647996	3.0615234375	3.2373046875
26.648996	3.3154296875	3.037109375
26.649996	2.3583984375	1.9921875
26.650996	1.4794921875	1.484375
26.651996	1.85546875	2.20703125
26.652996	2.9931640625	3.1982421875
26.653996	3.3544921875	3.10546875
26.654996	2.4609375	2.080078125
26.655996	1.50390625	1.4794921875
26.656996	1.77734375	2.1240234375
26.657996	2.9052734375	3.14453125
26.658996	3.3740234375	3.173828125
26.66	2.548828125	2.1533203125
26.661	1.54296875	1.4794921875
26.662	1.708984375	2.0458984375
26.663	2.8271484375	3.0859375
26.664	3.3837890625	3.212890625
26.665	2.646484375	2.2412109375
26.666	1.5966796875	1.494140625
26.667	1.6455078125	1.9677734375
26.668	2.7490234375	3.0224609375
26.669	3.388671875	3.2470703125
26.67	2.724609375	2.3291015625
26.671	1.6357421875	1.5087890625
26.671996	1.591796875	1.89453125
26.672996	2.666015625	2.978515625
26.673996	3.3984375	3.2666015625
26.674996	2.8076171875	2.40234375
26.675996	1.6796875	1.5380859375
26.676996	1.5576171875	1.8310546875
26.677996	2.587890625	2.9052734375
26.678996	3.3837890625	3.2958984375
26.679996	2.8759765625	2.470703125
26.680996	1.7431640625	1.5576171875
26.681996	1.5283203125	1.7822265625
26.682996	2.5146484375	2.8369140625
26.683996	3.3740234375	3.3154296875
26.684996	2.939453125	2.5537109375
26.685996	1.7919921875	1.5869140625
26.686996	1.494140625	1.7236328125
26.687996	2.431640625	2.7880859375
26.688996	3.349609375	3.3203125
26.689996	2.998046875	2.6171875
26.690996	1.85546875	1.6162109375
26.691996	1.4697265625	1.6845703125
26.692996	2.3583984375	2.7294921875
26.693996	3.3203125	3.3203125
26.694996	3.0517578125	2.67578125
26.695996	1.9140625	1.66015625
26.696996	1.4501953125	1.6455078125
26.697996	2.294921875	2.6611328125
26.698996	3.30078125	3.3203125
26.699996	3.1005859375	2.724609375
26.700996	1.9775390625	1.689453125
26.702008	1.4501953125	1.62109375
26.703	2.2509765625	2.6171875
26.704	3.271484375	3.3251953125
26.705	3.14453125	2.7880859375
26.706	2.021484375	1.728515625
26.707	1.435546875	1.5869140625
26.708	2.1826171875	2.5634765625
26.709	3.2421875	3.3154296875
26.71	3.173828125	2.8369140625
26.711	2.080078125	1.7626953125
26.712	1.4306640625	1.5673828125
26.713	2.1240234375	2.4951171875
26.713996	3.2080078125	3.30078125
26.714996	3.212890625	2.880859375
26.715996	2.12890625	1.8017578125
26.716996	1.4404296875	1.54296875
26.717996	2.080078125	2.4560546875
26.718996	3.18359375	3.2958984375
26.719996	3.2373046875	2.9248046875
26.720996	2.177734375	1.8408203125
26.721996	1.435546875	1.533203125
26.722996	2.0361328125	2.412109375
26.723996	3.154296875	3.2763671875
26.724996	3.26171875	2.94921875
26.725996	2.216796875	1.8701171875
26.726996	1.4453125	1.5185546875
26.727996	1.9970703125	2.3681640625
26.728996	3.125	3.2666015625
26.729996	3.28125	2.978515625
26.730996	2.255859375	1.904296875
26.731996	1.4453125	1.50390625
26.732996	1.962890625	2.3193359375
26.733996	3.095703125	3.2568359375
26.734996	3.30078125	3.017578125
26.735996	2.2998046875	1.943359375
26.736996	1.455078125	1.4990234375
26.737996	1.9287109375	2.2900390625
26.738996	3.06640625	3.2421875
26.739996	3.3056640625	3.037109375
26.740996	2.32421875	1.9677734375
26.741996	1.4501953125	1.4990234375
26.742996	1.89453125	2.2607421875
26.743996	3.0419921875	3.2275390625
26.745	3.3203125	3.046875
26.746	2.353515625	1.982421875
26.747	1.4697265625	1.4892578125
26.748	1.865234375	2.236328125
26.749	3.02734375	3.2177734375
26.75	3.330078125	3.076171875
26.751	2.3876953125	1.9970703125
26.752	1.4794921875	1.484375
26.753	1.8505859375	2.2021484375
26.754	3.0078125	3.2080078125
26.755	3.3349609375	3.0859375
26.756	2.4072265625	2.03125
26.756996	1.484375	1.484375
26.757996	1.8408203125	2.1875
26.758996	2.98828125	3.1884765625
26.759996	3.3544921875	3.10546875
26.760996	2.421875	2.0458984375
26.761996	1.4794921875	1.4794921875
26.762996	1.826171875	2.1826171875
26.763996	2.978515625	3.1884765625
26.764996	3.349609375	3.115234375
26.765996	2.4462890625	2.060546875
26.766996	1.4990234375	1.4794921875
26.767996	1.8115234375	2.1728515625
26.768996	2.96875	3.1787109375
26.769996	3.3642578125	3.115234375
26.770996	2.451171875	2.0703125
26.771996	1.4892578125	1.4794921875
26.772996	1.8017578125	2.1630859375
26.773996	2.9638671875	3.173828125
26.774996	3.359375	3.125
26.775996	2.470703125	2.0751953125
26.776996	1.50390625	1.474609375
26.777996	1.796875	2.158203125
26.778996	2.9541015625	3.173828125
26.779996	3.369140625	3.1201171875
26.780996	2.4609375	2.080078125
26.781996	1.4990234375	1.4794921875
26.782996	1.796875	2.1533203125
26.783996	2.9443359375	3.1640625
26.784996	3.3642578125	3.1298828125
26.785996	2.4658203125	2.0849609375
26.786996	1.4892578125	1.474609375
26.788	1.8115234375	2.158203125
26.789	2.9541015625	3.1689453125
26.79	3.359375	3.1298828125
26.791	2.4658203125	2.080078125
26.792	1.50390625	1.474609375
26.793	1.806640625	2.158203125
26.794	2.958984375	3.173828125
26.795	3.359375	3.125
26.796	2.451171875	2.0654296875
26.797	1.4990234375	1.474609375
26.798	1.8115234375	2.158203125
26.799	2.9638671875	3.18359375
26.799996	3.3544921875	3.125
26.800996	2.4462890625	2.0703125
26.801996	1.494140625	1.484375
26.802996	1.81640625	2.177734375
26.803996	2.9736328125	3.1884765625
26.804996	3.3544921875	3.1103515625
26.805996	2.431640625	2.05078125
26.806996	1.4892578125	1.484375
26.807996	1.8408203125	2.1826171875
26.808996	2.9931640625	3.193359375
26.809996	3.349609375	3.1005859375
26.810996	2.4169921875	2.0361328125
26.811996	1.4794921875	1.4697265625
26.812996	1.8505859375	2.216796875
26.813996	3.0029296875	3.1982421875
26.814996	3.33984375	3.0859375
26.815996	2.3876953125	2.0166015625
26.816996	1.4794921875	1.484375
26.817996	1.865234375	2.2314453125
26.818996	3.02734375	3.212890625
26.819996	3.3251953125	3.06640625
26.820996	2.36328125	2.01171875
26.821996	1.4697265625	1.4892578125
26.822996	1.89453125	2.255859375
26.823996	3.0517578125	3.2275390625
26.824996	3.3251953125	3.046875
26.825996	2.3388671875	1.9677734375
26.826996	1.4599609375	1.4892578125
26.827996	1.923828125	2.28515625
26.828996	3.0712890625	3.2421875
26.830008	3.3056640625	3.017578125
26.831	2.2900390625	1.9287109375
26.832	1.4501953125	1.50390625
26.833	1.953125	2.3095703125
26.834	3.095703125	3.2568359375
26.835	3.2958984375	3.0029296875
26.836	2.2607421875	1.904296875
26.837	1.4404296875	1.513671875
26.838	1.9775390625	2.353515625
26.839	3.125	3.2763671875
26.84	3.271484375	2.9736328125
26.841	2.216796875	1.884765625
26.841996	1.4404296875	1.5234375
26.842996	2.0166015625	2.3974609375
26.843996	3.14453125	3.2861328125
26.844996	3.251953125	2.939453125
26.845996	2.1826171875	1.8408203125
26.846996	1.4453125	1.533203125
26.847996	2.0654296875	2.431640625
26.848996	3.18359375	3.2861328125
26.849996	3.2275390625	2.9052734375
26.850996	2.138671875	1.8115234375
26.851996	1.4453125	1.5478515625
26.852996	2.1142578125	2.48046875
26.853996	3.2177734375	3.3056640625
26.854996	3.193359375	2.861328125
26.855996	2.0849609375	1.7724609375
26.856996	1.4306640625	1.5673828125
26.857996	2.158203125	2.5390625
26.858996	3.2470703125	3.3154296875
26.859996	3.154296875	2.8173828125
26.860996	2.0361328125	1.73828125
26.861996	1.4404296875	1.5869140625
26.862996	2.2216796875	2.587890625
26.863996	3.2763671875	3.3154296875
26.864996	3.125	2.7685546875
26.865996	1.982421875	1.6943359375
26.866996	1.4453125	1.62109375
26.867996	2.2705078125	2.63671875
26.868996	3.2958984375	3.3251953125
26.869996	3.076171875	2.71484375
26.870996	1.9287109375	1.6650390625
26.871996	1.46484375	1.650390625
26.873	2.353515625	2.71484375
26.874	3.3349609375	3.3349609375
26.875	3.02734375	2.65625
26.876	1.8701171875	1.6162109375
26.877	1.474609375	1.6845703125
26.878	2.412109375	2.75390625
26.879	3.349609375	3.3154296875
26.88	2.9736328125	2.587890625
26.881	1.8115234375	1.591796875
26.882	1.50390625	1.7431640625
26.883	2.490234375	2.822265625
26.884	3.369140625	3.310546875
26.884996	2.9052734375	2.51953125
26.885996	1.7578125	1.5673828125
26.886996	1.533203125	1.787109375
26.887996	2.5634765625	2.8857421875
26.888996	3.3837890625	3.291015625
26.889996	2.841796875	2.44140625
26.890996	1.6943359375	1.5283203125
26.891996	1.572265625	1.8505859375
26.892996	2.6416015625	2.94921875
26.893996	3.388671875	3.2763671875
26.894996	2.7734375	2.373046875
26.895996	1.650390625	1.513671875
26.896996	1.611328125	1.904296875
26.897996	2.7197265625	3.0029296875
26.898996	3.3935546875	3.2421875
26.899996	2.6904296875	2.294921875
26.900996	1.591796875	1.494140625
26.901996	1.6650390625	1.9873046875
26.902996	2.8076171875	3.06640625
26.903996	3.3984375	3.2080078125
26.904996	2.607421875	2.216796875
26.905996	1.5576171875	1.474609375
26.906996	1.7236328125	2.060546875
26.907996	2.8759765625	3.1298828125
26.908996	3.37890625	3.1689453125
26.909996	2.5146484375	2.1240234375
26.910996	1.513671875	1.474609375
26.911996	1.7919921875	2.1484375
26.912996	2.958984375	3.1787109375
26.913996	3.349609375	3.1201171875
26.914996	2.412109375	2.041015625
26.916	1.474609375	1.484375
26.917	1.875	2.2265625
26.918	3.037109375	3.2275390625
26.919	3.3203125	3.0517578125
26.92	2.314453125	1.9482421875
26.921	1.4599609375	1.494140625
26.922	1.962890625	2.3193359375
26.923	3.115234375	3.2666015625
26.924	3.2763671875	2.96875
26.925	2.216796875	1.875
26.926	1.4306640625	1.5234375
26.927	2.0556640625	2.4267578125
26.927996	3.1787109375	3.2958984375
26.928996	3.212890625	2.890625
26.929996	2.1044921875	1.787109375
26.930996	1.4306640625	1.552734375
26.931996	2.158203125	2.529296875
26.932996	3.2470703125	3.3154296875
26.933996	3.1494140625	2.8076171875
26.934996	2.0068359375	1.708984375
26.935996	1.4404296875	1.6064453125
26.936996	2.265625	2.6318359375
26.937996	3.30078125	3.3251953125
26.938996	3.0712890625	2.705078125
26.939996	1.8994140625	1.650390625
26.940996	1.4697265625	1.669921875
26.941996	2.3779296875	2.734375
26.942996	3.33984375	3.3251953125
26.943996	2.9736328125	2.6025390625
26.944996	1.8115234375	1.591796875
26.945996	1.4990234375	1.7431640625
26.946996	2.509765625	2.841796875
26.947996	3.37890625	3.310546875
26.948996	2.87109375	2.48046875
26.949996	1.71875	1.54296875
26.950996	1.5576171875	1.826171875
26.951996	2.6220703125	2.9443359375
26.952996	3.3984375	3.2763671875
26.953996	2.7587890625	2.3681640625
26.954996	1.6357421875	1.4990234375
26.955996	1.630859375	1.923828125
26.956996	2.744140625	3.0322265625
26.958008	3.3984375	3.232421875
26.959	2.626953125	2.236328125
26.96	1.5625	1.484375
26.961	1.708984375	2.03125
26.962	2.87109375	3.1201171875
26.963	3.37890625	3.173828125
26.964	2.5048828125	2.1142578125
26.965	1.50390625	1.4794921875
26.966	1.8115234375	2.1484375
26.967	2.98828125	3.193359375
26.968	3.33984375	3.0859375
26.969	2.373046875	1.9970703125
26.969996	1.4697265625	1.484375
26.970996	1.93359375	2.2802734375
26.971996	3.0908203125	3.26171875
26.972996	3.2861328125	2.998046875
26.973996	2.236328125	1.884765625
26.974996	1.4404296875	1.513671875
26.975996	2.0556640625	2.4169921875
26.976996	3.18359375	3.291015625
26.977996	3.2080078125	2.8955078125
26.978996	2.08984375	1.7822265625
26.979996	1.435546875	1.572265625
26.980996	2.1875	2.548828125
26.981996	3.271484375	3.3251953125
26.982996	3.1201171875	2.7587890625
26.983996	1.962890625	1.689453125
26.984996	1.46484375	1.640625
26.985996	2.333984375	2.7001953125
26.986996	3.33984375	3.3251953125
26.987996	3.0029296875	2.6220703125
26.988996	1.8310546875	1.6015625
26.989996	1.50390625	1.728515625
26.990996	2.490234375	2.8271484375
26.991996	3.3740234375	3.310546875
26.992996	2.8857421875	2.48046875
26.993996	1.708984375	1.533203125
26.994996	1.5625	1.8359375
26.995996	2.646484375	2.9541015625
26.996996	3.3984375	3.2763671875
26.997996	2.7294921875	2.333984375
26.998996	1.611328125	1.494140625
26.999996	1.6552734375	1.9677734375
27.001	2.802734375	3.076171875
27.002	3.3837890625	3.2080078125
27.003	2.568359375	2.1875
27.004	1.5283203125	1.4794921875
27.005	1.7529296875	2.1044921875
27.006	2.9345703125	3.1640625
27.007	3.3544921875	3.115234375
27.008	2.4169921875	2.0361328125
27.009	1.4794921875	1.484375
27.01	1.8994140625	2.2509765625
27.011	3.076171875	3.2470703125
27.012	3.2861328125	3.02734375
27.012996	2.2412109375	1.8896484375
27.013996	1.4404296875	1.5185546875
27.014996	2.05078125	2.421875
27.015996	3.18359375	3.291015625
27.016996	3.2080078125	2.87109375
27.017996	2.0703125	1.7724609375
27.018996	1.4306640625	1.5771484375
27.019996	2.216796875	2.578125
27.020996	3.2861328125	3.3251953125
27.021996	3.095703125	2.724609375
27.022996	1.923828125	1.650390625
27.023996	1.46484375	1.6650390625
27.024996	2.392578125	2.7490234375
27.025996	3.3544921875	3.3203125
27.026996	2.94921875	2.568359375
27.027996	1.767578125	1.572265625
27.028996	1.5283203125	1.787109375
27.029996	2.578125	2.900390625
27.030996	3.388671875	3.2861328125
27.031996	2.7880859375	2.3876953125
27.032996	1.650390625	1.5087890625
27.033996	1.6162109375	1.9189453125
27.034996	2.7587890625	3.0419921875
27.035996	3.3984375	3.2275390625
27.036996	2.6123046875	2.2216796875
27.037996	1.5478515625	1.484375
27.038996	1.748046875	2.080078125
27.039996	2.9345703125	3.18359375
27.040996	3.359375	3.134765625
27.041996	2.421875	2.05078125
27.042996	1.474609375	1.4892578125
27.044	1.904296875	2.2705078125
27.045	3.0810546875	3.2568359375
27.046	3.291015625	3.0029296875
27.047	2.2265625	1.8798828125
27.048	1.4306640625	1.5234375
27.049	2.0703125	2.44140625
27.05	3.212890625	3.3056640625
27.051	3.18359375	2.8515625
27.052	2.0361328125	1.73828125
27.053	1.4453125	1.6015625
27.054	2.275390625	2.63671875
27.055	3.3154296875	3.330078125
27.055996	3.046875	2.67578125
27.056996	1.865234375	1.611328125
27.057996	1.4892578125	1.708984375
27.058996	2.4755859375	2.8173828125
27.059996	3.37890625	3.3154296875
27.060996	2.87109375	2.4755859375
27.061996	1.708984375	1.533203125
27.062996	1.5771484375	1.85546875
27.063996	2.6806640625	2.9736328125
27.064996	3.3935546875	3.26171875
27.065996	2.685546875	2.2900390625
27.066996	1.572265625	1.4794921875
27.067996	1.708984375	2.0263671875
27.068996	2.87109375	3.1201171875
27.069996	3.369140625	3.154296875
27.070996	2.4755859375	2.0947265625
27.071996	1.484375	1.4794921875
27.072996	1.8603515625	2.2216796875
27.073996	3.0517578125	3.2275390625
27.074996	3.3056640625	3.02734375
27.075996	2.2509765625	1.9091796875
27.076996	1.4453125	1.5185546875
27.077996	2.060546875	2.4267578125
27.078996	3.1982421875	3.30078125
27.079996	3.18359375	2.8564453125
27.080996	2.0361328125	1.73828125
27.081996	1.4453125	1.5966796875
27.082996	2.265625	2.63671875
27.083996	3.3056640625	3.330078125
27.084996	3.0419921875	2.6708984375
27.086008	1.8408203125	1.611328125
27.087	1.4990234375	1.728515625
27.088	2.4951171875	2.83203125
27.089	3.3837890625	3.310546875
27.09	2.8466796875	2.451171875
27.091	1.6796875	1.5234375
27.092	1.591796875	1.8896484375
27.093	2.7197265625	3.0126953125
27.094	3.3984375	3.2421875
27.095	2.6318359375	2.236328125
27.096	1.552734375	1.4794921875
27.097	1.7431640625	2.0751953125
27.097996	2.9296875	3.154296875
27.098996	3.3544921875	3.125
27.099996	2.3974609375	2.03125
27.100996	1.46484375	1.484375
27.101996	1.93359375	2.294921875
27.102996	3.115234375	3.2666015625
27.103996	3.26171875	2.96875
27.104996	2.1728515625	1.8359375
27.105996	1.4404296875	1.533203125
27.106996	2.1533203125	2.5244140625
27.107996	3.26171875	3.3251953125
27.108996	3.115234375	2.7685546875
27.109996	1.93359375	1.6650390625
27.110996	1.46484375	1.66015625
27.111996	2.3974609375	2.7490234375
27.112996	3.3544921875	3.3203125
27.113996	2.9248046875	2.548828125
27.114996	1.7333984375	1.5576171875
27.115996	1.552734375	1.8212890625
27.116996	2.63671875	2.94921875
27.117996	3.388671875	3.271484375
27.118996	2.705078125	2.3095703125
27.119996	1.58203125	1.484375
27.120996	1.69921875	2.021484375
27.121996	2.8759765625	3.125
27.122996	3.369140625	3.1494140625
27.123996	2.4462890625	2.0703125
27.124996	1.484375	1.474609375
27.125996	1.89453125	2.24609375
27.126996	3.076171875	3.2470703125
27.127996	3.28125	2.98828125
27.129	2.1923828125	1.8505859375
27.13	1.4404296875	1.533203125
27.131	2.12890625	2.4951171875
27.132	3.2421875	3.3203125
27.133	3.1298828125	2.7880859375
27.134	1.9580078125	1.6845703125
27.135	1.455078125	1.6552734375
27.136	2.373046875	2.7294921875
27.137	3.359375	3.3251953125
27.138	2.9345703125	2.5390625
27.139	1.7431640625	1.5478515625
27.14	1.5576171875	1.8115234375
27.140996	2.646484375	2.958984375
27.141996	3.3984375	3.26171875
27.142996	2.6904296875	2.2900390625
27.143996	1.572265625	1.4892578125
27.144996	1.7138671875	2.0361328125
27.145996	2.8955078125	3.134765625
27.146996	3.3642578125	3.14453125
27.147996	2.421875	2.05078125
27.148996	1.4599609375	1.484375
27.149996	1.9287109375	2.2802734375
27.150996	3.1103515625	3.26171875
27.151996	3.2568359375	2.9638671875
27.152996	2.1533203125	1.8310546875
27.153996	1.4404296875	1.552734375
27.154996	2.1728515625	2.5439453125
27.155996	3.28125	3.330078125
27.156996	3.095703125	2.7294921875
27.157996	1.904296875	1.6357421875
27.158996	1.4794921875	1.6845703125
27.159996	2.4560546875	2.7880859375
27.160996	3.369140625	3.310546875
27.161996	2.861328125	2.4755859375
27.162996	1.689453125	1.5283203125
27.163996	1.5966796875	1.884765625
27.164996	2.7294921875	3.017578125
27.165996	3.3984375	3.22265625
27.166996	2.5927734375	2.20703125
27.167996	1.5380859375	1.4697265625
27.168996	1.7822265625	2.12890625
27.169996	2.9931640625	3.1982421875
27.170996	3.3251953125	3.0810546875
27.172	2.294921875	1.943359375
27.173	1.4453125	1.494140625
27.174	2.0361328125	2.40234375
27.175	3.1982421875	3.291015625
27.176	3.18359375	2.861328125
27.177	2.0263671875	1.7333984375
27.178	1.4453125	1.611328125
27.179	2.3193359375	2.6806640625
27.18	3.330078125	3.3251953125
27.181	2.9736328125	2.59765625
27.182	1.7724609375	1.5673828125
27.183	1.533203125	1.7919921875
27.183996	2.607421875	2.9248046875
27.184996	3.388671875	3.271484375
27.185996	2.7099609375	2.3193359375
27.186996	1.58203125	1.484375
27.187996	1.69921875	2.0263671875
27.188996	2.8955078125	3.1396484375
27.189996	3.3642578125	3.14453125
27.190996	2.412109375	2.041015625
27.191996	1.4697265625	1.484375
27.192996	1.9482421875	2.2998046875
27.193996	3.134765625	3.271484375
27.194996	3.2373046875	2.939453125
27.195996	2.1142578125	1.7919921875
27.196996	1.4404296875	1.5771484375
27.197996	2.2314453125	2.59765625
27.198996	3.30078125	3.3251953125
27.199996	3.0419921875	2.6611328125
27.200996	1.8408203125	1.6015625
27.201996	1.50390625	1.7333984375
27.202996	2.5439453125	2.8662109375
27.203996	3.3837890625	3.291015625
27.204996	2.763671875	2.3779296875
27.205996	1.6162109375	1.4990234375
27.206996	1.669921875	1.982421875
27.207996	2.841796875	3.10546875
27.208996	3.37890625	3.1689453125
27.209996	2.4658203125	2.08984375
27.210996	1.484375	1.4794921875
27.211996	1.904296875	2.265625
27.212996	3.1103515625	3.26171875
27.214008	3.251953125	2.94921875
27.215	2.1435546875	1.8115234375
27.216	1.4404296875	1.5576171875
27.217	2.20703125	2.568359375
27.218	3.2958984375	3.3349609375
27.219	3.046875	2.6953125
27.22	1.8603515625	1.611328125
27.221	1.4990234375	1.728515625
27.222	2.529296875	2.8515625
27.223	3.388671875	3.2958984375
27.224	2.783203125	2.3828125
27.225	1.62109375	1.494140625
27.225996	1.6552734375	1.97265625
27.226996	2.841796875	3.1005859375
27.227996	3.369140625	3.1689453125
27.228996	2.4609375	2.080078125
27.229996	1.474609375	1.4697265625
27.230996	1.9091796875	2.2705078125
27.231996	3.115234375	3.271484375
27.232996	3.2568359375	2.9541015625
27.233996	2.1337890625	1.8115234375
27.234996	1.4404296875	1.5673828125
27.235996	2.2265625	2.5830078125
27.236996	3.3056640625	3.3251953125
27.237996	3.0419921875	2.666015625
27.238996	1.8310546875	1.5966796875
27.239996	1.5087890625	1.748046875
27.240996	2.568359375	2.890625
27.241996	3.388671875	3.291015625
27.242996	2.744140625	2.34375
27.243996	1.591796875	1.4892578125
27.244996	1.689453125	2.0166015625
27.245996	2.890625	3.134765625
27.246996	3.359375	3.1396484375
27.247996	2.3974609375	2.03125
27.248996	1.4599609375	1.4892578125
27.249996	1.962890625	2.333984375
27.250996	3.1494140625	3.28125
27.251996	3.22265625	2.8955078125
27.252996	2.060546875	1.7529296875
27.253996	1.4453125	1.6015625
27.254996	2.3046875	2.65625
27.255996	3.3349609375	3.3349609375
27.257	2.958984375	2.5732421875
27.258	1.7529296875	1.552734375
27.259	1.552734375	1.8115234375
27.26	2.6611328125	2.9541015625
27.261	3.3984375	3.251953125
27.262	2.6513671875	2.2607421875
27.263	1.5478515625	1.46484375
27.264	1.767578125	2.099609375
27.265	2.9833984375	3.1884765625
27.266	3.330078125	3.06640625
27.267	2.28515625	1.93359375
27.268	1.4453125	1.5087890625
27.268996	2.080078125	2.44140625
27.269996	3.2275390625	3.3203125
27.270996	3.14453125	2.79296875
27.271996	1.953125	1.6796875
27.272996	1.4697265625	1.66015625
27.273996	2.44140625	2.7734375
27.274996	3.369140625	3.310546875
27.275996	2.8466796875	2.4609375
27.276996	1.66015625	1.5087890625
27.277996	1.6162109375	1.9140625
27.278996	2.79296875	3.06640625
27.279996	3.3837890625	3.193359375
27.280996	2.490234375	2.1142578125
27.281996	1.494140625	1.474609375
27.282996	1.89453125	2.24609375
27.283996	3.095703125	3.251953125
27.284996	3.251953125	2.958984375
27.285996	2.12890625	1.796875
27.286996	1.435546875	1.5625
27.287996	2.236328125	2.607421875
27.288996	3.3154296875	3.3251953125
27.289996	3.0029296875	2.6416015625
27.290996	1.806640625	1.58203125
27.291996	1.533203125	1.7822265625
27.292996	2.6171875	2.9345703125
27.293996	3.3984375	3.2666015625
27.294996	2.67578125	2.2802734375
27.295996	1.5576171875	1.484375
27.296996	1.748046875	2.0947265625
27.297996	2.958984375	3.18359375
27.298996	3.3349609375	3.076171875
27.3	2.28515625	1.9287109375
27.301	1.435546875	1.513671875
27.302	2.0849609375	2.4462890625
27.303	3.2373046875	3.310546875
27.304	3.125	2.7783203125
27.305	1.923828125	1.66015625
27.306	1.4794921875	1.6796875
27.307	2.470703125	2.8076171875
27.308	3.3740234375	3.3154296875
27.309	2.8125	2.421875
27.31	1.640625	1.494140625
27.311	1.6552734375	1.962890625
27.311996	2.8515625	3.10546875
27.312996	3.3740234375	3.1689453125
27.313996	2.4267578125	2.0654296875
27.314996	1.46484375	1.4892578125
27.315996	1.962890625	2.3193359375
27.316996	3.154296875	3.28125
27.317996	3.1982421875	2.8955078125
27.318996	2.0458984375	1.748046875
27.319996	1.4501953125	1.62109375
27.320996	2.3388671875	2.6953125
27.321996	3.349609375	3.330078125
27.322996	2.9150390625	2.529296875
27.323996	1.7138671875	1.5283203125
27.324996	1.5966796875	1.865234375
27.325996	2.734375	3.0224609375
27.326996	3.388671875	3.2177734375
27.327996	2.5341796875	2.158203125
27.328996	1.50390625	1.4599609375
27.329996	1.865234375	2.2216796875
27.330996	3.0810546875	3.251953125
27.331996	3.26171875	2.96875
27.332996	2.1337890625	1.8115234375
27.333996	1.435546875	1.5673828125
27.334996	2.2509765625	2.607421875
27.335996	3.3203125	3.3349609375
27.336996	2.998046875	2.6171875
27.337996	1.7822265625	1.572265625
27.338996	1.5478515625	1.806640625
27.339996	2.6611328125	2.9638671875
27.340996	3.3935546875	3.2568359375
27.342008	2.6123046875	2.2216796875
27.343	1.533203125	1.4794921875
27.344	1.8115234375	2.1484375
27.345	3.02734375	3.212890625
27.346	3.30078125	3.017578125
27.347	2.20703125	1.8701171875
27.348	1.4453125	1.5478515625
27.349	2.1875	2.5537109375
27.35	3.2958984375	3.3251953125
27.351	3.0419921875	2.6806640625
27.352	1.826171875	1.5966796875
27.353	1.5234375	1.7529296875
27.353996	2.6025390625	2.9248046875
27.354996	3.4033203125	3.2666015625
27.355996	2.6708984375	2.275390625
27.356996	1.552734375	1.4794921875
27.357996	1.767578125	2.109375
27.358996	2.9931640625	3.203125
27.359996	3.3154296875	3.056640625
27.360996	2.24609375	1.8994140625
27.361996	1.435546875	1.5234375
27.362996	2.1435546875	2.509765625
27.363996	3.2763671875	3.330078125
27.364996	3.0712890625	2.705078125
27.365996	1.845703125	1.611328125
27.366996	1.5087890625	1.7431640625
27.367996	2.5830078125	2.9052734375
27.368996	3.388671875	3.2861328125
27.369996	2.6953125	2.294921875
27.370996	1.5673828125	1.4697265625
27.371996	1.7578125	2.0947265625
27.372996	2.9833984375	3.1884765625
27.373996	3.3203125	3.056640625
27.374996	2.255859375	1.904296875
27.375996	1.4404296875	1.5283203125
27.376996	2.1435546875	2.5048828125
27.377996	3.2763671875	3.3251953125
27.378996	3.0712890625	2.705078125
27.379996	1.8505859375	1.611328125
27.380996	1.5087890625	1.73828125
27.381996	2.578125	2.8955078125
27.382996	3.388671875	3.2861328125
27.383996	2.685546875	2.28515625
27.385	1.552734375	1.4794921875
27.386	1.77734375	2.1142578125
27.387	2.9931640625	3.193359375
27.388	3.3154296875	3.056640625
27.389	2.236328125	1.8896484375
27.39	1.435546875	1.533203125
27.391	2.1630859375	2.529296875
27.392	3.2861328125	3.330078125
27.393	3.0517578125	2.685546875
27.394	1.8310546875	1.6015625
27.395	1.5185546875	1.7578125
27.396	2.6171875	2.9248046875
27.396996	3.3935546875	3.271484375
27.397996	2.6513671875	2.255859375
27.398996	1.5283203125	1.4697265625
27.399996	1.806640625	2.1435546875
27.400996	3.02734375	3.22265625
27.401996	3.30078125	3.0224609375
27.402996	2.1923828125	1.8505859375
27.403996	1.4404296875	1.5478515625
27.404996	2.216796875	2.5830078125
27.405996	3.310546875	3.330078125
27.406996	3.0029296875	2.63671875
27.407996	1.7822265625	1.5673828125
27.408996	1.54296875	1.8017578125
27.409996	2.67578125	2.96875
27.410996	3.3935546875	3.2421875
27.411996	2.587890625	2.197265625
27.412996	1.50390625	1.474609375
27.413996	1.8505859375	2.20703125
27.414996	3.076171875	3.251953125
27.415996	3.26171875	2.96875
27.416996	2.119140625	1.796875
27.417996	1.4453125	1.5771484375
27.418996	2.28515625	2.6513671875
27.419996	3.33984375	3.330078125
27.420996	2.9296875	2.55859375
27.421996	1.7138671875	1.5380859375
27.422996	1.591796875	1.8701171875
27.423996	2.75390625	3.037109375
27.424996	3.388671875	3.1982421875
27.425996	2.48046875	2.1044921875
27.426996	1.474609375	1.4794921875
27.428	1.9482421875	2.314453125
27.429	3.154296875	3.2861328125
27.43	3.2080078125	2.8759765625
27.431	2.0166015625	1.7236328125
27.432	1.4501953125	1.62109375
27.433	2.40234375	2.7490234375
27.434	3.3740234375	3.3154296875
27.435	2.8369140625	2.44140625
27.436	1.640625	1.50390625
27.437	1.6650390625	1.9775390625
27.438	2.8662109375	3.1201171875
27.439	3.359375	3.1396484375
27.439996	2.3583984375	1.9970703125
27.440996	1.4404296875	1.4990234375
27.441996	2.060546875	2.4169921875
27.442996	3.232421875	3.310546875
27.443996	3.1201171875	2.7685546875
27.444996	1.89453125	1.6357421875
27.445996	1.494140625	1.7138671875
27.446996	2.5439453125	2.87109375
27.447996	3.388671875	3.291015625
27.448996	2.6953125	2.3095703125
27.449996	1.5673828125	1.4794921875
27.450996	1.767578125	2.1044921875
27.451996	2.9931640625	3.203125
27.452996	3.310546875	3.037109375
27.453996	2.20703125	1.8701171875
27.454996	1.4208984375	1.54296875
27.455996	2.20703125	2.578125
27.456996	3.310546875	3.33984375
27.457996	3.0029296875	2.626953125
27.458996	1.7626953125	1.5673828125
27.459996	1.5625	1.8212890625
27.460996	2.71484375	3.0029296875
27.461996	3.3935546875	3.2275390625
27.462996	2.529296875	2.1533203125
27.463996	1.4892578125	1.474609375
27.464996	1.9091796875	2.255859375
27.465996	3.125	3.271484375
27.466996	3.22265625	2.91015625
27.467996	2.060546875	1.73828125
27.468996	1.455078125	1.62109375
27.470008	2.40234375	2.7587890625
27.471	3.37890625	3.3203125
27.472	2.8271484375	2.4462890625
27.473	1.630859375	1.50390625
27.474	1.669921875	1.982421875
27.475	2.8955078125	3.1298828125
27.476	3.3544921875	3.1103515625
27.477	2.3291015625	1.97265625
27.478	1.4453125	1.4990234375
27.479	2.0947265625	2.4609375
27.48	3.26171875	3.3251953125
27.481	3.0810546875	2.724609375
27.481996	1.85546875	1.6015625
27.482996	1.5087890625	1.7529296875
27.483996	2.6171875	2.9296875
27.484996	3.3935546875	3.2666015625
27.485996	2.6220703125	2.2314453125
27.486996	1.5185546875	1.474609375
27.487996	1.8359375	2.1875
27.488996	3.06640625	3.2470703125
27.489996	3.2666015625	2.96875
27.490996	2.099609375	1.787109375
27.491996	1.435546875	1.5869140625
27.492996	2.3291015625	2.685546875
27.493996	3.349609375	3.330078125
27.494996	2.8857421875	2.5048828125
27.495996	1.669921875	1.513671875
27.496996	1.6357421875	1.9384765625
27.497996	2.8466796875	3.1005859375
27.498996	3.3642578125	3.14453125
27.499996	2.373046875	2.01171875
27.500996	1.455078125	1.4990234375
27.501996	2.060546875	2.421875
27.502996	3.2421875	3.3154296875
27.503996	3.10546875	2.744140625
27.504996	1.8701171875	1.630859375
27.505996	1.50390625	1.73828125
27.506996	2.5927734375	2.91015625
27.507996	3.388671875	3.271484375
27.508996	2.6416015625	2.2509765625
27.509996	1.5234375	1.4697265625
27.510996	1.8310546875	2.1728515625
27.511996	3.076171875	3.2470703125
27.513	3.251953125	2.9541015625
27.514	2.0947265625	1.77734375
27.515	1.4453125	1.591796875
27.516	2.333984375	2.6953125
27.517	3.359375	3.3251953125
27.518	2.8759765625	2.48046875
27.519	1.6552734375	1.50390625
27.52	1.6552734375	1.962890625
27.521	2.8662109375	3.1201171875
27.522	3.349609375	3.134765625
27.523	2.34375	1.982421875
27.524	1.4453125	1.4990234375
27.524996	2.099609375	2.4609375
27.525996	3.26171875	3.330078125
27.526996	3.0712890625	2.7001953125
27.527996	1.8310546875	1.6015625
27.528996	1.5283203125	1.77734375
27.529996	2.6416015625	2.94921875
27.530996	3.3935546875	3.251953125
27.531996	2.5732421875	2.1826171875
27.532996	1.4892578125	1.4697265625
27.533996	1.884765625	2.2509765625
27.534996	3.1298828125	3.271484375
27.535996	3.22265625	2.91015625
27.536996	2.0263671875	1.7333984375
27.537996	1.4501953125	1.630859375
27.538996	2.431640625	2.7685546875
27.539996	3.3837890625	3.3056640625
27.540996	2.783203125	2.392578125
27.541996	1.591796875	1.484375
27.542996	1.7236328125	2.0361328125
27.543996	2.958984375	3.173828125
27.544996	3.3203125	3.056640625
27.545996	2.2265625	1.884765625
27.546996	1.4404296875	1.5380859375
27.547996	2.216796875	2.578125
27.548996	3.3154296875	3.3349609375
27.549996	2.9736328125	2.6025390625
27.550996	1.7333984375	1.552734375
27.551996	1.591796875	1.8701171875
27.552996	2.783203125	3.0517578125
27.553996	3.3837890625	3.1884765625
27.554996	2.431640625	2.0556640625
27.556	1.4599609375	1.4892578125
27.557	2.021484375	2.3876953125
27.558	3.22265625	3.3154296875
27.559	3.125	2.7783203125
27.56	1.884765625	1.630859375
27.561	1.494140625	1.728515625
27.562	2.5927734375	2.9150390625
27.563	3.3984375	3.26171875
27.564	2.607421875	2.2265625
27.565	1.5185546875	1.4697265625
27.566	1.85546875	2.2119140625
27.567	3.1005859375	3.26171875
27.567996	3.2373046875	2.9248046875
27.568996	2.041015625	1.7431640625
27.569996	1.4501953125	1.630859375
27.570996	2.4169921875	2.7685546875
27.571996	3.388671875	3.3154296875
27.572996	2.783203125	2.40234375
27.573996	1.6064453125	1.4794921875
27.574996	1.728515625	2.0556640625
27.575996	2.9638671875	3.1884765625
27.576996	3.3251953125	3.056640625
27.577996	2.2119140625	1.884765625
27.578996	1.4404296875	1.5478515625
27.579996	2.2412109375	2.607421875
27.580996	3.3251953125	3.3349609375
27.581996	2.939453125	2.5537109375
27.582996	1.6943359375	1.533203125
27.583996	1.6162109375	1.9140625
27.584996	2.8271484375	3.095703125
27.585996	3.359375	3.1494140625
27.586996	2.3583984375	2.001953125
27.587996	1.4501953125	1.4990234375
27.588996	2.0947265625	2.4658203125
27.589996	3.26171875	3.330078125
27.590996	3.056640625	2.6953125
27.591996	1.8115234375	1.591796875
27.592996	1.54296875	1.8017578125
27.593996	2.6953125	2.9833984375
27.594996	3.388671875	3.22265625
27.595996	2.51953125	2.12890625
27.596996	1.4697265625	1.4697265625
27.598008	1.97265625	2.32421875
27.599	3.1884765625	3.2958984375
27.6	3.1591796875	2.8271484375
27.601	1.9189453125	1.66015625
27.602	1.4892578125	1.7041015625
27.603	2.55859375	2.8759765625
27.604	3.3935546875	3.2763671875
27.605	2.6416015625	2.255859375
27.606	1.5185546875	1.474609375
27.607	1.85546875	2.197265625
27.608	3.095703125	3.2568359375
27.609	3.2373046875	2.919921875
27.609996	2.0361328125	1.7431640625
27.610996	1.4599609375	1.6357421875
27.611996	2.431640625	2.7685546875
27.612996	3.388671875	3.3056640625
27.613996	2.7587890625	2.373046875
27.614996	1.572265625	1.474609375
27.615996	1.7578125	2.08984375
27.616996	3.0029296875	3.2080078125
27.617996	3.2958984375	3.0224609375
27.618996	2.1630859375	1.8310546875
27.619996	1.4404296875	1.5771484375
27.620996	2.314453125	2.6806640625
27.621996	3.359375	3.3251953125
27.622996	2.8515625	2.48046875
27.623996	1.6455078125	1.4990234375
27.624996	1.6796875	1.9921875
27.625996	2.919921875	3.154296875
27.626996	3.3349609375	3.0859375
27.627996	2.2509765625	1.9091796875
27.628996	1.4404296875	1.533203125
27.629996	2.2216796875	2.5830078125
27.630996	3.3154296875	3.330078125
27.631996	2.939453125	2.568359375
27.632996	1.7041015625	1.5234375
27.633996	1.6259765625	1.9140625
27.634996	2.841796875	3.0908203125
27.635996	3.369140625	3.1396484375
27.636996	2.3486328125	1.9873046875
27.637996	1.4453125	1.513671875
27.638996	2.12890625	2.490234375
27.639996	3.28125	3.3349609375
27.641	3.0126953125	2.63671875
27.642	1.7578125	1.552734375
27.643	1.58203125	1.8359375
27.644	2.7685546875	3.0419921875
27.645	3.3837890625	3.193359375
27.646	2.421875	2.0458984375
27.647	1.4501953125	1.4892578125
27.648	2.05078125	2.4169921875
27.649	3.251953125	3.330078125
27.65	3.076171875	2.71484375
27.651	1.8115234375	1.5966796875
27.652	1.54296875	1.787109375
27.652996	2.6904296875	2.9931640625
27.653996	3.3935546875	3.22265625
27.654996	2.4951171875	2.1142578125
27.655996	1.46484375	1.4794921875
27.656996	1.9970703125	2.36328125
27.657996	3.2080078125	3.3203125
27.658996	3.1201171875	2.783203125
27.659996	1.8701171875	1.62109375
27.660996	1.513671875	1.7529296875
27.661996	2.6318359375	2.9443359375
27.662996	3.388671875	3.2470703125
27.663996	2.548828125	2.1630859375
27.664996	1.484375	1.46484375
27.665996	1.943359375	2.3095703125
27.666996	3.18359375	3.30078125
27.667996	3.154296875	2.822265625
27.668996	1.904296875	1.66015625
27.669996	1.494140625	1.7138671875
27.670996	2.59765625	2.9150390625
27.671996	3.3935546875	3.2666015625
27.672996	2.5927734375	2.2021484375
27.673996	1.4990234375	1.474609375
27.674996	1.9189453125	2.2705078125
27.675996	3.1591796875	3.291015625
27.676996	3.1689453125	2.841796875
27.677996	1.9482421875	1.6748046875
27.678996	1.4892578125	1.6943359375
27.679996	2.5537109375	2.8857421875
27.680996	3.3935546875	3.28125
27.681996	2.6220703125	2.236328125
27.682996	1.513671875	1.4697265625
27.684	1.89453125	2.2509765625
27.685	3.1396484375	3.2861328125
27.686	3.193359375	2.87109375
27.687	1.962890625	1.689453125
27.688	1.4794921875	1.6845703125
27.689	2.5439453125	2.8662109375
27.69	3.3935546875	3.28125
27.691	2.6416015625	2.255859375
27.692	1.513671875	1.4697265625
27.693	1.8798828125	2.216796875
27.694	3.125	3.271484375
27.695	3.203125	2.8857421875
27.695996	1.97265625	1.6943359375
27.696996	1.474609375	1.6748046875
27.697996	2.5341796875	2.8564453125
27.698996	3.388671875	3.271484375
27.699996	2.646484375	2.255859375
27.700996	1.5087890625	1.4599609375
27.701996	1.865234375	2.2216796875
27.702996	3.1298828125	3.28125
27.703996	3.2080078125	2.880859375
27.704996	1.9775390625	1.69921875
27.705996	1.474609375	1.6748046875
27.706996	2.529296875	2.8564453125
27.707996	3.3984375	3.2861328125
27.708996	2.6416015625	2.255859375
27.709996	1.513671875	1.46484375
27.710996	1.875	2.2314453125
27.711996	3.134765625	3.2763671875
27.712996	3.193359375	2.8759765625
27.713996	1.962890625	1.689453125
27.714996	1.4794921875	1.6748046875
27.715996	2.548828125	2.87109375
27.716996	3.3935546875	3.28125
27.717996	2.607421875	2.2412109375
27.718996	1.513671875	1.46484375
27.719996	1.8896484375	2.2509765625
27.720996	3.14453125	3.2861328125
27.721996	3.1787109375	2.861328125
27.722996	1.953125	1.6748046875
27.723996	1.4892578125	1.6943359375
27.724996	2.59765625	2.890625
27.726008	3.388671875	3.28125
27.727	2.587890625	2.2021484375
27.728	1.494140625	1.474609375
27.729	1.9189453125	2.2802734375
27.73	3.1640625	3.30078125
27.731	3.1640625	2.822265625
27.732	1.9091796875	1.6455078125
27.733	1.4990234375	1.728515625
27.734	2.6123046875	2.919921875
27.735	3.388671875	3.251953125
27.736	2.55859375	2.1728515625
27.737	1.4794921875	1.4697265625
27.737996	1.953125	2.314453125
27.738996	3.1982421875	3.310546875
27.739996	3.125	2.7880859375
27.740996	1.8701171875	1.6259765625
27.741996	1.5185546875	1.748046875
27.742996	2.65625	2.958984375
27.743996	3.3935546875	3.2373046875
27.744996	2.5048828125	2.12890625
27.745996	1.4697265625	1.4697265625
27.746996	2.0068359375	2.3681640625
27.747996	3.2275390625	3.3154296875
27.748996	3.0908203125	2.7392578125
27.749996	1.8310546875	1.6015625
27.750996	1.54296875	1.8017578125
27.751996	2.7197265625	3.0029296875
27.752996	3.37890625	3.212890625
27.753996	2.4365234375	2.060546875
27.754996	1.455078125	1.494140625
27.755996	2.0751953125	2.4365234375
27.756996	3.271484375	3.3251953125
27.757996	3.037109375	2.67578125
27.758996	1.767578125	1.5625
27.759996	1.58203125	1.85546875
27.760996	2.783203125	3.06640625
27.761996	3.3642578125	3.1591796875
27.762996	2.353515625	1.9970703125
27.763996	1.4404296875	1.50390625
27.764996	2.1533203125	2.5146484375
27.765996	3.3056640625	3.33984375
27.766996	2.9736328125	2.59765625
27.767996	1.7138671875	1.5380859375
27.769	1.630859375	1.93359375
27.77	2.880859375	3.1201171875
27.771	3.349609375	3.1201171875
27.772	2.2705078125	1.923828125
27.773	1.435546875	1.533203125
27.774	2.24609375	2.5927734375
27.775	3.33984375	3.330078125
27.776	2.8857421875	2.509765625
27.777	1.640625	1.494140625
27.778	1.69921875	2.0068359375
27.779	2.958984375	3.1689453125
27.78	3.310546875	3.046875
27.780996	2.16796875	1.8408203125
27.781996	1.435546875	1.5673828125
27.782996	2.3486328125	2.7001953125
27.783996	3.3642578125	3.330078125
27.784996	2.7978515625	2.40234375
27.785996	1.5771484375	1.484375
27.786996	1.7724609375	2.099609375
27.787996	3.046875	3.232421875
27.788996	3.26171875	2.9736328125
27.789996	2.0556640625	1.7529296875
27.790996	1.4501953125	1.6259765625
27.791996	2.4609375	2.802734375
27.792996	3.388671875	3.30078125
27.793996	2.6806640625	2.294921875
27.794996	1.5234375	1.4697265625
27.795996	1.8701171875	2.2119140625
27.796996	3.1298828125	3.28125
27.797996	3.1884765625	2.87109375
27.798996	1.953125	1.6748046875
27.799996	1.4892578125	1.69921875
27.800996	2.5927734375	2.9052734375
27.801996	3.3837890625	3.26171875
27.802996	2.548828125	2.16796875
27.803996	1.4697265625	1.4697265625
27.804996	1.982421875	2.3388671875
27.805996	3.2177734375	3.3203125
27.806996	3.1005859375	2.75390625
27.807996	1.826171875	1.6064453125
27.808996	1.5478515625	1.796875
27.809996	2.734375	3.0126953125
27.810996	3.388671875	3.1884765625
27.812	2.3876953125	2.021484375
27.813	1.4453125	1.494140625
27.814	2.1142578125	2.4755859375
27.815	3.2861328125	3.330078125
27.816	2.978515625	2.6220703125
27.817	1.71875	1.5380859375
27.818	1.6259765625	1.9091796875
27.819	2.87109375	3.1201171875
27.82	3.33984375	3.115234375
27.821	2.2509765625	1.904296875
27.822	1.4306640625	1.533203125
27.823	2.275390625	2.63671875
27.823996	3.3447265625	3.3349609375
27.824996	2.8564453125	2.4609375
27.825996	1.6162109375	1.494140625
27.826996	1.728515625	2.05078125
27.827996	3.0078125	3.2080078125
27.828996	3.2861328125	2.998046875
27.829996	2.0849609375	1.7822265625
27.830996	1.4501953125	1.6162109375
27.831996	2.4462890625	2.783203125
27.832996	3.3837890625	3.3056640625
27.833996	2.6904296875	2.3046875
27.834996	1.5283203125	1.4697265625
27.835996	1.865234375	2.2119140625
27.836996	3.1298828125	3.2763671875
27.837996	3.1787109375	2.8564453125
27.838996	1.93359375	1.669921875
27.839996	1.50390625	1.7236328125
27.840996	2.626953125	2.9296875
27.841996	3.388671875	3.2470703125
27.842996	2.5146484375	2.12890625
27.843996	1.46484375	1.46484375
27.844996	2.03125	2.392578125
27.845996	3.2568359375	3.330078125
27.846996	3.0517578125	2.6953125
27.847996	1.77734375	1.572265625
27.848996	1.58203125	1.85546875
27.849996	2.8125	3.0810546875
27.850996	3.3642578125	3.14453125
27.851996	2.314453125	1.953125
27.852996	1.4404296875	1.5234375
27.854008	2.2314453125	2.5830078125
27.855	3.33984375	3.3447265625
27.856	2.8857421875	2.509765625
27.857	1.630859375	1.4990234375
27.858	1.7138671875	2.0263671875
27.859	2.9931640625	3.1982421875
27.86	3.291015625	3.017578125
27.861	2.1044921875	1.787109375
27.862	1.4453125	1.6064453125
27.863	2.44140625	2.783203125
27.864	3.388671875	3.3154296875
27.865	2.685546875	2.3046875
27.865996	1.5283203125	1.455078125
27.866996	1.875	2.2314453125
27.867996	3.154296875	3.291015625
27.868996	3.1640625	2.83203125
27.869996	1.904296875	1.6552734375
27.870996	1.513671875	1.73828125
27.871996	2.6513671875	2.9638671875
27.872996	3.3935546875	3.232421875
27.873996	2.4560546875	2.08984375
27.874996	1.455078125	1.484375
27.875996	2.0849609375	2.44140625
27.876996	3.2763671875	3.330078125
27.877996	3.0029296875	2.63671875
27.878996	1.71875	1.5380859375
27.879996	1.6259765625	1.9140625
27.880996	2.8759765625	3.1201171875
27.881996	3.33984375	3.1005859375
27.882996	2.2265625	1.8798828125
27.883996	1.435546875	1.5576171875
27.884996	2.32421875	2.6708984375
27.885996	3.359375	3.330078125
27.886996	2.7880859375	2.40234375
27.887996	1.5673828125	1.474609375
27.888996	1.796875	2.1337890625
27.889996	3.0810546875	3.251953125
27.890996	3.2177734375	2.919921875
27.891996	1.9873046875	1.69921875
27.892996	1.484375	1.6845703125
27.893996	2.578125	2.8955078125
27.894996	3.388671875	3.2666015625
27.895996	2.5390625	2.158203125
27.897	1.46484375	1.46484375
27.898	2.0263671875	2.3828125
27.899	3.2470703125	3.330078125
27.9	3.046875	2.685546875
27.901	1.7724609375	1.5576171875
27.902	1.5966796875	1.8701171875
27.903	2.822265625	3.1005859375
27.904	3.3544921875	3.134765625
27.905	2.2705078125	1.923828125
27.906	1.435546875	1.533203125
27.907	2.2705078125	2.6318359375
27.908	3.359375	3.3349609375
27.908996	2.822265625	2.44140625
27.909996	1.591796875	1.4794921875
27.910996	1.7724609375	2.1044921875
27.911996	3.06640625	3.2373046875
27.912996	3.2421875	2.9345703125
27.913996	2.001953125	1.708984375
27.914996	1.4794921875	1.6748046875
27.915996	2.5634765625	2.880859375
27.916996	3.3984375	3.2666015625
27.917996	2.548828125	2.1630859375
27.918996	1.484375	1.4697265625
27.919996	2.0166015625	2.373046875
27.920996	3.2470703125	3.330078125
27.921996	3.046875	2.685546875
27.922996	1.7578125	1.5673828125
27.923996	1.591796875	1.875
27.924996	2.8466796875	3.1005859375
27.925996	3.3544921875	3.125
27.926996	2.255859375	1.9140625
27.927996	1.4404296875	1.5380859375
27.928996	2.3046875	2.666015625
27.929996	3.3642578125	3.3349609375
27.930996	2.7880859375	2.4072265625
27.931996	1.5673828125	1.4794921875
27.932996	1.8017578125	2.1337890625
27.933996	3.1005859375	3.2568359375
27.934996	3.2080078125	2.9052734375
27.935996	1.9580078125	1.6748046875
27.936996	1.4990234375	1.708984375
27.937996	2.6123046875	2.9248046875
27.938996	3.3935546875	3.2421875
27.94	2.4755859375	2.08984375
27.941	1.4501953125	1.4794921875
27.942	2.0751953125	2.4462890625
27.943	3.2861328125	3.3349609375
27.944	2.98828125	2.6171875
27.945	1.69921875	1.533203125
27.946	1.650390625	1.9384765625
27.947	2.9150390625	3.154296875
27.948	3.3203125	3.056640625
27.949	2.1533203125	1.8310546875
27.95	1.4453125	1.5869140625
27.951	2.4072265625	2.7490234375
27.951996	3.3837890625	3.310546875
27.952996	2.6904296875	2.2998046875
27.953996	1.5234375	1.474609375
27.954996	1.904296875	2.2607421875
27.955996	3.1689453125	3.30078125
27.956996	3.1396484375	2.7978515625
27.957996	1.8505859375	1.611328125
27.958996	1.533203125	1.796875
27.959996	2.7490234375	3.0322265625
27.960996	3.369140625	3.18359375
27.961996	2.3388671875	1.9873046875
27.962996	1.4404296875	1.513671875
27.963996	2.216796875	2.5830078125
27.964996	3.33984375	3.33984375
27.965996	2.861328125	2.48046875
27.966996	1.5966796875	1.4892578125
27.967996	1.7578125	2.0849609375
27.968996	3.0419921875	3.2373046875
27.969996	3.232421875	2.9345703125
27.970996	1.9921875	1.708984375
27.971996	1.4794921875	1.669921875
27.972996	2.5830078125	2.900390625
27.973996	3.3935546875	3.251953125
27.974996	2.5146484375	2.1337890625
27.975996	1.4599609375	1.484375
27.976996	2.0703125	2.431640625
27.977996	3.28125	3.3349609375
27.978996	2.998046875	2.626953125
27.979996	1.708984375	1.533203125
27.980996	1.6552734375	1.943359375
27.982008	2.9296875	3.1591796875
27.983	3.30078125	3.046875
27.984	2.1435546875	1.8115234375
27.985	1.4501953125	1.6015625
27.986	2.44140625	2.7783203125
27.987	3.3935546875	3.2958984375
27.988	2.65625	2.255859375
27.989	1.5087890625	1.46484375
27.99	1.9482421875	2.294921875
27.991	3.2080078125	3.3154296875
27.992	3.0859375	2.7392578125
27.993	1.796875	1.5869140625
27.993996	1.5771484375	1.8408203125
27.994996	2.8125	3.0810546875
27.995996	3.359375	3.134765625
27.996996	2.265625	1.9140625
27.997996	1.4453125	1.54296875
27.998996	2.314453125	2.6806640625
27.999996	3.369140625	3.3251953125
28.000996	2.75390625	2.373046875
28.001996	1.5478515625	1.46484375
28.002996	1.8408203125	2.1826171875
28.003996	3.1396484375	3.28125
28.004996	3.1689453125	2.8369140625
28.005996	1.884765625	1.6259765625
28.006996	1.5283203125	1.7724609375
28.007996	2.7197265625	3.0078125
28.008996	3.37890625	3.1884765625
28.009996	2.3583984375	1.9921875
28.010996	1.435546875	1.5185546875
28.011996	2.2265625	2.578125
28.012996	3.3349609375	3.33984375
28.013996	2.841796875	2.451171875
28.014996	1.58203125	1.474609375
28.015996	1.77734375	2.1044921875
28.016996	3.076171875	3.251953125
28.017996	3.212890625	2.91015625
28.018996	1.9580078125	1.6748046875
28.019996	1.4990234375	1.7138671875
28.020996	2.6513671875	2.9541015625
28.021996	3.388671875	3.22265625
28.022996	2.421875	2.05078125
28.023996	1.4501953125	1.4990234375
28.025	2.1728515625	2.529296875
28.026	3.3349609375	3.33984375
28.027	2.8955078125	2.51953125
28.028	1.630859375	1.4892578125
28.029	1.73828125	2.060546875
28.03	3.037109375	3.2275390625
28.031	3.2421875	2.9345703125
28.032	2.001953125	1.7138671875
28.033	1.484375	1.689453125
28.034	2.59765625	2.91015625
28.035	3.3935546875	3.2421875
28.036	2.4755859375	2.099609375
28.036996	1.4453125	1.4892578125
28.037996	2.119140625	2.4755859375
28.038996	3.3154296875	3.33984375
28.039996	2.9296875	2.548828125
28.040996	1.650390625	1.50390625
28.041996	1.708984375	2.021484375
28.042996	3.0126953125	3.212890625
28.043996	3.2666015625	2.9736328125
28.044996	2.03125	1.73828125
28.045996	1.4794921875	1.6748046875
28.046996	2.578125	2.8857421875
28.047996	3.3935546875	3.251953125
28.048996	2.5	2.119140625
28.049996	1.455078125	1.4697265625
28.050996	2.099609375	2.4658203125
28.051996	3.3056640625	3.33984375
28.052996	2.9443359375	2.568359375
28.053996	1.6552734375	1.5087890625
28.054996	1.708984375	2.0166015625
28.055996	2.998046875	3.2080078125
28.056996	3.2666015625	2.978515625
28.057996	2.03125	1.7333984375
28.058996	1.474609375	1.6650390625
28.059996	2.578125	2.8955078125
28.060996	3.3984375	3.2470703125
28.061996	2.5	2.119140625
28.062996	1.4599609375	1.484375
28.063996	2.1044921875	2.4609375
28.064996	3.291015625	3.3349609375
28.065996	2.9345703125	2.5634765625
28.066996	1.6455078125	1.50390625
28.068	1.728515625	2.041015625
28.069	3.0224609375	3.212890625
28.07	3.2470703125	2.9638671875
28.071	2.0166015625	1.728515625
28.072	1.484375	1.6748046875
28.073	2.5927734375	2.9150390625
28.074	3.3984375	3.251953125
28.075	2.4560546875	2.08984375
28.076	1.4501953125	1.4794921875
28.077	2.138671875	2.5
28.078	3.3203125	3.3349609375
28.079	2.9052734375	2.529296875
28.079996	1.630859375	1.484375
28.080996	1.748046875	2.0654296875
28.081996	3.0419921875	3.2373046875
28.082996	3.2373046875	2.9345703125
28.083996	1.962890625	1.689453125
28.084996	1.4990234375	1.708984375
28.085996	2.65625	2.958984375
28.086996	3.388671875	3.2177734375
28.087996	2.4072265625	2.0458984375
28.088996	1.4404296875	1.50390625
28.089996	2.197265625	2.55859375
28.090996	3.3447265625	3.33984375
28.091996	2.841796875	2.4658203125
28.092996	1.5966796875	1.474609375
28.093996	1.796875	2.12890625
28.094996	3.095703125	3.26171875
28.095996	3.193359375	2.87109375
28.096996	1.9140625	1.650390625
28.097996	1.5185546875	1.7578125
28.098996	2.724609375	3.0078125
28.099996	3.37890625	3.18359375
28.100996	2.32421875	1.9677734375
28.101996	1.4306640625	1.5185546875
28.102996	2.2802734375	2.6318359375
28.103996	3.3642578125	3.330078125
28.104996	2.7734375	2.3779296875
28.105996	1.54296875	1.4599609375
28.106996	1.8701171875	2.2119140625
28.107996	3.1591796875	3.291015625
28.108996	3.125	2.7978515625
28.110008	1.8115234375	1.5869140625
28.111	1.5771484375	1.8505859375
28.112	2.8173828125	3.076171875
28.113	3.349609375	3.1298828125
28.114	2.2216796875	1.8896484375
28.115	1.4404296875	1.572265625
28.116	2.3828125	2.744140625
28.117	3.388671875	3.3154296875
28.118	2.6611328125	2.2705078125
28.119	1.4990234375	1.46484375
28.12	1.9677734375	2.32421875
28.121	3.2373046875	3.3203125
28.121996	3.0419921875	2.685546875
28.122996	1.73828125	1.5380859375
28.123996	1.640625	1.923828125
28.124996	2.9248046875	3.154296875
28.125996	3.30078125	3.037109375
28.126996	2.0947265625	1.787109375
28.127996	1.455078125	1.630859375
28.128996	2.51953125	2.8564453125
28.129996	3.3984375	3.271484375
28.130996	2.51953125	2.1435546875
28.131996	1.4599609375	1.474609375
28.132996	2.0947265625	2.451171875
28.133996	3.30078125	3.3447265625
28.134996	2.9248046875	2.5390625
28.135996	1.630859375	1.4990234375
28.136996	1.7431640625	2.0556640625
28.137996	3.0419921875	3.232421875
28.138996	3.2275390625	2.919921875
28.139996	1.9580078125	1.6845703125
28.140996	1.4990234375	1.728515625
28.141996	2.67578125	2.978515625
28.142996	3.37890625	3.203125
28.143996	2.3583984375	1.9970703125
28.144996	1.435546875	1.5185546875
28.145996	2.265625	2.6220703125
28.146996	3.3544921875	3.330078125
28.147996	2.7685546875	2.3876953125
28.148996	1.5380859375	1.4697265625
28.149996	1.8798828125	2.216796875
28.150996	3.173828125	3.2958984375
28.151996	3.125	2.7783203125
28.153	1.7919921875	1.58203125
28.154	1.5966796875	1.8603515625
28.155	2.8564453125	3.115234375
28.156	3.330078125	3.0908203125
28.157	2.1728515625	1.8408203125
28.158	1.4501953125	1.5869140625
28.159	2.4609375	2.7978515625
28.16	3.3984375	3.2861328125
28.161	2.578125	2.1923828125
28.162	1.474609375	1.4599609375
28.163	2.0556640625	2.4072265625
28.164	3.2763671875	3.33984375
28.164996	2.958984375	2.5927734375
28.165996	1.6650390625	1.50390625
28.166996	1.7138671875	2.03125
28.167996	3.0322265625	3.22265625
28.168996	3.2421875	2.94921875
28.169996	1.97265625	1.6943359375
28.170996	1.50390625	1.708984375
28.171996	2.666015625	2.978515625
28.172996	3.3837890625	3.2080078125
28.173996	2.36328125	2.001953125
28.174996	1.435546875	1.5185546875
28.175996	2.265625	2.6220703125
28.176996	3.3642578125	3.3349609375
28.177996	2.7490234375	2.373046875
28.178996	1.533203125	1.4599609375
28.179996	1.8896484375	2.2412109375
28.180996	3.1982421875	3.3056640625
28.181996	3.095703125	2.7490234375
28.182996	1.787109375	1.572265625
28.183996	1.6162109375	1.8896484375
28.184996	2.890625	3.1396484375
28.185996	3.3154296875	3.0615234375
28.186996	2.1240234375	1.796875
28.187996	1.455078125	1.6259765625
28.188996	2.51953125	2.8515625
28.189996	3.3935546875	3.2861328125
28.190996	2.5048828125	2.1240234375
28.191996	1.4453125	1.4794921875
28.192996	2.1337890625	2.4853515625
28.193996	3.3203125	3.3447265625
28.194996	2.8759765625	2.5
28.196	1.5966796875	1.4794921875
28.197	1.796875	2.12890625
28.198	3.10546875	3.2666015625
28.199	3.1787109375	2.8564453125
28.2	1.8798828125	1.6259765625
28.201	1.5478515625	1.787109375
28.202	2.79296875	3.056640625
28.203	3.359375	3.1396484375
28.204	2.2216796875	1.8896484375
28.205	1.435546875	1.572265625
28.206	2.4072265625	2.75390625
28.207	3.388671875	3.30078125
28.207996	2.6123046875	2.2314453125
28.208996	1.474609375	1.4697265625
28.209996	2.0361328125	2.392578125
28.210996	3.28125	3.330078125
28.211996	2.9638671875	2.5927734375
28.212996	1.66015625	1.4990234375
28.213996	1.7236328125	2.03125
28.214996	3.0419921875	3.2373046875
28.215996	3.2275390625	2.919921875
28.216996	1.943359375	1.669921875
28.217996	1.50390625	1.7431640625
28.218996	2.7197265625	3.0029296875
28.219996	3.3740234375	3.173828125
28.220996	2.2998046875	1.943359375
28.221996	1.435546875	1.5478515625
28.222996	2.34375	2.6953125
28.223996	3.37890625	3.3203125
28.224996	2.666015625	2.28515625
28.225996	1.494140625	1.4697265625
28.226996	1.9921875	2.3388671875
28.227996	3.251953125	3.330078125
28.228996	3.0029296875	2.63671875
28.229996	1.689453125	1.513671875
28.230996	1.6845703125	2.001953125
28.231996	3.0078125	3.2080078125
28.232996	3.2470703125	2.94921875
28.233996	1.982421875	1.6943359375
28.234996	1.494140625	1.71875
28.235996	2.6806640625	2.9833984375
28.236996	3.37890625	3.193359375
28.238008	2.314453125	1.953125
28.239	1.4306640625	1.5380859375
28.24	2.32421875	2.67578125
28.241	3.3740234375	3.3251953125
28.242	2.685546875	2.2998046875
28.243	1.50390625	1.46484375
28.244	1.982421875	2.3388671875
28.245	3.2470703125	3.3251953125
28.246	2.998046875	2.63671875
28.247	1.689453125	1.5234375
28.248	1.6943359375	1.9921875
28.249	3.0029296875	3.212890625
28.249996	3.2470703125	2.9541015625
28.250996	1.9775390625	1.6845703125
28.251996	1.513671875	1.71875
28.252996	2.7001953125	2.98828125
28.253996	3.3740234375	3.18359375
28.254996	2.314453125	1.953125
28.255996	1.4306640625	1.54296875
28.256996	2.34375	2.6953125
28.257996	3.3740234375	3.3251953125
28.258996	2.666015625	2.2705078125
28.259996	1.4794921875	1.4599609375
28.260996	1.9970703125	2.3583984375
28.261996	3.2666015625	3.3349609375
28.262996	2.978515625	2.607421875
28.263996	1.6650390625	1.5087890625
28.264996	1.71875	2.041015625
28.265996	3.046875	3.232421875
28.266996	3.212890625	2.919921875
28.267996	1.9287109375	1.66015625
28.268996	1.5283203125	1.7529296875
28.269996	2.744140625	3.0322265625
28.270996	3.3642578125	3.154296875
28.271996	2.2509765625	1.9091796875
28.272996	1.4453125	1.5673828125
28.273996	2.412109375	2.7587890625
28.274996	3.3837890625	3.3056640625
28.275996	2.587890625	2.2119140625
28.276996	1.4697265625	1.4697265625
28.277996	2.080078125	2.431640625
28.278996	3.2958984375	3.3349609375
28.279996	2.91015625	2.5390625
28.281	1.6015625	1.484375
28.282	1.796875	2.119140625
28.283	3.115234375	3.2666015625
28.284	3.1640625	2.8369140625
28.285	1.8505859375	1.6162109375
28.286	1.572265625	1.8212890625
28.287	2.8369140625	3.10546875
28.288	3.3251953125	3.0908203125
28.289	2.1484375	1.826171875
28.29	1.455078125	1.6162109375
28.291	2.51953125	2.8466796875
28.292	3.3984375	3.26171875
28.292996	2.4755859375	2.1142578125
28.293996	1.4453125	1.4892578125
28.294996	2.1826171875	2.548828125
28.295996	3.3447265625	3.3447265625
28.296996	2.802734375	2.4169921875
28.297996	1.552734375	1.4599609375
28.298996	1.8896484375	2.2314453125
28.299996	3.1982421875	3.3056640625
28.300996	3.076171875	2.724609375
28.301996	1.748046875	1.552734375
28.302996	1.640625	1.93359375
28.303996	2.9638671875	3.1787109375
28.304996	3.2666015625	2.9931640625
28.305996	2.0166015625	1.728515625
28.306996	1.484375	1.6943359375
28.307996	2.666015625	2.9736328125
28.308996	3.3837890625	3.193359375
28.309996	2.32421875	1.962890625
28.310996	1.42578125	1.5380859375
28.311996	2.3486328125	2.6953125
28.312996	3.3837890625	3.3203125
28.313996	2.6416015625	2.2607421875
28.314996	1.484375	1.4697265625
28.315996	2.0361328125	2.3876953125
28.316996	3.2958984375	3.3447265625
28.317996	2.9296875	2.5634765625
28.318996	1.6259765625	1.494140625
28.319996	1.77734375	2.0947265625
28.320996	3.10546875	3.271484375
28.321996	3.1689453125	2.8466796875
28.322996	1.8505859375	1.6162109375
28.324	1.572265625	1.845703125
28.325	2.841796875	3.10546875
28.326	3.3251953125	3.0908203125
28.327	2.1337890625	1.8017578125
28.328	1.4599609375	1.6259765625
28.329	2.55859375	2.8759765625
28.33	3.3935546875	3.2470703125
28.331	2.4365234375	2.0703125
28.332	1.4404296875	1.50390625
28.333	2.236328125	2.6025390625
28.334	3.3642578125	3.33984375
28.335	2.734375	2.3583984375
28.335996	1.5185546875	1.4697265625
28.336996	1.953125	2.3095703125
28.337996	3.2470703125	3.3251953125
28.338996	3.0029296875	2.6416015625
28.339996	1.6845703125	1.5185546875
28.340996	1.7138671875	2.0166015625
28.341996	3.046875	3.2373046875
28.342996	3.2080078125	2.9052734375
28.343996	1.9091796875	1.6552734375
28.344996	1.54296875	1.7822265625
28.345996	2.79296875	3.06640625
28.346996	3.349609375	3.125
28.347996	2.1826171875	1.85546875
28.348996	1.4501953125	1.6064453125
28.349996	2.5	2.8271484375
28.350996	3.3837890625	3.2666015625
28.351996	2.4853515625	2.1044921875
28.352996	1.4404296875	1.494140625
28.353996	2.2021484375	2.5634765625
28.354996	3.3544921875	3.33984375
28.355996	2.7685546875	2.3828125
28.356996	1.533203125	1.4697265625
28.357996	1.93359375	2.2802734375
28.358996	3.2275390625	3.3251953125
28.359996	3.0224609375	2.666015625
28.360996	1.6845703125	1.513671875
28.361996	1.6943359375	2.01171875
28.362996	3.037109375	3.2275390625
28.363996	3.2177734375	2.9052734375
28.364996	1.9140625	1.6552734375
28.366008	1.54296875	1.7919921875
28.367	2.8076171875	3.076171875
28.368	3.3447265625	3.115234375
28.369	2.1728515625	1.8408203125
28.37	1.4404296875	1.6015625
28.371	2.51953125	2.841796875
28.372	3.3984375	3.26171875
28.373	2.4609375	2.08984375
28.374	1.4404296875	1.4990234375
28.375	2.2216796875	2.587890625
28.376	3.3642578125	3.33984375
28.377	2.7294921875	2.3486328125
28.377996	1.5087890625	1.4599609375
28.378996	1.962890625	2.3193359375
28.379996	3.2568359375	3.3154296875
28.380996	2.9833984375	2.6220703125
28.381996	1.66015625	1.50390625
28.382996	1.73828125	2.060546875
28.383996	3.0810546875	3.2568359375
28.384996	3.1884765625	2.861328125
28.385996	1.8603515625	1.62109375
28.386996	1.5771484375	1.8310546875
28.387996	2.861328125	3.1103515625
28.388996	3.3203125	3.06640625
28.389996	2.1142578125	1.796875
28.390996	1.46484375	1.640625
28.391996	2.587890625	2.9150390625
28.392996	3.388671875	3.232421875
28.393996	2.3779296875	2.0068359375
28.394996	1.4306640625	1.5283203125
28.395996	2.32421875	2.6806640625
28.396996	3.3740234375	3.3203125
28.397996	2.6416015625	2.255859375
28.398996	1.474609375	1.46484375
28.399996	2.060546875	2.4267578125
28.400996	3.30078125	3.349609375
28.401996	2.890625	2.509765625
28.402996	1.591796875	1.4892578125
28.403996	1.8310546875	2.16796875
28.404996	3.1640625	3.30078125
28.405996	3.0908203125	2.75390625
28.406996	1.7626953125	1.572265625
28.407996	1.6455078125	1.93359375
28.409	2.9833984375	3.1884765625
28.41	3.251953125	2.9638671875
28.411	1.9775390625	1.6943359375
28.412	1.513671875	1.728515625
28.413	2.7294921875	3.0224609375
28.414	3.3544921875	3.154296875
28.415	2.2216796875	1.865234375
28.416	1.4453125	1.58203125
28.417	2.4755859375	2.8173828125
28.418	3.3984375	3.271484375
28.419	2.48046875	2.1044921875
28.42	1.4453125	1.4990234375
28.420996	2.2265625	2.587890625
28.421996	3.3642578125	3.3349609375
28.422996	2.724609375	2.3486328125
28.423996	1.50390625	1.46484375
28.424996	1.9921875	2.34375
28.425996	3.2666015625	3.330078125
28.426996	2.9541015625	2.578125
28.427996	1.6357421875	1.494140625
28.428996	1.77734375	2.099609375
28.429996	3.1201171875	3.2763671875
28.430996	3.14453125	2.8076171875
28.431996	1.806640625	1.58203125
28.432996	1.611328125	1.89453125
28.433996	2.9296875	3.1591796875
28.434996	3.2861328125	3.0126953125
28.435996	2.0166015625	1.7138671875
28.436996	1.494140625	1.7236328125
28.437996	2.7001953125	2.9931640625
28.438996	3.369140625	3.1591796875
28.439996	2.2509765625	1.9091796875
28.440996	1.4404296875	1.572265625
28.441996	2.470703125	2.802734375
28.442996	3.3984375	3.2763671875
28.443996	2.4853515625	2.1142578125
28.444996	1.4453125	1.494140625
28.445996	2.216796875	2.5830078125
28.446996	3.359375	3.3349609375
28.447996	2.724609375	2.3388671875
28.448996	1.50390625	1.46484375
28.449996	1.9921875	2.3486328125
28.450996	3.28125	3.3447265625
28.452	2.9248046875	2.5537109375
28.453	1.6162109375	1.494140625
28.454	1.7919921875	2.12890625
28.455	3.1396484375	3.2861328125
28.456	3.1201171875	2.7783203125
28.457	1.77734375	1.5625
28.458	1.640625	1.9189453125
28.459	2.958984375	3.18359375
28.46	3.26171875	2.9736328125
28.461	1.9580078125	1.6796875
28.462	1.5087890625	1.748046875
28.463	2.7685546875	3.046875
28.463996	3.349609375	3.1298828125
28.464996	2.177734375	1.8505859375
28.465996	1.4453125	1.6357421875
28.466996	2.5390625	2.87109375
28.467996	3.3935546875	3.251953125
28.468996	2.4072265625	2.0458984375
28.469996	1.4404296875	1.5185546875
28.470996	2.314453125	2.666015625
28.471996	3.37890625	3.3203125
28.472996	2.6318359375	2.2412109375
28.473996	1.474609375	1.46484375
28.474996	2.099609375	2.4462890625
28.475996	3.3154296875	3.3447265625
28.476996	2.841796875	2.4560546875
28.477996	1.5478515625	1.4697265625
28.478996	1.8896484375	2.2412109375
28.479996	3.212890625	3.3203125
28.480996	3.0126953125	2.65625
28.481996	1.6748046875	1.513671875
28.482996	1.728515625	2.0361328125
28.483996	3.06640625	3.251953125
28.484996	3.173828125	2.8564453125
28.485996	1.845703125	1.5966796875
28.486996	1.5869140625	1.85546875
28.487996	2.900390625	3.1396484375
28.488996	3.2958984375	3.0322265625
28.489996	2.03125	1.728515625
28.490996	1.4990234375	1.708984375
28.491996	2.705078125	2.998046875
28.492996	3.359375	3.1640625
28.494008	2.2216796875	1.875
28.495	1.4501953125	1.591796875
28.496	2.4951171875	2.8271484375
28.497	3.388671875	3.271484375
28.498	2.431640625	2.0703125
28.499	1.4404296875	1.4990234375
28.5	2.28515625	2.6513671875
28.501	3.388671875	3.330078125
28.502	2.6416015625	2.2607421875
28.503	1.4794921875	1.4599609375
28.504	2.080078125	2.451171875
28.505	3.3251953125	3.3447265625
28.505996	2.8369140625	2.4560546875
28.506996	1.552734375	1.46484375
28.507996	1.8994140625	2.24609375
28.508996	3.2177734375	3.3251953125
28.509996	3.0078125	2.6513671875
28.510996	1.66015625	1.50390625
28.511996	1.7431640625	2.060546875
28.512996	3.095703125	3.26171875
28.513996	3.1591796875	2.822265625
28.514996	1.806640625	1.5771484375
28.515996	1.611328125	1.89453125
28.516996	2.939453125	3.1689453125
28.517996	3.271484375	2.9931640625
28.518996	1.9775390625	1.69921875
28.519996	1.5087890625	1.73828125
28.520996	2.7685546875	3.0419921875
28.521996	3.3544921875	3.1201171875
28.522996	2.1630859375	1.8310546875
28.523996	1.4599609375	1.6259765625
28.524996	2.5830078125	2.900390625
28.525996	3.3837890625	3.232421875
28.526996	2.353515625	1.9873046875
28.527996	1.4404296875	1.5283203125
28.528996	2.3779296875	2.7294921875
28.529996	3.3837890625	3.2958984375
28.530996	2.5390625	2.1533203125
28.531996	1.4453125	1.484375
28.532996	2.20703125	2.5537109375
28.533996	3.359375	3.33984375
28.534996	2.724609375	2.3388671875
28.535996	1.50390625	1.4697265625
28.537	2.041015625	2.392578125
28.538	3.30078125	3.3447265625
28.539	2.8857421875	2.509765625
28.54	1.5869140625	1.474609375
28.541	1.865234375	2.2021484375
28.542	3.203125	3.310546875
28.543	3.0322265625	2.67578125
28.544	1.6845703125	1.5185546875
28.545	1.71875	2.0361328125
28.546	3.076171875	3.2568359375
28.547	3.1689453125	2.841796875
28.548	1.8212890625	1.5869140625
28.548996	1.6064453125	1.8896484375
28.549996	2.9296875	3.1689453125
28.550996	3.271484375	2.9931640625
28.551996	1.962890625	1.6943359375
28.552996	1.5185546875	1.7529296875
28.553996	2.7783203125	3.056640625
28.554996	3.3447265625	3.115234375
28.555996	2.138671875	1.8115234375
28.556996	1.46484375	1.640625
28.557996	2.6171875	2.9248046875
28.558996	3.388671875	3.203125
28.559996	2.3095703125	1.953125
28.560996	1.4404296875	1.5576171875
28.561996	2.44140625	2.7880859375
28.562996	3.3984375	3.28125
28.563996	2.470703125	2.099609375
28.564996	1.4306640625	1.50390625
28.565996	2.2705078125	2.6318359375
28.566996	3.3837890625	3.3203125
28.567996	2.6416015625	2.2607421875
28.568996	1.4794921875	1.46484375
28.569996	2.1142578125	2.4560546875
28.570996	3.330078125	3.3447265625
28.571996	2.79296875	2.4169921875
28.572996	1.5234375	1.455078125
28.573996	1.9580078125	2.3095703125
28.574996	3.2666015625	3.330078125
28.575996	2.939453125	2.5732421875
28.576996	1.6064453125	1.4892578125
28.577996	1.8212890625	2.1533203125
28.578996	3.173828125	3.30078125
28.58	3.06640625	2.71484375
28.581	1.7041015625	1.5234375
28.582	1.708984375	2.01171875
28.583	3.0615234375	3.2421875
28.584	3.1787109375	2.8466796875
28.585	1.8310546875	1.6015625
28.586	1.6064453125	1.875
28.587	2.939453125	3.1689453125
28.588	3.2666015625	2.9833984375
28.589	1.9580078125	1.6796875
28.59	1.5185546875	1.7578125
28.591	2.7978515625	3.0712890625
28.591996	3.3251953125	3.0859375
28.592996	2.1044921875	1.787109375
28.593996	1.4794921875	1.6650390625
28.594996	2.65625	2.958984375
28.595996	3.3740234375	3.1787109375
28.596996	2.24609375	1.904296875
28.597996	1.435546875	1.5869140625
28.598996	2.51953125	2.841796875
28.599996	3.4033203125	3.251953125
28.600996	2.3876953125	2.03125
28.601996	1.435546875	1.5283203125
28.602996	2.3681640625	2.7197265625
28.603996	3.388671875	3.2958984375
28.604996	2.5439453125	2.158203125
28.605996	1.4404296875	1.4892578125
28.606996	2.2216796875	2.578125
28.607996	3.3642578125	3.33984375
28.608996	2.6806640625	2.2998046875
28.609996	1.4794921875	1.46484375
28.610996	2.0849609375	2.4365234375
28.611996	3.3203125	3.3349609375
28.612996	2.8076171875	2.431640625
28.613996	1.5380859375	1.46484375
28.614996	1.9580078125	2.3046875
28.615996	3.2666015625	3.3349609375
28.616996	2.9345703125	2.5634765625
28.617996	1.5966796875	1.484375
28.618996	1.8408203125	2.1728515625
28.619996	3.193359375	3.3056640625
28.620996	3.046875	2.6904296875
28.622008	1.6796875	1.513671875
28.623	1.7431640625	2.060546875
28.624	3.10546875	3.2666015625
28.625	3.1396484375	2.8076171875
28.626	1.7626953125	1.5673828125
28.627	1.650390625	1.943359375
28.628	3.0029296875	3.2080078125
28.629	3.2275390625	2.9150390625
28.63	1.8798828125	1.6357421875
28.631	1.5771484375	1.826171875
28.632	2.880859375	3.1298828125
28.633	3.291015625	3.017578125
28.633996	2.001953125	1.7041015625
28.634996	1.513671875	1.73828125
28.635996	2.7783203125	3.056640625
28.636996	3.33984375	3.10546875
28.637996	2.109375	1.796875
28.638996	1.4697265625	1.66015625
28.639996	2.6611328125	2.9541015625
28.640996	3.369140625	3.173828125
28.641996	2.2412109375	1.8896484375
28.642996	1.4501953125	1.591796875
28.643996	2.5341796875	2.8564453125
28.644996	3.3935546875	3.2421875
28.645996	2.353515625	1.9970703125
28.646996	1.435546875	1.54296875
28.647996	2.4169921875	2.75390625
28.648996	3.3935546875	3.291015625
28.649996	2.4755859375	2.1044921875
28.650996	1.4404296875	1.50390625
28.651996	2.3046875	2.6513671875
28.652996	3.3837890625	3.3154296875
28.653996	2.587890625	2.20703125
28.654996	1.4501953125	1.474609375
28.655996	2.1826171875	2.5439453125
28.656996	3.3642578125	3.3447265625
28.657996	2.705078125	2.32421875
28.658996	1.484375	1.4599609375
28.659996	2.0751953125	2.431640625
28.660996	3.3251953125	3.3447265625
28.661996	2.8076171875	2.4267578125
28.662996	1.5234375	1.4697265625
28.663996	1.97265625	2.3291015625
28.665	3.28125	3.33984375
28.666	2.8857421875	2.51953125
28.667	1.58203125	1.474609375
28.668	1.8798828125	2.2265625
28.669	3.232421875	3.3251953125
28.67	2.9931640625	2.63671875
28.671	1.6357421875	1.484375
28.672	1.796875	2.12890625
28.673	3.1591796875	3.30078125
28.674	3.06640625	2.734375
28.675	1.708984375	1.5234375
28.676	1.71875	2.0361328125
28.676996	3.0859375	3.2666015625
28.677996	3.1494140625	2.822265625
28.678996	1.77734375	1.5625
28.679996	1.6552734375	1.9482421875
28.680996	3.0126953125	3.212890625
28.681996	3.203125	2.8955078125
28.682996	1.865234375	1.611328125
28.683996	1.5966796875	1.865234375
28.684996	2.9248046875	3.1591796875
28.685996	3.26171875	2.9736328125
28.686996	1.943359375	1.66015625
28.687996	1.5478515625	1.7919921875
28.688996	2.8515625	3.1103515625
28.689996	3.3056640625	3.0419921875
28.690996	2.021484375	1.728515625
28.691996	1.513671875	1.71875
28.692996	2.7587890625	3.046875
28.693996	3.33984375	3.1005859375
28.694996	2.109375	1.7919921875
28.695996	1.474609375	1.669921875
28.696996	2.67578125	2.978515625
28.697996	3.3740234375	3.1640625
28.698996	2.1875	1.8603515625
28.699996	1.4599609375	1.611328125
28.700996	2.5927734375	2.9052734375
28.701996	3.3837890625	3.212890625
28.702996	2.28515625	1.9384765625
28.703996	1.4404296875	1.5673828125
28.704996	2.5048828125	2.841796875
28.705996	3.3984375	3.2470703125
28.706996	2.373046875	1.9970703125
28.708	1.4404296875	1.5380859375
28.709	2.4267578125	2.763671875
28.71	3.3984375	3.2763671875
28.711	2.451171875	2.080078125
28.712	1.4404296875	1.5087890625
28.713	2.34375	2.6904296875
28.714	3.388671875	3.310546875
28.715	2.5341796875	2.158203125
28.716	1.4453125	1.4892578125
28.717	2.2607421875	2.6123046875
28.718	3.37890625	3.3203125
28.719	2.6123046875	2.2265625
28.719996	1.455078125	1.474609375
28.720996	2.1826171875	2.5341796875
28.721996	3.369140625	3.33984375
28.722996	2.685546875	2.294921875
28.723996	1.484375	1.455078125
28.724996	2.1142578125	2.4658203125
28.725996	3.349609375	3.3544921875
28.726996	2.7587890625	2.36328125
28.727996	1.4990234375	1.46484375
28.728996	2.0458984375	2.40234375
28.729996	3.3154296875	3.349609375
28.730996	2.8125	2.4365234375
28.731996	1.5234375	1.46484375
28.732996	1.9873046875	2.3388671875
28.733996	3.291015625	3.3447265625
28.734996	2.880859375	2.5
28.735996	1.5625	1.474609375
28.736996	1.9287109375	2.2705078125
28.737996	3.26171875	3.3349609375
28.738996	2.9345703125	2.5732421875
28.739996	1.591796875	1.474609375
28.740996	1.8701171875	2.20703125
28.741996	3.22265625	3.3251953125
28.742996	2.9833984375	2.6220703125
28.743996	1.62109375	1.4892578125
28.744996	1.81640625	2.158203125
28.745996	3.1884765625	3.310546875
28.746996	3.0322265625	2.6806640625
28.747996	1.669921875	1.5087890625
28.748996	1.767578125	2.08984375
28.750008	3.154296875	3.30078125
28.751	3.06640625	2.7197265625
28.752	1.7041015625	1.5185546875
28.753	1.728515625	2.041015625
28.754	3.1201171875	3.2666015625
28.755	3.115234375	2.783203125
28.756	1.7431640625	1.5380859375
28.757	1.6943359375	1.9970703125
28.758	3.0712890625	3.2421875
28.759	3.1591796875	2.8369140625
28.76	1.7822265625	1.5625
28.761	1.6552734375	1.9580078125
28.761996	3.0322265625	3.22265625
28.762996	3.193359375	2.8759765625
28.763996	1.8115234375	1.5869140625
28.764996	1.630859375	1.904296875
28.765996	2.9931640625	3.203125
28.766996	3.212890625	2.91015625
28.767996	1.865234375	1.6162109375
28.768996	1.6015625	1.8603515625
28.769996	2.958984375	3.173828125
28.770996	3.2421875	2.94921875
28.771996	1.8994140625	1.6357421875
28.772996	1.5673828125	1.8359375
28.773996	2.9150390625	3.154296875
28.774996	3.26171875	2.98828125
28.775996	1.93359375	1.669921875
28.776996	1.552734375	1.8017578125
28.777996	2.8662109375	3.1201171875
28.778996	3.2861328125	3.017578125
28.779996	1.97265625	1.6845703125
28.780996	1.533203125	1.767578125
28.781996	2.841796875	3.1005859375
28.782996	3.2958984375	3.037109375
28.783996	2.0068359375	1.71875
28.784996	1.513671875	1.7431640625
28.785996	2.802734375	3.0712890625
28.786996	3.3203125	3.06640625
28.787996	2.0458984375	1.73828125
28.788996	1.50390625	1.71875
28.789996	2.783203125	3.0517578125
28.790996	3.3349609375	3.0908203125
28.791996	2.0751953125	1.7626953125
28.793	1.4990234375	1.6943359375
28.794	2.7587890625	3.037109375
28.795	3.3447265625	3.1201171875
28.796	2.109375	1.7919921875
28.797	1.474609375	1.6796875
28.798	2.71484375	3.0078125
28.799	3.3447265625	3.125
28.8	2.1337890625	1.81640625
28.801	1.4794921875	1.669921875
28.802	2.6953125	2.98828125
28.803	3.3544921875	3.1494140625
28.804	2.158203125	1.826171875
28.804996	1.46484375	1.650390625
28.805996	2.6611328125	2.9638671875
28.806996	3.369140625	3.1640625
28.807996	2.1826171875	1.8603515625
28.808996	1.455078125	1.6357421875
28.809996	2.63671875	2.9541015625
28.810996	3.3740234375	3.1787109375
28.811996	2.197265625	1.865234375
28.812996	1.455078125	1.6162109375
28.813996	2.6171875	2.919921875
28.814996	3.3740234375	3.1884765625
28.815996	2.216796875	1.8798828125
28.816996	1.4501953125	1.611328125
28.817996	2.607421875	2.9150390625
28.818996	3.3837890625	3.1982421875
28.819996	2.2412109375	1.8896484375
28.820996	1.455078125	1.6015625
28.821996	2.587890625	2.900390625
28.822996	3.37890625	3.2080078125
28.823996	2.255859375	1.9091796875
28.824996	1.4501953125	1.591796875
28.825996	2.578125	2.8955078125
28.826996	3.388671875	3.212890625
28.827996	2.265625	1.9091796875
28.828996	1.4404296875	1.591796875
28.829996	2.5634765625	2.880859375
28.830996	3.388671875	3.203125
28.831996	2.275390625	1.9287109375
28.832996	1.4453125	1.5869140625
28.833996	2.55859375	2.87109375
28.834996	3.3837890625	3.2275390625
28.836	2.2900390625	1.9287109375
28.837	1.4453125	1.572265625
28.838	2.5537109375	2.87109375
28.839	3.388671875	3.2177734375
28.84	2.294921875	1.943359375
28.841	1.4501953125	1.5771484375
28.842	2.5390625	2.861328125
28.843	3.388671875	3.2275390625
28.844	2.2900390625	1.9384765625
28.845	1.435546875	1.572265625
28.846	2.1044921875	2.2998046875
28.847	2.1728515625	2.3291015625
28.847996	2.2265625	2.3193359375
28.848996	2.28515625	2.2998046875
28.849996	2.3486328125	2.2802734375
28.850996	2.412109375	2.294921875
28.851996	2.470703125	2.32421875
28.852996	2.5341796875	2.3779296875
28.853996	2.59765625	2.4365234375
28.854996	2.6611328125	2.5244140625
28.855996	2.71484375	2.6123046875
28.856996	2.7783203125	2.6904296875
28.857996	2.83203125	2.7685546875
28.858996	2.890625	2.822265625
28.859996	2.9443359375	2.890625
28.860996	2.998046875	2.939453125
28.861996	3.046875	2.98828125
28.862996	3.1005859375	3.0224609375
28.863996	3.134765625	3.076171875
28.864996	3.1787109375	3.10546875
28.865996	3.2177734375	3.1494140625
28.866996	3.251953125	3.193359375
28.867996	3.2861328125	3.2275390625
28.868996	3.3154296875	3.26171875
28.869996	3.3349609375	3.2861328125
28.870996	3.3544921875	3.3154296875
28.871996	3.3740234375	3.330078125
28.872996	3.388671875	3.349609375
28.873996	3.3837890625	3.3642578125
28.874996	3.3984375	3.37890625
28.875996	3.3935546875	3.37890625
28.876996	3.388671875	3.369140625
28.878008	3.37890625	3.3740234375
28.879	3.3642578125	3.3642578125
28.88	3.3544921875	3.349609375
28.881	3.330078125	3.330078125
28.882	3.30078125	3.3154296875
28.883	3.2763671875	3.291015625
28.884	3.2275390625	3.251953125
28.885	3.203125	3.2275390625
28.886	3.1591796875	3.1787109375
28.887	3.1103515625	3.134765625
28.888	3.056640625	3.095703125
28.889	3.0029296875	3.056640625
28.889996	2.94921875	2.998046875
28.890996	2.890625	2.939453125
28.891996	2.8271484375	2.8857421875
28.892996	2.7685546875	2.822265625
28.893996	2.7099609375	2.7685546875
28.894996	2.646484375	2.7001953125
28.895996	2.568359375	2.63671875
28.896996	2.509765625	2.5634765625
28.897996	2.44140625	2.5048828125
28.898996	2.3876953125	2.431640625
28.899996	2.2998046875	2.3681640625
28.900996	2.236328125	2.2998046875
28.901996	2.1728515625	2.2314453125
28.902996	2.099609375	2.1533203125
28.903996	2.0361328125	2.0849609375
28.904996	1.9677734375	2.0361328125
28.905996	1.9091796875	1.9677734375
28.906996	1.8408203125	1.904296875
28.907996	1.787109375	1.845703125
28.908996	1.7431640625	1.7919921875
28.909996	1.6943359375	1.7431640625
28.910996	1.6357421875	1.689453125
28.911996	1.6064453125	1.6455078125
28.912996	1.572265625	1.6015625
28.913996	1.533203125	1.5625
28.914996	1.50390625	1.5283203125
28.915996	1.484375	1.50390625
28.916996	1.4599609375	1.4794921875
28.917996	1.4501953125	1.455078125
28.918996	1.435546875	1.435546875
28.919996	1.435546875	1.4306640625
28.921	1.4404296875	1.4208984375
28.922	1.4453125	1.42578125
28.923	1.4599609375	1.435546875
28.924	1.4697265625	1.4453125
28.925	1.494140625	1.46484375
28.926	1.5234375	1.484375
28.927	1.5576171875	1.5185546875
28.928	1.591796875	1.54296875
28.929	1.630859375	1.5771484375
28.93	1.6845703125	1.6259765625
28.931	1.73828125	1.6650390625
28.932	1.7822265625	1.708984375
28.932996	1.8408203125	1.77734375
28.933996	1.8994140625	1.826171875
28.934996	1.9775390625	1.89453125
28.935996	2.041015625	1.9580078125
28.936996	2.109375	2.021484375
28.937996	2.1875	2.08984375
28.938996	2.2607421875	2.158203125
28.939996	2.32421875	2.2314453125
28.940996	2.4072265625	2.3193359375
28.941996	2.4853515625	2.3779296875
28.942996	2.5634765625	2.4609375
28.943996	2.6318359375	2.5439453125
28.944996	2.7001953125	2.6025390625
28.945996	2.7783203125	2.6806640625
28.946996	2.8369140625	2.75390625
28.947996	2.9052734375	2.8173828125
28.948996	2.978515625	2.8857421875
28.949996	3.0419921875	2.94921875
28.950996	3.1005859375	3.0029296875
28.951996	3.1396484375	3.0615234375
28.952996	3.193359375	3.125
28.953996	3.2421875	3.1787109375
28.954996	3.2666015625	3.2177734375
28.955996	3.3154296875	3.2568359375
28.956996	3.3447265625	3.28125
28.957996	3.369140625	3.3203125
28.958996	3.388671875	3.33984375
28.959996	3.3935546875	3.3544921875
28.960996	3.3984375	3.369140625
28.961996	3.3984375	3.369140625
28.962996	3.388671875	3.37890625
28.964	3.3740234375	3.359375
28.965	3.3544921875	3.3544921875
28.966	3.3251953125	3.3349609375
28.967	3.2958984375	3.310546875
28.968	3.2568359375	3.2763671875
28.969	3.2080078125	3.2373046875
28.97	3.1640625	3.1982421875
28.971	3.1103515625	3.154296875
28.972	3.046875	3.1005859375
28.973	2.978515625	3.037109375
28.974	2.919921875	2.9736328125
28.975	2.8515625	2.91015625
28.975996	2.783203125	2.8466796875
28.976996	2.7001953125	2.7685546875
28.977996	2.6220703125	2.6953125
28.978996	2.5439453125	2.6220703125
28.979996	2.4609375	2.5341796875
28.980996	2.3828125	2.4560546875
28.981996	2.2998046875	2.3828125
28.982996	2.2265625	2.3095703125
28.983996	2.1435546875	2.2216796875
28.984996	2.060546875	2.1435546875
28.985996	1.9970703125	2.0654296875
28.986996	1.904296875	1.9873046875
28.987996	1.8505859375	1.9091796875
28.988996	1.7822265625	1.8505859375
28.989996	1.7236328125	1.787109375
28.990996	1.6650390625	1.7138671875
28.991996	1.6162109375	1.6650390625
28.992996	1.58203125	1.6064453125
28.993996	1.5283203125	1.5625
28.994996	1.4990234375	1.5283203125
28.995996	1.474609375	1.494140625
28.996996	1.4501953125	1.474609375
28.997996	1.4453125	1.4453125
28.998996	1.4306640625	1.4306640625
28.999996	1.435546875	1.42578125
29.000996	1.4404296875	1.435546875
29.001996	1.46484375	1.435546875
29.002996	1.484375	1.4599609375
29.003996	1.5185546875	1.4794921875
29.004996	1.552734375	1.50390625
29.006008	1.591796875	1.54296875
29.007	1.650390625	1.5771484375
29.008	1.6943359375	1.6357421875
29.009	1.7578125	1.6943359375
29.01	1.8310546875	1.748046875
29.011	1.8896484375	1.8115234375
29.012	1.97265625	1.8701171875
29.013	2.041015625	1.9482421875
29.014	2.1240234375	2.0263671875
29.015	2.2119140625	2.1044921875
29.016	2.28515625	2.1923828125
29.017	2.3876953125	2.2705078125
29.017996	2.470703125	2.36328125
29.018996	2.548828125	2.4462890625
29.019996	2.646484375	2.5341796875
29.020996	2.7294921875	2.6123046875
29.021996	2.7978515625	2.7001953125
29.022996	2.880859375	2.7880859375
29.023996	2.9638671875	2.8515625
29.024996	3.02734375	2.9345703125
29.025996	3.1005859375	3.0078125
29.026996	3.154296875	3.0712890625
29.027996	3.2080078125	3.1298828125
29.028996	3.2666015625	3.18359375
29.029996	3.30078125	3.232421875
29.030996	3.330078125	3.271484375
29.031996	3.359375	3.310546875
29.032996	3.3837890625	3.33984375
29.033996	3.3984375	3.359375
29.034996	3.3935546875	3.369140625
29.035996	3.3984375	3.369140625
29.036996	3.3837890625	3.3642578125
29.037996	3.359375	3.359375
29.038996	3.330078125	3.33984375
29.039996	3.2958984375	3.3056640625
29.040996	3.251953125	3.2763671875
29.041996	3.203125	3.232421875
29.042996	3.14453125	3.18359375
29.043996	3.0810546875	3.125
29.044996	3.0078125	3.06640625
29.045996	2.9296875	2.98828125
29.046996	2.8515625	2.9248046875
29.047996	2.7685546875	2.8369140625
29.049	2.6806640625	2.75390625
29.05	2.59765625	2.67578125
29.051	2.509765625	2.5927734375
29.052	2.40234375	2.5
29.053	2.314453125	2.412109375
29.054	2.2314453125	2.314453125
29.055	2.138671875	2.2314453125
29.056	2.05078125	2.1435546875
29.057	1.97265625	2.0556640625
29.058	1.884765625	1.962890625
29.059	1.8115234375	1.89453125
29.06	1.73828125	1.81640625
29.060996	1.669921875	1.7431640625
29.061996	1.62109375	1.6796875
29.062996	1.5673828125	1.6162109375
29.063996	1.5283203125	1.572265625
29.064996	1.4990234375	1.5283203125
29.065996	1.4697265625	1.484375
29.066996	1.4501953125	1.4599609375
29.067996	1.4404296875	1.4453125
29.068996	1.4306640625	1.435546875
29.069996	1.4453125	1.435546875
29.070996	1.4599609375	1.4453125
29.071996	1.484375	1.46484375
29.072996	1.513671875	1.484375
29.073996	1.5625	1.5185546875
29.074996	1.6259765625	1.5576171875
29.075996	1.6748046875	1.6064453125
29.076996	1.748046875	1.6650390625
29.077996	1.81640625	1.73828125
29.078996	1.8896484375	1.796875
29.079996	1.9775390625	1.8896484375
29.080996	2.060546875	1.962890625
29.081996	2.158203125	2.0556640625
29.082996	2.24609375	2.138671875
29.083996	2.3486328125	2.236328125
29.084996	2.451171875	2.32421875
29.085996	2.5732421875	2.4267578125
29.086996	2.646484375	2.51953125
29.087996	2.7294921875	2.6171875
29.088996	2.822265625	2.705078125
29.089996	2.91015625	2.7978515625
29.090996	2.9931640625	2.880859375
29.092	3.0712890625	2.9638671875
29.093	3.14453125	3.0419921875
29.094	3.1982421875	3.10546875
29.095	3.251953125	3.1689453125
29.096	3.30078125	3.2275390625
29.097	3.33984375	3.271484375
29.098	3.3642578125	3.30078125
29.099	3.3837890625	3.3349609375
29.1	3.3935546875	3.3544921875
29.101	3.3984375	3.3740234375
29.102	3.3837890625	3.3642578125
29.103	3.3642578125	3.3642578125
29.103996	3.33984375	3.33984375
29.104996	3.2861328125	3.310546875
29.105996	3.2470703125	3.271484375
29.106996	3.18359375	3.22265625
29.107996	3.115234375	3.1640625
29.108996	3.046875	3.1103515625
29.109996	2.96875	3.037109375
29.110996	2.8759765625	2.958984375
29.111996	2.7880859375	2.880859375
29.112996	2.7001953125	2.7880859375
29.113996	2.59765625	2.6953125
29.114996	2.5048828125	2.59765625
29.115996	2.392578125	2.4951171875
29.116996	2.2900390625	2.40234375
29.117996	2.1923828125	2.2998046875
29.118996	2.0947265625	2.1923828125
29.119996	1.9970703125	2.1044921875
29.120996	1.9140625	2.0068359375
29.121996	1.8310546875	1.9189453125
29.122996	1.7529296875	1.8359375
29.123996	1.6845703125	1.7529296875
29.124996	1.62109375	1.6845703125
29.125996	1.5625	1.6162109375
29.126996	1.5234375	1.5673828125
29.127996	1.4794921875	1.5185546875
29.128996	1.4599609375	1.484375
29.129996	1.4404296875	1.46484375
29.130996	1.435546875	1.435546875
29.131996	1.4453125	1.435546875
29.132996	1.455078125	1.4404296875
29.134008	1.4794921875	1.46484375
29.135	1.5283203125	1.484375
29.136	1.572265625	1.513671875
29.137	1.630859375	1.5673828125
29.138	1.6943359375	1.6259765625
29.139	1.77734375	1.6845703125
29.14	1.865234375	1.7529296875
29.141	1.953125	1.845703125
29.142	2.0458984375	1.93359375
29.143	2.1484375	2.03125
29.144	2.24609375	2.1240234375
29.145	2.3486328125	2.2265625
29.145996	2.4658203125	2.3291015625
29.146996	2.5634765625	2.4267578125
29.147996	2.666015625	2.5341796875
29.148996	2.7734375	2.6416015625
29.149996	2.87109375	2.7392578125
29.150996	2.958984375	2.8369140625
29.151996	3.037109375	2.919921875
29.152996	3.125	3.0029296875
29.153996	3.1982421875	3.0908203125
29.154996	3.251953125	3.1494140625
29.155996	3.30078125	3.22265625
29.156996	3.33984375	3.2666015625
29.157996	3.369140625	3.3056640625
29.158996	3.3935546875	3.3349609375
29.159996	3.3984375	3.3642578125
29.160996	3.388671875	3.369140625
29.161996	3.369140625	3.3544921875
29.162996	3.33984375	3.3447265625
29.163996	3.30078125	3.3154296875
29.164996	3.251953125	3.2861328125
29.165996	3.193359375	3.232421875
29.166996	3.1201171875	3.1787109375
29.167996	3.037109375	3.1005859375
29.168996	2.9541015625	3.02734375
29.169996	2.8564453125	2.9345703125
29.170996	2.7587890625	2.8564453125
29.171996	2.65625	2.75390625
29.172996	2.548828125	2.6513671875
29.173996	2.431640625	2.548828125
29.174996	2.32421875	2.431640625
29.175996	2.216796875	2.32421875
29.177	2.109375	2.216796875
29.178	2.01171875	2.109375
29.179	1.904296875	2.0166015625
29.18	1.81640625	1.9140625
29.181	1.7333984375	1.826171875
29.182	1.66015625	1.7431640625
29.183	1.591796875	1.669921875
29.184	1.533203125	1.6015625
29.185	1.484375	1.5478515625
29.186	1.455078125	1.4990234375
29.187	1.435546875	1.46484375
29.188	1.435546875	1.4501953125
29.188996	1.435546875	1.435546875
29.189996	1.455078125	1.4453125
29.190996	1.494140625	1.4599609375
29.191996	1.533203125	1.4794921875
29.192996	1.591796875	1.5185546875
29.193996	1.650390625	1.58203125
29.194996	1.728515625	1.640625
29.195996	1.8212890625	1.7138671875
29.196996	1.9140625	1.7919921875
29.197996	2.0068359375	1.8896484375
29.198996	2.119140625	1.9775390625
29.199996	2.2216796875	2.0849609375
29.200996	2.3388671875	2.197265625
29.201996	2.4462890625	2.3095703125
29.202996	2.5732421875	2.4169921875
29.203996	2.6806640625	2.5390625
29.204996	2.7880859375	2.6416015625
29.205996	2.8857421875	2.75390625
29.206996	2.9833984375	2.861328125
29.207996	3.0810546875	2.94921875
29.208996	3.154296875	3.037109375
29.209996	3.232421875	3.125
29.210996	3.28125	3.193359375
29.211996	3.3203125	3.251953125
29.212996	3.369140625	3.2958984375
29.213996	3.3984375	3.330078125
29.214996	3.3984375	3.3544921875
29.215996	3.388671875	3.3642578125
29.216996	3.369140625	3.3642578125
29.217996	3.330078125	3.3349609375
29.218996	3.2861328125	3.3154296875
29.22	3.232421875	3.2763671875
29.221	3.1640625	3.2177734375
29.222	3.0859375	3.14453125
29.223	2.998046875	3.06640625
29.224	2.8955078125	2.9833984375
29.225	2.783203125	2.880859375
29.226	2.67578125	2.783203125
29.227	2.55859375	2.6806640625
29.228	2.4365234375	2.55859375
29.229	2.3193359375	2.451171875
29.23	2.20703125	2.3291015625
29.231	2.08984375	2.216796875
29.231996	1.9873046875	2.099609375
29.232996	1.884765625	1.9970703125
29.233996	1.7822265625	1.89453125
29.234996	1.6943359375	1.796875
29.235996	1.6259765625	1.7138671875
29.236996	1.5625	1.630859375
29.237996	1.50390625	1.5771484375
29.238996	1.4697265625	1.5185546875
29.239996	1.4453125	1.474609375
29.240996	1.4306640625	1.455078125
29.241996	1.4306640625	1.4404296875
29.242996	1.4599609375	1.4453125
29.243996	1.4892578125	1.46484375
29.244996	1.54296875	1.494140625
29.245996	1.6015625	1.5380859375
29.246996	1.6796875	1.5869140625
29.247996	1.7578125	1.6650390625
29.248996	1.8603515625	1.7431640625
29.249996	1.9580078125	1.826171875
29.250996	2.0654296875	1.9384765625
29.251996	2.177734375	2.0458984375
29.252996	2.3046875	2.158203125
29.253996	2.431640625	2.2802734375
29.254996	2.5537109375	2.392578125
29.255996	2.666015625	2.51953125
29.256996	2.783203125	2.6318359375
29.257996	2.8955078125	2.7490234375
29.258996	2.9931640625	2.861328125
29.259996	3.0859375	2.958984375
29.260996	3.1640625	3.0517578125
29.262008	3.251953125	3.1396484375
29.263	3.3056640625	3.2080078125
29.264	3.3349609375	3.2666015625
29.265	3.37890625	3.310546875
29.266	3.3935546875	3.349609375
29.267	3.3935546875	3.3642578125
29.268	3.3837890625	3.3544921875
29.269	3.3447265625	3.3447265625
29.27	3.30078125	3.3251953125
29.271	3.2373046875	3.2763671875
29.272	3.1689453125	3.22265625
29.273	3.0810546875	3.1494140625
29.273996	2.978515625	3.0615234375
29.274996	2.880859375	2.9736328125
29.275996	2.763671875	2.87109375
29.276996	2.63671875	2.7685546875
29.277996	2.51953125	2.63671875
29.278996	2.3974609375	2.529296875
29.279996	2.2705078125	2.40234375
29.280996	2.1484375	2.2802734375
29.281996	2.021484375	2.1533203125
29.282996	1.9140625	2.041015625
29.283996	1.806640625	1.923828125
29.284996	1.71875	1.8212890625
29.285996	1.6259765625	1.7333984375
29.286996	1.5673828125	1.6455078125
29.287996	1.513671875	1.58203125
29.288996	1.46484375	1.5234375
29.289996	1.4501953125	1.4794921875
29.290996	1.4306640625	1.4501953125
29.291996	1.4404296875	1.4404296875
29.292996	1.474609375	1.4501953125
29.293996	1.5087890625	1.46484375
29.294996	1.5673828125	1.513671875
29.295996	1.6357421875	1.5625
29.296996	1.7138671875	1.630859375
29.297996	1.8115234375	1.708984375
29.298996	1.9140625	1.8017578125
29.299996	2.03125	1.8994140625
29.300996	2.158203125	2.0068359375
29.301996	2.28515625	2.1337890625
29.302996	2.421875	2.2509765625
29.303996	2.548828125	2.3828125
29.305	2.6708984375	2.5146484375
29.306	2.79296875	2.63671875
29.307	2.91015625	2.7587890625
29.308	3.0078125	2.87109375
29.309	3.115234375	2.978515625
29.31	3.203125	3.076171875
29.311	3.271484375	3.1640625
29.312	3.3251953125	3.232421875
29.313	3.369140625	3.28125
29.314	3.388671875	3.3349609375
29.315	3.3935546875	3.3544921875
29.316	3.37890625	3.3642578125
29.316996	3.349609375	3.3544921875
29.317996	3.3154296875	3.3203125
29.318996	3.2470703125	3.28125
29.319996	3.173828125	3.2275390625
29.320996	3.0908203125	3.154296875
29.321996	2.978515625	3.06640625
29.322996	2.8759765625	2.9736328125
29.323996	2.7490234375	2.8564453125
29.324996	2.6220703125	2.7490234375
29.325996	2.490234375	2.626953125
29.326996	2.353515625	2.490234375
29.327996	2.216796875	2.3583984375
29.328996	2.099609375	2.2412109375
29.329996	1.9775390625	2.109375
29.330996	1.8603515625	1.9921875
29.331996	1.7626953125	1.875
29.332996	1.66015625	1.767578125
29.333996	1.5869140625	1.6796875
29.334996	1.5185546875	1.6015625
29.335996	1.4794921875	1.54296875
29.336996	1.4404296875	1.484375
29.337996	1.4404296875	1.4599609375
29.338996	1.4404296875	1.4501953125
29.339996	1.4697265625	1.455078125
29.340996	1.5087890625	1.474609375
29.341996	1.5771484375	1.513671875
29.342996	1.650390625	1.5673828125
29.343996	1.7431640625	1.6455078125
29.344996	1.8505859375	1.7236328125
29.345996	1.9677734375	1.826171875
29.346996	2.080078125	1.93359375
29.348	2.2216796875	2.060546875
29.349	2.353515625	2.1875
29.35	2.48046875	2.314453125
29.351	2.6220703125	2.451171875
29.352	2.75390625	2.5830078125
29.353	2.880859375	2.71484375
29.354	2.9931640625	2.83203125
29.355	3.095703125	2.94921875
29.356	3.193359375	3.0517578125
29.357	3.271484375	3.1494140625
29.358	3.3251953125	3.22265625
29.359	3.369140625	3.2861328125
29.359996	3.3935546875	3.3251953125
29.360996	3.388671875	3.3544921875
29.361996	3.37890625	3.359375
29.362996	3.3447265625	3.349609375
29.363996	3.28125	3.3154296875
29.364996	3.2177734375	3.2666015625
29.365996	3.134765625	3.203125
29.366996	3.037109375	3.1201171875
29.367996	2.9296875	3.0224609375
29.368996	2.7978515625	2.9150390625
29.369996	2.666015625	2.79296875
29.370996	2.529296875	2.6708984375
29.371996	2.3974609375	2.529296875
29.372996	2.24609375	2.40234375
29.373996	2.119140625	2.265625
29.374996	1.9921875	2.1240234375
29.375996	1.865234375	2.0068359375
29.376996	1.7626953125	1.884765625
29.377996	1.66015625	1.77734375
29.378996	1.5771484375	1.6845703125
29.379996	1.5087890625	1.591796875
29.380996	1.46484375	1.533203125
29.381996	1.435546875	1.4892578125
29.382996	1.4306640625	1.455078125
29.383996	1.4501953125	1.4501953125
29.384996	1.484375	1.4599609375
29.385996	1.5380859375	1.4892578125
29.386996	1.6015625	1.533203125
29.387996	1.69921875	1.6064453125
29.388996	1.8017578125	1.6845703125
29.390008	1.9189453125	1.7919921875
29.391	2.05078125	1.8994140625
29.392	2.177734375	2.0166015625
29.393	2.3193359375	2.1435546875
29.394	2.470703125	2.28515625
29.395	2.6025390625	2.4267578125
29.396	2.7490234375	2.5634765625
29.397	2.87109375	2.6953125
29.398	2.998046875	2.8271484375
29.399	3.1005859375	2.94921875
29.4	3.203125	3.046875
29.401	3.2763671875	3.154296875
29.401996	3.3349609375	3.22265625
29.402996	3.37890625	3.2861328125
29.403996	3.3984375	3.3349609375
29.404996	3.388671875	3.349609375
29.405996	3.3642578125	3.3544921875
29.406996	3.330078125	3.33984375
29.407996	3.2568359375	3.2958984375
29.408996	3.1787109375	3.2275390625
29.409996	3.0810546875	3.1640625
29.410996	2.96875	3.0615234375
29.411996	2.841796875	2.958984375
29.412996	2.705078125	2.8369140625
29.413996	2.55859375	2.7099609375
29.414996	2.4169921875	2.578125
29.415996	2.2705078125	2.431640625
29.416996	2.1240234375	2.28515625
29.417996	1.9921875	2.1533203125
29.418996	1.865234375	2.0166015625
29.419996	1.7529296875	1.8896484375
29.420996	1.650390625	1.77734375
29.421996	1.5673828125	1.6748046875
29.422996	1.50390625	1.5869140625
29.423996	1.4599609375	1.533203125
29.424996	1.435546875	1.4794921875
29.425996	1.4404296875	1.455078125
29.426996	1.4599609375	1.455078125
29.427996	1.4990234375	1.46484375
29.428996	1.5673828125	1.5087890625
29.429996	1.650390625	1.5576171875
29.430996	1.7529296875	1.640625
29.431996	1.8701171875	1.7431640625
29.433	2.001953125	1.845703125
29.434	2.138671875	1.9775390625
29.435	2.28515625	2.109375
29.436	2.4365234375	2.24609375
29.437	2.578125	2.3876953125
29.438	2.7197265625	2.5341796875
29.439	2.861328125	2.6806640625
29.44	2.98828125	2.8076171875
29.441	3.10546875	2.9443359375
29.442	3.203125	3.0517578125
29.443	3.2861328125	3.154296875
29.444	3.3349609375	3.232421875
29.444996	3.37890625	3.2861328125
29.445996	3.388671875	3.330078125
29.446996	3.3837890625	3.349609375
29.447996	3.3544921875	3.3447265625
29.448996	3.310546875	3.3203125
29.449996	3.2275390625	3.2763671875
29.450996	3.14453125	3.2080078125
29.451996	3.0322265625	3.125
29.452996	2.9052734375	3.017578125
29.453996	2.7685546875	2.900390625
29.454996	2.626953125	2.763671875
29.455996	2.4755859375	2.6220703125
29.456996	2.3193359375	2.4853515625
29.457996	2.1728515625	2.3291015625
29.458996	2.0263671875	2.1923828125
29.459996	1.89453125	2.05078125
29.460996	1.7626953125	1.9091796875
29.461996	1.6650390625	1.796875
29.462996	1.5771484375	1.689453125
29.463996	1.5087890625	1.5966796875
29.464996	1.455078125	1.533203125
29.465996	1.435546875	1.4794921875
29.466996	1.435546875	1.4599609375
29.467996	1.4697265625	1.4453125
29.468996	1.513671875	1.474609375
29.469996	1.5869140625	1.5185546875
29.470996	1.6748046875	1.572265625
29.471996	1.787109375	1.66015625
29.472996	1.9140625	1.767578125
29.473996	2.0458984375	1.884765625
29.474996	2.1875	2.021484375
29.476	2.34375	2.16796875
29.477	2.5048828125	2.3095703125
29.478	2.6611328125	2.4560546875
29.479	2.8076171875	2.6123046875
29.48	2.9345703125	2.7587890625
29.481	3.0615234375	2.890625
29.482	3.1787109375	3.0126953125
29.483	3.2666015625	3.125
29.484	3.3203125	3.212890625
29.485	3.3740234375	3.28125
29.486	3.4033203125	3.3203125
29.487	3.3935546875	3.33984375
29.487996	3.3642578125	3.3544921875
29.488996	3.310546875	3.3154296875
29.489996	3.2275390625	3.2763671875
29.490996	3.134765625	3.2080078125
29.491996	3.0224609375	3.1103515625
29.492996	2.890625	3.0078125
29.493996	2.7392578125	2.8857421875
