Channel Accuracy: 10 Bits
Measurement Range 0...5V --> Resolution: 5V/2^10 = 4.9mV
Measured Single Channel at a Frequency of 1000 Hz
Time (s)	Voltage (V)
0	0.615234375
0.001004	0.6201171875
0.001996	0.6201171875
0.002996	0.625
0.003996	0.6103515625
0.004996	0.6201171875
0.005996	0.6201171875
0.006996	0.6201171875
0.007996	0.6201171875
0.008996	0.6201171875
0.009996	0.625
0.011004	0.6201171875
0.011996	0.615234375
0.013	0.615234375
0.014	0.6201171875
0.015	0.6201171875
0.016	0.6103515625
0.017	0.615234375
0.017996	0.625
0.018996	0.6201171875
0.019996	0.6201171875
0.020996	0.6201171875
0.021996	0.6103515625
0.022996	0.625
0.023996	0.6201171875
0.024996	0.6201171875
0.025996	0.6201171875
0.026996	0.6201171875
0.027996	0.6201171875
0.028996	0.615234375
0.029996	0.615234375
0.030996	0.615234375
0.031996	0.6103515625
0.032996	0.625
0.033996	0.615234375
0.034996	0.6201171875
0.035996	0.6201171875
0.036996	0.625
0.037996	0.6201171875
0.038996	0.615234375
0.039996	0.625
0.040996	0.6201171875
0.041996	0.6201171875
0.042996	0.6201171875
0.043996	0.6201171875
0.044996	0.6201171875
0.045996	0.6201171875
0.046996	0.6201171875
0.047996	0.6201171875
0.048996	0.6201171875
0.049996	0.6201171875
0.050996	0.6201171875
0.051996	0.6201171875
0.052996	0.6201171875
0.054	0.615234375
0.054996	0.6103515625
0.056	0.6201171875
0.057	0.6201171875
0.058	0.6201171875
0.059	0.615234375
0.06	0.6103515625
0.060996	0.615234375
0.061996	0.6201171875
0.062996	0.6201171875
0.063996	0.615234375
0.064996	0.625
0.065996	0.6201171875
0.066996	0.615234375
0.067996	0.615234375
0.068996	0.6103515625
0.069996	0.615234375
0.070996	0.6103515625
0.071996	0.615234375
0.072996	0.625
0.073996	0.615234375
0.074996	0.6201171875
0.075996	0.615234375
0.076996	0.625
0.077996	0.6201171875
0.078996	0.625
0.079996	0.6201171875
0.080996	0.615234375
0.081996	0.6201171875
0.082996	0.6103515625
0.083996	0.615234375
0.084996	0.615234375
0.085996	0.6103515625
0.086996	0.625
0.087996	0.6201171875
0.088996	0.6201171875
0.089996	0.6201171875
0.090996	0.6103515625
0.091996	0.615234375
0.092996	0.625
0.093996	0.6201171875
0.094996	0.6103515625
0.095996	0.615234375
0.097	0.615234375
0.097996	0.615234375
0.099	0.625
0.1	0.615234375
0.101	0.615234375
0.102	0.6103515625
0.103	0.6201171875
0.103996	0.6201171875
0.104996	0.625
0.105996	0.6201171875
0.106996	0.6201171875
0.107996	0.625
0.108996	0.6201171875
0.109996	0.615234375
0.110996	0.625
0.111996	0.615234375
0.112996	0.615234375
0.113996	0.6201171875
0.114996	0.615234375
0.115996	0.6201171875
0.116996	0.615234375
0.117996	0.625
0.118996	0.615234375
0.119996	0.615234375
0.120996	0.6201171875
0.121996	0.6201171875
0.122996	0.6201171875
0.123996	0.615234375
0.124996	0.615234375
0.125996	0.6103515625
0.126996	0.6103515625
0.127996	0.615234375
0.128996	0.6103515625
0.129996	0.6103515625
0.130996	0.6201171875
0.131996	0.6103515625
0.132996	0.6201171875
0.133996	0.615234375
0.134996	0.6201171875
0.135996	0.6201171875
0.136996	0.6201171875
0.137996	0.6201171875
0.139004	0.6103515625
0.139996	0.615234375
0.141	0.615234375
0.142	0.6201171875
0.143	0.615234375
0.144	0.6103515625
0.145	0.6201171875
0.145996	0.625
0.146996	0.6201171875
0.147996	0.615234375
0.148996	0.6201171875
0.149996	0.615234375
0.150996	0.615234375
0.151996	0.615234375
0.152996	0.615234375
0.153996	0.615234375
0.154996	0.6103515625
0.155996	0.615234375
0.156996	0.625
0.157996	0.6103515625
0.158996	0.615234375
0.159996	0.615234375
0.160996	0.615234375
0.161996	0.6201171875
0.162996	0.6201171875
0.163996	0.615234375
0.164996	0.6201171875
0.165996	0.615234375
0.166996	0.615234375
0.167996	0.625
0.168996	0.615234375
0.169996	0.615234375
0.170996	0.615234375
0.171996	0.615234375
0.172996	0.6201171875
0.173996	0.615234375
0.174996	0.6103515625
0.175996	0.6201171875
0.176996	0.6103515625
0.177996	0.615234375
0.178996	0.6201171875
0.179996	0.6103515625
0.180996	0.6201171875
0.182	0.615234375
0.182996	0.625
0.184	0.6103515625
0.185	0.6201171875
0.186	0.6103515625
0.187	0.6201171875
0.188	0.6103515625
0.188996	0.625
0.189996	0.6201171875
0.190996	0.615234375
0.191996	0.615234375
0.192996	0.615234375
0.193996	0.6201171875
0.194996	0.6103515625
0.195996	0.6201171875
0.196996	0.6201171875
0.197996	0.615234375
0.198996	0.6201171875
0.199996	0.6201171875
0.200996	0.6201171875
0.201996	0.615234375
0.202996	0.6103515625
0.203996	0.6201171875
0.204996	0.625
0.205996	0.6201171875
0.206996	0.6201171875
0.207996	0.6201171875
0.208996	0.6201171875
0.209996	0.6103515625
0.210996	0.6201171875
0.211996	0.6103515625
0.212996	0.6201171875
0.213996	0.615234375
0.214996	0.615234375
0.215996	0.6103515625
0.216996	0.625
0.217996	0.6103515625
0.218996	0.625
0.219996	0.615234375
0.220996	0.615234375
0.221996	0.615234375
0.222996	0.615234375
0.223996	0.615234375
0.225	0.625
0.225996	0.615234375
0.227	0.6103515625
0.228	0.6201171875
0.229	0.6201171875
0.23	0.6201171875
0.231	0.615234375
0.231996	0.6103515625
0.232996	0.6201171875
0.233996	0.615234375
0.234996	0.6103515625
0.235996	0.6201171875
0.236996	0.615234375
0.237996	0.6201171875
0.238996	0.6201171875
0.239996	0.615234375
0.240996	0.615234375
0.241996	0.6103515625
0.242996	0.615234375
0.243996	0.6201171875
0.244996	0.615234375
0.245996	0.615234375
0.246996	0.6103515625
0.247996	0.6201171875
0.248996	0.6201171875
0.249996	0.6201171875
0.250996	0.6201171875
0.251996	0.625
0.252996	0.615234375
0.253996	0.625
0.254996	0.615234375
0.255996	0.615234375
0.256996	0.625
0.257996	0.615234375
0.258996	0.615234375
0.259996	0.6201171875
0.260996	0.6201171875
0.261996	0.625
0.262996	0.6201171875
0.263996	0.6103515625
0.264996	0.6201171875
0.265996	0.615234375
0.267004	0.6201171875
0.267996	0.615234375
0.269	0.6103515625
0.27	0.6201171875
0.271	0.6201171875
0.272	0.6201171875
0.273	0.6103515625
0.273996	0.615234375
0.274996	0.6201171875
0.275996	0.615234375
0.276996	0.6103515625
0.277996	0.615234375
0.278996	0.6103515625
0.279996	0.615234375
0.280996	0.615234375
0.281996	0.6201171875
0.282996	0.615234375
0.283996	0.615234375
0.284996	0.625
0.285996	0.615234375
0.286996	0.6103515625
0.287996	0.6103515625
0.288996	0.615234375
0.289996	0.6201171875
0.290996	0.615234375
0.291996	0.625
0.292996	0.6201171875
0.293996	0.6201171875
0.294996	0.615234375
0.295996	0.615234375
0.296996	0.6201171875
0.297996	0.6201171875
0.298996	0.6201171875
0.299996	0.625
0.300996	0.6201171875
0.301996	0.615234375
0.302996	0.615234375
0.303996	0.615234375
0.304996	0.6103515625
0.305996	0.6201171875
0.306996	0.615234375
0.307996	0.6201171875
0.308996	0.6201171875
0.31	0.6103515625
0.310996	0.615234375
0.312	0.615234375
0.313	0.615234375
0.314	0.6201171875
0.315	0.625
0.316	0.615234375
0.316996	0.6201171875
0.317996	0.615234375
0.318996	0.615234375
0.319996	0.615234375
0.320996	0.615234375
0.321996	0.615234375
0.322996	0.6201171875
0.323996	0.6201171875
0.324996	0.615234375
0.325996	0.615234375
0.326996	0.615234375
0.327996	0.615234375
0.328996	0.615234375
0.329996	0.625
0.330996	0.6201171875
0.331996	0.6201171875
0.332996	0.615234375
0.333996	0.615234375
0.334996	0.615234375
0.335996	0.615234375
0.336996	0.625
0.337996	0.615234375
0.338996	0.6103515625
0.339996	0.615234375
0.340996	0.6201171875
0.341996	0.6103515625
0.342996	0.6103515625
0.343996	0.615234375
0.344996	0.615234375
0.345996	0.625
0.346996	0.6201171875
0.347996	0.6201171875
0.348996	0.615234375
0.349996	0.6201171875
0.350996	0.625
0.351996	0.615234375
0.353	0.615234375
0.353996	0.6103515625
0.355	0.6201171875
0.356	0.625
0.357	0.6201171875
0.358	0.6201171875
0.359	0.6103515625
0.359996	0.625
0.360996	0.6201171875
0.361996	0.615234375
0.362996	0.60546875
0.363996	0.625
0.364996	0.6103515625
0.365996	0.6201171875
0.366996	0.6103515625
0.367996	0.6103515625
0.368996	0.615234375
0.369996	0.6201171875
0.370996	0.6103515625
0.371996	0.615234375
0.372996	0.6201171875
0.373996	0.625
0.374996	0.615234375
0.375996	0.615234375
0.376996	0.625
0.377996	0.615234375
0.378996	0.6201171875
0.379996	0.615234375
0.380996	0.6201171875
0.381996	0.615234375
0.382996	0.615234375
0.383996	0.6103515625
0.384996	0.6201171875
0.385996	0.6103515625
0.386996	0.615234375
0.387996	0.615234375
0.388996	0.625
0.389996	0.6201171875
0.390996	0.615234375
0.391996	0.615234375
0.392996	0.615234375
0.393996	0.6201171875
0.395004	0.6201171875
0.395996	0.6103515625
0.397	0.625
0.398	0.615234375
0.399	0.6201171875
0.4	0.625
0.401	0.6201171875
0.401996	0.615234375
0.402996	0.6103515625
0.403996	0.6103515625
0.404996	0.6103515625
0.405996	0.615234375
0.406996	0.6201171875
0.407996	0.615234375
0.408996	0.615234375
0.409996	0.6103515625
0.410996	0.6103515625
0.411996	0.6201171875
0.412996	0.625
0.413996	0.625
0.414996	0.6201171875
0.415996	0.6201171875
0.416996	0.615234375
0.417996	0.615234375
0.418996	0.615234375
0.419996	0.615234375
0.420996	0.6103515625
0.421996	0.6103515625
0.422996	0.6103515625
0.423996	0.6103515625
0.424996	0.615234375
0.425996	0.615234375
0.426996	0.6201171875
0.427996	0.6103515625
0.428996	0.6201171875
0.429996	0.6103515625
0.430996	0.6201171875
0.431996	0.6201171875
0.432996	0.6201171875
0.433996	0.615234375
0.434996	0.6201171875
0.435996	0.615234375
0.436996	0.6201171875
0.438	0.6103515625
0.438996	0.625
0.44	0.6201171875
0.441	0.625
0.442	0.6201171875
0.443	0.6201171875
0.444	0.6103515625
0.444996	0.6201171875
0.445996	0.6103515625
0.446996	0.625
0.447996	0.6201171875
0.448996	0.6201171875
0.449996	0.6103515625
0.450996	0.6201171875
0.451996	0.615234375
0.452996	0.625
0.453996	0.615234375
0.454996	0.6201171875
0.455996	0.615234375
0.456996	0.6201171875
0.457996	0.615234375
0.458996	0.625
0.459996	0.615234375
0.460996	0.615234375
0.461996	0.615234375
0.462996	0.615234375
0.463996	0.6201171875
0.464996	0.625
0.465996	0.6103515625
0.466996	0.6103515625
0.467996	0.615234375
0.468996	0.615234375
0.469996	0.6201171875
0.470996	0.615234375
0.471996	0.615234375
0.472996	0.6201171875
0.473996	0.6201171875
0.474996	0.60546875
0.475996	0.615234375
0.476996	0.6103515625
0.477996	0.615234375
0.478996	0.6201171875
0.479996	0.6103515625
0.481	0.6201171875
0.481996	0.6201171875
0.483	0.6201171875
0.484	0.6201171875
0.485	0.6103515625
0.486	0.615234375
0.487	0.6201171875
0.487996	0.615234375
0.488996	0.615234375
0.489996	0.6103515625
0.490996	0.615234375
0.491996	0.6103515625
0.492996	0.6103515625
0.493996	0.6103515625
0.494996	0.615234375
0.495996	0.615234375
0.496996	0.6201171875
0.497996	0.6201171875
0.498996	0.615234375
0.499996	0.615234375
0.500996	0.6201171875
0.501996	0.615234375
0.502996	0.6103515625
0.503996	0.6103515625
0.504996	0.615234375
0.505996	0.6103515625
0.506996	0.625
0.507996	0.615234375
0.508996	0.6103515625
0.509996	0.6103515625
0.510996	0.615234375
0.511996	0.6201171875
0.512996	0.6103515625
0.513996	0.6201171875
0.514996	0.625
0.515996	0.6201171875
0.516996	0.615234375
0.517996	0.6103515625
0.518996	0.6103515625
0.519996	0.60546875
0.520996	0.6201171875
0.521996	0.625
0.523004	0.6103515625
0.523996	0.6103515625
0.525	0.6201171875
0.526	0.6103515625
0.527	0.6201171875
0.528	0.6201171875
0.529	0.6201171875
0.529996	0.6103515625
0.530996	0.615234375
0.531996	0.6201171875
0.532996	0.615234375
0.533996	0.615234375
0.534996	0.615234375
0.535996	0.615234375
0.536996	0.615234375
0.537996	0.615234375
0.538996	0.6103515625
0.539996	0.6201171875
0.540996	0.6103515625
0.541996	0.6103515625
0.542996	0.615234375
0.543996	0.615234375
0.544996	0.6103515625
0.545996	0.615234375
0.546996	0.6103515625
0.547996	0.6201171875
0.548996	0.6201171875
0.549996	0.6201171875
0.550996	0.6201171875
0.551996	0.615234375
0.552996	0.615234375
0.553996	0.6201171875
0.554996	0.6103515625
0.555996	0.625
0.556996	0.6201171875
0.557996	0.6103515625
0.558996	0.625
0.559996	0.6103515625
0.560996	0.615234375
0.561996	0.615234375
0.562996	0.6103515625
0.563996	0.615234375
0.564996	0.615234375
0.566	0.6103515625
0.566996	0.615234375
0.568	0.6201171875
0.569	0.6201171875
0.57	0.6201171875
0.571	0.6201171875
0.572	0.6201171875
0.572996	0.6201171875
0.573996	0.615234375
0.574996	0.615234375
0.575996	0.6103515625
0.576996	0.6103515625
0.577996	0.615234375
0.578996	0.6201171875
0.579996	0.615234375
0.580996	0.615234375
0.581996	0.6103515625
0.582996	0.615234375
0.583996	0.615234375
0.584996	0.615234375
0.585996	0.615234375
0.586996	0.6201171875
0.587996	0.6103515625
0.588996	0.6103515625
0.589996	0.625
0.590996	0.6103515625
0.591996	0.615234375
0.592996	0.615234375
0.593996	0.615234375
0.594996	0.625
0.595996	0.6103515625
0.596996	0.6201171875
0.597996	0.6201171875
0.598996	0.615234375
0.599996	0.615234375
0.600996	0.6201171875
0.601996	0.615234375
0.602996	0.615234375
0.603996	0.615234375
0.604996	0.615234375
0.605996	0.615234375
0.606996	0.615234375
0.607996	0.625
0.609	0.615234375
0.609996	0.6201171875
0.611	0.6201171875
0.612	0.6201171875
0.613	0.615234375
0.614	0.615234375
0.615	0.6103515625
0.615996	0.615234375
0.616996	0.6103515625
0.617996	0.615234375
0.618996	0.6201171875
0.619996	0.615234375
0.620996	0.615234375
0.621996	0.615234375
0.622996	0.615234375
0.623996	0.615234375
0.624996	0.615234375
0.625996	0.615234375
0.626996	0.615234375
0.627996	0.6103515625
0.628996	0.615234375
0.629996	0.615234375
0.630996	0.6103515625
0.631996	0.615234375
0.632996	0.615234375
0.633996	0.6103515625
0.634996	0.615234375
0.635996	0.6201171875
0.636996	0.6201171875
0.637996	0.6201171875
0.638996	0.615234375
0.639996	0.6201171875
0.640996	0.615234375
0.641996	0.615234375
0.642996	0.615234375
0.643996	0.615234375
0.644996	0.615234375
0.645996	0.6201171875
0.646996	0.6201171875
0.647996	0.6201171875
0.648996	0.6201171875
0.649996	0.6103515625
0.651004	0.615234375
0.651996	0.615234375
0.653	0.6201171875
0.654	0.6201171875
0.655	0.6201171875
0.656	0.6201171875
0.657	0.6201171875
0.657996	0.615234375
0.658996	0.615234375
0.659996	0.615234375
0.660996	0.615234375
0.661996	0.615234375
0.662996	0.615234375
0.663996	0.6201171875
0.664996	0.615234375
0.665996	0.615234375
0.666996	0.615234375
0.667996	0.6201171875
0.668996	0.6201171875
0.669996	0.615234375
0.670996	0.6103515625
0.671996	0.615234375
0.672996	0.615234375
0.673996	0.6201171875
0.674996	0.615234375
0.675996	0.615234375
0.676996	0.615234375
0.677996	0.6103515625
0.678996	0.6103515625
0.679996	0.6103515625
0.680996	0.615234375
0.681996	0.6103515625
0.682996	0.615234375
0.683996	0.6201171875
0.684996	0.625
0.685996	0.6103515625
0.686996	0.6201171875
0.687996	0.615234375
0.688996	0.6201171875
0.689996	0.6103515625
0.690996	0.6201171875
0.691996	0.615234375
0.692996	0.6103515625
0.694	0.6103515625
0.694996	0.6201171875
0.696	0.6201171875
0.697	0.6201171875
0.698	0.6201171875
0.699	0.615234375
0.7	0.6103515625
0.700996	0.6201171875
0.701996	0.615234375
0.702996	0.6201171875
0.703996	0.60546875
0.704996	0.615234375
0.705996	0.615234375
0.706996	0.6201171875
0.707996	0.6201171875
0.708996	0.615234375
0.709996	0.6201171875
0.710996	0.6103515625
0.711996	0.615234375
0.712996	0.615234375
0.713996	0.6201171875
0.714996	0.6103515625
0.715996	0.615234375
0.716996	0.615234375
0.717996	0.60546875
0.718996	0.6103515625
0.719996	0.615234375
0.720996	0.6103515625
0.721996	0.615234375
0.722996	0.6201171875
0.723996	0.6201171875
0.724996	0.6201171875
0.725996	0.6103515625
0.726996	0.615234375
0.727996	0.6201171875
0.728996	0.615234375
0.729996	0.6103515625
0.730996	0.6201171875
0.731996	0.615234375
0.732996	0.6201171875
0.733996	0.615234375
0.734996	0.6103515625
0.735996	0.615234375
0.737	0.6103515625
0.737996	0.6201171875
0.739	0.6201171875
0.74	0.6201171875
0.741	0.6201171875
0.742	0.615234375
0.743	0.6103515625
0.743996	0.6201171875
0.744996	0.615234375
0.745996	0.6201171875
0.746996	0.615234375
0.747996	0.615234375
0.748996	0.615234375
0.749996	0.625
0.750996	0.615234375
0.751996	0.615234375
0.752996	0.615234375
0.753996	0.6201171875
0.754996	0.615234375
0.755996	0.615234375
0.756996	0.615234375
0.757996	0.6103515625
0.758996	0.615234375
0.759996	0.6103515625
0.760996	0.615234375
0.761996	0.6103515625
0.762996	0.6103515625
0.763996	0.6103515625
0.764996	0.6201171875
0.765996	0.615234375
0.766996	0.615234375
0.767996	0.615234375
0.768996	0.615234375
0.769996	0.615234375
0.770996	0.615234375
0.771996	0.615234375
0.772996	0.615234375
0.773996	0.615234375
0.774996	0.6103515625
0.775996	0.6201171875
0.776996	0.615234375
0.777996	0.6201171875
0.779004	0.615234375
0.779996	0.6201171875
0.781	0.6103515625
0.782	0.6103515625
0.783	0.615234375
0.784	0.615234375
0.785	0.6201171875
0.785996	0.6201171875
0.786996	0.615234375
0.787996	0.615234375
0.788996	0.615234375
0.789996	0.615234375
0.790996	0.6201171875
0.791996	0.6103515625
0.792996	0.615234375
0.793996	0.6201171875
0.794996	0.625
0.795996	0.6201171875
0.796996	0.615234375
0.797996	0.625
0.798996	0.615234375
0.799996	0.615234375
0.800996	0.6201171875
0.801996	0.615234375
0.802996	0.6103515625
0.803996	0.615234375
0.804996	0.6103515625
0.805996	0.6201171875
0.806996	0.6103515625
0.807996	0.615234375
0.808996	0.6103515625
0.809996	0.6201171875
0.810996	0.6201171875
0.811996	0.6201171875
0.812996	0.6201171875
0.813996	0.615234375
0.814996	0.615234375
0.815996	0.6103515625
0.816996	0.6201171875
0.817996	0.6201171875
0.818996	0.6201171875
0.819996	0.615234375
0.820996	0.6201171875
0.822	0.6201171875
0.822996	0.6201171875
0.824	0.6201171875
0.825	0.615234375
0.826	0.615234375
0.827	0.615234375
0.828	0.6201171875
0.828996	0.6201171875
0.829996	0.615234375
0.830996	0.6201171875
0.831996	0.625
0.832996	0.615234375
0.833996	0.615234375
0.834996	0.6103515625
0.835996	0.615234375
0.836996	0.6103515625
0.837996	0.60546875
0.838996	0.6201171875
0.839996	0.615234375
0.840996	0.615234375
0.841996	0.615234375
0.842996	0.615234375
0.843996	0.6103515625
0.844996	0.615234375
0.845996	0.615234375
0.846996	0.6103515625
0.847996	0.6103515625
0.848996	0.615234375
0.849996	0.615234375
0.850996	0.615234375
0.851996	0.6201171875
0.852996	0.6201171875
0.853996	0.615234375
0.854996	0.615234375
0.855996	0.6201171875
0.856996	0.625
0.857996	0.615234375
0.858996	0.6103515625
0.859996	0.615234375
0.860996	0.615234375
0.861996	0.60546875
0.862996	0.6103515625
0.863996	0.615234375
0.865	0.625
0.865996	0.6201171875
0.867	0.6201171875
0.868	0.6201171875
0.869	0.615234375
0.87	0.615234375
0.871	0.615234375
0.871996	0.615234375
0.872996	0.615234375
0.873996	0.615234375
0.874996	0.6103515625
0.875996	0.615234375
0.876996	0.6201171875
0.877996	0.6103515625
0.878996	0.6103515625
0.879996	0.615234375
0.880996	0.6201171875
0.881996	0.615234375
0.882996	0.615234375
0.883996	0.6103515625
0.884996	0.615234375
0.885996	0.615234375
0.886996	0.615234375
0.887996	0.6103515625
0.888996	0.6103515625
0.889996	0.60546875
0.890996	0.615234375
0.891996	0.615234375
0.892996	0.6103515625
0.893996	0.615234375
0.894996	0.6201171875
0.895996	0.615234375
0.896996	0.615234375
0.897996	0.615234375
0.898996	0.6103515625
0.899996	0.615234375
0.900996	0.6103515625
0.901996	0.6103515625
0.902996	0.6103515625
0.903996	0.615234375
0.904996	0.615234375
0.905996	0.6201171875
0.907004	0.615234375
0.907996	0.615234375
0.909	0.615234375
0.91	0.615234375
0.911	0.615234375
0.912	0.615234375
0.913	0.615234375
0.913996	0.615234375
0.914996	0.60546875
0.915996	0.6201171875
0.916996	0.615234375
0.917996	0.615234375
0.918996	0.615234375
0.919996	0.6201171875
0.920996	0.6103515625
0.921996	0.6103515625
0.922996	0.615234375
0.923996	0.615234375
0.924996	0.6201171875
0.925996	0.615234375
0.926996	0.6201171875
0.927996	0.615234375
0.928996	0.6201171875
0.929996	0.6103515625
0.930996	0.6201171875
0.931996	0.615234375
0.932996	0.615234375
0.933996	0.6103515625
0.934996	0.615234375
0.935996	0.615234375
0.936996	0.615234375
0.937996	0.615234375
0.938996	0.6201171875
0.939996	0.615234375
0.940996	0.6103515625
0.941996	0.6201171875
0.942996	0.615234375
0.943996	0.6201171875
0.944996	0.6103515625
0.945996	0.6103515625
0.946996	0.6201171875
0.947996	0.615234375
0.948996	0.6201171875
0.95	0.615234375
0.950996	0.615234375
0.952	0.6103515625
0.953	0.6103515625
0.954	0.615234375
0.955	0.615234375
0.956	0.615234375
0.956996	0.615234375
0.957996	0.60546875
0.958996	0.6201171875
0.959996	0.615234375
0.960996	0.615234375
0.961996	0.615234375
0.962996	0.615234375
0.963996	0.615234375
0.964996	0.6201171875
0.965996	0.615234375
0.966996	0.6201171875
0.967996	0.6201171875
0.968996	0.6201171875
0.969996	0.625
0.970996	0.60546875
0.971996	0.615234375
0.972996	0.6103515625
0.973996	0.615234375
0.974996	0.615234375
0.975996	0.615234375
0.976996	0.615234375
0.977996	0.615234375
0.978996	0.615234375
0.979996	0.6103515625
0.980996	0.6201171875
0.981996	0.615234375
0.982996	0.615234375
0.983996	0.615234375
0.984996	0.6103515625
0.985996	0.6201171875
0.986996	0.6103515625
0.987996	0.615234375
0.988996	0.6201171875
0.989996	0.6103515625
0.990996	0.615234375
0.991996	0.615234375
0.993	0.615234375
0.993996	0.6201171875
0.995	0.615234375
0.996	0.615234375
0.997	0.615234375
0.998	0.615234375
0.999	0.615234375
0.999996	0.6103515625
1.000996	0.6201171875
1.001996	0.615234375
1.002996	0.615234375
1.003996	0.615234375
1.004996	0.615234375
1.005996	0.6103515625
1.006996	0.615234375
1.007996	0.615234375
1.008996	0.6103515625
1.009996	0.60546875
1.010996	0.615234375
1.011996	0.60546875
1.012996	0.615234375
1.013996	0.615234375
1.014996	0.6103515625
1.015996	0.6201171875
1.016996	0.615234375
1.017996	0.6201171875
1.018996	0.6201171875
1.019996	0.615234375
1.020996	0.6103515625
1.021996	0.6201171875
1.022996	0.6201171875
1.023996	0.615234375
1.024996	0.6103515625
1.025996	0.615234375
1.026996	0.6201171875
1.027996	0.615234375
1.028996	0.6201171875
1.029996	0.615234375
1.030996	0.6201171875
1.031996	0.615234375
1.032996	0.6103515625
1.033996	0.615234375
1.035004	0.6201171875
1.035996	0.6201171875
1.037	0.6103515625
1.038	0.615234375
1.039	0.615234375
1.04	0.615234375
1.041	0.60546875
1.041996	0.6103515625
1.042996	0.615234375
1.043996	0.615234375
1.044996	0.60546875
1.045996	0.615234375
1.046996	0.615234375
1.047996	0.615234375
1.048996	0.615234375
1.049996	0.615234375
1.050996	0.615234375
1.051996	0.6103515625
1.052996	0.615234375
1.053996	0.60546875
1.054996	0.615234375
1.055996	0.6103515625
1.056996	0.6103515625
1.057996	0.60546875
1.058996	0.6201171875
1.059996	0.615234375
1.060996	0.615234375
1.061996	0.615234375
1.062996	0.615234375
1.063996	0.615234375
1.064996	0.6103515625
1.065996	0.6103515625
1.066996	0.6103515625
1.067996	0.615234375
1.068996	0.60546875
1.069996	0.615234375
1.070996	0.615234375
1.071996	0.615234375
1.072996	0.615234375
1.073996	0.6201171875
1.074996	0.615234375
1.075996	0.60546875
1.076996	0.615234375
1.078	0.6103515625
1.078996	0.6201171875
1.08	0.6201171875
1.081	0.615234375
1.082	0.615234375
1.083	0.6201171875
1.084	0.615234375
1.084996	0.6103515625
1.085996	0.6201171875
1.086996	0.615234375
1.087996	0.6201171875
1.088996	0.615234375
1.089996	0.60546875
1.090996	0.615234375
1.091996	0.60546875
1.092996	0.615234375
1.093996	0.615234375
1.094996	0.60546875
1.095996	0.615234375
1.096996	0.6103515625
1.097996	0.615234375
1.098996	0.615234375
1.099996	0.615234375
1.100996	0.6103515625
1.101996	0.6103515625
1.102996	0.615234375
1.103996	0.615234375
1.104996	0.615234375
1.105996	0.615234375
1.106996	0.615234375
1.107996	0.615234375
1.108996	0.6103515625
1.109996	0.6103515625
1.110996	0.6103515625
1.111996	0.6201171875
1.112996	0.6103515625
1.113996	0.615234375
1.114996	0.615234375
1.115996	0.6103515625
1.116996	0.6201171875
1.117996	0.6103515625
1.118996	0.615234375
1.119996	0.615234375
1.121	0.615234375
1.121996	0.6103515625
1.123	0.615234375
1.124	0.6201171875
1.125	0.60546875
1.126	0.60546875
1.127	0.60546875
1.127996	0.615234375
1.128996	0.6201171875
1.129996	0.6103515625
1.130996	0.6103515625
1.131996	0.615234375
1.132996	0.615234375
1.133996	0.6103515625
1.134996	0.615234375
1.135996	0.615234375
1.136996	0.615234375
1.137996	0.6201171875
1.138996	0.615234375
1.139996	0.615234375
1.140996	0.6103515625
1.141996	0.6103515625
1.142996	0.615234375
1.143996	0.6103515625
1.144996	0.615234375
1.145996	0.615234375
1.146996	0.615234375
1.147996	0.615234375
1.148996	0.615234375
1.149996	0.615234375
1.150996	0.6103515625
1.151996	0.615234375
1.152996	0.6103515625
1.153996	0.60546875
1.154996	0.615234375
1.155996	0.6103515625
1.156996	0.6201171875
1.157996	0.615234375
1.158996	0.615234375
1.159996	0.6201171875
1.160996	0.615234375
1.161996	0.6201171875
1.163004	0.615234375
1.163996	0.6201171875
1.165	0.615234375
1.166	0.6201171875
1.167	0.615234375
1.168	0.615234375
1.169	0.615234375
1.169996	0.6201171875
1.170996	0.615234375
1.171996	0.615234375
1.172996	0.6201171875
1.173996	0.6201171875
1.174996	0.6201171875
1.175996	0.6201171875
1.176996	0.6201171875
1.177996	0.615234375
1.178996	0.615234375
1.179996	0.615234375
1.180996	0.615234375
1.181996	0.6201171875
1.182996	0.615234375
1.183996	0.6201171875
1.184996	0.6103515625
1.185996	0.615234375
1.186996	0.6103515625
1.187996	0.625
1.188996	0.615234375
1.189996	0.6201171875
1.190996	0.6103515625
1.191996	0.6103515625
1.192996	0.6201171875
1.193996	0.615234375
1.194996	0.615234375
1.195996	0.615234375
1.196996	0.625
1.197996	0.615234375
1.198996	0.625
1.199996	0.615234375
1.200996	0.6201171875
1.201996	0.6201171875
1.202996	0.6103515625
1.203996	0.6201171875
1.204996	0.6201171875
1.206	0.615234375
1.206996	0.6103515625
1.208	0.625
1.209	0.615234375
1.21	0.6103515625
1.211	0.615234375
1.212	0.6201171875
1.212996	0.615234375
1.213996	0.615234375
1.214996	0.6201171875
1.215996	0.6201171875
1.216996	0.6103515625
1.217996	0.6201171875
1.218996	0.615234375
1.219996	0.615234375
1.220996	0.615234375
1.221996	0.6201171875
1.222996	0.615234375
1.223996	0.615234375
1.224996	0.615234375
1.225996	0.615234375
1.226996	0.6201171875
1.227996	0.625
1.228996	0.6201171875
1.229996	0.6201171875
1.230996	0.615234375
1.231996	0.625
1.232996	0.615234375
1.233996	0.6201171875
1.234996	0.615234375
1.235996	0.615234375
1.236996	0.615234375
1.237996	0.6103515625
1.238996	0.625
1.239996	0.615234375
1.240996	0.625
1.241996	0.615234375
1.242996	0.615234375
1.243996	0.615234375
1.244996	0.6201171875
1.245996	0.615234375
1.246996	0.6201171875
1.247996	0.615234375
1.249	0.6103515625
1.249996	0.615234375
1.251	0.615234375
1.252	0.6201171875
1.253	0.6103515625
1.254	0.625
1.255	0.6201171875
1.255996	0.615234375
1.256996	0.615234375
1.257996	0.625
1.258996	0.615234375
1.259996	0.625
1.260996	0.6103515625
1.261996	0.615234375
1.262996	0.615234375
1.263996	0.6201171875
1.264996	0.625
1.265996	0.615234375
1.266996	0.6201171875
1.267996	0.625
1.268996	0.615234375
1.269996	0.625
1.270996	0.615234375
1.271996	0.6201171875
1.272996	0.615234375
1.273996	0.6201171875
1.274996	0.615234375
1.275996	0.615234375
1.276996	0.615234375
1.277996	0.615234375
1.278996	0.6201171875
1.279996	0.615234375
1.280996	0.615234375
1.281996	0.6201171875
1.282996	0.625
1.283996	0.615234375
1.284996	0.6201171875
1.285996	0.615234375
1.286996	0.615234375
1.287996	0.615234375
1.288996	0.615234375
1.289996	0.615234375
1.291004	0.625
1.291996	0.6201171875
1.293	0.6201171875
1.294	0.615234375
1.295	0.6201171875
1.296	0.615234375
1.297	0.6201171875
1.297996	0.625
1.298996	0.615234375
1.299996	0.615234375
1.300996	0.615234375
1.301996	0.615234375
1.302996	0.6201171875
1.303996	0.6201171875
1.304996	0.615234375
1.305996	0.6201171875
1.306996	0.6201171875
1.307996	0.625
1.308996	0.615234375
1.309996	0.615234375
1.310996	0.615234375
1.311996	0.6103515625
1.312996	0.615234375
1.313996	0.625
1.314996	0.6103515625
1.315996	0.615234375
1.316996	0.615234375
1.317996	0.6201171875
1.318996	0.6103515625
1.319996	0.615234375
1.320996	0.625
1.321996	0.615234375
1.322996	0.615234375
1.323996	0.6103515625
1.324996	0.625
1.325996	0.615234375
1.326996	0.625
1.327996	0.6103515625
1.328996	0.625
1.329996	0.625
1.330996	0.615234375
1.331996	0.615234375
1.332996	0.6201171875
1.334	0.615234375
1.334996	0.615234375
1.336	0.615234375
1.337	0.615234375
1.338	0.6201171875
1.339	0.625
1.34	0.6201171875
1.340996	0.6201171875
1.341996	0.6201171875
1.342996	0.6103515625
1.343996	0.6201171875
1.344996	0.615234375
1.345996	0.615234375
1.346996	0.6201171875
1.347996	0.615234375
1.348996	0.615234375
1.349996	0.615234375
1.350996	0.615234375
1.351996	0.6201171875
1.352996	0.615234375
1.353996	0.615234375
1.354996	0.615234375
1.355996	0.625
1.356996	0.6201171875
1.357996	0.625
1.358996	0.6201171875
1.359996	0.6201171875
1.360996	0.615234375
1.361996	0.615234375
1.362996	0.615234375
1.363996	0.625
1.364996	0.615234375
1.365996	0.625
1.366996	0.615234375
1.367996	0.6201171875
1.368996	0.6201171875
1.369996	0.625
1.370996	0.6201171875
1.371996	0.615234375
1.372996	0.615234375
1.373996	0.615234375
1.374996	0.615234375
1.375996	0.6201171875
1.377	0.6103515625
1.377996	0.6201171875
1.379	0.6103515625
1.38	0.615234375
1.381	0.615234375
1.382	0.615234375
1.383	0.615234375
1.383996	0.615234375
1.384996	0.6103515625
1.385996	0.6201171875
1.386996	0.6103515625
1.387996	0.625
1.388996	0.6201171875
1.389996	0.625
1.390996	0.6103515625
1.391996	0.625
1.392996	0.6201171875
1.393996	0.615234375
1.394996	0.615234375
1.395996	0.615234375
1.396996	0.615234375
1.397996	0.6201171875
1.398996	0.615234375
1.399996	0.625
1.400996	0.6201171875
1.401996	0.615234375
1.402996	0.615234375
1.403996	0.6201171875
1.404996	0.615234375
1.405996	0.615234375
1.406996	0.615234375
1.407996	0.615234375
1.408996	0.6201171875
1.409996	0.615234375
1.410996	0.625
1.411996	0.6103515625
1.412996	0.615234375
1.413996	0.615234375
1.414996	0.6201171875
1.415996	0.615234375
1.416996	0.615234375
1.417996	0.615234375
1.419004	0.615234375
1.419996	0.615234375
1.421	0.625
1.422	0.615234375
1.423	0.615234375
1.424	0.625
1.425	0.615234375
1.425996	0.615234375
1.426996	0.625
1.427996	0.6201171875
1.428996	0.615234375
1.429996	0.6201171875
1.430996	0.6201171875
1.431996	0.625
1.432996	0.615234375
1.433996	0.615234375
1.434996	0.615234375
1.435996	0.6103515625
1.436996	0.6103515625
1.437996	0.6201171875
1.438996	0.6103515625
1.439996	0.6201171875
1.440996	0.625
1.441996	0.6201171875
1.442996	0.615234375
1.443996	0.6201171875
1.444996	0.615234375
1.445996	0.625
1.446996	0.615234375
1.447996	0.615234375
1.448996	0.6201171875
1.449996	0.6201171875
1.450996	0.615234375
1.451996	0.625
1.452996	0.6201171875
1.453996	0.615234375
1.454996	0.615234375
1.455996	0.6201171875
1.456996	0.615234375
1.457996	0.6201171875
1.458996	0.615234375
1.459996	0.615234375
1.460996	0.625
1.462	0.6201171875
1.462996	0.625
1.464	0.615234375
1.465	0.615234375
1.466	0.625
1.467	0.625
1.468	0.6201171875
1.468996	0.615234375
1.469996	0.615234375
1.470996	0.615234375
1.471996	0.6201171875
1.472996	0.625
1.473996	0.615234375
1.474996	0.615234375
1.475996	0.615234375
1.476996	0.625
1.477996	0.625
1.478996	0.625
1.479996	0.6201171875
1.480996	0.6201171875
1.481996	0.6201171875
1.482996	0.6201171875
1.483996	0.6201171875
1.484996	0.6201171875
1.485996	0.625
1.486996	0.625
1.487996	0.625
1.488996	0.6201171875
1.489996	0.6103515625
1.490996	0.615234375
1.491996	0.615234375
1.492996	0.6201171875
1.493996	0.6201171875
1.494996	0.6201171875
1.495996	0.615234375
1.496996	0.6201171875
1.497996	0.6201171875
1.498996	0.6201171875
1.499996	0.625
1.500996	0.615234375
1.501996	0.6201171875
1.502996	0.625
1.503996	0.615234375
1.505	0.6201171875
1.505996	0.625
1.507	0.615234375
1.508	0.6201171875
1.509	0.6201171875
1.51	0.6201171875
1.511	0.6201171875
1.511996	0.625
1.512996	0.615234375
1.513996	0.615234375
1.514996	0.625
1.515996	0.6201171875
1.516996	0.625
1.517996	0.6103515625
1.518996	0.6103515625
1.519996	0.615234375
1.520996	0.625
1.521996	0.625
1.522996	0.6201171875
1.523996	0.615234375
1.524996	0.615234375
1.525996	0.6201171875
1.526996	0.615234375
1.527996	0.625
1.528996	0.615234375
1.529996	0.6201171875
1.530996	0.6201171875
1.531996	0.625
1.532996	0.6201171875
1.533996	0.615234375
1.534996	0.6103515625
1.535996	0.6201171875
1.536996	0.615234375
1.537996	0.615234375
1.538996	0.625
1.539996	0.615234375
1.540996	0.625
1.541996	0.6201171875
1.542996	0.625
1.543996	0.625
1.544996	0.625
1.545996	0.625
1.547004	0.6201171875
1.547996	0.615234375
1.549	0.6201171875
1.55	0.625
1.551	0.625
1.552	0.625
1.553	0.6103515625
1.553996	0.615234375
1.554996	0.6201171875
1.555996	0.6201171875
1.556996	0.6201171875
1.557996	0.615234375
1.558996	0.615234375
1.559996	0.615234375
1.560996	0.625
1.561996	0.615234375
1.562996	0.615234375
1.563996	0.6201171875
1.564996	0.615234375
1.565996	0.625
1.566996	0.6201171875
1.567996	0.6201171875
1.568996	0.625
1.569996	0.6201171875
1.570996	0.615234375
1.571996	0.615234375
1.572996	0.625
1.573996	0.625
1.574996	0.6201171875
1.575996	0.615234375
1.576996	0.6201171875
1.577996	0.615234375
1.578996	0.6103515625
1.579996	0.625
1.580996	0.6201171875
1.581996	0.6201171875
1.582996	0.6201171875
1.583996	0.6201171875
1.584996	0.6103515625
1.585996	0.615234375
1.586996	0.615234375
1.587996	0.6201171875
1.588996	0.615234375
1.59	0.625
1.590996	0.6201171875
1.592	0.625
1.593	0.615234375
1.594	0.615234375
1.595	0.625
1.596	0.6103515625
1.596996	0.6201171875
1.597996	0.6201171875
1.598996	0.615234375
1.599996	0.615234375
1.600996	0.625
1.601996	0.6201171875
1.602996	0.6201171875
1.603996	0.615234375
1.604996	0.6201171875
1.605996	0.615234375
1.606996	0.625
1.607996	0.615234375
1.608996	0.625
1.609996	0.625
1.610996	0.6201171875
1.611996	0.6201171875
1.612996	0.615234375
1.613996	0.6201171875
1.614996	0.6201171875
1.615996	0.6201171875
1.616996	0.615234375
1.617996	0.625
1.618996	0.6201171875
1.619996	0.615234375
1.620996	0.615234375
1.621996	0.625
1.622996	0.6201171875
1.623996	0.625
1.624996	0.615234375
1.625996	0.615234375
1.626996	0.615234375
1.627996	0.6201171875
1.628996	0.615234375
1.629996	0.6201171875
1.630996	0.615234375
1.631996	0.615234375
1.633	0.6201171875
1.633996	0.615234375
1.635	0.6201171875
1.636	0.615234375
1.637	0.615234375
1.638	0.6201171875
1.639	0.615234375
1.639996	0.625
1.640996	0.615234375
1.641996	0.615234375
1.642996	0.6201171875
1.643996	0.625
1.644996	0.615234375
1.645996	0.6201171875
1.646996	0.6201171875
1.647996	0.615234375
1.648996	0.625
1.649996	0.625
1.650996	0.615234375
1.651996	0.6201171875
1.652996	0.615234375
1.653996	0.6201171875
1.654996	0.615234375
1.655996	0.6201171875
1.656996	0.625
1.657996	0.615234375
1.658996	0.6201171875
1.659996	0.615234375
1.660996	0.625
1.661996	0.6201171875
1.662996	0.6201171875
1.663996	0.6201171875
1.664996	0.6201171875
1.665996	0.6201171875
1.666996	0.615234375
1.667996	0.615234375
1.668996	0.6201171875
1.669996	0.615234375
1.670996	0.615234375
1.671996	0.625
1.672996	0.625
1.673996	0.615234375
1.675004	0.625
1.675996	0.615234375
1.677	0.6201171875
1.678	0.625
1.679	0.615234375
1.68	0.615234375
1.681	0.615234375
1.681996	0.625
1.682996	0.625
1.683996	0.615234375
1.684996	0.615234375
1.685996	0.625
1.686996	0.615234375
1.687996	0.6201171875
1.688996	0.615234375
1.689996	0.6103515625
1.690996	0.625
1.691996	0.6201171875
1.692996	0.615234375
1.693996	0.625
1.694996	0.6201171875
1.695996	0.615234375
1.696996	0.6103515625
1.697996	0.6201171875
1.698996	0.615234375
1.699996	0.615234375
1.700996	0.6103515625
1.701996	0.6103515625
1.702996	0.6201171875
1.703996	0.6201171875
1.704996	0.615234375
1.705996	0.625
1.706996	0.6201171875
1.707996	0.6201171875
1.708996	0.6103515625
1.709996	0.6201171875
1.710996	0.615234375
1.711996	0.6201171875
1.712996	0.615234375
1.713996	0.615234375
1.714996	0.615234375
1.715996	0.615234375
1.716996	0.615234375
1.718	0.625
1.718996	0.6201171875
1.72	0.615234375
1.721	0.6201171875
1.722	0.6201171875
1.723	0.6201171875
1.724	0.615234375
1.724996	0.6201171875
1.725996	0.6103515625
1.726996	0.6103515625
1.727996	0.615234375
1.728996	0.615234375
1.729996	0.615234375
1.730996	0.615234375
1.731996	0.6201171875
1.732996	0.615234375
1.733996	0.6103515625
1.734996	0.615234375
1.735996	0.6201171875
1.736996	0.615234375
1.737996	0.6201171875
1.738996	0.615234375
1.739996	0.60546875
1.740996	0.615234375
1.741996	0.6103515625
1.742996	0.6103515625
1.743996	0.6201171875
1.744996	0.615234375
1.745996	0.615234375
1.746996	0.6201171875
1.747996	0.6201171875
1.748996	0.6201171875
1.749996	0.6103515625
1.750996	0.6201171875
1.751996	0.615234375
1.752996	0.6201171875
1.753996	0.615234375
1.754996	0.6201171875
1.755996	0.6201171875
1.756996	0.615234375
1.757996	0.6103515625
1.758996	0.615234375
1.759996	0.615234375
1.761	0.615234375
1.761996	0.60546875
1.763	0.615234375
1.764	0.6103515625
1.765	0.6201171875
1.766	0.615234375
1.767	0.615234375
1.767996	0.615234375
1.768996	0.615234375
1.769996	0.6103515625
1.770996	0.60546875
1.771996	0.6103515625
1.772996	0.6103515625
1.773996	0.6103515625
1.774996	0.6103515625
1.775996	0.615234375
1.776996	0.60546875
1.777996	0.6201171875
1.778996	0.615234375
1.779996	0.6103515625
1.780996	0.60546875
1.781996	0.6103515625
1.782996	0.6103515625
1.783996	0.60546875
1.784996	0.6201171875
1.785996	0.615234375
1.786996	0.6103515625
1.787996	0.6103515625
1.788996	0.615234375
1.789996	0.615234375
1.790996	0.615234375
1.791996	0.6103515625
1.792996	0.6103515625
1.793996	0.60546875
1.794996	0.615234375
1.795996	0.6103515625
1.796996	0.615234375
1.797996	0.615234375
1.798996	0.615234375
1.799996	0.6103515625
1.800996	0.6103515625
1.801996	0.6103515625
1.803004	0.615234375
1.803996	0.6103515625
1.805	0.60546875
1.806	0.6103515625
1.807	0.6103515625
1.808	0.60546875
1.809	0.6103515625
1.809996	0.6103515625
1.810996	0.6103515625
1.811996	0.6103515625
1.812996	0.6201171875
1.813996	0.6103515625
1.814996	0.615234375
1.815996	0.6103515625
1.816996	0.615234375
1.817996	0.6201171875
1.818996	0.615234375
1.819996	0.615234375
1.820996	0.6103515625
1.821996	0.6103515625
1.822996	0.6103515625
1.823996	0.615234375
1.824996	0.60546875
1.825996	0.615234375
1.826996	0.6103515625
1.827996	0.6103515625
1.828996	0.615234375
1.829996	0.615234375
1.830996	0.6103515625
1.831996	0.615234375
1.832996	0.615234375
1.833996	0.60546875
1.834996	0.6201171875
1.835996	0.6103515625
1.836996	0.6103515625
1.837996	0.615234375
1.838996	0.615234375
1.839996	0.6103515625
1.840996	0.60546875
1.841996	0.6005859375
1.842996	0.615234375
1.843996	0.6005859375
1.844996	0.6103515625
1.846	0.615234375
1.846996	0.6103515625
1.848	0.6103515625
1.849	0.615234375
1.85	0.6103515625
1.851	0.615234375
1.852	0.6103515625
1.852996	0.615234375
1.853996	0.615234375
1.854996	0.6103515625
1.855996	0.6103515625
1.856996	0.6103515625
1.857996	0.6103515625
1.858996	0.6103515625
1.859996	0.6103515625
1.860996	0.6103515625
1.861996	0.6103515625
1.862996	0.6103515625
1.863996	0.6103515625
1.864996	0.6201171875
1.865996	0.615234375
1.866996	0.6103515625
1.867996	0.60546875
1.868996	0.60546875
1.869996	0.6103515625
1.870996	0.615234375
1.871996	0.6103515625
1.872996	0.6103515625
1.873996	0.6103515625
1.874996	0.6201171875
1.875996	0.615234375
1.876996	0.6103515625
1.877996	0.60546875
1.878996	0.6103515625
1.879996	0.615234375
1.880996	0.6103515625
1.881996	0.60546875
1.882996	0.615234375
1.883996	0.6103515625
1.884996	0.615234375
1.885996	0.6103515625
1.886996	0.615234375
1.887996	0.6103515625
1.889	0.6201171875
1.889996	0.60546875
1.891	0.6103515625
1.892	0.6103515625
1.893	0.6103515625
1.894	0.6103515625
1.895	0.60546875
1.895996	0.6103515625
1.896996	0.6103515625
1.897996	0.6103515625
1.898996	0.615234375
1.899996	0.6103515625
1.900996	0.6005859375
1.901996	0.6103515625
1.902996	0.6103515625
1.903996	0.615234375
1.904996	0.6103515625
1.905996	0.6103515625
1.906996	0.6103515625
1.907996	0.615234375
1.908996	0.60546875
1.909996	0.615234375
1.910996	0.6103515625
1.911996	0.60546875
1.912996	0.6103515625
1.913996	0.6103515625
1.914996	0.615234375
1.915996	0.6103515625
1.916996	0.6103515625
1.917996	0.6103515625
1.918996	0.60546875
1.919996	0.6103515625
1.920996	0.60546875
1.921996	0.6103515625
1.922996	0.60546875
1.923996	0.615234375
1.924996	0.60546875
1.925996	0.60546875
1.926996	0.6103515625
1.927996	0.60546875
1.928996	0.6103515625
1.929996	0.6103515625
1.931004	0.6103515625
1.931996	0.615234375
1.933	0.6005859375
1.934	0.6103515625
1.935	0.6103515625
1.936	0.60546875
1.937	0.6005859375
1.937996	0.6103515625
1.938996	0.615234375
1.939996	0.6103515625
1.940996	0.6103515625
1.941996	0.6103515625
1.942996	0.6103515625
1.943996	0.60546875
1.944996	0.6103515625
1.945996	0.60546875
1.946996	0.60546875
1.947996	0.6103515625
1.948996	0.6103515625
1.949996	0.60546875
1.950996	0.60546875
1.951996	0.6103515625
1.952996	0.60546875
1.953996	0.60546875
1.954996	0.6103515625
1.955996	0.60546875
1.956996	0.60546875
1.957996	0.6103515625
1.958996	0.6103515625
1.959996	0.60546875
1.960996	0.6103515625
1.961996	0.60546875
1.962996	0.6005859375
1.963996	0.60546875
1.964996	0.6103515625
1.965996	0.60546875
1.966996	0.60546875
1.967996	0.6005859375
1.968996	0.60546875
1.969996	0.6005859375
1.970996	0.6103515625
1.971996	0.60546875
1.972996	0.6103515625
1.974	0.60546875
1.974996	0.6103515625
1.976	0.6103515625
1.977	0.615234375
1.978	0.615234375
1.979	0.60546875
1.98	0.6005859375
1.980996	0.6103515625
1.981996	0.6005859375
1.982996	0.6005859375
1.983996	0.6005859375
1.984996	0.6103515625
1.985996	0.6005859375
1.986996	0.6103515625
1.987996	0.6103515625
1.988996	0.60546875
1.989996	0.6103515625
1.990996	0.6103515625
1.991996	0.6005859375
1.992996	0.60546875
1.993996	0.60546875
1.994996	0.595703125
1.995996	0.6103515625
1.996996	0.60546875
1.997996	0.60546875
1.998996	0.6103515625
1.999996	0.60546875
2.000996	0.595703125
2.001996	0.6005859375
2.002996	0.6005859375
2.003996	0.6005859375
2.004996	0.595703125
2.005996	0.60546875
2.006996	0.6005859375
2.007996	0.595703125
2.008996	0.60546875
2.009996	0.6005859375
2.010996	0.595703125
2.011996	0.595703125
2.012996	0.595703125
2.013996	0.6005859375
2.014996	0.595703125
2.015996	0.6005859375
2.017	0.60546875
2.017996	0.6005859375
2.019	0.60546875
2.02	0.595703125
2.021	0.5908203125
2.022	0.5908203125
2.023	0.595703125
2.023996	0.595703125
2.024996	0.5908203125
2.025996	0.595703125
2.026996	0.6005859375
2.027996	0.595703125
2.028996	0.6005859375
2.029996	0.595703125
2.030996	0.595703125
2.031996	0.595703125
2.032996	0.595703125
2.033996	0.6005859375
2.034996	0.5908203125
2.035996	0.595703125
2.036996	0.5908203125
2.037996	0.6005859375
2.038996	0.6005859375
2.039996	0.595703125
2.040996	0.595703125
2.041996	0.6005859375
2.042996	0.6005859375
2.043996	0.595703125
2.044996	0.595703125
2.045996	0.595703125
2.046996	0.6005859375
2.047996	0.6005859375
2.048996	0.5908203125
2.049996	0.6005859375
2.050996	0.5859375
2.051996	0.595703125
2.052996	0.595703125
2.053996	0.595703125
2.054996	0.595703125
2.055996	0.5908203125
2.056996	0.6005859375
2.057996	0.595703125
2.059004	0.5908203125
2.059996	0.595703125
2.061	0.5908203125
2.062	0.5908203125
2.063	0.595703125
2.064	0.595703125
2.065	0.5908203125
2.065996	0.6005859375
2.066996	0.595703125
2.067996	0.5908203125
2.068996	0.595703125
2.069996	0.6005859375
2.070996	0.5908203125
2.071996	0.6005859375
2.072996	0.595703125
2.073996	0.5908203125
2.074996	0.6005859375
2.075996	0.595703125
2.076996	0.595703125
2.077996	0.595703125
2.078996	0.595703125
2.079996	0.595703125
2.080996	0.5908203125
2.081996	0.595703125
2.082996	0.5908203125
2.083996	0.595703125
2.084996	0.595703125
2.085996	0.5908203125
2.086996	0.595703125
2.087996	0.5908203125
2.088996	0.5908203125
2.089996	0.6005859375
2.090996	0.5859375
2.091996	0.595703125
2.092996	0.5908203125
2.093996	0.5908203125
2.094996	0.595703125
2.095996	0.595703125
2.096996	0.5908203125
2.097996	0.595703125
2.098996	0.595703125
2.099996	0.6005859375
2.100996	0.595703125
2.102	0.5908203125
2.102996	0.5908203125
2.104	0.595703125
2.105	0.5859375
2.106	0.5908203125
2.107	0.595703125
2.108	0.595703125
2.108996	0.5908203125
2.109996	0.5859375
2.110996	0.5859375
2.111996	0.595703125
2.112996	0.595703125
2.113996	0.5859375
2.114996	0.6005859375
2.115996	0.5859375
2.116996	0.595703125
2.117996	0.5908203125
2.118996	0.5908203125
2.119996	0.595703125
2.120996	0.5859375
2.121996	0.5908203125
2.122996	0.5859375
2.123996	0.595703125
2.124996	0.5810546875
2.125996	0.5908203125
2.126996	0.5859375
2.127996	0.5859375
2.128996	0.5810546875
2.129996	0.5908203125
2.130996	0.5859375
2.131996	0.5908203125
2.132996	0.5859375
2.133996	0.5859375
2.134996	0.5859375
2.135996	0.5859375
2.136996	0.5810546875
2.137996	0.5908203125
2.138996	0.5908203125
2.139996	0.5908203125
2.140996	0.5859375
2.141996	0.5908203125
2.142996	0.5859375
2.143996	0.5859375
2.145	0.5859375
2.145996	0.5908203125
2.147	0.5859375
2.148	0.5859375
2.149	0.5859375
2.15	0.5810546875
2.151	0.5859375
2.151996	0.5859375
2.152996	0.5859375
2.153996	0.5859375
2.154996	0.5810546875
2.155996	0.5859375
2.156996	0.5908203125
2.157996	0.5859375
2.158996	0.5859375
2.159996	0.5859375
2.160996	0.5908203125
2.161996	0.5859375
2.162996	0.5859375
2.163996	0.5810546875
2.164996	0.5810546875
2.165996	0.5810546875
2.166996	0.5859375
2.167996	0.5810546875
2.168996	0.5859375
2.169996	0.576171875
2.170996	0.5810546875
2.171996	0.5859375
2.172996	0.5810546875
2.173996	0.5859375
2.174996	0.5810546875
2.175996	0.5859375
2.176996	0.5859375
2.177996	0.5859375
2.178996	0.5859375
2.179996	0.5908203125
2.180996	0.5859375
2.181996	0.5810546875
2.182996	0.5810546875
2.183996	0.5908203125
2.184996	0.5859375
2.185996	0.5810546875
2.187004	0.5810546875
2.187996	0.5859375
2.189	0.5908203125
2.19	0.5810546875
2.191	0.5810546875
2.192	0.5810546875
2.193	0.5908203125
2.193996	0.5810546875
2.194996	0.5810546875
2.195996	0.5859375
2.196996	0.5859375
2.197996	0.5859375
2.198996	0.5810546875
2.199996	0.5810546875
2.200996	0.5859375
2.201996	0.5810546875
2.202996	0.5859375
2.203996	0.5859375
2.204996	0.576171875
2.205996	0.5810546875
2.206996	0.5859375
2.207996	0.5810546875
2.208996	0.5810546875
2.209996	0.576171875
2.210996	0.5908203125
2.211996	0.5810546875
2.212996	0.5810546875
2.213996	0.5810546875
2.214996	0.5859375
2.215996	0.576171875
2.216996	0.5859375
2.217996	0.5859375
2.218996	0.576171875
2.219996	0.5810546875
2.220996	0.576171875
2.221996	0.576171875
2.222996	0.576171875
2.223996	0.5859375
2.224996	0.576171875
2.225996	0.5810546875
2.226996	0.5810546875
2.227996	0.5810546875
2.228996	0.5810546875
2.23	0.5712890625
2.230996	0.576171875
2.232	0.5810546875
2.233	0.5810546875
2.234	0.5859375
2.235	0.5810546875
2.236	0.5810546875
2.236996	0.5859375
2.237996	0.5810546875
2.238996	0.5810546875
2.239996	0.5810546875
2.240996	0.5810546875
2.241996	0.5712890625
2.242996	0.576171875
2.243996	0.5810546875
2.244996	0.5859375
2.245996	0.5810546875
2.246996	0.5810546875
2.247996	0.576171875
2.248996	0.5859375
2.249996	0.5810546875
2.250996	0.5859375
2.251996	0.5810546875
2.252996	0.5859375
2.253996	0.5859375
2.254996	0.5810546875
2.255996	0.5712890625
2.256996	0.5859375
2.257996	0.576171875
2.258996	0.576171875
2.259996	0.5859375
2.260996	0.576171875
2.261996	0.5712890625
2.262996	0.576171875
2.263996	0.5712890625
2.264996	0.5810546875
2.265996	0.5810546875
2.266996	0.5859375
2.267996	0.5810546875
2.268996	0.576171875
2.269996	0.5810546875
2.270996	0.5810546875
2.271996	0.5810546875
2.273	0.576171875
2.273996	0.576171875
2.275	0.576171875
2.276	0.576171875
2.277	0.5712890625
2.278	0.576171875
2.279	0.576171875
2.279996	0.5810546875
2.280996	0.576171875
2.281996	0.576171875
2.282996	0.576171875
2.283996	0.576171875
2.284996	0.5712890625
2.285996	0.5810546875
2.286996	0.576171875
2.287996	0.5712890625
2.288996	0.576171875
2.289996	0.576171875
2.290996	0.56640625
2.291996	0.576171875
2.292996	0.576171875
2.293996	0.576171875
2.294996	0.5810546875
2.295996	0.5712890625
2.296996	0.5712890625
2.297996	0.5712890625
2.298996	0.56640625
2.299996	0.56640625
2.300996	0.5712890625
2.301996	0.5615234375
2.302996	0.5712890625
2.303996	0.56640625
2.304996	0.5712890625
2.305996	0.5615234375
2.306996	0.56640625
2.307996	0.576171875
2.308996	0.56640625
2.309996	0.5712890625
2.310996	0.576171875
2.311996	0.576171875
2.312996	0.576171875
2.313996	0.5615234375
2.315004	0.56640625
2.315996	0.5712890625
2.317	0.5712890625
2.318	0.5615234375
2.319	0.576171875
2.32	0.576171875
2.321	0.5712890625
2.321996	0.5712890625
2.322996	0.5615234375
2.323996	0.5712890625
2.324996	0.5615234375
2.325996	0.56640625
2.326996	0.56640625
2.327996	0.5615234375
2.328996	0.5712890625
2.329996	0.5615234375
2.330996	0.5712890625
2.331996	0.576171875
2.332996	0.56640625
2.333996	0.5615234375
2.334996	0.5712890625
2.335996	0.56640625
2.336996	0.56640625
2.337996	0.56640625
2.338996	0.5712890625
2.339996	0.56640625
2.340996	0.576171875
2.341996	0.56640625
2.342996	0.56640625
2.343996	0.56640625
2.344996	0.5615234375
2.345996	0.56640625
2.346996	0.56640625
2.347996	0.5712890625
2.348996	0.576171875
2.349996	0.5712890625
2.350996	0.5615234375
2.351996	0.56640625
2.352996	0.56640625
2.353996	0.576171875
2.354996	0.556640625
2.355996	0.5712890625
2.356996	0.56640625
2.358	0.56640625
2.358996	0.5712890625
2.36	0.5615234375
2.361	0.556640625
2.362	0.556640625
2.363	0.5615234375
2.364	0.5615234375
2.364996	0.5712890625
2.365996	0.56640625
2.366996	0.56640625
2.367996	0.5712890625
2.368996	0.5615234375
2.369996	0.56640625
2.370996	0.5712890625
2.371996	0.56640625
2.372996	0.56640625
2.373996	0.5712890625
2.374996	0.56640625
2.375996	0.556640625
2.376996	0.556640625
2.377996	0.556640625
2.378996	0.56640625
2.379996	0.56640625
2.380996	0.5615234375
2.381996	0.56640625
2.382996	0.56640625
2.383996	0.556640625
2.384996	0.56640625
2.385996	0.5615234375
2.386996	0.56640625
2.387996	0.556640625
2.388996	0.556640625
2.389996	0.5615234375
2.390996	0.5615234375
2.391996	0.5615234375
2.392996	0.5615234375
2.393996	0.5615234375
2.394996	0.5615234375
2.395996	0.56640625
2.396996	0.56640625
2.397996	0.56640625
2.398996	0.556640625
2.399996	0.56640625
2.401	0.56640625
2.401996	0.5615234375
2.403	0.5615234375
2.404	0.5615234375
2.405	0.5615234375
2.406	0.5615234375
2.407	0.556640625
2.407996	0.56640625
2.408996	0.5615234375
2.409996	0.56640625
2.410996	0.556640625
2.411996	0.556640625
2.412996	0.5615234375
2.413996	0.5615234375
2.414996	0.5517578125
2.415996	0.5615234375
2.416996	0.5615234375
2.417996	0.556640625
2.418996	0.56640625
2.419996	0.5615234375
2.420996	0.56640625
2.421996	0.5615234375
2.422996	0.5615234375
2.423996	0.56640625
2.424996	0.556640625
2.425996	0.556640625
2.426996	0.56640625
2.427996	0.5615234375
2.428996	0.5615234375
2.429996	0.556640625
2.430996	0.556640625
2.431996	0.5615234375
2.432996	0.5615234375
2.433996	0.556640625
2.434996	0.556640625
2.435996	0.5517578125
2.436996	0.5517578125
2.437996	0.5615234375
2.438996	0.5615234375
2.439996	0.556640625
2.440996	0.556640625
2.441996	0.5615234375
2.443004	0.556640625
2.443996	0.5615234375
2.445	0.556640625
2.446	0.5517578125
2.447	0.5615234375
2.448	0.556640625
2.449	0.556640625
2.449996	0.5615234375
2.450996	0.556640625
2.451996	0.5517578125
2.452996	0.5517578125
2.453996	0.5615234375
2.454996	0.556640625
2.455996	0.5517578125
2.456996	0.5517578125
2.457996	0.5615234375
2.458996	0.5615234375
2.459996	0.556640625
2.460996	0.5517578125
2.461996	0.5615234375
2.462996	0.5615234375
2.463996	0.556640625
2.464996	0.556640625
2.465996	0.5517578125
2.466996	0.556640625
2.467996	0.556640625
2.468996	0.5517578125
2.469996	0.5517578125
2.470996	0.556640625
2.471996	0.5615234375
2.472996	0.556640625
2.473996	0.556640625
2.474996	0.5615234375
2.475996	0.556640625
2.476996	0.5517578125
2.477996	0.556640625
2.478996	0.556640625
2.479996	0.556640625
2.480996	0.556640625
2.481996	0.5615234375
2.482996	0.556640625
2.483996	0.556640625
2.484996	0.556640625
2.486	0.546875
2.486996	0.5615234375
2.488	0.5517578125
2.489	0.556640625
2.49	0.5517578125
2.491	0.556640625
2.492	0.5517578125
2.492996	0.5517578125
2.493996	0.556640625
2.494996	0.556640625
2.495996	0.556640625
2.496996	0.556640625
2.497996	0.556640625
2.498996	0.556640625
2.499996	0.5517578125
2.500996	0.5517578125
2.501996	0.5517578125
2.502996	0.546875
2.503996	0.546875
2.504996	0.5517578125
2.505996	0.5615234375
2.506996	0.556640625
2.507996	0.556640625
2.508996	0.546875
2.509996	0.546875
2.510996	0.546875
2.511996	0.5517578125
2.512996	0.5517578125
2.513996	0.5517578125
2.514996	0.556640625
2.515996	0.546875
2.516996	0.556640625
2.517996	0.5517578125
2.518996	0.556640625
2.519996	0.556640625
2.520996	0.5517578125
2.521996	0.546875
2.522996	0.5517578125
2.523996	0.546875
2.524996	0.5517578125
2.525996	0.5517578125
2.526996	0.546875
2.527996	0.5419921875
2.529	0.5517578125
2.529996	0.5517578125
2.531	0.556640625
2.532	0.5517578125
2.533	0.546875
2.534	0.5517578125
2.535	0.5517578125
2.535996	0.5517578125
2.536996	0.556640625
2.537996	0.546875
2.538996	0.546875
2.539996	0.5517578125
2.540996	0.5517578125
2.541996	0.546875
2.542996	0.5517578125
2.543996	0.5419921875
2.544996	0.546875
2.545996	0.556640625
2.546996	0.556640625
2.547996	0.5517578125
2.548996	0.546875
2.549996	0.556640625
2.550996	0.5419921875
2.551996	0.546875
2.552996	0.556640625
2.553996	0.5419921875
2.554996	0.546875
2.555996	0.546875
2.556996	0.546875
2.557996	0.556640625
2.558996	0.5517578125
2.559996	0.5419921875
2.560996	0.546875
2.561996	0.546875
2.562996	0.546875
2.563996	0.5517578125
2.564996	0.546875
2.565996	0.5419921875
2.566996	0.5517578125
2.567996	0.5517578125
2.568996	0.5517578125
2.569996	0.5517578125
2.571004	0.546875
2.571996	0.546875
2.573	0.5517578125
2.574	0.5517578125
2.575	0.5419921875
2.576	0.546875
2.577	0.5517578125
2.577996	0.5419921875
2.578996	0.5517578125
2.579996	0.5419921875
2.580996	0.5517578125
2.581996	0.546875
2.582996	0.5517578125
2.583996	0.556640625
2.584996	0.546875
2.585996	0.546875
2.586996	0.556640625
2.587996	0.546875
2.588996	0.5517578125
2.589996	0.546875
2.590996	0.537109375
2.591996	0.546875
2.592996	0.546875
2.593996	0.546875
2.594996	0.556640625
2.595996	0.5419921875
2.596996	0.5419921875
2.597996	0.546875
2.598996	0.5419921875
2.599996	0.5517578125
2.600996	0.5517578125
2.601996	0.546875
2.602996	0.5517578125
2.603996	0.546875
2.604996	0.5419921875
2.605996	0.546875
2.606996	0.5517578125
2.607996	0.546875
2.608996	0.5517578125
2.609996	0.5517578125
2.610996	0.546875
2.611996	0.5419921875
2.612996	0.546875
2.614	0.546875
2.614996	0.546875
2.616	0.546875
2.617	0.546875
2.618	0.5517578125
2.619	0.546875
2.62	0.5419921875
2.620996	0.537109375
2.621996	0.5419921875
2.622996	0.546875
2.623996	0.537109375
2.624996	0.537109375
2.625996	0.5322265625
2.626996	0.5419921875
2.627996	0.5419921875
2.628996	0.546875
2.629996	0.5517578125
2.630996	0.546875
2.631996	0.5517578125
2.632996	0.546875
2.633996	0.5517578125
2.634996	0.546875
2.635996	0.5419921875
2.636996	0.546875
2.637996	0.546875
2.638996	0.5419921875
2.639996	0.546875
2.640996	0.537109375
2.641996	0.537109375
2.642996	0.546875
2.643996	0.546875
2.644996	0.5419921875
2.645996	0.5419921875
2.646996	0.546875
2.647996	0.5419921875
2.648996	0.546875
2.649996	0.537109375
2.650996	0.5419921875
2.651996	0.5419921875
2.652996	0.5419921875
2.653996	0.5419921875
2.654996	0.546875
2.655996	0.537109375
2.657	0.5419921875
2.657996	0.546875
2.659	0.5419921875
2.66	0.546875
2.661	0.5419921875
2.662	0.5419921875
2.663	0.5419921875
2.663996	0.5419921875
2.664996	0.5419921875
2.665996	0.537109375
2.666996	0.537109375
2.667996	0.546875
2.668996	0.537109375
2.669996	0.5419921875
2.670996	0.5419921875
2.671996	0.5419921875
2.672996	0.5517578125
2.673996	0.5419921875
2.674996	0.5419921875
2.675996	0.546875
2.676996	0.5419921875
2.677996	0.5419921875
2.678996	0.5322265625
2.679996	0.5322265625
2.680996	0.537109375
2.681996	0.5322265625
2.682996	0.5419921875
2.683996	0.537109375
2.684996	0.5322265625
2.685996	0.537109375
2.686996	0.537109375
2.687996	0.5419921875
2.688996	0.537109375
2.689996	0.537109375
2.690996	0.5322265625
2.691996	0.52734375
2.692996	0.52734375
2.693996	0.5224609375
2.694996	0.5078125
2.695996	0.5078125
2.696996	0.5126953125
2.697996	0.5029296875
2.699004	0.4931640625
2.699996	0.4833984375
2.701	0.4833984375
2.702	0.478515625
2.703	0.4736328125
2.704	0.46875
2.705	0.4638671875
2.705996	0.4541015625
2.706996	0.4443359375
2.707996	0.439453125
2.708996	0.4296875
2.709996	0.419921875
2.710996	0.4150390625
2.711996	0.4150390625
2.712996	0.4052734375
2.713996	0.4052734375
2.714996	0.400390625
2.715996	0.390625
2.716996	0.3955078125
2.717996	0.380859375
2.718996	0.3857421875
2.719996	0.37109375
2.720996	0.3662109375
2.721996	0.37109375
2.722996	0.3662109375
2.723996	0.3564453125
2.724996	0.361328125
2.725996	0.3564453125
2.726996	0.3564453125
2.727996	0.361328125
2.728996	0.3466796875
2.729996	0.3564453125
2.730996	0.341796875
2.731996	0.3466796875
2.732996	0.3515625
2.733996	0.33203125
2.734996	0.341796875
2.735996	0.3369140625
2.736996	0.33203125
2.737996	0.3369140625
2.738996	0.341796875
2.739996	0.3369140625
2.740996	0.3271484375
2.742	0.33203125
2.742996	0.322265625
2.744	0.322265625
2.745	0.3271484375
2.746	0.3173828125
2.747	0.322265625
2.748	0.3271484375
2.748996	0.3271484375
2.749996	0.3173828125
2.750996	0.322265625
2.751996	0.322265625
2.752996	0.322265625
2.753996	0.322265625
2.754996	0.3076171875
2.755996	0.3076171875
2.756996	0.3125
2.757996	0.3173828125
2.758996	0.3125
2.759996	0.3173828125
2.760996	0.3076171875
2.761996	0.3125
2.762996	0.3173828125
2.763996	0.3125
2.764996	0.3173828125
2.765996	0.3076171875
2.766996	0.3076171875
2.767996	0.3076171875
2.768996	0.3125
2.769996	0.3076171875
2.770996	0.302734375
2.771996	0.3125
2.772996	0.302734375
2.773996	0.3125
2.774996	0.3076171875
2.775996	0.3076171875
2.776996	0.3076171875
2.777996	0.302734375
2.778996	0.3125
2.779996	0.3125
2.780996	0.3076171875
2.781996	0.3125
2.782996	0.3076171875
2.783996	0.302734375
2.785	0.3076171875
2.785996	0.3125
2.787	0.3125
2.788	0.302734375
2.789	0.3076171875
2.79	0.2978515625
2.791	0.3076171875
2.791996	0.302734375
2.792996	0.302734375
2.793996	0.302734375
2.794996	0.3076171875
2.795996	0.3076171875
2.796996	0.302734375
2.797996	0.2978515625
2.798996	0.302734375
2.799996	0.2978515625
2.800996	0.302734375
2.801996	0.3125
2.802996	0.3076171875
2.803996	0.3076171875
2.804996	0.2978515625
2.805996	0.302734375
2.806996	0.3076171875
2.807996	0.302734375
2.808996	0.3076171875
2.809996	0.3076171875
2.810996	0.302734375
2.811996	0.302734375
2.812996	0.3076171875
2.813996	0.3076171875
2.814996	0.3076171875
2.815996	0.3076171875
2.816996	0.302734375
2.817996	0.3076171875
2.818996	0.3076171875
2.819996	0.3076171875
2.820996	0.3076171875
2.821996	0.3076171875
2.822996	0.302734375
2.823996	0.3076171875
2.824996	0.3076171875
2.825996	0.302734375
2.827004	0.302734375
2.827996	0.2978515625
2.829	0.302734375
2.83	0.2978515625
2.831	0.2880859375
2.832	0.29296875
2.833	0.2880859375
2.833996	0.2880859375
2.834996	0.2880859375
2.835996	0.2783203125
2.836996	0.283203125
2.837996	0.283203125
2.838996	0.2783203125
2.839996	0.283203125
2.840996	0.2734375
2.841996	0.2783203125
2.842996	0.2734375
2.843996	0.2734375
2.844996	0.2783203125
2.845996	0.283203125
2.846996	0.2734375
2.847996	0.263671875
2.848996	0.2685546875
2.849996	0.2734375
2.850996	0.2685546875
2.851996	0.2685546875
2.852996	0.2685546875
2.853996	0.263671875
2.854996	0.2685546875
2.855996	0.2685546875
2.856996	0.263671875
2.857996	0.2685546875
2.858996	0.263671875
2.859996	0.263671875
2.860996	0.263671875
2.861996	0.263671875
2.862996	0.263671875
2.863996	0.2587890625
2.864996	0.263671875
2.865996	0.2587890625
2.866996	0.263671875
2.867996	0.2587890625
2.868996	0.25390625
2.87	0.263671875
2.870996	0.2587890625
2.872	0.2587890625
2.873	0.2490234375
2.874	0.263671875
2.875	0.2587890625
2.876	0.25390625
2.876996	0.263671875
2.877996	0.2587890625
2.878996	0.244140625
2.879996	0.2490234375
2.880996	0.2490234375
2.881996	0.2490234375
2.882996	0.2490234375
2.883996	0.25390625
2.884996	0.2587890625
2.885996	0.263671875
2.886996	0.2490234375
2.887996	0.2490234375
2.888996	0.2490234375
2.889996	0.25390625
2.890996	0.25390625
2.891996	0.244140625
2.892996	0.244140625
2.893996	0.25390625
2.894996	0.2490234375
2.895996	0.25390625
2.896996	0.25390625
2.897996	0.25390625
2.898996	0.2490234375
2.899996	0.2490234375
2.900996	0.25390625
2.901996	0.2490234375
2.902996	0.25390625
2.903996	0.2392578125
2.904996	0.2392578125
2.905996	0.234375
2.906996	0.244140625
2.907996	0.2490234375
2.908996	0.234375
2.909996	0.244140625
2.910996	0.2392578125
2.911996	0.244140625
2.913	0.2490234375
2.913996	0.2490234375
2.915	0.2490234375
2.916	0.244140625
2.917	0.244140625
2.918	0.2392578125
2.919	0.2392578125
2.919996	0.244140625
2.920996	0.2392578125
2.921996	0.244140625
2.922996	0.2392578125
2.923996	0.234375
2.924996	0.2392578125
2.925996	0.234375
2.926996	0.2392578125
2.927996	0.2392578125
2.928996	0.234375
2.929996	0.234375
2.930996	0.234375
2.931996	0.2294921875
2.932996	0.2294921875
2.933996	0.234375
2.934996	0.2294921875
2.935996	0.2294921875
2.936996	0.2294921875
2.937996	0.2294921875
2.938996	0.2294921875
2.939996	0.2294921875
2.940996	0.2392578125
2.941996	0.2294921875
2.942996	0.2294921875
2.943996	0.234375
2.944996	0.2392578125
2.945996	0.224609375
2.946996	0.2294921875
2.947996	0.2294921875
2.948996	0.2294921875
2.949996	0.224609375
2.950996	0.234375
2.951996	0.224609375
2.952996	0.2294921875
2.953996	0.2294921875
2.955004	0.224609375
2.955996	0.2294921875
2.957	0.2294921875
2.958	0.2294921875
2.959	0.224609375
2.96	0.2197265625
2.961	0.2294921875
2.961996	0.224609375
2.962996	0.2294921875
2.963996	0.2197265625
2.964996	0.2294921875
2.965996	0.224609375
2.966996	0.2294921875
2.967996	0.2294921875
2.968996	0.2197265625
2.969996	0.224609375
2.970996	0.224609375
2.971996	0.2294921875
2.972996	0.224609375
2.973996	0.2197265625
2.974996	0.224609375
2.975996	0.224609375
2.976996	0.2294921875
2.977996	0.2294921875
2.978996	0.224609375
2.979996	0.2197265625
2.980996	0.2294921875
2.981996	0.224609375
2.982996	0.2294921875
2.983996	0.2197265625
2.984996	0.224609375
2.985996	0.224609375
2.986996	0.2197265625
2.987996	0.21484375
2.988996	0.2294921875
2.989996	0.2197265625
2.990996	0.2197265625
2.991996	0.21484375
2.992996	0.2197265625
2.993996	0.2197265625
2.994996	0.224609375
2.995996	0.2197265625
2.996996	0.2197265625
2.998	0.224609375
2.998996	0.224609375
3.0	0.21484375
3.001	0.224609375
3.002	0.2197265625
3.003	0.21484375
3.004	0.224609375
3.004996	0.2197265625
3.005996	0.2197265625
3.006996	0.2294921875
3.007996	0.2294921875
3.008996	0.2197265625
3.009996	0.2294921875
3.010996	0.21484375
3.011996	0.2197265625
3.012996	0.2197265625
3.013996	0.2197265625
3.014996	0.2197265625
3.015996	0.224609375
3.016996	0.2197265625
3.017996	0.21484375
3.018996	0.224609375
3.019996	0.2099609375
3.020996	0.224609375
3.021996	0.2197265625
3.022996	0.224609375
3.023996	0.224609375
3.024996	0.2294921875
3.025996	0.2294921875
3.026996	0.2197265625
3.027996	0.224609375
3.028996	0.21484375
3.029996	0.2197265625
3.030996	0.2197265625
3.031996	0.2197265625
3.032996	0.21484375
3.033996	0.21484375
3.034996	0.21484375
3.035996	0.2197265625
3.036996	0.21484375
3.037996	0.224609375
3.038996	0.2197265625
3.039996	0.2294921875
3.041	0.21484375
3.041996	0.2197265625
3.043	0.21484375
3.044	0.2197265625
3.045	0.2099609375
3.046	0.224609375
3.047	0.2197265625
3.047996	0.224609375
3.048996	0.2197265625
3.049996	0.2197265625
3.050996	0.2197265625
3.051996	0.21484375
3.052996	0.2294921875
3.053996	0.224609375
3.054996	0.224609375
3.055996	0.2197265625
3.056996	0.21484375
3.057996	0.2197265625
3.058996	0.224609375
3.059996	0.224609375
3.060996	0.21484375
3.061996	0.224609375
3.062996	0.21484375
3.063996	0.2197265625
3.064996	0.21484375
3.065996	0.224609375
3.066996	0.2197265625
3.067996	0.224609375
3.068996	0.224609375
3.069996	0.21484375
3.070996	0.224609375
3.071996	0.2197265625
3.072996	0.2294921875
3.073996	0.21484375
3.074996	0.224609375
3.075996	0.2197265625
3.076996	0.224609375
3.077996	0.21484375
3.078996	0.224609375
3.079996	0.2294921875
3.080996	0.224609375
3.081996	0.224609375
3.083004	0.2197265625
3.083996	0.2294921875
3.085	0.21484375
3.086	0.2294921875
3.087	0.224609375
3.088	0.224609375
3.089	0.2197265625
3.089996	0.21484375
3.090996	0.2099609375
3.091996	0.2197265625
3.092996	0.2294921875
3.093996	0.2294921875
3.094996	0.2197265625
3.095996	0.2294921875
3.096996	0.2197265625
3.097996	0.224609375
3.098996	0.234375
3.099996	0.21484375
3.100996	0.2294921875
3.101996	0.2294921875
3.102996	0.224609375
3.103996	0.224609375
3.104996	0.2294921875
3.105996	0.224609375
3.106996	0.21484375
3.107996	0.2197265625
3.108996	0.21484375
3.109996	0.2294921875
3.110996	0.224609375
3.111996	0.224609375
3.112996	0.2294921875
3.113996	0.21484375
3.114996	0.2294921875
3.115996	0.224609375
3.116996	0.2294921875
3.117996	0.224609375
3.118996	0.224609375
3.119996	0.2197265625
3.120996	0.224609375
3.121996	0.2294921875
3.122996	0.2294921875
3.123996	0.224609375
3.124996	0.224609375
3.126	0.224609375
3.126996	0.2294921875
3.128	0.224609375
3.129	0.2197265625
3.13	0.2197265625
3.131	0.2294921875
3.132	0.224609375
3.132996	0.2294921875
3.133996	0.2294921875
3.134996	0.224609375
3.135996	0.2197265625
3.136996	0.224609375
3.137996	0.2294921875
3.138996	0.2294921875
3.139996	0.2294921875
3.140996	0.2294921875
3.141996	0.2294921875
3.142996	0.2294921875
3.143996	0.2294921875
3.144996	0.224609375
3.145996	0.224609375
3.146996	0.2294921875
3.147996	0.2294921875
3.148996	0.2294921875
3.149996	0.2294921875
3.150996	0.2294921875
3.151996	0.2294921875
3.152996	0.2197265625
3.153996	0.2294921875
3.154996	0.2294921875
3.155996	0.2294921875
3.156996	0.224609375
3.157996	0.224609375
3.158996	0.234375
3.159996	0.2294921875
3.160996	0.234375
3.161996	0.2294921875
3.162996	0.2294921875
3.163996	0.224609375
3.164996	0.224609375
3.165996	0.234375
3.166996	0.2294921875
3.167996	0.234375
3.169	0.2197265625
3.169996	0.234375
3.171	0.234375
3.172	0.2294921875
3.173	0.224609375
3.174	0.224609375
3.175	0.224609375
3.175996	0.234375
3.176996	0.234375
3.177996	0.2294921875
3.178996	0.244140625
3.179996	0.234375
3.180996	0.2294921875
3.181996	0.234375
3.182996	0.234375
3.183996	0.224609375
3.184996	0.234375
3.185996	0.2294921875
3.186996	0.234375
3.187996	0.234375
3.188996	0.224609375
3.189996	0.234375
3.190996	0.2294921875
3.191996	0.234375
3.192996	0.224609375
3.193996	0.2392578125
3.194996	0.224609375
3.195996	0.244140625
3.196996	0.2392578125
3.197996	0.2392578125
3.198996	0.2392578125
3.199996	0.2392578125
3.200996	0.2392578125
3.201996	0.2294921875
3.202996	0.234375
3.203996	0.2294921875
3.204996	0.2392578125
3.205996	0.234375
3.206996	0.2392578125
3.207996	0.244140625
3.208996	0.244140625
3.209996	0.234375
3.211004	0.2392578125
3.211996	0.2392578125
3.213	0.234375
3.214	0.2294921875
3.215	0.2392578125
3.216	0.234375
3.217	0.234375
3.217996	0.234375
3.218996	0.234375
3.219996	0.224609375
3.220996	0.2392578125
3.221996	0.2294921875
3.222996	0.2294921875
3.223996	0.234375
3.224996	0.2392578125
3.225996	0.2294921875
3.226996	0.234375
3.227996	0.2294921875
3.228996	0.234375
3.229996	0.234375
3.230996	0.234375
3.231996	0.234375
3.232996	0.2392578125
3.233996	0.2294921875
3.234996	0.234375
3.235996	0.234375
3.236996	0.234375
3.237996	0.234375
3.238996	0.234375
3.239996	0.234375
3.240996	0.234375
3.241996	0.2294921875
3.242996	0.234375
3.243996	0.234375
3.244996	0.2294921875
3.245996	0.2294921875
3.246996	0.234375
3.247996	0.224609375
3.248996	0.2392578125
3.249996	0.2294921875
3.250996	0.2294921875
3.251996	0.2392578125
3.252996	0.2294921875
3.254	0.234375
3.254996	0.234375
3.256	0.234375
3.257	0.234375
3.258	0.234375
3.259	0.2294921875
3.26	0.2294921875
3.260996	0.234375
3.261996	0.2392578125
3.262996	0.234375
3.263996	0.2392578125
3.264996	0.2294921875
3.265996	0.2392578125
3.266996	0.2392578125
3.267996	0.234375
3.268996	0.2392578125
3.269996	0.234375
3.270996	0.244140625
3.271996	0.244140625
3.272996	0.234375
3.273996	0.234375
3.274996	0.2294921875
3.275996	0.2392578125
3.276996	0.234375
3.277996	0.2392578125
3.278996	0.244140625
3.279996	0.244140625
3.280996	0.2392578125
3.281996	0.234375
3.282996	0.234375
3.283996	0.2392578125
3.284996	0.2392578125
3.285996	0.2392578125
3.286996	0.2392578125
3.287996	0.244140625
3.288996	0.234375
3.289996	0.2392578125
3.290996	0.244140625
3.291996	0.2392578125
3.292996	0.2392578125
3.293996	0.2392578125
3.294996	0.2392578125
3.295996	0.2392578125
3.297	0.244140625
3.297996	0.244140625
3.299	0.234375
3.3	0.244140625
3.301	0.2392578125
3.302	0.2392578125
3.303	0.2392578125
3.303996	0.234375
3.304996	0.2490234375
3.305996	0.2392578125
3.306996	0.244140625
3.307996	0.2392578125
3.308996	0.234375
3.309996	0.244140625
3.310996	0.2392578125
3.311996	0.2392578125
3.312996	0.2392578125
3.313996	0.244140625
3.314996	0.244140625
3.315996	0.2294921875
3.316996	0.244140625
3.317996	0.234375
3.318996	0.234375
3.319996	0.234375
3.320996	0.244140625
3.321996	0.2392578125
3.322996	0.244140625
3.323996	0.244140625
3.324996	0.2392578125
3.325996	0.244140625
3.326996	0.2392578125
3.327996	0.234375
3.328996	0.2392578125
3.329996	0.2392578125
3.330996	0.244140625
3.331996	0.2392578125
3.332996	0.2392578125
3.333996	0.2490234375
3.334996	0.244140625
3.335996	0.2392578125
3.336996	0.2392578125
3.337996	0.244140625
3.339004	0.2392578125
3.339996	0.244140625
3.341	0.244140625
3.342	0.2392578125
3.343	0.244140625
3.344	0.244140625
3.345	0.2392578125
3.345996	0.2490234375
3.346996	0.2490234375
3.347996	0.244140625
3.348996	0.2392578125
3.349996	0.2490234375
3.350996	0.244140625
3.351996	0.2392578125
3.352996	0.2490234375
3.353996	0.244140625
3.354996	0.244140625
3.355996	0.244140625
3.356996	0.244140625
3.357996	0.244140625
3.358996	0.2490234375
3.359996	0.244140625
3.360996	0.25390625
3.361996	0.2490234375
3.362996	0.244140625
3.363996	0.25390625
3.364996	0.244140625
3.365996	0.2490234375
3.366996	0.2490234375
3.367996	0.2490234375
3.368996	0.2490234375
3.369996	0.2490234375
3.370996	0.244140625
3.371996	0.2490234375
3.372996	0.2490234375
3.373996	0.2490234375
3.374996	0.244140625
3.375996	0.244140625
3.376996	0.2490234375
3.377996	0.2490234375
3.378996	0.2490234375
3.379996	0.2490234375
3.380996	0.2490234375
3.382	0.2490234375
3.382996	0.25390625
3.384	0.25390625
3.385	0.2490234375
3.386	0.25390625
3.387	0.25390625
3.388	0.2490234375
3.388996	0.2490234375
3.389996	0.2490234375
3.390996	0.2587890625
3.391996	0.25390625
3.392996	0.25390625
3.393996	0.2490234375
3.394996	0.25390625
3.395996	0.2490234375
3.396996	0.25390625
3.397996	0.2587890625
3.398996	0.2490234375
3.399996	0.25390625
3.400996	0.2490234375
3.401996	0.2587890625
3.402996	0.25390625
3.403996	0.2685546875
3.404996	0.263671875
3.405996	0.2587890625
3.406996	0.2587890625
3.407996	0.263671875
3.408996	0.2587890625
3.409996	0.2685546875
3.410996	0.263671875
3.411996	0.263671875
3.412996	0.2685546875
3.413996	0.263671875
3.414996	0.2685546875
3.415996	0.263671875
3.416996	0.263671875
3.417996	0.2734375
3.418996	0.2685546875
3.419996	0.2734375
3.420996	0.2734375
3.421996	0.2734375
3.422996	0.2734375
3.423996	0.2734375
3.425	0.2783203125
3.425996	0.2783203125
3.427	0.2783203125
3.428	0.2783203125
3.429	0.2783203125
3.43	0.2783203125
3.431	0.283203125
3.431996	0.2783203125
3.432996	0.2880859375
3.433996	0.2880859375
3.434996	0.2880859375
3.435996	0.29296875
3.436996	0.2880859375
3.437996	0.283203125
3.438996	0.283203125
3.439996	0.2880859375
3.440996	0.283203125
3.441996	0.2880859375
3.442996	0.283203125
3.443996	0.29296875
3.444996	0.29296875
3.445996	0.29296875
3.446996	0.2880859375
3.447996	0.2880859375
3.448996	0.2978515625
3.449996	0.29296875
3.450996	0.2978515625
3.451996	0.29296875
3.452996	0.2978515625
3.453996	0.302734375
3.454996	0.2978515625
3.455996	0.2978515625
3.456996	0.2978515625
3.457996	0.3076171875
3.458996	0.3076171875
3.459996	0.302734375
3.460996	0.3076171875
3.461996	0.3125
3.462996	0.3076171875
3.463996	0.3125
3.464996	0.3125
3.465996	0.3173828125
3.467004	0.3173828125
3.467996	0.322265625
3.469	0.3173828125
3.47	0.3173828125
3.471	0.3271484375
3.472	0.33203125
3.473	0.33203125
3.473996	0.3271484375
3.474996	0.341796875
3.475996	0.3466796875
3.476996	0.3515625
3.477996	0.341796875
3.478996	0.3466796875
3.479996	0.3466796875
3.480996	0.3466796875
3.481996	0.3515625
3.482996	0.341796875
3.483996	0.3515625
3.484996	0.3466796875
3.485996	0.3515625
3.486996	0.3466796875
3.487996	0.361328125
3.488996	0.3564453125
3.489996	0.3564453125
3.490996	0.361328125
3.491996	0.3564453125
3.492996	0.3564453125
3.493996	0.3466796875
3.494996	0.3515625
3.495996	0.3515625
3.496996	0.3564453125
3.497996	0.3564453125
3.498996	0.3515625
3.499996	0.3564453125
3.500996	0.3515625
3.501996	0.3515625
3.502996	0.3515625
3.503996	0.3515625
3.504996	0.3369140625
3.505996	0.3515625
3.506996	0.341796875
3.507996	0.3515625
3.508996	0.341796875
3.51	0.3466796875
3.510996	0.3515625
3.512	0.3564453125
3.513	0.3466796875
3.514	0.3515625
3.515	0.3515625
3.516	0.3515625
3.516996	0.3466796875
3.517996	0.341796875
3.518996	0.3515625
3.519996	0.3515625
3.520996	0.3564453125
3.521996	0.3564453125
3.522996	0.3515625
3.523996	0.361328125
3.524996	0.3515625
3.525996	0.361328125
3.526996	0.3564453125
3.527996	0.361328125
3.528996	0.361328125
3.529996	0.37109375
3.530996	0.37109375
3.531996	0.3759765625
3.532996	0.3857421875
3.533996	0.3955078125
3.534996	0.400390625
3.535996	0.41015625
3.536996	0.4248046875
3.537996	0.4443359375
3.538996	0.44921875
3.539996	0.46875
3.540996	0.4736328125
3.541996	0.48828125
3.542996	0.48828125
3.543996	0.5029296875
3.544996	0.5078125
3.545996	0.5029296875
3.546996	0.5126953125
3.547996	0.517578125
3.548996	0.5126953125
3.549996	0.5224609375
3.550996	0.52734375
3.551996	0.52734375
3.553	0.5224609375
3.553996	0.52734375
3.555	0.52734375
3.556	0.5322265625
3.557	0.5322265625
3.558	0.537109375
3.559	0.5322265625
3.559996	0.5322265625
3.560996	0.537109375
3.561996	0.5322265625
3.562996	0.5322265625
3.563996	0.5322265625
3.564996	0.537109375
3.565996	0.5419921875
3.566996	0.537109375
3.567996	0.5419921875
3.568996	0.537109375
3.569996	0.5419921875
3.570996	0.5419921875
3.571996	0.5419921875
3.572996	0.5419921875
3.573996	0.546875
3.574996	0.546875
3.575996	0.5419921875
3.576996	0.546875
3.577996	0.537109375
3.578996	0.546875
3.579996	0.5419921875
3.580996	0.5517578125
3.581996	0.546875
3.582996	0.5419921875
3.583996	0.5419921875
3.584996	0.546875
3.585996	0.5419921875
3.586996	0.546875
3.587996	0.546875
3.588996	0.5419921875
3.589996	0.5517578125
3.590996	0.5517578125
3.591996	0.5517578125
3.592996	0.546875
3.593996	0.5419921875
3.595004	0.556640625
3.595996	0.5419921875
3.597	0.5517578125
3.598	0.5517578125
3.599	0.546875
3.6	0.5517578125
3.601	0.5517578125
3.601996	0.5517578125
3.602996	0.5419921875
3.603996	0.5517578125
3.604996	0.5517578125
3.605996	0.5517578125
3.606996	0.546875
3.607996	0.5517578125
3.608996	0.5517578125
3.609996	0.556640625
3.610996	0.546875
3.611996	0.546875
3.612996	0.546875
3.613996	0.5517578125
3.614996	0.5517578125
3.615996	0.556640625
3.616996	0.5615234375
3.617996	0.556640625
3.618996	0.556640625
3.619996	0.5615234375
3.620996	0.5517578125
3.621996	0.5517578125
3.622996	0.556640625
3.623996	0.5517578125
3.624996	0.5615234375
3.625996	0.5615234375
3.626996	0.556640625
3.627996	0.5517578125
3.628996	0.556640625
3.629996	0.56640625
3.630996	0.5615234375
3.631996	0.5615234375
3.632996	0.5615234375
3.633996	0.556640625
3.634996	0.5615234375
3.635996	0.556640625
3.636996	0.5615234375
3.638	0.5615234375
3.638996	0.5615234375
3.64	0.5615234375
3.641	0.556640625
3.642	0.56640625
3.643	0.56640625
3.644	0.556640625
3.644996	0.556640625
3.645996	0.5615234375
3.646996	0.56640625
3.647996	0.5615234375
3.648996	0.556640625
3.649996	0.56640625
3.650996	0.5615234375
3.651996	0.56640625
3.652996	0.5615234375
3.653996	0.56640625
3.654996	0.56640625
3.655996	0.5615234375
3.656996	0.5712890625
3.657996	0.5712890625
3.658996	0.576171875
3.659996	0.56640625
3.660996	0.56640625
3.661996	0.5615234375
3.662996	0.56640625
3.663996	0.5712890625
3.664996	0.576171875
3.665996	0.5712890625
3.666996	0.5712890625
3.667996	0.576171875
3.668996	0.56640625
3.669996	0.576171875
3.670996	0.5810546875
3.671996	0.5712890625
3.672996	0.576171875
3.673996	0.576171875
3.674996	0.5712890625
3.675996	0.576171875
3.676996	0.5712890625
3.677996	0.576171875
3.678996	0.576171875
3.679996	0.5712890625
3.681	0.5712890625
3.681996	0.5810546875
3.683	0.576171875
3.684	0.5712890625
3.685	0.5712890625
3.686	0.576171875
3.687	0.5712890625
3.687996	0.576171875
3.688996	0.576171875
3.689996	0.5712890625
3.690996	0.576171875
3.691996	0.5810546875
3.692996	0.5712890625
3.693996	0.5712890625
3.694996	0.5712890625
3.695996	0.576171875
3.696996	0.576171875
3.697996	0.576171875
3.698996	0.576171875
3.699996	0.5712890625
3.700996	0.5810546875
3.701996	0.576171875
3.702996	0.5712890625
3.703996	0.576171875
3.704996	0.5712890625
3.705996	0.5810546875
3.706996	0.5810546875
3.707996	0.5712890625
3.708996	0.576171875
3.709996	0.5712890625
3.710996	0.5712890625
3.711996	0.5712890625
3.712996	0.5810546875
3.713996	0.5810546875
3.714996	0.5810546875
3.715996	0.576171875
3.716996	0.5810546875
3.717996	0.5810546875
3.718996	0.576171875
3.719996	0.576171875
3.720996	0.576171875
3.721996	0.576171875
3.723004	0.5810546875
3.723996	0.5810546875
3.725	0.5810546875
3.726	0.576171875
3.727	0.576171875
3.728	0.576171875
3.729	0.5712890625
3.729996	0.5810546875
3.730996	0.576171875
3.731996	0.576171875
3.732996	0.576171875
3.733996	0.576171875
3.734996	0.576171875
3.735996	0.5810546875
3.736996	0.5810546875
3.737996	0.5810546875
3.738996	0.576171875
3.739996	0.5859375
3.740996	0.576171875
3.741996	0.5859375
3.742996	0.5859375
3.743996	0.5810546875
3.744996	0.5859375
3.745996	0.5810546875
3.746996	0.5859375
3.747996	0.5810546875
3.748996	0.5810546875
3.749996	0.5859375
3.750996	0.5859375
3.751996	0.5810546875
3.752996	0.576171875
3.753996	0.5810546875
3.754996	0.5810546875
3.755996	0.5859375
3.756996	0.5810546875
3.757996	0.5859375
3.758996	0.5859375
3.759996	0.5859375
3.760996	0.576171875
3.761996	0.5810546875
3.762996	0.5908203125
3.763996	0.5859375
3.764996	0.5859375
3.766	0.5859375
3.766996	0.576171875
3.768	0.5859375
3.769	0.5810546875
3.77	0.5859375
3.771	0.5810546875
3.772	0.5859375
3.772996	0.5810546875
3.773996	0.5810546875
3.774996	0.5810546875
3.775996	0.5859375
3.776996	0.5859375
3.777996	0.5859375
3.778996	0.5859375
3.779996	0.576171875
3.780996	0.5810546875
3.781996	0.5810546875
3.782996	0.5859375
3.783996	0.5810546875
3.784996	0.5810546875
3.785996	0.5859375
3.786996	0.5908203125
3.787996	0.5859375
3.788996	0.5810546875
3.789996	0.5810546875
3.790996	0.5859375
3.791996	0.5859375
3.792996	0.5810546875
3.793996	0.5810546875
3.794996	0.5859375
3.795996	0.5859375
3.796996	0.5859375
3.797996	0.5908203125
3.798996	0.5810546875
3.799996	0.5908203125
3.800996	0.5859375
3.801996	0.5859375
3.802996	0.5859375
3.803996	0.5810546875
3.804996	0.5859375
3.805996	0.5859375
3.806996	0.5859375
3.807996	0.5859375
3.809	0.5859375
3.809996	0.5908203125
3.811	0.595703125
3.812	0.5859375
3.813	0.5908203125
3.814	0.5859375
3.815	0.595703125
3.815996	0.5810546875
3.816996	0.5810546875
3.817996	0.5859375
3.818996	0.5859375
3.819996	0.5810546875
3.820996	0.5810546875
3.821996	0.595703125
3.822996	0.5859375
3.823996	0.5859375
3.824996	0.595703125
3.825996	0.5908203125
3.826996	0.5810546875
3.827996	0.5859375
3.828996	0.5908203125
3.829996	0.5908203125
3.830996	0.5908203125
3.831996	0.5908203125
3.832996	0.5859375
3.833996	0.5810546875
3.834996	0.5859375
3.835996	0.5908203125
3.836996	0.5810546875
3.837996	0.595703125
3.838996	0.5859375
3.839996	0.5859375
3.840996	0.5908203125
3.841996	0.5859375
3.842996	0.5859375
3.843996	0.5859375
3.844996	0.5908203125
3.845996	0.595703125
3.846996	0.5908203125
3.847996	0.5859375
3.848996	0.5908203125
3.849996	0.5908203125
3.851004	0.5908203125
3.851996	0.5908203125
3.853	0.5859375
3.854	0.5908203125
3.855	0.5859375
3.856	0.5859375
3.857	0.5908203125
3.857996	0.5859375
3.858996	0.595703125
3.859996	0.5908203125
3.860996	0.5859375
3.861996	0.5908203125
3.862996	0.5859375
3.863996	0.595703125
3.864996	0.5908203125
3.865996	0.5908203125
3.866996	0.595703125
3.867996	0.5908203125
3.868996	0.5908203125
3.869996	0.6005859375
3.870996	0.595703125
3.871996	0.5908203125
3.872996	0.595703125
3.873996	0.5908203125
3.874996	0.595703125
3.875996	0.5908203125
3.876996	0.595703125
3.877996	0.5908203125
3.878996	0.5908203125
3.879996	0.60546875
3.880996	0.5859375
3.881996	0.5859375
3.882996	0.5908203125
3.883996	0.5859375
3.884996	0.5908203125
3.885996	0.5859375
3.886996	0.5908203125
3.887996	0.595703125
3.888996	0.595703125
3.889996	0.5908203125
3.890996	0.5908203125
3.891996	0.5908203125
3.892996	0.595703125
3.894	0.5908203125
3.894996	0.595703125
3.896	0.595703125
3.897	0.595703125
3.898	0.595703125
3.899	0.5859375
3.9	0.5908203125
3.900996	0.5908203125
3.901996	0.5859375
3.902996	0.595703125
3.903996	0.5908203125
3.904996	0.5908203125
3.905996	0.5859375
3.906996	0.595703125
3.907996	0.595703125
3.908996	0.595703125
3.909996	0.595703125
3.910996	0.595703125
3.911996	0.5908203125
3.912996	0.595703125
3.913996	0.595703125
3.914996	0.5908203125
3.915996	0.5908203125
3.916996	0.5859375
3.917996	0.5908203125
3.918996	0.595703125
3.919996	0.5908203125
3.920996	0.5908203125
3.921996	0.5908203125
3.922996	0.5908203125
3.923996	0.5908203125
3.924996	0.5908203125
3.925996	0.595703125
3.926996	0.595703125
3.927996	0.595703125
3.928996	0.5908203125
3.929996	0.595703125
3.930996	0.5908203125
3.931996	0.5859375
3.932996	0.5908203125
3.933996	0.5908203125
3.934996	0.595703125
3.935996	0.595703125
3.937	0.595703125
3.937996	0.595703125
3.939	0.5908203125
3.94	0.5908203125
3.941	0.5908203125
3.942	0.595703125
3.943	0.5908203125
3.943996	0.5908203125
3.944996	0.595703125
3.945996	0.595703125
3.946996	0.5908203125
3.947996	0.5908203125
3.948996	0.5908203125
3.949996	0.595703125
3.950996	0.595703125
3.951996	0.5859375
3.952996	0.6005859375
3.953996	0.6005859375
3.954996	0.5908203125
3.955996	0.595703125
3.956996	0.5908203125
3.957996	0.595703125
3.958996	0.595703125
3.959996	0.595703125
3.960996	0.595703125
3.961996	0.5908203125
3.962996	0.595703125
3.963996	0.6005859375
3.964996	0.6005859375
3.965996	0.595703125
3.966996	0.595703125
3.967996	0.6005859375
3.968996	0.595703125
3.969996	0.5859375
3.970996	0.595703125
3.971996	0.595703125
3.972996	0.595703125
3.973996	0.595703125
3.974996	0.5908203125
3.975996	0.5908203125
3.976996	0.5908203125
3.977996	0.595703125
3.979004	0.595703125
3.979996	0.595703125
3.981	0.5908203125
3.982	0.595703125
3.983	0.5908203125
3.984	0.6005859375
3.985	0.595703125
3.985996	0.595703125
3.986996	0.595703125
3.987996	0.595703125
3.988996	0.595703125
3.989996	0.595703125
3.990996	0.6005859375
3.991996	0.6005859375
3.992996	0.6005859375
3.993996	0.5908203125
3.994996	0.595703125
3.995996	0.6005859375
3.996996	0.595703125
3.997996	0.5908203125
3.998996	0.5908203125
3.999996	0.5908203125
4.000996	0.595703125
4.001996	0.5908203125
4.002996	0.5908203125
4.003996	0.595703125
4.004996	0.595703125
4.005996	0.5908203125
4.006996	0.5908203125
4.007996	0.595703125
4.008996	0.6005859375
4.009996	0.5908203125
4.010996	0.5908203125
4.011996	0.595703125
4.012996	0.6005859375
4.013996	0.5859375
4.014996	0.5908203125
4.015996	0.595703125
4.016996	0.6005859375
4.017996	0.595703125
4.018996	0.595703125
4.019996	0.5859375
4.020996	0.5908203125
4.022	0.595703125
4.022996	0.6005859375
4.024	0.6005859375
4.025	0.595703125
4.026	0.595703125
4.027	0.595703125
4.028	0.595703125
4.028996	0.5908203125
4.029996	0.5908203125
4.030996	0.595703125
4.031996	0.5908203125
4.032996	0.595703125
4.033996	0.6005859375
4.034996	0.595703125
4.035996	0.595703125
4.036996	0.5859375
4.037996	0.595703125
4.038996	0.5908203125
4.039996	0.5859375
4.040996	0.595703125
4.041996	0.5908203125
4.042996	0.5908203125
4.043996	0.5908203125
4.044996	0.5908203125
4.045996	0.595703125
4.046996	0.5908203125
4.047996	0.595703125
4.048996	0.6005859375
4.049996	0.5859375
4.050996	0.5908203125
4.051996	0.595703125
4.052996	0.595703125
4.053996	0.595703125
4.054996	0.5908203125
4.055996	0.5859375
4.056996	0.5908203125
4.057996	0.595703125
4.058996	0.5908203125
4.059996	0.595703125
4.060996	0.595703125
4.061996	0.5859375
4.062996	0.6005859375
4.063996	0.5908203125
4.065	0.5908203125
4.065996	0.595703125
4.067	0.595703125
4.068	0.6005859375
4.069	0.595703125
4.07	0.6005859375
4.071	0.5908203125
4.071996	0.5908203125
4.072996	0.595703125
4.073996	0.6005859375
4.074996	0.595703125
4.075996	0.5908203125
4.076996	0.5908203125
4.077996	0.595703125
4.078996	0.6005859375
4.079996	0.6005859375
4.080996	0.595703125
4.081996	0.6005859375
4.082996	0.6005859375
4.083996	0.595703125
4.084996	0.6005859375
4.085996	0.595703125
4.086996	0.6005859375
4.087996	0.6005859375
4.088996	0.6005859375
4.089996	0.60546875
4.090996	0.6005859375
4.091996	0.60546875
4.092996	0.60546875
4.093996	0.60546875
4.094996	0.60546875
4.095996	0.60546875
4.096996	0.60546875
4.097996	0.60546875
4.098996	0.6005859375
4.099996	0.6005859375
4.100996	0.6103515625
4.101996	0.6103515625
4.102996	0.60546875
4.103996	0.6103515625
4.104996	0.6103515625
4.105996	0.615234375
4.107004	0.6103515625
4.107996	0.615234375
4.109	0.6103515625
4.11	0.6201171875
4.111	0.6103515625
4.112	0.615234375
4.113	0.615234375
4.113996	0.6103515625
4.114996	0.615234375
4.115996	0.615234375
4.116996	0.6103515625
4.117996	0.615234375
4.118996	0.615234375
4.119996	0.615234375
4.120996	0.615234375
4.121996	0.615234375
4.122996	0.6103515625
4.123996	0.6103515625
4.124996	0.6103515625
4.125996	0.6201171875
4.126996	0.625
4.127996	0.6103515625
4.128996	0.6201171875
4.129996	0.615234375
4.130996	0.615234375
4.131996	0.6201171875
4.132996	0.625
4.133996	0.615234375
4.134996	0.6201171875
4.135996	0.615234375
4.136996	0.6201171875
4.137996	0.625
4.138996	0.6201171875
4.139996	0.6103515625
4.140996	0.6201171875
4.141996	0.615234375
4.142996	0.625
4.143996	0.6201171875
4.144996	0.6201171875
4.145996	0.615234375
4.146996	0.625
4.147996	0.6201171875
4.148996	0.6201171875
4.15	0.625
4.150996	0.6201171875
4.152	0.6201171875
4.153	0.615234375
4.154	0.6201171875
4.155	0.6201171875
4.156	0.6201171875
4.156996	0.625
4.157996	0.6201171875
4.158996	0.6201171875
4.159996	0.625
4.160996	0.6201171875
4.161996	0.6201171875
4.162996	0.6201171875
4.163996	0.6201171875
4.164996	0.615234375
4.165996	0.6201171875
4.166996	0.615234375
4.167996	0.625
4.168996	0.625
4.169996	0.6201171875
4.170996	0.625
4.171996	0.625
4.172996	0.6201171875
4.173996	0.625
4.174996	0.615234375
4.175996	0.6201171875
4.176996	0.6201171875
4.177996	0.615234375
4.178996	0.625
4.179996	0.6201171875
4.180996	0.6103515625
4.181996	0.615234375
4.182996	0.625
4.183996	0.615234375
4.184996	0.6201171875
4.185996	0.615234375
4.186996	0.6201171875
4.187996	0.6201171875
4.188996	0.625
4.189996	0.625
4.190996	0.6201171875
4.191996	0.615234375
4.193	0.615234375
4.193996	0.6201171875
4.195	0.6201171875
4.196	0.6201171875
4.197	0.6201171875
4.198	0.6201171875
4.199	0.625
4.199996	0.625
4.200996	0.6201171875
4.201996	0.6201171875
4.202996	0.615234375
4.203996	0.6201171875
4.204996	0.615234375
4.205996	0.6201171875
4.206996	0.625
4.207996	0.6201171875
4.208996	0.625
4.209996	0.6103515625
4.210996	0.625
4.211996	0.625
4.212996	0.6201171875
4.213996	0.6103515625
4.214996	0.6103515625
4.215996	0.6201171875
4.216996	0.6201171875
4.217996	0.615234375
4.218996	0.615234375
4.219996	0.6201171875
4.220996	0.625
4.221996	0.6201171875
4.222996	0.615234375
4.223996	0.6103515625
4.224996	0.625
4.225996	0.6201171875
4.226996	0.6201171875
4.227996	0.615234375
4.228996	0.6201171875
4.229996	0.6201171875
4.230996	0.6201171875
4.231996	0.6201171875
4.232996	0.6201171875
4.233996	0.6201171875
4.235004	0.625
4.235996	0.615234375
4.237	0.625
4.238	0.6201171875
4.239	0.625
4.24	0.615234375
4.241	0.6201171875
4.241996	0.6201171875
4.242996	0.6201171875
4.243996	0.6103515625
4.244996	0.6201171875
4.245996	0.6201171875
4.246996	0.6201171875
4.247996	0.625
4.248996	0.6201171875
4.249996	0.615234375
4.250996	0.625
4.251996	0.625
4.252996	0.6201171875
4.253996	0.6103515625
4.254996	0.615234375
4.255996	0.6201171875
4.256996	0.6201171875
4.257996	0.615234375
4.258996	0.625
4.259996	0.6201171875
4.260996	0.6201171875
4.261996	0.615234375
4.262996	0.6201171875
4.263996	0.625
4.264996	0.615234375
4.265996	0.615234375
4.266996	0.615234375
4.267996	0.625
4.268996	0.6201171875
4.269996	0.6201171875
4.270996	0.6201171875
4.271996	0.6103515625
4.272996	0.6201171875
4.273996	0.6201171875
4.274996	0.625
4.275996	0.6201171875
4.276996	0.6103515625
4.278	0.615234375
4.278996	0.625
4.28	0.6201171875
4.281	0.625
4.282	0.615234375
4.283	0.6201171875
4.284	0.6201171875
4.284996	0.6201171875
4.285996	0.625
4.286996	0.615234375
4.287996	0.625
4.288996	0.6201171875
4.289996	0.6201171875
4.290996	0.6201171875
4.291996	0.6201171875
4.292996	0.625
4.293996	0.615234375
4.294996	0.615234375
4.295996	0.6201171875
4.296996	0.6201171875
4.297996	0.615234375
4.298996	0.6201171875
4.299996	0.625
4.300996	0.6201171875
4.301996	0.6201171875
4.302996	0.615234375
4.303996	0.6201171875
4.304996	0.6201171875
4.305996	0.6201171875
4.306996	0.615234375
4.307996	0.6201171875
4.308996	0.6201171875
4.309996	0.615234375
4.310996	0.6103515625
4.311996	0.6201171875
4.312996	0.625
4.313996	0.6201171875
4.314996	0.615234375
4.315996	0.615234375
4.316996	0.615234375
4.317996	0.625
4.318996	0.6201171875
4.319996	0.615234375
4.321	0.625
4.321996	0.625
4.323	0.615234375
4.324	0.625
4.325	0.625
4.326	0.6201171875
4.327	0.615234375
4.327996	0.615234375
4.328996	0.6201171875
4.329996	0.625
4.330996	0.6201171875
4.331996	0.6201171875
4.332996	0.6201171875
4.333996	0.625
4.334996	0.6201171875
4.335996	0.6201171875
4.336996	0.615234375
4.337996	0.625
4.338996	0.6201171875
4.339996	0.6103515625
4.340996	0.615234375
4.341996	0.6201171875
4.342996	0.615234375
4.343996	0.6201171875
4.344996	0.615234375
4.345996	0.6201171875
4.346996	0.6201171875
4.347996	0.615234375
4.348996	0.615234375
4.349996	0.6201171875
4.350996	0.6201171875
4.351996	0.615234375
4.352996	0.615234375
4.353996	0.625
4.354996	0.6201171875
4.355996	0.615234375
4.356996	0.6201171875
4.357996	0.615234375
4.358996	0.6201171875
4.359996	0.625
4.360996	0.625
4.361996	0.6201171875
4.363004	0.6103515625
4.363996	0.625
4.365	0.615234375
4.366	0.625
4.367	0.615234375
4.368	0.6201171875
4.369	0.615234375
4.369996	0.615234375
4.370996	0.615234375
4.371996	0.6201171875
4.372996	0.6201171875
4.373996	0.6201171875
4.374996	0.6201171875
4.375996	0.6201171875
4.376996	0.6201171875
4.377996	0.625
4.378996	0.615234375
4.379996	0.6201171875
4.380996	0.6201171875
4.381996	0.6103515625
4.382996	0.625
4.383996	0.625
4.384996	0.6201171875
4.385996	0.6201171875
4.386996	0.6201171875
4.387996	0.6201171875
4.388996	0.625
4.389996	0.6201171875
4.390996	0.625
4.391996	0.6201171875
4.392996	0.625
4.393996	0.615234375
4.394996	0.6201171875
4.395996	0.615234375
4.396996	0.6201171875
4.397996	0.6201171875
4.398996	0.6201171875
4.399996	0.6201171875
4.400996	0.6201171875
4.401996	0.6103515625
4.402996	0.6201171875
4.403996	0.615234375
4.404996	0.6201171875
4.406	0.6103515625
4.406996	0.615234375
4.408	0.625
4.409	0.625
4.41	0.625
4.411	0.615234375
4.412	0.625
4.412996	0.6201171875
4.413996	0.615234375
4.414996	0.625
4.415996	0.6201171875
4.416996	0.6201171875
4.417996	0.6201171875
4.418996	0.6201171875
4.419996	0.6201171875
4.420996	0.625
4.421996	0.625
4.422996	0.6103515625
4.423996	0.6201171875
4.424996	0.625
4.425996	0.625
4.426996	0.625
4.427996	0.6201171875
4.428996	0.6201171875
4.429996	0.625
4.430996	0.6201171875
4.431996	0.6201171875
4.432996	0.6201171875
4.433996	0.6201171875
4.434996	0.6201171875
4.435996	0.625
4.436996	0.6201171875
4.437996	0.625
4.438996	0.615234375
4.439996	0.615234375
4.440996	0.6201171875
4.441996	0.625
4.442996	0.6201171875
4.443996	0.6201171875
4.444996	0.6201171875
4.445996	0.6201171875
4.446996	0.625
4.447996	0.6298828125
4.449	0.625
4.449996	0.615234375
4.451	0.6201171875
4.452	0.615234375
4.453	0.625
4.454	0.6201171875
4.455	0.625
4.455996	0.625
4.456996	0.615234375
4.457996	0.6201171875
4.458996	0.625
4.459996	0.6201171875
4.460996	0.6201171875
4.461996	0.625
4.462996	0.625
4.463996	0.615234375
4.464996	0.6201171875
4.465996	0.6201171875
4.466996	0.625
4.467996	0.625
4.468996	0.625
4.469996	0.625
4.470996	0.625
4.471996	0.625
4.472996	0.6201171875
4.473996	0.6201171875
4.474996	0.6298828125
4.475996	0.625
4.476996	0.625
4.477996	0.625
4.478996	0.6201171875
4.479996	0.625
4.480996	0.6201171875
4.481996	0.625
4.482996	0.6201171875
4.483996	0.6201171875
4.484996	0.6298828125
4.485996	0.6298828125
4.486996	0.625
4.487996	0.6201171875
4.488996	0.625
4.489996	0.6201171875
4.491004	0.6298828125
4.491996	0.625
4.493	0.625
4.494	0.625
4.495	0.6201171875
4.496	0.625
4.497	0.6201171875
4.497996	0.625
4.498996	0.625
4.499996	0.6298828125
4.500996	0.6298828125
4.501996	0.625
4.502996	0.625
4.503996	0.6201171875
4.504996	0.6298828125
4.505996	0.625
4.506996	0.6201171875
4.507996	0.625
4.508996	0.6298828125
4.509996	0.6298828125
4.510996	0.6298828125
4.511996	0.6298828125
4.512996	0.6298828125
4.513996	0.6298828125
4.514996	0.6201171875
4.515996	0.625
4.516996	0.625
4.517996	0.625
4.518996	0.625
4.519996	0.6201171875
4.520996	0.6298828125
4.521996	0.6298828125
4.522996	0.625
4.523996	0.625
4.524996	0.6298828125
4.525996	0.625
4.526996	0.6298828125
4.527996	0.6298828125
4.528996	0.6298828125
4.529996	0.625
4.530996	0.625
4.531996	0.6201171875
4.532996	0.6298828125
4.534	0.6298828125
4.534996	0.634765625
4.536	0.625
4.537	0.6298828125
4.538	0.634765625
4.539	0.625
4.54	0.6298828125
4.540996	0.634765625
4.541996	0.6298828125
4.542996	0.625
4.543996	0.625
4.544996	0.634765625
4.545996	0.625
4.546996	0.6298828125
4.547996	0.625
4.548996	0.6298828125
4.549996	0.634765625
4.550996	0.625
4.551996	0.625
4.552996	0.6298828125
4.553996	0.634765625
4.554996	0.6396484375
4.555996	0.634765625
4.556996	0.6298828125
4.557996	0.6298828125
4.558996	0.634765625
4.559996	0.6298828125
4.560996	0.634765625
4.561996	0.6298828125
4.562996	0.6298828125
4.563996	0.634765625
4.564996	0.6298828125
4.565996	0.6298828125
4.566996	0.6298828125
4.567996	0.6298828125
4.568996	0.6298828125
4.569996	0.6396484375
4.570996	0.634765625
4.571996	0.634765625
4.572996	0.634765625
4.573996	0.6298828125
4.574996	0.634765625
4.575996	0.625
4.577	0.6298828125
4.577996	0.625
4.579	0.634765625
4.58	0.6298828125
4.581	0.634765625
4.582	0.6298828125
4.583	0.634765625
4.583996	0.625
4.584996	0.6298828125
4.585996	0.6396484375
4.586996	0.6298828125
4.587996	0.634765625
4.588996	0.634765625
4.589996	0.634765625
4.590996	0.625
4.591996	0.634765625
4.592996	0.6298828125
4.593996	0.6298828125
4.594996	0.634765625
4.595996	0.6396484375
4.596996	0.6298828125
4.597996	0.6396484375
4.598996	0.6298828125
4.599996	0.6396484375
4.600996	0.6396484375
4.601996	0.6298828125
4.602996	0.634765625
4.603996	0.625
4.604996	0.634765625
4.605996	0.634765625
4.606996	0.634765625
4.607996	0.6298828125
4.608996	0.6396484375
4.609996	0.634765625
4.610996	0.64453125
4.611996	0.64453125
4.612996	0.634765625
4.613996	0.6298828125
4.614996	0.6396484375
4.615996	0.634765625
4.616996	0.634765625
4.617996	0.6396484375
4.619004	0.6396484375
4.619996	0.6298828125
4.621	0.634765625
4.622	0.6396484375
4.623	0.6298828125
4.624	0.6396484375
4.625	0.634765625
4.625996	0.64453125
4.626996	0.6298828125
4.627996	0.6396484375
4.628996	0.634765625
4.629996	0.634765625
4.630996	0.6396484375
4.631996	0.6396484375
4.632996	0.6396484375
4.633996	0.6396484375
4.634996	0.634765625
4.635996	0.6396484375
4.636996	0.634765625
4.637996	0.634765625
4.638996	0.6298828125
4.639996	0.6396484375
4.640996	0.64453125
4.641996	0.6396484375
4.642996	0.634765625
4.643996	0.6396484375
4.644996	0.6396484375
4.645996	0.6396484375
4.646996	0.6396484375
4.647996	0.6396484375
4.648996	0.64453125
4.649996	0.6396484375
4.650996	0.64453125
4.651996	0.634765625
4.652996	0.634765625
4.653996	0.6396484375
4.654996	0.6396484375
4.655996	0.634765625
4.656996	0.64453125
4.657996	0.64453125
4.658996	0.6396484375
4.659996	0.6396484375
4.660996	0.64453125
4.662	0.634765625
4.662996	0.64453125
4.664	0.634765625
4.665	0.6396484375
4.666	0.64453125
4.667	0.634765625
4.668	0.6396484375
4.668996	0.634765625
4.669996	0.6396484375
4.670996	0.64453125
4.671996	0.634765625
4.672996	0.6396484375
4.673996	0.64453125
4.674996	0.64453125
4.675996	0.6396484375
4.676996	0.6396484375
4.677996	0.6396484375
4.678996	0.64453125
4.679996	0.634765625
4.680996	0.64453125
4.681996	0.64453125
4.682996	0.64453125
4.683996	0.6396484375
4.684996	0.634765625
4.685996	0.634765625
4.686996	0.634765625
4.687996	0.64453125
4.688996	0.6396484375
4.689996	0.64453125
4.690996	0.64453125
4.691996	0.6396484375
4.692996	0.64453125
4.693996	0.64453125
4.694996	0.6494140625
4.695996	0.64453125
4.696996	0.6396484375
4.697996	0.6396484375
4.698996	0.634765625
4.699996	0.64453125
4.700996	0.64453125
4.701996	0.64453125
4.702996	0.64453125
4.703996	0.6396484375
4.705	0.6494140625
4.705996	0.64453125
4.707	0.64453125
4.708	0.64453125
4.709	0.6396484375
4.71	0.6494140625
4.711	0.6396484375
4.711996	0.64453125
4.712996	0.6494140625
4.713996	0.64453125
4.714996	0.6396484375
4.715996	0.64453125
4.716996	0.6396484375
4.717996	0.6396484375
4.718996	0.64453125
4.719996	0.654296875
4.720996	0.64453125
4.721996	0.634765625
4.722996	0.64453125
4.723996	0.6396484375
4.724996	0.64453125
4.725996	0.6494140625
4.726996	0.64453125
4.727996	0.64453125
4.728996	0.64453125
4.729996	0.64453125
4.730996	0.64453125
4.731996	0.64453125
4.732996	0.6494140625
4.733996	0.634765625
4.734996	0.6494140625
4.735996	0.6494140625
4.736996	0.64453125
4.737996	0.64453125
4.738996	0.64453125
4.739996	0.64453125
4.740996	0.6494140625
4.741996	0.6396484375
4.742996	0.6494140625
4.743996	0.6494140625
4.744996	0.64453125
4.745996	0.6396484375
4.747004	0.6396484375
4.747996	0.64453125
4.749	0.64453125
4.75	0.6396484375
4.751	0.6494140625
4.752	0.6494140625
4.753	0.64453125
4.753996	0.64453125
4.754996	0.64453125
4.755996	0.64453125
4.756996	0.6494140625
4.757996	0.64453125
4.758996	0.64453125
4.759996	0.64453125
4.760996	0.6396484375
4.761996	0.6494140625
4.762996	0.64453125
4.763996	0.6494140625
4.764996	0.6396484375
4.765996	0.6494140625
4.766996	0.6396484375
4.767996	0.64453125
4.768996	0.6494140625
4.769996	0.654296875
4.770996	0.6494140625
4.771996	0.6494140625
4.772996	0.6494140625
4.773996	0.64453125
4.774996	0.654296875
4.775996	0.654296875
4.776996	0.64453125
4.777996	0.6494140625
4.778996	0.654296875
4.779996	0.654296875
4.780996	0.6494140625
4.781996	0.64453125
4.782996	0.6494140625
4.783996	0.6494140625
4.784996	0.64453125
4.785996	0.64453125
4.786996	0.6396484375
4.787996	0.6494140625
4.788996	0.64453125
4.79	0.654296875
4.790996	0.654296875
4.792	0.654296875
4.793	0.64453125
4.794	0.6494140625
4.795	0.64453125
4.796	0.6494140625
4.796996	0.6494140625
4.797996	0.6396484375
4.798996	0.6494140625
4.799996	0.6494140625
4.800996	0.64453125
4.801996	0.64453125
4.802996	0.6494140625
4.803996	0.6494140625
4.804996	0.64453125
4.805996	0.654296875
4.806996	0.6494140625
4.807996	0.6494140625
4.808996	0.6494140625
4.809996	0.6494140625
4.810996	0.654296875
4.811996	0.6494140625
4.812996	0.6494140625
4.813996	0.64453125
4.814996	0.6494140625
4.815996	0.6494140625
4.816996	0.6494140625
4.817996	0.64453125
4.818996	0.6494140625
4.819996	0.6494140625
4.820996	0.6494140625
4.821996	0.6494140625
4.822996	0.654296875
4.823996	0.6494140625
4.824996	0.654296875
4.825996	0.64453125
4.826996	0.654296875
4.827996	0.654296875
4.828996	0.6396484375
4.829996	0.654296875
4.830996	0.6494140625
4.831996	0.6494140625
4.833	0.6591796875
4.833996	0.6494140625
4.835	0.6494140625
4.836	0.6494140625
4.837	0.654296875
4.838	0.6494140625
4.839	0.6494140625
4.839996	0.64453125
4.840996	0.654296875
4.841996	0.6494140625
4.842996	0.6494140625
4.843996	0.64453125
4.844996	0.64453125
4.845996	0.6494140625
4.846996	0.6494140625
4.847996	0.654296875
4.848996	0.64453125
4.849996	0.654296875
4.850996	0.6494140625
4.851996	0.654296875
4.852996	0.6494140625
4.853996	0.6494140625
4.854996	0.6494140625
4.855996	0.64453125
4.856996	0.6494140625
4.857996	0.6494140625
4.858996	0.6494140625
4.859996	0.654296875
4.860996	0.654296875
4.861996	0.654296875
4.862996	0.6591796875
4.863996	0.654296875
4.864996	0.654296875
4.865996	0.6494140625
4.866996	0.654296875
4.867996	0.6494140625
4.868996	0.6494140625
4.869996	0.6494140625
4.870996	0.654296875
4.871996	0.654296875
4.872996	0.6494140625
4.873996	0.6494140625
4.875004	0.6494140625
4.875996	0.654296875
4.877	0.654296875
4.878	0.6494140625
4.879	0.64453125
4.88	0.64453125
4.881	0.654296875
4.881996	0.654296875
4.882996	0.654296875
4.883996	0.64453125
4.884996	0.6494140625
4.885996	0.6494140625
4.886996	0.6591796875
4.887996	0.64453125
4.888996	0.64453125
4.889996	0.654296875
4.890996	0.654296875
4.891996	0.654296875
4.892996	0.64453125
4.893996	0.6494140625
4.894996	0.654296875
4.895996	0.6494140625
4.896996	0.64453125
4.897996	0.6494140625
4.898996	0.654296875
4.899996	0.64453125
4.900996	0.6494140625
4.901996	0.6494140625
4.902996	0.6494140625
4.903996	0.64453125
4.904996	0.654296875
4.905996	0.6494140625
4.906996	0.64453125
4.907996	0.6494140625
4.908996	0.6494140625
4.909996	0.6494140625
4.910996	0.6494140625
4.911996	0.6591796875
4.912996	0.6494140625
4.913996	0.6494140625
4.914996	0.654296875
4.915996	0.654296875
4.916996	0.654296875
4.918	0.654296875
4.918996	0.654296875
4.92	0.6494140625
4.921	0.654296875
4.922	0.654296875
4.923	0.654296875
4.924	0.654296875
4.924996	0.6494140625
4.925996	0.654296875
4.926996	0.654296875
4.927996	0.654296875
4.928996	0.654296875
4.929996	0.6494140625
4.930996	0.654296875
4.931996	0.6494140625
4.932996	0.6591796875
4.933996	0.6494140625
4.934996	0.6591796875
4.935996	0.654296875
4.936996	0.654296875
4.937996	0.654296875
4.938996	0.6591796875
4.939996	0.6494140625
4.940996	0.654296875
4.941996	0.6494140625
4.942996	0.654296875
4.943996	0.654296875
4.944996	0.6494140625
4.945996	0.654296875
4.946996	0.6591796875
4.947996	0.654296875
4.948996	0.6494140625
4.949996	0.654296875
4.950996	0.6494140625
4.951996	0.6494140625
4.952996	0.6494140625
4.953996	0.64453125
4.954996	0.654296875
4.955996	0.6494140625
4.956996	0.6591796875
4.957996	0.654296875
4.958996	0.6494140625
4.959996	0.6494140625
4.961	0.6591796875
4.961996	0.654296875
4.963	0.654296875
4.964	0.654296875
4.965	0.6494140625
4.966	0.6494140625
4.967	0.6494140625
4.967996	0.64453125
4.968996	0.6494140625
4.969996	0.6494140625
4.970996	0.654296875
4.971996	0.6591796875
4.972996	0.654296875
4.973996	0.6494140625
4.974996	0.654296875
4.975996	0.654296875
4.976996	0.6494140625
4.977996	0.6494140625
4.978996	0.6494140625
4.979996	0.654296875
4.980996	0.654296875
4.981996	0.654296875
4.982996	0.6494140625
4.983996	0.6494140625
4.984996	0.654296875
4.985996	0.6494140625
4.986996	0.6591796875
4.987996	0.6591796875
4.988996	0.6494140625
4.989996	0.654296875
4.990996	0.6591796875
4.991996	0.654296875
4.992996	0.6591796875
4.993996	0.64453125
4.994996	0.654296875
4.995996	0.6494140625
4.996996	0.654296875
4.997996	0.6494140625
4.998996	0.6494140625
4.999996	0.654296875
5.000996	0.6494140625
5.001996	0.6494140625
5.003004	0.6591796875
5.003996	0.6591796875
5.005	0.6494140625
5.006	0.654296875
5.007	0.654296875
5.008	0.6494140625
5.009	0.64453125
5.009996	0.654296875
5.010996	0.6494140625
5.011996	0.654296875
5.012996	0.6591796875
5.013996	0.6591796875
5.014996	0.654296875
5.015996	0.654296875
5.016996	0.6494140625
5.017996	0.654296875
5.018996	0.6494140625
5.019996	0.6494140625
5.020996	0.6591796875
5.021996	0.654296875
5.022996	0.654296875
5.023996	0.654296875
5.024996	0.654296875
5.025996	0.654296875
5.026996	0.654296875
5.027996	0.64453125
5.028996	0.6591796875
5.029996	0.654296875
5.030996	0.6494140625
5.031996	0.6591796875
5.032996	0.654296875
5.033996	0.654296875
5.034996	0.654296875
5.035996	0.6494140625
5.036996	0.654296875
5.037996	0.654296875
5.038996	0.654296875
5.039996	0.654296875
5.040996	0.64453125
5.041996	0.654296875
5.042996	0.6494140625
5.043996	0.6494140625
5.044996	0.6494140625
5.046	0.6494140625
5.046996	0.6494140625
5.048	0.654296875
5.049	0.654296875
5.05	0.6494140625
5.051	0.654296875
5.052	0.6494140625
5.052996	0.6494140625
5.053996	0.6591796875
5.054996	0.654296875
5.055996	0.654296875
5.056996	0.654296875
5.057996	0.6494140625
5.058996	0.6591796875
5.059996	0.654296875
5.060996	0.654296875
5.061996	0.6591796875
5.062996	0.654296875
5.063996	0.6494140625
5.064996	0.654296875
5.065996	0.654296875
5.066996	0.654296875
5.067996	0.6494140625
5.068996	0.654296875
5.069996	0.654296875
5.070996	0.6494140625
5.071996	0.6494140625
5.072996	0.6494140625
5.073996	0.6591796875
5.074996	0.654296875
5.075996	0.654296875
5.076996	0.654296875
5.077996	0.64453125
5.078996	0.64453125
5.079996	0.654296875
5.080996	0.6494140625
5.081996	0.6494140625
5.082996	0.654296875
5.083996	0.6494140625
5.084996	0.6494140625
5.085996	0.6494140625
5.086996	0.6494140625
5.087996	0.654296875
5.089	0.654296875
5.089996	0.6494140625
5.091	0.654296875
5.092	0.654296875
5.093	0.6591796875
5.094	0.6494140625
5.095	0.654296875
5.095996	0.6494140625
5.096996	0.654296875
5.097996	0.6494140625
5.098996	0.654296875
5.099996	0.6591796875
5.100996	0.6494140625
5.101996	0.654296875
5.102996	0.6591796875
5.103996	0.6494140625
5.104996	0.654296875
5.105996	0.654296875
5.106996	0.654296875
5.107996	0.654296875
5.108996	0.6494140625
5.109996	0.6494140625
5.110996	0.6494140625
5.111996	0.6494140625
5.112996	0.654296875
5.113996	0.64453125
5.114996	0.654296875
5.115996	0.6494140625
5.116996	0.654296875
5.117996	0.654296875
5.118996	0.654296875
5.119996	0.6494140625
5.120996	0.654296875
5.121996	0.6494140625
5.122996	0.64453125
5.123996	0.654296875
5.124996	0.6494140625
5.125996	0.6494140625
5.126996	0.6494140625
5.127996	0.6494140625
5.128996	0.654296875
5.129996	0.6494140625
5.131004	0.6494140625
5.131996	0.64453125
5.133	0.654296875
5.134	0.654296875
5.135	0.654296875
5.136	0.6591796875
5.137	0.6494140625
5.137996	0.6494140625
5.138996	0.6494140625
5.139996	0.6494140625
5.140996	0.654296875
5.141996	0.654296875
5.142996	0.654296875
5.143996	0.6494140625
5.144996	0.654296875
5.145996	0.6494140625
5.146996	0.6494140625
5.147996	0.6494140625
5.148996	0.654296875
5.149996	0.654296875
5.150996	0.654296875
5.151996	0.654296875
5.152996	0.6494140625
5.153996	0.654296875
5.154996	0.654296875
5.155996	0.6494140625
5.156996	0.654296875
5.157996	0.6591796875
5.158996	0.6494140625
5.159996	0.654296875
5.160996	0.6494140625
5.161996	0.654296875
5.162996	0.6494140625
5.163996	0.6494140625
5.164996	0.654296875
5.165996	0.6396484375
5.166996	0.654296875
5.167996	0.6494140625
5.168996	0.6494140625
5.169996	0.6494140625
5.170996	0.64453125
5.171996	0.654296875
5.172996	0.654296875
5.174	0.64453125
5.174996	0.6494140625
5.176	0.654296875
5.177	0.654296875
5.178	0.6494140625
5.179	0.6494140625
5.18	0.654296875
5.180996	0.654296875
5.181996	0.6494140625
5.182996	0.654296875
5.183996	0.654296875
5.184996	0.6494140625
5.185996	0.654296875
5.186996	0.6494140625
5.187996	0.654296875
5.188996	0.6494140625
5.189996	0.6494140625
5.190996	0.654296875
5.191996	0.6494140625
5.192996	0.654296875
5.193996	0.654296875
5.194996	0.64453125
5.195996	0.64453125
5.196996	0.6494140625
5.197996	0.654296875
5.198996	0.6494140625
5.199996	0.654296875
5.200996	0.6494140625
5.201996	0.6396484375
5.202996	0.64453125
5.203996	0.654296875
5.204996	0.6494140625
5.205996	0.654296875
5.206996	0.654296875
5.207996	0.6494140625
5.208996	0.654296875
5.209996	0.6494140625
5.210996	0.6494140625
5.211996	0.6494140625
5.212996	0.654296875
5.213996	0.654296875
5.214996	0.6494140625
5.215996	0.64453125
5.217	0.64453125
5.217996	0.654296875
5.219	0.6494140625
5.22	0.6494140625
5.221	0.6494140625
5.222	0.6494140625
5.223	0.64453125
5.223996	0.6494140625
5.224996	0.64453125
5.225996	0.6494140625
5.226996	0.654296875
5.227996	0.6494140625
5.228996	0.6396484375
5.229996	0.6494140625
5.230996	0.654296875
5.231996	0.654296875
5.232996	0.6494140625
5.233996	0.654296875
5.234996	0.6494140625
5.235996	0.6494140625
5.236996	0.6494140625
5.237996	0.64453125
5.238996	0.654296875
5.239996	0.6494140625
5.240996	0.654296875
5.241996	0.6494140625
5.242996	0.654296875
5.243996	0.64453125
5.244996	0.6494140625
5.245996	0.6494140625
5.246996	0.654296875
5.247996	0.6494140625
5.248996	0.654296875
5.249996	0.6494140625
5.250996	0.6494140625
5.251996	0.64453125
5.252996	0.6494140625
5.253996	0.654296875
5.254996	0.64453125
5.255996	0.6494140625
5.256996	0.6494140625
5.257996	0.654296875
5.259004	0.6494140625
5.259996	0.64453125
5.261	0.6396484375
5.262	0.6494140625
5.263	0.6494140625
5.264	0.6494140625
5.265	0.64453125
5.265996	0.6494140625
5.266996	0.6494140625
5.267996	0.654296875
5.268996	0.64453125
5.269996	0.6494140625
5.270996	0.6494140625
5.271996	0.6591796875
5.272996	0.6396484375
5.273996	0.6494140625
5.274996	0.6494140625
5.275996	0.64453125
5.276996	0.6494140625
5.277996	0.6494140625
5.278996	0.6494140625
5.279996	0.64453125
5.280996	0.6494140625
5.281996	0.64453125
5.282996	0.6494140625
5.283996	0.6494140625
5.284996	0.6494140625
5.285996	0.64453125
5.286996	0.6494140625
5.287996	0.6494140625
5.288996	0.6396484375
5.289996	0.654296875
5.290996	0.6494140625
5.291996	0.6494140625
5.292996	0.64453125
5.293996	0.654296875
5.294996	0.64453125
5.295996	0.64453125
5.296996	0.6494140625
5.297996	0.654296875
5.298996	0.6494140625
5.299996	0.6494140625
5.300996	0.64453125
5.302	0.64453125
5.302996	0.6494140625
5.304	0.654296875
5.305	0.6494140625
5.306	0.6396484375
5.307	0.6494140625
5.308	0.6494140625
5.308996	0.64453125
5.309996	0.654296875
5.310996	0.654296875
5.311996	0.6396484375
5.312996	0.6494140625
5.313996	0.654296875
5.314996	0.6494140625
5.315996	0.64453125
5.316996	0.6494140625
5.317996	0.6396484375
5.318996	0.654296875
5.319996	0.64453125
5.320996	0.6494140625
5.321996	0.6494140625
5.322996	0.654296875
5.323996	0.6494140625
5.324996	0.64453125
5.325996	0.6494140625
5.326996	0.654296875
5.327996	0.64453125
5.328996	0.6494140625
5.329996	0.654296875
5.330996	0.64453125
5.331996	0.6396484375
5.332996	0.6494140625
5.333996	0.6494140625
5.334996	0.64453125
5.335996	0.64453125
5.336996	0.6494140625
5.337996	0.654296875
5.338996	0.6494140625
5.339996	0.6396484375
5.340996	0.64453125
5.341996	0.6494140625
5.342996	0.654296875
5.343996	0.6396484375
5.345	0.654296875
5.345996	0.6494140625
5.347	0.64453125
5.348	0.6494140625
5.349	0.6494140625
5.35	0.64453125
5.351	0.6494140625
5.351996	0.6494140625
5.352996	0.64453125
5.353996	0.6494140625
5.354996	0.6494140625
5.355996	0.6494140625
5.356996	0.64453125
5.357996	0.654296875
5.358996	0.6494140625
5.359996	0.654296875
5.360996	0.6396484375
5.361996	0.64453125
5.362996	0.6396484375
5.363996	0.64453125
5.364996	0.6494140625
5.365996	0.64453125
5.366996	0.6494140625
5.367996	0.6494140625
5.368996	0.64453125
5.369996	0.6494140625
5.370996	0.6494140625
5.371996	0.6494140625
5.372996	0.654296875
5.373996	0.6494140625
5.374996	0.64453125
5.375996	0.6494140625
5.376996	0.6396484375
5.377996	0.654296875
5.378996	0.6494140625
5.379996	0.64453125
5.380996	0.6494140625
5.381996	0.6396484375
5.382996	0.64453125
5.383996	0.6494140625
5.384996	0.64453125
5.385996	0.64453125
5.387004	0.6494140625
5.387996	0.64453125
5.389	0.6396484375
5.39	0.64453125
5.391	0.64453125
5.392	0.64453125
5.393	0.64453125
5.393996	0.64453125
5.394996	0.6396484375
5.395996	0.64453125
5.396996	0.6494140625
5.397996	0.6494140625
5.398996	0.6494140625
5.399996	0.6396484375
5.400996	0.64453125
5.401996	0.6396484375
5.402996	0.64453125
5.403996	0.64453125
5.404996	0.64453125
5.405996	0.6494140625
5.406996	0.64453125
5.407996	0.64453125
5.408996	0.654296875
5.409996	0.654296875
5.410996	0.654296875
5.411996	0.6396484375
5.412996	0.64453125
5.413996	0.6494140625
5.414996	0.6396484375
5.415996	0.6494140625
5.416996	0.6494140625
5.417996	0.6396484375
5.418996	0.64453125
5.419996	0.64453125
5.420996	0.6494140625
5.421996	0.64453125
5.422996	0.64453125
5.423996	0.64453125
5.424996	0.64453125
5.425996	0.64453125
5.426996	0.64453125
5.427996	0.64453125
5.428996	0.6396484375
5.43	0.64453125
5.430996	0.64453125
5.432	0.6396484375
5.433	0.6396484375
5.434	0.64453125
5.435	0.64453125
5.436	0.6494140625
5.436996	0.6494140625
5.437996	0.6396484375
5.438996	0.6494140625
5.439996	0.6494140625
5.440996	0.64453125
5.441996	0.64453125
5.442996	0.6494140625
5.443996	0.6494140625
5.444996	0.64453125
5.445996	0.64453125
5.446996	0.64453125
5.447996	0.6494140625
5.448996	0.64453125
5.449996	0.6494140625
5.450996	0.64453125
5.451996	0.64453125
5.452996	0.6396484375
5.453996	0.6494140625
5.454996	0.64453125
5.455996	0.64453125
5.456996	0.6396484375
5.457996	0.654296875
5.458996	0.6396484375
5.459996	0.64453125
5.460996	0.64453125
5.461996	0.634765625
5.462996	0.64453125
5.463996	0.64453125
5.464996	0.6396484375
5.465996	0.64453125
5.466996	0.64453125
5.467996	0.6494140625
5.468996	0.6396484375
5.469996	0.6396484375
5.470996	0.64453125
5.471996	0.64453125
5.473	0.64453125
5.473996	0.654296875
5.475	0.64453125
5.476	0.64453125
5.477	0.6396484375
5.478	0.6396484375
5.479	0.654296875
5.479996	0.64453125
5.480996	0.6396484375
5.481996	0.64453125
5.482996	0.6494140625
5.483996	0.6494140625
5.484996	0.64453125
5.485996	0.64453125
5.486996	0.6494140625
5.487996	0.634765625
5.488996	0.64453125
5.489996	0.64453125
5.490996	0.6494140625
5.491996	0.64453125
5.492996	0.6494140625
5.493996	0.64453125
5.494996	0.64453125
5.495996	0.64453125
5.496996	0.64453125
5.497996	0.64453125
5.498996	0.64453125
5.499996	0.64453125
5.500996	0.64453125
5.501996	0.64453125
5.502996	0.64453125
5.503996	0.64453125
5.504996	0.6494140625
5.505996	0.6396484375
5.506996	0.64453125
5.507996	0.6494140625
5.508996	0.6494140625
5.509996	0.654296875
5.510996	0.6396484375
5.511996	0.6396484375
5.512996	0.64453125
5.513996	0.6494140625
5.515004	0.64453125
5.515996	0.6396484375
5.517	0.64453125
5.518	0.6494140625
5.519	0.6396484375
5.52	0.64453125
5.521	0.6494140625
5.521996	0.654296875
5.522996	0.6494140625
5.523996	0.6494140625
5.524996	0.64453125
5.525996	0.64453125
5.526996	0.64453125
5.527996	0.64453125
5.528996	0.64453125
5.529996	0.64453125
5.530996	0.6494140625
5.531996	0.64453125
5.532996	0.64453125
5.533996	0.64453125
5.534996	0.64453125
5.535996	0.6396484375
5.536996	0.654296875
5.537996	0.6494140625
5.538996	0.64453125
5.539996	0.64453125
5.540996	0.64453125
5.541996	0.64453125
5.542996	0.64453125
5.543996	0.64453125
5.544996	0.64453125
5.545996	0.64453125
5.546996	0.64453125
5.547996	0.6494140625
5.548996	0.64453125
5.549996	0.64453125
5.550996	0.6396484375
5.551996	0.6494140625
5.552996	0.6494140625
5.553996	0.6494140625
5.554996	0.64453125
5.555996	0.64453125
5.556996	0.6396484375
5.558	0.64453125
5.558996	0.64453125
5.56	0.64453125
5.561	0.6494140625
5.562	0.64453125
5.563	0.6494140625
5.564	0.6494140625
5.564996	0.654296875
5.565996	0.64453125
5.566996	0.64453125
5.567996	0.654296875
5.568996	0.64453125
5.569996	0.6298828125
5.570996	0.6494140625
5.571996	0.6396484375
5.572996	0.64453125
5.573996	0.6396484375
5.574996	0.64453125
5.575996	0.6494140625
5.576996	0.64453125
5.577996	0.654296875
5.578996	0.64453125
5.579996	0.6494140625
5.580996	0.64453125
5.581996	0.6396484375
5.582996	0.6494140625
5.583996	0.64453125
5.584996	0.654296875
5.585996	0.6494140625
5.586996	0.64453125
5.587996	0.64453125
5.588996	0.6494140625
5.589996	0.6494140625
5.590996	0.64453125
5.591996	0.6494140625
5.592996	0.6396484375
5.593996	0.654296875
5.594996	0.6494140625
5.595996	0.6494140625
5.596996	0.6494140625
5.597996	0.6396484375
5.598996	0.64453125
5.599996	0.64453125
5.601	0.6396484375
5.601996	0.64453125
5.603	0.6494140625
5.604	0.64453125
5.605	0.6494140625
5.606	0.64453125
5.607	0.64453125
5.607996	0.6396484375
5.608996	0.6494140625
5.609996	0.64453125
5.610996	0.6494140625
5.611996	0.6494140625
5.612996	0.6494140625
5.613996	0.64453125
5.614996	0.6396484375
5.615996	0.64453125
5.616996	0.64453125
5.617996	0.64453125
5.618996	0.6494140625
5.619996	0.64453125
5.620996	0.64453125
5.621996	0.64453125
5.622996	0.64453125
5.623996	0.64453125
5.624996	0.64453125
5.625996	0.6396484375
5.626996	0.64453125
5.627996	0.6494140625
5.628996	0.64453125
5.629996	0.6494140625
5.630996	0.654296875
5.631996	0.634765625
5.632996	0.6396484375
5.633996	0.64453125
5.634996	0.64453125
5.635996	0.64453125
5.636996	0.6494140625
5.637996	0.64453125
5.638996	0.6494140625
5.639996	0.6494140625
5.640996	0.6494140625
5.641996	0.64453125
5.643004	0.64453125
5.643996	0.6494140625
5.645	0.6494140625
5.646	0.64453125
5.647	0.6494140625
5.648	0.64453125
5.649	0.6396484375
5.649996	0.6494140625
5.650996	0.64453125
5.651996	0.64453125
5.652996	0.6494140625
5.653996	0.6494140625
5.654996	0.64453125
5.655996	0.64453125
5.656996	0.64453125
5.657996	0.64453125
5.658996	0.6494140625
5.659996	0.64453125
5.660996	0.64453125
5.661996	0.64453125
5.662996	0.6494140625
5.663996	0.6494140625
5.664996	0.654296875
5.665996	0.64453125
5.666996	0.64453125
5.667996	0.6494140625
5.668996	0.64453125
5.669996	0.6396484375
5.670996	0.64453125
5.671996	0.6494140625
5.672996	0.6494140625
5.673996	0.6494140625
5.674996	0.64453125
5.675996	0.6396484375
5.676996	0.654296875
5.677996	0.6494140625
5.678996	0.64453125
5.679996	0.64453125
5.680996	0.6494140625
5.681996	0.64453125
5.682996	0.6494140625
5.683996	0.64453125
5.684996	0.64453125
5.686	0.6494140625
5.686996	0.654296875
5.688	0.6494140625
5.689	0.64453125
5.69	0.6396484375
5.691	0.6494140625
5.692	0.6494140625
5.692996	0.64453125
5.693996	0.6494140625
5.694996	0.64453125
5.695996	0.6494140625
5.696996	0.64453125
5.697996	0.6494140625
5.698996	0.64453125
5.699996	0.6494140625
5.700996	0.6494140625
5.701996	0.64453125
5.702996	0.64453125
5.703996	0.6494140625
5.704996	0.64453125
5.705996	0.6494140625
5.706996	0.6494140625
5.707996	0.654296875
5.708996	0.6494140625
5.709996	0.64453125
5.710996	0.654296875
5.711996	0.64453125
5.712996	0.64453125
5.713996	0.64453125
5.714996	0.64453125
5.715996	0.6494140625
5.716996	0.64453125
5.717996	0.6494140625
5.718996	0.64453125
5.719996	0.6494140625
5.720996	0.6494140625
5.721996	0.64453125
5.722996	0.6494140625
5.723996	0.6494140625
5.724996	0.6494140625
5.725996	0.654296875
5.726996	0.64453125
5.727996	0.6494140625
5.729	0.64453125
5.729996	0.64453125
5.731	0.64453125
5.732	0.6494140625
5.733	0.654296875
5.734	0.6396484375
5.735	0.64453125
5.735996	0.6494140625
5.736996	0.64453125
5.737996	0.6396484375
5.738996	0.64453125
5.739996	0.6494140625
5.740996	0.6494140625
5.741996	0.64453125
5.742996	0.64453125
5.743996	0.654296875
5.744996	0.64453125
5.745996	0.64453125
5.746996	0.6494140625
5.747996	0.6494140625
5.748996	0.6494140625
5.749996	0.64453125
5.750996	0.6494140625
5.751996	0.64453125
5.752996	0.64453125
5.753996	0.6396484375
5.754996	0.64453125
5.755996	0.6494140625
5.756996	0.64453125
5.757996	0.6494140625
5.758996	0.6494140625
5.759996	0.6494140625
5.760996	0.64453125
5.761996	0.6494140625
5.762996	0.6494140625
5.763996	0.6494140625
5.764996	0.6494140625
5.765996	0.6494140625
5.766996	0.64453125
5.767996	0.6494140625
5.768996	0.64453125
5.769996	0.64453125
5.771004	0.64453125
5.771996	0.6396484375
5.773	0.6494140625
5.774	0.6494140625
5.775	0.6494140625
5.776	0.64453125
5.777	0.64453125
5.777996	0.64453125
5.778996	0.64453125
5.779996	0.64453125
5.780996	0.6494140625
5.781996	0.64453125
5.782996	0.64453125
5.783996	0.64453125
5.784996	0.64453125
5.785996	0.6396484375
5.786996	0.654296875
5.787996	0.64453125
5.788996	0.654296875
5.789996	0.6494140625
5.790996	0.6494140625
5.791996	0.64453125
5.792996	0.6494140625
5.793996	0.654296875
5.794996	0.64453125
5.795996	0.64453125
5.796996	0.64453125
5.797996	0.6494140625
5.798996	0.654296875
5.799996	0.6494140625
5.800996	0.6494140625
5.801996	0.64453125
5.802996	0.6494140625
5.803996	0.6396484375
5.804996	0.654296875
5.805996	0.654296875
5.806996	0.64453125
5.807996	0.64453125
5.808996	0.654296875
5.809996	0.64453125
5.810996	0.6494140625
5.811996	0.6494140625
5.812996	0.6396484375
5.814	0.6494140625
5.814996	0.6396484375
5.816	0.64453125
5.817	0.6494140625
5.818	0.64453125
5.819	0.654296875
5.82	0.64453125
5.820996	0.64453125
5.821996	0.64453125
5.822996	0.6494140625
5.823996	0.64453125
5.824996	0.6396484375
5.825996	0.6494140625
5.826996	0.64453125
5.827996	0.6494140625
5.828996	0.64453125
5.829996	0.6494140625
5.830996	0.64453125
5.831996	0.6494140625
5.832996	0.6494140625
5.833996	0.6396484375
5.834996	0.64453125
5.835996	0.64453125
5.836996	0.64453125
5.837996	0.634765625
5.838996	0.6396484375
5.839996	0.64453125
5.840996	0.6494140625
5.841996	0.64453125
5.842996	0.6396484375
5.843996	0.6396484375
5.844996	0.64453125
5.845996	0.64453125
5.846996	0.6396484375
5.847996	0.64453125
5.848996	0.6396484375
5.849996	0.64453125
5.850996	0.634765625
5.851996	0.6396484375
5.852996	0.6396484375
5.853996	0.6396484375
5.854996	0.6396484375
5.855996	0.64453125
5.857	0.64453125
5.857996	0.64453125
5.859	0.64453125
5.86	0.64453125
5.861	0.6396484375
5.862	0.64453125
5.863	0.6396484375
5.863996	0.634765625
5.864996	0.64453125
5.865996	0.6396484375
5.866996	0.64453125
5.867996	0.64453125
5.868996	0.64453125
5.869996	0.64453125
5.870996	0.6396484375
5.871996	0.64453125
5.872996	0.6396484375
5.873996	0.6396484375
5.874996	0.64453125
5.875996	0.64453125
5.876996	0.6396484375
5.877996	0.64453125
5.878996	0.64453125
5.879996	0.6396484375
5.880996	0.6396484375
5.881996	0.6396484375
5.882996	0.64453125
5.883996	0.6396484375
5.884996	0.634765625
5.885996	0.64453125
5.886996	0.6396484375
5.887996	0.6396484375
5.888996	0.64453125
5.889996	0.6396484375
5.890996	0.6396484375
5.891996	0.6396484375
5.892996	0.6396484375
5.893996	0.634765625
5.894996	0.6396484375
5.895996	0.6298828125
5.896996	0.6396484375
5.897996	0.634765625
5.899004	0.6298828125
5.899996	0.6396484375
5.901	0.6396484375
5.902	0.6396484375
5.903	0.6396484375
5.904	0.64453125
5.905	0.64453125
5.905996	0.6396484375
5.906996	0.6396484375
5.907996	0.634765625
5.908996	0.6396484375
5.909996	0.6396484375
5.910996	0.64453125
5.911996	0.634765625
5.912996	0.6396484375
5.913996	0.6396484375
5.914996	0.64453125
5.915996	0.6396484375
5.916996	0.634765625
5.917996	0.6396484375
5.918996	0.64453125
5.919996	0.6396484375
5.920996	0.6396484375
5.921996	0.6396484375
5.922996	0.6396484375
5.923996	0.634765625
5.924996	0.634765625
5.925996	0.6396484375
5.926996	0.6396484375
5.927996	0.6396484375
5.928996	0.634765625
5.929996	0.64453125
5.930996	0.6396484375
5.931996	0.634765625
5.932996	0.6396484375
5.933996	0.6396484375
5.934996	0.64453125
5.935996	0.6298828125
5.936996	0.634765625
5.937996	0.6298828125
5.938996	0.6396484375
5.939996	0.6396484375
5.940996	0.6298828125
5.942	0.6298828125
5.942996	0.6396484375
5.944	0.6396484375
5.945	0.634765625
5.946	0.634765625
5.947	0.634765625
5.948	0.6396484375
5.948996	0.6396484375
5.949996	0.6396484375
5.950996	0.634765625
5.951996	0.6298828125
5.952996	0.634765625
5.953996	0.6396484375
5.954996	0.634765625
5.955996	0.6396484375
5.956996	0.6396484375
5.957996	0.6396484375
5.958996	0.634765625
5.959996	0.634765625
5.960996	0.634765625
5.961996	0.6396484375
5.962996	0.6396484375
5.963996	0.634765625
5.964996	0.6396484375
5.965996	0.6298828125
5.966996	0.634765625
5.967996	0.634765625
5.968996	0.634765625
5.969996	0.634765625
5.970996	0.634765625
5.971996	0.6298828125
5.972996	0.6298828125
5.973996	0.6396484375
5.974996	0.6298828125
5.975996	0.6396484375
5.976996	0.634765625
5.977996	0.6298828125
5.978996	0.634765625
5.979996	0.6298828125
5.980996	0.6396484375
5.981996	0.6298828125
5.982996	0.6396484375
5.983996	0.6396484375
5.985	0.634765625
5.985996	0.634765625
5.987	0.634765625
5.988	0.634765625
5.989	0.634765625
5.99	0.634765625
5.991	0.6396484375
5.991996	0.634765625
5.992996	0.634765625
5.993996	0.634765625
5.994996	0.6396484375
5.995996	0.634765625
5.996996	0.64453125
5.997996	0.6396484375
5.998996	0.64453125
5.999996	0.634765625
6.000996	0.6396484375
6.001996	0.634765625
6.002996	0.634765625
6.003996	0.6298828125
6.004996	0.6298828125
6.005996	0.634765625
6.006996	0.6298828125
6.007996	0.634765625
6.008996	0.634765625
6.009996	0.634765625
6.010996	0.6396484375
6.011996	0.634765625
6.012996	0.634765625
6.013996	0.6396484375
6.014996	0.625
6.015996	0.634765625
6.016996	0.634765625
6.017996	0.634765625
6.018996	0.6396484375
6.019996	0.6298828125
6.020996	0.6396484375
6.021996	0.6298828125
6.022996	0.634765625
6.023996	0.6298828125
6.024996	0.6396484375
6.025996	0.6396484375
6.027004	0.6396484375
6.027996	0.634765625
6.029	0.6396484375
6.03	0.634765625
6.031	0.634765625
6.032	0.634765625
6.033	0.6396484375
6.033996	0.6396484375
6.034996	0.6298828125
6.035996	0.6298828125
6.036996	0.634765625
6.037996	0.634765625
6.038996	0.6298828125
6.039996	0.634765625
6.040996	0.6396484375
6.041996	0.6298828125
6.042996	0.6396484375
6.043996	0.6396484375
6.044996	0.634765625
6.045996	0.6396484375
6.046996	0.634765625
6.047996	0.634765625
6.048996	0.64453125
6.049996	0.6396484375
6.050996	0.6396484375
6.051996	0.6396484375
6.052996	0.634765625
6.053996	0.634765625
6.054996	0.634765625
6.055996	0.634765625
6.056996	0.634765625
6.057996	0.634765625
6.058996	0.64453125
6.059996	0.64453125
6.060996	0.64453125
6.061996	0.6396484375
6.062996	0.6396484375
6.063996	0.6396484375
6.064996	0.6396484375
6.065996	0.64453125
6.066996	0.6396484375
6.067996	0.64453125
6.068996	0.64453125
6.07	0.64453125
6.070996	0.634765625
6.072	0.64453125
6.073	0.6396484375
6.074	0.64453125
6.075	0.64453125
6.076	0.64453125
6.076996	0.64453125
6.077996	0.64453125
6.078996	0.64453125
6.079996	0.6494140625
6.080996	0.64453125
6.081996	0.634765625
6.082996	0.64453125
6.083996	0.64453125
6.084996	0.64453125
6.085996	0.64453125
6.086996	0.6396484375
6.087996	0.6396484375
6.088996	0.6494140625
6.089996	0.6494140625
6.090996	0.654296875
6.091996	0.6396484375
6.092996	0.6494140625
6.093996	0.654296875
6.094996	0.6396484375
6.095996	0.654296875
6.096996	0.6494140625
6.097996	0.6494140625
6.098996	0.6396484375
6.099996	0.6494140625
6.100996	0.64453125
6.101996	0.6494140625
6.102996	0.6494140625
6.103996	0.64453125
6.104996	0.6494140625
6.105996	0.6494140625
6.106996	0.6494140625
6.107996	0.6494140625
6.108996	0.654296875
6.109996	0.654296875
6.110996	0.654296875
6.111996	0.6591796875
6.113	0.6494140625
6.113996	0.654296875
6.115	0.654296875
6.116	0.6591796875
6.117	0.6591796875
6.118	0.654296875
6.119	0.6640625
6.119996	0.6494140625
6.120996	0.654296875
6.121996	0.654296875
6.122996	0.6591796875
6.123996	0.6591796875
6.124996	0.6591796875
6.125996	0.6591796875
6.126996	0.6591796875
6.127996	0.6591796875
6.128996	0.6591796875
6.129996	0.6591796875
6.130996	0.6640625
6.131996	0.6640625
6.132996	0.6591796875
6.133996	0.6591796875
6.134996	0.654296875
6.135996	0.6640625
6.136996	0.654296875
6.137996	0.6640625
6.138996	0.6640625
6.139996	0.6591796875
6.140996	0.6591796875
6.141996	0.654296875
6.142996	0.6689453125
6.143996	0.6640625
6.144996	0.6640625
6.145996	0.6640625
6.146996	0.654296875
6.147996	0.6689453125
6.148996	0.6640625
6.149996	0.6640625
6.150996	0.6591796875
6.151996	0.6640625
6.152996	0.6591796875
6.153996	0.6689453125
6.155004	0.6640625
6.155996	0.6640625
6.157	0.6689453125
6.158	0.6689453125
6.159	0.6591796875
6.16	0.6591796875
6.161	0.6640625
6.161996	0.6591796875
6.162996	0.6591796875
6.163996	0.6591796875
6.164996	0.6591796875
6.165996	0.6640625
6.166996	0.6689453125
6.167996	0.6591796875
6.168996	0.6689453125
6.169996	0.6640625
6.170996	0.6640625
6.171996	0.6689453125
6.172996	0.6640625
6.173996	0.6640625
6.174996	0.6640625
6.175996	0.6689453125
6.176996	0.6591796875
6.177996	0.673828125
6.178996	0.6689453125
6.179996	0.6689453125
6.180996	0.673828125
6.181996	0.6689453125
6.182996	0.6689453125
6.183996	0.6689453125
6.184996	0.673828125
6.185996	0.6640625
6.186996	0.6689453125
6.187996	0.6689453125
6.188996	0.6689453125
6.189996	0.6640625
6.190996	0.6689453125
6.191996	0.6640625
6.192996	0.6640625
6.193996	0.6689453125
6.194996	0.673828125
6.195996	0.673828125
6.196996	0.6689453125
6.198	0.673828125
6.198996	0.6689453125
6.2	0.6689453125
6.201	0.6640625
6.202	0.6689453125
6.203	0.673828125
6.204	0.6689453125
6.204996	0.6640625
6.205996	0.6689453125
6.206996	0.6640625
6.207996	0.6689453125
6.208996	0.673828125
6.209996	0.6689453125
6.210996	0.6689453125
6.211996	0.673828125
6.212996	0.673828125
6.213996	0.6689453125
6.214996	0.6640625
6.215996	0.673828125
6.216996	0.6689453125
6.217996	0.6689453125
6.218996	0.673828125
6.219996	0.6591796875
6.220996	0.673828125
6.221996	0.6591796875
6.222996	0.673828125
6.223996	0.6640625
6.224996	0.6689453125
6.225996	0.673828125
6.226996	0.6689453125
6.227996	0.6689453125
6.228996	0.6689453125
6.229996	0.6640625
6.230996	0.6689453125
6.231996	0.673828125
6.232996	0.6689453125
6.233996	0.6640625
6.234996	0.673828125
6.235996	0.673828125
6.236996	0.673828125
6.237996	0.6640625
6.238996	0.6787109375
6.239996	0.6689453125
6.241	0.673828125
6.241996	0.6689453125
6.243	0.6689453125
6.244	0.673828125
6.245	0.673828125
6.246	0.6689453125
6.247	0.6689453125
6.247996	0.6689453125
6.248996	0.673828125
6.249996	0.6689453125
6.250996	0.6689453125
6.251996	0.6689453125
6.252996	0.6787109375
6.253996	0.6787109375
6.254996	0.6689453125
6.255996	0.673828125
6.256996	0.673828125
6.257996	0.6689453125
6.258996	0.673828125
6.259996	0.6689453125
6.260996	0.673828125
6.261996	0.6640625
6.262996	0.6689453125
6.263996	0.6689453125
6.264996	0.6689453125
6.265996	0.673828125
6.266996	0.6640625
6.267996	0.6689453125
6.268996	0.673828125
6.269996	0.6689453125
6.270996	0.673828125
6.271996	0.6689453125
6.272996	0.6689453125
6.273996	0.6787109375
6.274996	0.6689453125
6.275996	0.6640625
6.276996	0.6689453125
6.277996	0.673828125
6.278996	0.673828125
6.279996	0.673828125
6.280996	0.673828125
6.281996	0.6689453125
6.283004	0.673828125
6.283996	0.673828125
6.285	0.673828125
6.286	0.6787109375
6.287	0.6689453125
6.288	0.673828125
6.289	0.6689453125
6.289996	0.6787109375
6.290996	0.673828125
6.291996	0.673828125
6.292996	0.673828125
6.293996	0.6787109375
6.294996	0.6787109375
6.295996	0.6787109375
6.296996	0.6787109375
6.297996	0.6689453125
6.298996	0.6787109375
6.299996	0.6787109375
6.300996	0.673828125
6.301996	0.6787109375
6.302996	0.673828125
6.303996	0.6787109375
6.304996	0.673828125
6.305996	0.673828125
6.306996	0.6689453125
6.307996	0.673828125
6.308996	0.6787109375
6.309996	0.6787109375
6.310996	0.6787109375
6.311996	0.673828125
6.312996	0.6787109375
6.313996	0.6787109375
6.314996	0.6787109375
6.315996	0.673828125
6.316996	0.6689453125
6.317996	0.6787109375
6.318996	0.6787109375
6.319996	0.6787109375
6.320996	0.6787109375
6.321996	0.6787109375
6.322996	0.673828125
6.323996	0.6787109375
6.324996	0.6689453125
6.326	0.673828125
6.326996	0.673828125
6.328	0.6787109375
6.329	0.673828125
6.33	0.6787109375
6.331	0.6787109375
6.332	0.6787109375
6.332996	0.6787109375
6.333996	0.6787109375
6.334996	0.673828125
6.335996	0.68359375
6.336996	0.6787109375
6.337996	0.6787109375
6.338996	0.68359375
6.339996	0.6787109375
6.340996	0.6787109375
6.341996	0.68359375
6.342996	0.6787109375
6.343996	0.68359375
6.344996	0.6787109375
6.345996	0.6787109375
6.346996	0.673828125
6.347996	0.673828125
6.348996	0.673828125
6.349996	0.673828125
6.350996	0.68359375
6.351996	0.6787109375
6.352996	0.68359375
6.353996	0.6689453125
6.354996	0.6689453125
6.355996	0.673828125
6.356996	0.6787109375
6.357996	0.6787109375
6.358996	0.6787109375
6.359996	0.6787109375
6.360996	0.6787109375
6.361996	0.673828125
6.362996	0.6787109375
6.363996	0.68359375
6.364996	0.673828125
6.365996	0.68359375
6.366996	0.6787109375
6.367996	0.68359375
6.369	0.6787109375
6.369996	0.6787109375
6.371	0.6787109375
6.372	0.6787109375
6.373	0.6787109375
6.374	0.6787109375
6.375	0.673828125
6.375996	0.6787109375
6.376996	0.68359375
6.377996	0.673828125
6.378996	0.68359375
6.379996	0.6689453125
6.380996	0.6787109375
6.381996	0.68359375
6.382996	0.673828125
6.383996	0.6787109375
6.384996	0.6787109375
6.385996	0.6787109375
6.386996	0.673828125
6.387996	0.6787109375
6.388996	0.68359375
6.389996	0.6787109375
6.390996	0.6787109375
6.391996	0.6787109375
6.392996	0.6787109375
6.393996	0.68359375
6.394996	0.6787109375
6.395996	0.6787109375
6.396996	0.6787109375
6.397996	0.673828125
6.398996	0.673828125
6.399996	0.6787109375
6.400996	0.673828125
6.401996	0.6787109375
6.402996	0.6787109375
6.403996	0.68359375
6.404996	0.673828125
6.405996	0.68359375
6.406996	0.68359375
6.407996	0.6787109375
6.408996	0.6689453125
6.409996	0.6787109375
6.411004	0.673828125
6.411996	0.673828125
6.413	0.673828125
6.414	0.6689453125
6.415	0.6787109375
6.416	0.6787109375
6.417	0.6787109375
6.417996	0.6787109375
6.418996	0.6689453125
6.419996	0.6787109375
6.420996	0.673828125
6.421996	0.6787109375
6.422996	0.6787109375
6.423996	0.6787109375
6.424996	0.673828125
6.425996	0.6787109375
6.426996	0.6787109375
6.427996	0.6787109375
6.428996	0.6787109375
6.429996	0.6787109375
6.430996	0.6787109375
6.431996	0.673828125
6.432996	0.673828125
6.433996	0.6787109375
6.434996	0.6787109375
6.435996	0.6787109375
6.436996	0.673828125
6.437996	0.6787109375
6.438996	0.6787109375
6.439996	0.673828125
6.440996	0.6689453125
6.441996	0.6689453125
6.442996	0.673828125
6.443996	0.6787109375
6.444996	0.6787109375
6.445996	0.6787109375
6.446996	0.6787109375
6.447996	0.68359375
6.448996	0.6787109375
6.449996	0.673828125
6.450996	0.6787109375
6.451996	0.6787109375
6.452996	0.6787109375
6.454	0.6787109375
6.454996	0.673828125
6.456	0.6787109375
6.457	0.673828125
6.458	0.6787109375
6.459	0.6787109375
6.46	0.6787109375
6.460996	0.673828125
6.461996	0.6689453125
6.462996	0.673828125
6.463996	0.673828125
6.464996	0.6787109375
6.465996	0.6689453125
6.466996	0.6787109375
6.467996	0.6787109375
6.468996	0.6787109375
6.469996	0.673828125
6.470996	0.6787109375
6.471996	0.6689453125
6.472996	0.673828125
6.473996	0.6787109375
6.474996	0.6787109375
6.475996	0.6689453125
6.476996	0.6787109375
6.477996	0.68359375
6.478996	0.673828125
6.479996	0.673828125
6.480996	0.6787109375
6.481996	0.6787109375
6.482996	0.673828125
6.483996	0.6787109375
6.484996	0.6787109375
6.485996	0.6787109375
6.486996	0.6689453125
6.487996	0.673828125
6.488996	0.6787109375
6.489996	0.6787109375
6.490996	0.673828125
6.491996	0.673828125
6.492996	0.6787109375
6.493996	0.673828125
6.494996	0.6787109375
6.495996	0.673828125
6.497	0.673828125
6.497996	0.673828125
6.499	0.6787109375
6.5	0.6689453125
6.501	0.673828125
6.502	0.68359375
6.503	0.673828125
6.503996	0.673828125
6.504996	0.673828125
6.505996	0.6689453125
6.506996	0.673828125
6.507996	0.673828125
6.508996	0.673828125
6.509996	0.673828125
6.510996	0.6787109375
6.511996	0.673828125
6.512996	0.673828125
6.513996	0.6689453125
6.514996	0.673828125
6.515996	0.673828125
6.516996	0.673828125
6.517996	0.673828125
6.518996	0.6787109375
6.519996	0.6787109375
6.520996	0.6787109375
6.521996	0.6689453125
6.522996	0.6787109375
6.523996	0.6689453125
6.524996	0.6689453125
6.525996	0.673828125
6.526996	0.673828125
6.527996	0.6787109375
6.528996	0.6689453125
6.529996	0.6787109375
6.530996	0.6787109375
6.531996	0.6787109375
6.532996	0.673828125
6.533996	0.673828125
6.534996	0.673828125
6.535996	0.6787109375
6.536996	0.6689453125
6.537996	0.673828125
6.539004	0.6689453125
6.539996	0.673828125
6.541	0.6787109375
6.542	0.6787109375
6.543	0.6787109375
6.544	0.6787109375
6.545	0.673828125
6.545996	0.6689453125
6.546996	0.6787109375
6.547996	0.6689453125
6.548996	0.673828125
6.549996	0.6689453125
6.550996	0.673828125
6.551996	0.673828125
6.552996	0.6689453125
6.553996	0.673828125
6.554996	0.673828125
6.555996	0.6689453125
6.556996	0.673828125
6.557996	0.6689453125
6.558996	0.673828125
6.559996	0.673828125
6.560996	0.673828125
6.561996	0.673828125
6.562996	0.6689453125
6.563996	0.6787109375
6.564996	0.6787109375
6.565996	0.673828125
6.566996	0.6787109375
6.567996	0.6689453125
6.568996	0.673828125
6.569996	0.673828125
6.570996	0.6787109375
6.571996	0.673828125
6.572996	0.673828125
6.573996	0.6787109375
6.574996	0.673828125
6.575996	0.673828125
6.576996	0.6787109375
6.577996	0.673828125
6.578996	0.6787109375
6.579996	0.673828125
6.580996	0.673828125
6.582	0.6787109375
6.582996	0.673828125
6.584	0.673828125
6.585	0.673828125
6.586	0.6787109375
6.587	0.6787109375
6.588	0.6787109375
6.588996	0.6689453125
6.589996	0.6787109375
6.590996	0.6787109375
6.591996	0.673828125
6.592996	0.673828125
6.593996	0.6787109375
6.594996	0.6787109375
6.595996	0.6689453125
6.596996	0.6787109375
6.597996	0.673828125
6.598996	0.673828125
6.599996	0.6787109375
6.600996	0.6787109375
6.601996	0.6787109375
6.602996	0.68359375
6.603996	0.673828125
6.604996	0.6787109375
6.605996	0.6787109375
6.606996	0.673828125
6.607996	0.6787109375
6.608996	0.6787109375
6.609996	0.6787109375
6.610996	0.6787109375
6.611996	0.6787109375
6.612996	0.673828125
6.613996	0.68359375
6.614996	0.6787109375
6.615996	0.68359375
6.616996	0.6787109375
6.617996	0.68359375
6.618996	0.6689453125
6.619996	0.673828125
6.620996	0.673828125
6.621996	0.673828125
6.622996	0.6787109375
6.623996	0.6787109375
6.625	0.6787109375
6.625996	0.6787109375
6.627	0.68359375
6.628	0.673828125
6.629	0.68359375
6.63	0.68359375
6.631	0.68359375
6.631996	0.6787109375
6.632996	0.68359375
6.633996	0.6787109375
6.634996	0.6787109375
6.635996	0.6787109375
6.636996	0.68359375
6.637996	0.6787109375
6.638996	0.6787109375
6.639996	0.673828125
6.640996	0.6787109375
6.641996	0.68359375
6.642996	0.68359375
6.643996	0.68359375
6.644996	0.6787109375
6.645996	0.68359375
6.646996	0.6787109375
6.647996	0.6787109375
6.648996	0.6787109375
6.649996	0.6787109375
6.650996	0.6787109375
6.651996	0.68359375
6.652996	0.6787109375
6.653996	0.68359375
6.654996	0.673828125
6.655996	0.68359375
6.656996	0.6787109375
6.657996	0.6884765625
6.658996	0.68359375
6.659996	0.68359375
6.660996	0.68359375
6.661996	0.6787109375
6.662996	0.6689453125
6.663996	0.68359375
6.664996	0.6787109375
6.665996	0.68359375
6.667004	0.6787109375
6.667996	0.6787109375
6.669	0.6787109375
6.67	0.68359375
6.671	0.6787109375
6.672	0.6884765625
6.673	0.6787109375
6.673996	0.6787109375
6.674996	0.68359375
6.675996	0.68359375
6.676996	0.68359375
6.677996	0.68359375
6.678996	0.68359375
6.679996	0.6787109375
6.680996	0.68359375
6.681996	0.673828125
6.682996	0.68359375
6.683996	0.68359375
6.684996	0.68359375
6.685996	0.6787109375
6.686996	0.68359375
6.687996	0.68359375
6.688996	0.68359375
6.689996	0.68359375
6.690996	0.6787109375
6.691996	0.68359375
6.692996	0.68359375
6.693996	0.6787109375
6.694996	0.6787109375
6.695996	0.673828125
6.696996	0.68359375
6.697996	0.68359375
6.698996	0.68359375
6.699996	0.6787109375
6.700996	0.68359375
6.701996	0.6884765625
6.702996	0.68359375
6.703996	0.68359375
6.704996	0.68359375
6.705996	0.68359375
6.706996	0.6884765625
6.707996	0.68359375
6.708996	0.68359375
6.71	0.6787109375
6.710996	0.68359375
6.712	0.6884765625
6.713	0.6884765625
6.714	0.6787109375
6.715	0.6884765625
6.716	0.6884765625
6.716996	0.68359375
6.717996	0.68359375
6.718996	0.68359375
6.719996	0.68359375
6.720996	0.68359375
6.721996	0.6787109375
6.722996	0.6787109375
6.723996	0.68359375
6.724996	0.6884765625
6.725996	0.6884765625
6.726996	0.6787109375
6.727996	0.6787109375
6.728996	0.68359375
6.729996	0.6884765625
6.730996	0.68359375
6.731996	0.68359375
6.732996	0.68359375
6.733996	0.68359375
6.734996	0.6884765625
6.735996	0.68359375
6.736996	0.68359375
6.737996	0.68359375
6.738996	0.6787109375
6.739996	0.68359375
6.740996	0.6884765625
6.741996	0.6884765625
6.742996	0.68359375
6.743996	0.6884765625
6.744996	0.6787109375
6.745996	0.6787109375
6.746996	0.68359375
6.747996	0.68359375
6.748996	0.6787109375
6.749996	0.68359375
6.750996	0.68359375
6.751996	0.68359375
6.753	0.68359375
6.753996	0.6884765625
6.755	0.68359375
6.756	0.6884765625
6.757	0.68359375
6.758	0.68359375
6.759	0.68359375
6.759996	0.6787109375
6.760996	0.673828125
6.761996	0.6884765625
6.762996	0.68359375
6.763996	0.6884765625
6.764996	0.6884765625
6.765996	0.6787109375
6.766996	0.6787109375
6.767996	0.68359375
6.768996	0.673828125
6.769996	0.6787109375
6.770996	0.673828125
6.771996	0.6787109375
6.772996	0.68359375
6.773996	0.68359375
6.774996	0.68359375
6.775996	0.68359375
6.776996	0.6787109375
6.777996	0.6884765625
6.778996	0.68359375
6.779996	0.6787109375
6.780996	0.6787109375
6.781996	0.68359375
6.782996	0.68359375
6.783996	0.68359375
6.784996	0.68359375
6.785996	0.6787109375
6.786996	0.68359375
6.787996	0.6787109375
6.788996	0.68359375
6.789996	0.6787109375
6.790996	0.68359375
6.791996	0.6787109375
6.792996	0.68359375
6.793996	0.68359375
6.795004	0.6787109375
6.795996	0.673828125
6.797	0.68359375
6.798	0.68359375
6.799	0.6787109375
6.8	0.6787109375
6.801	0.6787109375
6.801996	0.68359375
6.802996	0.68359375
6.803996	0.6787109375
6.804996	0.6787109375
6.805996	0.6787109375
6.806996	0.6787109375
6.807996	0.68359375
6.808996	0.6787109375
6.809996	0.6787109375
6.810996	0.6787109375
6.811996	0.68359375
6.812996	0.6787109375
6.813996	0.6787109375
6.814996	0.6787109375
6.815996	0.68359375
6.816996	0.6787109375
6.817996	0.6787109375
6.818996	0.673828125
6.819996	0.6787109375
6.820996	0.6787109375
6.821996	0.68359375
6.822996	0.6787109375
6.823996	0.6787109375
6.824996	0.673828125
6.825996	0.6787109375
6.826996	0.68359375
6.827996	0.6787109375
6.828996	0.6787109375
6.829996	0.6787109375
6.830996	0.6787109375
6.831996	0.6787109375
6.832996	0.6787109375
6.833996	0.6787109375
6.834996	0.6787109375
6.835996	0.6787109375
6.836996	0.673828125
6.838	0.6689453125
6.838996	0.68359375
6.84	0.673828125
6.841	0.673828125
6.842	0.6787109375
6.843	0.6787109375
6.844	0.6787109375
6.844996	0.6787109375
6.845996	0.673828125
6.846996	0.6787109375
6.847996	0.6787109375
6.848996	0.673828125
6.849996	0.673828125
6.850996	0.6787109375
6.851996	0.6787109375
6.852996	0.6787109375
6.853996	0.6787109375
6.854996	0.6787109375
6.855996	0.6787109375
6.856996	0.673828125
6.857996	0.673828125
6.858996	0.673828125
6.859996	0.6787109375
6.860996	0.6689453125
6.861996	0.673828125
6.862996	0.6689453125
6.863996	0.673828125
6.864996	0.6787109375
6.865996	0.673828125
6.866996	0.673828125
6.867996	0.6787109375
6.868996	0.673828125
6.869996	0.673828125
6.870996	0.6689453125
6.871996	0.6787109375
6.872996	0.673828125
6.873996	0.6787109375
6.874996	0.673828125
6.875996	0.6787109375
6.876996	0.6689453125
6.877996	0.6689453125
6.878996	0.6689453125
6.879996	0.6689453125
6.881	0.6787109375
6.881996	0.6787109375
6.883	0.6787109375
6.884	0.673828125
6.885	0.673828125
6.886	0.6787109375
6.887	0.6640625
6.887996	0.673828125
6.888996	0.6689453125
6.889996	0.6689453125
6.890996	0.673828125
6.891996	0.6689453125
6.892996	0.6787109375
6.893996	0.6787109375
6.894996	0.6640625
6.895996	0.6689453125
6.896996	0.6689453125
6.897996	0.673828125
6.898996	0.6689453125
6.899996	0.673828125
6.900996	0.673828125
6.901996	0.6787109375
6.902996	0.6787109375
6.903996	0.673828125
6.904996	0.673828125
6.905996	0.6689453125
6.906996	0.673828125
6.907996	0.6689453125
6.908996	0.673828125
6.909996	0.68359375
6.910996	0.6689453125
6.911996	0.6689453125
6.912996	0.6689453125
6.913996	0.6689453125
6.914996	0.6689453125
6.915996	0.6689453125
6.916996	0.673828125
6.917996	0.6640625
6.918996	0.6689453125
6.919996	0.6640625
6.920996	0.673828125
6.921996	0.6689453125
6.923004	0.673828125
6.923996	0.673828125
6.925	0.6640625
6.926	0.673828125
6.927	0.673828125
6.928	0.6689453125
6.929	0.6689453125
6.929996	0.6640625
6.930996	0.6689453125
6.931996	0.6689453125
6.932996	0.673828125
6.933996	0.6689453125
6.934996	0.6689453125
6.935996	0.6640625
6.936996	0.6689453125
6.937996	0.6689453125
6.938996	0.6689453125
6.939996	0.6689453125
6.940996	0.6689453125
6.941996	0.6689453125
6.942996	0.6689453125
6.943996	0.6640625
6.944996	0.6689453125
6.945996	0.6689453125
6.946996	0.673828125
6.947996	0.6689453125
6.948996	0.673828125
6.949996	0.6689453125
6.950996	0.6689453125
6.951996	0.6689453125
6.952996	0.6689453125
6.953996	0.6689453125
6.954996	0.673828125
6.955996	0.6689453125
6.956996	0.6689453125
6.957996	0.673828125
6.958996	0.673828125
6.959996	0.6787109375
6.960996	0.6689453125
6.961996	0.6689453125
6.962996	0.6689453125
6.963996	0.6689453125
6.964996	0.673828125
6.966	0.6689453125
6.966996	0.6689453125
6.968	0.673828125
6.969	0.6640625
6.97	0.6640625
6.971	0.6640625
6.972	0.6689453125
6.972996	0.6689453125
6.973996	0.6640625
6.974996	0.6689453125
6.975996	0.6689453125
6.976996	0.673828125
6.977996	0.6689453125
6.978996	0.6640625
6.979996	0.6689453125
6.980996	0.6689453125
6.981996	0.673828125
6.982996	0.6640625
6.983996	0.6640625
6.984996	0.673828125
6.985996	0.6689453125
6.986996	0.6640625
6.987996	0.6640625
6.988996	0.6591796875
6.989996	0.6689453125
6.990996	0.6689453125
6.991996	0.6640625
6.992996	0.673828125
6.993996	0.6689453125
6.994996	0.6689453125
6.995996	0.6689453125
6.996996	0.6689453125
6.997996	0.6640625
6.998996	0.6591796875
6.999996	0.673828125
7.000996	0.6591796875
7.001996	0.6640625
7.002996	0.6689453125
7.003996	0.6640625
7.004996	0.6640625
7.005996	0.6591796875
7.006996	0.6689453125
7.007996	0.6640625
7.009	0.6689453125
7.009996	0.6689453125
7.011	0.6689453125
7.012	0.6640625
7.013	0.6689453125
7.014	0.6689453125
7.015	0.6640625
7.015996	0.6640625
7.016996	0.6640625
7.017996	0.6640625
7.018996	0.6591796875
7.019996	0.6640625
7.020996	0.6689453125
7.021996	0.6689453125
7.022996	0.6689453125
7.023996	0.6640625
7.024996	0.6591796875
7.025996	0.673828125
7.026996	0.6591796875
7.027996	0.6689453125
7.028996	0.6640625
7.029996	0.6640625
7.030996	0.6689453125
7.031996	0.6640625
7.032996	0.6640625
7.033996	0.6689453125
7.034996	0.6640625
7.035996	0.6689453125
7.036996	0.6689453125
7.037996	0.6689453125
7.038996	0.6640625
7.039996	0.6640625
7.040996	0.6640625
7.041996	0.6640625
7.042996	0.6689453125
7.043996	0.6640625
7.044996	0.6640625
7.045996	0.6640625
7.046996	0.6640625
7.047996	0.6689453125
7.048996	0.6689453125
7.049996	0.6689453125
7.051004	0.6591796875
7.051996	0.6689453125
7.053	0.6591796875
7.054	0.6689453125
7.055	0.6591796875
7.056	0.6640625
7.057	0.6640625
7.057996	0.6640625
7.058996	0.673828125
7.059996	0.6640625
7.060996	0.673828125
7.061996	0.6689453125
7.062996	0.6591796875
7.063996	0.6689453125
7.064996	0.6689453125
7.065996	0.6640625
7.066996	0.6689453125
7.067996	0.6689453125
7.068996	0.6640625
7.069996	0.6591796875
7.070996	0.6689453125
7.071996	0.6640625
7.072996	0.673828125
7.073996	0.6689453125
7.074996	0.6640625
7.075996	0.6689453125
7.076996	0.6640625
7.077996	0.673828125
7.078996	0.6640625
7.079996	0.6689453125
7.080996	0.6689453125
7.081996	0.6689453125
7.082996	0.673828125
7.083996	0.6640625
7.084996	0.6640625
7.085996	0.6689453125
7.086996	0.6640625
7.087996	0.6591796875
7.088996	0.6689453125
7.089996	0.6640625
7.090996	0.6640625
7.091996	0.6640625
7.092996	0.6689453125
7.094	0.6689453125
7.094996	0.673828125
7.096	0.673828125
7.097	0.6640625
7.098	0.6640625
7.099	0.6689453125
7.1	0.673828125
7.100996	0.6689453125
7.101996	0.6591796875
7.102996	0.6689453125
7.103996	0.6591796875
7.104996	0.673828125
7.105996	0.673828125
7.106996	0.7861328125
7.107996	0.859375
7.108996	0.9033203125
7.109996	0.9326171875
7.110996	0.9423828125
7.111996	0.95703125
7.112996	0.9619140625
7.113996	0.9765625
7.114996	0.986328125
7.115996	0.986328125
7.116996	0.99609375
7.117996	0.9912109375
7.118996	1.005859375
7.119996	1.005859375
7.120996	1.0107421875
7.121996	1.005859375
7.122996	1.005859375
7.123996	1.005859375
7.124996	1.005859375
7.125996	1.0107421875
7.126996	1.0107421875
7.127996	1.005859375
7.128996	1.0107421875
7.129996	1.005859375
7.130996	1.0205078125
7.131996	1.015625
7.132996	1.015625
7.133996	1.015625
7.134996	1.0107421875
7.135996	1.015625
7.137	1.015625
7.137996	1.0107421875
7.139	1.015625
7.14	1.015625
7.141	1.015625
7.142	1.0107421875
7.143	1.015625
7.143996	1.0107421875
7.144996	1.015625
7.145996	1.015625
7.146996	0.8984375
7.147996	0.8349609375
7.148996	0.80078125
7.149996	0.7763671875
7.150996	0.76171875
7.151996	0.751953125
7.152996	0.732421875
7.153996	0.7275390625
7.154996	0.7177734375
7.155996	0.7177734375
7.156996	0.7080078125
7.157996	0.6982421875
7.158996	0.6982421875
7.159996	0.703125
7.160996	0.693359375
7.161996	0.6982421875
7.162996	0.693359375
7.163996	0.6884765625
7.164996	0.6884765625
7.165996	0.6884765625
7.166996	0.693359375
7.167996	0.68359375
7.168996	0.68359375
7.169996	0.68359375
7.170996	0.6787109375
7.171996	0.6787109375
7.172996	0.6884765625
7.173996	0.6787109375
7.174996	0.68359375
7.175996	0.68359375
7.176996	0.68359375
7.177996	0.6787109375
7.179004	0.68359375
7.179996	0.6787109375
7.181	0.6787109375
7.182	0.732421875
7.183	0.83984375
7.184	0.888671875
7.185	0.9228515625
7.185996	0.9423828125
7.186996	0.9619140625
7.187996	0.9716796875
7.188996	0.9765625
7.189996	0.9912109375
7.190996	0.9912109375
7.191996	0.99609375
7.192996	1.005859375
7.193996	0.99609375
7.194996	1.0009765625
7.195996	1.015625
7.196996	1.0107421875
7.197996	1.0107421875
7.198996	1.0107421875
7.199996	1.0107421875
7.200996	1.015625
7.201996	1.0205078125
7.202996	1.015625
7.203996	1.0107421875
7.204996	1.0205078125
7.205996	1.0107421875
7.206996	1.015625
7.207996	1.015625
7.208996	1.015625
7.209996	1.015625
7.210996	1.0205078125
7.211996	1.015625
7.212996	1.0205078125
7.213996	1.0205078125
7.214996	1.0205078125
7.215996	0.966796875
7.216996	0.8740234375
7.217996	0.830078125
7.218996	0.80078125
7.219996	0.7763671875
7.220996	0.76171875
7.222	0.7470703125
7.222996	0.732421875
7.224	0.7275390625
7.225	0.712890625
7.226	0.712890625
7.227	0.7080078125
7.228	0.703125
7.228996	0.6982421875
7.229996	0.6982421875
7.230996	0.6982421875
7.231996	0.6884765625
7.232996	0.693359375
7.233996	0.6884765625
7.234996	0.6884765625
7.235996	0.6884765625
7.236996	0.6884765625
7.237996	0.6787109375
7.238996	0.68359375
7.239996	0.6787109375
7.240996	0.6787109375
7.241996	0.6787109375
7.242996	0.673828125
7.243996	0.6787109375
7.244996	0.68359375
7.245996	0.6787109375
7.246996	0.6884765625
7.247996	0.6787109375
7.248996	0.6787109375
7.249996	0.6787109375
7.250996	0.6787109375
7.251996	0.673828125
7.252996	0.6787109375
7.253996	0.673828125
7.254996	0.6787109375
7.255996	0.751953125
7.256996	0.849609375
7.257996	0.8935546875
7.258996	0.927734375
7.259996	0.9423828125
7.260996	0.966796875
7.261996	0.9716796875
7.262996	0.9765625
7.263996	0.9814453125
7.265	0.9912109375
7.265996	0.99609375
7.267	1.0009765625
7.268	1.0009765625
7.269	0.99609375
7.27	1.005859375
7.271	1.0107421875
7.271996	1.0107421875
7.272996	1.0107421875
7.273996	1.0107421875
7.274996	1.015625
7.275996	1.0107421875
7.276996	1.0107421875
7.277996	1.0107421875
7.278996	1.0205078125
7.279996	1.015625
7.280996	1.015625
7.281996	1.015625
7.282996	1.015625
7.283996	1.0107421875
7.284996	1.015625
7.285996	1.015625
7.286996	1.015625
7.287996	1.0107421875
7.288996	1.015625
7.289996	1.0205078125
7.290996	1.015625
7.291996	0.91796875
7.292996	0.8544921875
7.293996	0.8203125
7.294996	0.791015625
7.295996	0.7666015625
7.296996	0.751953125
7.297996	0.732421875
7.298996	0.7275390625
7.299996	0.7177734375
7.300996	0.712890625
7.301996	0.703125
7.302996	0.7080078125
7.303996	0.693359375
7.304996	0.6982421875
7.305996	0.6884765625
7.307004	0.6884765625
7.307996	0.6884765625
7.309	0.68359375
7.31	0.68359375
7.311	0.673828125
7.312	0.6787109375
7.313	0.6787109375
7.313996	0.68359375
7.314996	0.6787109375
7.315996	0.673828125
7.316996	0.6787109375
7.317996	0.6787109375
7.318996	0.6787109375
7.319996	0.6787109375
7.320996	0.673828125
7.321996	0.673828125
7.322996	0.6689453125
7.323996	0.673828125
7.324996	0.6689453125
7.325996	0.673828125
7.326996	0.6689453125
7.327996	0.7763671875
7.328996	0.859375
7.329996	0.8984375
7.330996	0.9326171875
7.331996	0.9521484375
7.332996	0.95703125
7.333996	0.966796875
7.334996	0.9765625
7.335996	0.986328125
7.336996	0.9912109375
7.337996	0.986328125
7.338996	1.0009765625
7.339996	1.005859375
7.340996	0.99609375
7.341996	1.0009765625
7.342996	1.005859375
7.343996	1.0107421875
7.344996	1.005859375
7.345996	1.005859375
7.346996	1.0107421875
7.347996	1.0107421875
7.348996	1.0107421875
7.35	1.0107421875
7.350996	1.005859375
7.352	1.0107421875
7.353	1.005859375
7.354	1.0107421875
7.355	1.005859375
7.356	1.015625
7.356996	1.015625
7.357996	1.0107421875
7.358996	1.015625
7.359996	1.015625
7.360996	0.99609375
7.361996	0.8837890625
7.362996	0.8349609375
7.363996	0.7958984375
7.364996	0.7666015625
7.365996	0.751953125
7.366996	0.7421875
7.367996	0.7275390625
7.368996	0.7177734375
7.369996	0.703125
7.370996	0.7080078125
7.371996	0.6982421875
7.372996	0.6982421875
7.373996	0.6884765625
7.374996	0.68359375
7.375996	0.6884765625
7.376996	0.68359375
7.377996	0.68359375
7.378996	0.6787109375
7.379996	0.673828125
7.380996	0.6787109375
7.381996	0.673828125
7.382996	0.673828125
7.383996	0.673828125
7.384996	0.6787109375
7.385996	0.6689453125
7.386996	0.673828125
7.387996	0.6689453125
7.388996	0.673828125
7.389996	0.6689453125
7.390996	0.673828125
7.391996	0.673828125
7.393	0.6689453125
7.393996	0.6640625
7.395	0.72265625
7.396	0.830078125
7.397	0.8740234375
7.398	0.91796875
7.399	0.9375
7.399996	0.947265625
7.400996	0.9619140625
7.401996	0.9765625
7.402996	0.9765625
7.403996	0.986328125
7.404996	0.99609375
7.405996	0.9912109375
7.406996	0.99609375
7.407996	1.0009765625
7.408996	1.0009765625
7.409996	1.0009765625
7.410996	1.005859375
7.411996	1.0009765625
7.412996	1.0009765625
7.413996	1.0107421875
7.414996	1.005859375
7.415996	1.0107421875
7.416996	1.005859375
7.417996	1.0107421875
7.418996	1.0107421875
7.419996	1.0107421875
7.420996	1.0107421875
7.421996	1.0107421875
7.422996	1.005859375
7.423996	1.0107421875
7.424996	1.0107421875
7.425996	1.015625
7.426996	1.0107421875
7.427996	1.015625
7.428996	0.966796875
7.429996	0.8740234375
7.430996	0.8251953125
7.431996	0.791015625
7.432996	0.771484375
7.433996	0.7421875
7.435004	0.732421875
7.435996	0.7177734375
7.437	0.712890625
7.438	0.703125
7.439	0.6982421875
7.44	0.703125
7.441	0.6982421875
7.441996	0.6884765625
7.442996	0.693359375
7.443996	0.6884765625
7.444996	0.6884765625
7.445996	0.68359375
7.446996	0.6787109375
7.447996	0.6787109375
7.448996	0.6787109375
7.449996	0.673828125
7.450996	0.6787109375
7.451996	0.6689453125
7.452996	0.673828125
7.453996	0.6689453125
7.454996	0.673828125
7.455996	0.6689453125
7.456996	0.673828125
7.457996	0.6787109375
7.458996	0.6689453125
7.459996	0.673828125
7.460996	0.6689453125
7.461996	0.673828125
7.462996	0.78125
7.463996	0.859375
7.464996	0.8984375
7.465996	0.91796875
7.466996	0.947265625
7.467996	0.95703125
7.468996	0.9765625
7.469996	0.9765625
7.470996	0.9765625
7.471996	0.99609375
7.472996	0.99609375
7.473996	0.99609375
7.474996	0.99609375
7.475996	1.0009765625
7.476996	1.005859375
7.478	1.005859375
7.478996	1.005859375
7.48	1.005859375
7.481	1.0107421875
7.482	1.0107421875
7.483	1.005859375
7.484	1.005859375
7.484996	1.0107421875
7.485996	1.0107421875
7.486996	1.0107421875
7.487996	1.015625
7.488996	1.0107421875
7.489996	1.015625
7.490996	1.0107421875
7.491996	1.015625
7.492996	1.015625
7.493996	1.015625
7.494996	1.0107421875
7.495996	1.015625
7.496996	0.99609375
7.497996	0.888671875
7.498996	0.83984375
7.499996	0.80078125
7.500996	0.771484375
7.501996	0.7568359375
7.502996	0.7421875
7.503996	0.732421875
7.504996	0.7275390625
7.505996	0.7177734375
7.506996	0.7080078125
7.507996	0.703125
7.508996	0.6982421875
7.509996	0.6982421875
7.510996	0.6982421875
7.511996	0.693359375
7.512996	0.6884765625
7.513996	0.6884765625
7.514996	0.6787109375
7.515996	0.68359375
7.516996	0.68359375
7.517996	0.68359375
7.518996	0.6787109375
7.519996	0.68359375
7.521	0.6787109375
7.521996	0.673828125
7.523	0.673828125
7.524	0.68359375
7.525	0.673828125
7.526	0.6787109375
7.527	0.6787109375
7.527996	0.68359375
7.528996	0.6689453125
7.529996	0.6787109375
7.530996	0.673828125
7.531996	0.6787109375
7.532996	0.673828125
7.533996	0.6787109375
7.534996	0.830078125
7.535996	0.87890625
7.536996	0.9130859375
7.537996	0.9375
7.538996	0.9521484375
7.539996	0.9716796875
7.540996	0.9765625
7.541996	0.9814453125
7.542996	0.9912109375
7.543996	0.986328125
7.544996	1.0009765625
7.545996	1.0009765625
7.546996	1.005859375
7.547996	1.0009765625
7.548996	1.005859375
7.549996	1.0009765625
7.550996	1.0107421875
7.551996	1.015625
7.552996	1.0107421875
7.553996	1.015625
7.554996	1.0205078125
7.555996	1.0107421875
7.556996	1.0205078125
7.557996	1.015625
7.558996	1.015625
7.559996	1.015625
7.560996	1.015625
7.561996	1.0205078125
7.563004	1.015625
7.563996	1.005859375
7.565	1.015625
7.566	1.0205078125
7.567	1.015625
7.568	1.015625
7.569	0.9033203125
7.569996	0.83984375
7.570996	0.8154296875
7.571996	0.78125
7.572996	0.76171875
7.573996	0.7470703125
7.574996	0.732421875
7.575996	0.72265625
7.576996	0.7177734375
7.577996	0.7080078125
7.578996	0.7080078125
7.579996	0.6982421875
7.580996	0.693359375
7.581996	0.6884765625
7.582996	0.693359375
7.583996	0.6884765625
7.584996	0.68359375
7.585996	0.68359375
7.586996	0.68359375
7.587996	0.68359375
7.588996	0.6787109375
7.589996	0.673828125
7.590996	0.68359375
7.591996	0.673828125
7.592996	0.6787109375
7.593996	0.673828125
7.594996	0.673828125
7.595996	0.6689453125
7.596996	0.6689453125
7.597996	0.6689453125
7.598996	0.673828125
7.599996	0.673828125
7.600996	0.673828125
7.601996	0.6689453125
7.602996	0.673828125
7.603996	0.6689453125
7.604996	0.6689453125
7.606	0.6640625
7.606996	0.7666015625
7.608	0.849609375
7.609	0.8935546875
7.61	0.9228515625
7.611	0.947265625
7.612	0.9521484375
7.612996	0.9716796875
7.613996	0.9765625
7.614996	0.986328125
7.615996	0.9814453125
7.616996	0.986328125
7.617996	0.986328125
7.618996	1.0009765625
7.619996	1.0009765625
7.620996	1.0009765625
7.621996	1.0009765625
7.622996	1.005859375
7.623996	1.005859375
7.624996	1.005859375
7.625996	1.005859375
7.626996	1.0107421875
7.627996	1.0107421875
7.628996	1.005859375
7.629996	1.0107421875
7.630996	1.0107421875
7.631996	1.0107421875
7.632996	1.005859375
7.633996	1.015625
7.634996	1.0107421875
7.635996	1.005859375
7.636996	1.005859375
7.637996	1.015625
7.638996	1.0107421875
7.639996	1.005859375
7.640996	1.0107421875
7.641996	0.8935546875
7.642996	0.83984375
7.643996	0.80078125
7.644996	0.771484375
7.645996	0.751953125
7.646996	0.7421875
7.647996	0.7275390625
7.649	0.7080078125
7.649996	0.703125
7.651	0.703125
7.652	0.6982421875
7.653	0.6884765625
7.654	0.6884765625
7.655	0.6884765625
7.655996	0.6787109375
7.656996	0.6787109375
7.657996	0.673828125
7.658996	0.6787109375
7.659996	0.6689453125
7.660996	0.673828125
7.661996	0.6689453125
7.662996	0.6689453125
7.663996	0.6689453125
7.664996	0.6689453125
7.665996	0.6640625
7.666996	0.673828125
7.667996	0.6689453125
7.668996	0.6591796875
7.669996	0.6689453125
7.670996	0.6591796875
7.671996	0.6640625
7.672996	0.6640625
7.673996	0.6591796875
7.674996	0.6494140625
7.675996	0.673828125
7.676996	0.80078125
7.677996	0.8642578125
7.678996	0.9033203125
7.679996	0.927734375
7.680996	0.947265625
7.681996	0.95703125
7.682996	0.9716796875
7.683996	0.9716796875
7.684996	0.9765625
7.685996	0.9765625
7.686996	0.986328125
7.687996	0.986328125
7.688996	0.99609375
7.689996	0.9912109375
7.691004	1.0009765625
7.691996	0.99609375
7.693	0.99609375
7.694	0.99609375
7.695	1.0009765625
7.696	1.0009765625
7.697	1.0009765625
7.697996	1.005859375
7.698996	1.0009765625
7.699996	1.0009765625
7.700996	1.0107421875
7.701996	1.005859375
7.702996	1.005859375
7.703996	1.0009765625
7.704996	1.0009765625
7.705996	1.0009765625
7.706996	1.0107421875
7.707996	1.005859375
7.708996	1.005859375
7.709996	0.8984375
7.710996	0.8349609375
7.711996	0.7958984375
7.712996	0.771484375
7.713996	0.751953125
7.714996	0.7275390625
7.715996	0.72265625
7.716996	0.7080078125
7.717996	0.703125
7.718996	0.6982421875
7.719996	0.68359375
7.720996	0.6884765625
7.721996	0.68359375
7.722996	0.673828125
7.723996	0.6787109375
7.724996	0.673828125
7.725996	0.673828125
7.726996	0.673828125
7.727996	0.6689453125
7.728996	0.6689453125
7.729996	0.6689453125
7.730996	0.6591796875
7.731996	0.6591796875
7.732996	0.6591796875
7.734	0.654296875
7.734996	0.6591796875
7.736	0.6640625
7.737	0.6640625
7.738	0.654296875
7.739	0.6591796875
7.74	0.6640625
7.740996	0.6591796875
7.741996	0.654296875
7.742996	0.6591796875
7.743996	0.6640625
7.744996	0.8056640625
7.745996	0.8642578125
7.746996	0.8984375
7.747996	0.927734375
7.748996	0.9423828125
7.749996	0.9619140625
7.750996	0.966796875
7.751996	0.9716796875
7.752996	0.986328125
7.753996	0.9912109375
7.754996	0.9912109375
7.755996	0.99609375
7.756996	0.9912109375
7.757996	0.99609375
7.758996	1.0009765625
7.759996	1.0009765625
7.760996	1.005859375
7.761996	1.0009765625
7.762996	1.005859375
7.763996	0.99609375
7.764996	1.0009765625
7.765996	1.005859375
7.766996	1.0009765625
7.767996	1.005859375
7.768996	1.0009765625
7.769996	1.0107421875
7.770996	1.005859375
7.771996	1.0107421875
7.772996	1.0107421875
7.773996	1.015625
7.774996	1.0107421875
7.775996	1.015625
7.777	1.0107421875
7.777996	0.99609375
7.779	0.87890625
7.78	0.8251953125
7.781	0.80078125
7.782	0.7666015625
7.783	0.751953125
7.783996	0.7373046875
7.784996	0.72265625
7.785996	0.712890625
7.786996	0.7080078125
7.787996	0.703125
7.788996	0.6884765625
7.789996	0.693359375
7.790996	0.6884765625
7.791996	0.6787109375
7.792996	0.68359375
7.793996	0.6787109375
7.794996	0.6787109375
7.795996	0.6787109375
7.796996	0.673828125
7.797996	0.673828125
7.798996	0.6689453125
7.799996	0.6689453125
7.800996	0.6689453125
7.801996	0.6689453125
7.802996	0.673828125
7.803996	0.6591796875
7.804996	0.6689453125
7.805996	0.6689453125
7.806996	0.673828125
7.807996	0.6689453125
7.808996	0.6689453125
7.809996	0.6640625
7.810996	0.6689453125
7.811996	0.6640625
7.812996	0.7861328125
7.813996	0.859375
7.814996	0.908203125
7.815996	0.9228515625
7.816996	0.947265625
7.817996	0.95703125
7.819004	0.9716796875
7.819996	0.9716796875
7.821	0.9765625
7.822	0.9912109375
7.823	0.9912109375
7.824	0.99609375
7.825	0.99609375
7.825996	1.0009765625
7.826996	1.0009765625
7.827996	1.0009765625
7.828996	1.0009765625
7.829996	1.0009765625
7.830996	1.005859375
7.831996	1.005859375
7.832996	1.0107421875
7.833996	1.0107421875
7.834996	1.0107421875
7.835996	1.015625
7.836996	1.0107421875
7.837996	1.015625
7.838996	1.0107421875
7.839996	1.0107421875
7.840996	1.0107421875
7.841996	1.015625
7.842996	1.0205078125
7.843996	1.015625
7.844996	0.9814453125
7.845996	0.888671875
7.846996	0.8349609375
7.847996	0.80078125
7.848996	0.7763671875
7.849996	0.7568359375
7.850996	0.7421875
7.851996	0.732421875
7.852996	0.7177734375
7.853996	0.712890625
7.854996	0.712890625
7.855996	0.703125
7.856996	0.703125
7.857996	0.6982421875
7.858996	0.703125
7.859996	0.693359375
7.860996	0.693359375
7.862	0.6884765625
7.862996	0.6884765625
7.864	0.68359375
7.865	0.6787109375
7.866	0.6787109375
7.867	0.68359375
7.868	0.68359375
7.868996	0.6884765625
7.869996	0.673828125
7.870996	0.673828125
7.871996	0.673828125
7.872996	0.673828125
7.873996	0.6787109375
7.874996	0.6787109375
7.875996	0.6787109375
7.876996	0.68359375
7.877996	0.673828125
7.878996	0.7275390625
7.879996	0.83984375
7.880996	0.8935546875
7.881996	0.9228515625
7.882996	0.947265625
7.883996	0.9619140625
7.884996	0.9716796875
7.885996	0.9814453125
7.886996	0.9814453125
7.887996	0.9912109375
7.888996	1.0009765625
7.889996	1.0009765625
7.890996	1.005859375
7.891996	1.0009765625
7.892996	1.005859375
7.893996	1.005859375
7.894996	1.015625
7.895996	1.0107421875
7.896996	1.0107421875
7.897996	1.015625
7.898996	1.015625
7.899996	1.015625
7.900996	1.0107421875
7.901996	1.015625
7.902996	1.015625
7.903996	1.015625
7.905	1.015625
7.905996	1.025390625
7.907	1.015625
7.908	1.0205078125
7.909	1.025390625
7.91	1.015625
7.911	1.015625
7.911996	1.0205078125
7.912996	1.0205078125
7.913996	0.9130859375
7.914996	0.849609375
7.915996	0.810546875
7.916996	0.791015625
7.917996	0.7666015625
7.918996	0.7470703125
7.919996	0.7421875
7.920996	0.7275390625
7.921996	0.72265625
7.922996	0.712890625
7.923996	0.712890625
7.924996	0.7080078125
7.925996	0.703125
7.926996	0.703125
7.927996	0.703125
7.928996	0.6982421875
7.929996	0.693359375
7.930996	0.6884765625
7.931996	0.693359375
7.932996	0.6884765625
7.933996	0.693359375
7.934996	0.693359375
7.935996	0.6884765625
7.936996	0.6884765625
7.937996	0.6884765625
7.938996	0.6787109375
7.939996	0.68359375
7.940996	0.6884765625
7.941996	0.6884765625
7.942996	0.68359375
7.943996	0.68359375
7.944996	0.68359375
7.945996	0.68359375
7.947004	0.6787109375
7.947996	0.6787109375
7.949	0.6884765625
7.95	0.8251953125
7.951	0.888671875
7.952	0.91796875
7.953	0.9423828125
7.953996	0.95703125
7.954996	0.966796875
7.955996	0.9765625
7.956996	0.986328125
7.957996	0.9912109375
7.958996	0.99609375
7.959996	1.0009765625
7.960996	1.005859375
7.961996	1.005859375
7.962996	1.0009765625
7.963996	1.005859375
7.964996	1.0107421875
7.965996	1.015625
7.966996	1.0107421875
7.967996	1.015625
7.968996	1.015625
7.969996	1.0107421875
7.970996	1.0205078125
7.971996	1.0107421875
7.972996	1.025390625
7.973996	1.0205078125
7.974996	1.0107421875
7.975996	1.0205078125
7.976996	1.0205078125
7.977996	1.025390625
7.978996	1.015625
7.979996	1.0205078125
7.980996	1.0205078125
7.981996	1.0205078125
7.982996	0.927734375
7.983996	0.8544921875
7.984996	0.8203125
7.985996	0.791015625
7.986996	0.7763671875
7.987996	0.7568359375
7.988996	0.7421875
7.99	0.732421875
7.990996	0.72265625
7.992	0.712890625
7.993	0.7080078125
7.994	0.712890625
7.995	0.703125
7.996	0.703125
7.996996	0.6982421875
7.997996	0.6982421875
7.998996	0.6982421875
7.999996	0.693359375
8.000996	0.693359375
8.001996	0.6884765625
8.002996	0.6982421875
8.003996	0.68359375
8.004996	0.6884765625
8.005996	0.693359375
8.006996	0.6787109375
8.007996	0.6884765625
8.008996	0.68359375
8.009996	0.68359375
8.010996	0.68359375
8.011996	0.6787109375
8.012996	0.68359375
8.013996	0.6884765625
8.014996	0.673828125
8.015996	0.68359375
8.016996	0.751953125
8.017996	0.849609375
8.018996	0.8935546875
8.019996	0.927734375
8.020996	0.9521484375
8.021996	0.9619140625
8.022996	0.9765625
8.023996	0.986328125
8.024996	0.986328125
8.025996	0.99609375
8.026996	1.0009765625
8.027996	0.99609375
8.028996	1.005859375
8.029996	1.0107421875
8.030996	1.0107421875
8.031996	1.0107421875
8.033	1.015625
8.033996	1.015625
8.035	1.0107421875
8.036	1.015625
8.037	1.015625
8.038	1.025390625
8.039	1.025390625
8.039996	1.015625
8.040996	1.015625
8.041996	1.0205078125
8.042996	1.025390625
8.043996	1.0205078125
8.044996	1.0205078125
8.045996	1.0205078125
8.046996	1.0205078125
8.047996	1.0205078125
8.048996	1.025390625
8.049996	1.025390625
8.050996	1.015625
8.051996	1.015625
8.052996	1.0205078125
8.053996	1.0302734375
8.054996	1.0205078125
8.055996	0.9033203125
8.056996	0.8447265625
8.057996	0.8154296875
8.058996	0.78125
8.059996	0.771484375
8.060996	0.7470703125
8.061996	0.732421875
8.062996	0.7275390625
8.063996	0.72265625
8.064996	0.7177734375
8.065996	0.7177734375
8.066996	0.712890625
8.067996	0.7080078125
8.068996	0.6982421875
8.069996	0.703125
8.070996	0.6982421875
8.071996	0.693359375
8.072996	0.6884765625
8.073996	0.693359375
8.075004	0.693359375
8.075996	0.693359375
8.077	0.6884765625
8.078	0.693359375
8.079	0.68359375
8.08	0.6787109375
8.081	0.6884765625
8.081996	0.68359375
8.082996	0.6884765625
8.083996	0.68359375
8.084996	0.6787109375
8.085996	0.68359375
8.086996	0.6787109375
8.087996	0.6884765625
8.088996	0.68359375
8.089996	0.6787109375
8.090996	0.68359375
8.091996	0.68359375
8.092996	0.673828125
8.093996	0.7958984375
8.094996	0.8642578125
8.095996	0.908203125
8.096996	0.9375
8.097996	0.947265625
8.098996	0.966796875
8.099996	0.9765625
8.100996	0.986328125
8.101996	0.9912109375
8.102996	0.9912109375
8.103996	1.0009765625
8.104996	1.0009765625
8.105996	1.005859375
8.106996	1.0009765625
8.107996	1.0107421875
8.108996	1.005859375
8.109996	1.0107421875
8.110996	1.0205078125
8.111996	1.0107421875
8.112996	1.015625
8.113996	1.015625
8.114996	1.0107421875
8.115996	1.015625
8.116996	1.015625
8.118	1.0107421875
8.118996	1.0205078125
8.12	1.015625
8.121	1.015625
8.122	1.025390625
8.123	1.015625
8.124	1.015625
8.124996	1.0205078125
8.125996	1.0205078125
8.126996	0.9326171875
8.127996	0.859375
8.128996	0.8203125
8.129996	0.791015625
8.130996	0.771484375
8.131996	0.751953125
8.132996	0.7373046875
8.133996	0.7275390625
8.134996	0.732421875
8.135996	0.712890625
8.136996	0.712890625
8.137996	0.703125
8.138996	0.7080078125
8.139996	0.6982421875
8.140996	0.6982421875
8.141996	0.6884765625
8.142996	0.693359375
8.143996	0.693359375
8.144996	0.6884765625
8.145996	0.6982421875
8.146996	0.6884765625
8.147996	0.6884765625
8.148996	0.6884765625
8.149996	0.68359375
8.150996	0.68359375
8.151996	0.6787109375
8.152996	0.68359375
8.153996	0.673828125
8.154996	0.673828125
8.155996	0.68359375
8.156996	0.68359375
8.157996	0.6787109375
8.158996	0.68359375
8.159996	0.6787109375
8.161	0.68359375
8.161996	0.80078125
8.163	0.869140625
8.164	0.9033203125
8.165	0.9326171875
8.166	0.9521484375
8.167	0.9716796875
8.167996	0.9716796875
8.168996	0.986328125
8.169996	0.99609375
8.170996	0.9912109375
8.171996	0.99609375
8.172996	0.99609375
8.173996	1.005859375
8.174996	1.005859375
8.175996	1.0107421875
8.176996	1.0107421875
8.177996	1.0107421875
8.178996	1.0205078125
8.179996	1.005859375
8.180996	1.005859375
8.181996	1.0107421875
8.182996	1.0107421875
8.183996	1.0205078125
8.184996	1.0107421875
8.185996	1.015625
8.186996	1.0205078125
8.187996	1.0205078125
8.188996	1.015625
8.189996	1.0107421875
8.190996	1.015625
8.191996	1.015625
8.192996	1.0205078125
8.193996	1.0205078125
8.194996	0.99609375
8.195996	0.888671875
8.196996	0.83984375
8.197996	0.80078125
8.198996	0.7763671875
8.199996	0.7568359375
8.200996	0.7470703125
8.201996	0.7373046875
8.203004	0.7275390625
8.203996	0.7177734375
8.205	0.7080078125
8.206	0.7080078125
8.207	0.703125
8.208	0.6982421875
8.209	0.693359375
8.209996	0.693359375
8.210996	0.6884765625
8.211996	0.6982421875
8.212996	0.6884765625
8.213996	0.6884765625
8.214996	0.693359375
8.215996	0.68359375
8.216996	0.68359375
8.217996	0.6884765625
8.218996	0.6787109375
8.219996	0.6787109375
8.220996	0.68359375
8.221996	0.673828125
8.222996	0.6787109375
8.223996	0.6787109375
8.224996	0.6787109375
8.225996	0.673828125
8.226996	0.6787109375
8.227996	0.68359375
8.228996	0.6787109375
8.229996	0.7763671875
8.230996	0.849609375
8.231996	0.8984375
8.232996	0.927734375
8.233996	0.9423828125
8.234996	0.966796875
8.235996	0.9716796875
8.236996	0.986328125
8.237996	0.9814453125
8.238996	0.9912109375
8.239996	0.9912109375
8.240996	0.99609375
8.241996	0.99609375
8.242996	1.005859375
8.243996	1.005859375
8.244996	1.0107421875
8.246	1.0107421875
8.246996	1.0107421875
8.248	1.0107421875
8.249	1.015625
8.25	1.0107421875
8.251	1.0107421875
8.252	1.0205078125
8.252996	1.0107421875
8.253996	1.0107421875
8.254996	1.0107421875
8.255996	1.0107421875
8.256996	1.015625
8.257996	1.015625
8.258996	1.015625
8.259996	1.015625
8.260996	1.0205078125
8.261996	1.015625
8.262996	0.95703125
8.263996	0.869140625
8.264996	0.8203125
8.265996	0.7958984375
8.266996	0.771484375
8.267996	0.76171875
8.268996	0.7373046875
8.269996	0.732421875
8.270996	0.72265625
8.271996	0.712890625
8.272996	0.712890625
8.273996	0.703125
8.274996	0.6884765625
8.275996	0.693359375
8.276996	0.693359375
8.277996	0.693359375
8.278996	0.693359375
8.279996	0.6787109375
8.280996	0.68359375
8.281996	0.6787109375
8.282996	0.68359375
8.283996	0.68359375
8.284996	0.68359375
8.285996	0.6787109375
8.286996	0.6689453125
8.287996	0.6787109375
8.289	0.6689453125
8.289996	0.673828125
8.291	0.6689453125
8.292	0.6689453125
8.293	0.6689453125
8.294	0.673828125
8.295	0.6689453125
8.295996	0.6787109375
8.296996	0.673828125
8.297996	0.673828125
8.298996	0.693359375
8.299996	0.8203125
8.300996	0.869140625
8.301996	0.9130859375
8.302996	0.9326171875
8.303996	0.9521484375
8.304996	0.966796875
8.305996	0.966796875
8.306996	0.986328125
8.307996	0.9814453125
8.308996	0.9912109375
8.309996	0.99609375
8.310996	1.0009765625
8.311996	1.0009765625
8.312996	1.0009765625
8.313996	1.0009765625
8.314996	1.0009765625
8.315996	1.0009765625
8.316996	1.015625
8.317996	1.0107421875
8.318996	1.0107421875
8.319996	1.0107421875
8.320996	1.005859375
8.321996	1.0107421875
8.322996	1.0107421875
8.323996	1.0107421875
8.324996	1.015625
8.325996	1.0107421875
8.326996	1.005859375
8.327996	1.015625
8.328996	1.015625
8.329996	1.015625
8.331004	1.0107421875
8.331996	1.015625
8.333	1.0107421875
8.334	1.0107421875
8.335	0.9130859375
8.336	0.8447265625
8.337	0.8056640625
8.337996	0.78125
8.338996	0.751953125
8.339996	0.7470703125
8.340996	0.732421875
8.341996	0.7177734375
8.342996	0.712890625
8.343996	0.7080078125
8.344996	0.7080078125
8.345996	0.703125
8.346996	0.6884765625
8.347996	0.693359375
8.348996	0.6884765625
8.349996	0.68359375
8.350996	0.6884765625
8.351996	0.68359375
8.352996	0.68359375
8.353996	0.6787109375
8.354996	0.6787109375
8.355996	0.6689453125
8.356996	0.673828125
8.357996	0.673828125
8.358996	0.6787109375
8.359996	0.6689453125
8.360996	0.673828125
8.361996	0.673828125
8.362996	0.6640625
8.363996	0.6689453125
8.364996	0.673828125
8.365996	0.6689453125
8.366996	0.6640625
8.367996	0.6689453125
8.368996	0.673828125
8.369996	0.810546875
8.370996	0.869140625
8.371996	0.908203125
8.372996	0.9326171875
8.374	0.9521484375
8.374996	0.966796875
8.376	0.966796875
8.377	0.9814453125
8.378	0.986328125
8.379	0.9912109375
8.38	0.9912109375
8.380996	1.0009765625
8.381996	0.99609375
8.382996	1.0009765625
8.383996	1.005859375
8.384996	1.005859375
8.385996	1.005859375
8.386996	1.005859375
8.387996	1.005859375
8.388996	1.005859375
8.389996	1.0107421875
8.390996	1.005859375
8.391996	1.0107421875
8.392996	1.0107421875
8.393996	1.0107421875
8.394996	1.0107421875
8.395996	1.0107421875
8.396996	1.0107421875
8.397996	1.015625
8.398996	1.0107421875
8.399996	1.0107421875
8.400996	1.015625
8.401996	1.015625
8.402996	1.015625
8.403996	1.0107421875
8.404996	1.015625
8.405996	1.0107421875
8.406996	1.015625
8.407996	0.9228515625
8.408996	0.849609375
8.409996	0.810546875
8.410996	0.78125
8.411996	0.76171875
8.412996	0.7470703125
8.413996	0.7275390625
8.414996	0.72265625
8.415996	0.7177734375
8.417	0.712890625
8.417996	0.703125
8.419	0.693359375
8.42	0.6884765625
8.421	0.6884765625
8.422	0.6884765625
8.423	0.6787109375
8.423996	0.6884765625
8.424996	0.6884765625
8.425996	0.673828125
8.426996	0.6787109375
8.427996	0.673828125
8.428996	0.673828125
8.429996	0.6689453125
8.430996	0.6689453125
8.431996	0.673828125
8.432996	0.6689453125
8.433996	0.673828125
8.434996	0.6689453125
8.435996	0.673828125
8.436996	0.673828125
8.437996	0.6689453125
8.438996	0.6640625
8.439996	0.6689453125
8.440996	0.6689453125
8.441996	0.6640625
8.442996	0.751953125
8.443996	0.8447265625
8.444996	0.8837890625
8.445996	0.91796875
8.446996	0.9375
8.447996	0.95703125
8.448996	0.966796875
8.449996	0.9765625
8.450996	0.9765625
8.451996	0.9814453125
8.452996	0.9912109375
8.453996	0.99609375
8.454996	0.99609375
8.455996	1.0009765625
8.456996	1.0009765625
8.457996	1.0009765625
8.459004	1.0009765625
8.459996	1.0009765625
8.461	1.0009765625
8.462	1.005859375
8.463	1.005859375
8.464	1.005859375
8.465	1.0107421875
8.465996	1.005859375
8.466996	1.0009765625
8.467996	1.0107421875
8.468996	1.0107421875
8.469996	1.005859375
8.470996	1.0107421875
8.471996	1.0107421875
8.472996	1.0107421875
8.473996	1.0107421875
8.474996	1.015625
8.475996	1.0107421875
8.476996	0.9326171875
8.477996	0.859375
8.478996	0.8203125
8.479996	0.78125
8.480996	0.76171875
8.481996	0.7421875
8.482996	0.7275390625
8.483996	0.7177734375
8.484996	0.72265625
8.485996	0.712890625
8.486996	0.703125
8.487996	0.693359375
8.488996	0.6982421875
8.489996	0.6787109375
8.490996	0.68359375
8.491996	0.6787109375
8.492996	0.68359375
8.493996	0.6787109375
8.494996	0.6787109375
8.495996	0.6787109375
8.496996	0.6689453125
8.497996	0.673828125
8.498996	0.673828125
8.499996	0.6689453125
8.500996	0.673828125
8.502	0.6689453125
8.502996	0.6689453125
8.504	0.6689453125
8.505	0.6689453125
8.506	0.6640625
8.507	0.6640625
8.508	0.6689453125
8.508996	0.6640625
8.509996	0.6591796875
8.510996	0.6689453125
8.511996	0.732421875
8.512996	0.830078125
8.513996	0.8837890625
8.514996	0.91796875
8.515996	0.9375
8.516996	0.95703125
8.517996	0.966796875
8.518996	0.9765625
8.519996	0.986328125
8.520996	0.9814453125
8.521996	0.9912109375
8.522996	0.9912109375
8.523996	0.99609375
8.524996	0.99609375
8.525996	1.0009765625
8.526996	1.0009765625
8.527996	1.005859375
8.528996	1.0009765625
8.529996	1.0009765625
8.530996	1.0009765625
8.531996	1.0009765625
8.532996	1.0009765625
8.533996	1.0107421875
8.534996	1.0009765625
8.535996	1.0107421875
8.536996	1.0107421875
8.537996	1.0107421875
8.538996	1.0107421875
8.539996	1.0107421875
8.540996	1.0107421875
8.541996	1.0107421875
8.542996	1.005859375
8.543996	1.015625
8.545	1.0107421875
8.545996	0.8984375
8.547	0.8349609375
8.548	0.80078125
8.549	0.7666015625
8.55	0.7568359375
8.551	0.7421875
8.551996	0.7275390625
8.552996	0.7177734375
8.553996	0.7080078125
8.554996	0.7080078125
8.555996	0.6982421875
8.556996	0.693359375
8.557996	0.693359375
8.558996	0.68359375
8.559996	0.68359375
8.560996	0.68359375
8.561996	0.6787109375
8.562996	0.68359375
8.563996	0.6787109375
8.564996	0.673828125
8.565996	0.6689453125
8.566996	0.6689453125
8.567996	0.6787109375
8.568996	0.6689453125
8.569996	0.6787109375
8.570996	0.673828125
8.571996	0.6640625
8.572996	0.6689453125
8.573996	0.6689453125
8.574996	0.673828125
8.575996	0.6640625
8.576996	0.673828125
8.577996	0.6640625
8.578996	0.6689453125
8.579996	0.80078125
8.580996	0.869140625
8.581996	0.9033203125
8.582996	0.9326171875
8.583996	0.9375
8.584996	0.95703125
8.585996	0.9716796875
8.587004	0.9716796875
8.587996	0.9814453125
8.589	0.986328125
8.59	0.9912109375
8.591	0.99609375
8.592	0.99609375
8.593	1.0009765625
8.593996	1.005859375
8.594996	0.99609375
8.595996	1.005859375
8.596996	1.005859375
8.597996	1.005859375
8.598996	1.005859375
8.599996	1.0009765625
8.600996	1.005859375
8.601996	1.0107421875
8.602996	1.0107421875
8.603996	1.005859375
8.604996	1.0107421875
8.605996	1.0107421875
8.606996	1.0107421875
8.607996	1.0107421875
8.608996	1.0107421875
8.609996	1.0107421875
8.610996	1.015625
8.611996	0.9619140625
8.612996	0.8740234375
8.613996	0.8251953125
8.614996	0.7861328125
8.615996	0.7666015625
8.616996	0.751953125
8.617996	0.7373046875
8.618996	0.72265625
8.619996	0.7177734375
8.620996	0.7080078125
8.621996	0.703125
8.622996	0.693359375
8.623996	0.693359375
8.624996	0.6884765625
8.625996	0.68359375
8.626996	0.68359375
8.627996	0.6787109375
8.628996	0.6787109375
8.63	0.673828125
8.630996	0.6689453125
8.632	0.6787109375
8.633	0.6787109375
8.634	0.673828125
8.635	0.673828125
8.636	0.6689453125
8.636996	0.6689453125
8.637996	0.673828125
8.638996	0.6640625
8.639996	0.6689453125
8.640996	0.6689453125
8.641996	0.6689453125
8.642996	0.6640625
8.643996	0.6689453125
8.644996	0.6591796875
8.645996	0.6640625
8.646996	0.6689453125
8.647996	0.810546875
8.648996	0.869140625
8.649996	0.908203125
8.650996	0.9326171875
8.651996	0.9423828125
8.652996	0.95703125
8.653996	0.9619140625
8.654996	0.9814453125
8.655996	0.986328125
8.656996	0.986328125
8.657996	0.99609375
8.658996	0.9912109375
8.659996	0.99609375
8.660996	0.99609375
8.661996	1.0009765625
8.662996	0.99609375
8.663996	1.005859375
8.664996	1.005859375
8.665996	1.0107421875
8.666996	1.005859375
8.667996	1.005859375
8.668996	1.0107421875
8.669996	1.015625
8.670996	1.005859375
8.671996	1.0107421875
8.673	1.0107421875
8.673996	1.0107421875
8.675	1.015625
8.676	1.005859375
8.677	1.015625
8.678	1.0107421875
8.679	1.015625
8.679996	0.9765625
8.680996	0.869140625
8.681996	0.8251953125
8.682996	0.791015625
8.683996	0.771484375
8.684996	0.751953125
8.685996	0.732421875
8.686996	0.72265625
8.687996	0.712890625
8.688996	0.703125
8.689996	0.6982421875
8.690996	0.6982421875
8.691996	0.693359375
8.692996	0.693359375
8.693996	0.693359375
8.694996	0.6787109375
8.695996	0.68359375
8.696996	0.6787109375
8.697996	0.673828125
8.698996	0.673828125
8.699996	0.6689453125
8.700996	0.673828125
8.701996	0.6689453125
8.702996	0.6689453125
8.703996	0.673828125
8.704996	0.673828125
8.705996	0.6640625
8.706996	0.6689453125
8.707996	0.6689453125
8.708996	0.6591796875
8.709996	0.6689453125
8.710996	0.6689453125
8.711996	0.6689453125
8.712996	0.6591796875
8.713996	0.6640625
8.715004	0.6591796875
8.715996	0.7421875
8.717	0.83984375
8.718	0.87890625
8.719	0.9130859375
8.72	0.9423828125
8.721	0.947265625
8.721996	0.9619140625
8.722996	0.9765625
8.723996	0.9765625
8.724996	0.986328125
8.725996	0.986328125
8.726996	0.9912109375
8.727996	0.99609375
8.728996	0.99609375
8.729996	0.99609375
8.730996	1.0009765625
8.731996	1.005859375
8.732996	1.005859375
8.733996	1.005859375
8.734996	1.005859375
8.735996	1.005859375
8.736996	1.005859375
8.737996	1.005859375
8.738996	1.0107421875
8.739996	1.015625
8.740996	1.0107421875
8.741996	1.005859375
8.742996	1.0009765625
8.743996	1.0107421875
8.744996	1.015625
8.745996	1.0107421875
8.746996	1.0107421875
8.747996	1.005859375
8.748996	1.005859375
8.749996	1.0107421875
8.750996	1.0107421875
8.751996	0.986328125
8.752996	0.8740234375
8.753996	0.830078125
8.754996	0.791015625
8.755996	0.76171875
8.756996	0.7421875
8.758	0.7373046875
8.758996	0.72265625
8.76	0.7177734375
8.761	0.703125
8.762	0.703125
8.763	0.693359375
8.764	0.693359375
8.764996	0.693359375
8.765996	0.6884765625
8.766996	0.68359375
8.767996	0.6787109375
8.768996	0.6787109375
8.769996	0.6689453125
8.770996	0.673828125
8.771996	0.6689453125
8.772996	0.6787109375
8.773996	0.673828125
8.774996	0.6689453125
8.775996	0.673828125
8.776996	0.6689453125
8.777996	0.6689453125
8.778996	0.6689453125
8.779996	0.6591796875
8.780996	0.6640625
8.781996	0.6591796875
8.782996	0.6640625
8.783996	0.6591796875
8.784996	0.6591796875
8.785996	0.6640625
8.786996	0.673828125
8.787996	0.6591796875
8.788996	0.6640625
8.789996	0.7373046875
8.790996	0.83984375
8.791996	0.888671875
8.792996	0.91796875
8.793996	0.9326171875
8.794996	0.947265625
8.795996	0.966796875
8.796996	0.9765625
8.797996	0.9765625
8.798996	0.9814453125
8.799996	0.9912109375
8.801	0.9912109375
8.801996	0.9912109375
8.803	0.9912109375
8.804	1.0009765625
8.805	1.0009765625
8.806	1.005859375
8.807	1.0009765625
8.807996	1.005859375
8.808996	1.0009765625
8.809996	1.0009765625
8.810996	1.0107421875
8.811996	1.005859375
8.812996	1.005859375
8.813996	1.0009765625
8.814996	1.0107421875
8.815996	1.0107421875
8.816996	1.0107421875
8.817996	1.015625
8.818996	1.005859375
8.819996	1.0107421875
8.820996	1.005859375
8.821996	1.0107421875
8.822996	1.0107421875
8.823996	1.015625
8.824996	0.927734375
8.825996	0.8544921875
8.826996	0.810546875
8.827996	0.7861328125
8.828996	0.7568359375
8.829996	0.7421875
8.830996	0.7275390625
8.831996	0.7177734375
8.832996	0.712890625
8.833996	0.703125
8.834996	0.703125
8.835996	0.6884765625
8.836996	0.693359375
8.837996	0.6884765625
8.838996	0.6787109375
8.839996	0.673828125
8.840996	0.673828125
8.841996	0.6787109375
8.843004	0.673828125
8.843996	0.673828125
8.845	0.673828125
8.846	0.6689453125
8.847	0.6689453125
8.848	0.673828125
8.849	0.673828125
8.849996	0.6640625
8.850996	0.6689453125
8.851996	0.6591796875
8.852996	0.6689453125
8.853996	0.6640625
8.854996	0.6689453125
8.855996	0.6689453125
8.856996	0.6591796875
8.857996	0.6640625
8.858996	0.673828125
8.859996	0.7470703125
8.860996	0.8447265625
8.861996	0.888671875
8.862996	0.91796875
8.863996	0.9326171875
8.864996	0.9521484375
8.865996	0.966796875
8.866996	0.9765625
8.867996	0.9814453125
8.868996	0.986328125
8.869996	0.9912109375
8.870996	0.9912109375
8.871996	0.9912109375
8.872996	1.005859375
8.873996	1.0009765625
8.874996	1.0009765625
8.875996	1.0009765625
8.876996	1.005859375
8.877996	1.0009765625
8.878996	1.0009765625
8.879996	1.0009765625
8.880996	1.0107421875
8.881996	1.005859375
8.882996	1.005859375
8.883996	1.005859375
8.884996	1.005859375
8.886	1.015625
8.886996	1.005859375
8.888	1.0107421875
8.889	1.0107421875
8.89	1.0107421875
8.891	1.0107421875
8.892	1.0107421875
8.892996	1.005859375
8.893996	0.87890625
8.894996	0.830078125
8.895996	0.7861328125
8.896996	0.771484375
8.897996	0.7470703125
8.898996	0.732421875
8.899996	0.7275390625
8.900996	0.712890625
8.901996	0.7080078125
8.902996	0.703125
8.903996	0.693359375
8.904996	0.68359375
8.905996	0.6884765625
8.906996	0.6884765625
8.907996	0.68359375
8.908996	0.673828125
8.909996	0.673828125
8.910996	0.673828125
8.911996	0.673828125
8.912996	0.6689453125
8.913996	0.673828125
8.914996	0.6689453125
8.915996	0.6689453125
8.916996	0.6640625
8.917996	0.673828125
8.918996	0.673828125
8.919996	0.6689453125
8.920996	0.6591796875
8.921996	0.6640625
8.922996	0.673828125
8.923996	0.6591796875
8.924996	0.6689453125
8.925996	0.6640625
8.926996	0.6640625
8.927996	0.791015625
8.929	0.859375
8.929996	0.8984375
8.931	0.9228515625
8.932	0.9423828125
8.933	0.95703125
8.934	0.966796875
8.935	0.9765625
8.935996	0.9814453125
8.936996	0.9814453125
8.937996	0.9912109375
8.938996	0.9912109375
8.939996	0.99609375
8.940996	0.9912109375
8.941996	1.005859375
8.942996	0.99609375
8.943996	1.0009765625
8.944996	1.0009765625
8.945996	1.005859375
8.946996	1.005859375
8.947996	0.99609375
8.948996	1.005859375
8.949996	1.0009765625
8.950996	1.005859375
8.951996	1.005859375
8.952996	1.0009765625
8.953996	1.0009765625
8.954996	1.0107421875
8.955996	1.005859375
8.956996	1.0107421875
8.957996	1.0107421875
8.958996	1.0009765625
8.959996	0.9912109375
8.960996	0.8837890625
8.961996	0.8251953125
8.962996	0.791015625
8.963996	0.771484375
8.964996	0.751953125
8.965996	0.732421875
8.966996	0.7275390625
8.967996	0.712890625
8.968996	0.7080078125
8.969996	0.6982421875
8.971004	0.6982421875
8.971996	0.693359375
8.973	0.6884765625
8.974	0.68359375
8.975	0.68359375
8.976	0.6787109375
8.977	0.6787109375
8.977996	0.673828125
8.978996	0.6689453125
8.979996	0.6787109375
8.980996	0.6689453125
8.981996	0.673828125
8.982996	0.6689453125
8.983996	0.673828125
8.984996	0.673828125
8.985996	0.6689453125
8.986996	0.673828125
8.987996	0.6689453125
8.988996	0.6640625
8.989996	0.6689453125
8.990996	0.6640625
8.991996	0.673828125
8.992996	0.6640625
8.993996	0.6640625
8.994996	0.7763671875
8.995996	0.849609375
8.996996	0.888671875
8.997996	0.9130859375
8.998996	0.9375
8.999996	0.947265625
9.000996	0.9619140625
9.001996	0.9619140625
9.002996	0.9765625
9.003996	0.9765625
9.004996	0.9814453125
9.005996	0.9814453125
9.006996	0.986328125
9.007996	0.9912109375
9.008996	0.9912109375
9.009996	0.9912109375
9.010996	0.9912109375
9.011996	0.99609375
9.012996	0.99609375
9.014	0.99609375
9.014996	0.9912109375
9.016	1.0009765625
9.017	0.99609375
9.018	0.99609375
9.019	1.0009765625
9.02	1.0009765625
9.020996	1.005859375
9.021996	0.99609375
9.022996	0.99609375
9.023996	1.0009765625
9.024996	1.0009765625
9.025996	1.0009765625
9.026996	1.0009765625
9.027996	0.9912109375
9.028996	0.8740234375
9.029996	0.8251953125
9.030996	0.791015625
9.031996	0.76171875
9.032996	0.751953125
9.033996	0.72265625
9.034996	0.72265625
9.035996	0.712890625
9.036996	0.7080078125
9.037996	0.6982421875
9.038996	0.6884765625
9.039996	0.693359375
9.040996	0.6884765625
9.041996	0.6884765625
9.042996	0.6787109375
9.043996	0.68359375
9.044996	0.6787109375
9.045996	0.6787109375
9.046996	0.673828125
9.047996	0.6689453125
9.048996	0.673828125
9.049996	0.6689453125
9.050996	0.6689453125
9.051996	0.6689453125
9.052996	0.673828125
9.053996	0.673828125
9.054996	0.6689453125
9.055996	0.6640625
9.057	0.6640625
9.057996	0.6591796875
9.059	0.6640625
9.06	0.6640625
9.061	0.6640625
9.062	0.6982421875
9.063	0.8056640625
9.063996	0.859375
9.064996	0.8984375
9.065996	0.9228515625
9.066996	0.9375
9.067996	0.9423828125
9.068996	0.95703125
9.069996	0.966796875
9.070996	0.966796875
9.071996	0.966796875
9.072996	0.9765625
9.073996	0.9716796875
9.074996	0.9814453125
9.075996	0.9814453125
9.076996	0.986328125
9.077996	0.9814453125
9.078996	0.986328125
9.079996	0.986328125
9.080996	0.9814453125
9.081996	0.986328125
9.082996	0.986328125
9.083996	0.986328125
9.084996	0.9912109375
9.085996	0.9912109375
9.086996	0.9912109375
9.087996	0.9912109375
9.088996	0.9912109375
9.089996	0.99609375
9.090996	0.9814453125
9.091996	0.99609375
9.092996	0.9912109375
9.093996	0.986328125
9.094996	0.9912109375
9.095996	0.9228515625
9.096996	0.849609375
9.097996	0.8056640625
9.099004	0.7666015625
9.099996	0.7568359375
9.101	0.7421875
9.102	0.72265625
9.103	0.712890625
9.104	0.7080078125
9.105	0.6982421875
9.105996	0.6982421875
9.106996	0.693359375
9.107996	0.68359375
9.108996	0.693359375
9.109996	0.68359375
9.110996	0.673828125
9.111996	0.6787109375
9.112996	0.6787109375
9.113996	0.673828125
9.114996	0.6689453125
9.115996	0.6689453125
9.116996	0.673828125
9.117996	0.673828125
9.118996	0.6689453125
9.119996	0.6689453125
9.120996	0.673828125
9.121996	0.6640625
9.122996	0.6689453125
9.123996	0.6640625
9.124996	0.6689453125
9.125996	0.6689453125
9.126996	0.6591796875
9.127996	0.6640625
9.128996	0.6640625
9.129996	0.7666015625
9.130996	0.83984375
9.131996	0.8740234375
9.132996	0.8984375
9.133996	0.91796875
9.134996	0.9326171875
9.135996	0.9375
9.136996	0.9521484375
9.137996	0.95703125
9.138996	0.9521484375
9.139996	0.966796875
9.140996	0.966796875
9.142	0.966796875
9.142996	0.9765625
9.144	0.966796875
9.145	0.9716796875
9.146	0.9765625
9.147	0.9765625
9.148	0.9765625
9.148996	0.9765625
9.149996	0.9765625
9.150996	0.9716796875
9.151996	0.9716796875
9.152996	0.9765625
9.153996	0.9765625
9.154996	0.9765625
9.155996	0.9814453125
9.156996	0.986328125
9.157996	0.9765625
9.158996	0.9765625
9.159996	0.9765625
9.160996	0.986328125
9.161996	0.9814453125
9.162996	0.9814453125
9.163996	0.908203125
9.164996	0.83984375
9.165996	0.80078125
9.166996	0.7763671875
9.167996	0.7470703125
9.168996	0.7373046875
9.169996	0.72265625
9.170996	0.7177734375
9.171996	0.703125
9.172996	0.703125
9.173996	0.6884765625
9.174996	0.6884765625
9.175996	0.6884765625
9.176996	0.6884765625
9.177996	0.68359375
9.178996	0.6787109375
9.179996	0.6787109375
9.180996	0.673828125
9.181996	0.68359375
9.182996	0.673828125
9.183996	0.673828125
9.185	0.673828125
9.185996	0.6640625
9.187	0.673828125
9.188	0.6689453125
9.189	0.6640625
9.19	0.6689453125
9.191	0.6689453125
9.191996	0.6640625
9.192996	0.6689453125
9.193996	0.6640625
9.194996	0.6689453125
9.195996	0.6689453125
9.196996	0.6689453125
9.197996	0.6591796875
9.198996	0.6591796875
9.199996	0.78125
9.200996	0.8349609375
9.201996	0.869140625
9.202996	0.8984375
9.203996	0.9130859375
9.204996	0.91796875
9.205996	0.9326171875
9.206996	0.9375
9.207996	0.9375
9.208996	0.947265625
9.209996	0.9521484375
9.210996	0.9521484375
9.211996	0.9619140625
9.212996	0.95703125
9.213996	0.95703125
9.214996	0.95703125
9.215996	0.9619140625
9.216996	0.9619140625
9.217996	0.966796875
9.218996	0.966796875
9.219996	0.9619140625
9.220996	0.966796875
9.221996	0.966796875
9.222996	0.9619140625
9.223996	0.9619140625
9.224996	0.9619140625
9.225996	0.966796875
9.227004	0.966796875
9.227996	0.9716796875
9.229	0.9716796875
9.23	0.9716796875
9.231	0.9619140625
9.232	0.9619140625
9.233	0.8642578125
9.233996	0.8203125
9.234996	0.78125
9.235996	0.76171875
9.236996	0.7421875
9.237996	0.7275390625
9.238996	0.7177734375
9.239996	0.7080078125
9.240996	0.6982421875
9.241996	0.693359375
9.242996	0.693359375
9.243996	0.6884765625
9.244996	0.6884765625
9.245996	0.6787109375
9.246996	0.68359375
9.247996	0.6689453125
9.248996	0.673828125
9.249996	0.6689453125
9.250996	0.6787109375
9.251996	0.673828125
9.252996	0.6689453125
9.253996	0.6689453125
9.254996	0.6689453125
9.255996	0.6689453125
9.256996	0.6640625
9.257996	0.6640625
9.258996	0.673828125
9.259996	0.6591796875
9.260996	0.6640625
9.261996	0.6591796875
9.262996	0.6640625
9.263996	0.6689453125
9.264996	0.6689453125
9.265996	0.6689453125
9.266996	0.6640625
9.267996	0.68359375
9.268996	0.7861328125
9.27	0.8349609375
9.270996	0.869140625
9.272	0.8837890625
9.273	0.8984375
9.274	0.9130859375
9.275	0.9130859375
9.276	0.9228515625
9.276996	0.9228515625
9.277996	0.9326171875
9.278996	0.9326171875
9.279996	0.9375
9.280996	0.9375
9.281996	0.9423828125
9.282996	0.9423828125
9.283996	0.947265625
9.284996	0.9423828125
9.285996	0.9423828125
9.286996	0.9521484375
9.287996	0.947265625
9.288996	0.947265625
9.289996	0.947265625
9.290996	0.9423828125
9.291996	0.947265625
9.292996	0.947265625
9.293996	0.9521484375
9.294996	0.9521484375
9.295996	0.947265625
9.296996	0.947265625
9.297996	0.947265625
9.298996	0.947265625
9.299996	0.947265625
9.300996	0.947265625
9.301996	0.9423828125
9.302996	0.947265625
9.303996	0.9423828125
9.304996	0.888671875
9.305996	0.8251953125
9.306996	0.7861328125
9.307996	0.76171875
9.308996	0.7470703125
9.309996	0.732421875
9.310996	0.7177734375
9.311996	0.7080078125
9.313	0.703125
9.313996	0.6982421875
9.315	0.6884765625
9.316	0.693359375
9.317	0.6884765625
9.318	0.6884765625
9.319	0.68359375
9.319996	0.6787109375
9.320996	0.6787109375
9.321996	0.673828125
9.322996	0.6787109375
9.323996	0.673828125
9.324996	0.673828125
9.325996	0.6689453125
9.326996	0.6640625
9.327996	0.6689453125
9.328996	0.673828125
9.329996	0.673828125
9.330996	0.673828125
9.331996	0.6640625
9.332996	0.6591796875
9.333996	0.6689453125
9.334996	0.6640625
9.335996	0.6640625
9.336996	0.6689453125
9.337996	0.6689453125
9.338996	0.7421875
9.339996	0.8056640625
9.340996	0.8349609375
9.341996	0.859375
9.342996	0.8740234375
9.343996	0.888671875
9.344996	0.8935546875
9.345996	0.9033203125
9.346996	0.9130859375
9.347996	0.91796875
9.348996	0.91796875
9.349996	0.9228515625
9.350996	0.9228515625
9.351996	0.91796875
9.352996	0.927734375
9.353996	0.91796875
9.355004	0.927734375
9.355996	0.9228515625
9.357	0.9228515625
9.358	0.9228515625
9.359	0.9326171875
9.36	0.9228515625
9.361	0.9326171875
9.361996	0.927734375
9.362996	0.927734375
9.363996	0.9228515625
9.364996	0.927734375
9.365996	0.9326171875
9.366996	0.9228515625
9.367996	0.9228515625
9.368996	0.927734375
9.369996	0.927734375
9.370996	0.91796875
9.371996	0.9326171875
9.372996	0.859375
9.373996	0.80078125
9.374996	0.771484375
9.375996	0.751953125
9.376996	0.732421875
9.377996	0.72265625
9.378996	0.7177734375
9.379996	0.7080078125
9.380996	0.703125
9.381996	0.6884765625
9.382996	0.6884765625
9.383996	0.6884765625
9.384996	0.6787109375
9.385996	0.68359375
9.386996	0.6787109375
9.387996	0.673828125
9.388996	0.6787109375
9.389996	0.6689453125
9.390996	0.673828125
9.391996	0.6787109375
9.392996	0.6689453125
9.393996	0.6640625
9.394996	0.6689453125
9.395996	0.673828125
9.396996	0.6689453125
9.398	0.6689453125
9.398996	0.673828125
9.4	0.6689453125
9.401	0.6689453125
9.402	0.6640625
9.403	0.673828125
9.404	0.6689453125
9.404996	0.6689453125
9.405996	0.673828125
9.406996	0.6591796875
9.407996	0.76171875
9.408996	0.80078125
9.409996	0.8349609375
9.410996	0.8447265625
9.411996	0.859375
9.412996	0.8740234375
9.413996	0.869140625
9.414996	0.8837890625
9.415996	0.888671875
9.416996	0.8935546875
9.417996	0.8935546875
9.418996	0.9033203125
9.419996	0.8984375
9.420996	0.9033203125
9.421996	0.9033203125
9.422996	0.908203125
9.423996	0.9033203125
9.424996	0.908203125
9.425996	0.908203125
9.426996	0.9033203125
9.427996	0.9033203125
9.428996	0.9033203125
9.429996	0.9033203125
9.430996	0.908203125
9.431996	0.908203125
9.432996	0.9033203125
9.433996	0.908203125
9.434996	0.908203125
9.435996	0.908203125
9.436996	0.9033203125
9.437996	0.9033203125
9.438996	0.9033203125
9.439996	0.9033203125
9.441	0.908203125
9.441996	0.9033203125
9.443	0.830078125
9.444	0.791015625
9.445	0.76171875
9.446	0.7421875
9.447	0.7275390625
9.447996	0.7177734375
9.448996	0.7080078125
9.449996	0.703125
9.450996	0.6982421875
9.451996	0.6982421875
9.452996	0.68359375
9.453996	0.6884765625
9.454996	0.68359375
9.455996	0.6787109375
9.456996	0.673828125
9.457996	0.6787109375
9.458996	0.6787109375
9.459996	0.673828125
9.460996	0.673828125
9.461996	0.673828125
9.462996	0.6640625
9.463996	0.673828125
9.464996	0.673828125
9.465996	0.673828125
9.466996	0.6689453125
9.467996	0.6640625
9.468996	0.6640625
9.469996	0.6689453125
9.470996	0.6689453125
9.471996	0.6640625
9.472996	0.6689453125
9.473996	0.6640625
9.474996	0.6640625
9.475996	0.6689453125
9.476996	0.6689453125
9.477996	0.7275390625
9.478996	0.7763671875
9.479996	0.810546875
9.480996	0.8251953125
9.481996	0.83984375
9.483004	0.849609375
9.483996	0.8544921875
9.485	0.8642578125
9.486	0.8740234375
9.487	0.8740234375
9.488	0.8740234375
9.489	0.87890625
9.489996	0.8740234375
9.490996	0.8837890625
9.491996	0.888671875
9.492996	0.8837890625
9.493996	0.87890625
9.494996	0.8837890625
9.495996	0.8837890625
9.496996	0.87890625
9.497996	0.87890625
9.498996	0.87890625
9.499996	0.888671875
9.500996	0.8837890625
9.501996	0.87890625
9.502996	0.8837890625
9.503996	0.8935546875
9.504996	0.8837890625
9.505996	0.888671875
9.506996	0.8837890625
9.507996	0.8837890625
9.508996	0.8837890625
9.509996	0.888671875
9.510996	0.8349609375
9.511996	0.78125
9.512996	0.7568359375
9.513996	0.7373046875
9.514996	0.72265625
9.515996	0.7177734375
9.516996	0.7080078125
9.517996	0.6982421875
9.518996	0.693359375
9.519996	0.693359375
9.520996	0.68359375
9.521996	0.68359375
9.522996	0.6787109375
9.523996	0.68359375
9.524996	0.6787109375
9.526	0.673828125
9.526996	0.6787109375
9.528	0.6787109375
9.529	0.673828125
9.53	0.6689453125
9.531	0.673828125
9.532	0.6689453125
9.532996	0.673828125
9.533996	0.6689453125
9.534996	0.673828125
9.535996	0.673828125
9.536996	0.673828125
9.537996	0.6689453125
9.538996	0.6640625
9.539996	0.673828125
9.540996	0.6689453125
9.541996	0.673828125
9.542996	0.673828125
9.543996	0.6640625
9.544996	0.673828125
9.545996	0.7373046875
9.546996	0.7763671875
9.547996	0.80078125
9.548996	0.810546875
9.549996	0.8251953125
9.550996	0.8349609375
9.551996	0.83984375
9.552996	0.8447265625
9.553996	0.849609375
9.554996	0.8544921875
9.555996	0.859375
9.556996	0.859375
9.557996	0.8544921875
9.558996	0.8642578125
9.559996	0.869140625
9.560996	0.869140625
9.561996	0.869140625
9.562996	0.8642578125
9.563996	0.8642578125
9.564996	0.869140625
9.565996	0.869140625
9.566996	0.8642578125
9.567996	0.869140625
9.569	0.8740234375
9.569996	0.859375
9.571	0.8642578125
9.572	0.8642578125
9.573	0.8642578125
9.574	0.869140625
9.575	0.8642578125
9.575996	0.869140625
9.576996	0.869140625
9.577996	0.8740234375
9.578996	0.8447265625
9.579996	0.791015625
9.580996	0.76171875
9.581996	0.7421875
9.582996	0.72265625
9.583996	0.7177734375
9.584996	0.712890625
9.585996	0.703125
9.586996	0.703125
9.587996	0.693359375
9.588996	0.6884765625
9.589996	0.68359375
9.590996	0.68359375
9.591996	0.68359375
9.592996	0.6787109375
9.593996	0.673828125
9.594996	0.6787109375
9.595996	0.6787109375
9.596996	0.6689453125
9.597996	0.6689453125
9.598996	0.6689453125
9.599996	0.6689453125
9.600996	0.673828125
9.601996	0.673828125
9.602996	0.6640625
9.603996	0.6689453125
9.604996	0.673828125
9.605996	0.6689453125
9.606996	0.673828125
9.607996	0.673828125
9.608996	0.6689453125
9.609996	0.6640625
9.611004	0.6640625
9.611996	0.6640625
9.613	0.6640625
9.614	0.732421875
9.615	0.7666015625
9.616	0.791015625
9.617	0.810546875
9.617996	0.8154296875
9.618996	0.830078125
9.619996	0.8349609375
9.620996	0.8349609375
9.621996	0.83984375
9.622996	0.8349609375
9.623996	0.83984375
9.624996	0.8447265625
9.625996	0.8447265625
9.626996	0.849609375
9.627996	0.849609375
9.628996	0.849609375
9.629996	0.8447265625
9.630996	0.849609375
9.631996	0.8447265625
9.632996	0.849609375
9.633996	0.8544921875
9.634996	0.849609375
9.635996	0.849609375
9.636996	0.8544921875
9.637996	0.849609375
9.638996	0.849609375
9.639996	0.849609375
9.640996	0.8544921875
9.641996	0.8544921875
9.642996	0.859375
9.643996	0.8447265625
9.644996	0.8544921875
9.645996	0.849609375
9.646996	0.8544921875
9.647996	0.7958984375
9.648996	0.7568359375
9.649996	0.7421875
9.650996	0.7275390625
9.651996	0.7177734375
9.652996	0.7080078125
9.654	0.6982421875
9.654996	0.6982421875
9.656	0.6884765625
9.657	0.6884765625
9.658	0.68359375
9.659	0.693359375
9.66	0.68359375
9.660996	0.6787109375
9.661996	0.6787109375
9.662996	0.6787109375
9.663996	0.6787109375
9.664996	0.673828125
9.665996	0.6787109375
9.666996	0.6787109375
9.667996	0.673828125
9.668996	0.6689453125
9.669996	0.673828125
9.670996	0.673828125
9.671996	0.673828125
9.672996	0.673828125
9.673996	0.6689453125
9.674996	0.6689453125
9.675996	0.6689453125
9.676996	0.6689453125
9.677996	0.6689453125
9.678996	0.6640625
9.679996	0.673828125
9.680996	0.6640625
9.681996	0.6884765625
9.682996	0.7373046875
9.683996	0.76171875
9.684996	0.791015625
9.685996	0.7958984375
9.686996	0.810546875
9.687996	0.8203125
9.688996	0.8154296875
9.689996	0.8251953125
9.690996	0.8203125
9.691996	0.830078125
9.692996	0.8251953125
9.693996	0.830078125
9.694996	0.83984375
9.695996	0.8349609375
9.697	0.830078125
9.697996	0.8349609375
9.699	0.83984375
9.7	0.83984375
9.701	0.83984375
9.702	0.8349609375
9.703	0.83984375
9.703996	0.83984375
9.704996	0.8349609375
9.705996	0.83984375
9.706996	0.83984375
9.707996	0.8349609375
9.708996	0.8349609375
9.709996	0.83984375
9.710996	0.83984375
9.711996	0.8447265625
9.712996	0.83984375
9.713996	0.83984375
9.714996	0.8349609375
9.715996	0.83984375
9.716996	0.7861328125
9.717996	0.76171875
9.718996	0.7421875
9.719996	0.7275390625
9.720996	0.7177734375
9.721996	0.712890625
9.722996	0.693359375
9.723996	0.693359375
9.724996	0.693359375
9.725996	0.6884765625
9.726996	0.68359375
9.727996	0.6884765625
9.728996	0.6787109375
9.729996	0.6787109375
9.730996	0.6787109375
9.731996	0.673828125
9.732996	0.68359375
9.733996	0.673828125
9.734996	0.673828125
9.735996	0.6689453125
9.736996	0.6689453125
9.737996	0.6787109375
9.739004	0.673828125
9.739996	0.6689453125
9.741	0.6689453125
9.742	0.6689453125
9.743	0.6689453125
9.744	0.6640625
9.745	0.673828125
9.745996	0.673828125
9.746996	0.6689453125
9.747996	0.6689453125
9.748996	0.673828125
9.749996	0.673828125
9.750996	0.673828125
9.751996	0.6689453125
9.752996	0.6689453125
9.753996	0.6689453125
9.754996	0.6689453125
9.755996	0.6640625
9.756996	0.7177734375
9.757996	0.751953125
9.758996	0.771484375
9.759996	0.7861328125
9.760996	0.791015625
9.761996	0.80078125
9.762996	0.810546875
9.763996	0.8154296875
9.764996	0.810546875
9.765996	0.8203125
9.766996	0.8154296875
9.767996	0.8154296875
9.768996	0.8154296875
9.769996	0.8251953125
9.770996	0.8251953125
9.771996	0.8251953125
9.772996	0.8251953125
9.773996	0.8251953125
9.774996	0.8203125
9.775996	0.8203125
9.776996	0.830078125
9.777996	0.8251953125
9.778996	0.8203125
9.779996	0.8251953125
9.780996	0.8203125
9.782	0.8251953125
9.782996	0.830078125
9.784	0.8251953125
9.785	0.830078125
9.786	0.830078125
9.787	0.830078125
9.788	0.830078125
9.788996	0.8203125
9.789996	0.8251953125
9.790996	0.8056640625
9.791996	0.76171875
9.792996	0.732421875
9.793996	0.7275390625
9.794996	0.7177734375
9.795996	0.703125
9.796996	0.6982421875
9.797996	0.693359375
9.798996	0.693359375
9.799996	0.68359375
9.800996	0.693359375
9.801996	0.6884765625
9.802996	0.6884765625
9.803996	0.6787109375
9.804996	0.6787109375
9.805996	0.6787109375
9.806996	0.6787109375
9.807996	0.6689453125
9.808996	0.6787109375
9.809996	0.673828125
9.810996	0.673828125
9.811996	0.673828125
9.812996	0.673828125
9.813996	0.673828125
9.814996	0.673828125
9.815996	0.6640625
9.816996	0.673828125
9.817996	0.673828125
9.818996	0.6689453125
9.819996	0.6689453125
9.820996	0.6689453125
9.821996	0.6640625
9.822996	0.6787109375
9.823996	0.6640625
9.825	0.673828125
9.825996	0.673828125
9.827	0.6982421875
9.828	0.7421875
9.829	0.7568359375
9.83	0.771484375
9.831	0.78125
9.831996	0.7861328125
9.832996	0.7958984375
9.833996	0.7958984375
9.834996	0.8056640625
9.835996	0.810546875
9.836996	0.8056640625
9.837996	0.810546875
9.838996	0.810546875
9.839996	0.810546875
9.840996	0.810546875
9.841996	0.810546875
9.842996	0.8154296875
9.843996	0.810546875
9.844996	0.8203125
9.845996	0.8203125
9.846996	0.8154296875
9.847996	0.8154296875
9.848996	0.8203125
9.849996	0.8154296875
9.850996	0.8154296875
9.851996	0.8203125
9.852996	0.810546875
9.853996	0.8251953125
9.854996	0.8154296875
9.855996	0.8154296875
9.856996	0.8203125
9.857996	0.8154296875
9.858996	0.8154296875
9.859996	0.7861328125
9.860996	0.7470703125
9.861996	0.7373046875
9.862996	0.72265625
9.863996	0.712890625
9.864996	0.6982421875
9.865996	0.6982421875
9.867004	0.693359375
9.867996	0.6884765625
9.869	0.693359375
9.87	0.6884765625
9.871	0.6884765625
9.872	0.6787109375
9.873	0.6787109375
9.873996	0.68359375
9.874996	0.6787109375
9.875996	0.6787109375
9.876996	0.673828125
9.877996	0.6787109375
9.878996	0.6787109375
9.879996	0.6689453125
9.880996	0.673828125
9.881996	0.673828125
9.882996	0.673828125
9.883996	0.6689453125
9.884996	0.673828125
9.885996	0.673828125
9.886996	0.673828125
9.887996	0.6689453125
9.888996	0.673828125
9.889996	0.6689453125
9.890996	0.6689453125
9.891996	0.6689453125
9.892996	0.673828125
9.893996	0.6689453125
9.894996	0.673828125
9.895996	0.7177734375
9.896996	0.7470703125
9.897996	0.7568359375
9.898996	0.771484375
9.899996	0.7763671875
9.900996	0.7861328125
9.901996	0.7861328125
9.902996	0.7958984375
9.903996	0.7958984375
9.904996	0.80078125
9.905996	0.80078125
9.906996	0.8056640625
9.907996	0.80078125
9.908996	0.810546875
9.91	0.8056640625
9.910996	0.7958984375
9.912	0.8056640625
9.913	0.8056640625
9.914	0.8056640625
9.915	0.8056640625
9.916	0.8056640625
9.916996	0.810546875
9.917996	0.810546875
9.918996	0.810546875
9.919996	0.810546875
9.920996	0.8056640625
9.921996	0.810546875
9.922996	0.8056640625
9.923996	0.80078125
9.924996	0.8056640625
9.925996	0.8056640625
9.926996	0.810546875
9.927996	0.810546875
9.928996	0.810546875
9.929996	0.80078125
9.930996	0.771484375
9.931996	0.7373046875
9.932996	0.7275390625
9.933996	0.712890625
9.934996	0.7080078125
9.935996	0.703125
9.936996	0.6982421875
9.937996	0.693359375
9.938996	0.68359375
9.939996	0.68359375
9.940996	0.68359375
9.941996	0.6787109375
9.942996	0.6884765625
9.943996	0.68359375
9.944996	0.68359375
9.945996	0.673828125
9.946996	0.68359375
9.947996	0.673828125
9.948996	0.673828125
9.949996	0.68359375
9.950996	0.6787109375
9.951996	0.673828125
9.953	0.673828125
9.953996	0.6787109375
9.955	0.673828125
9.956	0.673828125
9.957	0.673828125
9.958	0.673828125
9.959	0.673828125
9.959996	0.6689453125
9.960996	0.673828125
9.961996	0.6689453125
9.962996	0.6689453125
9.963996	0.673828125
9.964996	0.6689453125
9.965996	0.693359375
9.966996	0.7275390625
9.967996	0.751953125
9.968996	0.76171875
9.969996	0.7666015625
9.970996	0.771484375
9.971996	0.7763671875
9.972996	0.7861328125
9.973996	0.7861328125
9.974996	0.791015625
9.975996	0.7958984375
9.976996	0.791015625
9.977996	0.7861328125
9.978996	0.7861328125
9.979996	0.791015625
9.980996	0.80078125
9.981996	0.7958984375
9.982996	0.80078125
9.983996	0.791015625
9.984996	0.8056640625
9.985996	0.791015625
9.986996	0.791015625
9.987996	0.80078125
9.988996	0.791015625
9.989996	0.80078125
9.990996	0.80078125
9.991996	0.7958984375
9.992996	0.8056640625
9.993996	0.80078125
9.995004	0.7958984375
9.995996	0.80078125
9.997	0.80078125
9.998	0.7958984375
9.999	0.8056640625
10.0	0.7568359375
10.001	0.7373046875
10.001996	0.72265625
10.002996	0.712890625
10.003996	0.7080078125
10.004996	0.6982421875
10.005996	0.6982421875
10.006996	0.6884765625
10.007996	0.693359375
10.008996	0.68359375
10.009996	0.68359375
10.010996	0.68359375
10.011996	0.6884765625
10.012996	0.6787109375
10.013996	0.6787109375
10.014996	0.6787109375
10.015996	0.673828125
10.016996	0.6787109375
10.017996	0.673828125
10.018996	0.673828125
10.019996	0.6787109375
10.020996	0.673828125
10.021996	0.6787109375
10.022996	0.673828125
10.023996	0.673828125
10.024996	0.673828125
10.025996	0.673828125
10.026996	0.6640625
10.027996	0.673828125
10.028996	0.6689453125
10.029996	0.673828125
10.030996	0.6689453125
10.031996	0.673828125
10.032996	0.673828125
10.033996	0.68359375
10.034996	0.7275390625
10.035996	0.7421875
10.036996	0.7568359375
10.038	0.76171875
10.038996	0.76171875
10.04	0.771484375
10.041	0.7763671875
10.042	0.771484375
10.043	0.7861328125
10.044	0.7763671875
10.044996	0.7861328125
10.045996	0.7861328125
10.046996	0.791015625
10.047996	0.791015625
10.048996	0.791015625
10.049996	0.791015625
10.050996	0.791015625
10.051996	0.80078125
10.052996	0.791015625
10.053996	0.7958984375
10.054996	0.80078125
10.055996	0.7958984375
10.056996	0.80078125
10.057996	0.8056640625
10.058996	0.7958984375
10.059996	0.7958984375
10.060996	0.7958984375
10.061996	0.80078125
10.062996	0.7958984375
10.063996	0.7958984375
10.064996	0.7958984375
10.065996	0.791015625
10.066996	0.7958984375
10.067996	0.771484375
10.068996	0.7373046875
10.069996	0.732421875
10.070996	0.7080078125
10.071996	0.7080078125
10.072996	0.6982421875
10.073996	0.6982421875
10.074996	0.6884765625
10.075996	0.693359375
10.076996	0.68359375
10.077996	0.68359375
10.078996	0.6787109375
10.079996	0.68359375
10.081	0.6787109375
10.081996	0.6787109375
10.083	0.6689453125
10.084	0.6787109375
10.085	0.673828125
10.086	0.6689453125
10.087	0.68359375
10.087996	0.6787109375
10.088996	0.673828125
10.089996	0.673828125
10.090996	0.6689453125
10.091996	0.673828125
10.092996	0.673828125
10.093996	0.6787109375
10.094996	0.673828125
10.095996	0.673828125
10.096996	0.6689453125
10.097996	0.6689453125
10.098996	0.6689453125
10.099996	0.673828125
10.100996	0.673828125
10.101996	0.6689453125
10.102996	0.673828125
10.103996	0.72265625
10.104996	0.7470703125
10.105996	0.7568359375
10.106996	0.7568359375
10.107996	0.7666015625
10.108996	0.771484375
10.109996	0.78125
10.110996	0.78125
10.111996	0.78125
10.112996	0.7861328125
10.113996	0.7861328125
10.114996	0.78125
10.115996	0.791015625
10.116996	0.7861328125
10.117996	0.791015625
10.118996	0.7958984375
10.119996	0.791015625
10.120996	0.791015625
10.121996	0.7861328125
10.123004	0.791015625
10.123996	0.791015625
10.125	0.7861328125
10.126	0.791015625
10.127	0.7958984375
10.128	0.7861328125
10.129	0.80078125
10.129996	0.791015625
10.130996	0.791015625
10.131996	0.791015625
10.132996	0.791015625
10.133996	0.7958984375
10.134996	0.791015625
10.135996	0.7958984375
10.136996	0.80078125
10.137996	0.7958984375
10.138996	0.7666015625
10.139996	0.7470703125
10.140996	0.7275390625
10.141996	0.712890625
10.142996	0.703125
10.143996	0.703125
10.144996	0.693359375
10.145996	0.6884765625
10.146996	0.6884765625
10.147996	0.68359375
10.148996	0.6884765625
10.149996	0.6884765625
10.150996	0.68359375
10.151996	0.6787109375
10.152996	0.6787109375
10.153996	0.6787109375
10.154996	0.6689453125
10.155996	0.6787109375
10.156996	0.6689453125
10.157996	0.673828125
10.158996	0.6787109375
10.159996	0.673828125
10.160996	0.673828125
10.161996	0.673828125
10.162996	0.6787109375
10.163996	0.6689453125
10.164996	0.673828125
10.166	0.6689453125
10.166996	0.6689453125
10.168	0.6640625
10.169	0.673828125
10.17	0.673828125
10.171	0.673828125
10.172	0.6689453125
10.172996	0.6689453125
10.173996	0.68359375
10.174996	0.7177734375
10.175996	0.7421875
10.176996	0.751953125
10.177996	0.7568359375
10.178996	0.7666015625
10.179996	0.7763671875
10.180996	0.7763671875
10.181996	0.78125
10.182996	0.78125
10.183996	0.7861328125
10.184996	0.78125
10.185996	0.78125
10.186996	0.7861328125
10.187996	0.791015625
10.188996	0.80078125
10.189996	0.791015625
10.190996	0.7861328125
10.191996	0.7861328125
10.192996	0.791015625
10.193996	0.791015625
10.194996	0.791015625
10.195996	0.791015625
10.196996	0.80078125
10.197996	0.791015625
10.198996	0.7861328125
10.199996	0.791015625
10.200996	0.7958984375
10.201996	0.80078125
10.202996	0.7958984375
10.203996	0.80078125
10.204996	0.7861328125
10.205996	0.7958984375
10.206996	0.80078125
10.207996	0.80078125
10.209	0.7666015625
10.209996	0.7421875
10.211	0.72265625
10.212	0.712890625
10.213	0.703125
10.214	0.703125
10.215	0.693359375
10.215996	0.693359375
10.216996	0.6884765625
10.217996	0.68359375
10.218996	0.6787109375
10.219996	0.68359375
10.220996	0.68359375
10.221996	0.6787109375
10.222996	0.6787109375
10.223996	0.673828125
10.224996	0.673828125
10.225996	0.673828125
10.226996	0.673828125
10.227996	0.6689453125
10.228996	0.6787109375
10.229996	0.6787109375
10.230996	0.6640625
10.231996	0.673828125
10.232996	0.673828125
10.233996	0.673828125
10.234996	0.6787109375
10.235996	0.6689453125
10.236996	0.673828125
10.237996	0.6689453125
10.238996	0.673828125
10.239996	0.6689453125
10.240996	0.6689453125
10.241996	0.6689453125
10.242996	0.6884765625
10.243996	0.72265625
10.244996	0.7421875
10.245996	0.7568359375
10.246996	0.7666015625
10.247996	0.7666015625
10.248996	0.7763671875
10.249996	0.7763671875
10.251004	0.7861328125
10.251996	0.78125
10.253	0.78125
10.254	0.791015625
10.255	0.7861328125
10.256	0.7861328125
10.257	0.791015625
10.257996	0.7861328125
10.258996	0.7958984375
10.259996	0.791015625
10.260996	0.7958984375
10.261996	0.7958984375
10.262996	0.791015625
10.263996	0.791015625
10.264996	0.7958984375
10.265996	0.791015625
10.266996	0.791015625
10.267996	0.7861328125
10.268996	0.791015625
10.269996	0.7958984375
10.270996	0.7958984375
10.271996	0.7861328125
10.272996	0.7958984375
10.273996	0.7958984375
10.274996	0.791015625
10.275996	0.80078125
10.276996	0.7861328125
10.277996	0.7470703125
10.278996	0.732421875
10.279996	0.7177734375
10.280996	0.703125
10.281996	0.703125
10.282996	0.6982421875
10.283996	0.693359375
10.284996	0.6884765625
10.285996	0.68359375
10.286996	0.6884765625
10.287996	0.68359375
10.288996	0.6787109375
10.289996	0.6787109375
10.290996	0.68359375
10.291996	0.68359375
10.292996	0.6787109375
10.294	0.673828125
10.294996	0.673828125
10.296	0.68359375
10.297	0.673828125
10.298	0.673828125
10.299	0.673828125
10.3	0.6787109375
10.300996	0.673828125
10.301996	0.6689453125
10.302996	0.673828125
10.303996	0.6787109375
10.304996	0.673828125
10.305996	0.673828125
10.306996	0.6689453125
10.307996	0.673828125
10.308996	0.6689453125
10.309996	0.6689453125
10.310996	0.6689453125
10.311996	0.6884765625
10.312996	0.72265625
10.313996	0.7421875
10.314996	0.751953125
10.315996	0.7568359375
10.316996	0.7666015625
10.317996	0.7666015625
10.318996	0.78125
10.319996	0.7763671875
10.320996	0.78125
10.321996	0.78125
10.322996	0.78125
10.323996	0.7763671875
10.324996	0.7861328125
10.325996	0.78125
10.326996	0.791015625
10.327996	0.7861328125
10.328996	0.791015625
10.329996	0.791015625
10.330996	0.7958984375
10.331996	0.791015625
10.332996	0.791015625
10.333996	0.78125
10.334996	0.7861328125
10.335996	0.7861328125
10.337	0.791015625
10.337996	0.791015625
10.339	0.791015625
10.34	0.791015625
10.341	0.791015625
10.342	0.7958984375
10.343	0.791015625
10.343996	0.791015625
10.344996	0.791015625
10.345996	0.7568359375
10.346996	0.732421875
10.347996	0.7177734375
10.348996	0.7080078125
10.349996	0.6982421875
10.350996	0.6982421875
10.351996	0.68359375
10.352996	0.693359375
10.353996	0.68359375
10.354996	0.6787109375
10.355996	0.68359375
10.356996	0.6689453125
10.357996	0.6787109375
10.358996	0.673828125
10.359996	0.6787109375
10.360996	0.6787109375
10.361996	0.673828125
10.362996	0.6689453125
10.363996	0.6689453125
10.364996	0.673828125
10.365996	0.673828125
10.366996	0.6689453125
10.367996	0.673828125
10.368996	0.6689453125
10.369996	0.6640625
10.370996	0.6689453125
10.371996	0.6689453125
10.372996	0.6689453125
10.373996	0.6640625
10.374996	0.6689453125
10.375996	0.6689453125
10.376996	0.6689453125
10.377996	0.6689453125
10.379004	0.6689453125
10.379996	0.6640625
10.381	0.6640625
10.382	0.6982421875
10.383	0.7275390625
10.384	0.7421875
10.385	0.7470703125
10.385996	0.7568359375
10.386996	0.7666015625
10.387996	0.771484375
10.388996	0.7763671875
10.389996	0.78125
10.390996	0.78125
10.391996	0.7763671875
10.392996	0.78125
10.393996	0.78125
10.394996	0.78125
10.395996	0.78125
10.396996	0.7861328125
10.397996	0.7861328125
10.398996	0.7861328125
10.399996	0.7861328125
10.400996	0.7861328125
10.401996	0.791015625
10.402996	0.791015625
10.403996	0.7861328125
10.404996	0.78125
10.405996	0.791015625
10.406996	0.791015625
10.407996	0.7861328125
10.408996	0.791015625
10.409996	0.791015625
10.410996	0.7861328125
10.411996	0.791015625
10.412996	0.7861328125
10.413996	0.7958984375
10.414996	0.7861328125
10.415996	0.7470703125
10.416996	0.732421875
10.417996	0.7080078125
10.418996	0.7080078125
10.419996	0.703125
10.420996	0.693359375
10.422	0.6884765625
10.422996	0.6787109375
10.424	0.673828125
10.425	0.68359375
10.426	0.673828125
10.427	0.6787109375
10.428	0.6689453125
10.428996	0.673828125
10.429996	0.673828125
10.430996	0.673828125
10.431996	0.673828125
10.432996	0.673828125
10.433996	0.673828125
10.434996	0.673828125
10.435996	0.6640625
10.436996	0.673828125
10.437996	0.6689453125
10.438996	0.6689453125
10.439996	0.6640625
10.440996	0.6640625
10.441996	0.6640625
10.442996	0.6689453125
10.443996	0.6689453125
10.444996	0.6640625
10.445996	0.6640625
10.446996	0.6640625
10.447996	0.6640625
10.448996	0.6640625
10.449996	0.6689453125
10.450996	0.6689453125
10.451996	0.703125
10.452996	0.7275390625
10.453996	0.7421875
10.454996	0.751953125
10.455996	0.7568359375
10.456996	0.7666015625
10.457996	0.7666015625
10.458996	0.7763671875
10.459996	0.771484375
10.460996	0.7763671875
10.461996	0.7861328125
10.462996	0.7763671875
10.463996	0.78125
10.465	0.78125
10.465996	0.7861328125
10.467	0.7763671875
10.468	0.78125
10.469	0.7861328125
10.47	0.791015625
10.471	0.791015625
10.471996	0.7958984375
10.472996	0.7861328125
10.473996	0.7958984375
10.474996	0.791015625
10.475996	0.78125
10.476996	0.791015625
10.477996	0.791015625
10.478996	0.7861328125
10.479996	0.791015625
10.480996	0.7861328125
10.481996	0.7861328125
10.482996	0.7861328125
10.483996	0.78125
10.484996	0.78125
10.485996	0.76171875
10.486996	0.732421875
10.487996	0.72265625
10.488996	0.6982421875
10.489996	0.693359375
10.490996	0.6982421875
10.491996	0.693359375
10.492996	0.68359375
10.493996	0.673828125
10.494996	0.68359375
10.495996	0.673828125
10.496996	0.6787109375
10.497996	0.673828125
10.498996	0.6787109375
10.499996	0.673828125
10.500996	0.6640625
10.501996	0.6689453125
10.502996	0.673828125
10.503996	0.6689453125
10.504996	0.6640625
10.505996	0.6591796875
10.507004	0.6689453125
10.507996	0.6591796875
10.509	0.6689453125
10.51	0.6689453125
10.511	0.6591796875
10.512	0.673828125
10.513	0.6640625
10.513996	0.6640625
10.514996	0.6591796875
10.515996	0.6640625
10.516996	0.6640625
10.517996	0.6591796875
10.518996	0.6591796875
10.519996	0.6591796875
10.520996	0.6640625
10.521996	0.6640625
10.522996	0.6640625
10.523996	0.7080078125
10.524996	0.732421875
10.525996	0.7421875
10.526996	0.7470703125
10.527996	0.76171875
10.528996	0.7666015625
10.529996	0.7763671875
10.530996	0.771484375
10.531996	0.7763671875
10.532996	0.7763671875
10.533996	0.7763671875
10.534996	0.7763671875
10.535996	0.78125
10.536996	0.78125
10.537996	0.78125
10.538996	0.7861328125
10.539996	0.7861328125
10.540996	0.78125
10.541996	0.7763671875
10.542996	0.7861328125
10.543996	0.78125
10.544996	0.7861328125
10.545996	0.78125
10.546996	0.7861328125
10.547996	0.78125
10.548996	0.7861328125
10.55	0.7861328125
10.550996	0.78125
10.552	0.7861328125
10.553	0.7861328125
10.554	0.791015625
10.555	0.78125
10.556	0.78125
10.556996	0.7861328125
10.557996	0.7421875
10.558996	0.72265625
10.559996	0.7080078125
10.560996	0.6982421875
10.561996	0.6982421875
10.562996	0.6884765625
10.563996	0.6787109375
10.564996	0.6787109375
10.565996	0.6787109375
10.566996	0.6787109375
10.567996	0.673828125
10.568996	0.673828125
10.569996	0.6787109375
10.570996	0.6689453125
10.571996	0.673828125
10.572996	0.673828125
10.573996	0.6640625
10.574996	0.6640625
10.575996	0.6689453125
10.576996	0.6640625
10.577996	0.6689453125
10.578996	0.6689453125
10.579996	0.6689453125
10.580996	0.6640625
10.581996	0.6689453125
10.582996	0.6689453125
10.583996	0.6689453125
10.584996	0.6640625
10.585996	0.6591796875
10.586996	0.6640625
10.587996	0.6591796875
10.588996	0.6689453125
10.589996	0.6640625
10.590996	0.6591796875
10.591996	0.6787109375
10.593	0.712890625
10.593996	0.732421875
10.595	0.7421875
10.596	0.751953125
10.597	0.76171875
10.598	0.7666015625
10.599	0.771484375
10.599996	0.7763671875
10.600996	0.771484375
10.601996	0.78125
10.602996	0.7763671875
10.603996	0.78125
10.604996	0.78125
10.605996	0.78125
10.606996	0.7763671875
10.607996	0.7861328125
10.608996	0.7763671875
10.609996	0.7861328125
10.610996	0.7861328125
10.611996	0.78125
10.612996	0.78125
10.613996	0.78125
10.614996	0.7861328125
10.615996	0.7861328125
10.616996	0.7861328125
10.617996	0.78125
10.618996	0.791015625
10.619996	0.791015625
10.620996	0.791015625
10.621996	0.7861328125
10.622996	0.7861328125
10.623996	0.7861328125
10.624996	0.7861328125
10.625996	0.771484375
10.626996	0.7421875
10.627996	0.72265625
10.628996	0.712890625
10.629996	0.6982421875
10.630996	0.6884765625
10.631996	0.693359375
10.632996	0.68359375
10.633996	0.6787109375
10.635004	0.6787109375
10.635996	0.673828125
10.637	0.673828125
10.638	0.673828125
10.639	0.6689453125
10.64	0.6689453125
10.641	0.6689453125
10.641996	0.6689453125
10.642996	0.6689453125
10.643996	0.6640625
10.644996	0.6689453125
10.645996	0.673828125
10.646996	0.6640625
10.647996	0.6689453125
10.648996	0.6689453125
10.649996	0.6689453125
10.650996	0.6689453125
10.651996	0.6591796875
10.652996	0.6640625
10.653996	0.6689453125
10.654996	0.6689453125
10.655996	0.6689453125
10.656996	0.6689453125
10.657996	0.6640625
10.658996	0.6689453125
10.659996	0.703125
10.660996	0.72265625
10.661996	0.7421875
10.662996	0.751953125
10.663996	0.7568359375
10.664996	0.7568359375
10.665996	0.771484375
10.666996	0.7763671875
10.667996	0.7666015625
10.668996	0.78125
10.669996	0.78125
10.670996	0.7763671875
10.671996	0.78125
10.672996	0.78125
10.673996	0.791015625
10.674996	0.78125
10.675996	0.7861328125
10.676996	0.791015625
10.678	0.791015625
10.678996	0.791015625
10.68	0.791015625
10.681	0.7861328125
10.682	0.791015625
10.683	0.791015625
10.684	0.791015625
10.684996	0.7861328125
10.685996	0.7861328125
10.686996	0.791015625
10.687996	0.7861328125
10.688996	0.791015625
10.689996	0.791015625
10.690996	0.7861328125
10.691996	0.7861328125
10.692996	0.7470703125
10.693996	0.7275390625
10.694996	0.7177734375
10.695996	0.7080078125
10.696996	0.6982421875
10.697996	0.6982421875
10.698996	0.6884765625
10.699996	0.6787109375
10.700996	0.68359375
10.701996	0.6787109375
10.702996	0.6787109375
10.703996	0.673828125
10.704996	0.673828125
10.705996	0.6689453125
10.706996	0.673828125
10.707996	0.6640625
10.708996	0.673828125
10.709996	0.6689453125
10.710996	0.673828125
10.711996	0.6689453125
10.712996	0.6689453125
10.713996	0.6689453125
10.714996	0.6689453125
10.715996	0.6689453125
10.716996	0.673828125
10.717996	0.6689453125
10.718996	0.673828125
10.719996	0.6689453125
10.721	0.6689453125
10.721996	0.6689453125
10.723	0.6689453125
10.724	0.673828125
10.725	0.6640625
10.726	0.6591796875
10.727	0.6787109375
10.727996	0.72265625
10.728996	0.7373046875
10.729996	0.7470703125
10.730996	0.7568359375
10.731996	0.7666015625
10.732996	0.771484375
10.733996	0.771484375
10.734996	0.7763671875
10.735996	0.78125
10.736996	0.78125
10.737996	0.791015625
10.738996	0.791015625
10.739996	0.78125
10.740996	0.7861328125
10.741996	0.78125
10.742996	0.78125
10.743996	0.78125
10.744996	0.7861328125
10.745996	0.7958984375
10.746996	0.7861328125
10.747996	0.791015625
10.748996	0.7958984375
10.749996	0.791015625
10.750996	0.791015625
10.751996	0.7861328125
10.752996	0.7861328125
10.753996	0.791015625
10.754996	0.791015625
10.755996	0.791015625
10.756996	0.791015625
10.757996	0.791015625
10.758996	0.791015625
10.759996	0.791015625
10.760996	0.7568359375
10.761996	0.7373046875
10.763004	0.712890625
10.763996	0.703125
10.765	0.6982421875
10.766	0.693359375
10.767	0.6884765625
10.768	0.693359375
10.769	0.68359375
10.769996	0.68359375
10.770996	0.6787109375
10.771996	0.6787109375
10.772996	0.673828125
10.773996	0.6787109375
10.774996	0.673828125
10.775996	0.6689453125
10.776996	0.6689453125
10.777996	0.673828125
10.778996	0.673828125
10.779996	0.673828125
10.780996	0.673828125
10.781996	0.6689453125
10.782996	0.6689453125
10.783996	0.6640625
10.784996	0.6689453125
10.785996	0.6689453125
10.786996	0.6689453125
10.787996	0.673828125
10.788996	0.6591796875
10.789996	0.6640625
10.790996	0.6640625
10.791996	0.6640625
10.792996	0.6689453125
10.793996	0.6640625
10.794996	0.6689453125
10.795996	0.6640625
10.796996	0.712890625
10.797996	0.7373046875
10.798996	0.7470703125
10.799996	0.7568359375
10.800996	0.7666015625
10.801996	0.771484375
10.802996	0.7763671875
10.803996	0.7763671875
10.804996	0.78125
10.806	0.7861328125
10.806996	0.78125
10.808	0.7861328125
10.809	0.791015625
10.81	0.7861328125
10.811	0.7861328125
10.812	0.791015625
10.812996	0.791015625
10.813996	0.7861328125
10.814996	0.791015625
10.815996	0.80078125
10.816996	0.7861328125
10.817996	0.7861328125
10.818996	0.791015625
10.819996	0.791015625
10.820996	0.7958984375
10.821996	0.80078125
10.822996	0.7958984375
10.823996	0.7861328125
10.824996	0.7958984375
10.825996	0.7958984375
10.826996	0.7958984375
10.827996	0.7958984375
10.828996	0.80078125
10.829996	0.7666015625
10.830996	0.7373046875
10.831996	0.72265625
10.832996	0.712890625
10.833996	0.703125
10.834996	0.6982421875
10.835996	0.6884765625
10.836996	0.693359375
10.837996	0.6884765625
10.838996	0.6787109375
10.839996	0.68359375
10.840996	0.6787109375
10.841996	0.673828125
10.842996	0.673828125
10.843996	0.6787109375
10.844996	0.6689453125
10.845996	0.6787109375
10.846996	0.673828125
10.847996	0.6689453125
10.849	0.6689453125
10.849996	0.673828125
10.851	0.673828125
10.852	0.6689453125
10.853	0.6689453125
10.854	0.6689453125
10.855	0.673828125
10.855996	0.6640625
10.856996	0.6689453125
10.857996	0.6689453125
10.858996	0.6689453125
10.859996	0.673828125
10.860996	0.6640625
10.861996	0.6689453125
10.862996	0.6689453125
10.863996	0.68359375
10.864996	0.72265625
10.865996	0.7373046875
10.866996	0.7568359375
10.867996	0.7666015625
10.868996	0.771484375
10.869996	0.7763671875
10.870996	0.78125
10.871996	0.791015625
10.872996	0.7861328125
10.873996	0.791015625
10.874996	0.7861328125
10.875996	0.791015625
10.876996	0.80078125
10.877996	0.7958984375
10.878996	0.80078125
10.879996	0.7958984375
10.880996	0.80078125
10.881996	0.791015625
10.882996	0.7958984375
10.883996	0.80078125
10.884996	0.791015625
10.885996	0.80078125
10.886996	0.8056640625
10.887996	0.80078125
10.888996	0.80078125
10.889996	0.80078125
10.891004	0.8056640625
10.891996	0.8056640625
10.893	0.80078125
10.894	0.810546875
10.895	0.810546875
10.896	0.80078125
10.897	0.80078125
10.897996	0.76171875
10.898996	0.7373046875
10.899996	0.7177734375
10.900996	0.712890625
10.901996	0.7080078125
10.902996	0.6982421875
10.903996	0.693359375
10.904996	0.6982421875
10.905996	0.6884765625
10.906996	0.68359375
10.907996	0.68359375
10.908996	0.68359375
10.909996	0.6787109375
10.910996	0.6787109375
10.911996	0.6787109375
10.912996	0.673828125
10.913996	0.6689453125
10.914996	0.6689453125
10.915996	0.6689453125
10.916996	0.6689453125
10.917996	0.673828125
10.918996	0.673828125
10.919996	0.673828125
10.920996	0.6787109375
10.921996	0.6689453125
10.922996	0.6640625
10.923996	0.6640625
10.924996	0.6689453125
10.925996	0.6689453125
10.926996	0.6640625
10.927996	0.673828125
10.928996	0.6689453125
10.929996	0.6689453125
10.930996	0.6689453125
10.931996	0.6640625
10.932996	0.712890625
10.934	0.7373046875
10.934996	0.751953125
10.936	0.771484375
10.937	0.771484375
10.938	0.78125
10.939	0.78125
10.94	0.7958984375
10.940996	0.7861328125
10.941996	0.7958984375
10.942996	0.791015625
10.943996	0.7958984375
10.944996	0.80078125
10.945996	0.7958984375
10.946996	0.8056640625
10.947996	0.80078125
10.948996	0.8056640625
10.949996	0.8154296875
10.950996	0.80078125
10.951996	0.810546875
10.952996	0.8056640625
10.953996	0.8056640625
10.954996	0.810546875
10.955996	0.8056640625
10.956996	0.8154296875
10.957996	0.8154296875
10.958996	0.810546875
10.959996	0.810546875
10.960996	0.8056640625
10.961996	0.810546875
10.962996	0.8154296875
10.963996	0.810546875
10.964996	0.8154296875
10.965996	0.8056640625
10.966996	0.78125
10.967996	0.751953125
10.968996	0.732421875
10.969996	0.7177734375
10.970996	0.712890625
10.971996	0.703125
10.972996	0.693359375
10.973996	0.6982421875
10.974996	0.6884765625
10.975996	0.6884765625
10.977	0.6884765625
10.977996	0.68359375
10.979	0.68359375
10.98	0.68359375
10.981	0.673828125
10.982	0.673828125
10.983	0.6787109375
10.983996	0.673828125
10.984996	0.673828125
10.985996	0.6689453125
10.986996	0.6787109375
10.987996	0.673828125
10.988996	0.6689453125
10.989996	0.673828125
10.990996	0.673828125
10.991996	0.673828125
10.992996	0.6787109375
10.993996	0.673828125
10.994996	0.6689453125
10.995996	0.6640625
10.996996	0.6689453125
10.997996	0.6689453125
10.998996	0.6689453125
10.999996	0.6689453125
11.000996	0.673828125
11.001996	0.7177734375
11.002996	0.7470703125
11.003996	0.76171875
11.004996	0.78125
11.005996	0.7763671875
11.006996	0.7861328125
11.007996	0.7958984375
11.008996	0.791015625
11.009996	0.8056640625
11.010996	0.80078125
11.011996	0.8056640625
11.012996	0.810546875
11.013996	0.8056640625
11.014996	0.810546875
11.015996	0.8056640625
11.016996	0.8154296875
11.017996	0.810546875
11.019004	0.8154296875
11.019996	0.810546875
11.021	0.8203125
11.022	0.8154296875
11.023	0.8154296875
11.024	0.8154296875
11.025	0.8203125
11.025996	0.8154296875
11.026996	0.830078125
11.027996	0.8154296875
11.028996	0.8154296875
11.029996	0.8154296875
11.030996	0.8251953125
11.031996	0.8251953125
11.032996	0.8154296875
11.033996	0.8251953125
11.034996	0.8203125
11.035996	0.771484375
11.036996	0.751953125
11.037996	0.7275390625
11.038996	0.72265625
11.039996	0.703125
11.040996	0.703125
11.041996	0.693359375
11.042996	0.6884765625
11.043996	0.6884765625
11.044996	0.6982421875
11.045996	0.6884765625
11.046996	0.68359375
11.047996	0.673828125
11.048996	0.6787109375
11.049996	0.68359375
11.050996	0.673828125
11.051996	0.6787109375
11.052996	0.673828125
11.053996	0.673828125
11.054996	0.673828125
11.055996	0.6689453125
11.056996	0.673828125
11.057996	0.673828125
11.058996	0.673828125
11.059996	0.673828125
11.060996	0.673828125
11.062	0.673828125
11.062996	0.6640625
11.064	0.6689453125
11.065	0.673828125
11.066	0.6689453125
11.067	0.673828125
11.068	0.6689453125
11.068996	0.6689453125
11.069996	0.673828125
11.070996	0.673828125
11.071996	0.6689453125
11.072996	0.6689453125
11.073996	0.6591796875
11.074996	0.673828125
11.075996	0.72265625
11.076996	0.7568359375
11.077996	0.771484375
11.078996	0.7861328125
11.079996	0.7958984375
11.080996	0.791015625
11.081996	0.80078125
11.082996	0.810546875
11.083996	0.810546875
11.084996	0.8154296875
11.085996	0.8154296875
11.086996	0.8203125
11.087996	0.8203125
11.088996	0.8251953125
11.089996	0.8251953125
11.090996	0.8251953125
11.091996	0.830078125
11.092996	0.8203125
11.093996	0.8251953125
11.094996	0.830078125
11.095996	0.8251953125
11.096996	0.830078125
11.097996	0.8251953125
11.098996	0.8251953125
11.099996	0.8349609375
11.100996	0.8349609375
11.101996	0.8349609375
11.102996	0.830078125
11.103996	0.8349609375
11.105	0.8349609375
11.105996	0.8349609375
11.107	0.8349609375
11.108	0.8251953125
11.109	0.830078125
11.11	0.7958984375
11.111	0.76171875
11.111996	0.7421875
11.112996	0.72265625
11.113996	0.712890625
11.114996	0.7177734375
11.115996	0.6982421875
11.116996	0.6982421875
11.117996	0.6884765625
11.118996	0.6884765625
11.119996	0.6787109375
11.120996	0.6884765625
11.121996	0.68359375
11.122996	0.68359375
11.123996	0.673828125
11.124996	0.6787109375
11.125996	0.673828125
11.126996	0.673828125
11.127996	0.6689453125
11.128996	0.6787109375
11.129996	0.68359375
11.130996	0.6787109375
11.131996	0.6689453125
11.132996	0.6689453125
11.133996	0.673828125
11.134996	0.6640625
11.135996	0.673828125
11.136996	0.6640625
11.137996	0.6689453125
11.138996	0.6689453125
11.139996	0.6640625
11.140996	0.6640625
11.141996	0.6689453125
11.142996	0.6640625
11.143996	0.6640625
11.144996	0.732421875
11.145996	0.76171875
11.147004	0.7763671875
11.147996	0.80078125
11.149	0.8056640625
11.15	0.8154296875
11.151	0.8203125
11.152	0.8251953125
11.153	0.8251953125
11.153996	0.8349609375
11.154996	0.8349609375
11.155996	0.8251953125
11.156996	0.8349609375
11.157996	0.83984375
11.158996	0.83984375
11.159996	0.83984375
11.160996	0.8349609375
11.161996	0.8447265625
11.162996	0.83984375
11.163996	0.8447265625
11.164996	0.8447265625
11.165996	0.8447265625
11.166996	0.8447265625
11.167996	0.83984375
11.168996	0.83984375
11.169996	0.8447265625
11.170996	0.8447265625
11.171996	0.8447265625
11.172996	0.8447265625
11.173996	0.8447265625
11.174996	0.8544921875
11.175996	0.8447265625
11.176996	0.8447265625
11.177996	0.849609375
11.178996	0.791015625
11.179996	0.7568359375
11.180996	0.7373046875
11.181996	0.7275390625
11.182996	0.712890625
11.183996	0.7080078125
11.184996	0.703125
11.185996	0.6982421875
11.186996	0.693359375
11.187996	0.6884765625
11.188996	0.68359375
11.19	0.68359375
11.190996	0.68359375
11.192	0.68359375
11.193	0.6787109375
11.194	0.6689453125
11.195	0.6787109375
11.196	0.6689453125
11.196996	0.673828125
11.197996	0.673828125
11.198996	0.6689453125
11.199996	0.6787109375
11.200996	0.6787109375
11.201996	0.673828125
11.202996	0.6640625
11.203996	0.6787109375
11.204996	0.673828125
11.205996	0.6689453125
11.206996	0.673828125
11.207996	0.6689453125
11.208996	0.673828125
11.209996	0.6640625
11.210996	0.6689453125
11.211996	0.6689453125
11.212996	0.6689453125
11.213996	0.7177734375
11.214996	0.76171875
11.215996	0.78125
11.216996	0.7958984375
11.217996	0.810546875
11.218996	0.8203125
11.219996	0.830078125
11.220996	0.8251953125
11.221996	0.8349609375
11.222996	0.83984375
11.223996	0.8349609375
11.224996	0.849609375
11.225996	0.8447265625
11.226996	0.8447265625
11.227996	0.8544921875
11.228996	0.849609375
11.229996	0.849609375
11.230996	0.8447265625
11.231996	0.8544921875
11.233	0.849609375
11.233996	0.8544921875
11.235	0.859375
11.236	0.849609375
11.237	0.8544921875
11.238	0.8544921875
11.239	0.859375
11.239996	0.8544921875
11.240996	0.859375
11.241996	0.8544921875
11.242996	0.8642578125
11.243996	0.859375
11.244996	0.8642578125
11.245996	0.8544921875
11.246996	0.791015625
11.247996	0.7568359375
11.248996	0.7373046875
11.249996	0.72265625
11.250996	0.7080078125
11.251996	0.703125
11.252996	0.6982421875
11.253996	0.693359375
11.254996	0.6982421875
11.255996	0.693359375
11.256996	0.6884765625
11.257996	0.6884765625
11.258996	0.68359375
11.259996	0.68359375
11.260996	0.6787109375
11.261996	0.673828125
11.262996	0.673828125
11.263996	0.6787109375
11.264996	0.6689453125
11.265996	0.673828125
11.266996	0.6689453125
11.267996	0.673828125
11.268996	0.6640625
11.269996	0.673828125
11.270996	0.673828125
11.271996	0.6689453125
11.272996	0.6689453125
11.273996	0.673828125
11.275004	0.6689453125
11.275996	0.673828125
11.277	0.6640625
11.278	0.673828125
11.279	0.673828125
11.28	0.703125
11.281	0.7568359375
11.281996	0.791015625
11.282996	0.8056640625
11.283996	0.8203125
11.284996	0.8251953125
11.285996	0.8447265625
11.286996	0.8447265625
11.287996	0.8447265625
11.288996	0.849609375
11.289996	0.8642578125
11.290996	0.859375
11.291996	0.859375
11.292996	0.859375
11.293996	0.8642578125
11.294996	0.869140625
11.295996	0.8740234375
11.296996	0.87890625
11.297996	0.869140625
11.298996	0.8740234375
11.299996	0.869140625
11.300996	0.869140625
11.301996	0.8740234375
11.302996	0.8740234375
11.303996	0.8740234375
11.304996	0.87890625
11.305996	0.8740234375
11.306996	0.8740234375
11.307996	0.8837890625
11.308996	0.87890625
11.309996	0.87890625
11.310996	0.87890625
11.311996	0.87890625
11.312996	0.8056640625
11.313996	0.7763671875
11.314996	0.751953125
11.315996	0.7373046875
11.316996	0.7177734375
11.318	0.7177734375
11.318996	0.7080078125
11.32	0.703125
11.321	0.693359375
11.322	0.693359375
11.323	0.693359375
11.324	0.6884765625
11.324996	0.6787109375
11.325996	0.673828125
11.326996	0.68359375
11.327996	0.673828125
11.328996	0.6787109375
11.329996	0.673828125
11.330996	0.6787109375
11.331996	0.673828125
11.332996	0.673828125
11.333996	0.673828125
11.334996	0.6689453125
11.335996	0.673828125
11.336996	0.6689453125
11.337996	0.673828125
11.338996	0.673828125
11.339996	0.6689453125
11.340996	0.6689453125
11.341996	0.6787109375
11.342996	0.6689453125
11.343996	0.673828125
11.344996	0.6689453125
11.345996	0.6689453125
11.346996	0.6640625
11.347996	0.7470703125
11.348996	0.791015625
11.349996	0.8154296875
11.350996	0.830078125
11.351996	0.83984375
11.352996	0.8544921875
11.353996	0.859375
11.354996	0.8642578125
11.355996	0.8740234375
11.356996	0.8740234375
11.357996	0.87890625
11.358996	0.87890625
11.359996	0.8837890625
11.361	0.8740234375
11.361996	0.888671875
11.363	0.888671875
11.364	0.888671875
11.365	0.8935546875
11.366	0.888671875
11.367	0.8935546875
11.367996	0.8984375
11.368996	0.888671875
11.369996	0.8935546875
11.370996	0.8984375
11.371996	0.8984375
11.372996	0.8935546875
11.373996	0.8984375
11.374996	0.8935546875
11.375996	0.8935546875
11.376996	0.9033203125
11.377996	0.8984375
11.378996	0.8984375
11.379996	0.8984375
11.380996	0.8251953125
11.381996	0.7861328125
11.382996	0.76171875
11.383996	0.7373046875
11.384996	0.7275390625
11.385996	0.7177734375
11.386996	0.703125
11.387996	0.703125
11.388996	0.693359375
11.389996	0.6982421875
11.390996	0.6884765625
11.391996	0.6787109375
11.392996	0.68359375
11.393996	0.6884765625
11.394996	0.6787109375
11.395996	0.673828125
11.396996	0.673828125
11.397996	0.6787109375
11.398996	0.673828125
11.399996	0.68359375
11.400996	0.6689453125
11.401996	0.673828125
11.403004	0.6689453125
11.403996	0.673828125
11.405	0.673828125
11.406	0.673828125
11.407	0.6689453125
11.408	0.6640625
11.409	0.6689453125
11.409996	0.6689453125
11.410996	0.673828125
11.411996	0.673828125
11.412996	0.6689453125
11.413996	0.6689453125
11.414996	0.6689453125
11.415996	0.673828125
11.416996	0.76171875
11.417996	0.810546875
11.418996	0.8349609375
11.419996	0.849609375
11.420996	0.869140625
11.421996	0.869140625
11.422996	0.87890625
11.423996	0.8935546875
11.424996	0.8935546875
11.425996	0.8984375
11.426996	0.8984375
11.427996	0.9033203125
11.428996	0.9033203125
11.429996	0.908203125
11.430996	0.9033203125
11.431996	0.9033203125
11.432996	0.908203125
11.433996	0.9130859375
11.434996	0.9130859375
11.435996	0.9130859375
11.436996	0.9130859375
11.437996	0.91796875
11.438996	0.9130859375
11.439996	0.9130859375
11.440996	0.91796875
11.441996	0.91796875
11.442996	0.9130859375
11.443996	0.91796875
11.444996	0.9130859375
11.446	0.91796875
11.446996	0.91796875
11.448	0.9228515625
11.449	0.927734375
11.45	0.8447265625
11.451	0.791015625
11.452	0.771484375
11.452996	0.7470703125
11.453996	0.732421875
11.454996	0.72265625
11.455996	0.7177734375
11.456996	0.7080078125
11.457996	0.6982421875
11.458996	0.703125
11.459996	0.6982421875
11.460996	0.68359375
11.461996	0.68359375
11.462996	0.673828125
11.463996	0.6787109375
11.464996	0.673828125
11.465996	0.6787109375
11.466996	0.673828125
11.467996	0.6689453125
11.468996	0.6689453125
11.469996	0.673828125
11.470996	0.673828125
11.471996	0.6689453125
11.472996	0.6689453125
11.473996	0.6640625
11.474996	0.6640625
11.475996	0.6640625
11.476996	0.6689453125
11.477996	0.6689453125
11.478996	0.6640625
11.479996	0.6640625
11.480996	0.6640625
11.481996	0.6640625
11.482996	0.6640625
11.483996	0.6884765625
11.484996	0.78125
11.485996	0.8203125
11.486996	0.8544921875
11.487996	0.869140625
11.489	0.8837890625
11.489996	0.8935546875
11.491	0.8984375
11.492	0.8984375
11.493	0.908203125
11.494	0.908203125
11.495	0.9130859375
11.495996	0.927734375
11.496996	0.9228515625
11.497996	0.927734375
11.498996	0.9228515625
11.499996	0.9326171875
11.500996	0.927734375
11.501996	0.9326171875
11.502996	0.927734375
11.503996	0.9326171875
11.504996	0.9375
11.505996	0.9375
11.506996	0.9423828125
11.507996	0.9326171875
11.508996	0.9375
11.509996	0.9326171875
11.510996	0.947265625
11.511996	0.9375
11.512996	0.9423828125
11.513996	0.9375
11.514996	0.9375
11.515996	0.9326171875
11.516996	0.9375
11.517996	0.9423828125
11.518996	0.9375
11.519996	0.947265625
11.520996	0.849609375
11.521996	0.80078125
11.522996	0.771484375
11.523996	0.751953125
11.524996	0.732421875
11.525996	0.72265625
11.526996	0.712890625
11.527996	0.7080078125
11.528996	0.6982421875
11.529996	0.6982421875
11.531004	0.6884765625
11.531996	0.6787109375
11.533	0.68359375
11.534	0.6787109375
11.535	0.673828125
11.536	0.6787109375
11.537	0.6787109375
11.537996	0.673828125
11.538996	0.673828125
11.539996	0.6689453125
11.540996	0.673828125
11.541996	0.6640625
11.542996	0.6689453125
11.543996	0.6640625
11.544996	0.6689453125
11.545996	0.6640625
11.546996	0.6640625
11.547996	0.6640625
11.548996	0.6689453125
11.549996	0.6640625
11.550996	0.6591796875
11.551996	0.6640625
11.552996	0.6689453125
11.553996	0.6640625
11.554996	0.6640625
11.555996	0.654296875
11.556996	0.732421875
11.557996	0.80078125
11.558996	0.8447265625
11.559996	0.869140625
11.560996	0.8837890625
11.561996	0.908203125
11.562996	0.908203125
11.563996	0.9228515625
11.564996	0.9228515625
11.565996	0.927734375
11.566996	0.9326171875
11.567996	0.9423828125
11.568996	0.9423828125
11.569996	0.9423828125
11.570996	0.9521484375
11.571996	0.9521484375
11.572996	0.9521484375
11.574	0.9521484375
11.574996	0.9521484375
11.576	0.9521484375
11.577	0.9521484375
11.578	0.9521484375
11.579	0.95703125
11.58	0.95703125
11.580996	0.9619140625
11.581996	0.9619140625
11.582996	0.947265625
11.583996	0.95703125
11.584996	0.966796875
11.585996	0.9619140625
11.586996	0.9619140625
11.587996	0.9619140625
11.588996	0.9619140625
11.589996	0.966796875
11.590996	0.8740234375
11.591996	0.8154296875
11.592996	0.78125
11.593996	0.7568359375
11.594996	0.7421875
11.595996	0.7373046875
11.596996	0.7177734375
11.597996	0.703125
11.598996	0.6982421875
11.599996	0.703125
11.600996	0.6884765625
11.601996	0.693359375
11.602996	0.6884765625
11.603996	0.68359375
11.604996	0.6787109375
11.605996	0.673828125
11.606996	0.673828125
11.607996	0.673828125
11.608996	0.6689453125
11.609996	0.673828125
11.610996	0.6640625
11.611996	0.6640625
11.612996	0.6640625
11.613996	0.6689453125
11.614996	0.6640625
11.615996	0.6640625
11.617	0.6640625
11.617996	0.6689453125
11.619	0.6640625
11.62	0.6689453125
11.621	0.6591796875
11.622	0.6591796875
11.623	0.6640625
11.623996	0.6591796875
11.624996	0.6591796875
11.625996	0.72265625
11.626996	0.810546875
11.627996	0.8544921875
11.628996	0.87890625
11.629996	0.8984375
11.630996	0.91796875
11.631996	0.927734375
11.632996	0.9423828125
11.633996	0.947265625
11.634996	0.95703125
11.635996	0.9619140625
11.636996	0.9619140625
11.637996	0.9716796875
11.638996	0.9765625
11.639996	0.966796875
11.640996	0.966796875
11.641996	0.9765625
11.642996	0.966796875
11.643996	0.9716796875
11.644996	0.9814453125
11.645996	0.9716796875
11.646996	0.9765625
11.647996	0.9814453125
11.648996	0.9765625
11.649996	0.986328125
11.650996	0.986328125
11.651996	0.9765625
11.652996	0.986328125
11.653996	0.986328125
11.654996	0.986328125
11.655996	0.986328125
11.656996	0.9912109375
11.657996	0.986328125
11.659004	0.99609375
11.659996	0.986328125
11.661	0.8935546875
11.662	0.8349609375
11.663	0.7958984375
11.664	0.7763671875
11.665	0.751953125
11.665996	0.7421875
11.666996	0.72265625
11.667996	0.72265625
11.668996	0.703125
11.669996	0.6982421875
11.670996	0.6884765625
11.671996	0.693359375
11.672996	0.6884765625
11.673996	0.6787109375
11.674996	0.6787109375
11.675996	0.6689453125
11.676996	0.6689453125
11.677996	0.6787109375
11.678996	0.6787109375
11.679996	0.673828125
11.680996	0.6689453125
11.681996	0.6591796875
11.682996	0.6689453125
11.683996	0.6640625
11.684996	0.6640625
11.685996	0.6640625
11.686996	0.6591796875
11.687996	0.6640625
11.688996	0.6640625
11.689996	0.6591796875
11.690996	0.6591796875
11.691996	0.654296875
11.692996	0.654296875
11.693996	0.6591796875
11.694996	0.6640625
11.695996	0.654296875
11.696996	0.751953125
11.697996	0.83984375
11.698996	0.8837890625
11.699996	0.908203125
11.700996	0.9326171875
11.702	0.947265625
11.702996	0.95703125
11.704	0.966796875
11.705	0.9716796875
11.706	0.986328125
11.707	0.986328125
11.708	0.9912109375
11.708996	0.9912109375
11.709996	0.9912109375
11.710996	1.0009765625
11.711996	1.0009765625
11.712996	1.005859375
11.713996	1.0009765625
11.714996	1.005859375
11.715996	1.0107421875
11.716996	1.005859375
11.717996	1.0009765625
11.718996	1.005859375
11.719996	1.0107421875
11.720996	1.0107421875
11.721996	1.0107421875
11.722996	1.005859375
11.723996	1.0107421875
11.724996	1.005859375
11.725996	1.015625
11.726996	1.015625
11.727996	1.0107421875
11.728996	1.015625
11.729996	0.91796875
11.730996	0.849609375
11.731996	0.80078125
11.732996	0.7666015625
11.733996	0.751953125
11.734996	0.732421875
11.735996	0.72265625
11.736996	0.712890625
11.737996	0.703125
11.738996	0.6982421875
11.739996	0.693359375
11.740996	0.6884765625
11.741996	0.68359375
11.742996	0.68359375
11.743996	0.6787109375
11.745	0.673828125
11.745996	0.6640625
11.747	0.6689453125
11.748	0.6689453125
11.749	0.6640625
11.75	0.6640625
11.751	0.6591796875
11.751996	0.6591796875
11.752996	0.6591796875
11.753996	0.654296875
11.754996	0.6591796875
11.755996	0.654296875
11.756996	0.6591796875
11.757996	0.6591796875
11.758996	0.6640625
11.759996	0.6591796875
11.760996	0.6640625
11.761996	0.6494140625
11.762996	0.6640625
11.763996	0.791015625
11.764996	0.859375
11.765996	0.9033203125
11.766996	0.9375
11.767996	0.966796875
11.768996	0.9765625
11.769996	0.986328125
11.770996	0.9912109375
11.771996	1.0009765625
11.772996	0.99609375
11.773996	1.005859375
11.774996	1.0107421875
11.775996	1.0205078125
11.776996	1.015625
11.777996	1.025390625
11.778996	1.025390625
11.779996	1.025390625
11.780996	1.025390625
11.781996	1.025390625
11.782996	1.0205078125
11.783996	1.0302734375
11.784996	1.025390625
11.785996	1.025390625
11.787004	1.025390625
11.787996	1.0400390625
11.789	1.0302734375
11.79	1.03515625
11.791	1.03515625
11.792	1.0400390625
11.793	1.03515625
11.793996	1.0302734375
11.794996	1.044921875
11.795996	1.03515625
11.796996	1.0400390625
11.797996	1.0107421875
11.798996	0.8935546875
11.799996	0.8349609375
11.800996	0.80078125
11.801996	0.771484375
11.802996	0.7470703125
11.803996	0.732421875
11.804996	0.7177734375
11.805996	0.7177734375
11.806996	0.703125
11.807996	0.693359375
11.808996	0.693359375
11.809996	0.6787109375
11.810996	0.6787109375
11.811996	0.673828125
11.812996	0.6689453125
11.813996	0.673828125
11.814996	0.6640625
11.815996	0.6640625
11.816996	0.6689453125
11.817996	0.6640625
11.818996	0.6591796875
11.819996	0.6591796875
11.820996	0.6591796875
11.821996	0.6591796875
11.822996	0.654296875
11.823996	0.6640625
11.824996	0.6591796875
11.825996	0.6494140625
11.826996	0.6494140625
11.827996	0.64453125
11.828996	0.6494140625
11.83	0.654296875
11.830996	0.654296875
11.832	0.654296875
11.833	0.8056640625
11.834	0.87890625
11.835	0.927734375
11.836	0.95703125
11.836996	0.9814453125
11.837996	0.9912109375
11.838996	1.0009765625
11.839996	1.0107421875
11.840996	1.015625
11.841996	1.0302734375
11.842996	1.025390625
11.843996	1.025390625
11.844996	1.0302734375
11.845996	1.0400390625
11.846996	1.03515625
11.847996	1.0400390625
11.848996	1.0498046875
11.849996	1.044921875
11.850996	1.0400390625
11.851996	1.044921875
11.852996	1.044921875
11.853996	1.0498046875
11.854996	1.0546875
11.855996	1.0498046875
11.856996	1.044921875
11.857996	1.0498046875
11.858996	1.0498046875
11.859996	1.0546875
11.860996	1.0498046875
11.861996	1.0546875
11.862996	1.0595703125
11.863996	1.0595703125
11.864996	1.0546875
11.865996	1.0546875
11.866996	1.0595703125
11.867996	0.9375
11.868996	0.8642578125
11.869996	0.8154296875
11.870996	0.7763671875
11.871996	0.7568359375
11.873	0.7421875
11.873996	0.7275390625
11.875	0.7177734375
11.876	0.703125
11.877	0.6982421875
11.878	0.693359375
11.879	0.68359375
11.879996	0.68359375
11.880996	0.6787109375
11.881996	0.6689453125
11.882996	0.673828125
11.883996	0.6640625
11.884996	0.6689453125
11.885996	0.6640625
11.886996	0.6689453125
11.887996	0.6640625
11.888996	0.6591796875
11.889996	0.6640625
11.890996	0.6640625
11.891996	0.6591796875
11.892996	0.6591796875
11.893996	0.654296875
11.894996	0.654296875
11.895996	0.6591796875
11.896996	0.6591796875
11.897996	0.6494140625
11.898996	0.654296875
11.899996	0.6494140625
11.900996	0.6591796875
11.901996	0.654296875
11.902996	0.6494140625
11.903996	0.751953125
11.904996	0.8642578125
11.905996	0.927734375
11.906996	0.95703125
11.907996	0.986328125
11.908996	1.005859375
11.909996	1.015625
11.910996	1.025390625
11.911996	1.0302734375
11.912996	1.03515625
11.913996	1.0400390625
11.915004	1.0546875
11.915996	1.0546875
11.917	1.0546875
11.918	1.0595703125
11.919	1.064453125
11.92	1.0595703125
11.921	1.0693359375
11.921996	1.064453125
11.922996	1.0693359375
11.923996	1.064453125
11.924996	1.0693359375
11.925996	1.0693359375
11.926996	1.0693359375
11.927996	1.0693359375
11.928996	1.07421875
11.929996	1.07421875
11.930996	1.0791015625
11.931996	1.0791015625
11.932996	1.07421875
11.933996	1.083984375
11.934996	1.07421875
11.935996	1.07421875
11.936996	1.07421875
11.937996	1.07421875
11.938996	1.0791015625
11.939996	0.9326171875
11.940996	0.859375
11.941996	0.8154296875
11.942996	0.7861328125
11.943996	0.7568359375
11.944996	0.7373046875
11.945996	0.7275390625
11.946996	0.72265625
11.947996	0.7080078125
11.948996	0.693359375
11.949996	0.68359375
11.950996	0.6884765625
11.951996	0.6787109375
11.952996	0.6787109375
11.953996	0.6640625
11.954996	0.673828125
11.955996	0.6689453125
11.956996	0.6640625
11.958	0.6640625
11.958996	0.6591796875
11.96	0.6591796875
11.961	0.6591796875
11.962	0.6591796875
11.963	0.6591796875
11.964	0.654296875
11.964996	0.654296875
11.965996	0.6494140625
11.966996	0.654296875
11.967996	0.654296875
11.968996	0.654296875
11.969996	0.654296875
11.970996	0.6494140625
11.971996	0.6494140625
11.972996	0.654296875
11.973996	0.6494140625
11.974996	0.64453125
11.975996	0.6494140625
11.976996	0.830078125
11.977996	0.9033203125
11.978996	0.95703125
11.979996	0.986328125
11.980996	1.0107421875
11.981996	1.025390625
11.982996	1.0400390625
11.983996	1.044921875
11.984996	1.0546875
11.985996	1.0693359375
11.986996	1.0693359375
11.987996	1.07421875
11.988996	1.07421875
11.989996	1.0791015625
11.990996	1.083984375
11.991996	1.0791015625
11.992996	1.0888671875
11.993996	1.083984375
11.994996	1.09375
11.995996	1.0888671875
11.996996	1.0888671875
11.997996	1.09375
11.998996	1.0888671875
11.999996	1.09375
12.001	1.09375
12.001996	1.09375
12.003	1.0986328125
12.004	1.09375
12.005	1.0986328125
12.006	1.09375
12.007	1.09375
12.007996	1.0986328125
12.008996	1.09375
12.009996	1.0986328125
12.010996	1.0986328125
12.011996	0.9716796875
12.012996	0.888671875
12.013996	0.830078125
12.014996	0.7958984375
12.015996	0.7666015625
12.016996	0.7470703125
12.017996	0.7275390625
12.018996	0.7177734375
12.019996	0.7080078125
12.020996	0.703125
12.021996	0.703125
12.022996	0.68359375
12.023996	0.6787109375
12.024996	0.673828125
12.025996	0.673828125
12.026996	0.6689453125
12.027996	0.6689453125
12.028996	0.6689453125
12.029996	0.6640625
12.030996	0.6640625
12.031996	0.6640625
12.032996	0.6640625
12.033996	0.6640625
12.034996	0.6494140625
12.035996	0.6494140625
12.036996	0.6494140625
12.037996	0.64453125
12.038996	0.654296875
12.039996	0.6494140625
12.040996	0.6494140625
12.041996	0.654296875
12.043004	0.6494140625
12.043996	0.654296875
12.045	0.6494140625
12.046	0.8056640625
12.047	0.908203125
12.048	0.9619140625
12.049	1.005859375
12.049996	1.0205078125
12.050996	1.0498046875
12.051996	1.064453125
12.052996	1.0693359375
12.053996	1.0791015625
12.054996	1.0888671875
12.055996	1.0888671875
12.056996	1.0986328125
12.057996	1.0986328125
12.058996	1.103515625
12.059996	1.0986328125
12.060996	1.1083984375
12.061996	1.1083984375
12.062996	1.103515625
12.063996	1.103515625
12.064996	1.11328125
12.065996	1.11328125
12.066996	1.11328125
12.067996	1.1181640625
12.068996	1.11328125
12.069996	1.11328125
12.070996	1.123046875
12.071996	1.1181640625
12.072996	1.11328125
12.073996	1.1279296875
12.074996	1.1181640625
12.075996	1.1181640625
12.076996	1.1181640625
12.077996	1.1181640625
12.078996	1.123046875
12.079996	1.0009765625
12.080996	0.8984375
12.081996	0.8447265625
12.082996	0.80078125
12.083996	0.7763671875
12.084996	0.7470703125
12.086	0.7373046875
12.086996	0.72265625
12.088	0.7177734375
12.089	0.703125
12.09	0.703125
12.091	0.6884765625
12.092	0.6884765625
12.092996	0.673828125
12.093996	0.673828125
12.094996	0.673828125
12.095996	0.6640625
12.096996	0.6640625
12.097996	0.6689453125
12.098996	0.654296875
12.099996	0.6689453125
12.100996	0.6591796875
12.101996	0.654296875
12.102996	0.654296875
12.103996	0.64453125
12.104996	0.654296875
12.105996	0.654296875
12.106996	0.6494140625
12.107996	0.654296875
12.108996	0.6494140625
12.109996	0.6494140625
12.110996	0.6494140625
12.111996	0.6494140625
12.112996	0.6494140625
12.113996	0.8251953125
12.114996	0.927734375
12.115996	0.99609375
12.116996	1.0205078125
12.117996	1.0498046875
12.118996	1.07421875
12.119996	1.083984375
12.120996	1.09375
12.121996	1.0986328125
12.122996	1.103515625
12.123996	1.11328125
12.124996	1.11328125
12.125996	1.123046875
12.126996	1.1181640625
12.127996	1.1279296875
12.129	1.123046875
12.129996	1.1279296875
12.131	1.1376953125
12.132	1.1279296875
12.133	1.1328125
12.134	1.1376953125
12.135	1.1376953125
12.135996	1.1376953125
12.136996	1.1328125
12.137996	1.1376953125
12.138996	1.142578125
12.139996	1.1376953125
12.140996	1.142578125
12.141996	1.1376953125
12.142996	1.142578125
12.143996	1.142578125
12.144996	1.142578125
12.145996	1.025390625
12.146996	0.91796875
12.147996	0.859375
12.148996	0.8203125
12.149996	0.7861328125
12.150996	0.751953125
12.151996	0.7421875
12.152996	0.72265625
12.153996	0.7080078125
12.154996	0.7080078125
12.155996	0.6982421875
12.156996	0.6884765625
12.157996	0.68359375
12.158996	0.6787109375
12.159996	0.6689453125
12.160996	0.6689453125
12.161996	0.6689453125
12.162996	0.6591796875
12.163996	0.6689453125
12.164996	0.6591796875
12.165996	0.6591796875
12.166996	0.6591796875
12.167996	0.654296875
12.168996	0.6591796875
12.169996	0.6640625
12.171004	0.6494140625
12.171996	0.654296875
12.173	0.654296875
12.174	0.6494140625
12.175	0.6494140625
12.176	0.6494140625
12.177	0.6494140625
12.177996	0.654296875
12.178996	0.6494140625
12.179996	0.703125
12.180996	0.8935546875
12.181996	0.9765625
12.182996	1.025390625
12.183996	1.0546875
12.184996	1.07421875
12.185996	1.0888671875
12.186996	1.103515625
12.187996	1.11328125
12.188996	1.1279296875
12.189996	1.1279296875
12.190996	1.1328125
12.191996	1.1376953125
12.192996	1.1376953125
12.193996	1.142578125
12.194996	1.142578125
12.195996	1.142578125
12.196996	1.142578125
12.197996	1.1474609375
12.198996	1.1474609375
12.199996	1.1572265625
12.200996	1.15234375
12.201996	1.15234375
12.202996	1.1474609375
12.203996	1.15234375
12.204996	1.1572265625
12.205996	1.1572265625
12.206996	1.1572265625
12.207996	1.1572265625
12.208996	1.1572265625
12.209996	1.1572265625
12.210996	1.1572265625
12.211996	1.162109375
12.212996	1.1669921875
12.214	0.99609375
12.214996	0.908203125
12.216	0.859375
12.217	0.8056640625
12.218	0.7763671875
12.219	0.7470703125
12.22	0.7421875
12.220996	0.72265625
12.221996	0.712890625
12.222996	0.712890625
12.223996	0.6982421875
12.224996	0.693359375
12.225996	0.6884765625
12.226996	0.6787109375
12.227996	0.68359375
12.228996	0.673828125
12.229996	0.6689453125
12.230996	0.6640625
12.231996	0.6689453125
12.232996	0.6591796875
12.233996	0.6640625
12.234996	0.654296875
12.235996	0.6494140625
12.236996	0.654296875
12.237996	0.6494140625
12.238996	0.654296875
12.239996	0.6494140625
12.240996	0.654296875
12.241996	0.6494140625
12.242996	0.6494140625
12.243996	0.6494140625
12.244996	0.654296875
12.245996	0.6494140625
12.246996	0.6494140625
12.247996	0.6494140625
12.248996	0.8251953125
12.249996	0.9423828125
12.250996	1.015625
12.251996	1.0498046875
12.252996	1.0791015625
12.253996	1.1083984375
12.254996	1.1181640625
12.255996	1.1328125
12.257	1.1279296875
12.257996	1.1376953125
12.259	1.1474609375
12.26	1.15234375
12.261	1.15234375
12.262	1.162109375
12.263	1.162109375
12.263996	1.162109375
12.264996	1.1669921875
12.265996	1.1669921875
12.266996	1.1669921875
12.267996	1.171875
12.268996	1.171875
12.269996	1.1767578125
12.270996	1.171875
12.271996	1.1767578125
12.272996	1.171875
12.273996	1.181640625
12.274996	1.1767578125
12.275996	1.1767578125
12.276996	1.181640625
12.277996	1.181640625
12.278996	1.181640625
12.279996	1.1865234375
12.280996	1.181640625
12.281996	1.0595703125
12.282996	0.947265625
12.283996	0.8740234375
12.284996	0.8251953125
12.285996	0.791015625
12.286996	0.7666015625
12.287996	0.7421875
12.288996	0.732421875
12.289996	0.7177734375
12.290996	0.712890625
12.291996	0.6982421875
12.292996	0.693359375
12.293996	0.68359375
12.294996	0.6787109375
12.295996	0.6787109375
12.296996	0.673828125
12.297996	0.6689453125
12.299004	0.6689453125
12.299996	0.6640625
12.301	0.6640625
12.302	0.6591796875
12.303	0.6640625
12.304	0.6494140625
12.305	0.6591796875
12.305996	0.654296875
12.306996	0.654296875
12.307996	0.64453125
12.308996	0.6494140625
12.309996	0.6494140625
12.310996	0.6591796875
12.311996	0.654296875
12.312996	0.6494140625
12.313996	0.6494140625
12.314996	0.654296875
12.315996	0.654296875
12.316996	0.8984375
12.317996	0.99609375
12.318996	1.0546875
12.319996	1.09375
12.320996	1.123046875
12.321996	1.1328125
12.322996	1.1474609375
12.323996	1.162109375
12.324996	1.1669921875
12.325996	1.1669921875
12.326996	1.1767578125
12.327996	1.1767578125
12.328996	1.181640625
12.329996	1.1865234375
12.330996	1.19140625
12.331996	1.19140625
12.332996	1.19140625
12.333996	1.1962890625
12.334996	1.1962890625
12.335996	1.1962890625
12.336996	1.201171875
12.337996	1.2060546875
12.338996	1.201171875
12.339996	1.201171875
12.340996	1.2060546875
12.342	1.201171875
12.342996	1.201171875
12.344	1.2060546875
12.345	1.201171875
12.346	1.2060546875
12.347	1.2060546875
12.348	1.2060546875
12.348996	1.2060546875
12.349996	1.11328125
12.350996	0.9716796875
12.351996	0.8984375
12.352996	0.83984375
12.353996	0.8056640625
12.354996	0.78125
12.355996	0.751953125
12.356996	0.7373046875
12.357996	0.72265625
12.358996	0.7177734375
12.359996	0.6982421875
12.360996	0.693359375
12.361996	0.693359375
12.362996	0.6884765625
12.363996	0.673828125
12.364996	0.6689453125
12.365996	0.6689453125
12.366996	0.6689453125
12.367996	0.6591796875
12.368996	0.6640625
12.369996	0.6591796875
12.370996	0.654296875
12.371996	0.6591796875
12.372996	0.654296875
12.373996	0.6494140625
12.374996	0.654296875
12.375996	0.64453125
12.376996	0.6396484375
12.377996	0.6494140625
12.378996	0.6494140625
12.379996	0.654296875
12.380996	0.64453125
12.381996	0.64453125
12.382996	0.64453125
12.383996	0.64453125
12.385	0.810546875
12.385996	0.966796875
12.387	1.0400390625
12.388	1.083984375
12.389	1.123046875
12.39	1.142578125
12.391	1.1572265625
12.391996	1.1669921875
12.392996	1.1865234375
12.393996	1.1865234375
12.394996	1.1962890625
12.395996	1.19140625
12.396996	1.1962890625
12.397996	1.2060546875
12.398996	1.201171875
12.399996	1.2109375
12.400996	1.2060546875
12.401996	1.2109375
12.402996	1.2158203125
12.403996	1.2109375
12.404996	1.220703125
12.405996	1.2158203125
12.406996	1.2158203125
12.407996	1.220703125
12.408996	1.220703125
12.409996	1.220703125
12.410996	1.2158203125
12.411996	1.2255859375
12.412996	1.220703125
12.413996	1.2255859375
12.414996	1.220703125
12.415996	1.220703125
12.416996	1.220703125
12.417996	1.2255859375
12.418996	1.2255859375
12.419996	1.23046875
12.420996	1.1279296875
12.421996	0.986328125
12.422996	0.8984375
12.423996	0.8447265625
12.424996	0.810546875
12.425996	0.78125
12.427004	0.751953125
12.427996	0.7373046875
12.429	0.7275390625
12.43	0.712890625
12.431	0.703125
12.432	0.6884765625
12.433	0.6884765625
12.433996	0.68359375
12.434996	0.6787109375
12.435996	0.673828125
12.436996	0.673828125
12.437996	0.6689453125
12.438996	0.6640625
12.439996	0.6591796875
12.440996	0.6591796875
12.441996	0.6591796875
12.442996	0.6591796875
12.443996	0.6591796875
12.444996	0.6494140625
12.445996	0.6494140625
12.446996	0.6591796875
12.447996	0.6494140625
12.448996	0.654296875
12.449996	0.6494140625
12.450996	0.6494140625
12.451996	0.64453125
12.452996	0.6494140625
12.453996	0.64453125
12.454996	0.64453125
12.455996	0.64453125
12.456996	0.6396484375
12.457996	0.6396484375
12.458996	0.8251953125
12.459996	0.9765625
12.460996	1.0546875
12.461996	1.0986328125
12.462996	1.1328125
12.463996	1.15234375
12.464996	1.171875
12.465996	1.1767578125
12.466996	1.1865234375
12.467996	1.19140625
12.468996	1.2060546875
12.47	1.2109375
12.470996	1.2109375
12.472	1.2158203125
12.473	1.220703125
12.474	1.2158203125
12.475	1.2158203125
12.476	1.220703125
12.476996	1.220703125
12.477996	1.2255859375
12.478996	1.2255859375
12.479996	1.23046875
12.480996	1.2255859375
12.481996	1.23046875
12.482996	1.23046875
12.483996	1.23046875
12.484996	1.2255859375
12.485996	1.23046875
12.486996	1.23046875
12.487996	1.2353515625
12.488996	1.23046875
12.489996	1.23046875
12.490996	1.23046875
12.491996	1.23046875
12.492996	1.142578125
12.493996	0.9912109375
12.494996	0.908203125
12.495996	0.8544921875
12.496996	0.8154296875
12.497996	0.78125
12.498996	0.76171875
12.499996	0.7373046875
12.500996	0.732421875
12.501996	0.712890625
12.502996	0.7080078125
12.503996	0.6982421875
12.504996	0.6884765625
12.505996	0.6884765625
12.506996	0.6787109375
12.507996	0.673828125
12.508996	0.6689453125
12.509996	0.6689453125
12.510996	0.6640625
12.511996	0.6640625
12.513	0.6591796875
12.513996	0.6640625
12.515	0.6591796875
12.516	0.6591796875
12.517	0.6494140625
12.518	0.6494140625
12.519	0.654296875
12.519996	0.64453125
12.520996	0.64453125
12.521996	0.6494140625
12.522996	0.6494140625
12.523996	0.64453125
12.524996	0.64453125
12.525996	0.6494140625
12.526996	0.712890625
12.527996	0.9423828125
12.528996	1.0302734375
12.529996	1.083984375
12.530996	1.1279296875
12.531996	1.1474609375
12.532996	1.1669921875
12.533996	1.181640625
12.534996	1.1962890625
12.535996	1.1962890625
12.536996	1.2060546875
12.537996	1.2109375
12.538996	1.2109375
12.539996	1.220703125
12.540996	1.220703125
12.541996	1.220703125
12.542996	1.220703125
12.543996	1.2255859375
12.544996	1.23046875
12.545996	1.2255859375
12.546996	1.23046875
12.547996	1.23046875
12.548996	1.23046875
12.549996	1.23046875
12.550996	1.2255859375
12.551996	1.23046875
12.552996	1.23046875
12.553996	1.23046875
12.555004	1.23046875
12.555996	1.2353515625
12.557	1.2353515625
12.558	1.23046875
12.559	1.2353515625
12.56	1.2353515625
12.561	1.2353515625
12.561996	1.103515625
12.562996	0.9716796875
12.563996	0.8984375
12.564996	0.83984375
12.565996	0.8056640625
12.566996	0.771484375
12.567996	0.7568359375
12.568996	0.7421875
12.569996	0.7275390625
12.570996	0.712890625
12.571996	0.703125
12.572996	0.693359375
12.573996	0.693359375
12.574996	0.6787109375
12.575996	0.6787109375
12.576996	0.673828125
12.577996	0.673828125
12.578996	0.6689453125
12.579996	0.6591796875
12.580996	0.6689453125
12.581996	0.6591796875
12.582996	0.6591796875
12.583996	0.654296875
12.584996	0.6494140625
12.585996	0.6494140625
12.586996	0.6494140625
12.587996	0.654296875
12.588996	0.6591796875
12.589996	0.654296875
12.590996	0.654296875
12.591996	0.6494140625
12.592996	0.6396484375
12.593996	0.64453125
12.594996	0.6494140625
12.595996	0.6494140625
12.596996	0.8984375
12.598	1.015625
12.598996	1.0791015625
12.6	1.11328125
12.601	1.1474609375
12.602	1.1572265625
12.603	1.1767578125
12.604	1.1962890625
12.604996	1.1962890625
12.605996	1.201171875
12.606996	1.201171875
12.607996	1.2109375
12.608996	1.2158203125
12.609996	1.2158203125
12.610996	1.2255859375
12.611996	1.2158203125
12.612996	1.220703125
12.613996	1.2255859375
12.614996	1.23046875
12.615996	1.2255859375
12.616996	1.2255859375
12.617996	1.23046875
12.618996	1.23046875
12.619996	1.2353515625
12.620996	1.23046875
12.621996	1.23046875
12.622996	1.23046875
12.623996	1.2353515625
12.624996	1.2353515625
12.625996	1.23046875
12.626996	1.23046875
12.627996	1.23046875
12.628996	1.2353515625
12.629996	1.1669921875
12.630996	0.99609375
12.631996	0.9130859375
12.632996	0.859375
12.633996	0.8203125
12.634996	0.78125
12.635996	0.7568359375
12.636996	0.7421875
12.637996	0.7275390625
12.638996	0.7080078125
12.639996	0.703125
12.641	0.6982421875
12.641996	0.6884765625
12.643	0.68359375
12.644	0.68359375
12.645	0.6787109375
12.646	0.6689453125
12.647	0.6640625
12.647996	0.6640625
12.648996	0.6591796875
12.649996	0.6640625
12.650996	0.654296875
12.651996	0.6494140625
12.652996	0.654296875
12.653996	0.6591796875
12.654996	0.654296875
12.655996	0.6494140625
12.656996	0.6494140625
12.657996	0.6494140625
12.658996	0.64453125
12.659996	0.64453125
12.660996	0.64453125
12.661996	0.64453125
12.662996	0.64453125
12.663996	0.78125
12.664996	0.966796875
12.665996	1.044921875
12.666996	1.09375
12.667996	1.1279296875
12.668996	1.15234375
12.669996	1.1669921875
12.670996	1.1865234375
12.671996	1.19140625
12.672996	1.1962890625
12.673996	1.2060546875
12.674996	1.2109375
12.675996	1.2158203125
12.676996	1.2158203125
12.677996	1.220703125
12.678996	1.220703125
12.679996	1.220703125
12.680996	1.2255859375
12.681996	1.2255859375
12.683004	1.2255859375
12.683996	1.2255859375
12.685	1.2255859375
12.686	1.23046875
12.687	1.23046875
12.688	1.2353515625
12.689	1.2255859375
12.689996	1.2353515625
12.690996	1.23046875
12.691996	1.240234375
12.692996	1.2353515625
12.693996	1.2353515625
12.694996	1.23046875
12.695996	1.23046875
12.696996	1.23046875
12.697996	1.1865234375
12.698996	1.005859375
12.699996	0.9130859375
12.700996	0.859375
12.701996	0.8203125
12.702996	0.78125
12.703996	0.7666015625
12.704996	0.751953125
12.705996	0.7275390625
12.706996	0.7177734375
12.707996	0.7080078125
12.708996	0.6982421875
12.709996	0.693359375
12.710996	0.68359375
12.711996	0.673828125
12.712996	0.6787109375
12.713996	0.673828125
12.714996	0.673828125
12.715996	0.6689453125
12.716996	0.6640625
12.717996	0.6640625
12.718996	0.654296875
12.719996	0.6640625
12.720996	0.654296875
12.721996	0.654296875
12.722996	0.6494140625
12.723996	0.654296875
12.724996	0.6494140625
12.726	0.654296875
12.726996	0.6494140625
12.728	0.654296875
12.729	0.64453125
12.73	0.64453125
12.731	0.654296875
12.732	0.6494140625
12.732996	0.8984375
12.733996	1.015625
12.734996	1.083984375
12.735996	1.11328125
12.736996	1.142578125
12.737996	1.1669921875
12.738996	1.1767578125
12.739996	1.19140625
12.740996	1.19140625
12.741996	1.201171875
12.742996	1.201171875
12.743996	1.2060546875
12.744996	1.2158203125
12.745996	1.220703125
12.746996	1.2158203125
12.747996	1.2255859375
12.748996	1.220703125
12.749996	1.2255859375
12.750996	1.23046875
12.751996	1.2255859375
12.752996	1.23046875
12.753996	1.23046875
12.754996	1.2255859375
12.755996	1.23046875
12.756996	1.23046875
12.757996	1.240234375
12.758996	1.2353515625
12.759996	1.240234375
12.760996	1.2353515625
12.761996	1.2353515625
12.762996	1.23046875
12.763996	1.240234375
12.764996	1.23046875
12.765996	1.083984375
12.766996	0.95703125
12.767996	0.8935546875
12.769	0.8349609375
12.769996	0.8056640625
12.771	0.78125
12.772	0.7568359375
12.773	0.7373046875
12.774	0.72265625
12.775	0.7080078125
12.775996	0.7080078125
12.776996	0.693359375
12.777996	0.693359375
12.778996	0.6787109375
12.779996	0.6787109375
12.780996	0.673828125
12.781996	0.673828125
12.782996	0.6689453125
12.783996	0.6640625
12.784996	0.6591796875
12.785996	0.6640625
12.786996	0.6591796875
12.787996	0.6591796875
12.788996	0.6591796875
12.789996	0.6494140625
12.790996	0.654296875
12.791996	0.654296875
12.792996	0.654296875
12.793996	0.64453125
12.794996	0.64453125
12.795996	0.64453125
12.796996	0.6494140625
12.797996	0.64453125
12.798996	0.6494140625
12.799996	0.654296875
12.800996	0.91796875
12.801996	1.0205078125
12.802996	1.0791015625
12.803996	1.1181640625
12.804996	1.1474609375
12.805996	1.162109375
12.806996	1.1767578125
12.807996	1.181640625
12.808996	1.1962890625
12.809996	1.201171875
12.811004	1.2060546875
12.811996	1.2060546875
12.813	1.2158203125
12.814	1.2158203125
12.815	1.2158203125
12.816	1.2158203125
12.817	1.23046875
12.817996	1.23046875
12.818996	1.23046875
12.819996	1.2255859375
12.820996	1.23046875
12.821996	1.23046875
12.822996	1.23046875
12.823996	1.23046875
12.824996	1.23046875
12.825996	1.23046875
12.826996	1.23046875
12.827996	1.2353515625
12.828996	1.23046875
12.829996	1.23046875
12.830996	1.23046875
12.831996	1.2353515625
12.832996	1.23046875
12.833996	1.23046875
12.834996	1.0498046875
12.835996	0.9423828125
12.836996	0.87890625
12.837996	0.830078125
12.838996	0.7958984375
12.839996	0.7666015625
12.840996	0.7470703125
12.841996	0.7373046875
12.842996	0.72265625
12.843996	0.7177734375
12.844996	0.703125
12.845996	0.6982421875
12.846996	0.68359375
12.847996	0.68359375
12.848996	0.6689453125
12.849996	0.673828125
12.850996	0.6640625
12.851996	0.6640625
12.852996	0.6689453125
12.854	0.6689453125
12.854996	0.6640625
12.856	0.6640625
12.857	0.6591796875
12.858	0.654296875
12.859	0.6640625
12.86	0.654296875
12.860996	0.6494140625
12.861996	0.6494140625
12.862996	0.6494140625
12.863996	0.64453125
12.864996	0.6396484375
12.865996	0.64453125
12.866996	0.64453125
12.867996	0.6494140625
12.868996	0.6494140625
12.869996	0.6884765625
12.870996	0.9375
12.871996	1.03515625
12.872996	1.0888671875
12.873996	1.123046875
12.874996	1.15234375
12.875996	1.162109375
12.876996	1.181640625
12.877996	1.1865234375
12.878996	1.201171875
12.879996	1.2060546875
12.880996	1.2109375
12.881996	1.2158203125
12.882996	1.220703125
12.883996	1.220703125
12.884996	1.2158203125
12.885996	1.2158203125
12.886996	1.220703125
12.887996	1.2255859375
12.888996	1.23046875
12.889996	1.23046875
12.890996	1.2255859375
12.891996	1.2353515625
12.892996	1.23046875
12.893996	1.2353515625
12.894996	1.23046875
12.895996	1.2353515625
12.897	1.23046875
12.897996	1.23046875
12.899	1.2353515625
12.9	1.23046875
12.901	1.2353515625
12.902	1.2353515625
12.903	1.23046875
12.903996	1.23046875
12.904996	1.23046875
12.905996	1.2353515625
12.906996	1.23046875
12.907996	1.025390625
12.908996	0.9228515625
12.909996	0.8642578125
12.910996	0.830078125
12.911996	0.7861328125
12.912996	0.7666015625
12.913996	0.751953125
12.914996	0.7275390625
12.915996	0.72265625
12.916996	0.7080078125
12.917996	0.6982421875
12.918996	0.693359375
12.919996	0.6787109375
12.920996	0.6787109375
12.921996	0.6787109375
12.922996	0.673828125
12.923996	0.6689453125
12.924996	0.6689453125
12.925996	0.6689453125
12.926996	0.6640625
12.927996	0.6640625
12.928996	0.654296875
12.929996	0.6591796875
12.930996	0.6591796875
12.931996	0.654296875
12.932996	0.6494140625
12.933996	0.654296875
12.934996	0.64453125
12.935996	0.6494140625
12.936996	0.6494140625
12.937996	0.654296875
12.939004	0.64453125
12.939996	0.64453125
12.941	0.64453125
12.942	0.8740234375
12.943	1.005859375
12.944	1.0693359375
12.945	1.1083984375
12.945996	1.1328125
12.946996	1.162109375
12.947996	1.1767578125
12.948996	1.19140625
12.949996	1.1962890625
12.950996	1.201171875
12.951996	1.2060546875
12.952996	1.2109375
12.953996	1.2158203125
12.954996	1.2158203125
12.955996	1.2158203125
12.956996	1.2158203125
12.957996	1.220703125
12.958996	1.2255859375
12.959996	1.220703125
12.960996	1.2255859375
12.961996	1.2255859375
12.962996	1.23046875
12.963996	1.23046875
12.964996	1.23046875
12.965996	1.23046875
12.966996	1.23046875
12.967996	1.2353515625
12.968996	1.2353515625
12.969996	1.2353515625
12.970996	1.2353515625
12.971996	1.2353515625
12.972996	1.23046875
12.973996	1.2353515625
12.974996	1.2353515625
12.975996	1.044921875
12.976996	0.9521484375
12.977996	0.87890625
12.978996	0.830078125
12.979996	0.791015625
12.980996	0.7666015625
12.982	0.7470703125
12.982996	0.7275390625
12.984	0.7177734375
12.985	0.712890625
12.986	0.6982421875
12.987	0.693359375
12.988	0.6884765625
12.988996	0.68359375
12.989996	0.6787109375
12.990996	0.673828125
12.991996	0.6640625
12.992996	0.6591796875
12.993996	0.6640625
12.994996	0.6591796875
12.995996	0.6640625
12.996996	0.6640625
12.997996	0.6591796875
12.998996	0.6494140625
12.999996	0.654296875
13.000996	0.6494140625
13.001996	0.654296875
13.002996	0.6494140625
13.003996	0.6494140625
13.004996	0.6494140625
13.005996	0.6494140625
13.006996	0.64453125
13.007996	0.64453125
13.008996	0.6396484375
13.009996	0.64453125
13.010996	0.83984375
13.011996	0.986328125
13.012996	1.0595703125
13.013996	1.103515625
13.014996	1.1376953125
13.015996	1.15234375
13.016996	1.1669921875
13.017996	1.1865234375
13.018996	1.19140625
13.019996	1.1962890625
13.020996	1.2060546875
13.021996	1.2060546875
13.022996	1.2158203125
13.023996	1.2158203125
13.025	1.220703125
13.025996	1.220703125
13.027	1.220703125
13.028	1.220703125
13.029	1.220703125
13.03	1.2255859375
13.031	1.2255859375
13.031996	1.23046875
13.032996	1.2255859375
13.033996	1.23046875
13.034996	1.23046875
13.035996	1.2255859375
13.036996	1.23046875
13.037996	1.23046875
13.038996	1.2255859375
13.039996	1.23046875
13.040996	1.2353515625
13.041996	1.240234375
13.042996	1.2353515625
13.043996	1.2255859375
13.044996	1.2353515625
13.045996	1.19140625
13.046996	1.015625
13.047996	0.9130859375
13.048996	0.859375
13.049996	0.8203125
13.050996	0.7861328125
13.051996	0.7666015625
13.052996	0.7421875
13.053996	0.72265625
13.054996	0.712890625
13.055996	0.703125
13.056996	0.6982421875
13.057996	0.68359375
13.058996	0.6787109375
13.059996	0.68359375
13.060996	0.6689453125
13.061996	0.6689453125
13.062996	0.6591796875
13.063996	0.6591796875
13.064996	0.6591796875
13.065996	0.654296875
13.067004	0.64453125
13.067996	0.654296875
13.069	0.654296875
13.07	0.6494140625
13.071	0.6494140625
13.072	0.64453125
13.073	0.64453125
13.073996	0.6396484375
13.074996	0.64453125
13.075996	0.6494140625
13.076996	0.64453125
13.077996	0.6396484375
13.078996	0.6396484375
13.079996	0.8251953125
13.080996	0.9814453125
13.081996	1.0546875
13.082996	1.1083984375
13.083996	1.1328125
13.084996	1.162109375
13.085996	1.171875
13.086996	1.1865234375
13.087996	1.19140625
13.088996	1.1962890625
13.089996	1.201171875
13.090996	1.201171875
13.091996	1.2109375
13.092996	1.2109375
13.093996	1.2158203125
13.094996	1.2109375
13.095996	1.220703125
13.096996	1.220703125
13.097996	1.220703125
13.098996	1.220703125
13.099996	1.2255859375
13.100996	1.23046875
13.101996	1.2255859375
13.102996	1.2255859375
13.103996	1.220703125
13.104996	1.23046875
13.105996	1.23046875
13.106996	1.2353515625
13.107996	1.2255859375
13.108996	1.23046875
13.11	1.2353515625
13.110996	1.23046875
13.112	1.23046875
13.113	1.03515625
13.114	0.9375
13.115	0.869140625
13.116	0.8203125
13.116996	0.791015625
13.117996	0.771484375
13.118996	0.7421875
13.119996	0.732421875
13.120996	0.7177734375
13.121996	0.6982421875
13.122996	0.6884765625
13.123996	0.68359375
13.124996	0.673828125
13.125996	0.6689453125
13.126996	0.673828125
13.127996	0.6689453125
13.128996	0.6640625
13.129996	0.654296875
13.130996	0.654296875
13.131996	0.654296875
13.132996	0.6494140625
13.133996	0.6494140625
13.134996	0.6494140625
13.135996	0.634765625
13.136996	0.64453125
13.137996	0.6494140625
13.138996	0.6396484375
13.139996	0.6494140625
13.140996	0.6396484375
13.141996	0.6396484375
13.142996	0.6396484375
13.143996	0.6396484375
13.144996	0.634765625
13.145996	0.64453125
13.146996	0.9228515625
13.147996	1.0205078125
13.148996	1.0791015625
13.149996	1.1083984375
13.150996	1.142578125
13.151996	1.162109375
13.153	1.171875
13.153996	1.19140625
13.155	1.19140625
13.156	1.2060546875
13.157	1.2060546875
13.158	1.2060546875
13.159	1.2060546875
13.159996	1.2158203125
13.160996	1.2109375
13.161996	1.2158203125
13.162996	1.220703125
13.163996	1.220703125
13.164996	1.2158203125
13.165996	1.220703125
13.166996	1.2255859375
13.167996	1.220703125
13.168996	1.2255859375
13.169996	1.2255859375
13.170996	1.2255859375
13.171996	1.23046875
13.172996	1.2255859375
13.173996	1.23046875
13.174996	1.2255859375
13.175996	1.23046875
13.176996	1.220703125
13.177996	1.23046875
13.178996	1.23046875
13.179996	1.0400390625
13.180996	0.9375
13.181996	0.8740234375
13.182996	0.830078125
13.183996	0.791015625
13.184996	0.76171875
13.185996	0.7373046875
13.186996	0.72265625
13.187996	0.7177734375
13.188996	0.703125
13.189996	0.693359375
13.190996	0.6884765625
13.191996	0.6787109375
13.192996	0.673828125
13.193996	0.6689453125
13.195004	0.6689453125
13.195996	0.6591796875
13.197	0.6591796875
13.198	0.6591796875
13.199	0.654296875
13.2	0.6494140625
13.201	0.6494140625
13.201996	0.6494140625
13.202996	0.64453125
13.203996	0.6494140625
13.204996	0.64453125
13.205996	0.6494140625
13.206996	0.6396484375
13.207996	0.6396484375
13.208996	0.64453125
13.209996	0.634765625
13.210996	0.64453125
13.211996	0.6396484375
13.212996	0.6396484375
13.213996	0.634765625
13.214996	0.64453125
13.215996	0.8642578125
13.216996	0.99609375
13.217996	1.064453125
13.218996	1.1083984375
13.219996	1.1279296875
13.220996	1.1572265625
13.221996	1.171875
13.222996	1.181640625
13.223996	1.1962890625
13.224996	1.201171875
13.225996	1.201171875
13.226996	1.2109375
13.227996	1.2109375
13.228996	1.2158203125
13.229996	1.220703125
13.230996	1.220703125
13.231996	1.220703125
13.232996	1.2158203125
13.233996	1.2255859375
13.234996	1.220703125
13.235996	1.220703125
13.236996	1.220703125
13.238	1.220703125
13.238996	1.2255859375
13.24	1.220703125
13.241	1.2353515625
13.242	1.23046875
13.243	1.23046875
13.244	1.23046875
13.244996	1.2255859375
13.245996	1.23046875
13.246996	1.2255859375
13.247996	1.2255859375
13.248996	1.2353515625
13.249996	1.2353515625
13.250996	1.025390625
13.251996	0.9326171875
13.252996	0.8740234375
13.253996	0.8251953125
13.254996	0.791015625
13.255996	0.7666015625
13.256996	0.7470703125
13.257996	0.72265625
13.258996	0.7080078125
13.259996	0.703125
13.260996	0.6982421875
13.261996	0.693359375
13.262996	0.6884765625
13.263996	0.6787109375
13.264996	0.6689453125
13.265996	0.6689453125
13.266996	0.6689453125
13.267996	0.6640625
13.268996	0.6640625
13.269996	0.6591796875
13.270996	0.6494140625
13.271996	0.654296875
13.272996	0.6494140625
13.273996	0.64453125
13.274996	0.654296875
13.275996	0.6494140625
13.276996	0.6494140625
13.277996	0.64453125
13.278996	0.64453125
13.279996	0.64453125
13.281	0.64453125
13.281996	0.6494140625
13.283	0.6494140625
13.284	0.6396484375
13.285	0.8984375
13.286	1.005859375
13.287	1.064453125
13.287996	1.11328125
13.288996	1.142578125
13.289996	1.1572265625
13.290996	1.171875
13.291996	1.1865234375
13.292996	1.19140625
13.293996	1.201171875
13.294996	1.2060546875
13.295996	1.2060546875
13.296996	1.2109375
13.297996	1.2158203125
13.298996	1.2158203125
13.299996	1.2255859375
13.300996	1.2158203125
13.301996	1.220703125
13.302996	1.2255859375
13.303996	1.220703125
13.304996	1.2255859375
13.305996	1.23046875
13.306996	1.2255859375
13.307996	1.2353515625
13.308996	1.2255859375
13.309996	1.23046875
13.310996	1.23046875
13.311996	1.23046875
13.312996	1.23046875
13.313996	1.23046875
13.314996	1.23046875
13.315996	1.2255859375
13.316996	1.23046875
13.317996	1.23046875
13.318996	1.07421875
13.319996	0.9521484375
13.320996	0.888671875
13.321996	0.8349609375
13.323004	0.791015625
13.323996	0.771484375
13.325	0.751953125
13.326	0.7275390625
13.327	0.7177734375
13.328	0.712890625
13.329	0.703125
13.329996	0.693359375
13.330996	0.68359375
13.331996	0.6787109375
13.332996	0.6689453125
13.333996	0.6689453125
13.334996	0.6640625
13.335996	0.6640625
13.336996	0.6640625
13.337996	0.6591796875
13.338996	0.6591796875
13.339996	0.6494140625
13.340996	0.654296875
13.341996	0.6494140625
13.342996	0.6494140625
13.343996	0.6494140625
13.344996	0.6494140625
13.345996	0.6494140625
13.346996	0.64453125
13.347996	0.654296875
13.348996	0.64453125
13.349996	0.6396484375
13.350996	0.64453125
13.351996	0.64453125
13.352996	0.64453125
13.353996	0.8251953125
13.354996	0.9765625
13.355996	1.0546875
13.356996	1.103515625
13.357996	1.1328125
13.358996	1.162109375
13.359996	1.171875
13.360996	1.1865234375
13.361996	1.19140625
13.362996	1.1962890625
13.363996	1.201171875
13.364996	1.2060546875
13.366	1.2158203125
13.366996	1.2158203125
13.368	1.2158203125
13.369	1.2158203125
13.37	1.220703125
13.371	1.220703125
13.372	1.2255859375
13.372996	1.2255859375
13.373996	1.2255859375
13.374996	1.2255859375
13.375996	1.2255859375
13.376996	1.2255859375
13.377996	1.23046875
13.378996	1.23046875
13.379996	1.2353515625
13.380996	1.23046875
13.381996	1.2353515625
13.382996	1.23046875
13.383996	1.2255859375
13.384996	1.2255859375
13.385996	1.23046875
13.386996	1.2353515625
13.387996	1.0546875
13.388996	0.947265625
13.389996	0.87890625
13.390996	0.8349609375
13.391996	0.80078125
13.392996	0.7666015625
13.393996	0.7568359375
13.394996	0.7373046875
13.395996	0.72265625
13.396996	0.703125
13.397996	0.7080078125
13.398996	0.6982421875
13.399996	0.68359375
13.400996	0.6787109375
13.401996	0.673828125
13.402996	0.6689453125
13.403996	0.673828125
13.404996	0.6689453125
13.405996	0.6640625
13.406996	0.6591796875
13.407996	0.654296875
13.409	0.654296875
13.409996	0.6640625
13.411	0.654296875
13.412	0.654296875
13.413	0.654296875
13.414	0.6494140625
13.415	0.6494140625
13.415996	0.654296875
13.416996	0.6494140625
13.417996	0.6494140625
13.418996	0.64453125
13.419996	0.6494140625
13.420996	0.654296875
13.421996	0.6396484375
13.422996	0.64453125
13.423996	0.6396484375
13.424996	0.8837890625
13.425996	1.0107421875
13.426996	1.0693359375
13.427996	1.1083984375
13.428996	1.1376953125
13.429996	1.162109375
13.430996	1.171875
13.431996	1.19140625
13.432996	1.1962890625
13.433996	1.201171875
13.434996	1.2060546875
13.435996	1.2109375
13.436996	1.2109375
13.437996	1.2109375
13.438996	1.220703125
13.439996	1.2158203125
13.440996	1.220703125
13.441996	1.23046875
13.442996	1.23046875
13.443996	1.23046875
13.444996	1.23046875
13.445996	1.2255859375
13.446996	1.2255859375
13.447996	1.23046875
13.448996	1.2255859375
13.449996	1.23046875
13.451004	1.2353515625
13.451996	1.2353515625
13.453	1.23046875
13.454	1.2353515625
13.455	1.23046875
13.456	1.2353515625
13.457	1.2353515625
13.457996	1.23046875
13.458996	1.240234375
13.459996	1.23046875
13.460996	1.044921875
13.461996	0.9375
13.462996	0.8740234375
13.463996	0.8349609375
13.464996	0.791015625
13.465996	0.771484375
13.466996	0.7470703125
13.467996	0.7373046875
13.468996	0.7177734375
13.469996	0.712890625
13.470996	0.703125
13.471996	0.6884765625
13.472996	0.693359375
13.473996	0.6884765625
13.474996	0.673828125
13.475996	0.6689453125
13.476996	0.6689453125
13.477996	0.673828125
13.478996	0.6591796875
13.479996	0.6591796875
13.480996	0.6640625
13.481996	0.6640625
13.482996	0.6591796875
13.483996	0.654296875
13.484996	0.6591796875
13.485996	0.6494140625
13.486996	0.6591796875
13.487996	0.6494140625
13.488996	0.654296875
13.489996	0.6494140625
13.490996	0.6494140625
13.491996	0.6591796875
13.492996	0.654296875
13.494	0.654296875
13.494996	0.830078125
13.496	0.9814453125
13.497	1.0595703125
13.498	1.0986328125
13.499	1.1376953125
13.5	1.1572265625
13.500996	1.1767578125
13.501996	1.181640625
13.502996	1.19140625
13.503996	1.1962890625
13.504996	1.2060546875
13.505996	1.2109375
13.506996	1.2158203125
13.507996	1.220703125
13.508996	1.2255859375
13.509996	1.220703125
13.510996	1.2158203125
13.511996	1.2255859375
13.512996	1.23046875
13.513996	1.2255859375
13.514996	1.23046875
13.515996	1.2353515625
13.516996	1.23046875
13.517996	1.23046875
13.518996	1.2353515625
13.519996	1.240234375
13.520996	1.2353515625
13.521996	1.240234375
13.522996	1.2353515625
13.523996	1.240234375
13.524996	1.23046875
13.525996	1.23046875
13.526996	1.2353515625
13.527996	1.11328125
13.528996	0.9814453125
13.529996	0.908203125
13.530996	0.8544921875
13.531996	0.8154296875
13.532996	0.7861328125
13.533996	0.76171875
13.534996	0.7421875
13.535996	0.7275390625
13.537	0.7080078125
13.537996	0.7080078125
13.539	0.703125
13.54	0.693359375
13.541	0.693359375
13.542	0.68359375
13.543	0.68359375
13.543996	0.68359375
13.544996	0.673828125
13.545996	0.673828125
13.546996	0.6689453125
13.547996	0.6689453125
13.548996	0.6640625
13.549996	0.6640625
13.550996	0.6689453125
13.551996	0.6591796875
13.552996	0.6689453125
13.553996	0.6640625
13.554996	0.6640625
13.555996	0.6591796875
13.556996	0.6591796875
13.557996	0.6591796875
13.558996	0.6591796875
13.559996	0.6494140625
13.560996	0.6494140625
13.561996	0.6591796875
13.562996	0.8447265625
13.563996	0.9912109375
13.564996	1.0595703125
13.565996	1.1083984375
13.566996	1.1376953125
13.567996	1.162109375
13.568996	1.1767578125
13.569996	1.1865234375
13.570996	1.201171875
13.571996	1.2060546875
13.572996	1.2158203125
13.573996	1.2109375
13.574996	1.220703125
13.575996	1.220703125
13.576996	1.220703125
13.577996	1.2255859375
13.579004	1.2255859375
13.579996	1.23046875
13.581	1.2255859375
13.582	1.23046875
13.583	1.23046875
13.584	1.23046875
13.585	1.23046875
13.585996	1.2353515625
13.586996	1.23046875
13.587996	1.2353515625
13.588996	1.2353515625
13.589996	1.23046875
13.590996	1.2353515625
13.591996	1.240234375
13.592996	1.23046875
13.593996	1.2353515625
13.594996	1.23046875
13.595996	1.2353515625
13.596996	1.181640625
13.597996	1.0107421875
13.598996	0.9228515625
13.599996	0.869140625
13.600996	0.8203125
13.601996	0.7958984375
13.602996	0.7666015625
13.603996	0.751953125
13.604996	0.7421875
13.605996	0.72265625
13.606996	0.712890625
13.607996	0.7080078125
13.608996	0.6982421875
13.609996	0.693359375
13.610996	0.6884765625
13.611996	0.68359375
13.612996	0.68359375
13.613996	0.6787109375
13.614996	0.68359375
13.615996	0.673828125
13.616996	0.673828125
13.617996	0.6689453125
13.618996	0.6591796875
13.619996	0.6640625
13.620996	0.6640625
13.622	0.6689453125
13.622996	0.6640625
13.624	0.6640625
13.625	0.6591796875
13.626	0.6591796875
13.627	0.6591796875
13.628	0.654296875
13.628996	0.6591796875
13.629996	0.6494140625
13.630996	0.6591796875
13.631996	0.6787109375
13.632996	0.9375
13.633996	1.0302734375
13.634996	1.09375
13.635996	1.1279296875
13.636996	1.15234375
13.637996	1.1767578125
13.638996	1.181640625
13.639996	1.19140625
13.640996	1.201171875
13.641996	1.2109375
13.642996	1.2109375
13.643996	1.2158203125
13.644996	1.2158203125
13.645996	1.2255859375
13.646996	1.2255859375
13.647996	1.23046875
13.648996	1.23046875
13.649996	1.23046875
13.650996	1.23046875
13.651996	1.23046875
13.652996	1.23046875
13.653996	1.2353515625
13.654996	1.23046875
13.655996	1.2353515625
13.656996	1.2353515625
13.657996	1.2353515625
13.658996	1.240234375
13.659996	1.2353515625
13.660996	1.2353515625
13.661996	1.2451171875
13.662996	1.2353515625
13.663996	1.2353515625
13.665	1.201171875
13.665996	1.015625
13.667	0.927734375
13.668	0.869140625
13.669	0.830078125
13.67	0.7958984375
13.671	0.771484375
13.671996	0.751953125
13.672996	0.7421875
13.673996	0.7275390625
13.674996	0.712890625
13.675996	0.703125
13.676996	0.703125
13.677996	0.703125
13.678996	0.693359375
13.679996	0.68359375
13.680996	0.6884765625
13.681996	0.68359375
13.682996	0.68359375
13.683996	0.673828125
13.684996	0.6640625
13.685996	0.673828125
13.686996	0.673828125
13.687996	0.6640625
13.688996	0.6640625
13.689996	0.6689453125
13.690996	0.6640625
13.691996	0.6640625
13.692996	0.6640625
13.693996	0.6591796875
13.694996	0.6591796875
13.695996	0.654296875
13.696996	0.6591796875
13.697996	0.6591796875
13.698996	0.8544921875
13.699996	0.99609375
13.700996	1.0693359375
13.701996	1.1083984375
13.702996	1.142578125
13.703996	1.162109375
13.704996	1.171875
13.705996	1.19140625
13.707004	1.1962890625
13.707996	1.201171875
13.709	1.2158203125
13.71	1.2158203125
13.711	1.2158203125
13.712	1.2158203125
13.713	1.23046875
13.713996	1.2255859375
13.714996	1.2255859375
13.715996	1.2255859375
13.716996	1.23046875
13.717996	1.23046875
13.718996	1.23046875
13.719996	1.2353515625
13.720996	1.2353515625
13.721996	1.2353515625
13.722996	1.2353515625
13.723996	1.2353515625
13.724996	1.2255859375
13.725996	1.23046875
13.726996	1.240234375
13.727996	1.2451171875
13.728996	1.240234375
13.729996	1.240234375
13.730996	1.240234375
13.731996	1.103515625
13.732996	0.9814453125
13.733996	0.9033203125
13.734996	0.849609375
13.735996	0.810546875
13.736996	0.7861328125
13.737996	0.76171875
13.738996	0.751953125
13.739996	0.732421875
13.740996	0.7177734375
13.741996	0.712890625
13.742996	0.703125
13.743996	0.703125
13.744996	0.693359375
13.745996	0.6884765625
13.746996	0.68359375
13.747996	0.6787109375
13.748996	0.6787109375
13.75	0.6787109375
13.750996	0.673828125
13.752	0.6689453125
13.753	0.6640625
13.754	0.6640625
13.755	0.6640625
13.756	0.6640625
13.756996	0.6640625
13.757996	0.6640625
13.758996	0.6494140625
13.759996	0.6640625
13.760996	0.6494140625
13.761996	0.6640625
13.762996	0.654296875
13.763996	0.6591796875
13.764996	0.6494140625
13.765996	0.6494140625
13.766996	0.771484375
13.767996	0.966796875
13.768996	1.0498046875
13.769996	1.103515625
13.770996	1.1279296875
13.771996	1.162109375
13.772996	1.1669921875
13.773996	1.181640625
13.774996	1.1962890625
13.775996	1.201171875
13.776996	1.201171875
13.777996	1.2109375
13.778996	1.2158203125
13.779996	1.220703125
13.780996	1.23046875
13.781996	1.220703125
13.782996	1.2255859375
13.783996	1.2255859375
13.784996	1.2255859375
13.785996	1.2353515625
13.786996	1.23046875
13.787996	1.23046875
13.788996	1.23046875
13.789996	1.2353515625
13.790996	1.23046875
13.791996	1.23046875
13.793	1.23046875
13.793996	1.2353515625
13.795	1.2353515625
13.796	1.23046875
13.797	1.2353515625
13.798	1.240234375
13.799	1.23046875
13.799996	1.2158203125
13.800996	1.0205078125
13.801996	0.9326171875
13.802996	0.869140625
13.803996	0.8251953125
13.804996	0.7958984375
13.805996	0.7666015625
13.806996	0.7470703125
13.807996	0.7373046875
13.808996	0.712890625
13.809996	0.7177734375
13.810996	0.6982421875
13.811996	0.6982421875
13.812996	0.6884765625
13.813996	0.68359375
13.814996	0.6787109375
13.815996	0.6689453125
13.816996	0.673828125
13.817996	0.6591796875
13.818996	0.6689453125
13.819996	0.6689453125
13.820996	0.6640625
13.821996	0.6591796875
13.822996	0.6689453125
13.823996	0.6591796875
13.824996	0.6640625
13.825996	0.6591796875
13.826996	0.6494140625
13.827996	0.6494140625
13.828996	0.6494140625
13.829996	0.6494140625
13.830996	0.6494140625
13.831996	0.6591796875
13.832996	0.6494140625
13.833996	0.6494140625
13.835004	0.8740234375
13.835996	1.0009765625
13.837	1.0693359375
13.838	1.11328125
13.839	1.142578125
13.84	1.162109375
13.841	1.1767578125
13.841996	1.19140625
13.842996	1.201171875
13.843996	1.201171875
13.844996	1.2109375
13.845996	1.2158203125
13.846996	1.2158203125
13.847996	1.2158203125
13.848996	1.2255859375
13.849996	1.2255859375
13.850996	1.220703125
13.851996	1.23046875
13.852996	1.2255859375
13.853996	1.23046875
13.854996	1.23046875
13.855996	1.23046875
13.856996	1.2255859375
13.857996	1.23046875
13.858996	1.23046875
13.859996	1.23046875
13.860996	1.2353515625
13.861996	1.23046875
13.862996	1.2353515625
13.863996	1.2353515625
13.864996	1.23046875
13.865996	1.23046875
13.866996	1.1767578125
13.867996	1.0009765625
13.868996	0.9130859375
13.869996	0.8544921875
13.870996	0.8154296875
13.871996	0.791015625
13.872996	0.76171875
13.873996	0.751953125
13.874996	0.732421875
13.875996	0.712890625
13.876996	0.6982421875
13.878	0.6982421875
13.878996	0.693359375
13.88	0.6884765625
13.881	0.68359375
13.882	0.6787109375
13.883	0.673828125
13.884	0.673828125
13.884996	0.6640625
13.885996	0.6640625
13.886996	0.6591796875
13.887996	0.6640625
13.888996	0.6591796875
13.889996	0.6689453125
13.890996	0.654296875
13.891996	0.6494140625
13.892996	0.654296875
13.893996	0.654296875
13.894996	0.6591796875
13.895996	0.654296875
13.896996	0.6494140625
13.897996	0.6494140625
13.898996	0.6494140625
13.899996	0.654296875
13.900996	0.64453125
13.901996	0.83984375
13.902996	0.9765625
13.903996	1.0595703125
13.904996	1.103515625
13.905996	1.1376953125
13.906996	1.1572265625
13.907996	1.171875
13.908996	1.1865234375
13.909996	1.19140625
13.910996	1.2060546875
13.911996	1.2060546875
13.912996	1.2109375
13.913996	1.2158203125
13.914996	1.2158203125
13.915996	1.220703125
13.916996	1.220703125
13.917996	1.220703125
13.918996	1.220703125
13.919996	1.23046875
13.921	1.2255859375
13.921996	1.23046875
13.923	1.23046875
13.924	1.2353515625
13.925	1.23046875
13.926	1.220703125
13.927	1.23046875
13.927996	1.23046875
13.928996	1.23046875
13.929996	1.2353515625
13.930996	1.23046875
13.931996	1.23046875
13.932996	1.2353515625
13.933996	1.2353515625
13.934996	1.23046875
13.935996	1.2353515625
13.936996	1.0693359375
13.937996	0.95703125
13.938996	0.888671875
13.939996	0.83984375
13.940996	0.7958984375
13.941996	0.7763671875
13.942996	0.751953125
13.943996	0.7373046875
13.944996	0.7177734375
13.945996	0.703125
13.946996	0.6982421875
13.947996	0.693359375
13.948996	0.6884765625
13.949996	0.6884765625
13.950996	0.6787109375
13.951996	0.6689453125
13.952996	0.6689453125
13.953996	0.6640625
13.954996	0.6640625
13.955996	0.6640625
13.956996	0.6640625
13.957996	0.6640625
13.958996	0.6494140625
13.959996	0.654296875
13.960996	0.654296875
13.961996	0.654296875
13.963004	0.654296875
13.963996	0.654296875
13.965	0.64453125
13.966	0.6494140625
13.967	0.6494140625
13.968	0.6494140625
13.969	0.64453125
13.969996	0.6494140625
13.970996	0.64453125
13.971996	0.64453125
13.972996	0.64453125
13.973996	0.6494140625
13.974996	0.64453125
13.975996	0.8837890625
13.976996	1.005859375
13.977996	1.0693359375
13.978996	1.11328125
13.979996	1.1376953125
13.980996	1.162109375
13.981996	1.1767578125
13.982996	1.1865234375
13.983996	1.19140625
13.984996	1.201171875
13.985996	1.2060546875
13.986996	1.2060546875
13.987996	1.2109375
13.988996	1.2158203125
13.989996	1.2158203125
13.990996	1.220703125
13.991996	1.220703125
13.992996	1.220703125
13.993996	1.23046875
13.994996	1.2255859375
13.995996	1.23046875
13.996996	1.2255859375
13.997996	1.23046875
13.998996	1.2255859375
13.999996	1.2353515625
14.000996	1.23046875
14.001996	1.2353515625
14.002996	1.23046875
14.003996	1.23046875
14.004996	1.23046875
14.006	1.23046875
14.006996	1.23046875
14.008	1.2353515625
14.009	1.2353515625
14.01	1.2353515625
14.011	1.123046875
14.012	0.9814453125
14.012996	0.9033203125
14.013996	0.849609375
14.014996	0.810546875
14.015996	0.771484375
14.016996	0.7568359375
14.017996	0.7470703125
14.018996	0.7275390625
14.019996	0.712890625
14.020996	0.703125
14.021996	0.6982421875
14.022996	0.6982421875
14.023996	0.68359375
14.024996	0.6787109375
14.025996	0.6787109375
14.026996	0.673828125
14.027996	0.673828125
14.028996	0.6591796875
14.029996	0.6640625
14.030996	0.6640625
14.031996	0.6591796875
14.032996	0.6591796875
14.033996	0.6591796875
14.034996	0.6591796875
14.035996	0.654296875
14.036996	0.6591796875
14.037996	0.6494140625
14.038996	0.654296875
14.039996	0.654296875
14.040996	0.654296875
14.041996	0.64453125
14.042996	0.654296875
14.043996	0.6396484375
14.044996	0.654296875
14.045996	0.6494140625
14.046996	0.8740234375
14.047996	0.99609375
14.049	1.0693359375
14.049996	1.1083984375
14.051	1.142578125
14.052	1.162109375
14.053	1.171875
14.054	1.181640625
14.055	1.1962890625
14.055996	1.1962890625
14.056996	1.2060546875
14.057996	1.2109375
14.058996	1.2109375
14.059996	1.2158203125
14.060996	1.220703125
14.061996	1.2255859375
14.062996	1.220703125
14.063996	1.2255859375
14.064996	1.2255859375
14.065996	1.23046875
14.066996	1.23046875
14.067996	1.2255859375
14.068996	1.23046875
14.069996	1.23046875
14.070996	1.2255859375
14.071996	1.23046875
14.072996	1.2353515625
14.073996	1.2353515625
14.074996	1.2353515625
14.075996	1.240234375
14.076996	1.2353515625
14.077996	1.2353515625
14.078996	1.2353515625
14.079996	1.23046875
14.080996	1.1767578125
14.081996	1.005859375
14.082996	0.91796875
14.083996	0.859375
14.084996	0.8154296875
14.085996	0.7861328125
14.086996	0.76171875
14.087996	0.7470703125
14.088996	0.732421875
14.089996	0.72265625
14.091004	0.7080078125
14.091996	0.693359375
14.093	0.6884765625
14.094	0.6884765625
14.095	0.6787109375
14.096	0.673828125
14.097	0.6787109375
14.097996	0.673828125
14.098996	0.6689453125
14.099996	0.6640625
14.100996	0.654296875
14.101996	0.6591796875
14.102996	0.6591796875
14.103996	0.6494140625
14.104996	0.654296875
14.105996	0.6591796875
14.106996	0.654296875
14.107996	0.654296875
14.108996	0.64453125
14.109996	0.6494140625
14.110996	0.6494140625
14.111996	0.64453125
14.112996	0.6494140625
14.113996	0.654296875
14.114996	0.830078125
14.115996	0.9765625
14.116996	1.0595703125
14.117996	1.103515625
14.118996	1.142578125
14.119996	1.1572265625
14.120996	1.1767578125
14.121996	1.1865234375
14.122996	1.1962890625
14.123996	1.1962890625
14.124996	1.201171875
14.125996	1.2060546875
14.126996	1.2109375
14.127996	1.220703125
14.128996	1.2158203125
14.129996	1.220703125
14.130996	1.23046875
14.131996	1.2255859375
14.132996	1.2255859375
14.134	1.2255859375
14.134996	1.2255859375
14.136	1.23046875
14.137	1.23046875
14.138	1.2353515625
14.139	1.2353515625
14.14	1.23046875
14.140996	1.23046875
14.141996	1.2353515625
14.142996	1.2353515625
14.143996	1.23046875
14.144996	1.240234375
14.145996	1.2353515625
14.146996	1.2353515625
14.147996	1.23046875
14.148996	1.1865234375
14.149996	1.005859375
14.150996	0.9228515625
14.151996	0.8642578125
14.152996	0.8203125
14.153996	0.78125
14.154996	0.7568359375
14.155996	0.7470703125
14.156996	0.732421875
14.157996	0.72265625
14.158996	0.7080078125
14.159996	0.7080078125
14.160996	0.693359375
14.161996	0.6884765625
14.162996	0.6787109375
14.163996	0.6787109375
14.164996	0.673828125
14.165996	0.6689453125
14.166996	0.6640625
14.167996	0.6591796875
14.168996	0.6689453125
14.169996	0.6591796875
14.170996	0.654296875
14.171996	0.6591796875
14.172996	0.6591796875
14.173996	0.654296875
14.174996	0.6494140625
14.175996	0.654296875
14.177	0.6494140625
14.177996	0.6494140625
14.179	0.6494140625
14.18	0.64453125
14.181	0.6396484375
14.182	0.64453125
14.183	0.6494140625
14.183996	0.9033203125
14.184996	1.015625
14.185996	1.07421875
14.186996	1.11328125
14.187996	1.142578125
14.188996	1.1572265625
14.189996	1.181640625
14.190996	1.1865234375
14.191996	1.1962890625
14.192996	1.201171875
14.193996	1.2109375
14.194996	1.2158203125
14.195996	1.2109375
14.196996	1.2158203125
14.197996	1.2255859375
14.198996	1.2158203125
14.199996	1.220703125
14.200996	1.2255859375
14.201996	1.220703125
14.202996	1.23046875
14.203996	1.2255859375
14.204996	1.2353515625
14.205996	1.23046875
14.206996	1.2255859375
14.207996	1.2255859375
14.208996	1.2255859375
14.209996	1.23046875
14.210996	1.23046875
14.211996	1.2353515625
14.212996	1.23046875
14.213996	1.23046875
14.214996	1.23046875
14.215996	1.2353515625
14.216996	1.03515625
14.217996	0.9423828125
14.219004	0.8740234375
14.219996	0.8251953125
14.221	0.791015625
14.222	0.7666015625
14.223	0.7470703125
14.224	0.732421875
14.225	0.7177734375
14.225996	0.703125
14.226996	0.6982421875
14.227996	0.6982421875
14.228996	0.68359375
14.229996	0.6787109375
14.230996	0.6787109375
14.231996	0.6787109375
14.232996	0.673828125
14.233996	0.6640625
14.234996	0.6591796875
14.235996	0.6591796875
14.236996	0.6591796875
14.237996	0.6591796875
14.238996	0.6591796875
14.239996	0.654296875
14.240996	0.654296875
14.241996	0.6591796875
14.242996	0.654296875
14.243996	0.64453125
14.244996	0.654296875
14.245996	0.64453125
14.246996	0.6494140625
14.247996	0.6494140625
14.248996	0.6396484375
14.249996	0.64453125
14.250996	0.64453125
14.251996	0.6640625
14.252996	0.9130859375
14.253996	1.0205078125
14.254996	1.083984375
14.255996	1.1181640625
14.256996	1.15234375
14.257996	1.162109375
14.258996	1.171875
14.259996	1.1865234375
14.260996	1.19140625
14.262	1.1962890625
14.262996	1.2109375
14.264	1.2109375
14.265	1.2158203125
14.266	1.2158203125
14.267	1.220703125
14.268	1.2158203125
14.268996	1.220703125
14.269996	1.220703125
14.270996	1.2255859375
14.271996	1.23046875
14.272996	1.23046875
14.273996	1.23046875
14.274996	1.220703125
14.275996	1.23046875
14.276996	1.2353515625
14.277996	1.23046875
14.278996	1.2255859375
14.279996	1.2255859375
14.280996	1.23046875
14.281996	1.23046875
14.282996	1.23046875
14.283996	1.23046875
14.284996	1.23046875
14.285996	1.2353515625
14.286996	1.23046875
14.287996	1.2353515625
14.288996	1.2353515625
14.289996	1.2353515625
14.290996	1.03515625
14.291996	0.9326171875
14.292996	0.869140625
14.293996	0.830078125
14.294996	0.791015625
14.295996	0.76171875
14.296996	0.751953125
14.297996	0.732421875
14.298996	0.72265625
14.299996	0.7080078125
14.300996	0.6982421875
14.301996	0.693359375
14.302996	0.68359375
14.303996	0.6787109375
14.305	0.6787109375
14.305996	0.673828125
14.307	0.6689453125
14.308	0.6689453125
14.309	0.6640625
14.31	0.654296875
14.311	0.6591796875
14.311996	0.6591796875
14.312996	0.6591796875
14.313996	0.6591796875
14.314996	0.6494140625
14.315996	0.654296875
14.316996	0.6591796875
14.317996	0.6494140625
14.318996	0.6494140625
14.319996	0.654296875
14.320996	0.6494140625
14.321996	0.64453125
14.322996	0.64453125
14.323996	0.6494140625
14.324996	0.64453125
14.325996	0.64453125
14.326996	0.64453125
14.327996	0.6396484375
14.328996	0.6396484375
14.329996	0.6396484375
14.330996	0.6494140625
14.331996	0.64453125
14.332996	0.6396484375
14.333996	0.64453125
14.334996	0.6396484375
14.335996	0.6396484375
14.336996	0.64453125
14.337996	0.6396484375
14.338996	0.6396484375
14.339996	0.6396484375
14.340996	0.6396484375
14.341996	0.634765625
14.342996	0.64453125
14.343996	0.6396484375
14.344996	0.6396484375
14.345996	0.64453125
14.347004	0.6396484375
14.347996	0.6396484375
14.349	0.6396484375
14.35	0.6396484375
14.351	0.634765625
14.352	0.6298828125
14.353	0.6396484375
14.353996	0.6396484375
14.354996	0.6396484375
14.355996	0.64453125
14.356996	0.6396484375
14.357996	0.634765625
14.358996	0.6396484375
14.359996	0.634765625
14.360996	0.6396484375
14.361996	0.6396484375
14.362996	0.6298828125
14.363996	0.6396484375
14.364996	0.634765625
14.365996	0.634765625
14.366996	0.6396484375
14.367996	0.634765625
14.368996	0.634765625
14.369996	0.6396484375
14.370996	0.6396484375
14.371996	0.634765625
14.372996	0.6396484375
14.373996	0.634765625
14.374996	0.64453125
14.375996	0.6396484375
14.376996	0.634765625
14.377996	0.634765625
14.378996	0.634765625
14.379996	0.634765625
14.380996	0.6298828125
14.381996	0.6396484375
14.382996	0.6396484375
14.383996	0.6298828125
14.384996	0.6298828125
14.385996	0.6396484375
14.386996	0.6298828125
14.387996	0.6298828125
14.388996	0.6298828125
14.39	0.6298828125
14.390996	0.634765625
14.392	0.634765625
14.393	0.6298828125
14.394	0.6298828125
14.395	0.634765625
14.396	0.6298828125
14.396996	0.634765625
14.397996	0.634765625
14.398996	0.6396484375
14.399996	0.634765625
14.400996	0.634765625
14.401996	0.6298828125
14.402996	0.6298828125
14.403996	0.634765625
14.404996	0.6298828125
14.405996	0.6396484375
14.406996	0.6298828125
14.407996	0.6396484375
14.408996	0.6396484375
14.409996	0.6396484375
14.410996	0.634765625
14.411996	0.6298828125
14.412996	0.634765625
14.413996	0.6298828125
14.414996	0.634765625
14.415996	0.6396484375
14.416996	0.634765625
14.417996	0.634765625
14.418996	0.6298828125
14.419996	0.6298828125
14.420996	0.634765625
14.421996	0.6298828125
14.422996	0.634765625
14.423996	0.6396484375
14.424996	0.6298828125
14.425996	0.6396484375
14.426996	0.634765625
14.427996	0.6298828125
14.428996	0.634765625
14.429996	0.634765625
14.430996	0.634765625
14.431996	0.6396484375
14.433	0.634765625
14.433996	0.6298828125
14.435	0.6298828125
14.436	0.634765625
14.437	0.6298828125
14.438	0.634765625
14.439	0.634765625
14.439996	0.6396484375
14.440996	0.634765625
14.441996	0.64453125
14.442996	0.6298828125
14.443996	0.64453125
14.444996	0.6298828125
14.445996	0.6298828125
14.446996	0.634765625
14.447996	0.634765625
14.448996	0.6396484375
14.449996	0.634765625
14.450996	0.634765625
14.451996	0.6298828125
14.452996	0.6298828125
14.453996	0.6298828125
14.454996	0.625
14.455996	0.6298828125
14.456996	0.6396484375
14.457996	0.6298828125
14.458996	0.6298828125
14.459996	0.6298828125
14.460996	0.634765625
14.461996	0.625
14.462996	0.634765625
14.463996	0.634765625
14.464996	0.6298828125
14.465996	0.634765625
14.466996	0.634765625
14.467996	0.634765625
14.468996	0.634765625
14.469996	0.634765625
14.470996	0.6298828125
14.471996	0.625
14.472996	0.634765625
14.473996	0.6298828125
14.475004	0.634765625
14.475996	0.6298828125
14.477	0.6298828125
14.478	0.634765625
14.479	0.6298828125
14.48	0.6298828125
14.481	0.6298828125
14.481996	0.6396484375
14.482996	0.634765625
14.483996	0.634765625
14.484996	0.6298828125
14.485996	0.634765625
14.486996	0.6298828125
14.487996	0.6396484375
14.488996	0.634765625
14.489996	0.6298828125
14.490996	0.6298828125
14.491996	0.634765625
14.492996	0.634765625
14.493996	0.634765625
14.494996	0.6298828125
14.495996	0.634765625
14.496996	0.6298828125
14.497996	0.634765625
14.498996	0.6298828125
14.499996	0.6298828125
14.500996	0.634765625
14.501996	0.634765625
14.502996	0.6298828125
14.503996	0.64453125
14.504996	0.634765625
14.505996	0.6298828125
14.506996	0.634765625
14.507996	0.6298828125
14.508996	0.6298828125
14.509996	0.6298828125
14.510996	0.6298828125
14.511996	0.625
14.512996	0.634765625
14.513996	0.6298828125
14.514996	0.625
14.515996	0.6396484375
14.516996	0.6298828125
14.518	0.6298828125
14.518996	0.6298828125
14.52	0.634765625
14.521	0.6298828125
14.522	0.634765625
14.523	0.634765625
14.524	0.6298828125
14.524996	0.634765625
14.525996	0.634765625
14.526996	0.634765625
14.527996	0.634765625
14.528996	0.634765625
14.529996	0.634765625
14.530996	0.634765625
14.531996	0.6298828125
14.532996	0.634765625
14.533996	0.634765625
14.534996	0.625
14.535996	0.6298828125
14.536996	0.6298828125
14.537996	0.634765625
14.538996	0.634765625
14.539996	0.634765625
14.540996	0.6396484375
14.541996	0.634765625
14.542996	0.634765625
14.543996	0.6396484375
14.544996	0.625
14.545996	0.6298828125
14.546996	0.634765625
14.547996	0.634765625
14.548996	0.6298828125
14.549996	0.634765625
14.550996	0.6298828125
14.551996	0.634765625
14.552996	0.634765625
14.553996	0.6396484375
14.554996	0.634765625
14.555996	0.6298828125
14.556996	0.6298828125
14.557996	0.634765625
14.558996	0.634765625
14.559996	0.6396484375
14.561	0.6396484375
14.561996	0.6298828125
14.563	0.6298828125
14.564	0.6298828125
14.565	0.6396484375
14.566	0.634765625
14.567	0.6298828125
14.567996	0.6298828125
14.568996	0.634765625
14.569996	0.6298828125
14.570996	0.634765625
14.571996	0.6298828125
14.572996	0.6298828125
14.573996	0.634765625
14.574996	0.625
14.575996	0.634765625
14.576996	0.6298828125
14.577996	0.634765625
14.578996	0.6396484375
14.579996	0.634765625
14.580996	0.6298828125
14.581996	0.6298828125
14.582996	0.634765625
14.583996	0.6298828125
14.584996	0.634765625
14.585996	0.634765625
14.586996	0.6298828125
14.587996	0.625
14.588996	0.6298828125
14.589996	0.6298828125
14.590996	0.625
14.591996	0.634765625
14.592996	0.634765625
14.593996	0.625
14.594996	0.634765625
14.595996	0.634765625
14.596996	0.6298828125
14.597996	0.634765625
14.598996	0.6298828125
14.599996	0.634765625
14.600996	0.6298828125
14.601996	0.6396484375
14.603004	0.634765625
14.603996	0.634765625
14.605	0.6298828125
14.606	0.6298828125
14.607	0.634765625
14.608	0.634765625
14.609	0.634765625
14.609996	0.6298828125
14.610996	0.6298828125
14.611996	0.634765625
14.612996	0.6298828125
14.613996	0.6298828125
14.614996	0.6298828125
14.615996	0.6298828125
14.616996	0.6298828125
14.617996	0.634765625
14.618996	0.634765625
14.619996	0.634765625
14.620996	0.6298828125
14.621996	0.634765625
14.622996	0.634765625
14.623996	0.6298828125
14.624996	0.6298828125
14.625996	0.634765625
14.626996	0.6298828125
14.627996	0.634765625
14.628996	0.634765625
14.629996	0.634765625
14.630996	0.634765625
14.631996	0.634765625
14.632996	0.6298828125
14.633996	0.6396484375
14.634996	0.634765625
14.635996	0.6298828125
14.636996	0.634765625
14.637996	0.6298828125
14.638996	0.634765625
14.639996	0.634765625
14.640996	0.625
14.641996	0.6298828125
14.642996	0.634765625
14.643996	0.634765625
14.644996	0.6298828125
14.646	0.634765625
14.646996	0.6298828125
14.648	0.6298828125
14.649	0.634765625
14.65	0.634765625
14.651	0.634765625
14.652	0.634765625
14.652996	0.6298828125
14.653996	0.6298828125
14.654996	0.634765625
14.655996	0.634765625
14.656996	0.6298828125
14.657996	0.634765625
14.658996	0.634765625
14.659996	0.634765625
14.660996	0.634765625
14.661996	0.6298828125
14.662996	0.634765625
14.663996	0.6298828125
14.664996	0.634765625
14.665996	0.6298828125
14.666996	0.6298828125
14.667996	0.634765625
14.668996	0.6298828125
14.669996	0.6298828125
14.670996	0.6298828125
14.671996	0.634765625
14.672996	0.6298828125
14.673996	0.634765625
14.674996	0.634765625
14.675996	0.634765625
14.676996	0.6298828125
14.677996	0.634765625
14.678996	0.6298828125
14.679996	0.634765625
14.680996	0.6298828125
14.681996	0.6396484375
14.682996	0.634765625
14.683996	0.634765625
14.684996	0.634765625
14.685996	0.6298828125
14.686996	0.6298828125
14.687996	0.6396484375
14.689	0.634765625
14.689996	0.6396484375
14.691	0.6298828125
14.692	0.6298828125
14.693	0.634765625
14.694	0.6396484375
14.695	0.6298828125
14.695996	0.634765625
14.696996	0.6298828125
14.697996	0.6298828125
14.698996	0.6396484375
14.699996	0.6396484375
14.700996	0.634765625
14.701996	0.634765625
14.702996	0.6298828125
14.703996	0.6298828125
14.704996	0.634765625
14.705996	0.6298828125
14.706996	0.6396484375
14.707996	0.64453125
14.708996	0.625
14.709996	0.634765625
14.710996	0.6298828125
14.711996	0.634765625
14.712996	0.6298828125
14.713996	0.634765625
14.714996	0.6298828125
14.715996	0.6396484375
14.716996	0.6298828125
14.717996	0.6298828125
14.718996	0.634765625
14.719996	0.634765625
14.720996	0.6298828125
14.721996	0.6298828125
14.722996	0.6298828125
14.723996	0.6298828125
14.724996	0.634765625
14.725996	0.634765625
14.726996	0.6298828125
14.727996	0.6298828125
14.728996	0.6298828125
14.729996	0.634765625
14.731004	0.634765625
14.731996	0.6298828125
14.733	0.6298828125
14.734	0.634765625
14.735	0.634765625
14.736	0.6298828125
14.737	0.6298828125
14.737996	0.634765625
14.738996	0.6298828125
14.739996	0.6298828125
14.740996	0.625
14.741996	0.634765625
14.742996	0.634765625
14.743996	0.6298828125
14.744996	0.6298828125
14.745996	0.634765625
14.746996	0.634765625
14.747996	0.634765625
14.748996	0.634765625
14.749996	0.6396484375
14.750996	0.6298828125
14.751996	0.634765625
14.752996	0.6298828125
14.753996	0.6298828125
14.754996	0.634765625
14.755996	0.634765625
14.756996	0.6298828125
14.757996	0.634765625
14.758996	0.6298828125
14.759996	0.6298828125
14.760996	0.6298828125
14.761996	0.634765625
14.762996	0.6298828125
14.763996	0.634765625
14.764996	0.64453125
14.765996	0.6396484375
14.766996	0.6298828125
14.767996	0.634765625
14.768996	0.6396484375
14.769996	0.6298828125
14.770996	0.634765625
14.771996	0.6298828125
14.772996	0.6396484375
14.774	0.6298828125
14.774996	0.634765625
14.776	0.625
14.777	0.634765625
14.778	0.6298828125
14.779	0.625
14.78	0.625
14.780996	0.64453125
14.781996	0.6298828125
14.782996	0.625
14.783996	0.634765625
14.784996	0.6298828125
14.785996	0.634765625
14.786996	0.6298828125
14.787996	0.634765625
14.788996	0.634765625
14.789996	0.634765625
14.790996	0.634765625
14.791996	0.634765625
14.792996	0.634765625
14.793996	0.634765625
14.794996	0.6298828125
14.795996	0.6298828125
14.796996	0.634765625
14.797996	0.6298828125
14.798996	0.634765625
14.799996	0.6396484375
14.800996	0.6298828125
14.801996	0.634765625
14.802996	0.6298828125
14.803996	0.634765625
14.804996	0.6298828125
14.805996	0.6298828125
14.806996	0.6396484375
14.807996	0.634765625
14.808996	0.634765625
14.809996	0.6396484375
14.810996	0.6298828125
14.811996	0.6298828125
14.812996	0.6298828125
14.813996	0.634765625
14.814996	0.634765625
14.815996	0.634765625
14.817	0.6298828125
14.817996	0.634765625
14.819	0.634765625
14.82	0.6298828125
14.821	0.6298828125
14.822	0.634765625
14.823	0.6396484375
14.823996	0.6298828125
14.824996	0.634765625
14.825996	0.6298828125
14.826996	0.6396484375
14.827996	0.6298828125
14.828996	0.634765625
14.829996	0.625
14.830996	0.6396484375
14.831996	0.634765625
14.832996	0.634765625
14.833996	0.634765625
14.834996	0.634765625
14.835996	0.634765625
14.836996	0.625
14.837996	0.634765625
14.838996	0.634765625
14.839996	0.634765625
14.840996	0.634765625
14.841996	0.6298828125
14.842996	0.625
14.843996	0.6298828125
14.844996	0.634765625
14.845996	0.6298828125
14.846996	0.6298828125
14.847996	0.634765625
14.848996	0.634765625
14.849996	0.634765625
14.850996	0.6298828125
14.851996	0.6298828125
14.852996	0.634765625
14.853996	0.6396484375
14.854996	0.6298828125
14.855996	0.6396484375
14.856996	0.6298828125
14.857996	0.6298828125
14.859004	0.6298828125
14.859996	0.634765625
14.861	0.6298828125
14.862	0.6298828125
14.863	0.6298828125
14.864	0.6298828125
14.865	0.6396484375
14.865996	0.634765625
14.866996	0.6298828125
14.867996	0.6298828125
14.868996	0.634765625
14.869996	0.634765625
14.870996	0.634765625
14.871996	0.6298828125
14.872996	0.6298828125
14.873996	0.634765625
14.874996	0.634765625
14.875996	0.625
14.876996	0.6298828125
14.877996	0.634765625
14.878996	0.6298828125
14.879996	0.625
14.880996	0.6396484375
14.881996	0.634765625
14.882996	0.6298828125
14.883996	0.6396484375
14.884996	0.6298828125
14.885996	0.634765625
14.886996	0.634765625
14.887996	0.634765625
14.888996	0.634765625
14.889996	0.6298828125
14.890996	0.634765625
14.891996	0.6298828125
14.892996	0.6298828125
14.893996	0.634765625
14.894996	0.6298828125
14.895996	0.634765625
14.896996	0.634765625
14.897996	0.634765625
14.898996	0.6298828125
14.899996	0.634765625
14.900996	0.6298828125
14.902	0.634765625
14.902996	0.6298828125
14.904	0.634765625
14.905	0.634765625
14.906	0.634765625
14.907	0.634765625
14.908	0.6298828125
14.908996	0.634765625
14.909996	0.625
14.910996	0.6298828125
14.911996	0.6396484375
14.912996	0.634765625
14.913996	0.6298828125
14.914996	0.6396484375
14.915996	0.6298828125
14.916996	0.6298828125
14.917996	0.6298828125
14.918996	0.634765625
14.919996	0.634765625
14.920996	0.6298828125
14.921996	0.6298828125
14.922996	0.6396484375
14.923996	0.6298828125
14.924996	0.6298828125
14.925996	0.6298828125
14.926996	0.634765625
14.927996	0.6298828125
14.928996	0.634765625
14.929996	0.634765625
14.930996	0.6298828125
14.931996	0.634765625
14.932996	0.625
14.933996	0.6298828125
14.934996	0.6396484375
14.935996	0.6298828125
14.936996	0.6298828125
14.937996	0.6298828125
14.938996	0.634765625
14.939996	0.6298828125
14.940996	0.634765625
14.941996	0.6298828125
14.942996	0.625
14.943996	0.634765625
14.945	0.634765625
14.945996	0.6298828125
14.947	0.6298828125
14.948	0.6298828125
14.949	0.625
14.95	0.634765625
14.951	0.634765625
14.951996	0.6298828125
14.952996	0.634765625
14.953996	0.634765625
14.954996	0.625
14.955996	0.634765625
14.956996	0.634765625
14.957996	0.625
14.958996	0.634765625
14.959996	0.6298828125
14.960996	0.6298828125
14.961996	0.634765625
14.962996	0.6298828125
14.963996	0.6298828125
14.964996	0.6298828125
14.965996	0.634765625
14.966996	0.6298828125
14.967996	0.6298828125
14.968996	0.634765625
14.969996	0.6298828125
14.970996	0.634765625
14.971996	0.625
14.972996	0.634765625
14.973996	0.6298828125
14.974996	0.6298828125
14.975996	0.625
14.976996	0.634765625
14.977996	0.634765625
14.978996	0.6298828125
14.979996	0.634765625
14.980996	0.634765625
14.981996	0.6298828125
14.982996	0.6298828125
14.983996	0.634765625
14.984996	0.634765625
14.985996	0.6298828125
14.987004	0.6298828125
14.987996	0.634765625
14.989	0.634765625
14.99	0.6298828125
14.991	0.634765625
14.992	0.634765625
14.993	0.634765625
14.993996	0.634765625
14.994996	0.625
14.995996	0.6298828125
14.996996	0.6298828125
14.997996	0.6298828125
14.998996	0.634765625
14.999996	0.634765625
15.000996	0.634765625
15.001996	0.634765625
15.002996	0.634765625
15.003996	0.6396484375
15.004996	0.634765625
15.005996	0.6298828125
15.006996	0.634765625
15.007996	0.6298828125
15.008996	0.6298828125
15.009996	0.6298828125
15.010996	0.625
15.011996	0.6396484375
15.012996	0.6298828125
15.013996	0.6298828125
15.014996	0.625
15.015996	0.6298828125
15.016996	0.6298828125
15.017996	0.634765625
15.018996	0.634765625
15.019996	0.634765625
15.020996	0.6298828125
15.021996	0.6298828125
15.022996	0.634765625
15.023996	0.625
15.024996	0.6298828125
15.025996	0.6298828125
15.026996	0.6298828125
15.027996	0.625
15.028996	0.6298828125
15.03	0.6298828125
15.030996	0.6298828125
15.032	0.634765625
15.033	0.6396484375
15.034	0.634765625
15.035	0.634765625
15.036	0.6298828125
15.036996	0.6298828125
15.037996	0.6298828125
15.038996	0.625
15.039996	0.6298828125
15.040996	0.6298828125
15.041996	0.634765625
15.042996	0.6298828125
15.043996	0.6396484375
15.044996	0.6298828125
15.045996	0.6298828125
15.046996	0.6298828125
15.047996	0.6298828125
15.048996	0.6298828125
15.049996	0.6298828125
15.050996	0.634765625
15.051996	0.634765625
15.052996	0.6298828125
15.053996	0.634765625
15.054996	0.634765625
15.055996	0.6298828125
15.056996	0.634765625
15.057996	0.625
15.058996	0.634765625
15.059996	0.634765625
15.060996	0.6396484375
15.061996	0.634765625
15.062996	0.625
15.063996	0.634765625
15.064996	0.634765625
15.065996	0.6298828125
15.066996	0.6298828125
15.067996	0.6298828125
15.068996	0.634765625
15.069996	0.6298828125
15.070996	0.625
15.071996	0.6396484375
15.073	0.6298828125
15.073996	0.6298828125
15.075	0.634765625
15.076	0.6298828125
15.077	0.634765625
15.078	0.6201171875
15.079	0.6298828125
15.079996	0.6298828125
15.080996	0.625
15.081996	0.625
15.082996	0.6298828125
15.083996	0.634765625
15.084996	0.6298828125
15.085996	0.6298828125
15.086996	0.6298828125
15.087996	0.6298828125
15.088996	0.634765625
15.089996	0.625
15.090996	0.6298828125
15.091996	0.6298828125
15.092996	0.6298828125
15.093996	0.6298828125
15.094996	0.634765625
15.095996	0.6298828125
15.096996	0.6298828125
15.097996	0.6298828125
15.098996	0.634765625
15.099996	0.6298828125
15.100996	0.6298828125
15.101996	0.625
15.102996	0.625
15.103996	0.634765625
15.104996	0.6298828125
15.105996	0.6298828125
15.106996	0.6298828125
15.107996	0.6298828125
15.108996	0.634765625
15.109996	0.625
15.110996	0.625
15.111996	0.6298828125
15.112996	0.634765625
15.113996	0.634765625
15.115004	0.6298828125
15.115996	0.6396484375
15.117	0.625
15.118	0.634765625
15.119	0.6396484375
15.12	0.634765625
15.121	0.625
15.121996	0.634765625
15.122996	0.6298828125
15.123996	0.6298828125
15.124996	0.6298828125
15.125996	0.6298828125
15.126996	0.634765625
15.127996	0.625
15.128996	0.6298828125
15.129996	0.625
15.130996	0.634765625
15.131996	0.634765625
15.132996	0.6396484375
15.133996	0.6298828125
15.134996	0.625
15.135996	0.6298828125
15.136996	0.634765625
15.137996	0.6298828125
15.138996	0.625
15.139996	0.6298828125
15.140996	0.634765625
15.141996	0.625
15.142996	0.634765625
15.143996	0.6298828125
15.144996	0.6298828125
15.145996	0.6298828125
15.146996	0.6298828125
15.147996	0.6298828125
15.148996	0.6298828125
15.149996	0.6298828125
15.150996	0.625
15.151996	0.625
15.152996	0.6298828125
15.153996	0.6298828125
15.154996	0.625
15.155996	0.6298828125
15.156996	0.6298828125
15.158	0.6298828125
15.158996	0.6298828125
15.16	0.6298828125
15.161	0.634765625
15.162	0.634765625
15.163	0.6298828125
15.164	0.6298828125
15.164996	0.625
15.165996	0.6298828125
15.166996	0.634765625
15.167996	0.6298828125
15.168996	0.625
15.169996	0.6298828125
15.170996	0.6298828125
15.171996	0.634765625
15.172996	0.625
15.173996	0.634765625
15.174996	0.634765625
15.175996	0.625
15.176996	0.6298828125
15.177996	0.625
15.178996	0.6298828125
15.179996	0.625
15.180996	0.6298828125
15.181996	0.6298828125
15.182996	0.6298828125
15.183996	0.625
15.184996	0.6298828125
15.185996	0.6298828125
15.186996	0.6298828125
15.187996	0.625
15.188996	0.625
15.189996	0.634765625
15.190996	0.634765625
15.191996	0.625
15.192996	0.6298828125
15.193996	0.625
15.194996	0.625
15.195996	0.6298828125
15.196996	0.634765625
15.197996	0.634765625
15.198996	0.625
15.199996	0.634765625
15.201	0.6298828125
15.201996	0.6298828125
15.203	0.6298828125
15.204	0.6298828125
15.205	0.625
15.206	0.6298828125
15.207	0.634765625
15.207996	0.625
15.208996	0.6298828125
15.209996	0.6298828125
15.210996	0.634765625
15.211996	0.6298828125
15.212996	0.6201171875
15.213996	0.625
15.214996	0.625
15.215996	0.634765625
15.216996	0.6298828125
15.217996	0.634765625
15.218996	0.634765625
15.219996	0.6298828125
15.220996	0.634765625
15.221996	0.6298828125
15.222996	0.634765625
15.223996	0.6298828125
15.224996	0.625
15.225996	0.6298828125
15.226996	0.6298828125
15.227996	0.6298828125
15.228996	0.6298828125
15.229996	0.6298828125
15.230996	0.625
15.231996	0.634765625
15.232996	0.6298828125
15.233996	0.6298828125
15.234996	0.625
15.235996	0.6298828125
15.236996	0.6298828125
15.237996	0.625
15.238996	0.625
15.239996	0.6298828125
15.240996	0.6298828125
15.241996	0.634765625
15.243004	0.634765625
15.243996	0.6298828125
15.245	0.6298828125
15.246	0.634765625
15.247	0.6298828125
15.248	0.6298828125
15.249	0.625
15.249996	0.634765625
15.250996	0.6298828125
15.251996	0.625
15.252996	0.634765625
15.253996	0.625
15.254996	0.6298828125
15.255996	0.634765625
15.256996	0.6298828125
15.257996	0.634765625
15.258996	0.6298828125
15.259996	0.6298828125
15.260996	0.625
15.261996	0.634765625
15.262996	0.6298828125
15.263996	0.625
15.264996	0.625
15.265996	0.6298828125
15.266996	0.6298828125
15.267996	0.6298828125
15.268996	0.6298828125
15.269996	0.6298828125
15.270996	0.6298828125
15.271996	0.6298828125
15.272996	0.634765625
15.273996	0.6298828125
15.274996	0.625
15.275996	0.634765625
15.276996	0.6201171875
15.277996	0.6298828125
15.278996	0.634765625
15.279996	0.6298828125
15.280996	0.6298828125
15.281996	0.6298828125
15.282996	0.634765625
15.283996	0.634765625
15.284996	0.625
15.286	0.6298828125
15.286996	0.634765625
15.288	0.634765625
15.289	0.6298828125
15.29	0.634765625
15.291	0.6298828125
15.292	0.6298828125
15.292996	0.6298828125
15.293996	0.6298828125
15.294996	0.634765625
15.295996	0.6298828125
15.296996	0.6298828125
15.297996	0.6298828125
15.298996	0.6298828125
15.299996	0.6298828125
15.300996	0.625
15.301996	0.625
15.302996	0.634765625
15.303996	0.634765625
15.304996	0.6298828125
15.305996	0.625
15.306996	0.6298828125
15.307996	0.6298828125
15.308996	0.625
15.309996	0.6298828125
15.310996	0.625
15.311996	0.625
15.312996	0.634765625
15.313996	0.625
15.314996	0.625
15.315996	0.634765625
15.316996	0.6298828125
15.317996	0.634765625
15.318996	0.6298828125
15.319996	0.625
15.320996	0.6298828125
15.321996	0.6298828125
15.322996	0.6298828125
15.323996	0.6298828125
15.324996	0.634765625
15.325996	0.6298828125
15.326996	0.625
15.327996	0.625
15.329	0.634765625
15.329996	0.625
15.331	0.6298828125
15.332	0.6298828125
15.333	0.634765625
15.334	0.6298828125
15.335	0.6298828125
15.335996	0.6298828125
15.336996	0.634765625
15.337996	0.625
15.338996	0.6298828125
15.339996	0.625
15.340996	0.634765625
15.341996	0.634765625
15.342996	0.6298828125
15.343996	0.6201171875
15.344996	0.6298828125
15.345996	0.6298828125
15.346996	0.625
15.347996	0.6298828125
15.348996	0.6298828125
15.349996	0.6298828125
15.350996	0.625
15.351996	0.625
15.352996	0.634765625
15.353996	0.625
15.354996	0.625
15.355996	0.634765625
15.356996	0.634765625
15.357996	0.625
15.358996	0.6298828125
15.359996	0.6298828125
15.360996	0.6298828125
15.361996	0.625
15.362996	0.625
15.363996	0.6201171875
15.364996	0.6298828125
15.365996	0.6298828125
15.366996	0.634765625
15.367996	0.634765625
15.368996	0.6396484375
15.369996	0.6396484375
15.371004	0.6298828125
15.371996	0.6298828125
15.373	0.6298828125
15.374	0.634765625
15.375	0.6298828125
15.376	0.6298828125
15.377	0.625
15.377996	0.625
15.378996	0.6298828125
15.379996	0.634765625
15.380996	0.6201171875
15.381996	0.6298828125
15.382996	0.625
15.383996	0.634765625
15.384996	0.6298828125
15.385996	0.634765625
15.386996	0.6298828125
15.387996	0.6298828125
15.388996	0.625
15.389996	0.6298828125
15.390996	0.634765625
15.391996	0.625
15.392996	0.625
15.393996	0.6298828125
15.394996	0.625
15.395996	0.6298828125
15.396996	0.634765625
15.397996	0.6298828125
15.398996	0.625
15.399996	0.625
15.400996	0.625
15.401996	0.6298828125
15.402996	0.6298828125
15.403996	0.625
15.404996	0.6298828125
15.405996	0.6298828125
15.406996	0.6298828125
15.407996	0.6298828125
15.408996	0.634765625
15.409996	0.6298828125
15.410996	0.625
15.411996	0.6298828125
15.412996	0.634765625
15.414	0.634765625
15.414996	0.6298828125
15.416	0.6298828125
15.417	0.6298828125
15.418	0.6298828125
15.419	0.625
15.42	0.6298828125
15.420996	0.634765625
15.421996	0.634765625
15.422996	0.6298828125
15.423996	0.634765625
15.424996	0.6298828125
15.425996	0.6298828125
15.426996	0.625
15.427996	0.634765625
15.428996	0.6298828125
15.429996	0.6298828125
15.430996	0.6298828125
15.431996	0.6298828125
15.432996	0.6298828125
15.433996	0.625
15.434996	0.625
15.435996	0.625
15.436996	0.6298828125
15.437996	0.6298828125
15.438996	0.634765625
15.439996	0.625
15.440996	0.6298828125
15.441996	0.625
15.442996	0.6298828125
15.443996	0.6298828125
15.444996	0.634765625
15.445996	0.6298828125
15.446996	0.6298828125
15.447996	0.6298828125
15.448996	0.6298828125
15.449996	0.6298828125
15.450996	0.6201171875
15.451996	0.634765625
15.452996	0.634765625
15.453996	0.6298828125
15.454996	0.625
15.455996	0.6298828125
15.457	0.625
15.457996	0.625
15.459	0.6298828125
15.46	0.625
15.461	0.6298828125
15.462	0.6298828125
15.463	0.634765625
15.463996	0.6298828125
15.464996	0.6298828125
15.465996	0.634765625
15.466996	0.625
15.467996	0.6298828125
15.468996	0.6298828125
15.469996	0.634765625
15.470996	0.6298828125
15.471996	0.625
15.472996	0.6298828125
15.473996	0.6298828125
15.474996	0.625
15.475996	0.6298828125
15.476996	0.6298828125
15.477996	0.625
15.478996	0.6201171875
15.479996	0.625
15.480996	0.6298828125
15.481996	0.6298828125
15.482996	0.634765625
15.483996	0.6298828125
15.484996	0.6298828125
15.485996	0.634765625
15.486996	0.6298828125
15.487996	0.6201171875
15.488996	0.6298828125
15.489996	0.6298828125
15.490996	0.6298828125
15.491996	0.6201171875
15.492996	0.625
15.493996	0.6201171875
15.494996	0.6298828125
15.495996	0.6298828125
15.496996	0.6298828125
15.497996	0.634765625
15.499004	0.6298828125
15.499996	0.6298828125
15.501	0.6298828125
15.502	0.6201171875
15.503	0.625
15.504	0.6298828125
15.505	0.625
15.505996	0.6298828125
15.506996	0.625
15.507996	0.625
15.508996	0.6201171875
15.509996	0.6298828125
15.510996	0.625
15.511996	0.6298828125
15.512996	0.625
15.513996	0.6298828125
15.514996	0.625
15.515996	0.6298828125
15.516996	0.625
15.517996	0.6298828125
15.518996	0.625
15.519996	0.634765625
15.520996	0.625
15.521996	0.6298828125
15.522996	0.625
15.523996	0.6298828125
15.524996	0.625
15.525996	0.634765625
15.526996	0.6298828125
15.527996	0.634765625
15.528996	0.6298828125
15.529996	0.625
15.530996	0.634765625
15.531996	0.6298828125
15.532996	0.6298828125
15.533996	0.6201171875
15.534996	0.625
15.535996	0.634765625
15.536996	0.6201171875
15.537996	0.634765625
15.538996	0.625
15.539996	0.6298828125
15.540996	0.6298828125
15.542	0.634765625
15.542996	0.6298828125
15.544	0.6298828125
15.545	0.625
15.546	0.625
15.547	0.6298828125
15.548	0.6298828125
15.548996	0.625
15.549996	0.6298828125
15.550996	0.6298828125
15.551996	0.634765625
15.552996	0.6298828125
15.553996	0.625
15.554996	0.6298828125
15.555996	0.625
15.556996	0.634765625
15.557996	0.634765625
15.558996	0.6298828125
15.559996	0.634765625
15.560996	0.6201171875
15.561996	0.625
15.562996	0.6298828125
15.563996	0.634765625
15.564996	0.6298828125
15.565996	0.625
15.566996	0.6298828125
15.567996	0.6298828125
15.568996	0.634765625
15.569996	0.6201171875
15.570996	0.6298828125
15.571996	0.6298828125
15.572996	0.634765625
15.573996	0.634765625
15.574996	0.6298828125
15.575996	0.6201171875
15.576996	0.625
15.577996	0.634765625
15.578996	0.6298828125
15.579996	0.634765625
15.580996	0.6298828125
15.581996	0.625
15.582996	0.634765625
15.583996	0.625
15.585	0.6298828125
15.585996	0.625
15.587	0.6298828125
15.588	0.6298828125
15.589	0.6298828125
15.59	0.634765625
15.591	0.6298828125
15.591996	0.634765625
15.592996	0.6298828125
15.593996	0.625
15.594996	0.6298828125
15.595996	0.6298828125
15.596996	0.6298828125
15.597996	0.6298828125
15.598996	0.6298828125
15.599996	0.625
15.600996	0.6298828125
15.601996	0.6298828125
15.602996	0.625
15.603996	0.625
15.604996	0.6298828125
15.605996	0.6298828125
15.606996	0.625
15.607996	0.625
15.608996	0.6298828125
15.609996	0.6298828125
15.610996	0.6201171875
15.611996	0.6298828125
15.612996	0.625
15.613996	0.625
15.614996	0.6298828125
15.615996	0.6298828125
15.616996	0.6298828125
15.617996	0.6298828125
15.618996	0.625
15.619996	0.6396484375
15.620996	0.6201171875
15.621996	0.6298828125
15.622996	0.6298828125
15.623996	0.6298828125
15.624996	0.6298828125
15.625996	0.634765625
15.627004	0.6298828125
15.627996	0.6298828125
15.629	0.625
15.63	0.634765625
15.631	0.6298828125
15.632	0.6201171875
15.633	0.6298828125
15.633996	0.6298828125
15.634996	0.6201171875
15.635996	0.625
15.636996	0.6298828125
15.637996	0.6298828125
15.638996	0.6201171875
15.639996	0.6298828125
15.640996	0.625
15.641996	0.6298828125
15.642996	0.634765625
15.643996	0.625
15.644996	0.634765625
15.645996	0.625
15.646996	0.6298828125
15.647996	0.6298828125
15.648996	0.625
15.649996	0.625
15.650996	0.6298828125
15.651996	0.625
15.652996	0.625
15.653996	0.6298828125
15.654996	0.6298828125
15.655996	0.625
15.656996	0.634765625
15.657996	0.6298828125
15.658996	0.6298828125
15.659996	0.625
15.660996	0.625
15.661996	0.6298828125
15.662996	0.625
15.663996	0.625
15.664996	0.6298828125
15.665996	0.6298828125
15.666996	0.625
15.667996	0.625
15.668996	0.6298828125
15.67	0.6298828125
15.670996	0.6298828125
15.672	0.6298828125
15.673	0.6298828125
15.674	0.634765625
15.675	0.634765625
15.676	0.6298828125
15.676996	0.625
15.677996	0.6396484375
15.678996	0.6298828125
15.679996	0.634765625
15.680996	0.625
15.681996	0.6298828125
15.682996	0.634765625
15.683996	0.625
15.684996	0.6298828125
15.685996	0.634765625
15.686996	0.6298828125
15.687996	0.634765625
15.688996	0.6298828125
15.689996	0.625
15.690996	0.634765625
15.691996	0.6298828125
15.692996	0.625
15.693996	0.625
15.694996	0.634765625
15.695996	0.634765625
15.696996	0.6298828125
15.697996	0.625
15.698996	0.625
15.699996	0.6298828125
15.700996	0.625
15.701996	0.6298828125
15.702996	0.6298828125
15.703996	0.634765625
15.704996	0.634765625
15.705996	0.634765625
15.706996	0.6298828125
15.707996	0.6298828125
15.708996	0.625
15.709996	0.6298828125
15.710996	0.6298828125
15.711996	0.625
15.713	0.6298828125
15.713996	0.6298828125
15.715	0.6298828125
15.716	0.634765625
15.717	0.634765625
15.718	0.6201171875
15.719	0.6298828125
15.719996	0.634765625
15.720996	0.634765625
15.721996	0.634765625
15.722996	0.6298828125
15.723996	0.6298828125
15.724996	0.625
15.725996	0.6298828125
15.726996	0.625
15.727996	0.625
15.728996	0.6298828125
15.729996	0.625
15.730996	0.625
15.731996	0.6298828125
15.732996	0.6298828125
15.733996	0.634765625
15.734996	0.6298828125
15.735996	0.6298828125
15.736996	0.6298828125
15.737996	0.6298828125
15.738996	0.634765625
15.739996	0.6298828125
15.740996	0.634765625
15.741996	0.6298828125
15.742996	0.6298828125
15.743996	0.625
15.744996	0.6298828125
15.745996	0.6298828125
15.746996	0.634765625
15.747996	0.634765625
15.748996	0.625
15.749996	0.634765625
15.750996	0.625
15.751996	0.634765625
15.752996	0.625
15.753996	0.625
15.755004	0.634765625
15.755996	0.6298828125
15.757	0.6298828125
15.758	0.634765625
15.759	0.6201171875
15.76	0.6298828125
15.761	0.625
15.761996	0.634765625
15.762996	0.6298828125
15.763996	0.625
15.764996	0.625
15.765996	0.625
15.766996	0.6201171875
15.767996	0.625
15.768996	0.625
15.769996	0.625
15.770996	0.634765625
15.771996	0.625
15.772996	0.634765625
15.773996	0.634765625
15.774996	0.634765625
15.775996	0.625
15.776996	0.625
15.777996	0.6298828125
15.778996	0.634765625
15.779996	0.625
15.780996	0.6298828125
15.781996	0.6298828125
15.782996	0.6201171875
15.783996	0.6298828125
15.784996	0.625
15.785996	0.6298828125
15.786996	0.6298828125
15.787996	0.6298828125
15.788996	0.634765625
15.789996	0.634765625
15.790996	0.6298828125
15.791996	0.634765625
15.792996	0.6298828125
15.793996	0.6201171875
15.794996	0.634765625
15.795996	0.6298828125
15.796996	0.6298828125
15.798	0.6298828125
15.798996	0.6298828125
15.8	0.6298828125
15.801	0.634765625
15.802	0.6298828125
15.803	0.6298828125
15.804	0.6298828125
15.804996	0.634765625
15.805996	0.6298828125
15.806996	0.6298828125
15.807996	0.625
15.808996	0.634765625
15.809996	0.6201171875
15.810996	0.634765625
15.811996	0.634765625
15.812996	0.625
15.813996	0.625
15.814996	0.6298828125
15.815996	0.634765625
15.816996	0.634765625
15.817996	0.6298828125
15.818996	0.634765625
15.819996	0.634765625
15.820996	0.6298828125
15.821996	0.634765625
15.822996	0.6298828125
15.823996	0.6298828125
15.824996	0.6298828125
15.825996	0.625
15.826996	0.6298828125
15.827996	0.634765625
15.828996	0.625
15.829996	0.6298828125
15.830996	0.625
15.831996	0.634765625
15.832996	0.6298828125
15.833996	0.6298828125
15.834996	0.625
15.835996	0.6298828125
15.836996	0.6298828125
15.837996	0.634765625
15.838996	0.6201171875
15.839996	0.625
15.841	0.6298828125
15.841996	0.6298828125
15.843	0.634765625
15.844	0.6298828125
15.845	0.634765625
15.846	0.6201171875
15.847	0.6298828125
15.847996	0.625
15.848996	0.6298828125
15.849996	0.625
15.850996	0.625
15.851996	0.625
15.852996	0.625
15.853996	0.625
15.854996	0.625
15.855996	0.634765625
15.856996	0.6298828125
15.857996	0.625
15.858996	0.625
15.859996	0.6298828125
15.860996	0.634765625
15.861996	0.6298828125
15.862996	0.634765625
15.863996	0.625
15.864996	0.634765625
15.865996	0.625
15.866996	0.625
15.867996	0.6298828125
15.868996	0.6298828125
15.869996	0.6298828125
15.870996	0.6298828125
15.871996	0.6298828125
15.872996	0.6298828125
15.873996	0.634765625
15.874996	0.634765625
15.875996	0.634765625
15.876996	0.625
15.877996	0.625
15.878996	0.625
15.879996	0.634765625
15.880996	0.6298828125
15.881996	0.625
15.883004	0.6298828125
15.883996	0.6298828125
15.885	0.6298828125
15.886	0.6298828125
15.887	0.6298828125
15.888	0.634765625
15.889	0.6201171875
15.889996	0.625
15.890996	0.6298828125
15.891996	0.634765625
15.892996	0.625
15.893996	0.6298828125
15.894996	0.6298828125
15.895996	0.6298828125
15.896996	0.625
15.897996	0.6298828125
15.898996	0.625
15.899996	0.625
15.900996	0.625
15.901996	0.6298828125
15.902996	0.6298828125
15.903996	0.6298828125
15.904996	0.6298828125
15.905996	0.625
15.906996	0.625
15.907996	0.625
15.908996	0.6298828125
15.909996	0.625
15.910996	0.625
15.911996	0.6298828125
15.912996	0.6298828125
15.913996	0.6298828125
15.914996	0.634765625
15.915996	0.6298828125
15.916996	0.6298828125
15.917996	0.634765625
15.918996	0.6298828125
15.919996	0.6298828125
15.920996	0.625
15.921996	0.625
15.922996	0.6298828125
15.923996	0.6298828125
15.924996	0.625
15.926	0.6298828125
15.926996	0.6201171875
15.928	0.6298828125
15.929	0.6298828125
15.93	0.634765625
15.931	0.6298828125
15.932	0.634765625
15.932996	0.634765625
15.933996	0.625
15.934996	0.6298828125
15.935996	0.6298828125
15.936996	0.6298828125
15.937996	0.625
15.938996	0.6201171875
15.939996	0.625
15.940996	0.625
15.941996	0.6298828125
15.942996	0.625
15.943996	0.625
15.944996	0.634765625
15.945996	0.625
15.946996	0.6298828125
15.947996	0.6298828125
15.948996	0.6298828125
15.949996	0.634765625
15.950996	0.6298828125
15.951996	0.6298828125
15.952996	0.6201171875
15.953996	0.6298828125
15.954996	0.6201171875
15.955996	0.6298828125
15.956996	0.634765625
15.957996	0.6298828125
15.958996	0.625
15.959996	0.6298828125
15.960996	0.6298828125
15.961996	0.6298828125
15.962996	0.6298828125
15.963996	0.6298828125
15.964996	0.6298828125
15.965996	0.625
15.966996	0.6298828125
15.967996	0.625
15.969	0.6298828125
15.969996	0.6298828125
15.971	0.634765625
15.972	0.6396484375
15.973	0.6298828125
15.974	0.6298828125
15.975	0.6298828125
15.975996	0.6201171875
15.976996	0.625
15.977996	0.634765625
15.978996	0.634765625
15.979996	0.6298828125
15.980996	0.625
15.981996	0.634765625
15.982996	0.6298828125
15.983996	0.6298828125
15.984996	0.625
15.985996	0.6298828125
15.986996	0.6298828125
15.987996	0.6298828125
15.988996	0.6298828125
15.989996	0.6298828125
15.990996	0.634765625
15.991996	0.6298828125
15.992996	0.625
15.993996	0.6298828125
15.994996	0.6298828125
15.995996	0.6298828125
15.996996	0.6298828125
15.997996	0.6201171875
15.998996	0.6298828125
15.999996	0.634765625
16.000996	0.625
16.001996	0.6298828125
16.002996	0.634765625
16.003996	0.6298828125
16.004996	0.6298828125
16.005996	0.6298828125
16.006996	0.6201171875
16.007996	0.634765625
16.008996	0.6298828125
16.009996	0.634765625
16.011004	0.634765625
16.011996	0.6201171875
16.013	0.6298828125
16.014	0.6298828125
16.015	0.6298828125
16.016	0.6298828125
16.017	0.634765625
16.017996	0.625
16.018996	0.6298828125
16.019996	0.634765625
16.020996	0.634765625
16.021996	0.6298828125
16.022996	0.6298828125
16.023996	0.6298828125
16.024996	0.6298828125
16.025996	0.625
16.026996	0.625
16.027996	0.6298828125
16.028996	0.6201171875
16.029996	0.625
16.030996	0.6298828125
16.031996	0.625
16.032996	0.625
16.033996	0.6298828125
16.034996	0.6298828125
16.035996	0.6298828125
16.036996	0.6298828125
16.037996	0.6298828125
16.038996	0.6298828125
16.039996	0.634765625
16.040996	0.625
16.041996	0.6298828125
16.042996	0.634765625
16.043996	0.6298828125
16.044996	0.6201171875
16.045996	0.6298828125
16.046996	0.625
16.047996	0.625
16.048996	0.6298828125
16.049996	0.625
16.050996	0.6298828125
16.051996	0.6298828125
16.052996	0.6201171875
16.054	0.625
16.054996	0.625
16.056	0.6298828125
16.057	0.634765625
16.058	0.6298828125
16.059	0.625
16.06	0.6298828125
16.060996	0.625
16.061996	0.625
16.062996	0.6298828125
16.063996	0.625
16.064996	0.634765625
16.065996	0.625
16.066996	0.6298828125
16.067996	0.625
16.068996	0.6298828125
16.069996	0.6298828125
16.070996	0.634765625
16.071996	0.625
16.072996	0.625
16.073996	0.6298828125
16.074996	0.6298828125
16.075996	0.634765625
16.076996	0.625
16.077996	0.6298828125
16.078996	0.625
16.079996	0.625
16.080996	0.6298828125
16.081996	0.6298828125
16.082996	0.634765625
16.083996	0.634765625
16.084996	0.6298828125
16.085996	0.6298828125
16.086996	0.634765625
16.087996	0.625
16.088996	0.6298828125
16.089996	0.625
16.090996	0.6298828125
16.091996	0.6298828125
16.092996	0.6298828125
16.093996	0.625
16.094996	0.6298828125
16.095996	0.634765625
16.097	0.6298828125
16.097996	0.625
16.099	0.6201171875
16.1	0.6298828125
16.101	0.625
16.102	0.625
16.103	0.625
16.103996	0.634765625
16.104996	0.634765625
16.105996	0.625
16.106996	0.625
16.107996	0.6298828125
16.108996	0.6298828125
16.109996	0.625
16.110996	0.6298828125
16.111996	0.625
16.112996	0.6201171875
16.113996	0.634765625
16.114996	0.634765625
16.115996	0.6298828125
16.116996	0.6298828125
16.117996	0.6298828125
16.118996	0.6298828125
16.119996	0.625
16.120996	0.6298828125
16.121996	0.6201171875
16.122996	0.625
16.123996	0.6298828125
16.124996	0.6298828125
16.125996	0.6298828125
16.126996	0.625
16.127996	0.6298828125
16.128996	0.625
16.129996	0.6201171875
16.130996	0.634765625
16.131996	0.6298828125
16.132996	0.625
16.133996	0.634765625
16.134996	0.6298828125
16.135996	0.6298828125
16.136996	0.634765625
16.137996	0.634765625
16.139004	0.625
16.139996	0.6298828125
16.141	0.6298828125
16.142	0.625
16.143	0.634765625
16.144	0.6298828125
16.145	0.6298828125
16.145996	0.625
16.146996	0.625
16.147996	0.625
16.148996	0.634765625
16.149996	0.6201171875
16.150996	0.6298828125
16.151996	0.6298828125
16.152996	0.6201171875
16.153996	0.6298828125
16.154996	0.625
16.155996	0.625
16.156996	0.6298828125
16.157996	0.6298828125
16.158996	0.6298828125
16.159996	0.625
16.160996	0.6298828125
16.161996	0.6298828125
16.162996	0.6298828125
16.163996	0.6201171875
16.164996	0.634765625
16.165996	0.625
16.166996	0.6298828125
16.167996	0.634765625
16.168996	0.625
16.169996	0.6298828125
16.170996	0.625
16.171996	0.625
16.172996	0.625
16.173996	0.634765625
16.174996	0.6298828125
16.175996	0.625
16.176996	0.6298828125
16.177996	0.634765625
16.178996	0.634765625
16.179996	0.634765625
16.180996	0.6396484375
16.182	0.625
16.182996	0.625
16.184	0.6298828125
16.185	0.6298828125
16.186	0.625
16.187	0.6298828125
16.188	0.625
16.188996	0.634765625
16.189996	0.634765625
16.190996	0.625
16.191996	0.634765625
16.192996	0.6298828125
16.193996	0.6298828125
16.194996	0.625
16.195996	0.6298828125
16.196996	0.6298828125
16.197996	0.6298828125
16.198996	0.6298828125
16.199996	0.625
16.200996	0.634765625
16.201996	0.625
16.202996	0.6298828125
16.203996	0.625
16.204996	0.625
16.205996	0.6201171875
16.206996	0.6298828125
16.207996	0.625
16.208996	0.6201171875
16.209996	0.625
16.210996	0.6298828125
16.211996	0.6298828125
16.212996	0.625
16.213996	0.6298828125
16.214996	0.6201171875
16.215996	0.6201171875
16.216996	0.625
16.217996	0.625
16.218996	0.6298828125
16.219996	0.6298828125
16.220996	0.6298828125
16.221996	0.625
16.222996	0.625
16.223996	0.6298828125
16.225	0.625
16.225996	0.6298828125
16.227	0.625
16.228	0.625
16.229	0.625
16.23	0.634765625
16.231	0.625
16.231996	0.6298828125
16.232996	0.625
16.233996	0.6298828125
16.234996	0.625
16.235996	0.634765625
16.236996	0.625
16.237996	0.634765625
16.238996	0.6298828125
16.239996	0.6298828125
16.240996	0.625
16.241996	0.634765625
16.242996	0.625
16.243996	0.625
16.244996	0.6298828125
16.245996	0.6298828125
16.246996	0.625
16.247996	0.625
16.248996	0.6298828125
16.249996	0.6298828125
16.250996	0.6298828125
16.251996	0.6298828125
16.252996	0.6298828125
16.253996	0.6298828125
16.254996	0.6298828125
16.255996	0.6298828125
16.256996	0.634765625
16.257996	0.625
16.258996	0.6298828125
16.259996	0.625
16.260996	0.6298828125
16.261996	0.625
16.262996	0.625
16.263996	0.625
16.264996	0.625
16.265996	0.625
16.267004	0.634765625
16.267996	0.6298828125
16.269	0.6298828125
16.27	0.6298828125
16.271	0.6201171875
16.272	0.6298828125
16.273	0.625
16.273996	0.634765625
16.274996	0.625
16.275996	0.625
16.276996	0.625
16.277996	0.6201171875
16.278996	0.625
16.279996	0.634765625
16.280996	0.625
16.281996	0.634765625
16.282996	0.625
16.283996	0.634765625
16.284996	0.6298828125
16.285996	0.625
16.286996	0.6298828125
16.287996	0.625
16.288996	0.6201171875
16.289996	0.625
16.290996	0.6298828125
16.291996	0.6298828125
16.292996	0.625
16.293996	0.625
16.294996	0.6298828125
16.295996	0.6298828125
16.296996	0.634765625
16.297996	0.6298828125
16.298996	0.6298828125
16.299996	0.6298828125
16.300996	0.6201171875
16.301996	0.634765625
16.302996	0.6201171875
16.303996	0.6298828125
16.304996	0.625
16.305996	0.625
16.306996	0.6298828125
16.307996	0.6298828125
16.308996	0.6298828125
16.31	0.6298828125
16.310996	0.625
16.312	0.6201171875
16.313	0.6201171875
16.314	0.625
16.315	0.625
16.316	0.625
16.316996	0.625
16.317996	0.6298828125
16.318996	0.6298828125
16.319996	0.6298828125
16.320996	0.6298828125
16.321996	0.6298828125
16.322996	0.625
16.323996	0.625
16.324996	0.6298828125
16.325996	0.625
16.326996	0.634765625
16.327996	0.634765625
16.328996	0.6298828125
16.329996	0.6298828125
16.330996	0.6298828125
16.331996	0.625
16.332996	0.625
16.333996	0.6298828125
16.334996	0.6298828125
16.335996	0.625
16.336996	0.6298828125
16.337996	0.6201171875
16.338996	0.6201171875
16.339996	0.625
16.340996	0.6298828125
16.341996	0.6298828125
16.342996	0.625
16.343996	0.625
16.344996	0.625
16.345996	0.6298828125
16.346996	0.625
16.347996	0.6298828125
16.348996	0.6298828125
16.349996	0.6298828125
16.350996	0.6298828125
16.351996	0.6298828125
16.353	0.6298828125
16.353996	0.6298828125
16.355	0.6201171875
16.356	0.6298828125
16.357	0.625
16.358	0.625
16.359	0.6298828125
16.359996	0.625
16.360996	0.6298828125
16.361996	0.6298828125
16.362996	0.6201171875
16.363996	0.6298828125
16.364996	0.625
16.365996	0.6298828125
16.366996	0.625
16.367996	0.6298828125
16.368996	0.6201171875
16.369996	0.625
16.370996	0.625
16.371996	0.634765625
16.372996	0.6201171875
16.373996	0.625
16.374996	0.625
16.375996	0.625
16.376996	0.625
16.377996	0.6201171875
16.378996	0.6298828125
16.379996	0.6298828125
16.380996	0.625
16.381996	0.6298828125
16.382996	0.6298828125
16.383996	0.6298828125
16.384996	0.6201171875
16.385996	0.625
16.386996	0.6298828125
16.387996	0.634765625
16.388996	0.625
16.389996	0.6298828125
16.390996	0.625
16.391996	0.625
16.392996	0.6298828125
16.393996	0.6298828125
16.395004	0.6298828125
16.395996	0.6298828125
16.397	0.625
16.398	0.6298828125
16.399	0.6298828125
16.4	0.625
16.401	0.6298828125
16.401996	0.625
16.402996	0.6298828125
16.403996	0.6298828125
16.404996	0.6298828125
16.405996	0.6298828125
16.406996	0.625
16.407996	0.6298828125
16.408996	0.625
16.409996	0.6201171875
16.410996	0.6298828125
16.411996	0.6298828125
16.412996	0.6298828125
16.413996	0.6298828125
16.414996	0.6201171875
16.415996	0.6201171875
16.416996	0.625
16.417996	0.6298828125
16.418996	0.6201171875
16.419996	0.6201171875
16.420996	0.6298828125
16.421996	0.6298828125
16.422996	0.625
16.423996	0.6298828125
16.424996	0.625
16.425996	0.625
16.426996	0.6298828125
16.427996	0.625
16.428996	0.625
16.429996	0.625
16.430996	0.6201171875
16.431996	0.6298828125
16.432996	0.6201171875
16.433996	0.625
16.434996	0.6201171875
16.435996	0.625
16.436996	0.625
16.438	0.625
16.438996	0.6201171875
16.44	0.625
16.441	0.6298828125
16.442	0.634765625
16.443	0.625
16.444	0.625
16.444996	0.625
16.445996	0.6201171875
16.446996	0.6298828125
16.447996	0.6298828125
16.448996	0.625
16.449996	0.625
16.450996	0.6298828125
16.451996	0.6201171875
16.452996	0.6298828125
16.453996	0.625
16.454996	0.625
16.455996	0.6201171875
16.456996	0.625
16.457996	0.625
16.458996	0.6201171875
16.459996	0.625
16.460996	0.6201171875
16.461996	0.6298828125
16.462996	0.6201171875
16.463996	0.625
16.464996	0.625
16.465996	0.6298828125
16.466996	0.625
16.467996	0.6298828125
16.468996	0.6298828125
16.469996	0.6298828125
16.470996	0.6298828125
16.471996	0.6298828125
16.472996	0.6298828125
16.473996	0.625
16.474996	0.6298828125
16.475996	0.625
16.476996	0.6298828125
16.477996	0.6201171875
16.478996	0.625
16.479996	0.6298828125
16.481	0.625
16.481996	0.6298828125
16.483	0.625
16.484	0.625
16.485	0.625
16.486	0.615234375
16.487	0.625
16.487996	0.625
16.488996	0.625
16.489996	0.625
16.490996	0.6298828125
16.491996	0.634765625
16.492996	0.6298828125
16.493996	0.6201171875
16.494996	0.6298828125
16.495996	0.625
16.496996	0.6201171875
16.497996	0.625
16.498996	0.625
16.499996	0.6201171875
16.500996	0.6298828125
16.501996	0.6201171875
16.502996	0.6201171875
16.503996	0.625
16.504996	0.625
16.505996	0.634765625
16.506996	0.6298828125
16.507996	0.6201171875
16.508996	0.625
16.509996	0.625
16.510996	0.6201171875
16.511996	0.625
16.512996	0.625
16.513996	0.6298828125
16.514996	0.6298828125
16.515996	0.6298828125
16.516996	0.6298828125
16.517996	0.625
16.518996	0.6201171875
16.519996	0.625
16.520996	0.6298828125
16.521996	0.6298828125
16.523004	0.625
16.523996	0.625
16.525	0.6201171875
16.526	0.634765625
16.527	0.625
16.528	0.6201171875
16.529	0.6298828125
16.529996	0.625
16.530996	0.625
16.531996	0.6201171875
16.532996	0.6298828125
16.533996	0.6298828125
16.534996	0.625
16.535996	0.6201171875
16.536996	0.6201171875
16.537996	0.625
16.538996	0.625
16.539996	0.625
16.540996	0.6298828125
16.541996	0.625
16.542996	0.625
16.543996	0.6298828125
16.544996	0.6201171875
16.545996	0.625
16.546996	0.625
16.547996	0.625
16.548996	0.6298828125
16.549996	0.6201171875
16.550996	0.625
16.551996	0.625
16.552996	0.6298828125
16.553996	0.634765625
16.554996	0.6298828125
16.555996	0.625
16.556996	0.625
16.557996	0.634765625
16.558996	0.625
16.559996	0.625
16.560996	0.6298828125
16.561996	0.625
16.562996	0.6298828125
16.563996	0.625
16.564996	0.6298828125
16.566	0.6201171875
16.566996	0.625
16.568	0.625
16.569	0.625
16.57	0.6201171875
16.571	0.6201171875
16.572	0.6201171875
16.572996	0.6298828125
16.573996	0.625
16.574996	0.634765625
16.575996	0.625
16.576996	0.6298828125
16.577996	0.625
16.578996	0.625
16.579996	0.625
16.580996	0.6201171875
16.581996	0.6298828125
16.582996	0.625
16.583996	0.625
16.584996	0.6201171875
16.585996	0.625
16.586996	0.6298828125
16.587996	0.6298828125
16.588996	0.634765625
16.589996	0.625
16.590996	0.625
16.591996	0.6201171875
16.592996	0.6298828125
16.593996	0.625
16.594996	0.625
16.595996	0.625
16.596996	0.6201171875
16.597996	0.625
16.598996	0.6298828125
16.599996	0.6298828125
16.600996	0.6201171875
16.601996	0.625
16.602996	0.625
16.603996	0.625
16.604996	0.6298828125
16.605996	0.6298828125
16.606996	0.634765625
16.607996	0.6298828125
16.609	0.6298828125
16.609996	0.625
16.611	0.625
16.612	0.625
16.613	0.6298828125
16.614	0.625
16.615	0.6298828125
16.615996	0.6201171875
16.616996	0.634765625
16.617996	0.625
16.618996	0.6201171875
16.619996	0.625
16.620996	0.625
16.621996	0.625
16.622996	0.625
16.623996	0.6298828125
16.624996	0.625
16.625996	0.625
16.626996	0.625
16.627996	0.6298828125
16.628996	0.6298828125
16.629996	0.6298828125
16.630996	0.625
16.631996	0.6298828125
16.632996	0.6298828125
16.633996	0.625
16.634996	0.6298828125
16.635996	0.6201171875
16.636996	0.625
16.637996	0.6298828125
16.638996	0.625
16.639996	0.6298828125
16.640996	0.625
16.641996	0.6201171875
16.642996	0.6201171875
16.643996	0.634765625
16.644996	0.6201171875
16.645996	0.625
16.646996	0.6298828125
16.647996	0.625
16.648996	0.6201171875
16.649996	0.6201171875
16.651004	0.6201171875
16.651996	0.625
16.653	0.615234375
16.654	0.625
16.655	0.625
16.656	0.625
16.657	0.6201171875
16.657996	0.6298828125
16.658996	0.6298828125
16.659996	0.625
16.660996	0.6298828125
16.661996	0.625
16.662996	0.6298828125
16.663996	0.6298828125
16.664996	0.6298828125
16.665996	0.625
16.666996	0.6298828125
16.667996	0.625
16.668996	0.6298828125
16.669996	0.625
16.670996	0.625
16.671996	0.6201171875
16.672996	0.6298828125
16.673996	0.625
16.674996	0.625
16.675996	0.6298828125
16.676996	0.6298828125
16.677996	0.6298828125
16.678996	0.625
16.679996	0.6201171875
16.680996	0.625
16.681996	0.6201171875
16.682996	0.6298828125
16.683996	0.625
16.684996	0.625
16.685996	0.6298828125
16.686996	0.6298828125
16.687996	0.6298828125
16.688996	0.625
16.689996	0.6201171875
16.690996	0.625
16.691996	0.6298828125
16.692996	0.625
16.694	0.6201171875
16.694996	0.6298828125
16.696	0.625
16.697	0.634765625
16.698	0.625
16.699	0.625
16.7	0.6201171875
16.700996	0.6298828125
16.701996	0.6298828125
16.702996	0.6298828125
16.703996	0.625
16.704996	0.625
16.705996	0.6298828125
16.706996	0.625
16.707996	0.625
16.708996	0.625
16.709996	0.625
16.710996	0.6201171875
16.711996	0.625
16.712996	0.625
16.713996	0.6298828125
16.714996	0.6298828125
16.715996	0.625
16.716996	0.6298828125
16.717996	0.625
16.718996	0.6201171875
16.719996	0.625
16.720996	0.6298828125
16.721996	0.625
16.722996	0.6298828125
16.723996	0.6298828125
16.724996	0.6201171875
16.725996	0.6201171875
16.726996	0.634765625
16.727996	0.625
16.728996	0.6201171875
16.729996	0.625
16.730996	0.625
16.731996	0.625
16.732996	0.625
16.733996	0.6201171875
16.734996	0.625
16.735996	0.625
16.737	0.6298828125
16.737996	0.6298828125
16.739	0.6298828125
16.74	0.625
16.741	0.625
16.742	0.6298828125
16.743	0.625
16.743996	0.6298828125
16.744996	0.6201171875
16.745996	0.6298828125
16.746996	0.6298828125
16.747996	0.6298828125
16.748996	0.625
16.749996	0.625
16.750996	0.6298828125
16.751996	0.6201171875
16.752996	0.6201171875
16.753996	0.6298828125
16.754996	0.625
16.755996	0.625
16.756996	0.6201171875
16.757996	0.625
16.758996	0.615234375
16.759996	0.625
16.760996	0.625
16.761996	0.625
16.762996	0.6201171875
16.763996	0.6201171875
16.764996	0.6298828125
16.765996	0.634765625
16.766996	0.6298828125
16.767996	0.6201171875
16.768996	0.6298828125
16.769996	0.6298828125
16.770996	0.625
16.771996	0.625
16.772996	0.625
16.773996	0.6201171875
16.774996	0.6201171875
16.775996	0.625
16.776996	0.615234375
16.777996	0.625
16.779004	0.6298828125
16.779996	0.615234375
16.781	0.6201171875
16.782	0.625
16.783	0.634765625
16.784	0.6298828125
16.785	0.6298828125
16.785996	0.6298828125
16.786996	0.634765625
16.787996	0.6298828125
16.788996	0.6201171875
16.789996	0.6298828125
16.790996	0.625
16.791996	0.625
16.792996	0.6201171875
16.793996	0.6201171875
16.794996	0.6201171875
16.795996	0.6201171875
16.796996	0.615234375
16.797996	0.625
16.798996	0.625
16.799996	0.625
16.800996	0.6201171875
16.801996	0.6201171875
16.802996	0.625
16.803996	0.6298828125
16.804996	0.625
16.805996	0.6201171875
16.806996	0.625
16.807996	0.625
16.808996	0.625
16.809996	0.6201171875
16.810996	0.634765625
16.811996	0.6298828125
16.812996	0.6201171875
16.813996	0.625
16.814996	0.6201171875
16.815996	0.625
16.816996	0.625
16.817996	0.625
16.818996	0.625
16.819996	0.6201171875
16.820996	0.625
16.822	0.625
16.822996	0.625
16.824	0.625
16.825	0.625
16.826	0.625
16.827	0.625
16.828	0.625
16.828996	0.625
16.829996	0.625
16.830996	0.625
16.831996	0.6298828125
16.832996	0.625
16.833996	0.625
16.834996	0.625
16.835996	0.6201171875
16.836996	0.625
16.837996	0.625
16.838996	0.6201171875
16.839996	0.625
16.840996	0.6201171875
16.841996	0.625
16.842996	0.625
16.843996	0.6298828125
16.844996	0.625
16.845996	0.6298828125
16.846996	0.6298828125
16.847996	0.625
16.848996	0.625
16.849996	0.6201171875
16.850996	0.6201171875
16.851996	0.625
16.852996	0.625
16.853996	0.6201171875
16.854996	0.625
16.855996	0.6201171875
16.856996	0.625
16.857996	0.625
16.858996	0.625
16.859996	0.625
16.860996	0.6201171875
16.861996	0.625
16.862996	0.6201171875
16.863996	0.625
16.865	0.625
16.865996	0.6201171875
16.867	0.6201171875
16.868	0.6201171875
16.869	0.6201171875
16.87	0.625
16.871	0.625
16.871996	0.625
16.872996	0.6298828125
16.873996	0.6201171875
16.874996	0.6298828125
16.875996	0.6298828125
16.876996	0.625
16.877996	0.6298828125
16.878996	0.625
16.879996	0.6201171875
16.880996	0.6201171875
16.881996	0.625
16.882996	0.6201171875
16.883996	0.6298828125
16.884996	0.6201171875
16.885996	0.625
16.886996	0.6298828125
16.887996	0.6201171875
16.888996	0.6201171875
16.889996	0.6201171875
16.890996	0.625
16.891996	0.6201171875
16.892996	0.625
16.893996	0.625
