Channel Accuracy: 10 Bits
Measurement Range 0...5V --> Resolution: 5V/2^10 = 4.9mV
Measured Single Channel at a Frequency of 1000 Hz
Time (s)	Voltage (V)
0	2.646484375
0.001004	2.6513671875
0.001996	2.646484375
0.002996	2.646484375
0.003996	2.6416015625
0.004996	2.6416015625
0.005996	2.6513671875
0.006996	2.6513671875
0.007996	2.6513671875
0.009	2.6513671875
0.009996	2.6416015625
0.011	2.646484375
0.012	2.6416015625
0.013	2.646484375
0.014	2.646484375
0.015	2.6416015625
0.015996	2.646484375
0.016996	2.646484375
0.017996	2.646484375
0.018996	2.6416015625
0.019996	2.6416015625
0.020996	2.6416015625
0.021996	2.6416015625
0.022996	2.646484375
0.023996	2.646484375
0.024996	2.646484375
0.025996	2.646484375
0.026996	2.6416015625
0.027996	2.6416015625
0.028996	2.6416015625
0.029996	2.6416015625
0.030996	2.646484375
0.031996	2.6416015625
0.032996	2.6416015625
0.033996	2.646484375
0.034996	2.6416015625
0.035996	2.6513671875
0.036996	2.646484375
0.037996	2.6416015625
0.038996	2.646484375
0.039996	2.63671875
0.040996	2.6416015625
0.041996	2.6416015625
0.042996	2.646484375
0.043996	2.6416015625
0.044996	2.6416015625
0.045996	2.63671875
0.046996	2.6416015625
0.047996	2.646484375
0.048996	2.6416015625
0.049996	2.6416015625
0.050996	2.646484375
0.052	2.6416015625
0.052996	2.646484375
0.054	2.646484375
0.055	2.646484375
0.056	2.6416015625
0.057	2.646484375
0.058	2.6416015625
0.058996	2.646484375
0.059996	2.646484375
0.060996	2.6416015625
0.061996	2.63671875
0.062996	2.6416015625
0.063996	2.6416015625
0.064996	2.63671875
0.065996	2.646484375
0.066996	2.646484375
0.067996	2.646484375
0.068996	2.63671875
0.069996	2.6416015625
0.070996	2.646484375
0.071996	2.646484375
0.072996	2.6513671875
0.073996	2.6416015625
0.074996	2.6416015625
0.075996	2.646484375
0.076996	2.6416015625
0.077996	2.646484375
0.078996	2.6513671875
0.079996	2.646484375
0.080996	2.63671875
0.081996	2.63671875
0.082996	2.6318359375
0.083996	2.63671875
0.084996	2.6416015625
0.085996	2.646484375
0.086996	2.646484375
0.087996	2.646484375
0.088996	2.646484375
0.089996	2.646484375
0.090996	2.646484375
0.091996	2.6416015625
0.092996	2.646484375
0.094004	2.646484375
0.094996	2.646484375
0.096	2.63671875
0.097	2.6416015625
0.098	2.63671875
0.099	2.646484375
0.1	2.646484375
0.100996	2.646484375
0.101996	2.646484375
0.102996	2.646484375
0.103996	2.646484375
0.104996	2.646484375
0.105996	2.646484375
0.106996	2.6416015625
0.107996	2.646484375
0.108996	2.646484375
0.109996	2.646484375
0.110996	2.646484375
0.111996	2.6416015625
0.112996	2.646484375
0.113996	2.646484375
0.114996	2.6416015625
0.115996	2.646484375
0.116996	2.646484375
0.117996	2.6416015625
0.118996	2.646484375
0.119996	2.6416015625
0.120996	2.6513671875
0.121996	2.6416015625
0.122996	2.646484375
0.123996	2.646484375
0.124996	2.63671875
0.125996	2.646484375
0.126996	2.6416015625
0.127996	2.6416015625
0.128996	2.646484375
0.129996	2.646484375
0.130996	2.6416015625
0.131996	2.646484375
0.132996	2.6416015625
0.133996	2.646484375
0.134996	2.6416015625
0.135996	2.6513671875
0.137	2.6416015625
0.137996	2.63671875
0.139	2.6416015625
0.14	2.646484375
0.141	2.646484375
0.142	2.6416015625
0.143	2.63671875
0.143996	2.646484375
0.144996	2.63671875
0.145996	2.646484375
0.146996	2.63671875
0.147996	2.63671875
0.148996	2.646484375
0.149996	2.6416015625
0.150996	2.646484375
0.151996	2.646484375
0.152996	2.646484375
0.153996	2.63671875
0.154996	2.63671875
0.155996	2.646484375
0.156996	2.6416015625
0.157996	2.646484375
0.158996	2.646484375
0.159996	2.646484375
0.160996	2.6416015625
0.161996	2.63671875
0.162996	2.6416015625
0.163996	2.6416015625
0.164996	2.6416015625
0.165996	2.646484375
0.166996	2.6416015625
0.167996	2.646484375
0.168996	2.6416015625
0.169996	2.6416015625
0.170996	2.6416015625
0.171996	2.6416015625
0.172996	2.63671875
0.173996	2.6416015625
0.174996	2.6416015625
0.175996	2.6416015625
0.176996	2.63671875
0.177996	2.6416015625
0.178996	2.63671875
0.18	2.6416015625
0.180996	2.6416015625
0.182	2.646484375
0.183	2.6416015625
0.184	2.646484375
0.185	2.63671875
0.186	2.6416015625
0.186996	2.6416015625
0.187996	2.646484375
0.188996	2.6416015625
0.189996	2.6416015625
0.190996	2.63671875
0.191996	2.6416015625
0.192996	2.646484375
0.193996	2.63671875
0.194996	2.6416015625
0.195996	2.646484375
0.196996	2.6416015625
0.197996	2.6416015625
0.198996	2.6416015625
0.199996	2.6416015625
0.200996	2.646484375
0.201996	2.6416015625
0.202996	2.646484375
0.203996	2.6416015625
0.204996	2.6416015625
0.205996	2.646484375
0.206996	2.63671875
0.207996	2.646484375
0.208996	2.6416015625
0.209996	2.6416015625
0.210996	2.646484375
0.211996	2.6416015625
0.212996	2.646484375
0.213996	2.6416015625
0.214996	2.6416015625
0.215996	2.646484375
0.216996	2.6416015625
0.217996	2.63671875
0.218996	2.63671875
0.219996	2.646484375
0.220996	2.63671875
0.222004	2.63671875
0.222996	2.646484375
0.224	2.646484375
0.225	2.6416015625
0.226	2.646484375
0.227	2.6416015625
0.228	2.6416015625
0.228996	2.646484375
0.229996	2.6416015625
0.230996	2.63671875
0.231996	2.646484375
0.232996	2.6416015625
0.233996	2.646484375
0.234996	2.63671875
0.235996	2.6416015625
0.236996	2.646484375
0.237996	2.6416015625
0.238996	2.6416015625
0.239996	2.646484375
0.240996	2.63671875
0.241996	2.63671875
0.242996	2.646484375
0.243996	2.6416015625
0.244996	2.63671875
0.245996	2.646484375
0.246996	2.6416015625
0.247996	2.6416015625
0.248996	2.646484375
0.249996	2.646484375
0.250996	2.646484375
0.251996	2.6416015625
0.252996	2.646484375
0.253996	2.6416015625
0.254996	2.646484375
0.255996	2.646484375
0.256996	2.646484375
0.257996	2.6416015625
0.258996	2.646484375
0.259996	2.63671875
0.260996	2.6416015625
0.261996	2.6416015625
0.262996	2.63671875
0.263996	2.6416015625
0.265	2.6416015625
0.265996	2.63671875
0.267	2.6416015625
0.268	2.6416015625
0.269	2.6416015625
0.27	2.63671875
0.271	2.646484375
0.271996	2.63671875
0.272996	2.646484375
0.273996	2.646484375
0.274996	2.6416015625
0.275996	2.63671875
0.276996	2.646484375
0.277996	2.6416015625
0.278996	2.63671875
0.279996	2.646484375
0.280996	2.63671875
0.281996	2.646484375
0.282996	2.6416015625
0.283996	2.6416015625
0.284996	2.646484375
0.285996	2.63671875
0.286996	2.6416015625
0.287996	2.646484375
0.288996	2.6416015625
0.289996	2.63671875
0.290996	2.646484375
0.291996	2.6416015625
0.292996	2.6416015625
0.293996	2.6416015625
0.294996	2.63671875
0.295996	2.6416015625
0.296996	2.646484375
0.297996	2.6416015625
0.298996	2.646484375
0.299996	2.63671875
0.300996	2.646484375
0.301996	2.63671875
0.302996	2.646484375
0.303996	2.63671875
0.304996	2.6416015625
0.305996	2.646484375
0.306996	2.6416015625
0.308	2.6416015625
0.308996	2.63671875
0.31	2.646484375
0.311	2.63671875
0.312	2.6416015625
0.313	2.646484375
0.314	2.646484375
0.314996	2.646484375
0.315996	2.646484375
0.316996	2.646484375
0.317996	2.646484375
0.318996	2.646484375
0.319996	2.63671875
0.320996	2.6416015625
0.321996	2.63671875
0.322996	2.63671875
0.323996	2.6416015625
0.324996	2.6416015625
0.325996	2.6416015625
0.326996	2.6416015625
0.327996	2.6416015625
0.328996	2.646484375
0.329996	2.63671875
0.330996	2.63671875
0.331996	2.646484375
0.332996	2.6416015625
0.333996	2.646484375
0.334996	2.63671875
0.335996	2.646484375
0.336996	2.63671875
0.337996	2.6416015625
0.338996	2.63671875
0.339996	2.6416015625
0.340996	2.646484375
0.341996	2.63671875
0.342996	2.63671875
0.343996	2.6513671875
0.344996	2.63671875
0.345996	2.6416015625
0.346996	2.6416015625
0.347996	2.646484375
0.348996	2.63671875
0.350004	2.646484375
0.350996	2.646484375
0.352	2.646484375
0.353	2.6416015625
0.354	2.6416015625
0.355	2.6416015625
0.356	2.646484375
0.356996	2.6416015625
0.357996	2.63671875
0.358996	2.63671875
0.359996	2.63671875
0.360996	2.646484375
0.361996	2.646484375
0.362996	2.6416015625
0.363996	2.6416015625
0.364996	2.6416015625
0.365996	2.646484375
0.366996	2.63671875
0.367996	2.63671875
0.368996	2.646484375
0.369996	2.63671875
0.370996	2.6416015625
0.371996	2.6416015625
0.372996	2.6416015625
0.373996	2.6416015625
0.374996	2.6416015625
0.375996	2.63671875
0.376996	2.6416015625
0.377996	2.646484375
0.378996	2.63671875
0.379996	2.6416015625
0.380996	2.6416015625
0.381996	2.63671875
0.382996	2.63671875
0.383996	2.6416015625
0.384996	2.6416015625
0.385996	2.63671875
0.386996	2.6416015625
0.387996	2.6416015625
0.388996	2.63671875
0.389996	2.6416015625
0.390996	2.63671875
0.391996	2.6416015625
0.393	2.6416015625
0.393996	2.63671875
0.395	2.6416015625
0.396	2.646484375
0.397	2.6416015625
0.398	2.6416015625
0.399	2.6416015625
0.399996	2.6416015625
0.400996	2.63671875
0.401996	2.63671875
0.402996	2.6416015625
0.403996	2.63671875
0.404996	2.6416015625
0.405996	2.6416015625
0.406996	2.63671875
0.407996	2.6416015625
0.408996	2.6416015625
0.409996	2.6416015625
0.410996	2.6416015625
0.411996	2.63671875
0.412996	2.6416015625
0.413996	2.63671875
0.414996	2.63671875
0.415996	2.63671875
0.416996	2.6416015625
0.417996	2.6416015625
0.418996	2.6416015625
0.419996	2.6416015625
0.420996	2.646484375
0.421996	2.63671875
0.422996	2.6416015625
0.423996	2.63671875
0.424996	2.63671875
0.425996	2.63671875
0.426996	2.6416015625
0.427996	2.63671875
0.428996	2.6416015625
0.429996	2.6416015625
0.430996	2.6318359375
0.431996	2.6416015625
0.432996	2.63671875
0.433996	2.646484375
0.434996	2.6416015625
0.436	2.6416015625
0.436996	2.6416015625
0.438	2.6416015625
0.439	2.6416015625
0.44	2.63671875
0.441	2.63671875
0.442	2.63671875
0.442996	2.63671875
0.443996	2.646484375
0.444996	2.6416015625
0.445996	2.63671875
0.446996	2.6416015625
0.447996	2.63671875
0.448996	2.63671875
0.449996	2.646484375
0.450996	2.6416015625
0.451996	2.6416015625
0.452996	2.63671875
0.453996	2.6416015625
0.454996	2.63671875
0.455996	2.6416015625
0.456996	2.646484375
0.457996	2.63671875
0.458996	2.6416015625
0.459996	2.6416015625
0.460996	2.646484375
0.461996	2.63671875
0.462996	2.6416015625
0.463996	2.6416015625
0.464996	2.646484375
0.465996	2.6416015625
0.466996	2.646484375
0.467996	2.6416015625
0.468996	2.6416015625
0.469996	2.6416015625
0.470996	2.6416015625
0.471996	2.6416015625
0.472996	2.646484375
0.473996	2.63671875
0.474996	2.63671875
0.475996	2.6416015625
0.476996	2.6416015625
0.478004	2.6416015625
0.478996	2.6513671875
0.48	2.646484375
0.481	2.63671875
0.482	2.6416015625
0.483	2.63671875
0.484	2.6416015625
0.484996	2.6416015625
0.485996	2.646484375
0.486996	2.63671875
0.487996	2.646484375
0.488996	2.6416015625
0.489996	2.646484375
0.490996	2.646484375
0.491996	2.6416015625
0.492996	2.6416015625
0.493996	2.6416015625
0.494996	2.646484375
0.495996	2.646484375
0.496996	2.63671875
0.497996	2.63671875
0.498996	2.646484375
0.499996	2.6416015625
0.500996	2.646484375
0.501996	2.646484375
0.502996	2.646484375
0.503996	2.646484375
0.504996	2.6513671875
0.505996	2.646484375
0.506996	2.6513671875
0.507996	2.646484375
0.508996	2.6416015625
0.509996	2.6513671875
0.510996	2.646484375
0.511996	2.646484375
0.512996	2.6513671875
0.513996	2.6513671875
0.514996	2.646484375
0.515996	2.65625
0.516996	2.6513671875
0.517996	2.646484375
0.518996	2.6513671875
0.519996	2.6513671875
0.521	2.6513671875
0.521996	2.65625
0.523	2.6611328125
0.524	2.666015625
0.525	2.65625
0.526	2.666015625
0.527	2.666015625
0.527996	2.6611328125
0.528996	2.666015625
0.529996	2.6708984375
0.530996	2.67578125
0.531996	2.6806640625
0.532996	2.6806640625
0.533996	2.6806640625
0.534996	2.685546875
0.535996	2.6904296875
0.536996	2.685546875
0.537996	2.6953125
0.538996	2.705078125
0.539996	2.7001953125
0.540996	2.7099609375
0.541996	2.7099609375
0.542996	2.7099609375
0.543996	2.71484375
0.544996	2.7294921875
0.545996	2.734375
0.546996	2.7392578125
0.547996	2.7392578125
0.548996	2.75390625
0.549996	2.7587890625
0.550996	2.763671875
0.551996	2.7734375
0.552996	2.7783203125
0.553996	2.7978515625
0.554996	2.802734375
0.555996	2.822265625
0.556996	2.8271484375
0.557996	2.841796875
0.558996	2.861328125
0.559996	2.87109375
0.560996	2.8857421875
0.561996	2.8955078125
0.562996	2.900390625
0.564	2.8955078125
0.564996	2.87109375
0.566	2.8759765625
0.567	2.8759765625
0.568	2.8955078125
0.569	2.9150390625
0.57	2.9443359375
0.570996	2.9541015625
0.571996	2.96875
0.572996	3.0078125
0.573996	3.017578125
0.574996	3.037109375
0.575996	3.0517578125
0.576996	3.0615234375
0.577996	3.0517578125
0.578996	3.0615234375
0.579996	3.056640625
0.580996	3.037109375
0.581996	3.0224609375
0.582996	3.017578125
0.583996	2.9833984375
0.584996	2.9638671875
0.585996	2.939453125
0.586996	2.9248046875
0.587996	2.91015625
0.588996	2.880859375
0.589996	2.8759765625
0.590996	2.8857421875
0.591996	2.8857421875
0.592996	2.880859375
0.593996	2.890625
0.594996	2.8955078125
0.595996	2.8955078125
0.596996	2.890625
0.597996	2.8759765625
0.598996	2.87109375
0.599996	2.87109375
0.600996	2.8857421875
0.601996	2.900390625
0.602996	2.919921875
0.603996	2.939453125
0.604996	2.94921875
0.606004	2.9833984375
0.606996	3.0029296875
0.608	3.017578125
0.609	3.0419921875
0.61	3.0419921875
0.611	3.0517578125
0.612	3.0517578125
0.612996	3.056640625
0.613996	3.0419921875
0.614996	3.0322265625
0.615996	3.0224609375
0.616996	3.0029296875
0.617996	2.978515625
0.618996	2.96875
0.619996	2.9443359375
0.620996	2.919921875
0.621996	2.9052734375
0.622996	2.890625
0.623996	2.8759765625
0.624996	2.87109375
0.625996	2.8857421875
0.626996	2.890625
0.627996	2.8955078125
0.628996	2.890625
0.629996	2.8857421875
0.630996	2.8759765625
0.631996	2.880859375
0.632996	2.880859375
0.633996	2.8759765625
0.634996	2.8857421875
0.635996	2.890625
0.636996	2.919921875
0.637996	2.939453125
0.638996	2.96875
0.639996	2.9736328125
0.640996	2.9931640625
0.641996	3.017578125
0.642996	3.02734375
0.643996	3.0322265625
0.644996	3.0517578125
0.645996	3.0517578125
0.646996	3.0517578125
0.647996	3.037109375
0.649	3.037109375
0.649996	3.017578125
0.651	3.0029296875
0.652	2.978515625
0.653	2.958984375
0.654	2.9443359375
0.655	2.9345703125
0.655996	2.900390625
0.656996	2.890625
0.657996	2.880859375
0.658996	2.880859375
0.659996	2.880859375
0.660996	2.8759765625
0.661996	2.880859375
0.662996	2.890625
0.663996	2.8857421875
0.664996	2.880859375
0.665996	2.8857421875
0.666996	2.87109375
0.667996	2.87109375
0.668996	2.880859375
0.669996	2.91015625
0.670996	2.919921875
0.671996	2.9345703125
0.672996	2.958984375
0.673996	2.978515625
0.674996	2.9931640625
0.675996	3.017578125
0.676996	3.0224609375
0.677996	3.0419921875
0.678996	3.0419921875
0.679996	3.0517578125
0.680996	3.0419921875
0.681996	3.0419921875
0.682996	3.0322265625
0.683996	3.0224609375
0.684996	2.9931640625
0.685996	2.9833984375
0.686996	2.9638671875
0.687996	2.9443359375
0.688996	2.919921875
0.689996	2.9052734375
0.690996	2.900390625
0.692	2.87109375
0.692996	2.880859375
0.694	2.8759765625
0.695	2.880859375
0.696	2.8857421875
0.697	2.890625
0.698	2.8857421875
0.698996	2.880859375
0.699996	2.880859375
0.700996	2.87109375
0.701996	2.8759765625
0.702996	2.8857421875
0.703996	2.9052734375
0.704996	2.919921875
0.705996	2.939453125
0.706996	2.9541015625
0.707996	2.978515625
0.708996	2.998046875
0.709996	3.0029296875
0.710996	3.02734375
0.711996	3.0322265625
0.712996	3.0419921875
0.713996	3.0419921875
0.714996	3.046875
0.715996	3.0419921875
0.716996	3.0224609375
0.717996	3.017578125
0.718996	2.98828125
0.719996	2.9833984375
0.720996	2.9638671875
0.721996	2.9443359375
0.722996	2.9296875
0.723996	2.9052734375
0.724996	2.8955078125
0.725996	2.880859375
0.726996	2.8759765625
0.727996	2.880859375
0.728996	2.8857421875
0.729996	2.880859375
0.730996	2.8857421875
0.731996	2.8857421875
0.732996	2.8857421875
0.734004	2.8759765625
0.734996	2.8759765625
0.736	2.880859375
0.737	2.890625
0.738	2.9052734375
0.739	2.919921875
0.74	2.9296875
0.740996	2.9541015625
0.741996	2.9736328125
0.742996	2.9931640625
0.743996	3.0126953125
0.744996	3.017578125
0.745996	3.0322265625
0.746996	3.0419921875
0.747996	3.037109375
0.748996	3.037109375
0.749996	3.0419921875
0.750996	3.017578125
0.751996	3.017578125
0.752996	2.998046875
0.753996	2.978515625
0.754996	2.958984375
0.755996	2.9443359375
0.756996	2.9296875
0.757996	2.9052734375
0.758996	2.900390625
0.759996	2.880859375
0.760996	2.87109375
0.761996	2.87109375
0.762996	2.8857421875
0.763996	2.8759765625
0.764996	2.8857421875
0.765996	2.8857421875
0.766996	2.880859375
0.767996	2.880859375
0.768996	2.8662109375
0.769996	2.8759765625
0.770996	2.890625
0.771996	2.91015625
0.772996	2.91015625
0.773996	2.939453125
0.774996	2.958984375
0.775996	2.9638671875
0.777	2.9931640625
0.777996	3.0078125
0.779	3.017578125
0.78	3.0322265625
0.781	3.0322265625
0.782	3.0419921875
0.783	3.037109375
0.783996	3.02734375
0.784996	3.0224609375
0.785996	3.0126953125
0.786996	2.9931640625
0.787996	2.9736328125
0.788996	2.9638671875
0.789996	2.9443359375
0.790996	2.9296875
0.791996	2.9052734375
0.792996	2.900390625
0.793996	2.880859375
0.794996	2.880859375
0.795996	2.880859375
0.796996	2.8759765625
0.797996	2.8857421875
0.798996	2.8857421875
0.799996	2.8857421875
0.800996	2.880859375
0.801996	2.8759765625
0.802996	2.87109375
0.803996	2.8759765625
0.804996	2.8955078125
0.805996	2.91015625
0.806996	2.9150390625
0.807996	2.939453125
0.808996	2.94921875
0.809996	2.96875
0.810996	2.9931640625
0.811996	3.0029296875
0.812996	3.0224609375
0.813996	3.0224609375
0.814996	3.02734375
0.815996	3.0419921875
0.816996	3.0322265625
0.817996	3.02734375
0.818996	3.0126953125
0.82	2.998046875
0.820996	2.9931640625
0.822	2.978515625
0.823	2.958984375
0.824	2.939453125
0.825	2.9248046875
0.826	2.9150390625
0.826996	2.8857421875
0.827996	2.8857421875
0.828996	2.8759765625
0.829996	2.87109375
0.830996	2.8759765625
0.831996	2.880859375
0.832996	2.880859375
0.833996	2.880859375
0.834996	2.880859375
0.835996	2.87109375
0.836996	2.87109375
0.837996	2.8857421875
0.838996	2.8955078125
0.839996	2.9052734375
0.840996	2.9248046875
0.841996	2.9345703125
0.842996	2.9541015625
0.843996	2.96875
0.844996	2.9833984375
0.845996	3.0029296875
0.846996	3.0126953125
0.847996	3.0224609375
0.848996	3.0322265625
0.849996	3.02734375
0.850996	3.02734375
0.851996	3.017578125
0.852996	3.0126953125
0.853996	3.0078125
0.854996	2.98828125
0.855996	2.9833984375
0.856996	2.94921875
0.857996	2.9345703125
0.858996	2.919921875
0.859996	2.9052734375
0.860996	2.890625
0.862004	2.890625
0.862996	2.8662109375
0.864	2.87109375
0.865	2.8759765625
0.866	2.8759765625
0.867	2.880859375
0.868	2.880859375
0.868996	2.8759765625
0.869996	2.87109375
0.870996	2.87109375
0.871996	2.880859375
0.872996	2.8955078125
0.873996	2.91015625
0.874996	2.9150390625
0.875996	2.9296875
0.876996	2.9541015625
0.877996	2.9736328125
0.878996	2.9833984375
0.879996	2.9931640625
0.880996	3.0078125
0.881996	3.017578125
0.882996	3.0224609375
0.883996	3.02734375
0.884996	3.02734375
0.885996	3.02734375
0.886996	3.017578125
0.887996	3.0029296875
0.888996	2.98828125
0.889996	2.978515625
0.890996	2.958984375
0.891996	2.939453125
0.892996	2.9248046875
0.893996	2.91015625
0.894996	2.900390625
0.895996	2.880859375
0.896996	2.8759765625
0.897996	2.87109375
0.898996	2.8759765625
0.899996	2.880859375
0.900996	2.8759765625
0.901996	2.8857421875
0.902996	2.8759765625
0.903996	2.8759765625
0.905	2.8759765625
0.905996	2.880859375
0.907	2.900390625
0.908	2.91015625
0.909	2.919921875
0.91	2.9443359375
0.911	2.958984375
0.911996	2.9638671875
0.912996	2.978515625
0.913996	2.998046875
0.914996	3.0126953125
0.915996	3.0224609375
0.916996	3.017578125
0.917996	3.0224609375
0.918996	3.0224609375
0.919996	3.017578125
0.920996	3.0078125
0.921996	3.0029296875
0.922996	2.98828125
0.923996	2.9638671875
0.924996	2.9541015625
0.925996	2.939453125
0.926996	2.9248046875
0.927996	2.9150390625
0.928996	2.8955078125
0.929996	2.890625
0.930996	2.87109375
0.931996	2.880859375
0.932996	2.8759765625
0.933996	2.8759765625
0.934996	2.880859375
0.935996	2.880859375
0.936996	2.880859375
0.937996	2.87109375
0.938996	2.880859375
0.939996	2.8857421875
0.940996	2.9052734375
0.941996	2.91015625
0.942996	2.9296875
0.943996	2.9296875
0.944996	2.9541015625
0.945996	2.96875
0.946996	2.9833984375
0.948	2.98828125
0.948996	3.0078125
0.95	3.0224609375
0.951	3.02734375
0.952	3.017578125
0.953	3.017578125
0.954	3.0224609375
0.954996	3.0126953125
0.955996	2.9931640625
0.956996	2.9833984375
0.957996	2.96875
0.958996	2.9541015625
0.959996	2.9345703125
0.960996	2.9296875
0.961996	2.9150390625
0.962996	2.900390625
0.963996	2.8955078125
0.964996	2.880859375
0.965996	2.8857421875
0.966996	2.8759765625
0.967996	2.87109375
0.968996	2.8662109375
0.969996	2.880859375
0.970996	2.8759765625
0.971996	2.87109375
0.972996	2.87109375
0.973996	2.890625
0.974996	2.890625
0.975996	2.9150390625
0.976996	2.9296875
0.977996	2.939453125
0.978996	2.9541015625
0.979996	2.96875
0.980996	2.9736328125
0.981996	2.998046875
0.982996	3.0029296875
0.983996	3.017578125
0.984996	3.017578125
0.985996	3.017578125
0.986996	3.017578125
0.987996	3.017578125
0.988996	3.0078125
0.990004	2.98828125
0.990996	2.9833984375
0.992	2.96875
0.993	2.94921875
0.994	2.9345703125
0.995	2.9248046875
0.996	2.91015625
0.996996	2.8955078125
0.997996	2.890625
0.998996	2.880859375
0.999996	2.880859375
1.000996	2.87109375
1.001996	2.8759765625
1.002996	2.8759765625
1.003996	2.87109375
1.004996	2.8759765625
1.005996	2.8759765625
1.006996	2.8857421875
1.007996	2.8857421875
1.008996	2.890625
1.009996	2.9150390625
1.010996	2.919921875
1.011996	2.939453125
1.012996	2.958984375
1.013996	2.9638671875
1.014996	2.9833984375
1.015996	2.98828125
1.016996	3.0078125
1.017996	3.0126953125
1.018996	3.0224609375
1.019996	3.0224609375
1.020996	3.017578125
1.021996	3.0126953125
1.022996	2.998046875
1.023996	2.98828125
1.024996	2.978515625
1.025996	2.96875
1.026996	2.958984375
1.027996	2.939453125
1.028996	2.919921875
1.029996	2.9150390625
1.030996	2.8955078125
1.031996	2.890625
1.033	2.8857421875
1.033996	2.8857421875
1.035	2.87109375
1.036	2.8857421875
1.037	2.8759765625
1.038	2.87109375
1.039	2.8759765625
1.039996	2.8759765625
1.040996	2.880859375
1.041996	2.890625
1.042996	2.900390625
1.043996	2.91015625
1.044996	2.919921875
1.045996	2.9296875
1.046996	2.9443359375
1.047996	2.96875
1.048996	2.96875
1.049996	2.9833984375
1.050996	3.0029296875
1.051996	3.0078125
1.052996	3.0126953125
1.053996	3.017578125
1.054996	3.0224609375
1.055996	3.0078125
1.056996	3.0078125
1.057996	2.9931640625
1.058996	2.9833984375
1.059996	2.96875
1.060996	2.9541015625
1.061996	2.9345703125
1.062996	2.9296875
1.063996	2.91015625
1.064996	2.900390625
1.065996	2.8955078125
1.066996	2.880859375
1.067996	2.880859375
1.068996	2.880859375
1.069996	2.8759765625
1.070996	2.8759765625
1.071996	2.8759765625
1.072996	2.880859375
1.073996	2.8759765625
1.074996	2.8857421875
1.076	2.8955078125
1.076996	2.900390625
1.078	2.91015625
1.079	2.9248046875
1.08	2.9443359375
1.081	2.9541015625
1.082	2.958984375
1.082996	2.978515625
1.083996	2.9931640625
1.084996	3.0078125
1.085996	3.0029296875
1.086996	3.017578125
1.087996	3.0126953125
1.088996	3.017578125
1.089996	3.0029296875
1.090996	2.998046875
1.091996	2.9833984375
1.092996	2.98828125
1.093996	2.96875
1.094996	2.94921875
1.095996	2.939453125
1.096996	2.9150390625
1.097996	2.9150390625
1.098996	2.8955078125
1.099996	2.890625
1.100996	2.880859375
1.101996	2.8759765625
1.102996	2.8759765625
1.103996	2.8759765625
1.104996	2.87109375
1.105996	2.8759765625
1.106996	2.8662109375
1.107996	2.8662109375
1.108996	2.8857421875
1.109996	2.8955078125
1.110996	2.91015625
1.111996	2.91015625
1.112996	2.919921875
1.113996	2.9345703125
1.114996	2.9541015625
1.115996	2.9638671875
1.116996	2.978515625
1.118004	2.98828125
1.118996	2.998046875
1.12	3.0029296875
1.121	3.0126953125
1.122	3.0078125
1.123	3.0029296875
1.124	2.998046875
1.124996	2.9931640625
1.125996	2.9833984375
1.126996	2.9833984375
1.127996	2.958984375
1.128996	2.9541015625
1.129996	2.9345703125
1.130996	2.919921875
1.131996	2.9052734375
1.132996	2.900390625
1.133996	2.900390625
1.134996	2.8857421875
1.135996	2.8759765625
1.136996	2.8759765625
1.137996	2.8759765625
1.138996	2.8759765625
1.139996	2.87109375
1.140996	2.8759765625
1.141996	2.8857421875
1.142996	2.880859375
1.143996	2.900390625
1.144996	2.91015625
1.145996	2.91015625
1.146996	2.9248046875
1.147996	2.939453125
1.148996	2.9541015625
1.149996	2.9638671875
1.150996	2.9833984375
1.151996	2.98828125
1.152996	2.998046875
1.153996	2.998046875
1.154996	3.0078125
1.155996	3.0029296875
1.156996	3.0078125
1.157996	3.0029296875
1.158996	2.9931640625
1.159996	2.98828125
1.161	2.9736328125
1.161996	2.96875
1.163	2.9541015625
1.164	2.9345703125
1.165	2.9248046875
1.166	2.919921875
1.167	2.900390625
1.167996	2.890625
1.168996	2.8759765625
1.169996	2.880859375
1.170996	2.8759765625
1.171996	2.8759765625
1.172996	2.8759765625
1.173996	2.8759765625
1.174996	2.8759765625
1.175996	2.880859375
1.176996	2.8857421875
1.177996	2.890625
1.178996	2.9052734375
1.179996	2.91015625
1.180996	2.919921875
1.181996	2.9345703125
1.182996	2.9541015625
1.183996	2.9638671875
1.184996	2.978515625
1.185996	2.9833984375
1.186996	2.998046875
1.187996	2.998046875
1.188996	3.0029296875
1.189996	3.0078125
1.190996	3.0078125
1.191996	2.9931640625
1.192996	2.98828125
1.193996	2.9736328125
1.194996	2.9736328125
1.195996	2.96875
1.196996	2.939453125
1.197996	2.9345703125
1.198996	2.9248046875
1.199996	2.9150390625
1.200996	2.9052734375
1.201996	2.890625
1.202996	2.8955078125
1.204	2.8759765625
1.204996	2.880859375
1.206	2.880859375
1.207	2.87109375
1.208	2.87109375
1.209	2.87109375
1.21	2.8857421875
1.210996	2.890625
1.211996	2.8955078125
1.212996	2.9052734375
1.213996	2.91015625
1.214996	2.9248046875
1.215996	2.9345703125
1.216996	2.958984375
1.217996	2.958984375
1.218996	2.978515625
1.219996	2.9833984375
1.220996	2.98828125
1.221996	2.998046875
1.222996	3.0029296875
1.223996	3.0029296875
1.224996	3.0029296875
1.225996	2.998046875
1.226996	2.98828125
1.227996	2.9833984375
1.228996	2.9736328125
1.229996	2.9541015625
1.230996	2.9443359375
1.231996	2.939453125
1.232996	2.919921875
1.233996	2.91015625
1.234996	2.8955078125
1.235996	2.900390625
1.236996	2.890625
1.237996	2.880859375
1.238996	2.8759765625
1.239996	2.8759765625
1.240996	2.8662109375
1.241996	2.87109375
1.242996	2.8759765625
1.243996	2.8857421875
1.244996	2.890625
1.246004	2.8955078125
1.246996	2.9052734375
1.248	2.9150390625
1.249	2.9296875
1.25	2.9443359375
1.251	2.9541015625
1.252	2.96875
1.252996	2.96875
1.253996	2.9833984375
1.254996	2.98828125
1.255996	2.9931640625
1.256996	3.0029296875
1.257996	2.998046875
1.258996	2.9931640625
1.259996	2.9931640625
1.260996	2.9833984375
1.261996	2.9833984375
1.262996	2.96875
1.263996	2.958984375
1.264996	2.94921875
1.265996	2.9296875
1.266996	2.9248046875
1.267996	2.91015625
1.268996	2.900390625
1.269996	2.8955078125
1.270996	2.890625
1.271996	2.8857421875
1.272996	2.880859375
1.273996	2.8759765625
1.274996	2.880859375
1.275996	2.880859375
1.276996	2.880859375
1.277996	2.880859375
1.278996	2.8857421875
1.279996	2.900390625
1.280996	2.91015625
1.281996	2.9150390625
1.282996	2.9296875
1.283996	2.9296875
1.284996	2.94921875
1.285996	2.958984375
1.286996	2.96875
1.287996	2.9833984375
1.289	2.98828125
1.289996	2.9931640625
1.291	3.0029296875
1.292	2.9931640625
1.293	2.9931640625
1.294	2.9931640625
1.295	2.98828125
1.295996	2.978515625
1.296996	2.96875
1.297996	2.958984375
1.298996	2.9443359375
1.299996	2.9345703125
1.300996	2.919921875
1.301996	2.9052734375
1.302996	2.9052734375
1.303996	2.8955078125
1.304996	2.890625
1.305996	2.8857421875
1.306996	2.8759765625
1.307996	2.8662109375
1.308996	2.880859375
1.309996	2.8759765625
1.310996	2.87109375
1.311996	2.8857421875
1.312996	2.8955078125
1.313996	2.900390625
1.314996	2.91015625
1.315996	2.919921875
1.316996	2.9248046875
1.317996	2.939453125
1.318996	2.9541015625
1.319996	2.96875
1.320996	2.9736328125
1.321996	2.9736328125
1.322996	2.9833984375
1.323996	2.998046875
1.324996	2.998046875
1.325996	2.998046875
1.326996	2.998046875
1.327996	2.98828125
1.328996	2.98828125
1.329996	2.978515625
1.330996	2.9638671875
1.332	2.94921875
1.332996	2.94921875
1.334	2.9296875
1.335	2.9296875
1.336	2.91015625
1.337	2.900390625
1.338	2.8955078125
1.338996	2.8955078125
1.339996	2.880859375
1.340996	2.880859375
1.341996	2.8857421875
1.342996	2.8759765625
1.343996	2.8759765625
1.344996	2.8857421875
1.345996	2.8955078125
1.346996	2.8955078125
1.347996	2.8955078125
1.348996	2.91015625
1.349996	2.9150390625
1.350996	2.9296875
1.351996	2.939453125
1.352996	2.94921875
1.353996	2.9638671875
1.354996	2.96875
1.355996	2.978515625
1.356996	2.9833984375
1.357996	2.9833984375
1.358996	2.9931640625
1.359996	2.998046875
1.360996	2.9931640625
1.361996	2.98828125
1.362996	2.9833984375
1.363996	2.978515625
1.364996	2.958984375
1.365996	2.958984375
1.366996	2.9443359375
1.367996	2.9345703125
1.368996	2.9248046875
1.369996	2.91015625
1.370996	2.9052734375
1.371996	2.900390625
1.372996	2.8955078125
1.374004	2.880859375
1.374996	2.8857421875
1.376	2.87109375
1.377	2.880859375
1.378	2.8857421875
1.379	2.880859375
1.38	2.8857421875
1.380996	2.900390625
1.381996	2.9052734375
1.382996	2.91015625
1.383996	2.9150390625
1.384996	2.9248046875
1.385996	2.939453125
1.386996	2.94921875
1.387996	2.958984375
1.388996	2.96875
1.389996	2.978515625
1.390996	2.98828125
1.391996	2.98828125
1.392996	2.9931640625
1.393996	2.998046875
1.394996	2.98828125
1.395996	2.98828125
1.396996	2.978515625
1.397996	2.9638671875
1.398996	2.958984375
1.399996	2.94921875
1.400996	2.939453125
1.401996	2.9248046875
1.402996	2.9248046875
1.403996	2.91015625
1.404996	2.9052734375
1.405996	2.900390625
1.406996	2.890625
1.407996	2.8955078125
1.408996	2.8759765625
1.409996	2.8857421875
1.410996	2.8857421875
1.411996	2.8759765625
1.412996	2.890625
1.413996	2.890625
1.414996	2.900390625
1.415996	2.9052734375
1.417	2.91015625
1.417996	2.9150390625
1.419	2.9296875
1.42	2.9443359375
1.421	2.94921875
1.422	2.958984375
1.423	2.9736328125
1.423996	2.96875
1.424996	2.98828125
1.425996	2.98828125
1.426996	2.9931640625
1.427996	2.9931640625
1.428996	2.98828125
1.429996	2.9833984375
1.430996	2.9736328125
1.431996	2.9736328125
1.432996	2.9638671875
1.433996	2.94921875
1.434996	2.939453125
1.435996	2.9296875
1.436996	2.9248046875
1.437996	2.9052734375
1.438996	2.900390625
1.439996	2.8955078125
1.440996	2.890625
1.441996	2.890625
1.442996	2.8857421875
1.443996	2.8857421875
1.444996	2.8857421875
1.445996	2.880859375
1.446996	2.890625
1.447996	2.890625
1.448996	2.8955078125
1.449996	2.900390625
1.450996	2.91015625
1.451996	2.9248046875
1.452996	2.9345703125
1.453996	2.9345703125
1.454996	2.9443359375
1.455996	2.9638671875
1.456996	2.9736328125
1.457996	2.9736328125
1.458996	2.98828125
1.46	2.9833984375
1.460996	2.98828125
1.462	2.98828125
1.463	2.9833984375
1.464	2.9833984375
1.465	2.978515625
1.466	2.9638671875
1.466996	2.958984375
1.467996	2.958984375
1.468996	2.939453125
1.469996	2.9345703125
1.470996	2.919921875
1.471996	2.9052734375
1.472996	2.900390625
1.473996	2.900390625
1.474996	2.8955078125
1.475996	2.890625
1.476996	2.880859375
1.477996	2.8857421875
1.478996	2.8857421875
1.479996	2.880859375
1.480996	2.8955078125
1.481996	2.890625
1.482996	2.900390625
1.483996	2.9052734375
1.484996	2.91015625
1.485996	2.919921875
1.486996	2.9345703125
1.487996	2.939453125
1.488996	2.9541015625
1.489996	2.9638671875
1.490996	2.9736328125
1.491996	2.9736328125
1.492996	2.98828125
1.493996	2.98828125
1.494996	2.98828125
1.495996	2.98828125
1.496996	2.98828125
1.497996	2.9833984375
1.498996	2.9736328125
1.499996	2.96875
1.500996	2.958984375
1.502004	2.94921875
1.502996	2.939453125
1.504	2.9296875
1.505	2.9150390625
1.506	2.91015625
1.507	2.91015625
1.508	2.900390625
1.508996	2.8955078125
1.509996	2.8955078125
1.510996	2.890625
1.511996	2.8857421875
1.512996	2.880859375
1.513996	2.8759765625
1.514996	2.890625
1.515996	2.890625
1.516996	2.8955078125
1.517996	2.91015625
1.518996	2.9150390625
1.519996	2.9248046875
1.520996	2.9296875
1.521996	2.939453125
1.522996	2.94921875
1.523996	2.9638671875
1.524996	2.9638671875
1.525996	2.9736328125
1.526996	2.9833984375
1.527996	2.9833984375
1.528996	2.9833984375
1.529996	2.9833984375
1.530996	2.9736328125
1.531996	2.978515625
1.532996	2.96875
1.533996	2.9638671875
1.534996	2.94921875
1.535996	2.9541015625
1.536996	2.939453125
1.537996	2.9248046875
1.538996	2.91015625
1.539996	2.9150390625
1.540996	2.8955078125
1.541996	2.9052734375
1.542996	2.8955078125
1.543996	2.8857421875
1.545	2.880859375
1.545996	2.880859375
1.547	2.8857421875
1.548	2.890625
1.549	2.8955078125
1.55	2.8955078125
1.551	2.9052734375
1.551996	2.91015625
1.552996	2.91015625
1.553996	2.9248046875
1.554996	2.9345703125
1.555996	2.9345703125
1.556996	2.94921875
1.557996	2.96875
1.558996	2.9736328125
1.559996	2.978515625
1.560996	2.9833984375
1.561996	2.978515625
1.562996	2.978515625
1.563996	2.978515625
1.564996	2.9833984375
1.565996	2.9833984375
1.566996	2.978515625
1.567996	2.9638671875
1.568996	2.94921875
1.569996	2.94921875
1.570996	2.9296875
1.571996	2.919921875
1.572996	2.919921875
1.573996	2.9150390625
1.574996	2.91015625
1.575996	2.900390625
1.576996	2.890625
1.577996	2.8955078125
1.578996	2.8955078125
1.579996	2.880859375
1.580996	2.8857421875
1.581996	2.900390625
1.582996	2.8955078125
1.583996	2.8955078125
1.584996	2.900390625
1.585996	2.900390625
1.586996	2.9150390625
1.588	2.9248046875
1.588996	2.9345703125
1.59	2.939453125
1.591	2.9541015625
1.592	2.9638671875
1.593	2.9736328125
1.594	2.9736328125
1.594996	2.9736328125
1.595996	2.978515625
1.596996	2.9833984375
1.597996	2.9833984375
1.598996	2.9736328125
1.599996	2.978515625
1.600996	2.96875
1.601996	2.958984375
1.602996	2.958984375
1.603996	2.94921875
1.604996	2.9345703125
1.605996	2.9248046875
1.606996	2.9150390625
1.607996	2.9150390625
1.608996	2.9052734375
1.609996	2.8955078125
1.610996	2.900390625
1.611996	2.8955078125
1.612996	2.890625
1.613996	2.890625
1.614996	2.8857421875
1.615996	2.890625
1.616996	2.8955078125
1.617996	2.8955078125
1.618996	2.91015625
1.619996	2.91015625
1.620996	2.9150390625
1.621996	2.9248046875
1.622996	2.9345703125
1.623996	2.939453125
1.624996	2.9541015625
1.625996	2.9638671875
1.626996	2.96875
1.627996	2.96875
1.628996	2.9833984375
1.630004	2.9833984375
1.630996	2.978515625
1.632	2.978515625
1.633	2.9736328125
1.634	2.9736328125
1.635	2.9736328125
1.636	2.9638671875
1.636996	2.9541015625
1.637996	2.939453125
1.638996	2.939453125
1.639996	2.9296875
1.640996	2.9150390625
1.641996	2.9150390625
1.642996	2.900390625
1.643996	2.900390625
1.644996	2.900390625
1.645996	2.8955078125
1.646996	2.890625
1.647996	2.8955078125
1.648996	2.890625
1.649996	2.8857421875
1.650996	2.890625
1.651996	2.9052734375
1.652996	2.9052734375
1.653996	2.91015625
1.654996	2.919921875
1.655996	2.9296875
1.656996	2.939453125
1.657996	2.9345703125
1.658996	2.9541015625
1.659996	2.9638671875
1.660996	2.9638671875
1.661996	2.9736328125
1.662996	2.978515625
1.663996	2.978515625
1.664996	2.978515625
1.665996	2.9833984375
1.666996	2.9833984375
1.667996	2.9736328125
1.668996	2.96875
1.669996	2.958984375
1.670996	2.94921875
1.671996	2.9443359375
1.673	2.9345703125
1.673996	2.9248046875
1.675	2.9150390625
1.676	2.9150390625
1.677	2.91015625
1.678	2.8955078125
1.679	2.890625
1.679996	2.8955078125
1.680996	2.890625
1.681996	2.8955078125
1.682996	2.8857421875
1.683996	2.890625
1.684996	2.900390625
1.685996	2.890625
1.686996	2.9052734375
1.687996	2.91015625
1.688996	2.9150390625
1.689996	2.9248046875
1.690996	2.9296875
1.691996	2.9443359375
1.692996	2.9541015625
1.693996	2.9541015625
1.694996	2.9638671875
1.695996	2.96875
1.696996	2.9736328125
1.697996	2.9833984375
1.698996	2.9736328125
1.699996	2.978515625
1.700996	2.978515625
1.701996	2.9736328125
1.702996	2.96875
1.703996	2.958984375
1.704996	2.9443359375
1.705996	2.939453125
1.706996	2.939453125
1.707996	2.9296875
1.708996	2.919921875
1.709996	2.91015625
1.710996	2.91015625
1.711996	2.890625
1.712996	2.890625
1.713996	2.8955078125
1.714996	2.8955078125
1.716	2.890625
1.716996	2.890625
1.718	2.900390625
1.719	2.890625
1.72	2.9052734375
1.721	2.91015625
1.722	2.9052734375
1.722996	2.9150390625
1.723996	2.9248046875
1.724996	2.9345703125
1.725996	2.9345703125
1.726996	2.9541015625
1.727996	2.9541015625
1.728996	2.958984375
1.729996	2.9736328125
1.730996	2.978515625
1.731996	2.9833984375
1.732996	2.978515625
1.733996	2.9833984375
1.734996	2.9736328125
1.735996	2.96875
1.736996	2.9638671875
1.737996	2.94921875
1.738996	2.9443359375
1.739996	2.939453125
1.740996	2.9296875
1.741996	2.9248046875
1.742996	2.919921875
1.743996	2.91015625
1.744996	2.91015625
1.745996	2.890625
1.746996	2.8955078125
1.747996	2.8955078125
1.748996	2.890625
1.749996	2.8955078125
1.750996	2.8955078125
1.751996	2.890625
1.752996	2.8955078125
1.753996	2.9052734375
1.754996	2.9052734375
1.755996	2.9150390625
1.756996	2.919921875
1.758004	2.9296875
1.758996	2.9296875
1.76	2.939453125
1.761	2.94921875
1.762	2.9541015625
1.763	2.958984375
1.764	2.9736328125
1.764996	2.978515625
1.765996	2.9736328125
1.766996	2.9736328125
1.767996	2.9833984375
1.768996	2.9736328125
1.769996	2.96875
1.770996	2.96875
1.771996	2.9541015625
1.772996	2.94921875
1.773996	2.9345703125
1.774996	2.9296875
1.775996	2.9248046875
1.776996	2.9150390625
1.777996	2.91015625
1.778996	2.91015625
1.779996	2.9052734375
1.780996	2.8955078125
1.781996	2.8955078125
1.782996	2.8955078125
1.783996	2.890625
1.784996	2.900390625
1.785996	2.8955078125
1.786996	2.9052734375
1.787996	2.9052734375
1.788996	2.9052734375
1.789996	2.9150390625
1.790996	2.919921875
1.791996	2.9296875
1.792996	2.9296875
1.793996	2.9443359375
1.794996	2.94921875
1.795996	2.958984375
1.796996	2.9638671875
1.797996	2.96875
1.798996	2.96875
1.799996	2.9736328125
1.801	2.9736328125
1.801996	2.978515625
1.803	2.9736328125
1.804	2.96875
1.805	2.9541015625
1.806	2.94921875
1.807	2.94921875
1.807996	2.939453125
1.808996	2.9296875
1.809996	2.9248046875
1.810996	2.9150390625
1.811996	2.9052734375
1.812996	2.9052734375
1.813996	2.900390625
1.814996	2.900390625
1.815996	2.8955078125
1.816996	2.900390625
1.817996	2.8955078125
1.818996	2.8955078125
1.819996	2.890625
1.820996	2.9052734375
1.821996	2.9052734375
1.822996	2.9052734375
1.823996	2.91015625
1.824996	2.919921875
1.825996	2.9296875
1.826996	2.939453125
1.827996	2.9443359375
1.828996	2.958984375
1.829996	2.9541015625
1.830996	2.9638671875
1.831996	2.96875
1.832996	2.96875
1.833996	2.978515625
1.834996	2.978515625
1.835996	2.9736328125
1.836996	2.96875
1.837996	2.9638671875
1.838996	2.9541015625
1.839996	2.94921875
1.840996	2.94921875
1.841996	2.9296875
1.842996	2.9248046875
1.844	2.919921875
1.844996	2.919921875
1.846	2.91015625
1.847	2.900390625
1.848	2.900390625
1.849	2.900390625
1.85	2.8955078125
1.850996	2.890625
1.851996	2.8955078125
1.852996	2.890625
1.853996	2.900390625
1.854996	2.9052734375
1.855996	2.9052734375
1.856996	2.9150390625
1.857996	2.9248046875
1.858996	2.919921875
1.859996	2.9296875
1.860996	2.9345703125
1.861996	2.9443359375
1.862996	2.9541015625
1.863996	2.94921875
1.864996	2.958984375
1.865996	2.96875
1.866996	2.9638671875
1.867996	2.9736328125
1.868996	2.96875
1.869996	2.9736328125
1.870996	2.96875
1.871996	2.9638671875
1.872996	2.9541015625
1.873996	2.958984375
1.874996	2.939453125
1.875996	2.939453125
1.876996	2.9296875
1.877996	2.919921875
1.878996	2.91015625
1.879996	2.91015625
1.880996	2.9052734375
1.881996	2.9052734375
1.882996	2.900390625
1.883996	2.890625
1.884996	2.900390625
1.886004	2.900390625
1.886996	2.8955078125
1.888	2.900390625
1.889	2.9052734375
1.89	2.9052734375
1.891	2.91015625
1.892	2.919921875
1.892996	2.9296875
1.893996	2.9296875
1.894996	2.939453125
1.895996	2.939453125
1.896996	2.958984375
1.897996	2.958984375
1.898996	2.958984375
1.899996	2.96875
1.900996	2.96875
1.901996	2.9736328125
1.902996	2.96875
1.903996	2.96875
1.904996	2.96875
1.905996	2.9638671875
1.906996	2.958984375
1.907996	2.9541015625
1.908996	2.939453125
1.909996	2.939453125
1.910996	2.9296875
1.911996	2.919921875
1.912996	2.9248046875
1.913996	2.9150390625
1.914996	2.9052734375
1.915996	2.8955078125
1.916996	2.9052734375
1.917996	2.8955078125
1.918996	2.8955078125
1.919996	2.8955078125
1.920996	2.900390625
1.921996	2.900390625
1.922996	2.8955078125
1.923996	2.9052734375
1.924996	2.91015625
1.925996	2.9150390625
1.926996	2.9248046875
1.927996	2.9296875
1.929	2.9296875
1.929996	2.94921875
1.931	2.9541015625
1.932	2.958984375
1.933	2.96875
1.934	2.96875
1.935	2.96875
1.935996	2.9736328125
1.936996	2.96875
1.937996	2.9736328125
1.938996	2.96875
1.939996	2.96875
1.940996	2.9541015625
1.941996	2.94921875
1.942996	2.9443359375
1.943996	2.939453125
1.944996	2.9248046875
1.945996	2.9248046875
1.946996	2.9052734375
1.947996	2.9052734375
1.948996	2.91015625
1.949996	2.9052734375
1.950996	2.900390625
1.951996	2.8955078125
1.952996	2.900390625
1.953996	2.900390625
1.954996	2.9052734375
1.955996	2.9052734375
1.956996	2.900390625
1.957996	2.9150390625
1.958996	2.9150390625
1.959996	2.9150390625
1.960996	2.9248046875
1.961996	2.9345703125
1.962996	2.939453125
1.963996	2.94921875
1.964996	2.94921875
1.965996	2.958984375
1.966996	2.9638671875
1.967996	2.958984375
1.968996	2.9638671875
1.969996	2.96875
1.970996	2.9736328125
1.972	2.96875
1.972996	2.96875
1.974	2.9541015625
1.975	2.958984375
1.976	2.9541015625
1.977	2.9443359375
1.978	2.9345703125
1.978996	2.919921875
1.979996	2.919921875
1.980996	2.91015625
1.981996	2.91015625
1.982996	2.91015625
1.983996	2.900390625
1.984996	2.890625
1.985996	2.900390625
1.986996	2.900390625
1.987996	2.900390625
1.988996	2.9052734375
1.989996	2.9052734375
1.990996	2.9052734375
1.991996	2.91015625
1.992996	2.9150390625
1.993996	2.91015625
1.994996	2.9248046875
1.995996	2.9296875
1.996996	2.939453125
1.997996	2.9541015625
1.998996	2.9541015625
1.999996	2.9541015625
2.000996	2.9638671875
2.001996	2.96875
2.002996	2.9736328125
2.003996	2.9736328125
2.004996	2.9736328125
2.005996	2.96875
2.006996	2.9638671875
2.007996	2.958984375
2.008996	2.9541015625
2.009996	2.94921875
2.010996	2.9443359375
2.011996	2.9345703125
2.012996	2.9248046875
2.014004	2.9248046875
2.014996	2.9150390625
2.016	2.91015625
2.017	2.9052734375
2.018	2.8955078125
2.019	2.900390625
2.02	2.900390625
2.020996	2.8955078125
2.021996	2.8955078125
2.022996	2.8955078125
2.023996	2.9052734375
2.024996	2.9052734375
2.025996	2.91015625
2.026996	2.9150390625
2.027996	2.91015625
2.028996	2.9296875
2.029996	2.9345703125
2.030996	2.9345703125
2.031996	2.94921875
2.032996	2.9541015625
2.033996	2.9541015625
2.034996	2.9638671875
2.035996	2.9638671875
2.036996	2.958984375
2.037996	2.9638671875
2.038996	2.9638671875
2.039996	2.96875
2.040996	2.958984375
2.041996	2.958984375
2.042996	2.9541015625
2.043996	2.9443359375
2.044996	2.9443359375
2.045996	2.9296875
2.046996	2.9248046875
2.047996	2.9248046875
2.048996	2.91015625
2.049996	2.919921875
2.050996	2.91015625
2.051996	2.91015625
2.052996	2.91015625
2.053996	2.900390625
2.054996	2.900390625
2.055996	2.900390625
2.057	2.9052734375
2.057996	2.9052734375
2.059	2.91015625
2.06	2.9052734375
2.061	2.9052734375
2.062	2.919921875
2.063	2.9296875
2.063996	2.9296875
2.064996	2.939453125
2.065996	2.9443359375
2.066996	2.958984375
2.067996	2.94921875
2.068996	2.96875
2.069996	2.9736328125
2.070996	2.9638671875
2.071996	2.96875
2.072996	2.9638671875
2.073996	2.9638671875
2.074996	2.9541015625
2.075996	2.94921875
2.076996	2.94921875
2.077996	2.939453125
2.078996	2.9296875
2.079996	2.9296875
2.080996	2.9296875
2.081996	2.919921875
2.082996	2.9248046875
2.083996	2.9052734375
2.084996	2.91015625
2.085996	2.9052734375
2.086996	2.9052734375
2.087996	2.8955078125
2.088996	2.900390625
2.089996	2.91015625
2.090996	2.9052734375
2.091996	2.91015625
2.092996	2.91015625
2.093996	2.91015625
2.094996	2.919921875
2.095996	2.9248046875
2.096996	2.919921875
2.097996	2.939453125
2.098996	2.9443359375
2.1	2.94921875
2.100996	2.9541015625
2.102	2.94921875
2.103	2.9638671875
2.104	2.9638671875
2.105	2.96875
2.106	2.9638671875
2.106996	2.9638671875
2.107996	2.958984375
2.108996	2.958984375
2.109996	2.9541015625
2.110996	2.9541015625
2.111996	2.9345703125
2.112996	2.939453125
2.113996	2.9345703125
2.114996	2.919921875
2.115996	2.91015625
2.116996	2.91015625
2.117996	2.9150390625
2.118996	2.9052734375
2.119996	2.900390625
2.120996	2.91015625
2.121996	2.8955078125
2.122996	2.9052734375
2.123996	2.9052734375
2.124996	2.900390625
2.125996	2.9052734375
2.126996	2.9052734375
2.127996	2.9150390625
2.128996	2.9150390625
2.129996	2.9248046875
2.130996	2.9296875
2.131996	2.9345703125
2.132996	2.939453125
2.133996	2.94921875
2.134996	2.9541015625
2.135996	2.958984375
2.136996	2.958984375
2.137996	2.9638671875
2.138996	2.96875
2.139996	2.9638671875
2.140996	2.958984375
2.142004	2.9638671875
2.142996	2.9541015625
2.144	2.94921875
2.145	2.94921875
2.146	2.9443359375
2.147	2.939453125
2.148	2.9296875
2.148996	2.9248046875
2.149996	2.91015625
2.150996	2.9150390625
2.151996	2.91015625
2.152996	2.900390625
2.153996	2.9052734375
2.154996	2.9052734375
2.155996	2.900390625
2.156996	2.9052734375
2.157996	2.9052734375
2.158996	2.91015625
2.159996	2.91015625
2.160996	2.9150390625
2.161996	2.91015625
2.162996	2.9150390625
2.163996	2.9150390625
2.164996	2.9296875
2.165996	2.9296875
2.166996	2.9443359375
2.167996	2.94921875
2.168996	2.9541015625
2.169996	2.94921875
2.170996	2.9541015625
2.171996	2.9638671875
2.172996	2.96875
2.173996	2.96875
2.174996	2.9638671875
2.175996	2.9541015625
2.176996	2.9541015625
2.177996	2.958984375
2.178996	2.939453125
2.179996	2.9443359375
2.180996	2.9345703125
2.181996	2.919921875
2.182996	2.9296875
2.183996	2.919921875
2.185	2.919921875
2.185996	2.91015625
2.187	2.91015625
2.188	2.9052734375
2.189	2.91015625
2.19	2.9052734375
2.191	2.9052734375
2.191996	2.900390625
2.192996	2.900390625
2.193996	2.9052734375
2.194996	2.91015625
2.195996	2.9150390625
2.196996	2.9248046875
2.197996	2.919921875
2.198996	2.9296875
2.199996	2.939453125
2.200996	2.939453125
2.201996	2.94921875
2.202996	2.958984375
2.203996	2.958984375
2.204996	2.958984375
2.205996	2.958984375
2.206996	2.9638671875
2.207996	2.9638671875
2.208996	2.9638671875
2.209996	2.94921875
2.210996	2.94921875
2.211996	2.94921875
2.212996	2.9443359375
2.213996	2.939453125
2.214996	2.9345703125
2.215996	2.9248046875
2.216996	2.919921875
2.217996	2.9150390625
2.218996	2.9150390625
2.219996	2.900390625
2.220996	2.9052734375
2.221996	2.9052734375
2.222996	2.91015625
2.223996	2.9052734375
2.224996	2.91015625
2.225996	2.9052734375
2.226996	2.91015625
2.228	2.91015625
2.228996	2.9052734375
2.23	2.91015625
2.231	2.9248046875
2.232	2.919921875
2.233	2.9296875
2.234	2.9345703125
2.234996	2.939453125
2.235996	2.9541015625
2.236996	2.9638671875
2.237996	2.9541015625
2.238996	2.94921875
2.239996	2.9638671875
2.240996	2.9638671875
2.241996	2.958984375
2.242996	2.9638671875
2.243996	2.9541015625
2.244996	2.9541015625
2.245996	2.9443359375
2.246996	2.9443359375
2.247996	2.9443359375
2.248996	2.9345703125
2.249996	2.9248046875
2.250996	2.9150390625
2.251996	2.9248046875
2.252996	2.919921875
2.253996	2.9150390625
2.254996	2.900390625
2.255996	2.91015625
2.256996	2.9052734375
2.257996	2.9052734375
2.258996	2.91015625
2.259996	2.91015625
2.260996	2.91015625
2.261996	2.9052734375
2.262996	2.9150390625
2.263996	2.9150390625
2.264996	2.9150390625
2.265996	2.9345703125
2.266996	2.939453125
2.267996	2.939453125
2.268996	2.9443359375
2.270004	2.94921875
2.270996	2.9541015625
2.272	2.9541015625
2.273	2.958984375
2.274	2.958984375
2.275	2.958984375
2.276	2.9541015625
2.276996	2.958984375
2.277996	2.9541015625
2.278996	2.9541015625
2.279996	2.94921875
2.280996	2.9443359375
2.281996	2.9345703125
2.282996	2.9296875
2.283996	2.9248046875
2.284996	2.9296875
2.285996	2.9150390625
2.286996	2.91015625
2.287996	2.9150390625
2.288996	2.91015625
2.289996	2.9052734375
2.290996	2.91015625
2.291996	2.91015625
2.292996	2.9052734375
2.293996	2.91015625
2.294996	2.91015625
2.295996	2.91015625
2.296996	2.91015625
2.297996	2.91015625
2.298996	2.919921875
2.299996	2.919921875
2.300996	2.9296875
2.301996	2.9345703125
2.302996	2.939453125
2.303996	2.94921875
2.304996	2.9541015625
2.305996	2.958984375
2.306996	2.9541015625
2.307996	2.958984375
2.308996	2.9541015625
2.309996	2.9638671875
2.310996	2.9541015625
2.311996	2.94921875
2.313	2.94921875
2.313996	2.9443359375
2.315	2.9443359375
2.316	2.939453125
2.317	2.9345703125
2.318	2.9248046875
2.319	2.919921875
2.319996	2.9150390625
2.320996	2.9052734375
2.321996	2.91015625
2.322996	2.91015625
2.323996	2.900390625
2.324996	2.91015625
2.325996	2.91015625
2.326996	2.9052734375
2.327996	2.9052734375
2.328996	2.9052734375
2.329996	2.9150390625
2.330996	2.91015625
2.331996	2.9150390625
2.332996	2.9296875
2.333996	2.9296875
2.334996	2.9345703125
2.335996	2.939453125
2.336996	2.9345703125
2.337996	2.9443359375
2.338996	2.958984375
2.339996	2.9541015625
2.340996	2.9541015625
2.341996	2.958984375
2.342996	2.9638671875
2.343996	2.9541015625
2.344996	2.94921875
2.345996	2.9443359375
2.346996	2.9541015625
2.347996	2.9541015625
2.348996	2.9443359375
2.349996	2.939453125
2.350996	2.9345703125
2.351996	2.919921875
2.352996	2.9248046875
2.353996	2.919921875
2.354996	2.919921875
2.356	2.9052734375
2.356996	2.900390625
2.358	2.91015625
2.359	2.9052734375
2.36	2.9052734375
2.361	2.91015625
2.362	2.9052734375
2.362996	2.91015625
2.363996	2.9052734375
2.364996	2.91015625
2.365996	2.9248046875
2.366996	2.9296875
2.367996	2.9248046875
2.368996	2.9345703125
2.369996	2.9443359375
2.370996	2.939453125
2.371996	2.94921875
2.372996	2.9541015625
2.373996	2.958984375
2.374996	2.9541015625
2.375996	2.958984375
2.376996	2.9541015625
2.377996	2.958984375
2.378996	2.958984375
2.379996	2.958984375
2.380996	2.9541015625
2.381996	2.94921875
2.382996	2.9345703125
2.383996	2.9443359375
2.384996	2.9248046875
2.385996	2.9248046875
2.386996	2.9150390625
2.387996	2.919921875
2.388996	2.919921875
2.389996	2.91015625
2.390996	2.9052734375
2.391996	2.91015625
2.392996	2.91015625
2.393996	2.9052734375
2.394996	2.9150390625
2.395996	2.9052734375
2.396996	2.91015625
2.398004	2.919921875
2.398996	2.91015625
2.4	2.9248046875
2.401	2.9296875
2.402	2.9296875
2.403	2.9345703125
2.404	2.9345703125
2.404996	2.9443359375
2.405996	2.9541015625
2.406996	2.9541015625
2.407996	2.9541015625
2.408996	2.958984375
2.409996	2.9541015625
2.410996	2.958984375
2.411996	2.9541015625
2.412996	2.958984375
2.413996	2.9541015625
2.414996	2.94921875
2.415996	2.94921875
2.416996	2.939453125
2.417996	2.9296875
2.418996	2.9248046875
2.419996	2.9248046875
2.420996	2.919921875
2.421996	2.9150390625
2.422996	2.91015625
2.423996	2.91015625
2.424996	2.9052734375
2.425996	2.91015625
2.426996	2.9052734375
2.427996	2.91015625
2.428996	2.9150390625
2.429996	2.9150390625
2.430996	2.9150390625
2.431996	2.91015625
2.432996	2.91015625
2.433996	2.919921875
2.434996	2.9296875
2.435996	2.9296875
2.436996	2.939453125
2.437996	2.9443359375
2.438996	2.9443359375
2.439996	2.94921875
2.441	2.94921875
2.441996	2.9541015625
2.443	2.958984375
2.444	2.958984375
2.445	2.958984375
2.446	2.9541015625
2.447	2.958984375
2.447996	2.94921875
2.448996	2.94921875
2.449996	2.939453125
2.450996	2.939453125
2.451996	2.9345703125
2.452996	2.9248046875
2.453996	2.9248046875
2.454996	2.9248046875
2.455996	2.919921875
2.456996	2.91015625
2.457996	2.91015625
2.458996	2.91015625
2.459996	2.9052734375
2.460996	2.91015625
2.461996	2.9052734375
2.462996	2.91015625
2.463996	2.9052734375
2.464996	2.9052734375
2.465996	2.9150390625
2.466996	2.9150390625
2.467996	2.9248046875
2.468996	2.9296875
2.469996	2.9296875
2.470996	2.9345703125
2.471996	2.94921875
2.472996	2.9443359375
2.473996	2.94921875
2.474996	2.9541015625
2.475996	2.9541015625
2.476996	2.94921875
2.477996	2.958984375
2.478996	2.9541015625
2.479996	2.9541015625
2.480996	2.94921875
2.481996	2.9541015625
2.482996	2.94921875
2.484	2.9443359375
2.484996	2.9443359375
2.486	2.939453125
2.487	2.9296875
2.488	2.919921875
2.489	2.91015625
2.49	2.919921875
2.490996	2.9150390625
2.491996	2.9150390625
2.492996	2.9150390625
2.493996	2.900390625
2.494996	2.9052734375
2.495996	2.91015625
2.496996	2.9150390625
2.497996	2.9150390625
2.498996	2.91015625
2.499996	2.919921875
2.500996	2.919921875
2.501996	2.9296875
2.502996	2.9296875
2.503996	2.9296875
2.504996	2.9443359375
2.505996	2.939453125
2.506996	2.939453125
2.507996	2.94921875
2.508996	2.958984375
2.509996	2.9541015625
2.510996	2.958984375
2.511996	2.94921875
2.512996	2.94921875
2.513996	2.9541015625
2.514996	2.94921875
2.515996	2.94921875
2.516996	2.94921875
2.517996	2.939453125
2.518996	2.9296875
2.519996	2.9345703125
2.520996	2.9296875
2.521996	2.9248046875
2.522996	2.9248046875
2.523996	2.9150390625
2.524996	2.91015625
2.526004	2.9150390625
2.526996	2.9150390625
2.528	2.91015625
2.529	2.9052734375
2.53	2.91015625
2.531	2.9052734375
2.532	2.9052734375
2.532996	2.91015625
2.533996	2.9150390625
2.534996	2.919921875
2.535996	2.9248046875
2.536996	2.9296875
2.537996	2.9296875
2.538996	2.9345703125
2.539996	2.9443359375
2.540996	2.9443359375
2.541996	2.9541015625
2.542996	2.94921875
2.543996	2.958984375
2.544996	2.9541015625
2.545996	2.94921875
2.546996	2.9541015625
2.547996	2.9541015625
2.548996	2.94921875
2.549996	2.94921875
2.550996	2.939453125
2.551996	2.9443359375
2.552996	2.9443359375
2.553996	2.9248046875
2.554996	2.9296875
2.555996	2.9248046875
2.556996	2.9150390625
2.557996	2.9248046875
2.558996	2.91015625
2.559996	2.919921875
2.560996	2.91015625
2.561996	2.9052734375
2.562996	2.9052734375
2.563996	2.9052734375
2.564996	2.9052734375
2.565996	2.91015625
2.566996	2.9150390625
2.567996	2.919921875
2.569	2.919921875
2.569996	2.9248046875
2.571	2.9345703125
2.572	2.9345703125
2.573	2.939453125
2.574	2.939453125
2.575	2.94921875
2.575996	2.94921875
2.576996	2.9443359375
2.577996	2.958984375
2.578996	2.958984375
2.579996	2.94921875
2.580996	2.9541015625
2.581996	2.9541015625
2.582996	2.9443359375
2.583996	2.939453125
2.584996	2.9443359375
2.585996	2.939453125
2.586996	2.939453125
2.587996	2.9296875
2.588996	2.9345703125
2.589996	2.9248046875
2.590996	2.91015625
2.591996	2.91015625
2.592996	2.9150390625
2.593996	2.91015625
2.594996	2.91015625
2.595996	2.91015625
2.596996	2.9052734375
2.597996	2.9052734375
2.598996	2.9052734375
2.599996	2.91015625
2.600996	2.9150390625
2.601996	2.919921875
2.602996	2.9150390625
2.603996	2.9296875
2.604996	2.9296875
2.605996	2.9345703125
2.606996	2.939453125
2.607996	2.9443359375
2.608996	2.94921875
2.609996	2.9541015625
2.610996	2.94921875
2.612	2.9541015625
2.612996	2.958984375
2.614	2.94921875
2.615	2.9541015625
2.616	2.9541015625
2.617	2.94921875
2.618	2.939453125
2.618996	2.939453125
2.619996	2.9345703125
2.620996	2.9345703125
2.621996	2.9296875
2.622996	2.9248046875
2.623996	2.919921875
2.624996	2.919921875
2.625996	2.919921875
2.626996	2.91015625
2.627996	2.91015625
2.628996	2.91015625
2.629996	2.9150390625
2.630996	2.9052734375
2.631996	2.91015625
2.632996	2.91015625
2.633996	2.91015625
2.634996	2.9150390625
2.635996	2.919921875
2.636996	2.9248046875
2.637996	2.919921875
2.638996	2.9345703125
2.639996	2.9345703125
2.640996	2.939453125
2.641996	2.9345703125
2.642996	2.939453125
2.643996	2.9443359375
2.644996	2.94921875
2.645996	2.9541015625
2.646996	2.9541015625
2.647996	2.958984375
2.648996	2.958984375
2.649996	2.94921875
2.650996	2.9443359375
2.651996	2.9443359375
2.652996	2.9443359375
2.654004	2.939453125
2.654996	2.939453125
2.656	2.9296875
2.657	2.9345703125
2.658	2.9248046875
2.659	2.9150390625
2.66	2.919921875
2.660996	2.919921875
2.661996	2.91015625
2.662996	2.9150390625
2.663996	2.91015625
2.664996	2.9052734375
2.665996	2.9150390625
2.666996	2.91015625
2.667996	2.91015625
2.668996	2.9052734375
2.669996	2.9150390625
2.670996	2.9248046875
2.671996	2.919921875
2.672996	2.9296875
2.673996	2.939453125
2.674996	2.939453125
2.675996	2.9443359375
2.676996	2.94921875
2.677996	2.94921875
2.678996	2.94921875
2.679996	2.9443359375
2.680996	2.9541015625
2.681996	2.94921875
2.682996	2.94921875
2.683996	2.94921875
2.684996	2.9541015625
2.685996	2.939453125
2.686996	2.939453125
2.687996	2.939453125
2.688996	2.9345703125
2.689996	2.9248046875
2.690996	2.9296875
2.691996	2.9248046875
2.692996	2.919921875
2.693996	2.9150390625
2.694996	2.9150390625
2.695996	2.9052734375
2.697	2.91015625
2.697996	2.9052734375
2.699	2.9150390625
2.7	2.91015625
2.701	2.9150390625
2.702	2.919921875
2.703	2.91015625
2.703996	2.9248046875
2.704996	2.9248046875
2.705996	2.9248046875
2.706996	2.9296875
2.707996	2.9345703125
2.708996	2.9296875
2.709996	2.9443359375
2.710996	2.94921875
2.711996	2.94921875
2.712996	2.9443359375
2.713996	2.9541015625
2.714996	2.94921875
2.715996	2.9541015625
2.716996	2.9541015625
2.717996	2.9443359375
2.718996	2.9443359375
2.719996	2.9443359375
2.720996	2.9296875
2.721996	2.9345703125
2.722996	2.9296875
2.723996	2.9248046875
2.724996	2.919921875
2.725996	2.9248046875
2.726996	2.919921875
2.727996	2.9150390625
2.728996	2.91015625
2.729996	2.91015625
2.730996	2.91015625
2.731996	2.91015625
2.732996	2.91015625
2.733996	2.9150390625
2.734996	2.91015625
2.735996	2.9150390625
2.736996	2.919921875
2.737996	2.9248046875
2.738996	2.9296875
2.74	2.9296875
2.740996	2.939453125
2.742	2.9443359375
2.743	2.939453125
2.744	2.94921875
2.745	2.9443359375
2.746	2.94921875
2.746996	2.9541015625
2.747996	2.94921875
2.748996	2.9541015625
2.749996	2.9443359375
2.750996	2.94921875
2.751996	2.94921875
2.752996	2.94921875
2.753996	2.939453125
2.754996	2.939453125
2.755996	2.9296875
2.756996	2.9345703125
2.757996	2.9296875
2.758996	2.9248046875
2.759996	2.919921875
2.760996	2.919921875
2.761996	2.9150390625
2.762996	2.91015625
2.763996	2.9150390625
2.764996	2.91015625
2.765996	2.9150390625
2.766996	2.9052734375
2.767996	2.91015625
2.768996	2.9150390625
2.769996	2.9150390625
2.770996	2.919921875
2.771996	2.9248046875
2.772996	2.9296875
2.773996	2.9248046875
2.774996	2.9296875
2.775996	2.9296875
2.776996	2.9345703125
2.777996	2.9443359375
2.778996	2.9541015625
2.779996	2.9541015625
2.780996	2.9443359375
2.782004	2.94921875
2.782996	2.9541015625
2.784	2.94921875
2.785	2.94921875
2.786	2.9443359375
2.787	2.9443359375
2.788	2.939453125
2.788996	2.939453125
2.789996	2.9345703125
2.790996	2.9296875
2.791996	2.9296875
2.792996	2.9345703125
2.793996	2.9248046875
2.794996	2.919921875
2.795996	2.91015625
2.796996	2.9150390625
2.797996	2.9150390625
2.798996	2.91015625
2.799996	2.91015625
2.800996	2.9052734375
2.801996	2.9150390625
2.802996	2.9248046875
2.803996	2.9150390625
2.804996	2.919921875
2.805996	2.9296875
2.806996	2.9248046875
2.807996	2.9345703125
2.808996	2.9345703125
2.809996	2.9443359375
2.810996	2.9443359375
2.811996	2.9443359375
2.812996	2.9443359375
2.813996	2.94921875
2.814996	2.94921875
2.815996	2.9541015625
2.816996	2.9541015625
2.817996	2.9443359375
2.818996	2.9443359375
2.819996	2.9443359375
2.820996	2.939453125
2.821996	2.939453125
2.822996	2.939453125
2.823996	2.9345703125
2.825	2.9345703125
2.825996	2.9248046875
2.827	2.9150390625
2.828	2.9150390625
2.829	2.919921875
2.83	2.9150390625
2.831	2.919921875
2.831996	2.9150390625
2.832996	2.9150390625
2.833996	2.919921875
2.834996	2.91015625
2.835996	2.9150390625
2.836996	2.9150390625
2.837996	2.9248046875
2.838996	2.9248046875
2.839996	2.9248046875
2.840996	2.9248046875
2.841996	2.9296875
2.842996	2.939453125
2.843996	2.9345703125
2.844996	2.9443359375
2.845996	2.939453125
2.846996	2.94921875
2.847996	2.9443359375
2.848996	2.94921875
2.849996	2.9541015625
2.850996	2.94921875
2.851996	2.94921875
2.852996	2.9541015625
2.853996	2.939453125
2.854996	2.939453125
2.855996	2.939453125
2.856996	2.9345703125
2.857996	2.9296875
2.858996	2.9248046875
2.859996	2.9296875
2.860996	2.9248046875
2.861996	2.919921875
2.862996	2.919921875
2.863996	2.91015625
2.864996	2.9150390625
2.865996	2.9150390625
2.866996	2.919921875
2.868	2.919921875
2.868996	2.9150390625
2.87	2.9150390625
2.871	2.9150390625
2.872	2.9248046875
2.873	2.9248046875
2.874	2.9248046875
2.874996	2.9296875
2.875996	2.9296875
2.876996	2.939453125
2.877996	2.939453125
2.878996	2.939453125
2.879996	2.94921875
2.880996	2.94921875
2.881996	2.9541015625
2.882996	2.94921875
2.883996	2.9443359375
2.884996	2.9443359375
2.885996	2.9443359375
2.886996	2.9443359375
2.887996	2.94921875
2.888996	2.939453125
2.889996	2.939453125
2.890996	2.9345703125
2.891996	2.9296875
2.892996	2.919921875
2.893996	2.919921875
2.894996	2.9150390625
2.895996	2.919921875
2.896996	2.91015625
2.897996	2.9150390625
2.898996	2.91015625
2.899996	2.9150390625
2.900996	2.9150390625
2.901996	2.91015625
2.902996	2.9150390625
2.903996	2.91015625
2.904996	2.919921875
2.905996	2.919921875
2.906996	2.919921875
2.907996	2.919921875
2.908996	2.9296875
2.910004	2.9296875
2.910996	2.939453125
2.912	2.9345703125
2.913	2.9345703125
2.914	2.939453125
2.915	2.9541015625
2.916	2.9443359375
2.916996	2.9443359375
2.917996	2.94921875
2.918996	2.94921875
2.919996	2.94921875
2.920996	2.939453125
2.921996	2.9443359375
2.922996	2.9443359375
2.923996	2.939453125
2.924996	2.939453125
2.925996	2.9296875
2.926996	2.9248046875
2.927996	2.9296875
2.928996	2.919921875
2.929996	2.9248046875
2.930996	2.9150390625
2.931996	2.9052734375
2.932996	2.9150390625
2.933996	2.9150390625
2.934996	2.91015625
2.935996	2.9150390625
2.936996	2.91015625
2.937996	2.919921875
2.938996	2.9150390625
2.939996	2.9248046875
2.940996	2.9296875
2.941996	2.9296875
2.942996	2.9296875
2.943996	2.9296875
2.944996	2.9345703125
2.945996	2.9443359375
2.946996	2.9443359375
2.947996	2.94921875
2.948996	2.94921875
2.949996	2.94921875
2.950996	2.94921875
2.951996	2.94921875
2.953	2.94921875
2.953996	2.94921875
2.955	2.9443359375
2.956	2.9443359375
2.957	2.939453125
2.958	2.9345703125
2.959	2.9345703125
2.959996	2.9296875
2.960996	2.9296875
2.961996	2.9296875
2.962996	2.9150390625
2.963996	2.9150390625
2.964996	2.91015625
2.965996	2.919921875
2.966996	2.9150390625
2.967996	2.919921875
2.968996	2.91015625
2.969996	2.91015625
2.970996	2.91015625
2.971996	2.9150390625
2.972996	2.919921875
2.973996	2.919921875
2.974996	2.919921875
2.975996	2.9248046875
2.976996	2.9345703125
2.977996	2.9345703125
2.978996	2.939453125
2.979996	2.939453125
2.980996	2.9443359375
2.981996	2.9443359375
2.982996	2.9541015625
2.983996	2.9443359375
2.984996	2.9443359375
2.985996	2.94921875
2.986996	2.9443359375
2.987996	2.94921875
2.988996	2.94921875
2.989996	2.9443359375
2.990996	2.9443359375
2.991996	2.9345703125
2.992996	2.9296875
2.993996	2.9296875
2.994996	2.919921875
2.996	2.9248046875
2.996996	2.919921875
2.998	2.9248046875
2.999	2.9150390625
3.0	2.919921875
3.001	2.9150390625
3.002	2.9150390625
3.002996	2.9150390625
3.003996	2.9150390625
3.004996	2.91015625
3.005996	2.9248046875
3.006996	2.9296875
3.007996	2.9248046875
3.008996	2.9248046875
3.009996	2.9248046875
3.010996	2.9248046875
3.011996	2.9345703125
3.012996	2.9345703125
3.013996	2.9345703125
3.014996	2.9443359375
3.015996	2.9443359375
3.016996	2.939453125
3.017996	2.94921875
3.018996	2.9541015625
3.019996	2.94921875
3.020996	2.9443359375
3.021996	2.94921875
3.022996	2.939453125
3.023996	2.9443359375
3.024996	2.9345703125
3.025996	2.939453125
3.026996	2.9345703125
3.027996	2.9296875
3.028996	2.919921875
3.029996	2.919921875
3.030996	2.9248046875
3.031996	2.919921875
3.032996	2.91015625
3.033996	2.9150390625
3.034996	2.9150390625
3.035996	2.91015625
3.036996	2.91015625
3.038004	2.9150390625
3.038996	2.919921875
3.04	2.9150390625
3.041	2.919921875
3.042	2.9248046875
3.043	2.9248046875
3.044	2.9345703125
3.044996	2.9345703125
3.045996	2.9443359375
3.046996	2.939453125
3.047996	2.939453125
3.048996	2.9443359375
3.049996	2.9443359375
3.050996	2.94921875
3.051996	2.9541015625
3.052996	2.94921875
3.053996	2.9541015625
3.054996	2.9443359375
3.055996	2.94921875
3.056996	2.939453125
3.057996	2.939453125
3.058996	2.9345703125
3.059996	2.9345703125
3.060996	2.9296875
3.061996	2.919921875
3.062996	2.919921875
3.063996	2.919921875
3.064996	2.919921875
3.065996	2.9150390625
3.066996	2.919921875
3.067996	2.919921875
3.068996	2.9150390625
3.069996	2.9150390625
3.070996	2.91015625
3.071996	2.9150390625
3.072996	2.9150390625
3.073996	2.9248046875
3.074996	2.919921875
3.075996	2.9248046875
3.076996	2.9296875
3.077996	2.9296875
3.078996	2.939453125
3.079996	2.9296875
3.081	2.939453125
3.081996	2.9345703125
3.083	2.9443359375
3.084	2.9443359375
3.085	2.9443359375
3.086	2.9443359375
3.087	2.9443359375
3.087996	2.94921875
3.088996	2.9443359375
3.089996	2.9443359375
3.090996	2.9345703125
3.091996	2.939453125
3.092996	2.939453125
3.093996	2.9345703125
3.094996	2.9345703125
3.095996	2.9248046875
3.096996	2.9248046875
3.097996	2.919921875
3.098996	2.9296875
3.099996	2.919921875
3.100996	2.9150390625
3.101996	2.9150390625
3.102996	2.9150390625
3.103996	2.9150390625
3.104996	2.9248046875
3.105996	2.91015625
3.106996	2.919921875
3.107996	2.9248046875
3.108996	2.9248046875
3.109996	2.9296875
3.110996	2.9296875
3.111996	2.9345703125
3.112996	2.9296875
3.113996	2.939453125
3.114996	2.9345703125
3.115996	2.939453125
3.116996	2.9443359375
3.117996	2.9443359375
3.118996	2.94921875
3.119996	2.939453125
3.120996	2.94921875
3.121996	2.9443359375
3.122996	2.94921875
3.124	2.939453125
3.124996	2.9443359375
3.126	2.9345703125
3.127	2.9345703125
3.128	2.9345703125
3.129	2.9296875
3.13	2.9296875
3.130996	2.9296875
3.131996	2.9296875
3.132996	2.919921875
3.133996	2.919921875
3.134996	2.9150390625
3.135996	2.919921875
3.136996	2.919921875
3.137996	2.9248046875
3.138996	2.9150390625
3.139996	2.9150390625
3.140996	2.919921875
3.141996	2.9248046875
3.142996	2.919921875
3.143996	2.9248046875
3.144996	2.9296875
3.145996	2.9248046875
3.146996	2.9345703125
3.147996	2.939453125
3.148996	2.939453125
3.149996	2.9345703125
3.150996	2.9443359375
3.151996	2.9443359375
3.152996	2.94921875
3.153996	2.939453125
3.154996	2.939453125
3.155996	2.94921875
3.156996	2.939453125
3.157996	2.939453125
3.158996	2.939453125
3.159996	2.939453125
3.160996	2.939453125
3.161996	2.9345703125
3.162996	2.9296875
3.163996	2.9296875
3.164996	2.919921875
3.166004	2.9248046875
3.166996	2.9248046875
3.168	2.9150390625
3.169	2.91015625
3.17	2.91015625
3.171	2.9150390625
3.172	2.91015625
3.172996	2.9150390625
3.173996	2.9150390625
3.174996	2.9248046875
3.175996	2.9248046875
3.176996	2.9248046875
3.177996	2.9248046875
3.178996	2.9345703125
3.179996	2.9296875
3.180996	2.9296875
3.181996	2.939453125
3.182996	2.939453125
3.183996	2.9345703125
3.184996	2.939453125
3.185996	2.9443359375
3.186996	2.94921875
3.187996	2.9443359375
3.188996	2.939453125
3.189996	2.9443359375
3.190996	2.939453125
3.191996	2.939453125
3.192996	2.9345703125
3.193996	2.939453125
3.194996	2.9345703125
3.195996	2.9345703125
3.196996	2.9296875
3.197996	2.9296875
3.198996	2.9248046875
3.199996	2.919921875
3.200996	2.919921875
3.201996	2.9150390625
3.202996	2.9150390625
3.203996	2.91015625
3.204996	2.9150390625
3.205996	2.9150390625
3.206996	2.919921875
3.207996	2.9150390625
3.209	2.919921875
3.209996	2.9248046875
3.211	2.9296875
3.212	2.919921875
3.213	2.9248046875
3.214	2.9296875
3.215	2.9345703125
3.215996	2.9345703125
3.216996	2.939453125
3.217996	2.9345703125
3.218996	2.94921875
3.219996	2.939453125
3.220996	2.94921875
3.221996	2.9443359375
3.222996	2.939453125
3.223996	2.9443359375
3.224996	2.939453125
3.225996	2.9443359375
3.226996	2.939453125
3.227996	2.9296875
3.228996	2.9345703125
3.229996	2.9345703125
3.230996	2.9296875
3.231996	2.9248046875
3.232996	2.9150390625
3.233996	2.919921875
3.234996	2.9150390625
3.235996	2.91015625
3.236996	2.919921875
3.237996	2.919921875
3.238996	2.919921875
3.239996	2.9150390625
3.240996	2.919921875
3.241996	2.9248046875
3.242996	2.919921875
3.243996	2.9248046875
3.244996	2.9248046875
3.245996	2.9248046875
3.246996	2.9248046875
3.247996	2.939453125
3.248996	2.939453125
3.249996	2.9443359375
3.250996	2.9443359375
3.252	2.939453125
3.252996	2.9443359375
3.254	2.9443359375
3.255	2.94921875
3.256	2.94921875
3.257	2.9443359375
3.258	2.94921875
3.258996	2.9443359375
3.259996	2.9345703125
3.260996	2.9345703125
3.261996	2.939453125
3.262996	2.939453125
3.263996	2.9296875
3.264996	2.9345703125
3.265996	2.9248046875
3.266996	2.9248046875
3.267996	2.9248046875
3.268996	2.91015625
3.269996	2.9248046875
3.270996	2.9150390625
3.271996	2.9150390625
3.272996	2.91015625
3.273996	2.9150390625
3.274996	2.919921875
3.275996	2.9248046875
3.276996	2.9150390625
3.277996	2.9248046875
3.278996	2.919921875
3.279996	2.9248046875
3.280996	2.9248046875
3.281996	2.9345703125
3.282996	2.9296875
3.283996	2.9345703125
3.284996	2.939453125
3.285996	2.939453125
3.286996	2.9443359375
3.287996	2.9345703125
3.288996	2.9443359375
3.289996	2.9443359375
3.290996	2.9443359375
3.291996	2.9443359375
3.292996	2.9443359375
3.294004	2.9443359375
3.294996	2.9296875
3.296	2.9345703125
3.297	2.9248046875
3.298	2.9296875
3.299	2.9248046875
3.3	2.9296875
3.300996	2.919921875
3.301996	2.919921875
3.302996	2.919921875
3.303996	2.9150390625
3.304996	2.91015625
3.305996	2.9248046875
3.306996	2.919921875
3.307996	2.9248046875
3.308996	2.919921875
3.309996	2.9248046875
3.310996	2.9248046875
3.311996	2.9296875
3.312996	2.9296875
3.313996	2.9345703125
3.314996	2.9345703125
3.315996	2.939453125
3.316996	2.9248046875
3.317996	2.939453125
3.318996	2.939453125
3.319996	2.939453125
3.320996	2.9443359375
3.321996	2.939453125
3.322996	2.9443359375
3.323996	2.939453125
3.324996	2.9345703125
3.325996	2.939453125
3.326996	2.939453125
3.327996	2.9443359375
3.328996	2.9345703125
3.329996	2.9296875
3.330996	2.9345703125
3.331996	2.9248046875
3.332996	2.9248046875
3.333996	2.9248046875
3.334996	2.919921875
3.335996	2.9248046875
3.337	2.919921875
3.337996	2.919921875
3.339	2.919921875
3.34	2.9150390625
3.341	2.919921875
3.342	2.9150390625
3.343	2.9248046875
3.343996	2.919921875
3.344996	2.9248046875
3.345996	2.9248046875
3.346996	2.919921875
3.347996	2.9345703125
3.348996	2.9345703125
3.349996	2.9296875
3.350996	2.939453125
3.351996	2.939453125
3.352996	2.939453125
3.353996	2.939453125
3.354996	2.94921875
3.355996	2.9443359375
3.356996	2.939453125
3.357996	2.9443359375
3.358996	2.9443359375
3.359996	2.9345703125
3.360996	2.939453125
3.361996	2.9345703125
3.362996	2.9345703125
3.363996	2.9296875
3.364996	2.9296875
3.365996	2.9296875
3.366996	2.9296875
3.367996	2.919921875
3.368996	2.919921875
3.369996	2.9248046875
3.370996	2.919921875
3.371996	2.9150390625
3.372996	2.919921875
3.373996	2.9150390625
3.374996	2.9150390625
3.375996	2.9248046875
3.376996	2.9248046875
3.377996	2.9248046875
3.378996	2.919921875
3.38	2.9248046875
3.380996	2.9296875
3.382	2.9345703125
3.383	2.9345703125
3.384	2.9345703125
3.385	2.939453125
3.386	2.939453125
3.386996	2.939453125
3.387996	2.9443359375
3.388996	2.9443359375
3.389996	2.94921875
3.390996	2.939453125
3.391996	2.9443359375
3.392996	2.9443359375
3.393996	2.9345703125
3.394996	2.939453125
3.395996	2.939453125
3.396996	2.9296875
3.397996	2.9345703125
3.398996	2.9345703125
3.399996	2.9296875
3.400996	2.9248046875
3.401996	2.919921875
3.402996	2.9150390625
3.403996	2.9248046875
3.404996	2.919921875
3.405996	2.919921875
3.406996	2.919921875
3.407996	2.91015625
3.408996	2.919921875
3.409996	2.919921875
3.410996	2.9150390625
3.411996	2.9248046875
3.412996	2.9150390625
3.413996	2.9296875
3.414996	2.9296875
3.415996	2.9296875
3.416996	2.9248046875
3.417996	2.9296875
3.418996	2.9345703125
3.419996	2.9296875
3.420996	2.9345703125
3.422004	2.9443359375
3.422996	2.9443359375
3.424	2.9443359375
3.425	2.9443359375
3.426	2.9345703125
3.427	2.9443359375
3.428	2.9345703125
3.428996	2.9345703125
3.429996	2.939453125
3.430996	2.9345703125
3.431996	2.9248046875
3.432996	2.9296875
3.433996	2.9296875
3.434996	2.9248046875
3.435996	2.9150390625
3.436996	2.9150390625
3.437996	2.9248046875
3.438996	2.919921875
3.439996	2.9150390625
3.440996	2.919921875
3.441996	2.9150390625
3.442996	2.919921875
3.443996	2.9296875
3.444996	2.919921875
3.445996	2.919921875
3.446996	2.9248046875
3.447996	2.9296875
3.448996	2.9296875
3.449996	2.9345703125
3.450996	2.9296875
3.451996	2.9345703125
3.452996	2.939453125
3.453996	2.939453125
3.454996	2.9345703125
3.455996	2.9345703125
3.456996	2.939453125
3.457996	2.9443359375
3.458996	2.9443359375
3.459996	2.9443359375
3.460996	2.9345703125
3.461996	2.939453125
3.462996	2.939453125
3.463996	2.9345703125
3.465	2.9296875
3.465996	2.9345703125
3.467	2.9345703125
3.468	2.9345703125
3.469	2.919921875
3.47	2.9150390625
3.471	2.919921875
3.471996	2.9248046875
3.472996	2.919921875
3.473996	2.919921875
3.474996	2.9150390625
3.475996	2.91015625
3.476996	2.9150390625
3.477996	2.919921875
3.478996	2.9150390625
3.479996	2.9248046875
3.480996	2.9248046875
3.481996	2.919921875
3.482996	2.9248046875
3.483996	2.9296875
3.484996	2.9296875
3.485996	2.939453125
3.486996	2.9443359375
3.487996	2.9443359375
3.488996	2.939453125
3.489996	2.939453125
3.490996	2.9443359375
3.491996	2.9443359375
3.492996	2.9345703125
3.493996	2.939453125
3.494996	2.9443359375
3.495996	2.9443359375
3.496996	2.9345703125
3.497996	2.939453125
3.498996	2.9296875
3.499996	2.9296875
3.500996	2.9248046875
3.501996	2.9248046875
3.502996	2.9296875
3.503996	2.9248046875
3.504996	2.919921875
3.505996	2.9248046875
3.506996	2.9150390625
3.508	2.9150390625
3.508996	2.91015625
3.51	2.9150390625
3.511	2.919921875
3.512	2.919921875
3.513	2.9248046875
3.514	2.9248046875
3.514996	2.9248046875
3.515996	2.919921875
3.516996	2.9345703125
3.517996	2.9345703125
3.518996	2.9345703125
3.519996	2.9345703125
3.520996	2.9345703125
3.521996	2.9443359375
3.522996	2.939453125
3.523996	2.9443359375
3.524996	2.9443359375
3.525996	2.9443359375
3.526996	2.939453125
3.527996	2.939453125
3.528996	2.939453125
3.529996	2.939453125
3.530996	2.939453125
3.531996	2.9345703125
3.532996	2.9345703125
3.533996	2.9296875
3.534996	2.919921875
3.535996	2.9296875
3.536996	2.9248046875
3.537996	2.9248046875
3.538996	2.919921875
3.539996	2.9150390625
3.540996	2.919921875
3.541996	2.919921875
3.542996	2.9150390625
3.543996	2.919921875
3.544996	2.9150390625
3.545996	2.9248046875
3.546996	2.919921875
3.547996	2.9248046875
3.548996	2.9248046875
3.550004	2.9345703125
3.550996	2.9296875
3.552	2.9296875
3.553	2.939453125
3.554	2.9345703125
3.555	2.939453125
3.556	2.9443359375
3.556996	2.939453125
3.557996	2.939453125
3.558996	2.9443359375
3.559996	2.9443359375
3.560996	2.939453125
3.561996	2.939453125
3.562996	2.9345703125
3.563996	2.9345703125
3.564996	2.9345703125
3.565996	2.939453125
3.566996	2.939453125
3.567996	2.9296875
3.568996	2.9248046875
3.569996	2.9296875
3.570996	2.919921875
3.571996	2.919921875
3.572996	2.919921875
3.573996	2.919921875
3.574996	2.9150390625
3.575996	2.9248046875
3.576996	2.9150390625
3.577996	2.919921875
3.578996	2.919921875
3.579996	2.9248046875
3.580996	2.919921875
3.581996	2.9296875
3.582996	2.9248046875
3.583996	2.9345703125
3.584996	2.9296875
3.585996	2.939453125
3.586996	2.9345703125
3.587996	2.9345703125
3.588996	2.939453125
3.589996	2.939453125
3.590996	2.939453125
3.591996	2.939453125
3.593	2.9443359375
3.593996	2.9443359375
3.595	2.939453125
3.596	2.939453125
3.597	2.9443359375
3.598	2.939453125
3.599	2.939453125
3.599996	2.9345703125
3.600996	2.9345703125
3.601996	2.9296875
3.602996	2.9296875
3.603996	2.919921875
3.604996	2.9296875
3.605996	2.919921875
3.606996	2.9248046875
3.607996	2.9248046875
3.608996	2.9150390625
3.609996	2.919921875
3.610996	2.919921875
3.611996	2.919921875
3.612996	2.919921875
3.613996	2.9248046875
3.614996	2.9248046875
3.615996	2.9248046875
3.616996	2.9296875
3.617996	2.9345703125
3.618996	2.9296875
3.619996	2.9345703125
3.620996	2.9296875
3.621996	2.9443359375
3.622996	2.9443359375
3.623996	2.939453125
3.624996	2.939453125
3.625996	2.939453125
3.626996	2.9443359375
3.627996	2.939453125
3.628996	2.9443359375
3.629996	2.939453125
3.630996	2.9443359375
3.631996	2.9443359375
3.632996	2.9345703125
3.633996	2.9345703125
3.634996	2.9296875
3.636	2.9296875
3.636996	2.9296875
3.638	2.9248046875
3.639	2.919921875
3.64	2.919921875
3.641	2.9248046875
3.642	2.919921875
3.642996	2.9150390625
3.643996	2.919921875
3.644996	2.919921875
3.645996	2.919921875
3.646996	2.9248046875
3.647996	2.9248046875
3.648996	2.9248046875
3.649996	2.9296875
3.650996	2.919921875
3.651996	2.9296875
3.652996	2.9296875
3.653996	2.9345703125
3.654996	2.9248046875
3.655996	2.9345703125
3.656996	2.939453125
3.657996	2.9443359375
3.658996	2.9345703125
3.659996	2.9345703125
3.660996	2.939453125
3.661996	2.939453125
3.662996	2.9443359375
3.663996	2.939453125
3.664996	2.9248046875
3.665996	2.9443359375
3.666996	2.9345703125
3.667996	2.9296875
3.668996	2.9248046875
3.669996	2.9296875
3.670996	2.9296875
3.671996	2.9248046875
3.672996	2.9296875
3.673996	2.9248046875
3.674996	2.919921875
3.675996	2.9248046875
3.676996	2.9248046875
3.678004	2.9248046875
3.678996	2.9150390625
3.68	2.919921875
3.681	2.9248046875
3.682	2.9296875
3.683	2.9296875
3.684	2.9296875
3.684996	2.9296875
3.685996	2.9345703125
3.686996	2.9296875
3.687996	2.9345703125
3.688996	2.9345703125
3.689996	2.939453125
3.690996	2.939453125
3.691996	2.9443359375
3.692996	2.9443359375
3.693996	2.9296875
3.694996	2.9443359375
3.695996	2.939453125
3.696996	2.939453125
3.697996	2.939453125
3.698996	2.9345703125
3.699996	2.9345703125
3.700996	2.9345703125
3.701996	2.9248046875
3.702996	2.9248046875
3.703996	2.9248046875
3.704996	2.9248046875
3.705996	2.9150390625
3.706996	2.9150390625
3.707996	2.919921875
3.708996	2.919921875
3.709996	2.9248046875
3.710996	2.919921875
3.711996	2.919921875
3.712996	2.9248046875
3.713996	2.919921875
3.714996	2.9248046875
3.715996	2.9248046875
3.716996	2.9296875
3.717996	2.9296875
3.718996	2.9248046875
3.719996	2.9296875
3.721	2.9345703125
3.721996	2.9345703125
3.723	2.939453125
3.724	2.9443359375
3.725	2.939453125
3.726	2.9443359375
3.727	2.9443359375
3.727996	2.9296875
3.728996	2.9443359375
3.729996	2.9443359375
3.730996	2.939453125
3.731996	2.9345703125
3.732996	2.9296875
3.733996	2.9296875
3.734996	2.9296875
3.735996	2.9296875
3.736996	2.9296875
3.737996	2.919921875
3.738996	2.9296875
3.739996	2.9296875
3.740996	2.9248046875
3.741996	2.9248046875
3.742996	2.919921875
3.743996	2.9248046875
3.744996	2.9248046875
3.745996	2.919921875
3.746996	2.9150390625
3.747996	2.9150390625
3.748996	2.919921875
3.749996	2.9296875
3.750996	2.9248046875
3.751996	2.9248046875
3.752996	2.9248046875
3.753996	2.9296875
3.754996	2.9296875
3.755996	2.9345703125
3.756996	2.939453125
3.757996	2.9345703125
3.758996	2.939453125
3.759996	2.9443359375
3.760996	2.939453125
3.761996	2.939453125
3.762996	2.9443359375
3.764	2.939453125
3.764996	2.939453125
3.766	2.939453125
3.767	2.9345703125
3.768	2.9345703125
3.769	2.9345703125
3.77	2.9296875
3.770996	2.9248046875
3.771996	2.9296875
3.772996	2.919921875
3.773996	2.9248046875
3.774996	2.9248046875
3.775996	2.919921875
3.776996	2.919921875
3.777996	2.919921875
3.778996	2.9248046875
3.779996	2.91015625
3.780996	2.9150390625
3.781996	2.9248046875
3.782996	2.919921875
3.783996	2.919921875
3.784996	2.919921875
3.785996	2.9248046875
3.786996	2.9296875
3.787996	2.9345703125
3.788996	2.9345703125
3.789996	2.9345703125
3.790996	2.939453125
3.791996	2.939453125
3.792996	2.939453125
3.793996	2.9443359375
3.794996	2.9443359375
3.795996	2.9443359375
3.796996	2.939453125
3.797996	2.939453125
3.798996	2.9345703125
3.799996	2.939453125
3.800996	2.9345703125
3.801996	2.939453125
3.802996	2.9296875
3.803996	2.9248046875
3.804996	2.9248046875
3.806004	2.9296875
3.806996	2.9248046875
3.808	2.9248046875
3.809	2.919921875
3.81	2.919921875
3.811	2.919921875
3.812	2.919921875
3.812996	2.919921875
3.813996	2.919921875
3.814996	2.9248046875
3.815996	2.9248046875
3.816996	2.919921875
3.817996	2.9296875
3.818996	2.9248046875
3.819996	2.9296875
3.820996	2.9296875
3.821996	2.9345703125
3.822996	2.939453125
3.823996	2.9345703125
3.824996	2.9345703125
3.825996	2.939453125
3.826996	2.939453125
3.827996	2.9345703125
3.828996	2.939453125
3.829996	2.939453125
3.830996	2.9345703125
3.831996	2.9443359375
3.832996	2.9345703125
3.833996	2.9296875
3.834996	2.9345703125
3.835996	2.939453125
3.836996	2.9296875
3.837996	2.9296875
3.838996	2.9248046875
3.839996	2.9296875
3.840996	2.9296875
3.841996	2.9248046875
3.842996	2.919921875
3.843996	2.9150390625
3.844996	2.919921875
3.845996	2.9150390625
3.846996	2.9248046875
3.847996	2.9248046875
3.849	2.9248046875
3.849996	2.9248046875
3.851	2.9296875
3.852	2.9296875
3.853	2.9296875
3.854	2.9296875
3.855	2.9296875
3.855996	2.939453125
3.856996	2.939453125
3.857996	2.9345703125
3.858996	2.939453125
3.859996	2.939453125
3.860996	2.939453125
3.861996	2.9443359375
3.862996	2.939453125
3.863996	2.9345703125
3.864996	2.939453125
3.865996	2.9345703125
3.866996	2.939453125
3.867996	2.9345703125
3.868996	2.9248046875
3.869996	2.9296875
3.870996	2.9345703125
3.871996	2.9296875
3.872996	2.9296875
3.873996	2.9296875
3.874996	2.919921875
3.875996	2.9248046875
3.876996	2.9150390625
3.877996	2.9248046875
3.878996	2.9150390625
3.879996	2.9248046875
3.880996	2.9248046875
3.881996	2.9248046875
3.882996	2.9248046875
3.883996	2.9248046875
3.884996	2.9296875
3.885996	2.9296875
3.886996	2.9248046875
3.887996	2.9296875
3.888996	2.9296875
3.889996	2.939453125
3.890996	2.939453125
3.892	2.939453125
3.892996	2.939453125
3.894	2.939453125
3.895	2.939453125
3.896	2.939453125
3.897	2.939453125
3.898	2.939453125
3.898996	2.939453125
3.899996	2.9345703125
3.900996	2.9345703125
3.901996	2.939453125
3.902996	2.9345703125
3.903996	2.9345703125
3.904996	2.9248046875
3.905996	2.9296875
3.906996	2.9248046875
3.907996	2.9248046875
3.908996	2.9248046875
3.909996	2.9150390625
3.910996	2.919921875
3.911996	2.9150390625
3.912996	2.919921875
3.913996	2.9150390625
3.914996	2.9150390625
3.915996	2.919921875
3.916996	2.9248046875
3.917996	2.9248046875
3.918996	2.9248046875
3.919996	2.9248046875
3.920996	2.9296875
3.921996	2.9296875
3.922996	2.9248046875
3.923996	2.9345703125
3.924996	2.9345703125
3.925996	2.9443359375
3.926996	2.9345703125
3.927996	2.9345703125
3.928996	2.939453125
3.929996	2.9345703125
3.930996	2.9345703125
3.931996	2.939453125
3.932996	2.9345703125
3.934004	2.9345703125
3.934996	2.939453125
3.936	2.9296875
3.937	2.9296875
3.938	2.9296875
3.939	2.9296875
3.94	2.919921875
3.940996	2.9248046875
3.941996	2.9248046875
3.942996	2.9296875
3.943996	2.9248046875
3.944996	2.9150390625
3.945996	2.9248046875
3.946996	2.919921875
3.947996	2.9248046875
3.948996	2.9248046875
3.949996	2.9296875
3.950996	2.9248046875
3.951996	2.9296875
3.952996	2.919921875
3.953996	2.9248046875
3.954996	2.9248046875
3.955996	2.9345703125
3.956996	2.9296875
3.957996	2.9345703125
3.958996	2.9296875
3.959996	2.9345703125
3.960996	2.939453125
3.961996	2.9345703125
3.962996	2.939453125
3.963996	2.939453125
3.964996	2.9345703125
3.965996	2.9345703125
3.966996	2.939453125
3.967996	2.939453125
3.968996	2.9296875
3.969996	2.9296875
3.970996	2.9296875
3.971996	2.9345703125
3.972996	2.9248046875
3.973996	2.9296875
3.974996	2.919921875
3.975996	2.9296875
3.977	2.9248046875
3.977996	2.9248046875
3.979	2.919921875
3.98	2.919921875
3.981	2.919921875
3.982	2.919921875
3.983	2.9248046875
3.983996	2.919921875
3.984996	2.9296875
3.985996	2.9248046875
3.986996	2.9296875
3.987996	2.9248046875
3.988996	2.9248046875
3.989996	2.9345703125
3.990996	2.939453125
3.991996	2.9443359375
3.992996	2.9345703125
3.993996	2.939453125
3.994996	2.9345703125
3.995996	2.939453125
3.996996	2.9345703125
3.997996	2.9345703125
3.998996	2.9345703125
3.999996	2.939453125
4.000996	2.939453125
4.001996	2.9345703125
4.002996	2.9345703125
4.003996	2.939453125
4.004996	2.9296875
4.005996	2.9345703125
4.006996	2.9248046875
4.007996	2.9296875
4.008996	2.9296875
4.009996	2.9296875
4.010996	2.919921875
4.011996	2.9248046875
4.012996	2.9150390625
4.013996	2.919921875
4.014996	2.919921875
4.015996	2.919921875
4.016996	2.9248046875
4.017996	2.9296875
4.018996	2.9248046875
4.02	2.9296875
4.020996	2.9296875
4.022	2.9296875
4.023	2.9296875
4.024	2.9345703125
4.025	2.9296875
4.026	2.9345703125
4.026996	2.9296875
4.027996	2.939453125
4.028996	2.9443359375
4.029996	2.9443359375
4.030996	2.939453125
4.031996	2.9345703125
4.032996	2.939453125
4.033996	2.9443359375
4.034996	2.939453125
4.035996	2.9248046875
4.036996	2.9296875
4.037996	2.9296875
4.038996	2.9296875
4.039996	2.9296875
4.040996	2.9296875
4.041996	2.9248046875
4.042996	2.919921875
4.043996	2.919921875
4.044996	2.919921875
4.045996	2.919921875
4.046996	2.919921875
4.047996	2.9150390625
4.048996	2.9248046875
4.049996	2.9248046875
4.050996	2.9248046875
4.051996	2.9248046875
4.052996	2.9248046875
4.053996	2.9345703125
4.054996	2.9296875
4.055996	2.9345703125
4.056996	2.9296875
4.057996	2.9345703125
4.058996	2.939453125
4.059996	2.9296875
4.060996	2.939453125
4.062004	2.939453125
4.062996	2.9345703125
4.064	2.939453125
4.065	2.9345703125
4.066	2.939453125
4.067	2.939453125
4.068	2.9345703125
4.068996	2.9345703125
4.069996	2.939453125
4.070996	2.9296875
4.071996	2.9345703125
4.072996	2.9296875
4.073996	2.9248046875
4.074996	2.919921875
4.075996	2.9296875
4.076996	2.9248046875
4.077996	2.9296875
4.078996	2.9150390625
4.079996	2.919921875
4.080996	2.919921875
4.081996	2.9248046875
4.082996	2.9248046875
4.083996	2.9248046875
4.084996	2.9296875
4.085996	2.9248046875
4.086996	2.9296875
4.087996	2.919921875
4.088996	2.9248046875
4.089996	2.9296875
4.090996	2.9296875
4.091996	2.9345703125
4.092996	2.9345703125
4.093996	2.9345703125
4.094996	2.9345703125
4.095996	2.939453125
4.096996	2.9296875
4.097996	2.939453125
4.098996	2.939453125
4.099996	2.939453125
4.100996	2.9345703125
4.101996	2.939453125
4.102996	2.9345703125
4.103996	2.939453125
4.105	2.9296875
4.105996	2.9296875
4.107	2.9296875
4.108	2.9296875
4.109	2.9248046875
4.11	2.9296875
4.111	2.9248046875
4.111996	2.9248046875
4.112996	2.919921875
4.113996	2.9150390625
4.114996	2.9248046875
4.115996	2.9248046875
4.116996	2.9248046875
4.117996	2.919921875
4.118996	2.919921875
4.119996	2.9296875
4.120996	2.9296875
4.121996	2.919921875
4.122996	2.9345703125
4.123996	2.9296875
4.124996	2.9345703125
4.125996	2.9345703125
4.126996	2.939453125
4.127996	2.9345703125
4.128996	2.9345703125
4.129996	2.9345703125
4.130996	2.9345703125
4.131996	2.9345703125
4.132996	2.9345703125
4.133996	2.9443359375
4.134996	2.939453125
4.135996	2.9345703125
4.136996	2.9296875
4.137996	2.9345703125
4.138996	2.9345703125
4.139996	2.9296875
4.140996	2.9248046875
4.141996	2.9248046875
4.142996	2.9296875
4.143996	2.9248046875
4.144996	2.9296875
4.145996	2.9248046875
4.146996	2.9248046875
4.148	2.919921875
4.148996	2.9248046875
4.15	2.919921875
4.151	2.919921875
4.152	2.9296875
4.153	2.9248046875
4.154	2.9248046875
4.154996	2.9248046875
4.155996	2.9296875
4.156996	2.9296875
4.157996	2.9345703125
4.158996	2.9345703125
4.159996	2.9296875
4.160996	2.9443359375
4.161996	2.939453125
4.162996	2.9345703125
4.163996	2.9443359375
4.164996	2.9345703125
4.165996	2.9345703125
4.166996	2.9443359375
4.167996	2.9443359375
4.168996	2.9345703125
4.169996	2.9345703125
4.170996	2.939453125
4.171996	2.9296875
4.172996	2.9345703125
4.173996	2.9248046875
4.174996	2.9345703125
4.175996	2.9296875
4.176996	2.9248046875
4.177996	2.9296875
4.178996	2.9296875
4.179996	2.9248046875
4.180996	2.9248046875
4.181996	2.9248046875
4.182996	2.9150390625
4.183996	2.9248046875
4.184996	2.9296875
4.185996	2.9296875
4.186996	2.9296875
4.187996	2.9296875
4.188996	2.9248046875
4.190004	2.9248046875
4.190996	2.9345703125
4.192	2.9296875
4.193	2.9345703125
4.194	2.939453125
4.195	2.939453125
4.196	2.9345703125
4.196996	2.939453125
4.197996	2.9345703125
4.198996	2.9345703125
4.199996	2.939453125
4.200996	2.939453125
4.201996	2.9296875
4.202996	2.939453125
4.203996	2.9296875
4.204996	2.9345703125
4.205996	2.9345703125
4.206996	2.9345703125
4.207996	2.9296875
4.208996	2.9296875
4.209996	2.9296875
4.210996	2.9296875
4.211996	2.9248046875
4.212996	2.9248046875
4.213996	2.9248046875
4.214996	2.919921875
4.215996	2.9150390625
4.216996	2.9248046875
4.217996	2.9248046875
4.218996	2.9296875
4.219996	2.9248046875
4.220996	2.9296875
4.221996	2.9345703125
4.222996	2.919921875
4.223996	2.9248046875
4.224996	2.9345703125
4.225996	2.9345703125
4.226996	2.939453125
4.227996	2.9296875
4.228996	2.939453125
4.229996	2.939453125
4.230996	2.939453125
4.231996	2.9345703125
4.233	2.939453125
4.233996	2.9345703125
4.235	2.939453125
4.236	2.939453125
4.237	2.939453125
4.238	2.9296875
4.239	2.9345703125
4.239996	2.9345703125
4.240996	2.9345703125
4.241996	2.9296875
4.242996	2.9296875
4.243996	2.9296875
4.244996	2.9296875
4.245996	2.9248046875
4.246996	2.9248046875
4.247996	2.919921875
4.248996	2.919921875
4.249996	2.9248046875
4.250996	2.919921875
4.251996	2.919921875
4.252996	2.9248046875
4.253996	2.9248046875
4.254996	2.9296875
4.255996	2.919921875
4.256996	2.9248046875
4.257996	2.9248046875
4.258996	2.939453125
4.259996	2.939453125
4.260996	2.9296875
4.261996	2.939453125
4.262996	2.939453125
4.263996	2.9345703125
4.264996	2.9443359375
4.265996	2.9345703125
4.266996	2.9443359375
4.267996	2.9345703125
4.268996	2.9345703125
4.269996	2.9345703125
4.270996	2.9345703125
4.271996	2.9296875
4.272996	2.9345703125
4.273996	2.9296875
4.274996	2.9296875
4.276	2.9296875
4.276996	2.9296875
4.278	2.919921875
4.279	2.9248046875
4.28	2.9150390625
4.281	2.919921875
4.282	2.9248046875
4.282996	2.919921875
4.283996	2.919921875
4.284996	2.919921875
4.285996	2.9248046875
4.286996	2.9296875
4.287996	2.9248046875
4.288996	2.9345703125
4.289996	2.9296875
4.290996	2.9248046875
4.291996	2.9296875
4.292996	2.9345703125
4.293996	2.9345703125
4.294996	2.9296875
4.295996	2.9296875
4.296996	2.9345703125
4.297996	2.939453125
4.298996	2.939453125
4.299996	2.9345703125
4.300996	2.9443359375
4.301996	2.939453125
4.302996	2.9443359375
4.303996	2.9443359375
4.304996	2.9345703125
4.305996	2.9296875
4.306996	2.9345703125
4.307996	2.9296875
4.308996	2.9296875
4.309996	2.919921875
4.310996	2.9296875
4.311996	2.9248046875
4.312996	2.919921875
4.313996	2.9248046875
4.314996	2.9248046875
4.315996	2.9248046875
4.316996	2.9296875
4.318004	2.9248046875
4.318996	2.9248046875
4.32	2.9296875
4.321	2.9248046875
4.322	2.9296875
4.323	2.9296875
4.324	2.9248046875
4.324996	2.9296875
4.325996	2.919921875
4.326996	2.9345703125
4.327996	2.9296875
4.328996	2.9345703125
4.329996	2.9296875
4.330996	2.9248046875
4.331996	2.9345703125
4.332996	2.939453125
4.333996	2.939453125
4.334996	2.9345703125
4.335996	2.939453125
4.336996	2.9345703125
4.337996	2.9345703125
4.338996	2.9345703125
4.339996	2.9296875
4.340996	2.9248046875
4.341996	2.9248046875
4.342996	2.9296875
4.343996	2.9296875
4.344996	2.9345703125
4.345996	2.9248046875
4.346996	2.9296875
4.347996	2.9248046875
4.348996	2.9248046875
4.349996	2.919921875
4.350996	2.9248046875
4.351996	2.9296875
4.352996	2.9296875
4.353996	2.9296875
4.354996	2.919921875
4.355996	2.9296875
4.356996	2.9296875
4.357996	2.9296875
4.358996	2.9345703125
4.359996	2.9296875
4.361	2.9345703125
4.361996	2.9345703125
4.363	2.9296875
4.364	2.9345703125
4.365	2.9296875
4.366	2.939453125
4.367	2.939453125
4.367996	2.939453125
4.368996	2.9345703125
4.369996	2.9345703125
4.370996	2.9345703125
4.371996	2.939453125
4.372996	2.9345703125
4.373996	2.939453125
4.374996	2.9296875
4.375996	2.9345703125
4.376996	2.9345703125
4.377996	2.9296875
4.378996	2.9296875
4.379996	2.9296875
4.380996	2.919921875
4.381996	2.9248046875
4.382996	2.9248046875
4.383996	2.9248046875
4.384996	2.9150390625
4.385996	2.9150390625
4.386996	2.9248046875
4.387996	2.919921875
4.388996	2.919921875
4.389996	2.9296875
4.390996	2.9248046875
4.391996	2.9248046875
4.392996	2.9296875
4.393996	2.9248046875
4.394996	2.9345703125
4.395996	2.9345703125
4.396996	2.9296875
4.397996	2.939453125
4.398996	2.939453125
4.399996	2.939453125
4.400996	2.939453125
4.401996	2.939453125
4.402996	2.9345703125
4.404	2.9345703125
4.404996	2.9345703125
4.406	2.9443359375
4.407	2.939453125
4.408	2.9345703125
4.409	2.9296875
4.41	2.9248046875
4.410996	2.9296875
4.411996	2.9248046875
4.412996	2.9296875
4.413996	2.9296875
4.414996	2.9248046875
4.415996	2.9248046875
4.416996	2.919921875
4.417996	2.919921875
4.418996	2.9150390625
4.419996	2.9248046875
4.420996	2.9248046875
4.421996	2.919921875
4.422996	2.9248046875
4.423996	2.9248046875
4.424996	2.9248046875
4.425996	2.9296875
4.426996	2.9296875
4.427996	2.9345703125
4.428996	2.9296875
4.429996	2.939453125
4.430996	2.9345703125
4.431996	2.9345703125
4.432996	2.939453125
4.433996	2.9345703125
4.434996	2.939453125
4.435996	2.939453125
4.436996	2.939453125
4.437996	2.939453125
4.438996	2.9345703125
4.439996	2.9345703125
4.440996	2.9345703125
4.441996	2.9296875
4.442996	2.9296875
4.443996	2.919921875
4.444996	2.919921875
4.446004	2.9296875
4.446996	2.9248046875
4.448	2.9296875
4.449	2.919921875
4.45	2.9248046875
4.451	2.9248046875
4.452	2.9296875
4.452996	2.919921875
4.453996	2.9248046875
4.454996	2.9248046875
4.455996	2.9296875
4.456996	2.9296875
4.457996	2.9296875
4.458996	2.9296875
4.459996	2.9248046875
4.460996	2.9248046875
4.461996	2.9296875
4.462996	2.9296875
4.463996	2.939453125
4.464996	2.9345703125
4.465996	2.9345703125
4.466996	2.9345703125
4.467996	2.9345703125
4.468996	2.9296875
4.469996	2.9345703125
4.470996	2.9345703125
4.471996	2.9345703125
4.472996	2.939453125
4.473996	2.9296875
4.474996	2.939453125
4.475996	2.9248046875
4.476996	2.9248046875
4.477996	2.9296875
4.478996	2.9296875
4.479996	2.919921875
4.480996	2.9296875
4.481996	2.9248046875
4.482996	2.919921875
4.483996	2.9248046875
4.484996	2.919921875
4.485996	2.919921875
4.486996	2.9296875
4.487996	2.919921875
4.489	2.9296875
4.489996	2.9248046875
4.491	2.9248046875
4.492	2.9248046875
4.493	2.9248046875
4.494	2.9345703125
4.495	2.9345703125
4.495996	2.9296875
4.496996	2.939453125
4.497996	2.939453125
4.498996	2.9345703125
4.499996	2.939453125
4.500996	2.939453125
4.501996	2.9443359375
4.502996	2.939453125
4.503996	2.939453125
4.504996	2.9296875
4.505996	2.9345703125
4.506996	2.939453125
4.507996	2.9345703125
4.508996	2.9345703125
4.509996	2.9296875
4.510996	2.9296875
4.511996	2.919921875
4.512996	2.919921875
4.513996	2.9248046875
4.514996	2.919921875
4.515996	2.9248046875
4.516996	2.9296875
4.517996	2.9296875
4.518996	2.9248046875
4.519996	2.919921875
4.520996	2.919921875
4.521996	2.9248046875
4.522996	2.9296875
4.523996	2.9296875
4.524996	2.919921875
4.525996	2.9296875
4.526996	2.9296875
4.527996	2.9345703125
4.528996	2.9345703125
4.529996	2.9345703125
4.530996	2.9296875
4.532	2.939453125
4.532996	2.939453125
4.534	2.9345703125
4.535	2.9345703125
4.536	2.939453125
4.537	2.939453125
4.538	2.939453125
4.538996	2.9296875
4.539996	2.9296875
4.540996	2.939453125
4.541996	2.9345703125
4.542996	2.9296875
4.543996	2.9248046875
4.544996	2.9296875
4.545996	2.9296875
4.546996	2.9248046875
4.547996	2.9248046875
4.548996	2.919921875
4.549996	2.919921875
4.550996	2.9248046875
4.551996	2.9296875
4.552996	2.9296875
4.553996	2.9296875
4.554996	2.919921875
4.555996	2.9248046875
4.556996	2.9248046875
4.557996	2.9345703125
4.558996	2.9296875
4.559996	2.9345703125
4.560996	2.9345703125
4.561996	2.9296875
4.562996	2.9296875
4.563996	2.9345703125
4.564996	2.9345703125
4.565996	2.9345703125
4.566996	2.9296875
4.567996	2.9296875
4.568996	2.939453125
4.569996	2.9345703125
4.570996	2.9345703125
4.571996	2.9345703125
4.572996	2.9345703125
4.574004	2.9296875
4.574996	2.9296875
4.576	2.9345703125
4.577	2.9296875
4.578	2.9248046875
4.579	2.9248046875
4.58	2.9296875
4.580996	2.9248046875
4.581996	2.9345703125
4.582996	2.9248046875
4.583996	2.9248046875
4.584996	2.9296875
4.585996	2.9296875
4.586996	2.9296875
4.587996	2.9248046875
4.588996	2.9248046875
4.589996	2.9248046875
4.590996	2.919921875
4.591996	2.9296875
4.592996	2.9296875
4.593996	2.919921875
4.594996	2.9248046875
4.595996	2.9345703125
4.596996	2.9345703125
4.597996	2.9345703125
4.598996	2.939453125
4.599996	2.939453125
4.600996	2.9248046875
4.601996	2.9248046875
4.602996	2.939453125
4.603996	2.939453125
4.604996	2.9345703125
4.605996	2.939453125
4.606996	2.9345703125
4.607996	2.939453125
4.608996	2.9296875
4.609996	2.9296875
4.610996	2.9248046875
4.611996	2.9248046875
4.612996	2.9345703125
4.613996	2.9296875
4.614996	2.9248046875
4.615996	2.9248046875
4.617	2.9296875
4.617996	2.9248046875
4.619	2.9248046875
4.62	2.9248046875
4.621	2.9296875
4.622	2.9296875
4.623	2.919921875
4.623996	2.9296875
4.624996	2.9248046875
4.625996	2.9296875
4.626996	2.9345703125
4.627996	2.9296875
4.628996	2.9296875
4.629996	2.9345703125
4.630996	2.9345703125
4.631996	2.939453125
4.632996	2.939453125
4.633996	2.9345703125
4.634996	2.9345703125
4.635996	2.939453125
4.636996	2.939453125
4.637996	2.9345703125
4.638996	2.9345703125
4.639996	2.9345703125
4.640996	2.9345703125
4.641996	2.9345703125
4.642996	2.9296875
4.643996	2.9296875
4.644996	2.9248046875
4.645996	2.9296875
4.646996	2.9248046875
4.647996	2.9248046875
4.648996	2.919921875
4.649996	2.9248046875
4.650996	2.919921875
4.651996	2.9248046875
4.652996	2.919921875
4.653996	2.919921875
4.654996	2.9296875
4.655996	2.919921875
4.656996	2.9248046875
4.657996	2.9296875
4.658996	2.9248046875
4.66	2.9296875
4.660996	2.9248046875
4.662	2.9248046875
4.663	2.9345703125
4.664	2.9296875
4.665	2.9345703125
4.666	2.9296875
4.666996	2.9248046875
4.667996	2.9296875
4.668996	2.9296875
4.669996	2.9345703125
4.670996	2.9345703125
4.671996	2.939453125
4.672996	2.939453125
4.673996	2.9296875
4.674996	2.939453125
4.675996	2.9296875
4.676996	2.9296875
4.677996	2.9345703125
4.678996	2.9296875
4.679996	2.9296875
4.680996	2.9296875
4.681996	2.9248046875
4.682996	2.919921875
4.683996	2.9296875
4.684996	2.9248046875
4.685996	2.9248046875
4.686996	2.9248046875
4.687996	2.9296875
4.688996	2.9296875
4.689996	2.9296875
4.690996	2.9345703125
4.691996	2.9248046875
4.692996	2.919921875
4.693996	2.9296875
4.694996	2.9296875
4.695996	2.9296875
4.696996	2.9248046875
4.697996	2.9296875
4.698996	2.9248046875
4.699996	2.939453125
4.700996	2.9248046875
4.702004	2.9296875
4.702996	2.9296875
4.704	2.939453125
4.705	2.939453125
4.706	2.9345703125
4.707	2.939453125
4.708	2.9345703125
4.708996	2.9296875
4.709996	2.9345703125
4.710996	2.9248046875
4.711996	2.9248046875
4.712996	2.9296875
4.713996	2.9345703125
4.714996	2.9248046875
4.715996	2.9296875
4.716996	2.9296875
4.717996	2.9296875
4.718996	2.919921875
4.719996	2.919921875
4.720996	2.9248046875
4.721996	2.9248046875
4.722996	2.9248046875
4.723996	2.919921875
4.724996	2.9296875
4.725996	2.9296875
4.726996	2.9248046875
4.727996	2.9248046875
4.728996	2.9345703125
4.729996	2.9345703125
4.730996	2.9248046875
4.731996	2.9345703125
4.732996	2.939453125
4.733996	2.9345703125
4.734996	2.9345703125
4.735996	2.939453125
4.736996	2.9296875
4.737996	2.9345703125
4.738996	2.9345703125
4.739996	2.9345703125
4.740996	2.9345703125
4.741996	2.939453125
4.742996	2.9345703125
4.743996	2.9296875
4.745	2.9345703125
4.745996	2.9345703125
4.747	2.9248046875
4.748	2.9296875
4.749	2.919921875
4.75	2.9296875
4.751	2.919921875
4.751996	2.9248046875
4.752996	2.919921875
4.753996	2.919921875
4.754996	2.9248046875
4.755996	2.919921875
4.756996	2.919921875
4.757996	2.9296875
4.758996	2.9248046875
4.759996	2.919921875
4.760996	2.9248046875
4.761996	2.9248046875
4.762996	2.9296875
4.763996	2.9296875
4.764996	2.9345703125
4.765996	2.9345703125
4.766996	2.9443359375
4.767996	2.9345703125
4.768996	2.9345703125
4.769996	2.9345703125
4.770996	2.9296875
4.771996	2.9345703125
4.772996	2.939453125
4.773996	2.9345703125
4.774996	2.9296875
4.775996	2.9248046875
4.776996	2.9296875
4.777996	2.9345703125
4.778996	2.9248046875
4.779996	2.9296875
4.780996	2.9296875
4.781996	2.9248046875
4.782996	2.9296875
4.783996	2.9248046875
4.784996	2.9296875
4.785996	2.919921875
4.786996	2.919921875
4.788	2.9248046875
4.788996	2.919921875
4.79	2.9248046875
4.791	2.919921875
4.792	2.9248046875
4.793	2.9248046875
4.794	2.9296875
4.794996	2.9296875
4.795996	2.9296875
4.796996	2.9296875
4.797996	2.9345703125
4.798996	2.939453125
4.799996	2.939453125
4.800996	2.9345703125
4.801996	2.9443359375
4.802996	2.939453125
4.803996	2.939453125
4.804996	2.939453125
4.805996	2.939453125
4.806996	2.9345703125
4.807996	2.939453125
4.808996	2.939453125
4.809996	2.9345703125
4.810996	2.939453125
4.811996	2.9345703125
4.812996	2.9296875
4.813996	2.9296875
4.814996	2.9296875
4.815996	2.9296875
4.816996	2.9248046875
4.817996	2.9296875
4.818996	2.9296875
4.819996	2.9296875
4.820996	2.919921875
4.821996	2.9248046875
4.822996	2.919921875
4.823996	2.9248046875
4.824996	2.9345703125
4.825996	2.9296875
4.826996	2.919921875
4.827996	2.9296875
4.828996	2.9296875
4.830004	2.9296875
4.830996	2.9296875
4.832	2.9296875
4.833	2.9296875
4.834	2.9296875
4.835	2.939453125
4.836	2.9248046875
4.836996	2.9345703125
4.837996	2.9345703125
4.838996	2.9345703125
4.839996	2.939453125
4.840996	2.9345703125
4.841996	2.9345703125
4.842996	2.9345703125
4.843996	2.9296875
4.844996	2.9296875
4.845996	2.9345703125
4.846996	2.9296875
4.847996	2.9296875
4.848996	2.9296875
4.849996	2.919921875
4.850996	2.9345703125
4.851996	2.9296875
4.852996	2.919921875
4.853996	2.919921875
4.854996	2.9248046875
4.855996	2.919921875
4.856996	2.9248046875
4.857996	2.9248046875
4.858996	2.9296875
4.859996	2.9296875
4.860996	2.9248046875
4.861996	2.9248046875
4.862996	2.9248046875
4.863996	2.9248046875
4.864996	2.9248046875
4.865996	2.9296875
4.866996	2.9345703125
4.867996	2.9345703125
4.868996	2.9296875
4.869996	2.9296875
4.870996	2.939453125
4.871996	2.939453125
4.873	2.9443359375
4.873996	2.939453125
4.875	2.9296875
4.876	2.9345703125
4.877	2.939453125
4.878	2.9345703125
4.879	2.9296875
4.879996	2.9296875
4.880996	2.9296875
4.881996	2.9345703125
4.882996	2.9248046875
4.883996	2.9296875
4.884996	2.9248046875
4.885996	2.9248046875
4.886996	2.9296875
4.887996	2.919921875
4.888996	2.9296875
4.889996	2.919921875
4.890996	2.919921875
4.891996	2.9248046875
4.892996	2.9248046875
4.893996	2.9345703125
4.894996	2.9248046875
4.895996	2.9248046875
4.896996	2.9345703125
4.897996	2.9296875
4.898996	2.9345703125
4.899996	2.9345703125
4.900996	2.9296875
4.901996	2.939453125
4.902996	2.939453125
4.903996	2.939453125
4.904996	2.9296875
4.905996	2.939453125
4.906996	2.9296875
4.907996	2.939453125
4.908996	2.939453125
4.909996	2.9296875
4.910996	2.9296875
4.911996	2.939453125
4.912996	2.9248046875
4.913996	2.9248046875
4.914996	2.9248046875
4.916	2.9296875
4.916996	2.9248046875
4.918	2.9296875
4.919	2.9248046875
4.92	2.9296875
4.921	2.9296875
4.922	2.919921875
4.922996	2.9296875
4.923996	2.9296875
4.924996	2.9296875
4.925996	2.9248046875
4.926996	2.9248046875
4.927996	2.9345703125
4.928996	2.9248046875
4.929996	2.9296875
4.930996	2.9296875
4.931996	2.939453125
4.932996	2.9296875
4.933996	2.9296875
4.934996	2.9345703125
4.935996	2.9443359375
4.936996	2.939453125
4.937996	2.9345703125
4.938996	2.9296875
4.939996	2.9345703125
4.940996	2.9443359375
4.941996	2.9248046875
4.942996	2.939453125
4.943996	2.9296875
4.944996	2.9345703125
4.945996	2.9296875
4.946996	2.9345703125
4.947996	2.9296875
4.948996	2.9296875
4.949996	2.919921875
4.950996	2.9248046875
4.951996	2.919921875
4.952996	2.9345703125
4.953996	2.9248046875
4.954996	2.9296875
4.955996	2.9296875
4.956996	2.919921875
4.958004	2.9248046875
4.958996	2.919921875
4.96	2.919921875
4.961	2.9296875
4.962	2.9248046875
4.963	2.9296875
4.964	2.9248046875
4.964996	2.939453125
4.965996	2.9296875
4.966996	2.9345703125
4.967996	2.9296875
4.968996	2.9345703125
4.969996	2.9248046875
4.970996	2.9296875
4.971996	2.9345703125
4.972996	2.939453125
4.973996	2.939453125
4.974996	2.9296875
4.975996	2.939453125
4.976996	2.9248046875
4.977996	2.939453125
4.978996	2.939453125
4.979996	2.9345703125
4.980996	2.9296875
4.981996	2.9248046875
4.982996	2.9345703125
4.983996	2.9296875
4.984996	2.9248046875
4.985996	2.9296875
4.986996	2.9248046875
4.987996	2.9296875
4.988996	2.9248046875
4.989996	2.9248046875
4.990996	2.9248046875
4.991996	2.9296875
4.992996	2.9296875
4.993996	2.9296875
4.994996	2.9345703125
4.995996	2.9296875
4.996996	2.9248046875
4.997996	2.9345703125
4.998996	2.9345703125
4.999996	2.9248046875
5.001	2.9296875
5.001996	2.9296875
5.003	2.9296875
5.004	2.9345703125
5.005	2.9345703125
5.006	2.9345703125
5.007	2.9296875
5.007996	2.9296875
5.008996	2.9296875
5.009996	2.9296875
5.010996	2.9345703125
5.011996	2.939453125
5.012996	2.9296875
5.013996	2.9345703125
5.014996	2.9345703125
5.015996	2.9345703125
5.016996	2.9296875
5.017996	2.9248046875
5.018996	2.9296875
5.019996	2.9296875
5.020996	2.9345703125
5.021996	2.9296875
5.022996	2.9296875
5.023996	2.9248046875
5.024996	2.9296875
5.025996	2.9296875
5.026996	2.9296875
5.027996	2.9345703125
5.028996	2.919921875
5.029996	2.9248046875
5.030996	2.9296875
5.031996	2.9248046875
5.032996	2.9345703125
5.033996	2.9296875
5.034996	2.9345703125
5.035996	2.9296875
5.036996	2.9345703125
5.037996	2.9345703125
5.038996	2.9345703125
5.039996	2.9345703125
5.040996	2.9345703125
5.041996	2.939453125
5.042996	2.9345703125
5.044	2.939453125
5.044996	2.939453125
5.046	2.939453125
5.047	2.9345703125
5.048	2.9248046875
5.049	2.9248046875
5.05	2.9296875
5.050996	2.9248046875
5.051996	2.919921875
5.052996	2.9248046875
5.053996	2.9248046875
5.054996	2.9248046875
5.055996	2.9296875
5.056996	2.9345703125
5.057996	2.9248046875
5.058996	2.9248046875
5.059996	2.9296875
5.060996	2.9248046875
5.061996	2.9248046875
5.062996	2.9248046875
5.063996	2.9296875
5.064996	2.9296875
5.065996	2.9296875
5.066996	2.9296875
5.067996	2.9345703125
5.068996	2.939453125
5.069996	2.9345703125
5.070996	2.939453125
5.071996	2.9345703125
5.072996	2.9296875
5.073996	2.9296875
5.074996	2.9345703125
5.075996	2.9345703125
5.076996	2.939453125
5.077996	2.9296875
5.078996	2.9345703125
5.079996	2.939453125
5.080996	2.9345703125
5.081996	2.9248046875
5.082996	2.9345703125
5.083996	2.9345703125
5.084996	2.9248046875
5.086004	2.9296875
5.086996	2.9296875
5.088	2.9248046875
5.089	2.9248046875
5.09	2.9248046875
5.091	2.9296875
5.092	2.9296875
5.092996	2.9296875
5.093996	2.9296875
5.094996	2.9296875
5.095996	2.9248046875
5.096996	2.9248046875
5.097996	2.9296875
5.098996	2.919921875
5.099996	2.9248046875
5.100996	2.9296875
5.101996	2.9296875
5.102996	2.9296875
5.103996	2.9345703125
5.104996	2.9296875
5.105996	2.9345703125
5.106996	2.9345703125
5.107996	2.939453125
5.108996	2.9296875
5.109996	2.9443359375
5.110996	2.939453125
5.111996	2.9296875
5.112996	2.9248046875
5.113996	2.9345703125
5.114996	2.9345703125
5.115996	2.9296875
5.116996	2.9296875
5.117996	2.9296875
5.118996	2.9296875
5.119996	2.9296875
5.120996	2.9248046875
5.121996	2.9296875
5.122996	2.9296875
5.123996	2.9248046875
5.124996	2.9296875
5.125996	2.9296875
5.126996	2.9248046875
5.127996	2.9248046875
5.129	2.9296875
5.129996	2.9248046875
5.131	2.9296875
5.132	2.9345703125
5.133	2.939453125
5.134	2.9296875
5.135	2.9296875
5.135996	2.9296875
5.136996	2.939453125
5.137996	2.9296875
5.138996	2.939453125
5.139996	2.939453125
5.140996	2.9345703125
5.141996	2.9296875
5.142996	2.9296875
5.143996	2.9345703125
5.144996	2.9345703125
5.145996	2.9345703125
5.146996	2.9345703125
5.147996	2.9345703125
5.148996	2.9296875
5.149996	2.9248046875
5.150996	2.9296875
5.151996	2.9248046875
5.152996	2.9296875
5.153996	2.9248046875
5.154996	2.9296875
5.155996	2.9296875
5.156996	2.9248046875
5.157996	2.9248046875
5.158996	2.9296875
5.159996	2.9296875
5.160996	2.9248046875
5.161996	2.9248046875
5.162996	2.9248046875
5.163996	2.9248046875
5.164996	2.9296875
5.165996	2.9296875
5.166996	2.9345703125
5.167996	2.9248046875
5.168996	2.9296875
5.169996	2.9248046875
5.170996	2.9345703125
5.172	2.939453125
5.172996	2.939453125
5.174	2.939453125
5.175	2.939453125
5.176	2.939453125
5.177	2.939453125
5.178	2.9345703125
5.178996	2.9345703125
5.179996	2.939453125
5.180996	2.9345703125
5.181996	2.9296875
5.182996	2.9345703125
5.183996	2.9296875
5.184996	2.9296875
5.185996	2.9296875
5.186996	2.9296875
5.187996	2.919921875
5.188996	2.9296875
5.189996	2.9296875
5.190996	2.9296875
5.191996	2.9345703125
5.192996	2.919921875
5.193996	2.9296875
5.194996	2.9296875
5.195996	2.9296875
5.196996	2.9248046875
5.197996	2.9296875
5.198996	2.9248046875
5.199996	2.9296875
5.200996	2.9296875
5.201996	2.9296875
5.202996	2.9345703125
5.203996	2.9248046875
5.204996	2.9296875
5.205996	2.9345703125
5.206996	2.9296875
5.207996	2.9345703125
5.208996	2.939453125
5.209996	2.9296875
5.210996	2.9345703125
5.211996	2.9296875
5.212996	2.9296875
5.214004	2.939453125
5.214996	2.9345703125
5.216	2.9345703125
5.217	2.9345703125
5.218	2.9248046875
5.219	2.9296875
5.22	2.9248046875
5.220996	2.9296875
5.221996	2.9296875
5.222996	2.9296875
5.223996	2.919921875
5.224996	2.9296875
5.225996	2.9248046875
5.226996	2.9248046875
5.227996	2.9296875
5.228996	2.9248046875
5.229996	2.9248046875
5.230996	2.9248046875
5.231996	2.9248046875
5.232996	2.9296875
5.233996	2.9345703125
5.234996	2.9248046875
5.235996	2.9296875
5.236996	2.9443359375
5.237996	2.939453125
5.238996	2.9296875
5.239996	2.9296875
5.240996	2.9296875
5.241996	2.9345703125
5.242996	2.939453125
5.243996	2.939453125
5.244996	2.9296875
5.245996	2.9296875
5.246996	2.9345703125
5.247996	2.9345703125
5.248996	2.9296875
5.249996	2.9296875
5.250996	2.9345703125
5.251996	2.9248046875
5.252996	2.9248046875
5.253996	2.9296875
5.254996	2.919921875
5.255996	2.9296875
5.257	2.919921875
5.257996	2.919921875
5.259	2.9248046875
5.26	2.9248046875
5.261	2.9248046875
5.262	2.9248046875
5.263	2.9248046875
5.263996	2.919921875
5.264996	2.9248046875
5.265996	2.9248046875
5.266996	2.9345703125
5.267996	2.9296875
5.268996	2.9248046875
5.269996	2.9248046875
5.270996	2.9345703125
5.271996	2.9296875
5.272996	2.9345703125
5.273996	2.9296875
5.274996	2.9345703125
5.275996	2.9345703125
5.276996	2.9345703125
5.277996	2.9345703125
5.278996	2.9248046875
5.279996	2.939453125
5.280996	2.9345703125
5.281996	2.9296875
5.282996	2.9345703125
5.283996	2.9345703125
5.284996	2.9345703125
5.285996	2.9248046875
5.286996	2.9296875
5.287996	2.9248046875
5.288996	2.9296875
5.289996	2.9248046875
5.290996	2.9296875
5.291996	2.9248046875
5.292996	2.9248046875
5.293996	2.919921875
5.294996	2.9248046875
5.295996	2.9296875
5.296996	2.9296875
5.297996	2.9296875
5.298996	2.9296875
5.3	2.9296875
5.300996	2.9345703125
5.302	2.9296875
5.303	2.9345703125
5.304	2.9248046875
5.305	2.9296875
5.306	2.939453125
5.306996	2.9345703125
5.307996	2.9296875
5.308996	2.9345703125
5.309996	2.939453125
5.310996	2.939453125
5.311996	2.9345703125
5.312996	2.939453125
5.313996	2.9345703125
5.314996	2.9345703125
5.315996	2.9296875
5.316996	2.9296875
5.317996	2.9296875
5.318996	2.9296875
5.319996	2.9248046875
5.320996	2.9248046875
5.321996	2.9248046875
5.322996	2.9248046875
5.323996	2.9296875
5.324996	2.9248046875
5.325996	2.9345703125
5.326996	2.919921875
5.327996	2.9296875
5.328996	2.9296875
5.329996	2.9296875
5.330996	2.919921875
5.331996	2.9296875
5.332996	2.9248046875
5.333996	2.9345703125
5.334996	2.9296875
5.335996	2.9296875
5.336996	2.9296875
5.337996	2.9345703125
5.338996	2.9248046875
5.339996	2.9296875
5.340996	2.9345703125
5.342004	2.9345703125
5.342996	2.9296875
5.344	2.9296875
5.345	2.939453125
5.346	2.9345703125
5.347	2.9345703125
5.348	2.939453125
5.348996	2.939453125
5.349996	2.9345703125
5.350996	2.9296875
5.351996	2.9345703125
5.352996	2.9296875
5.353996	2.9345703125
5.354996	2.9296875
5.355996	2.9248046875
5.356996	2.9345703125
5.357996	2.9296875
5.358996	2.9296875
5.359996	2.919921875
5.360996	2.9248046875
5.361996	2.9248046875
5.362996	2.9296875
5.363996	2.919921875
5.364996	2.9296875
5.365996	2.9296875
5.366996	2.9248046875
5.367996	2.9345703125
5.368996	2.9248046875
5.369996	2.9345703125
5.370996	2.9248046875
5.371996	2.9443359375
5.372996	2.9345703125
5.373996	2.9296875
5.374996	2.9345703125
5.375996	2.9345703125
5.376996	2.939453125
5.377996	2.9248046875
5.378996	2.9296875
5.379996	2.9248046875
5.380996	2.9345703125
5.381996	2.9345703125
5.382996	2.9345703125
5.383996	2.9248046875
5.385	2.9296875
5.385996	2.9296875
5.387	2.9296875
5.388	2.9248046875
5.389	2.9248046875
5.39	2.9248046875
5.391	2.9296875
5.391996	2.9248046875
5.392996	2.9296875
5.393996	2.9296875
5.394996	2.9248046875
5.395996	2.9248046875
5.396996	2.919921875
5.397996	2.9248046875
5.398996	2.9248046875
5.399996	2.9248046875
5.400996	2.919921875
5.401996	2.9296875
5.402996	2.9248046875
5.403996	2.9345703125
5.404996	2.9296875
5.405996	2.9248046875
5.406996	2.9296875
5.407996	2.9296875
5.408996	2.9345703125
5.409996	2.9296875
5.410996	2.9345703125
5.411996	2.9345703125
5.412996	2.9345703125
5.413996	2.9345703125
5.414996	2.9296875
5.415996	2.9345703125
5.416996	2.9296875
5.417996	2.9345703125
5.418996	2.9296875
5.419996	2.9248046875
5.420996	2.9296875
5.421996	2.9296875
5.422996	2.9345703125
5.423996	2.9248046875
5.424996	2.9296875
5.425996	2.919921875
5.426996	2.9296875
5.428	2.9296875
5.428996	2.9296875
5.43	2.9248046875
5.431	2.9296875
5.432	2.9296875
5.433	2.9296875
5.434	2.9345703125
5.434996	2.9296875
5.435996	2.9345703125
5.436996	2.9345703125
5.437996	2.9248046875
5.438996	2.9345703125
5.439996	2.9345703125
5.440996	2.939453125
5.441996	2.9296875
5.442996	2.9345703125
5.443996	2.939453125
5.444996	2.9345703125
5.445996	2.939453125
5.446996	2.9296875
5.447996	2.939453125
5.448996	2.9296875
5.449996	2.9296875
5.450996	2.9296875
5.451996	2.9248046875
5.452996	2.9296875
5.453996	2.9296875
5.454996	2.9296875
5.455996	2.9296875
5.456996	2.9296875
5.457996	2.9248046875
5.458996	2.9248046875
5.459996	2.9296875
5.460996	2.9296875
5.461996	2.9248046875
5.462996	2.9248046875
5.463996	2.9248046875
5.464996	2.919921875
5.465996	2.9296875
5.466996	2.9296875
5.467996	2.9248046875
5.468996	2.9296875
5.470004	2.9296875
5.470996	2.9296875
5.472	2.9296875
5.473	2.9345703125
5.474	2.9296875
5.475	2.9296875
5.476	2.9345703125
5.476996	2.939453125
5.477996	2.939453125
5.478996	2.9345703125
5.479996	2.939453125
5.480996	2.939453125
5.481996	2.939453125
5.482996	2.9345703125
5.483996	2.9345703125
5.484996	2.939453125
5.485996	2.9296875
5.486996	2.9296875
5.487996	2.9296875
5.488996	2.9296875
5.489996	2.9248046875
5.490996	2.9248046875
5.491996	2.9296875
5.492996	2.9248046875
5.493996	2.9296875
5.494996	2.9345703125
5.495996	2.9296875
5.496996	2.9296875
5.497996	2.9345703125
5.498996	2.9296875
5.499996	2.9296875
5.500996	2.9296875
5.501996	2.9345703125
5.502996	2.9345703125
5.503996	2.9296875
5.504996	2.9296875
5.505996	2.9296875
5.506996	2.9345703125
5.507996	2.9345703125
5.508996	2.9345703125
5.509996	2.9248046875
5.510996	2.9345703125
5.511996	2.9296875
5.513	2.9345703125
5.513996	2.9248046875
5.515	2.9345703125
5.516	2.9345703125
5.517	2.939453125
5.518	2.9296875
5.519	2.9345703125
5.519996	2.9296875
5.520996	2.9296875
5.521996	2.919921875
5.522996	2.9296875
5.523996	2.9296875
5.524996	2.9248046875
5.525996	2.9296875
5.526996	2.9248046875
5.527996	2.9345703125
5.528996	2.919921875
5.529996	2.9248046875
5.530996	2.9296875
5.531996	2.9296875
5.532996	2.9296875
5.533996	2.9296875
5.534996	2.9296875
5.535996	2.9345703125
5.536996	2.9345703125
5.537996	2.9296875
5.538996	2.9296875
5.539996	2.939453125
5.540996	2.9345703125
5.541996	2.9345703125
5.542996	2.9296875
5.543996	2.939453125
5.544996	2.9345703125
5.545996	2.9345703125
5.546996	2.9345703125
5.547996	2.9296875
5.548996	2.9296875
5.549996	2.9296875
5.550996	2.9345703125
5.551996	2.9248046875
5.552996	2.9296875
5.553996	2.9296875
5.554996	2.9296875
5.556	2.9248046875
5.556996	2.919921875
5.558	2.9296875
5.559	2.919921875
5.56	2.9296875
5.561	2.9248046875
5.562	2.9296875
5.562996	2.9248046875
5.563996	2.9248046875
5.564996	2.9296875
5.565996	2.9248046875
5.566996	2.919921875
5.567996	2.9296875
5.568996	2.9296875
5.569996	2.9248046875
5.570996	2.9345703125
5.571996	2.9248046875
5.572996	2.9248046875
5.573996	2.9296875
5.574996	2.9248046875
5.575996	2.9345703125
5.576996	2.939453125
5.577996	2.9248046875
5.578996	2.9345703125
5.579996	2.9345703125
5.580996	2.9345703125
5.581996	2.9296875
5.582996	2.9345703125
5.583996	2.9345703125
5.584996	2.939453125
5.585996	2.9248046875
5.586996	2.9248046875
5.587996	2.9296875
5.588996	2.9345703125
5.589996	2.9248046875
5.590996	2.9345703125
5.591996	2.919921875
5.592996	2.9248046875
5.593996	2.919921875
5.594996	2.9248046875
5.595996	2.9296875
5.596996	2.9248046875
5.598004	2.9296875
5.598996	2.9296875
5.6	2.9296875
5.601	2.9248046875
5.602	2.9248046875
5.603	2.9296875
5.604	2.9296875
5.604996	2.9345703125
5.605996	2.9296875
5.606996	2.9296875
5.607996	2.9345703125
5.608996	2.9345703125
5.609996	2.9345703125
5.610996	2.9345703125
5.611996	2.9296875
5.612996	2.9345703125
5.613996	2.9345703125
5.614996	2.9296875
5.615996	2.9345703125
5.616996	2.9296875
5.617996	2.9345703125
5.618996	2.9296875
5.619996	2.9296875
5.620996	2.9296875
5.621996	2.9296875
5.622996	2.9248046875
5.623996	2.9296875
5.624996	2.9248046875
5.625996	2.919921875
5.626996	2.9248046875
5.627996	2.919921875
5.628996	2.9248046875
5.629996	2.9248046875
5.630996	2.9248046875
5.631996	2.9296875
5.632996	2.9296875
5.633996	2.9248046875
5.634996	2.9345703125
5.635996	2.9296875
5.636996	2.9345703125
5.637996	2.9345703125
5.638996	2.9345703125
5.639996	2.9296875
5.641	2.939453125
5.641996	2.9296875
5.643	2.9248046875
5.644	2.9296875
5.645	2.9296875
5.646	2.939453125
5.647	2.9296875
5.647996	2.9296875
5.648996	2.939453125
5.649996	2.9248046875
5.650996	2.9345703125
5.651996	2.9345703125
5.652996	2.9248046875
5.653996	2.9345703125
5.654996	2.9296875
5.655996	2.9296875
5.656996	2.9345703125
5.657996	2.9296875
5.658996	2.9248046875
5.659996	2.919921875
5.660996	2.9248046875
5.661996	2.9296875
5.662996	2.9248046875
5.663996	2.919921875
5.664996	2.9248046875
5.665996	2.919921875
5.666996	2.9296875
5.667996	2.9248046875
5.668996	2.9296875
5.669996	2.9296875
5.670996	2.9345703125
5.671996	2.9296875
5.672996	2.9248046875
5.673996	2.9296875
5.674996	2.9296875
5.675996	2.9345703125
5.676996	2.9248046875
5.677996	2.9345703125
5.678996	2.939453125
5.679996	2.9345703125
5.680996	2.9345703125
5.681996	2.9345703125
5.682996	2.939453125
5.684	2.9345703125
5.684996	2.9345703125
5.686	2.9345703125
5.687	2.9248046875
5.688	2.9248046875
5.689	2.9248046875
5.69	2.9248046875
5.690996	2.9296875
5.691996	2.9296875
5.692996	2.9248046875
5.693996	2.9150390625
5.694996	2.9248046875
5.695996	2.9296875
5.696996	2.9296875
5.697996	2.9296875
5.698996	2.9248046875
5.699996	2.9296875
5.700996	2.9248046875
5.701996	2.9345703125
5.702996	2.9248046875
5.703996	2.9248046875
5.704996	2.9248046875
5.705996	2.9296875
5.706996	2.9345703125
5.707996	2.9296875
5.708996	2.9345703125
5.709996	2.9296875
5.710996	2.939453125
5.711996	2.939453125
5.712996	2.9345703125
5.713996	2.9345703125
5.714996	2.939453125
5.715996	2.9345703125
5.716996	2.9345703125
5.717996	2.9345703125
5.718996	2.9345703125
5.719996	2.9296875
5.720996	2.9248046875
5.721996	2.9296875
5.722996	2.9296875
5.723996	2.9248046875
5.724996	2.9248046875
5.726004	2.9296875
5.726996	2.919921875
5.728	2.9296875
5.729	2.9248046875
5.73	2.9296875
5.731	2.9248046875
5.732	2.9296875
5.732996	2.9248046875
5.733996	2.9248046875
5.734996	2.9248046875
5.735996	2.9296875
5.736996	2.919921875
5.737996	2.9345703125
5.738996	2.9248046875
5.739996	2.9296875
5.740996	2.9345703125
5.741996	2.939453125
5.742996	2.9345703125
5.743996	2.9296875
5.744996	2.9345703125
5.745996	2.939453125
5.746996	2.9345703125
5.747996	2.9345703125
5.748996	2.9296875
5.749996	2.9345703125
5.750996	2.9345703125
5.751996	2.9345703125
5.752996	2.9296875
5.753996	2.9296875
5.754996	2.9248046875
5.755996	2.9345703125
5.756996	2.9345703125
5.757996	2.9248046875
5.758996	2.9296875
5.759996	2.9296875
5.760996	2.9296875
5.761996	2.9296875
5.762996	2.9296875
5.763996	2.9296875
5.764996	2.9296875
5.765996	2.9345703125
5.766996	2.9296875
5.767996	2.9296875
5.769	2.9296875
5.769996	2.9248046875
5.771	2.9345703125
5.772	2.9296875
5.773	2.919921875
5.774	2.9345703125
5.775	2.9345703125
5.775996	2.9296875
5.776996	2.939453125
5.777996	2.9296875
5.778996	2.939453125
5.779996	2.939453125
5.780996	2.9296875
5.781996	2.9296875
5.782996	2.9345703125
5.783996	2.9345703125
5.784996	2.9296875
5.785996	2.9248046875
5.786996	2.9296875
5.787996	2.9296875
5.788996	2.9296875
5.789996	2.9248046875
5.790996	2.9296875
5.791996	2.9248046875
5.792996	2.9248046875
5.793996	2.9248046875
5.794996	2.9248046875
5.795996	2.9296875
5.796996	2.9296875
5.797996	2.9296875
5.798996	2.9296875
5.799996	2.9296875
5.800996	2.9296875
5.801996	2.9248046875
5.802996	2.9248046875
5.803996	2.9248046875
5.804996	2.9248046875
5.805996	2.9345703125
5.806996	2.9296875
5.807996	2.9345703125
5.808996	2.9345703125
5.809996	2.9345703125
5.810996	2.9345703125
5.812	2.9345703125
5.812996	2.9345703125
5.814	2.9345703125
5.815	2.9345703125
5.816	2.939453125
5.817	2.939453125
5.818	2.9345703125
5.818996	2.9248046875
5.819996	2.9345703125
5.820996	2.9296875
5.821996	2.9296875
5.822996	2.9248046875
5.823996	2.9296875
5.824996	2.9248046875
5.825996	2.9248046875
5.826996	2.919921875
5.827996	2.9248046875
5.828996	2.9296875
5.829996	2.9296875
5.830996	2.9248046875
5.831996	2.9296875
5.832996	2.919921875
5.833996	2.9296875
5.834996	2.919921875
5.835996	2.9248046875
5.836996	2.9296875
5.837996	2.9345703125
5.838996	2.9296875
5.839996	2.9248046875
5.840996	2.9296875
5.841996	2.9296875
5.842996	2.9345703125
5.843996	2.9345703125
5.844996	2.9296875
5.845996	2.9248046875
5.846996	2.9345703125
5.847996	2.939453125
5.848996	2.9345703125
5.849996	2.9345703125
5.850996	2.9296875
5.851996	2.9345703125
5.852996	2.939453125
5.854004	2.9296875
5.854996	2.9248046875
5.856	2.9248046875
5.857	2.9296875
5.858	2.9345703125
5.859	2.9296875
5.86	2.9296875
5.860996	2.9248046875
5.861996	2.9296875
5.862996	2.9248046875
5.863996	2.9345703125
5.864996	2.919921875
5.865996	2.9248046875
5.866996	2.9296875
5.867996	2.9296875
5.868996	2.919921875
5.869996	2.9296875
5.870996	2.9248046875
5.871996	2.9248046875
5.872996	2.9296875
5.873996	2.9345703125
5.874996	2.9248046875
5.875996	2.9345703125
5.876996	2.9345703125
5.877996	2.9296875
5.878996	2.9296875
5.879996	2.9296875
5.880996	2.9345703125
5.881996	2.9345703125
5.882996	2.939453125
5.883996	2.9248046875
5.884996	2.9296875
5.885996	2.9345703125
5.886996	2.9296875
5.887996	2.9296875
5.888996	2.9296875
5.889996	2.9248046875
5.890996	2.9345703125
5.891996	2.9345703125
5.892996	2.9296875
5.893996	2.9248046875
5.894996	2.9248046875
5.895996	2.9296875
5.897	2.9345703125
5.897996	2.9296875
5.899	2.9296875
5.9	2.9296875
5.901	2.919921875
5.902	2.9296875
5.903	2.9248046875
5.903996	2.919921875
5.904996	2.9296875
5.905996	2.919921875
5.906996	2.9345703125
5.907996	2.9248046875
5.908996	2.9296875
5.909996	2.9345703125
5.910996	2.9296875
5.911996	2.9248046875
5.912996	2.9345703125
5.913996	2.9296875
5.914996	2.9345703125
5.915996	2.9296875
5.916996	2.9345703125
5.917996	2.9296875
5.918996	2.9443359375
5.919996	2.9345703125
5.920996	2.9296875
5.921996	2.9296875
5.922996	2.9296875
5.923996	2.9345703125
5.924996	2.9345703125
5.925996	2.9296875
5.926996	2.9296875
5.927996	2.9296875
5.928996	2.9296875
5.929996	2.919921875
5.930996	2.9248046875
5.931996	2.9296875
5.932996	2.9296875
5.933996	2.9248046875
5.934996	2.9296875
5.935996	2.9248046875
5.936996	2.919921875
5.937996	2.9248046875
5.938996	2.9296875
5.94	2.9345703125
5.940996	2.9345703125
5.942	2.9345703125
5.943	2.9345703125
5.944	2.9296875
5.945	2.9345703125
5.946	2.9345703125
5.946996	2.9345703125
5.947996	2.9345703125
5.948996	2.9248046875
5.949996	2.939453125
5.950996	2.939453125
5.951996	2.9345703125
5.952996	2.9345703125
5.953996	2.9248046875
5.954996	2.9345703125
5.955996	2.9248046875
5.956996	2.9248046875
5.957996	2.9345703125
5.958996	2.9345703125
5.959996	2.9296875
5.960996	2.919921875
5.961996	2.9248046875
5.962996	2.9296875
5.963996	2.919921875
5.964996	2.9248046875
5.965996	2.9248046875
5.966996	2.9248046875
5.967996	2.9248046875
5.968996	2.9248046875
5.969996	2.9248046875
5.970996	2.9248046875
5.971996	2.9296875
5.972996	2.9296875
5.973996	2.9345703125
5.974996	2.9296875
5.975996	2.9345703125
5.976996	2.9296875
5.977996	2.9345703125
5.978996	2.9345703125
5.979996	2.9345703125
5.980996	2.9345703125
5.982004	2.939453125
5.982996	2.9345703125
5.984	2.9296875
5.985	2.9296875
5.986	2.9345703125
5.987	2.9345703125
5.988	2.9248046875
5.988996	2.9345703125
5.989996	2.9296875
5.990996	2.9345703125
5.991996	2.9296875
5.992996	2.9296875
5.993996	2.9296875
5.994996	2.919921875
5.995996	2.9248046875
5.996996	2.919921875
5.997996	2.9296875
5.998996	2.9296875
5.999996	2.9248046875
6.000996	2.9345703125
6.001996	2.9248046875
6.002996	2.9296875
6.003996	2.9296875
6.004996	2.9296875
6.005996	2.939453125
6.006996	2.9296875
6.007996	2.9296875
6.008996	2.9345703125
6.009996	2.9296875
6.010996	2.9345703125
6.011996	2.9345703125
6.012996	2.939453125
6.013996	2.9345703125
6.014996	2.939453125
6.015996	2.9345703125
6.016996	2.9345703125
6.017996	2.9345703125
6.018996	2.9248046875
6.019996	2.939453125
6.020996	2.9296875
6.021996	2.9296875
6.022996	2.9296875
6.023996	2.9296875
6.025	2.9345703125
6.025996	2.9345703125
6.027	2.9296875
6.028	2.9296875
6.029	2.9248046875
6.03	2.9296875
6.031	2.9296875
6.031996	2.919921875
6.032996	2.9248046875
6.033996	2.919921875
6.034996	2.919921875
6.035996	2.9248046875
6.036996	2.9296875
6.037996	2.9248046875
6.038996	2.9248046875
6.039996	2.9345703125
6.040996	2.9296875
6.041996	2.9296875
6.042996	2.9248046875
6.043996	2.9248046875
6.044996	2.9296875
6.045996	2.9296875
6.046996	2.9345703125
6.047996	2.9296875
6.048996	2.9345703125
6.049996	2.9296875
6.050996	2.9296875
6.051996	2.9296875
6.052996	2.939453125
6.053996	2.9296875
6.054996	2.9296875
6.055996	2.9248046875
6.056996	2.9296875
6.057996	2.9296875
6.058996	2.9296875
6.059996	2.9345703125
6.060996	2.9296875
6.061996	2.9296875
6.062996	2.919921875
6.063996	2.9248046875
6.064996	2.9248046875
6.065996	2.9296875
6.066996	2.9150390625
6.068	2.9248046875
6.068996	2.9248046875
6.07	2.919921875
6.071	2.9345703125
6.072	2.9296875
6.073	2.9345703125
6.074	2.9248046875
6.074996	2.9248046875
6.075996	2.9345703125
6.076996	2.9345703125
6.077996	2.9296875
6.078996	2.939453125
6.079996	2.9345703125
6.080996	2.939453125
6.081996	2.9296875
6.082996	2.9296875
6.083996	2.9345703125
6.084996	2.9345703125
6.085996	2.9345703125
6.086996	2.9296875
6.087996	2.9296875
6.088996	2.9296875
6.089996	2.9296875
6.090996	2.9248046875
6.091996	2.9345703125
6.092996	2.9296875
6.093996	2.9296875
6.094996	2.9296875
6.095996	2.9248046875
6.096996	2.9296875
6.097996	2.919921875
6.098996	2.9248046875
6.099996	2.9248046875
6.100996	2.9248046875
6.101996	2.9296875
6.102996	2.9296875
6.103996	2.9248046875
6.104996	2.9248046875
6.105996	2.9296875
6.106996	2.9248046875
6.107996	2.9248046875
6.108996	2.9296875
6.110004	2.9296875
6.110996	2.9296875
6.112	2.9345703125
6.113	2.9345703125
6.114	2.9345703125
6.115	2.9296875
6.116	2.9345703125
6.116996	2.9248046875
6.117996	2.939453125
6.118996	2.939453125
6.119996	2.9345703125
6.120996	2.9345703125
6.121996	2.9296875
6.122996	2.9248046875
6.123996	2.9296875
6.124996	2.9296875
6.125996	2.9296875
6.126996	2.9296875
6.127996	2.9248046875
6.128996	2.9296875
6.129996	2.9248046875
6.130996	2.9248046875
6.131996	2.9248046875
6.132996	2.919921875
6.133996	2.9248046875
6.134996	2.9248046875
6.135996	2.9296875
6.136996	2.9296875
6.137996	2.9248046875
6.138996	2.9248046875
6.139996	2.9248046875
6.140996	2.9296875
6.141996	2.9296875
6.142996	2.919921875
6.143996	2.9296875
6.144996	2.9345703125
6.145996	2.9345703125
6.146996	2.9345703125
6.147996	2.9345703125
6.148996	2.9296875
6.149996	2.9345703125
6.150996	2.9345703125
6.151996	2.9345703125
6.153	2.9296875
6.153996	2.9296875
6.155	2.9345703125
6.156	2.9296875
6.157	2.9345703125
6.158	2.9345703125
6.159	2.9345703125
6.159996	2.9248046875
6.160996	2.9296875
6.161996	2.9248046875
6.162996	2.9248046875
6.163996	2.9248046875
6.164996	2.9296875
6.165996	2.9248046875
6.166996	2.9248046875
6.167996	2.9296875
6.168996	2.9296875
6.169996	2.919921875
6.170996	2.9296875
6.171996	2.9296875
6.172996	2.9296875
6.173996	2.9296875
6.174996	2.919921875
6.175996	2.9296875
6.176996	2.9345703125
6.177996	2.9345703125
6.178996	2.9296875
6.179996	2.9345703125
6.180996	2.939453125
6.181996	2.939453125
6.182996	2.9296875
6.183996	2.9296875
6.184996	2.9345703125
6.185996	2.9345703125
6.186996	2.9248046875
6.187996	2.9345703125
6.188996	2.9345703125
6.189996	2.9296875
6.190996	2.9345703125
6.191996	2.9345703125
6.192996	2.9296875
6.193996	2.9248046875
6.194996	2.9296875
6.196	2.9296875
6.196996	2.919921875
6.198	2.9248046875
6.199	2.9296875
6.2	2.9248046875
6.201	2.9296875
6.202	2.9296875
6.202996	2.9248046875
6.203996	2.919921875
6.204996	2.9248046875
6.205996	2.9296875
6.206996	2.9296875
6.207996	2.9296875
6.208996	2.9248046875
6.209996	2.9296875
6.210996	2.9296875
6.211996	2.9296875
6.212996	2.9296875
6.213996	2.9296875
6.214996	2.9296875
6.215996	2.9345703125
6.216996	2.9248046875
6.217996	2.9345703125
6.218996	2.9345703125
6.219996	2.9345703125
6.220996	2.9345703125
6.221996	2.9345703125
6.222996	2.9248046875
6.223996	2.939453125
6.224996	2.9296875
6.225996	2.9296875
6.226996	2.9248046875
6.227996	2.9296875
6.228996	2.9296875
6.229996	2.9248046875
6.230996	2.9248046875
6.231996	2.9248046875
6.232996	2.9248046875
6.233996	2.919921875
6.234996	2.9248046875
6.235996	2.9248046875
6.236996	2.9296875
6.238004	2.9248046875
6.238996	2.9296875
6.24	2.9248046875
6.241	2.9296875
6.242	2.9248046875
6.243	2.9248046875
6.244	2.9248046875
6.244996	2.9248046875
6.245996	2.9296875
6.246996	2.9345703125
6.247996	2.939453125
6.248996	2.9345703125
6.249996	2.9345703125
6.250996	2.9296875
6.251996	2.9345703125
6.252996	2.9345703125
6.253996	2.9345703125
6.254996	2.9345703125
6.255996	2.9296875
6.256996	2.9296875
6.257996	2.9345703125
6.258996	2.9296875
6.259996	2.9248046875
6.260996	2.9296875
6.261996	2.9345703125
6.262996	2.9248046875
6.263996	2.9296875
6.264996	2.9296875
6.265996	2.9296875
6.266996	2.9248046875
6.267996	2.9248046875
6.268996	2.9248046875
6.269996	2.9150390625
6.270996	2.9296875
6.271996	2.9248046875
6.272996	2.9296875
6.273996	2.9248046875
6.274996	2.9296875
6.275996	2.9296875
6.276996	2.9296875
6.277996	2.9248046875
6.278996	2.9296875
6.279996	2.9248046875
6.281	2.9296875
6.281996	2.9345703125
6.283	2.9296875
6.284	2.9345703125
6.285	2.9345703125
6.286	2.9296875
6.287	2.939453125
6.287996	2.9345703125
6.288996	2.9345703125
6.289996	2.9296875
6.290996	2.9345703125
6.291996	2.9296875
6.292996	2.9248046875
6.293996	2.9296875
6.294996	2.9345703125
6.295996	2.9248046875
6.296996	2.9296875
6.297996	2.9345703125
6.298996	2.9248046875
6.299996	2.9248046875
6.300996	2.919921875
6.301996	2.9248046875
6.302996	2.9296875
6.303996	2.9248046875
6.304996	2.9248046875
6.305996	2.9296875
6.306996	2.9248046875
6.307996	2.9296875
6.308996	2.9296875
6.309996	2.939453125
6.310996	2.9296875
6.311996	2.9296875
6.312996	2.9296875
6.313996	2.939453125
6.314996	2.939453125
6.315996	2.9296875
6.316996	2.9296875
6.317996	2.9345703125
6.318996	2.9248046875
6.319996	2.9345703125
6.320996	2.939453125
6.321996	2.9248046875
6.322996	2.9296875
6.324	2.9296875
6.324996	2.9296875
6.326	2.9296875
6.327	2.9296875
6.328	2.9296875
6.329	2.9345703125
6.33	2.9248046875
6.330996	2.919921875
6.331996	2.9296875
6.332996	2.9248046875
6.333996	2.9296875
6.334996	2.9296875
6.335996	2.9248046875
6.336996	2.9248046875
6.337996	2.9248046875
6.338996	2.9296875
6.339996	2.9248046875
6.340996	2.9296875
6.341996	2.9296875
6.342996	2.9296875
6.343996	2.9248046875
6.344996	2.9296875
6.345996	2.9345703125
6.346996	2.9296875
6.347996	2.9345703125
6.348996	2.9345703125
6.349996	2.9345703125
6.350996	2.939453125
6.351996	2.9248046875
6.352996	2.9296875
6.353996	2.9345703125
6.354996	2.9296875
6.355996	2.9345703125
6.356996	2.9296875
6.357996	2.9296875
6.358996	2.9296875
6.359996	2.9248046875
6.360996	2.9296875
6.361996	2.9248046875
6.362996	2.919921875
6.363996	2.9296875
6.364996	2.9296875
6.366004	2.9296875
6.366996	2.9248046875
6.368	2.9248046875
6.369	2.919921875
6.37	2.9248046875
6.371	2.919921875
6.372	2.9296875
6.372996	2.9248046875
6.373996	2.919921875
6.374996	2.9345703125
6.375996	2.9345703125
6.376996	2.9345703125
6.377996	2.9296875
6.378996	2.9296875
6.379996	2.9296875
6.380996	2.9296875
6.381996	2.9296875
6.382996	2.9248046875
6.383996	2.9345703125
6.384996	2.939453125
6.385996	2.9296875
6.386996	2.939453125
6.387996	2.9248046875
6.388996	2.9296875
6.389996	2.9248046875
6.390996	2.9296875
6.391996	2.9296875
6.392996	2.9248046875
6.393996	2.9296875
6.394996	2.9296875
6.395996	2.9248046875
6.396996	2.9248046875
6.397996	2.9248046875
6.398996	2.9248046875
6.399996	2.919921875
6.400996	2.9248046875
6.401996	2.9248046875
6.402996	2.9248046875
6.403996	2.919921875
6.404996	2.9248046875
6.405996	2.9248046875
6.406996	2.9296875
6.407996	2.919921875
6.409	2.919921875
6.409996	2.9296875
6.411	2.9345703125
6.412	2.9296875
6.413	2.9296875
6.414	2.9296875
6.415	2.9296875
6.415996	2.9345703125
6.416996	2.9296875
6.417996	2.9296875
6.418996	2.9296875
6.419996	2.9296875
6.420996	2.939453125
6.421996	2.9345703125
6.422996	2.9345703125
6.423996	2.9248046875
6.424996	2.9345703125
6.425996	2.9345703125
6.426996	2.9296875
6.427996	2.9296875
6.428996	2.9296875
6.429996	2.9345703125
6.430996	2.9296875
6.431996	2.9248046875
6.432996	2.9296875
6.433996	2.9248046875
6.434996	2.9248046875
6.435996	2.9248046875
6.436996	2.9296875
6.437996	2.9296875
6.438996	2.9296875
6.439996	2.919921875
6.440996	2.9248046875
6.441996	2.9248046875
6.442996	2.9296875
6.443996	2.9248046875
6.444996	2.9296875
6.445996	2.9296875
6.446996	2.9296875
6.447996	2.9248046875
6.448996	2.9345703125
6.449996	2.9345703125
6.450996	2.9345703125
6.452	2.9345703125
6.452996	2.9296875
6.454	2.9345703125
6.455	2.9345703125
6.456	2.9296875
6.457	2.9296875
6.458	2.9345703125
6.458996	2.9345703125
6.459996	2.9345703125
6.460996	2.919921875
6.461996	2.9345703125
6.462996	2.9248046875
6.463996	2.9296875
6.464996	2.9296875
6.465996	2.9248046875
6.466996	2.919921875
6.467996	2.9296875
6.468996	2.9248046875
6.469996	2.9248046875
6.470996	2.9248046875
6.471996	2.9248046875
6.472996	2.9248046875
6.473996	2.9248046875
6.474996	2.9248046875
6.475996	2.9248046875
6.476996	2.9296875
6.477996	2.9296875
6.478996	2.9296875
6.479996	2.9345703125
6.480996	2.9248046875
6.481996	2.9296875
6.482996	2.9345703125
6.483996	2.9296875
6.484996	2.9296875
6.485996	2.9296875
6.486996	2.9345703125
6.487996	2.9296875
6.488996	2.939453125
6.489996	2.9345703125
6.490996	2.9345703125
6.491996	2.9248046875
6.492996	2.9296875
6.494004	2.9345703125
6.494996	2.9248046875
6.496	2.9248046875
6.497	2.9296875
6.498	2.9248046875
6.499	2.919921875
6.5	2.9248046875
6.500996	2.9248046875
6.501996	2.9248046875
6.502996	2.9296875
6.503996	2.9248046875
6.504996	2.9296875
6.505996	2.9296875
6.506996	2.9345703125
6.507996	2.9296875
6.508996	2.9296875
6.509996	2.9345703125
6.510996	2.9345703125
6.511996	2.9296875
6.512996	2.9296875
6.513996	2.9296875
6.514996	2.9345703125
6.515996	2.9345703125
6.516996	2.939453125
6.517996	2.939453125
6.518996	2.939453125
6.519996	2.9296875
6.520996	2.9345703125
6.521996	2.9345703125
6.522996	2.9345703125
6.523996	2.9248046875
6.524996	2.9296875
6.525996	2.9296875
6.526996	2.9345703125
6.527996	2.9296875
6.528996	2.9345703125
6.529996	2.9248046875
6.530996	2.9248046875
6.531996	2.9296875
6.532996	2.9296875
6.533996	2.9248046875
6.534996	2.9248046875
6.535996	2.9296875
6.537	2.9296875
6.537996	2.9296875
6.539	2.9248046875
6.54	2.9296875
6.541	2.9248046875
6.542	2.9296875
6.543	2.919921875
6.543996	2.9296875
6.544996	2.9345703125
6.545996	2.919921875
6.546996	2.9296875
6.547996	2.9248046875
6.548996	2.9296875
6.549996	2.9345703125
6.550996	2.9248046875
6.551996	2.9296875
6.552996	2.9345703125
6.553996	2.9296875
6.554996	2.9345703125
6.555996	2.9345703125
6.556996	2.9296875
6.557996	2.9248046875
6.558996	2.919921875
6.559996	2.9345703125
6.560996	2.919921875
6.561996	2.919921875
6.562996	2.9345703125
6.563996	2.9296875
6.564996	2.9248046875
6.565996	2.9248046875
6.566996	2.9296875
6.567996	2.9296875
6.568996	2.919921875
6.569996	2.9296875
6.570996	2.9248046875
6.571996	2.919921875
6.572996	2.9296875
6.573996	2.9248046875
6.574996	2.9296875
6.575996	2.9345703125
6.576996	2.9296875
6.577996	2.9345703125
6.578996	2.9345703125
6.58	2.9296875
6.580996	2.9248046875
6.582	2.9345703125
6.583	2.9345703125
6.584	2.9296875
6.585	2.9248046875
6.586	2.9345703125
6.586996	2.9345703125
6.587996	2.9345703125
6.588996	2.9345703125
6.589996	2.9296875
6.590996	2.9248046875
6.591996	2.9248046875
6.592996	2.9248046875
6.593996	2.9296875
6.594996	2.9296875
6.595996	2.9345703125
6.596996	2.9296875
6.597996	2.9296875
6.598996	2.9345703125
6.599996	2.9248046875
6.600996	2.9296875
6.601996	2.919921875
6.602996	2.9345703125
6.603996	2.9296875
6.604996	2.9296875
6.605996	2.9248046875
6.606996	2.9248046875
6.607996	2.919921875
6.608996	2.9248046875
6.609996	2.9296875
6.610996	2.9296875
6.611996	2.9248046875
6.612996	2.919921875
6.613996	2.9248046875
6.614996	2.9296875
6.615996	2.9296875
6.616996	2.9296875
6.617996	2.9296875
6.618996	2.9248046875
6.619996	2.9296875
6.620996	2.9345703125
6.622004	2.9296875
6.622996	2.9296875
6.624	2.9345703125
6.625	2.9345703125
6.626	2.9345703125
6.627	2.9296875
6.628	2.9248046875
6.628996	2.9296875
6.629996	2.9296875
6.630996	2.9248046875
6.631996	2.9296875
6.632996	2.9296875
6.633996	2.9248046875
6.634996	2.9296875
6.635996	2.9296875
6.636996	2.9296875
6.637996	2.9248046875
6.638996	2.9248046875
6.639996	2.9345703125
6.640996	2.9296875
6.641996	2.9296875
6.642996	2.9296875
6.643996	2.9296875
6.644996	2.9296875
6.645996	2.9248046875
6.646996	2.9296875
6.647996	2.9296875
6.648996	2.9248046875
6.649996	2.9248046875
6.650996	2.9345703125
6.651996	2.9296875
6.652996	2.9345703125
6.653996	2.9345703125
6.654996	2.939453125
6.655996	2.9345703125
6.656996	2.939453125
6.657996	2.9345703125
6.658996	2.939453125
6.659996	2.9296875
6.660996	2.9296875
6.661996	2.9296875
6.662996	2.9248046875
6.663996	2.9296875
6.665	2.9345703125
6.665996	2.9248046875
6.667	2.9296875
6.668	2.919921875
6.669	2.919921875
6.67	2.9296875
6.671	2.9296875
6.671996	2.9248046875
6.672996	2.9248046875
6.673996	2.9248046875
6.674996	2.919921875
6.675996	2.919921875
6.676996	2.9296875
6.677996	2.9296875
6.678996	2.9345703125
6.679996	2.919921875
6.680996	2.9296875
6.681996	2.9248046875
6.682996	2.9345703125
6.683996	2.9248046875
6.684996	2.9345703125
6.685996	2.9345703125
6.686996	2.939453125
6.687996	2.9345703125
6.688996	2.9296875
6.689996	2.9296875
6.690996	2.9296875
6.691996	2.9345703125
6.692996	2.9248046875
6.693996	2.9296875
6.694996	2.9248046875
6.695996	2.9296875
6.696996	2.9248046875
6.697996	2.9296875
6.698996	2.9296875
6.699996	2.9248046875
6.700996	2.9296875
6.701996	2.9296875
6.702996	2.9248046875
6.703996	2.919921875
6.704996	2.9248046875
6.705996	2.9296875
6.706996	2.9248046875
6.708	2.9248046875
6.708996	2.9248046875
6.71	2.9248046875
6.711	2.9248046875
6.712	2.9296875
6.713	2.9296875
6.714	2.9248046875
6.714996	2.9248046875
6.715996	2.9296875
6.716996	2.9296875
6.717996	2.9345703125
6.718996	2.9345703125
6.719996	2.9296875
6.720996	2.9296875
6.721996	2.9296875
6.722996	2.9345703125
6.723996	2.9296875
6.724996	2.9296875
6.725996	2.9345703125
6.726996	2.9296875
6.727996	2.9345703125
6.728996	2.9345703125
6.729996	2.9296875
6.730996	2.9345703125
6.731996	2.9248046875
6.732996	2.919921875
6.733996	2.9296875
6.734996	2.9248046875
6.735996	2.9296875
6.736996	2.9248046875
6.737996	2.9248046875
6.738996	2.9296875
6.739996	2.9248046875
6.740996	2.9248046875
6.741996	2.9296875
6.742996	2.9248046875
6.743996	2.9296875
6.744996	2.9345703125
6.745996	2.9296875
6.746996	2.9345703125
6.747996	2.9296875
6.748996	2.9345703125
6.750004	2.9296875
6.750996	2.9296875
6.752	2.939453125
6.753	2.939453125
6.754	2.9296875
6.755	2.9296875
6.756	2.9345703125
6.756996	2.9296875
6.757996	2.9248046875
6.758996	2.9345703125
6.759996	2.9296875
6.760996	2.9296875
6.761996	2.9345703125
6.762996	2.939453125
6.763996	2.9345703125
6.764996	2.9345703125
6.765996	2.9248046875
6.766996	2.9248046875
6.767996	2.9248046875
6.768996	2.9296875
6.769996	2.9296875
6.770996	2.9296875
6.771996	2.919921875
6.772996	2.9248046875
6.773996	2.9248046875
6.774996	2.9296875
6.775996	2.9296875
6.776996	2.9345703125
6.777996	2.9296875
6.778996	2.9248046875
6.779996	2.9296875
6.780996	2.9248046875
6.781996	2.9296875
6.782996	2.9345703125
6.783996	2.9345703125
6.784996	2.9345703125
6.785996	2.9345703125
6.786996	2.9248046875
6.787996	2.9296875
6.788996	2.9296875
6.789996	2.9345703125
6.790996	2.9248046875
6.791996	2.9296875
6.793	2.9248046875
6.793996	2.9345703125
6.795	2.9296875
6.796	2.9296875
6.797	2.9296875
6.798	2.9296875
6.799	2.9296875
6.799996	2.9248046875
6.800996	2.9345703125
6.801996	2.9345703125
6.802996	2.9296875
6.803996	2.9248046875
6.804996	2.9248046875
6.805996	2.9296875
6.806996	2.9296875
6.807996	2.9345703125
6.808996	2.9296875
6.809996	2.9296875
6.810996	2.9296875
6.811996	2.9248046875
6.812996	2.919921875
6.813996	2.9248046875
6.814996	2.9345703125
6.815996	2.9345703125
6.816996	2.9296875
6.817996	2.9345703125
6.818996	2.9296875
6.819996	2.9248046875
6.820996	2.939453125
6.821996	2.9345703125
6.822996	2.9296875
6.823996	2.9345703125
6.824996	2.9296875
6.825996	2.9345703125
6.826996	2.9345703125
6.827996	2.9296875
6.828996	2.9443359375
6.829996	2.9296875
6.830996	2.9296875
6.831996	2.9248046875
6.832996	2.9296875
6.833996	2.9296875
6.834996	2.9296875
6.836	2.9248046875
6.836996	2.9345703125
6.838	2.9296875
6.839	2.9296875
6.84	2.9296875
6.841	2.9296875
6.842	2.9296875
6.842996	2.9345703125
6.843996	2.919921875
6.844996	2.9296875
6.845996	2.9296875
6.846996	2.9296875
6.847996	2.9296875
6.848996	2.9296875
6.849996	2.9345703125
6.850996	2.9296875
6.851996	2.9248046875
6.852996	2.9443359375
6.853996	2.9345703125
6.854996	2.9345703125
6.855996	2.9345703125
6.856996	2.9248046875
6.857996	2.9248046875
6.858996	2.9296875
6.859996	2.9345703125
6.860996	2.9345703125
6.861996	2.9296875
6.862996	2.9296875
6.863996	2.9296875
6.864996	2.9345703125
6.865996	2.919921875
6.866996	2.9248046875
6.867996	2.9345703125
6.868996	2.9248046875
6.869996	2.9248046875
6.870996	2.9296875
6.871996	2.9296875
6.872996	2.9248046875
6.873996	2.9248046875
6.874996	2.9248046875
6.875996	2.9248046875
6.876996	2.9296875
6.878004	2.9296875
6.878996	2.9296875
6.88	2.9296875
6.881	2.9345703125
6.882	2.9296875
6.883	2.9248046875
6.884	2.9248046875
6.884996	2.9248046875
6.885996	2.9248046875
6.886996	2.9345703125
6.887996	2.9345703125
6.888996	2.9296875
