Channel Accuracy: 10 Bits
Measurement Range 0...5V --> Resolution: 5V/2^10 = 4.9mV
Measured Single Channel at a Frequency of 1000 Hz
Time (s)	Voltage (V)
0	2.021484375
0.001	2.0263671875
0.002	2.03125
0.003	2.03125
0.004	2.0263671875
0.005	2.0263671875
0.006	2.0263671875
0.007	2.0263671875
0.008	2.03125
0.009	2.0263671875
0.01	2.0263671875
0.011	2.0263671875
0.012	2.021484375
0.013	2.03125
0.014	2.0263671875
0.015	2.0263671875
0.016	2.0263671875
0.017	2.021484375
0.018	2.0263671875
0.019	2.021484375
0.02	2.0263671875
0.021	2.03125
0.022	2.03125
0.023	2.0263671875
0.024	2.021484375
0.025	2.0263671875
0.026	2.03125
0.027	2.0263671875
0.028	2.021484375
0.029	2.03125
0.029996	2.021484375
0.031004	2.03125
0.032	2.0263671875
0.033004	2.0263671875
0.034004	2.0263671875
0.035004	2.03125
0.036004	2.03125
0.037	2.03125
0.038	2.0263671875
0.039	2.03125
0.04	2.03125
0.041	2.03125
0.042	2.03125
0.043	2.03125
0.044	2.03125
0.045	2.03125
0.046	2.03125
0.047	2.03125
0.048	2.03125
0.049	2.03125
0.05	2.03125
0.051	2.0263671875
0.052	2.03125
0.053	2.0361328125
0.054	2.0361328125
0.055	2.03125
0.056	2.0361328125
0.057	2.0263671875
0.058	2.0361328125
0.059	2.03125
0.06	2.03125
0.061	2.03125
0.062	2.0361328125
0.063	2.03125
0.064	2.0361328125
0.065	2.0361328125
0.066	2.03125
0.067	2.03125
0.068	2.0263671875
0.069	2.0263671875
0.07	2.03125
0.071	2.0263671875
0.072	2.03125
0.073004	2.03125
0.074	2.03125
0.075004	2.03125
0.076004	2.0361328125
0.077004	2.03125
0.078004	2.0361328125
0.079004	2.03125
0.08	2.03125
0.081	2.03125
0.082	2.03125
0.083	2.0263671875
0.084	2.0263671875
0.085	2.03125
0.086	2.03125
0.087	2.0361328125
0.088	2.03125
0.089	2.0263671875
0.09	2.0361328125
0.091	2.03125
0.092	2.03125
0.093	2.03125
0.094	2.0263671875
0.095	2.03125
0.096	2.0263671875
0.097	2.0361328125
0.098	2.03125
0.099	2.03125
0.1	2.0263671875
0.101	2.03125
0.102	2.03125
0.103	2.03125
0.104	2.03125
0.105	2.03125
0.106	2.03125
0.107	2.0263671875
0.108	2.03125
0.109	2.03125
0.11	2.03125
0.111	2.0263671875
0.112	2.03125
0.113	2.03125
0.114	2.0361328125
0.115	2.021484375
0.116004	2.03125
0.117	2.03125
0.118004	2.0263671875
0.119004	2.03125
0.120004	2.03125
0.121004	2.0263671875
0.122004	2.03125
0.123	2.0263671875
0.124	2.021484375
0.125	2.0263671875
0.126	2.03125
0.127	2.03125
0.128	2.03125
0.129	2.021484375
0.13	2.0263671875
0.131	2.021484375
0.132	2.0263671875
0.133	2.0263671875
0.134	2.0263671875
0.135	2.0263671875
0.136	2.0263671875
0.137	2.03125
0.138	2.0263671875
0.139	2.0263671875
0.14	2.021484375
0.141	2.0263671875
0.142	2.021484375
0.143	2.0263671875
0.144	2.0263671875
0.145	2.0263671875
0.146	2.03125
0.147	2.0263671875
0.148	2.0263671875
0.149	2.0263671875
0.15	2.021484375
0.151	2.0166015625
0.152	2.0263671875
0.153	2.0263671875
0.154	2.021484375
0.155	2.0263671875
0.156	2.0263671875
0.157	2.03125
0.158008	2.021484375
0.159	2.021484375
0.160004	2.021484375
0.161004	2.0263671875
0.162004	2.0263671875
0.163004	2.021484375
0.164004	2.021484375
0.165	2.021484375
0.166	2.0263671875
0.167	2.0263671875
0.168	2.021484375
0.169	2.0263671875
0.17	2.03125
0.171	2.0263671875
0.172	2.03125
0.173	2.021484375
0.174	2.0263671875
0.175	2.03125
0.176	2.0263671875
0.177	2.0263671875
0.178	2.0263671875
0.179	2.021484375
0.18	2.0263671875
0.181	2.021484375
0.182	2.0263671875
0.183	2.021484375
0.184	2.0263671875
0.185	2.0263671875
0.186	2.03125
0.187	2.0263671875
0.188	2.021484375
0.189	2.03125
0.19	2.03125
0.191	2.0263671875
0.192	2.03125
0.193	2.0263671875
0.194	2.0263671875
0.195	2.0263671875
0.196	2.0263671875
0.197	2.021484375
0.198	2.03125
0.199	2.0263671875
0.2	2.0263671875
0.201004	2.03125
0.202	2.0263671875
0.203004	2.03125
0.204004	2.021484375
0.205004	2.0263671875
0.206004	2.03125
0.207004	2.0263671875
0.208	2.03125
0.209	2.03125
0.21	2.0263671875
0.211	2.021484375
0.212	2.03125
0.213	2.03125
0.214	2.0263671875
0.215	2.03125
0.216	2.0263671875
0.217	2.03125
0.218	2.03125
0.219	2.03125
0.22	2.03125
0.221	2.0263671875
0.222	2.0263671875
0.223	2.03125
0.224	2.03125
0.225	2.03125
0.226	2.0263671875
0.227	2.03125
0.228	2.03125
0.229	2.03125
0.23	2.03125
0.231	2.03125
0.232	2.03125
0.233	2.0263671875
0.234	2.0263671875
0.235	2.0361328125
0.236	2.0263671875
0.237	2.03125
0.238	2.03125
0.239	2.0361328125
0.24	2.03125
0.241	2.0361328125
0.242	2.0361328125
0.243	2.0361328125
0.243996	2.0361328125
0.245004	2.03125
0.246004	2.0361328125
0.247004	2.0361328125
0.248004	2.03125
0.249004	2.0361328125
0.250004	2.03125
0.251	2.0361328125
0.252	2.0361328125
0.253	2.0361328125
0.254	2.041015625
0.255	2.03125
0.256	2.041015625
0.257	2.041015625
0.258	2.0361328125
0.259	2.041015625
0.26	2.0361328125
0.261	2.041015625
0.262	2.041015625
0.263	2.041015625
0.264	2.0458984375
0.265	2.041015625
0.266	2.041015625
0.267	2.041015625
0.268	2.041015625
0.269	2.0458984375
0.27	2.041015625
0.271	2.041015625
0.272	2.0361328125
0.273	2.041015625
0.274	2.041015625
0.275	2.0458984375
0.276	2.0361328125
0.277	2.0361328125
0.278	2.05078125
0.279	2.0458984375
0.28	2.0458984375
0.281	2.0458984375
0.282	2.041015625
0.283	2.041015625
0.284	2.041015625
0.285	2.0458984375
0.285996	2.041015625
0.287004	2.0458984375
0.288	2.041015625
0.289004	2.0458984375
0.290004	2.0458984375
0.291004	2.0458984375
0.292004	2.0458984375
0.293	2.041015625
0.294	2.05078125
0.295	2.0458984375
0.296	2.041015625
0.297	2.0458984375
0.298	2.041015625
0.299	2.0458984375
0.3	2.0458984375
0.301	2.041015625
0.302	2.0458984375
0.303	2.05078125
0.304	2.0458984375
0.305	2.041015625
0.306	2.05078125
0.307	2.0458984375
0.308	2.05078125
0.309	2.041015625
0.31	2.0458984375
0.311	2.0458984375
0.312	2.0458984375
0.313	2.041015625
0.314	2.0458984375
0.315	2.0458984375
0.316	2.0458984375
0.317	2.0458984375
0.318	2.05078125
0.319	2.0458984375
0.32	2.041015625
0.321	2.0458984375
0.322	2.0458984375
0.323	2.05078125
0.324	2.0458984375
0.325	2.0458984375
0.326	2.041015625
0.327	2.0458984375
0.328	2.0458984375
0.328996	2.041015625
0.330004	2.0458984375
0.331	2.0458984375
0.332004	2.05078125
0.333004	2.041015625
0.334004	2.041015625
0.335004	2.0458984375
0.336	2.05078125
0.337	2.041015625
0.338	2.0458984375
0.339	2.041015625
0.34	2.0458984375
0.341	2.041015625
0.342	2.0458984375
0.343	2.05078125
0.344	2.05078125
0.345	2.041015625
0.346	2.041015625
0.347	2.0458984375
0.348	2.0458984375
0.349	2.041015625
0.35	2.041015625
0.351	2.041015625
0.352	2.041015625
0.353	2.041015625
0.354	2.0361328125
0.355	2.0458984375
0.356	2.041015625
0.357	2.041015625
0.358	2.0361328125
0.359	2.0361328125
0.36	2.0458984375
0.361	2.041015625
0.362	2.0361328125
0.363	2.041015625
0.364	2.0361328125
0.365	2.0458984375
0.366	2.041015625
0.367	2.0361328125
0.368	2.0361328125
0.369	2.041015625
0.37	2.041015625
0.371	2.041015625
0.372004	2.0458984375
0.373	2.0458984375
0.374004	2.03125
0.375004	2.0458984375
0.376004	2.041015625
0.377004	2.0361328125
0.378004	2.0361328125
0.379	2.041015625
0.38	2.041015625
0.381	2.041015625
0.382	2.041015625
0.383	2.041015625
0.384	2.041015625
0.385	2.03125
0.386	2.041015625
0.387	2.0361328125
0.388	2.041015625
0.389	2.041015625
0.39	2.0361328125
0.391	2.041015625
0.392	2.0361328125
0.393	2.0361328125
0.394	2.041015625
0.395	2.041015625
0.396	2.03125
0.397	2.0361328125
0.398	2.0361328125
0.399	2.041015625
0.4	2.0361328125
0.401	2.0361328125
0.402	2.0361328125
0.403	2.041015625
0.404	2.0361328125
0.405	2.041015625
0.406	2.041015625
0.407	2.041015625
0.408	2.03125
0.409	2.0361328125
0.41	2.041015625
0.411	2.0361328125
0.412	2.041015625
0.413	2.0361328125
0.413996	2.0361328125
0.415004	2.0361328125
0.416	2.03125
0.417004	2.0361328125
0.418004	2.0361328125
0.419004	2.0361328125
0.420004	2.041015625
0.421	2.03125
0.422	2.03125
0.423	2.0361328125
0.424	2.0361328125
0.425	2.041015625
0.426	2.041015625
0.427	2.041015625
0.428	2.0361328125
0.429	2.0361328125
0.43	2.041015625
0.431	2.041015625
0.432	2.03125
0.433	2.041015625
0.434	2.041015625
0.435	2.03125
0.436	2.041015625
0.437	2.041015625
0.438	2.0361328125
0.439	2.041015625
0.44	2.0361328125
0.441	2.041015625
0.442	2.0361328125
0.443	2.0361328125
0.444	2.041015625
0.445	2.041015625
0.446	2.041015625
0.447	2.041015625
0.448	2.0361328125
0.449	2.041015625
0.45	2.041015625
0.451	2.041015625
0.452	2.03125
0.453	2.0458984375
0.454	2.041015625
0.455	2.0361328125
0.456	2.041015625
0.456996	2.03125
0.458004	2.0361328125
0.459	2.041015625
0.460004	2.041015625
0.461004	2.041015625
0.462004	2.041015625
0.463004	2.0361328125
0.464	2.0458984375
0.465	2.0458984375
0.466	2.041015625
0.467	2.0361328125
0.468	2.0361328125
0.469	2.0361328125
0.47	2.041015625
0.471	2.041015625
0.472	2.0361328125
0.473	2.0361328125
0.474	2.0361328125
0.475	2.0361328125
0.476	2.041015625
0.477	2.041015625
0.478	2.041015625
0.479	2.041015625
0.48	2.041015625
0.481	2.0361328125
0.482	2.0458984375
0.483	2.041015625
0.484	2.041015625
0.485	2.041015625
0.486	2.041015625
0.487	2.041015625
0.488	2.0361328125
0.489	2.041015625
0.49	2.041015625
0.491	2.03125
0.492	2.041015625
0.493	2.041015625
0.494	2.0361328125
0.495	2.0458984375
0.496	2.041015625
0.497	2.0458984375
0.498	2.0361328125
0.499	2.0458984375
0.500004	2.041015625
0.501	2.0361328125
0.502004	2.041015625
0.503004	2.041015625
0.504004	2.041015625
0.505004	2.041015625
0.506004	2.041015625
0.507	2.041015625
0.508	2.0361328125
0.509	2.041015625
0.51	2.041015625
0.511	2.041015625
0.512	2.0458984375
0.513	2.041015625
0.514	2.041015625
0.515	2.041015625
0.516	2.0458984375
0.517	2.041015625
0.518	2.041015625
0.519	2.041015625
0.52	2.041015625
0.521	2.041015625
0.522	2.0361328125
0.523	2.041015625
0.524	2.0458984375
0.525	2.041015625
0.526	2.0458984375
0.527	2.0458984375
0.528	2.041015625
0.529	2.0361328125
0.53	2.0458984375
0.531	2.0458984375
0.532	2.041015625
0.533	2.0458984375
0.534	2.0458984375
0.535	2.05078125
0.536	2.0458984375
0.537	2.0458984375
0.538	2.041015625
0.539	2.05078125
0.54	2.0458984375
0.541	2.0458984375
0.541996	2.0458984375
0.543004	2.05078125
0.544	2.041015625
0.545004	2.0458984375
0.546004	2.0458984375
0.547004	2.041015625
0.548004	2.0458984375
0.549	2.0458984375
0.55	2.0458984375
0.551	2.041015625
0.552	2.0458984375
0.553	2.0458984375
0.554	2.041015625
0.555	2.0458984375
0.556	2.0458984375
0.557	2.0458984375
0.558	2.0458984375
0.559	2.05078125
0.56	2.0458984375
0.561	2.0458984375
0.562	2.041015625
0.563	2.05078125
0.564	2.0458984375
0.565	2.0458984375
0.566	2.05078125
0.567	2.0458984375
0.568	2.0458984375
0.569	2.0458984375
0.57	2.0458984375
0.571	2.0458984375
0.572	2.0361328125
0.573	2.0361328125
0.574	2.0458984375
0.575	2.0458984375
0.576	2.041015625
0.577	2.0458984375
0.578	2.041015625
0.579	2.041015625
0.58	2.0458984375
0.581	2.0458984375
0.582	2.0458984375
0.583	2.0458984375
0.584	2.0361328125
0.584996	2.0458984375
0.586004	2.0361328125
0.587	2.0361328125
0.588004	2.0458984375
0.589004	2.041015625
0.590004	2.0458984375
0.591004	2.041015625
0.592	2.0361328125
0.593	2.03125
0.594	2.0458984375
0.595	2.041015625
0.596	2.041015625
0.597	2.041015625
0.598	2.0361328125
0.599	2.041015625
0.6	2.041015625
0.601	2.041015625
0.602	2.041015625
0.603	2.041015625
0.604	2.041015625
0.605	2.041015625
0.606	2.0458984375
0.607	2.0361328125
0.608	2.041015625
0.609	2.0361328125
0.61	2.0458984375
0.611	2.0458984375
0.612	2.0458984375
0.613	2.041015625
0.614	2.0361328125
0.615	2.0458984375
0.616	2.0458984375
0.617	2.041015625
0.618	2.0458984375
0.619	2.041015625
0.62	2.0458984375
0.621	2.0458984375
0.622	2.0458984375
0.623	2.041015625
0.624	2.0458984375
0.625	2.0458984375
0.626	2.0458984375
0.627	2.041015625
0.628004	2.041015625
0.629	2.041015625
0.630004	2.0458984375
0.631004	2.05078125
0.632004	2.041015625
0.633004	2.0458984375
0.634004	2.041015625
0.635	2.041015625
0.636	2.0458984375
0.637	2.0361328125
0.638	2.0458984375
0.639	2.0458984375
0.64	2.041015625
0.641	2.041015625
0.642	2.05078125
0.643	2.0458984375
0.644	2.0458984375
0.645	2.041015625
0.646	2.0458984375
0.647	2.0458984375
0.648	2.0458984375
0.649	2.041015625
0.65	2.041015625
0.651	2.0458984375
0.652	2.0458984375
0.653	2.05078125
0.654	2.05078125
0.655	2.05078125
0.656	2.041015625
0.657	2.0458984375
0.658	2.05078125
0.659	2.041015625
0.66	2.05078125
0.661	2.0458984375
0.662	2.041015625
0.663	2.0458984375
0.664	2.0458984375
0.665	2.0458984375
0.666	2.041015625
0.667	2.0458984375
0.668	2.0458984375
0.669	2.05078125
0.669996	2.0458984375
0.671004	2.05078125
0.672	2.05078125
0.673004	2.0458984375
0.674004	2.0458984375
0.675004	2.05078125
0.676004	2.05078125
0.677	2.0458984375
0.678	2.05078125
0.679	2.0458984375
0.68	2.05078125
0.681	2.0458984375
0.682	2.05078125
0.683	2.0458984375
0.684	2.05078125
0.685	2.05078125
0.686	2.05078125
0.687	2.05078125
0.688	2.041015625
0.689	2.041015625
0.69	2.05078125
0.691	2.0458984375
0.692	2.05078125
0.693	2.0458984375
0.694	2.0458984375
0.695	2.05078125
0.696	2.0458984375
0.697	2.05078125
0.698	2.05078125
0.699	2.0458984375
0.7	2.0458984375
0.701	2.041015625
0.702	2.0458984375
0.703	2.0458984375
0.704	2.0458984375
0.705	2.0458984375
0.706	2.0458984375
0.707	2.05078125
0.708	2.05078125
0.709	2.0458984375
0.71	2.0458984375
0.711	2.041015625
0.712	2.05078125
0.712996	2.0458984375
0.714004	2.05078125
0.715	2.05078125
0.716004	2.05078125
0.717004	2.041015625
0.718004	2.0458984375
0.719004	2.0458984375
0.72	2.05078125
0.721	2.05078125
0.722	2.0458984375
0.723	2.05078125
0.724	2.05078125
0.725	2.05078125
0.726	2.0556640625
0.727	2.05078125
0.728	2.0458984375
0.729	2.05078125
0.73	2.05078125
0.731	2.05078125
0.732	2.05078125
0.733	2.05078125
0.734	2.05078125
0.735	2.05078125
0.736	2.05078125
0.737	2.05078125
0.738	2.0458984375
0.739	2.05078125
0.74	2.05078125
0.741	2.05078125
0.742	2.0458984375
0.743	2.05078125
0.744	2.05078125
0.745	2.0458984375
0.746	2.05078125
0.747	2.05078125
0.748	2.05078125
0.749	2.05078125
0.75	2.05078125
0.751	2.0458984375
0.752	2.05078125
0.753	2.0458984375
0.754	2.05078125
0.755	2.05078125
0.756004	2.05078125
0.757	2.05078125
0.758004	2.05078125
0.759004	2.0458984375
0.760004	2.05078125
0.761004	2.0458984375
0.762004	2.0458984375
0.763	2.05078125
0.764	2.05078125
0.765	2.05078125
0.766	2.0458984375
0.767	2.05078125
0.768	2.0458984375
0.769	2.05078125
0.77	2.05078125
0.771	2.0458984375
0.772	2.0458984375
0.773	2.05078125
0.774	2.05078125
0.775	2.05078125
0.776	2.05078125
0.777	2.0458984375
0.778	2.0458984375
0.779	2.0458984375
0.78	2.05078125
0.781	2.05078125
0.782	2.05078125
0.783	2.0458984375
0.784	2.041015625
0.785	2.0556640625
0.786	2.0458984375
0.787	2.05078125
0.788	2.0458984375
0.789	2.0458984375
0.79	2.0458984375
0.791	2.05078125
0.792	2.041015625
0.793	2.05078125
0.794	2.041015625
0.795	2.05078125
0.796	2.0458984375
0.797	2.041015625
0.797996	2.0458984375
0.799004	2.0458984375
0.8	2.05078125
0.801004	2.0458984375
0.802004	2.0458984375
0.803004	2.041015625
0.804004	2.05078125
0.805	2.0458984375
0.806	2.05078125
0.807	2.05078125
0.808	2.041015625
0.809	2.0458984375
0.81	2.0458984375
0.811	2.0458984375
0.812	2.0458984375
0.813	2.05078125
0.814	2.0458984375
0.815	2.05078125
0.816	2.05078125
0.817	2.0458984375
0.818	2.0458984375
0.819	2.041015625
0.82	2.05078125
0.821	2.05078125
0.822	2.041015625
0.823	2.0458984375
0.824	2.05078125
0.825	2.05078125
0.826	2.041015625
0.827	2.041015625
0.828	2.05078125
0.829	2.0458984375
0.83	2.041015625
0.831	2.041015625
0.832	2.0458984375
0.833	2.041015625
0.834	2.05078125
0.835	2.05078125
0.836	2.0458984375
0.837	2.0458984375
0.838	2.05078125
0.839	2.041015625
0.84	2.05078125
0.840996	2.05078125
0.842004	2.0458984375
0.843	2.041015625
0.844004	2.0361328125
0.845004	2.05078125
0.846004	2.0458984375
0.847004	2.041015625
0.848	2.041015625
0.849	2.05078125
0.85	2.05078125
0.851	2.041015625
0.852	2.0458984375
0.853	2.041015625
0.854	2.0458984375
0.855	2.041015625
0.856	2.05078125
0.857	2.05078125
0.858	2.041015625
0.859	2.0458984375
0.86	2.05078125
0.861	2.041015625
0.862	2.05078125
0.863	2.05078125
0.864	2.0458984375
0.865	2.05078125
0.866	2.0458984375
0.867	2.0458984375
0.868	2.05078125
0.869	2.05078125
0.87	2.05078125
0.871	2.05078125
0.872	2.041015625
0.873	2.05078125
0.874	2.0458984375
0.875	2.041015625
0.876	2.05078125
0.877	2.0458984375
0.878	2.05078125
0.879	2.05078125
0.88	2.05078125
0.881	2.05078125
0.882	2.05078125
0.883	2.041015625
0.884004	2.05078125
0.885	2.0458984375
0.886004	2.0458984375
0.887004	2.05078125
0.888004	2.0458984375
0.889004	2.0458984375
0.890004	2.0458984375
0.891	2.0458984375
0.892	2.041015625
0.893	2.0458984375
0.894	2.0458984375
0.895	2.0458984375
0.896	2.0458984375
0.897	2.0458984375
0.898	2.0458984375
0.899	2.0458984375
0.9	2.041015625
0.901	2.041015625
0.902	2.041015625
0.903	2.0458984375
0.904	2.0458984375
0.905	2.041015625
0.906	2.041015625
0.907	2.0458984375
0.908	2.041015625
0.909	2.0458984375
0.91	2.0458984375
0.911	2.0458984375
0.912	2.041015625
0.913	2.041015625
0.914	2.041015625
0.915	2.041015625
0.916	2.041015625
0.917	2.041015625
0.918	2.0458984375
0.919	2.0361328125
0.92	2.041015625
0.921	2.041015625
0.922	2.041015625
0.923	2.041015625
0.924	2.041015625
0.925	2.041015625
0.925996	2.0361328125
0.927004	2.041015625
0.928	2.0361328125
0.929004	2.0361328125
0.930004	2.041015625
0.931004	2.041015625
0.932004	2.041015625
0.933	2.0361328125
0.934	2.041015625
0.935	2.03125
0.936	2.0361328125
0.937	2.0361328125
0.938	2.041015625
0.939	2.0361328125
0.94	2.041015625
0.941	2.0361328125
0.942	2.0361328125
0.943	2.0361328125
0.944	2.0361328125
0.945	2.041015625
0.946	2.041015625
0.947	2.03125
0.948	2.0361328125
0.949	2.0361328125
0.95	2.03125
0.951	2.0458984375
0.952	2.03125
0.953	2.0361328125
0.954	2.0361328125
0.955	2.041015625
0.956	2.03125
0.957	2.03125
0.958	2.0361328125
0.959	2.0361328125
0.96	2.03125
0.961	2.0361328125
0.962	2.0361328125
0.963	2.041015625
0.964	2.0361328125
0.965	2.0361328125
0.966	2.0361328125
0.967	2.0361328125
0.968	2.0361328125
0.968996	2.03125
0.970004	2.03125
0.971	2.03125
0.972004	2.0361328125
0.973004	2.0361328125
0.974004	2.0361328125
0.975004	2.03125
0.976	2.03125
0.977	2.0361328125
0.978	2.0361328125
0.979	2.03125
0.98	2.0361328125
0.981	2.03125
0.982	2.0361328125
0.983	2.03125
0.984	2.0361328125
0.985	2.0361328125
0.986	2.03125
0.987	2.03125
0.988	2.0361328125
0.989	2.0361328125
0.99	2.0361328125
0.991	2.03125
0.992	2.0361328125
0.993	2.0361328125
0.994	2.0361328125
0.995	2.03125
0.996	2.0263671875
0.997	2.0361328125
0.998	2.03125
0.999	2.0361328125
1.0	2.03125
1.001	2.03125
1.002	2.0361328125
1.003	2.0361328125
1.004	2.0361328125
1.005	2.0361328125
1.006	2.0361328125
1.007	2.0361328125
1.008	2.03125
1.009	2.0361328125
1.01	2.0361328125
1.011	2.03125
1.012004	2.03125
1.013	2.0361328125
1.014004	2.0361328125
1.015004	2.0361328125
1.016004	2.0361328125
1.017004	2.03125
1.018004	2.03125
1.019	2.0361328125
1.02	2.03125
1.021	2.03125
1.022	2.0361328125
1.023	2.0361328125
1.024	2.03125
1.025	2.0361328125
1.026	2.0361328125
1.027	2.0361328125
1.028	2.0361328125
1.029	2.03125
1.03	2.03125
1.031	2.0361328125
1.032	2.0361328125
1.033	2.0263671875
1.034	2.03125
1.035	2.03125
1.036	2.0263671875
1.037	2.03125
1.038	2.0361328125
1.039	2.0361328125
1.04	2.041015625
1.041	2.03125
1.042	2.0263671875
1.043	2.03125
1.044	2.0361328125
1.045	2.03125
1.046	2.03125
1.047	2.0361328125
1.048	2.0361328125
1.049	2.03125
1.05	2.0263671875
1.051	2.03125
1.052	2.041015625
1.053	2.03125
1.053996	2.03125
1.055004	2.03125
1.056	2.0263671875
1.057004	2.03125
1.058004	2.03125
1.059004	2.0361328125
1.060004	2.0361328125
1.061	2.03125
1.062	2.0361328125
1.063	2.03125
1.064	2.0263671875
1.065	2.03125
1.066	2.03125
1.067	2.03125
1.068	2.0361328125
1.069	2.0263671875
1.07	2.03125
1.071	2.03125
1.072	2.03125
1.073	2.0361328125
1.074	2.0263671875
1.075	2.0263671875
1.076	2.03125
1.077	2.0263671875
1.078	2.0263671875
1.079	2.0263671875
1.08	2.03125
1.081	2.03125
1.082	2.03125
1.083	2.0361328125
1.084	2.03125
1.085	2.03125
1.086	2.03125
1.087	2.0263671875
1.088	2.0263671875
1.089	2.0263671875
1.09	2.0361328125
1.091	2.03125
1.092	2.03125
1.093	2.0263671875
1.094	2.0263671875
1.095	2.03125
1.096	2.0361328125
1.096996	2.0263671875
1.098004	2.03125
1.099	2.0263671875
1.100004	2.03125
1.101004	2.03125
1.102004	2.03125
1.103004	2.0263671875
1.104	2.0263671875
1.105	2.03125
1.106	2.03125
1.107	2.03125
1.108	2.0263671875
1.109	2.0263671875
1.11	2.0361328125
1.111	2.0263671875
1.112	2.03125
1.113	2.0263671875
1.114	2.03125
1.115	2.03125
1.116	2.0263671875
1.117	2.03125
1.118	2.0263671875
1.119	2.0263671875
1.12	2.03125
1.121	2.03125
1.122	2.021484375
1.123	2.0263671875
1.124	2.03125
1.125	2.03125
1.126	2.03125
1.127	2.0361328125
1.128	2.03125
1.129	2.03125
1.13	2.0361328125
1.131	2.03125
1.132	2.03125
1.133	2.03125
1.134	2.0361328125
1.135	2.0361328125
1.136	2.0361328125
1.137	2.0361328125
1.138	2.0361328125
1.139	2.0361328125
1.140004	2.041015625
1.141	2.041015625
1.142004	2.041015625
1.143004	2.041015625
1.144004	2.041015625
1.145004	2.0361328125
1.146004	2.03125
1.147	2.041015625
1.148	2.0361328125
1.149	2.041015625
1.15	2.041015625
1.151	2.0361328125
1.152	2.0361328125
1.153	2.041015625
1.154	2.041015625
1.155	2.0458984375
1.156	2.0458984375
1.157	2.041015625
1.158	2.041015625
1.159	2.0458984375
1.16	2.05078125
1.161	2.0556640625
1.162	2.0458984375
1.163	2.05078125
1.164	2.0556640625
1.165	2.0556640625
1.166	2.05078125
1.167	2.060546875
1.168	2.060546875
1.169	2.060546875
1.17	2.0654296875
1.171	2.060546875
1.172	2.0654296875
1.173	2.0654296875
1.174	2.0751953125
1.175	2.0751953125
1.176	2.0751953125
1.177	2.0947265625
1.178	2.08984375
1.179	2.1044921875
1.18	2.1044921875
1.181	2.109375
1.181996	2.12890625
1.183004	2.138671875
1.184	2.1484375
1.185004	2.16796875
1.186004	2.197265625
1.187004	2.2265625
1.188004	2.265625
1.189	2.2802734375
1.19	2.333984375
1.191	2.36328125
1.192	2.4169921875
1.193	2.470703125
1.194	2.5048828125
1.195	2.5537109375
1.196	2.626953125
1.197	2.6708984375
1.198	2.7294921875
1.199	2.783203125
1.2	2.8662109375
1.201	2.91015625
1.202	2.96875
1.203	3.0224609375
1.204	3.0810546875
1.205	3.134765625
1.206	3.18359375
1.207	3.232421875
1.208	3.2763671875
1.209	3.3154296875
1.21	3.349609375
1.211	3.3984375
1.212	3.4130859375
1.213	3.4521484375
1.214	3.4814453125
1.215	3.4912109375
1.216	3.5009765625
1.217	3.505859375
1.218	3.5205078125
1.219	3.515625
1.22	3.505859375
1.221	3.49609375
1.222	3.4814453125
1.223	3.4619140625
1.224	3.4326171875
1.224996	3.3984375
1.226004	3.3544921875
1.227	3.310546875
1.228004	3.2763671875
1.229004	3.2177734375
1.230004	3.1787109375
1.231004	3.134765625
1.232	3.076171875
1.233	3.0224609375
1.234	2.978515625
1.235	2.9345703125
1.236	2.8564453125
1.237	2.783203125
1.238	2.744140625
1.239	2.705078125
1.24	2.63671875
1.241	2.587890625
1.242	2.548828125
1.243	2.4853515625
1.244	2.44140625
1.245	2.4072265625
1.246	2.3583984375
1.247	2.32421875
1.248	2.3046875
1.249	2.2607421875
1.25	2.236328125
1.251	2.2119140625
1.252	2.20703125
1.253	2.1875
1.254	2.1826171875
1.255	2.1875
1.256	2.1826171875
1.257	2.197265625
1.258	2.2021484375
1.259	2.2119140625
1.26	2.236328125
1.261	2.275390625
1.262	2.28515625
1.263	2.32421875
1.264	2.36328125
1.265	2.3974609375
1.266	2.4169921875
1.267	2.4853515625
1.268004	2.5341796875
1.269	2.59765625
1.270004	2.6318359375
1.271004	2.67578125
1.272004	2.7294921875
1.273004	2.79296875
1.274004	2.8466796875
1.275	2.8857421875
1.276	2.9541015625
1.277	3.017578125
1.278	3.046875
1.279	3.115234375
1.28	3.1591796875
1.281	3.203125
1.282	3.2568359375
1.283	3.291015625
1.284	3.330078125
1.285	3.359375
1.286	3.3935546875
1.287	3.408203125
1.288	3.4423828125
1.289	3.4521484375
1.29	3.4716796875
1.291	3.4765625
1.292	3.4765625
1.293	3.4765625
1.294	3.4765625
1.295	3.466796875
1.296	3.4521484375
1.297	3.4375
1.298	3.4130859375
1.299	3.369140625
1.3	3.3251953125
1.301	3.291015625
1.302	3.2568359375
1.303	3.22265625
1.304	3.1640625
1.305	3.125
1.306	3.0908203125
1.307	3.0322265625
1.308	2.96875
1.309	2.9248046875
1.309996	2.8759765625
1.311004	2.7880859375
1.312	2.744140625
1.313004	2.7099609375
1.314004	2.6611328125
1.315004	2.6025390625
1.316004	2.55859375
1.317	2.5244140625
1.318	2.4560546875
1.319	2.4169921875
1.32	2.3974609375
1.321	2.3486328125
1.322	2.32421875
1.323	2.2998046875
1.324	2.2705078125
1.325	2.236328125
1.326	2.2314453125
1.327	2.2216796875
1.328	2.20703125
1.329	2.20703125
1.33	2.2119140625
1.331	2.2265625
1.332	2.2265625
1.333	2.2412109375
1.334	2.2705078125
1.335	2.28515625
1.336	2.314453125
1.337	2.34375
1.338	2.3681640625
1.339	2.412109375
1.34	2.4609375
1.341	2.5
1.342	2.548828125
1.343	2.587890625
1.344	2.6513671875
1.345	2.685546875
1.346	2.7294921875
1.347	2.7783203125
1.348	2.841796875
1.349	2.890625
1.35	2.939453125
1.351	2.9931640625
1.352	3.046875
1.352996	3.0908203125
1.354004	3.1396484375
1.355	3.193359375
1.356004	3.232421875
1.357004	3.2568359375
1.358004	3.30078125
1.359004	3.3349609375
1.36	3.359375
1.361	3.3837890625
1.362	3.408203125
1.363	3.427734375
1.364	3.447265625
1.365	3.4619140625
1.366	3.447265625
1.367	3.4619140625
1.368	3.4521484375
1.369	3.447265625
1.37	3.41796875
1.371	3.4130859375
1.372	3.37890625
1.373	3.349609375
1.374	3.30078125
1.375	3.28125
1.376	3.2470703125
1.377	3.1884765625
1.378	3.1591796875
1.379	3.1298828125
1.38	3.06640625
1.381	3.017578125
1.382	2.978515625
1.383	2.9150390625
1.384	2.8662109375
1.385	2.7978515625
1.386	2.75390625
1.387	2.734375
1.388	2.6953125
1.389	2.6220703125
1.39	2.587890625
1.391	2.548828125
1.392	2.4853515625
1.393	2.4462890625
1.394	2.412109375
1.395	2.373046875
1.396004	2.3388671875
1.397	2.32421875
1.398004	2.2998046875
1.399004	2.2802734375
1.400004	2.2705078125
1.401004	2.2509765625
1.402004	2.2509765625
1.403	2.236328125
1.404	2.24609375
1.405	2.24609375
1.406	2.255859375
1.407	2.275390625
1.408	2.2900390625
1.409	2.3095703125
1.41	2.34375
1.411	2.36328125
1.412	2.40234375
1.413	2.4365234375
1.414	2.470703125
1.415	2.5146484375
1.416	2.568359375
1.417	2.607421875
1.418	2.63671875
1.419	2.6708984375
1.42	2.71484375
1.421	2.7880859375
1.422	2.8271484375
1.423	2.8857421875
1.424	2.919921875
1.425	2.98828125
1.426	3.0419921875
1.427	3.0712890625
1.428	3.125
1.429	3.1689453125
1.43	3.2080078125
1.431	3.2470703125
1.432	3.271484375
1.433	3.2958984375
1.434	3.330078125
1.435	3.3642578125
1.436	3.388671875
1.437	3.4033203125
1.437996	3.4228515625
1.439004	3.427734375
1.44	3.4375
1.441004	3.4326171875
1.442004	3.4130859375
1.443004	3.4130859375
1.444004	3.3984375
1.445	3.3740234375
1.446	3.359375
1.447	3.3203125
1.448	3.2958984375
1.449	3.2568359375
1.45	3.22265625
1.451	3.193359375
1.452	3.14453125
1.453	3.10546875
1.454	3.0712890625
1.455	3.0126953125
1.456	2.96875
1.457	2.9345703125
1.458	2.87109375
1.459	2.8173828125
1.46	2.7685546875
1.461	2.744140625
1.462	2.705078125
1.463	2.6318359375
1.464	2.5927734375
1.465	2.55859375
1.466	2.4951171875
1.467	2.4609375
1.468	2.431640625
1.469	2.392578125
1.47	2.3583984375
1.471	2.34375
1.472	2.32421875
1.473	2.3046875
1.474	2.294921875
1.475	2.2802734375
1.476	2.275390625
1.477	2.2705078125
1.478	2.2607421875
1.479	2.275390625
1.48	2.2802734375
1.480996	2.294921875
1.482004	2.3095703125
1.483	2.3193359375
1.484004	2.353515625
1.485004	2.3828125
1.486004	2.412109375
1.487004	2.4462890625
1.488	2.4853515625
1.489	2.5146484375
1.49	2.55859375
1.491	2.6123046875
1.492	2.6416015625
1.493	2.685546875
1.494	2.724609375
1.495	2.7880859375
1.496	2.8369140625
1.497	2.8759765625
1.498	2.9345703125
1.499	2.98828125
1.5	3.0224609375
1.501	3.0517578125
1.502	3.115234375
1.503	3.14453125
1.504	3.18359375
1.505	3.232421875
1.506	3.2568359375
1.507	3.28125
1.508	3.310546875
1.509	3.3447265625
1.51	3.3544921875
1.511	3.3837890625
1.512	3.3935546875
1.513	3.3935546875
1.514	3.408203125
1.515	3.408203125
1.516	3.3984375
1.517	3.3935546875
1.518	3.37890625
1.519	3.359375
1.52	3.330078125
1.521	3.30078125
1.522	3.28125
1.523	3.2470703125
1.524004	3.2177734375
1.525	3.173828125
1.526004	3.14453125
1.527004	3.1005859375
1.528004	3.0517578125
1.529004	2.998046875
1.530004	2.96875
1.531	2.9296875
1.532	2.8759765625
1.533	2.802734375
1.534	2.763671875
1.535	2.7392578125
1.536	2.705078125
1.537	2.63671875
1.538	2.607421875
1.539	2.568359375
1.54	2.5146484375
1.541	2.4755859375
1.542	2.451171875
1.543	2.421875
1.544	2.3876953125
1.545	2.3681640625
1.546	2.3388671875
1.547	2.3388671875
1.548	2.314453125
1.549	2.28515625
1.55	2.294921875
1.551	2.2802734375
1.552	2.2900390625
1.553	2.294921875
1.554	2.3046875
1.555	2.314453125
1.556	2.333984375
1.557	2.34375
1.558	2.3779296875
1.559	2.40234375
1.56	2.421875
1.561	2.4560546875
1.562	2.4951171875
1.563	2.5244140625
1.564	2.568359375
1.565	2.6171875
1.565996	2.6513671875
1.567004	2.6904296875
1.568	2.724609375
1.569004	2.7734375
1.570004	2.8369140625
1.571004	2.8857421875
1.572004	2.919921875
1.573	2.9541015625
1.574	3.0126953125
1.575	3.0517578125
1.576	3.0859375
1.577	3.14453125
1.578	3.1787109375
1.579	3.2080078125
1.58	3.2373046875
1.581	3.2666015625
1.582	3.2861328125
1.583	3.3203125
1.584	3.33984375
1.585	3.3544921875
1.586	3.3642578125
1.587	3.3740234375
1.588	3.37890625
1.589	3.3837890625
1.59	3.3740234375
1.591	3.359375
1.592	3.359375
1.593	3.33984375
1.594	3.310546875
1.595	3.2861328125
1.596	3.2470703125
1.597	3.22265625
1.598	3.2080078125
1.599	3.1591796875
1.6	3.1298828125
1.601	3.10546875
1.602	3.056640625
1.603	3.0029296875
1.604	2.958984375
1.605	2.9296875
1.606	2.8857421875
1.607	2.8125
1.608	2.763671875
1.608996	2.75390625
1.610004	2.705078125
1.611	2.6416015625
1.612004	2.6123046875
1.613004	2.578125
1.614004	2.5390625
1.615004	2.4951171875
1.616	2.4658203125
1.617	2.4267578125
1.618	2.412109375
1.619	2.3828125
1.62	2.353515625
1.621	2.3388671875
1.622	2.3291015625
1.623	2.314453125
1.624	2.3095703125
1.625	2.3095703125
1.626	2.3095703125
1.627	2.3193359375
1.628	2.32421875
1.629	2.3291015625
1.63	2.34375
1.631	2.3583984375
1.632	2.3876953125
1.633	2.4072265625
1.634	2.4365234375
1.635	2.470703125
1.636	2.4951171875
1.637	2.5390625
1.638	2.5927734375
1.639	2.6171875
1.64	2.6513671875
1.641	2.6806640625
1.642	2.7294921875
1.643	2.79296875
1.644	2.8271484375
1.645	2.8662109375
1.646	2.919921875
1.647	2.96875
1.648	3.0029296875
1.649	3.037109375
1.65	3.095703125
1.651	3.1298828125
1.652004	3.1591796875
1.653	3.212890625
1.654004	3.22265625
1.655004	3.2421875
1.656004	3.28125
1.657004	3.30078125
1.658004	3.3056640625
1.659	3.330078125
1.66	3.3349609375
1.661	3.3544921875
1.662	3.3544921875
1.663	3.359375
1.664	3.3544921875
1.665	3.33984375
1.666	3.3251953125
1.667	3.310546875
1.668	3.30078125
1.669	3.271484375
1.67	3.2421875
1.671	3.2177734375
1.672	3.18359375
1.673	3.1640625
1.674	3.1201171875
1.675	3.0810546875
1.676	3.037109375
1.677	3.0029296875
1.678	2.96875
1.679	2.919921875
1.68	2.8662109375
1.681	2.822265625
1.682	2.7783203125
1.683	2.7392578125
1.684	2.7197265625
1.685	2.65625
1.686	2.6171875
1.687	2.59765625
1.688	2.5537109375
1.689	2.5146484375
1.69	2.4853515625
1.691	2.4462890625
1.692	2.4267578125
1.693	2.40234375
1.693996	2.373046875
1.695004	2.36328125
1.696	2.34375
1.697004	2.34375
1.698004	2.333984375
1.699004	2.32421875
1.700004	2.333984375
1.701	2.3291015625
1.702	2.3388671875
1.703	2.34375
1.704	2.3583984375
1.705	2.3779296875
1.706	2.3974609375
1.707	2.421875
1.708	2.4560546875
1.709	2.48046875
1.71	2.509765625
1.711	2.55859375
1.712	2.6025390625
1.713	2.626953125
1.714	2.6513671875
1.715	2.7099609375
1.716	2.7294921875
1.717	2.783203125
1.718	2.802734375
1.719	2.8759765625
1.72	2.9150390625
1.721	2.94921875
1.722	3.0029296875
1.723	3.046875
1.724	3.06640625
1.725	3.115234375
1.726	3.1591796875
1.727	3.1787109375
1.728	3.2080078125
1.729	3.2373046875
1.73	3.251953125
1.731	3.2763671875
1.732	3.2958984375
1.733	3.310546875
1.734	3.3203125
1.735	3.3349609375
1.736	3.33984375
1.736996	3.3447265625
1.738004	3.330078125
1.739	3.3251953125
1.740004	3.30078125
1.741004	3.2958984375
1.742004	3.271484375
1.743004	3.26171875
1.744	3.2373046875
1.745	3.203125
1.746	3.173828125
1.747	3.1494140625
1.748	3.1103515625
1.749	3.0810546875
1.75	3.046875
1.751	3.0029296875
1.752	2.958984375
1.753	2.9296875
1.754	2.8662109375
1.755	2.8271484375
1.756	2.7783203125
1.757	2.7490234375
1.758	2.7099609375
1.759	2.67578125
1.76	2.6318359375
1.761	2.6025390625
1.762	2.5537109375
1.763	2.529296875
1.764	2.490234375
1.765	2.451171875
1.766	2.4365234375
1.767	2.412109375
1.768	2.3974609375
1.769	2.3779296875
1.77	2.36328125
1.771	2.353515625
1.772	2.34375
1.773	2.34375
1.774	2.333984375
1.775	2.3388671875
1.776	2.34375
1.777	2.3583984375
1.778	2.373046875
1.779	2.4072265625
1.780004	2.421875
1.781	2.44140625
1.782004	2.4609375
1.783004	2.4951171875
1.784004	2.5341796875
1.785004	2.5634765625
1.786004	2.607421875
1.787	2.626953125
1.788	2.6611328125
1.789	2.705078125
1.79	2.734375
1.791	2.7880859375
1.792	2.8173828125
1.793	2.861328125
1.794	2.91015625
1.795	2.9541015625
1.796	2.9931640625
1.797	3.02734375
1.798	3.076171875
1.799	3.1005859375
1.8	3.1298828125
1.801	3.173828125
1.802	3.1982421875
1.803	3.22265625
1.804	3.2470703125
1.805	3.2568359375
1.806	3.2861328125
1.807	3.2958984375
1.808	3.3056640625
1.809	3.3154296875
1.81	3.3154296875
1.811	3.3154296875
1.812	3.310546875
1.813	3.3056640625
1.814	3.291015625
1.815	3.28125
1.816	3.26171875
1.817	3.2470703125
1.818	3.2177734375
1.819	3.1884765625
1.82	3.1689453125
1.821	3.1396484375
1.821996	3.10546875
1.823004	3.06640625
1.824	3.037109375
1.825004	3.0029296875
1.826004	2.9443359375
1.827004	2.9150390625
1.828004	2.8759765625
1.829	2.822265625
1.83	2.7880859375
1.831	2.7490234375
1.832	2.7099609375
1.833	2.67578125
1.834	2.6416015625
1.835	2.6025390625
1.836	2.578125
1.837	2.5390625
1.838	2.509765625
1.839	2.4755859375
1.84	2.4462890625
1.841	2.431640625
1.842	2.412109375
1.843	2.40234375
1.844	2.3876953125
1.845	2.3681640625
1.846	2.36328125
1.847	2.3583984375
1.848	2.3583984375
1.849	2.3583984375
1.85	2.36328125
1.851	2.3779296875
1.852	2.392578125
1.853	2.4169921875
1.854	2.421875
1.855	2.451171875
1.856	2.48046875
1.857	2.5
1.858	2.5439453125
1.859	2.568359375
1.86	2.6123046875
1.861	2.63671875
1.862	2.6806640625
1.863	2.7001953125
1.864	2.724609375
1.864996	2.7978515625
1.866004	2.8271484375
1.867	2.8662109375
1.868004	2.9150390625
1.869004	2.9443359375
1.870004	2.9833984375
1.871004	3.02734375
1.872	3.056640625
1.873	3.0859375
1.874	3.134765625
1.875	3.1591796875
1.876	3.1787109375
1.877	3.22265625
1.878	3.2373046875
1.879	3.251953125
1.88	3.2666015625
1.881	3.2763671875
1.882	3.28125
1.883	3.2958984375
1.884	3.2958984375
1.885	3.2958984375
1.886	3.291015625
1.887	3.291015625
1.888	3.2861328125
1.889	3.2666015625
1.89	3.2421875
1.891	3.232421875
1.892	3.2177734375
1.893	3.1787109375
1.894	3.1591796875
1.895	3.1396484375
1.896	3.095703125
1.897	3.06640625
1.898	3.0322265625
1.899	2.9833984375
1.9	2.9541015625
1.901	2.9150390625
1.902	2.8759765625
1.903	2.8173828125
1.904	2.783203125
1.905	2.7490234375
1.906	2.71484375
1.907	2.6806640625
1.908004	2.6416015625
1.909	2.6123046875
1.910004	2.578125
1.911004	2.5439453125
1.912004	2.5244140625
1.913004	2.4853515625
1.914004	2.4609375
1.915	2.4462890625
1.916	2.421875
1.917	2.4072265625
1.918	2.40234375
1.919	2.3828125
1.92	2.3681640625
1.921	2.3779296875
1.922	2.3681640625
1.923	2.3779296875
1.924	2.3876953125
1.925	2.40234375
1.926	2.412109375
1.927	2.421875
1.928	2.44140625
1.929	2.4609375
1.93	2.4951171875
1.931	2.5146484375
1.932	2.5439453125
1.933	2.5732421875
1.934	2.6123046875
1.935	2.646484375
1.936	2.666015625
1.937	2.71484375
1.938	2.744140625
1.939	2.79296875
1.94	2.822265625
1.941	2.8662109375
1.942	2.91015625
1.943	2.94921875
1.944	2.978515625
1.945	3.02734375
1.946	3.056640625
1.947	3.0859375
1.948	3.1298828125
1.949	3.154296875
1.949996	3.1787109375
1.951004	3.2080078125
1.952	3.2275390625
1.953004	3.2373046875
1.954004	3.251953125
1.955004	3.2666015625
1.956004	3.271484375
1.957	3.28125
1.958	3.2861328125
1.959	3.291015625
1.96	3.28125
1.961	3.28125
1.962	3.2666015625
1.963	3.251953125
1.964	3.2373046875
1.965	3.212890625
1.966	3.193359375
1.967	3.1787109375
1.968	3.1396484375
1.969	3.1201171875
1.97	3.0859375
1.971	3.056640625
1.972	3.017578125
1.973	2.98828125
1.974	2.9443359375
1.975	2.9150390625
1.976	2.8759765625
1.977	2.841796875
1.978	2.7880859375
1.979	2.744140625
1.98	2.724609375
1.981	2.6904296875
1.982	2.6611328125
1.983	2.6220703125
1.984	2.5830078125
1.985	2.5634765625
1.986	2.5244140625
1.987	2.4951171875
1.988	2.4755859375
1.989	2.44140625
1.99	2.4267578125
1.991	2.4169921875
1.992	2.412109375
1.992996	2.40234375
1.994004	2.392578125
1.995	2.392578125
1.996004	2.392578125
1.997004	2.3974609375
1.998004	2.40234375
1.999004	2.412109375
2.0	2.4267578125
2.001	2.4365234375
2.002	2.4462890625
2.003	2.4755859375
2.004	2.490234375
2.005	2.51953125
2.006	2.55859375
2.007	2.59765625
2.008	2.6123046875
2.009	2.6611328125
2.01	2.6806640625
2.011	2.7099609375
2.012	2.734375
2.013	2.783203125
2.014	2.83203125
2.015	2.8662109375
2.016	2.900390625
2.017	2.9345703125
2.018	2.98828125
2.019	3.0224609375
2.02	3.0419921875
2.021	3.0859375
2.022	3.1005859375
2.023	3.134765625
2.024	3.1689453125
2.025	3.1884765625
2.026	3.2080078125
2.027	3.2373046875
2.028	3.2470703125
2.029	3.2470703125
2.03	3.26171875
2.031	3.2763671875
2.032	3.28125
2.033	3.28125
2.034	3.271484375
2.035	3.2666015625
2.036004	3.251953125
2.037	3.2421875
2.038004	3.232421875
2.039004	3.2177734375
2.040004	3.1787109375
2.041004	3.1591796875
2.042004	3.1396484375
2.043	3.10546875
2.044	3.0859375
2.045	3.046875
2.046	3.017578125
2.047	2.978515625
2.048	2.9541015625
2.049	2.9052734375
2.05	2.87109375
2.051	2.83203125
2.052	2.783203125
2.053	2.744140625
2.054	2.724609375
2.055	2.7001953125
2.056	2.65625
2.057	2.6171875
2.058	2.59765625
2.059	2.5634765625
2.06	2.529296875
2.061	2.5048828125
2.062	2.4853515625
2.063	2.4560546875
2.064	2.4462890625
2.065	2.431640625
2.066	2.4169921875
2.067	2.4169921875
2.068	2.412109375
2.069	2.412109375
2.07	2.4072265625
2.071	2.412109375
2.072	2.4169921875
2.073	2.4267578125
2.074	2.4267578125
2.075	2.4462890625
2.076	2.4658203125
2.077	2.490234375
2.077996	2.509765625
2.079004	2.5341796875
2.08	2.5732421875
2.081004	2.6025390625
2.082004	2.6220703125
2.083004	2.646484375
2.084004	2.6904296875
2.085	2.71484375
2.086	2.7392578125
2.087	2.783203125
2.088	2.8173828125
2.089	2.87109375
2.09	2.900390625
2.091	2.9345703125
2.092	2.978515625
2.093	3.0126953125
2.094	3.037109375
2.095	3.076171875
2.096	3.10546875
2.097	3.125
2.098	3.1591796875
2.099	3.1787109375
2.1	3.203125
2.101	3.22265625
2.102	3.2275390625
2.103	3.2421875
2.104	3.251953125
2.105	3.26171875
2.106	3.2568359375
2.107	3.2568359375
2.108	3.2568359375
2.109	3.2568359375
2.11	3.2421875
2.111	3.232421875
2.112	3.212890625
2.113	3.193359375
2.114	3.1787109375
2.115	3.154296875
2.116	3.1298828125
2.117	3.1005859375
2.118	3.0712890625
2.119	3.0419921875
2.12	3.0078125
2.120996	2.9736328125
2.122004	2.9443359375
2.123	2.9052734375
2.124004	2.8662109375
2.125004	2.8369140625
2.126004	2.79296875
2.127004	2.7490234375
2.128	2.734375
2.129	2.7001953125
2.13	2.666015625
2.131	2.626953125
2.132	2.5927734375
2.133	2.5732421875
2.134	2.548828125
2.135	2.509765625
2.136	2.490234375
2.137	2.470703125
2.138	2.451171875
2.139	2.44140625
2.14	2.4267578125
2.141	2.4267578125
2.142	2.4169921875
2.143	2.421875
2.144	2.4169921875
2.145	2.4169921875
2.146	2.421875
2.147	2.431640625
2.148	2.451171875
2.149	2.4609375
2.15	2.4755859375
2.151	2.5048828125
2.152	2.51953125
2.153	2.5439453125
2.154	2.5732421875
2.155	2.6025390625
2.156	2.626953125
2.157	2.6611328125
2.158	2.685546875
2.159	2.7197265625
2.16	2.7490234375
2.161	2.79296875
2.162	2.8173828125
2.163	2.87109375
2.164004	2.9052734375
2.165	2.9296875
2.166004	2.978515625
2.167004	3.0126953125
2.168004	3.037109375
2.169004	3.076171875
2.170004	3.1005859375
2.171	3.1201171875
2.172	3.154296875
2.173	3.1689453125
2.174	3.1884765625
2.175	3.22265625
2.176	3.2275390625
2.177	3.2373046875
2.178	3.2470703125
2.179	3.2421875
2.18	3.251953125
2.181	3.2470703125
2.182	3.2470703125
2.183	3.2470703125
2.184	3.2275390625
2.185	3.22265625
2.186	3.203125
2.187	3.1787109375
2.188	3.1640625
2.189	3.1396484375
2.19	3.1201171875
2.191	3.0908203125
2.192	3.0615234375
2.193	3.037109375
2.194	2.998046875
2.195	2.978515625
2.196	2.9345703125
2.197	2.91015625
2.198	2.8662109375
2.199	2.841796875
2.2	2.7880859375
2.201	2.75390625
2.202	2.724609375
2.203	2.705078125
2.204	2.6611328125
2.205	2.6318359375
2.205996	2.6123046875
2.207004	2.5732421875
2.208	2.5537109375
2.209004	2.5390625
2.210004	2.4951171875
2.211004	2.48046875
2.212004	2.4658203125
2.213	2.44140625
2.214	2.4462890625
2.215	2.4365234375
2.216	2.421875
2.217	2.4267578125
2.218	2.421875
2.219	2.431640625
2.22	2.44140625
2.221	2.4462890625
2.222	2.451171875
2.223	2.4658203125
2.224	2.4853515625
2.225	2.5146484375
2.226	2.5341796875
2.227	2.55859375
2.228	2.5830078125
2.229	2.6123046875
2.23	2.6318359375
2.231	2.666015625
2.232	2.6904296875
2.233	2.724609375
2.234	2.7490234375
2.235	2.79296875
2.236	2.8369140625
2.237	2.8759765625
2.238	2.8955078125
2.239	2.9296875
2.24	2.96875
2.241	2.998046875
2.242	3.02734375
2.243	3.056640625
2.244	3.076171875
2.245	3.10546875
2.246	3.14453125
2.247	3.1640625
2.248	3.193359375
2.248996	3.1982421875
2.250004	3.2177734375
2.251	3.2275390625
2.252004	3.2373046875
2.253004	3.2373046875
2.254004	3.2421875
2.255004	3.2421875
2.256	3.2373046875
2.257	3.232421875
2.258	3.2177734375
2.259	3.2080078125
2.26	3.1884765625
2.261	3.1787109375
2.262	3.1494140625
2.263	3.1396484375
2.264	3.115234375
2.265	3.0859375
2.266	3.0517578125
2.267	3.0322265625
2.268	2.9931640625
2.269	2.9638671875
2.27	2.939453125
2.271	2.890625
2.272	2.8662109375
2.273	2.83203125
2.274	2.783203125
2.275	2.75390625
2.276	2.7197265625
2.277	2.705078125
2.278	2.6708984375
2.279	2.6318359375
2.28	2.607421875
2.281	2.587890625
2.282	2.5537109375
2.283	2.5390625
2.284	2.509765625
2.285	2.4951171875
2.286	2.470703125
2.287	2.4609375
2.288	2.451171875
2.289	2.44140625
2.29	2.431640625
2.291	2.44140625
2.292004	2.4462890625
2.293	2.44140625
2.294004	2.44140625
2.295004	2.451171875
2.296004	2.470703125
2.297004	2.48046875
2.298004	2.490234375
2.299	2.5146484375
2.3	2.5439453125
2.301	2.568359375
2.302	2.5830078125
2.303	2.6220703125
2.304	2.6318359375
2.305	2.666015625
2.306	2.6953125
2.307	2.7294921875
2.308	2.763671875
2.309	2.7978515625
2.31	2.8173828125
2.311	2.861328125
2.312	2.900390625
2.313	2.9345703125
2.314	2.9638671875
2.315	3.0029296875
2.316	3.0322265625
2.317	3.046875
2.318	3.0859375
2.319	3.1103515625
2.32	3.1396484375
2.321	3.1591796875
2.322	3.173828125
2.323	3.1884765625
2.324	3.1982421875
2.325	3.2177734375
2.326	3.22265625
2.327	3.232421875
2.328	3.2275390625
2.329	3.232421875
2.33	3.2275390625
2.331	3.212890625
2.332	3.2080078125
2.333	3.193359375
2.333996	3.18359375
2.335004	3.1640625
2.336	3.1396484375
2.337004	3.125
2.338004	3.1005859375
2.339004	3.0859375
2.340004	3.0419921875
2.341	3.017578125
2.342	2.998046875
2.343	2.9541015625
2.344	2.9248046875
2.345	2.900390625
2.346	2.87109375
2.347	2.8173828125
2.348	2.7685546875
2.349	2.75390625
2.35	2.734375
2.351	2.71484375
2.352	2.6708984375
2.353	2.63671875
2.354	2.6171875
2.355	2.587890625
2.356	2.568359375
2.357	2.5439453125
2.358	2.5244140625
2.359	2.5
2.36	2.48046875
2.361	2.4658203125
2.362	2.4609375
2.363	2.4462890625
2.364	2.4462890625
2.365	2.4462890625
2.366	2.451171875
2.367	2.451171875
2.368	2.451171875
2.369	2.4658203125
2.37	2.4755859375
2.371	2.490234375
2.372	2.5048828125
2.373	2.5341796875
2.374	2.5537109375
2.375	2.568359375
2.376	2.6025390625
2.376996	2.6220703125
2.378004	2.63671875
2.379	2.685546875
2.380004	2.705078125
2.381004	2.724609375
2.382004	2.75390625
2.383004	2.79296875
2.384	2.83203125
2.385	2.87109375
2.386	2.8955078125
2.387	2.939453125
2.388	2.9638671875
2.389	2.9931640625
2.39	3.02734375
2.391	3.0517578125
2.392	3.06640625
2.393	3.1103515625
2.394	3.1201171875
2.395	3.1396484375
2.396	3.1689453125
2.397	3.1787109375
2.398	3.1884765625
2.399	3.2080078125
2.4	3.212890625
2.401	3.2177734375
2.402	3.2177734375
2.403	3.2177734375
2.404	3.212890625
2.405	3.212890625
2.406	3.1982421875
2.407	3.1884765625
2.408	3.1689453125
2.409	3.1640625
2.41	3.1396484375
2.411	3.125
2.412	3.095703125
2.413	3.0712890625
2.414	3.0517578125
2.415	3.017578125
2.416	2.98828125
2.417	2.9541015625
2.418	2.9248046875
2.419	2.8857421875
2.420004	2.861328125
2.421	2.8271484375
2.422004	2.783203125
2.423004	2.7490234375
2.424004	2.7294921875
2.425004	2.7099609375
2.426004	2.6806640625
2.427	2.6513671875
2.428	2.6220703125
2.429	2.59765625
2.43	2.578125
2.431	2.5537109375
2.432	2.5341796875
2.433	2.5048828125
2.434	2.4853515625
2.435	2.48046875
2.436	2.4658203125
2.437	2.4658203125
2.438	2.4560546875
2.439	2.4609375
2.44	2.4560546875
2.441	2.4560546875
2.442	2.4609375
2.443	2.4755859375
2.444	2.4853515625
2.445	2.5
2.446	2.509765625
2.447	2.5341796875
2.448	2.5634765625
2.449	2.5830078125
2.45	2.607421875
2.451	2.6318359375
2.452	2.65625
2.453	2.6708984375
2.454	2.705078125
2.455	2.734375
2.456	2.7685546875
2.457	2.8076171875
2.458	2.83203125
2.459	2.8759765625
2.46	2.8955078125
2.461	2.9248046875
2.461996	2.9638671875
2.463004	2.9931640625
2.464	3.0224609375
2.465004	3.037109375
2.466004	3.0712890625
2.467004	3.0859375
2.468004	3.125
2.469	3.134765625
2.47	3.154296875
2.471	3.1787109375
2.472	3.18359375
2.473	3.1982421875
2.474	3.212890625
2.475	3.212890625
2.476	3.2080078125
2.477	3.203125
2.478	3.212890625
2.479	3.193359375
2.48	3.1787109375
2.481	3.173828125
2.482	3.1689453125
2.483	3.1494140625
2.484	3.1298828125
2.485	3.1103515625
2.486	3.095703125
2.487	3.056640625
2.488	3.037109375
2.489	3.0029296875
2.49	2.9833984375
2.491	2.9541015625
2.492	2.9248046875
2.493	2.900390625
2.494	2.8564453125
2.495	2.822265625
2.496	2.7978515625
2.497	2.7587890625
2.498	2.734375
2.499	2.705078125
2.5	2.6708984375
2.501	2.6611328125
2.502	2.626953125
2.503	2.6025390625
2.504	2.578125
2.504996	2.5537109375
2.506004	2.5390625
2.507	2.51953125
2.508004	2.4951171875
2.509004	2.490234375
2.510004	2.4853515625
2.511004	2.4755859375
2.512	2.4658203125
2.513	2.4609375
2.514	2.4609375
2.515	2.4755859375
2.516	2.470703125
2.517	2.4853515625
2.518	2.4951171875
2.519	2.509765625
2.52	2.529296875
2.521	2.548828125
2.522	2.568359375
2.523	2.5927734375
2.524	2.6220703125
2.525	2.63671875
2.526	2.67578125
2.527	2.6953125
2.528	2.71484375
2.529	2.7294921875
2.53	2.763671875
2.531	2.8125
2.532	2.841796875
2.533	2.87109375
2.534	2.8955078125
2.535	2.9248046875
2.536	2.9541015625
2.537	2.9833984375
2.538	3.017578125
2.539	3.046875
2.54	3.0615234375
2.541	3.0908203125
2.542	3.1103515625
2.543	3.1298828125
2.544	3.14453125
2.545	3.1591796875
2.546	3.1787109375
2.547	3.18359375
2.548004	3.1884765625
2.549	3.203125
2.550004	3.203125
2.551004	3.1982421875
2.552004	3.203125
2.553004	3.18359375
2.554004	3.1787109375
2.555	3.173828125
2.556	3.1591796875
2.557	3.134765625
2.558	3.125
2.559	3.1005859375
2.56	3.076171875
2.561	3.056640625
2.562	3.0322265625
2.563	2.998046875
2.564	2.96875
2.565	2.94921875
2.566	2.9150390625
2.567	2.880859375
2.568	2.861328125
2.569	2.8173828125
2.57	2.7783203125
2.571	2.75390625
2.572	2.734375
2.573	2.7197265625
2.574	2.6806640625
2.575	2.65625
2.576	2.6318359375
2.577	2.6123046875
2.578	2.587890625
2.579	2.5634765625
2.58	2.5439453125
2.581	2.5244140625
2.582	2.5146484375
2.583	2.490234375
2.584	2.490234375
2.585	2.4853515625
2.586	2.48046875
2.587	2.48046875
2.588	2.4755859375
2.589	2.48046875
2.589996	2.48046875
2.591004	2.490234375
2.592	2.5
2.593004	2.5146484375
2.594004	2.5341796875
2.595004	2.5537109375
2.596004	2.5732421875
2.597	2.59765625
2.598	2.6220703125
2.599	2.6318359375
2.6	2.6611328125
2.601	2.6953125
2.602	2.71484375
2.603	2.7392578125
2.604	2.7685546875
2.605	2.7978515625
2.606	2.8369140625
2.607	2.87109375
2.608	2.8857421875
2.609	2.9296875
2.61	2.9541015625
2.611	2.978515625
2.612	3.017578125
2.613	3.0419921875
2.614	3.056640625
2.615	3.0908203125
2.616	3.10546875
2.617	3.125
2.618	3.14453125
2.619	3.1591796875
2.62	3.1591796875
2.621	3.173828125
2.622	3.18359375
2.623	3.1884765625
2.624	3.1884765625
2.625	3.193359375
2.626	3.18359375
2.627	3.18359375
2.628	3.1640625
2.629	3.154296875
2.63	3.1494140625
2.631	3.1201171875
2.632	3.1103515625
2.632996	3.095703125
2.634004	3.0810546875
2.635	3.046875
2.636004	3.02734375
2.637004	3.0029296875
2.638004	2.9736328125
2.639004	2.9443359375
2.64	2.9052734375
2.641	2.880859375
2.642	2.861328125
2.643	2.8125
2.644	2.7880859375
2.645	2.7490234375
2.646	2.7294921875
2.647	2.7197265625
2.648	2.6806640625
2.649	2.6611328125
2.65	2.6318359375
2.651	2.6123046875
2.652	2.5830078125
2.653	2.5732421875
2.654	2.55859375
2.655	2.529296875
2.656	2.5244140625
2.657	2.5048828125
2.658	2.4951171875
2.659	2.4853515625
2.66	2.490234375
2.661	2.490234375
2.662	2.490234375
2.663	2.490234375
2.664	2.490234375
2.665	2.5
2.666	2.509765625
2.667	2.51953125
2.668	2.5439453125
2.669	2.5634765625
2.67	2.578125
2.671	2.607421875
2.672	2.6220703125
2.673	2.65625
2.674	2.666015625
2.675	2.7099609375
2.676004	2.724609375
2.677	2.7392578125
2.678004	2.7685546875
2.679004	2.8076171875
2.680004	2.8466796875
2.681004	2.87109375
2.682004	2.8955078125
2.683	2.9296875
2.684	2.958984375
2.685	2.9833984375
2.686	3.0126953125
2.687	3.037109375
2.688	3.056640625
2.689	3.0859375
2.69	3.1005859375
2.691	3.115234375
2.692	3.134765625
2.693	3.14453125
2.694	3.1640625
2.695	3.173828125
2.696	3.1787109375
2.697	3.173828125
2.698	3.173828125
2.699	3.1787109375
2.7	3.1787109375
2.701	3.1640625
2.702	3.1591796875
2.703	3.1494140625
2.704	3.14453125
2.705	3.125
2.706	3.1103515625
2.707	3.0908203125
2.708	3.0615234375
2.709	3.046875
2.71	3.02734375
2.711	2.98828125
2.712	2.96875
2.713	2.939453125
2.714	2.9052734375
2.715	2.8857421875
2.716	2.861328125
2.717	2.822265625
2.717996	2.7880859375
2.719004	2.75390625
2.72	2.734375
2.721004	2.7197265625
2.722004	2.6953125
2.723004	2.65625
2.724004	2.6318359375
2.725	2.6220703125
2.726	2.5927734375
2.727	2.578125
2.728	2.55859375
2.729	2.5439453125
2.73	2.5341796875
2.731	2.5146484375
2.732	2.509765625
2.733	2.5
2.734	2.490234375
2.735	2.4951171875
2.736	2.490234375
2.737	2.5
2.738	2.4951171875
2.739	2.5048828125
2.74	2.51953125
2.741	2.5341796875
2.742	2.5537109375
2.743	2.578125
2.744	2.587890625
2.745	2.6025390625
2.746	2.6318359375
2.747	2.6513671875
2.748	2.6708984375
2.749	2.7001953125
2.75	2.7197265625
2.751	2.7392578125
2.752	2.783203125
2.753	2.802734375
2.754	2.8369140625
2.755	2.8662109375
2.756	2.8955078125
2.757	2.919921875
2.758	2.958984375
2.759	2.9833984375
2.76	2.998046875
2.760996	3.037109375
2.762004	3.056640625
2.763	3.06640625
2.764004	3.0908203125
2.765004	3.115234375
2.766004	3.1298828125
2.767004	3.1396484375
2.768	3.1494140625
2.769	3.1591796875
2.77	3.1640625
2.771	3.1689453125
2.772	3.1689453125
2.773	3.173828125
2.774	3.1689453125
2.775	3.1640625
2.776	3.154296875
2.777	3.1494140625
2.778	3.1396484375
2.779	3.115234375
2.78	3.0908203125
2.781	3.076171875
2.782	3.056640625
2.783	3.0322265625
2.784	3.0224609375
2.785	2.9833984375
2.786	2.958984375
2.787	2.9443359375
2.788	2.9052734375
2.789	2.8759765625
2.79	2.8564453125
2.791	2.822265625
2.792	2.7978515625
2.793	2.75390625
2.794	2.734375
2.795	2.7197265625
2.796	2.6904296875
2.797	2.6611328125
2.798	2.63671875
2.799	2.626953125
2.8	2.6025390625
2.801	2.578125
2.802	2.568359375
2.803	2.5537109375
2.804004	2.5390625
2.805	2.5341796875
2.806004	2.5146484375
2.807004	2.509765625
2.808004	2.5
2.809004	2.5
2.810004	2.5048828125
2.811	2.5048828125
2.812	2.5048828125
2.813	2.51953125
2.814	2.529296875
2.815	2.5439453125
2.816	2.5634765625
2.817	2.5830078125
2.818	2.6025390625
2.819	2.6123046875
2.82	2.6318359375
2.821	2.6611328125
2.822	2.6806640625
2.823	2.6904296875
2.824	2.724609375
2.825	2.7392578125
2.826	2.783203125
2.827	2.7978515625
2.828	2.8369140625
2.829	2.87109375
2.83	2.8955078125
2.831	2.9150390625
2.832	2.958984375
2.833	2.978515625
2.834	2.998046875
2.835	3.0224609375
2.836	3.046875
2.837	3.0712890625
2.838	3.0908203125
2.839	3.10546875
2.84	3.1201171875
2.841	3.1396484375
2.842	3.14453125
2.843	3.1591796875
2.844	3.1591796875
2.845	3.1640625
2.845996	3.1640625
2.847004	3.1640625
2.848	3.154296875
2.849004	3.1591796875
2.850004	3.1494140625
2.851004	3.134765625
2.852004	3.1201171875
2.853	3.1103515625
2.854	3.095703125
2.855	3.0810546875
2.856	3.0419921875
2.857	3.02734375
2.858	3.0126953125
2.859	2.978515625
2.86	2.94921875
2.861	2.9296875
2.862	2.900390625
2.863	2.880859375
2.864	2.8515625
2.865	2.8271484375
2.866	2.7880859375
2.867	2.7587890625
2.868	2.7392578125
2.869	2.71484375
2.87	2.6953125
2.871	2.65625
2.872	2.646484375
2.873	2.626953125
2.874	2.59765625
2.875	2.587890625
2.876	2.5732421875
2.877	2.55859375
2.878	2.548828125
2.879	2.5439453125
2.88	2.5244140625
2.881	2.5146484375
2.882	2.5146484375
2.883	2.5146484375
2.884	2.5048828125
2.885	2.5146484375
2.886	2.5244140625
2.887	2.5341796875
2.888	2.5439453125
2.888996	2.5537109375
2.890004	2.568359375
2.891	2.587890625
2.892004	2.6025390625
2.893004	2.6220703125
2.894004	2.6318359375
2.895004	2.6611328125
2.896	2.6904296875
2.897	2.705078125
2.898	2.7197265625
2.899	2.75390625
2.9	2.79296875
2.901	2.822265625
2.902	2.8369140625
2.903	2.8759765625
2.904	2.8955078125
2.905	2.9248046875
2.906	2.9541015625
2.907	2.9833984375
2.908	3.0029296875
2.909	3.037109375
2.91	3.0517578125
2.911	3.06640625
2.912	3.0810546875
2.913	3.095703125
2.914	3.1103515625
2.915	3.1298828125
2.916	3.134765625
2.917	3.14453125
2.918	3.154296875
2.919	3.1591796875
2.92	3.154296875
2.921	3.154296875
2.922	3.154296875
2.923	3.134765625
2.924	3.134765625
2.925	3.1298828125
2.926	3.1201171875
2.927	3.1005859375
2.928	3.0859375
2.929	3.06640625
2.93	3.046875
2.931	3.02734375
2.932004	3.0078125
2.933	2.9736328125
2.934004	2.9541015625
2.935004	2.9296875
2.936004	2.9052734375
2.937004	2.8759765625
2.938004	2.841796875
2.939	2.8173828125
2.94	2.783203125
2.941	2.7490234375
2.942	2.734375
2.943	2.7197265625
2.944	2.6953125
2.945	2.67578125
2.946	2.6416015625
2.947	2.6220703125
2.948	2.607421875
2.949	2.5927734375
2.95	2.5732421875
2.951	2.568359375
2.952	2.5537109375
2.953	2.5439453125
2.954	2.5341796875
2.955	2.529296875
2.956	2.5244140625
2.957	2.5244140625
2.958	2.5244140625
2.959	2.529296875
2.96	2.529296875
2.961	2.5390625
2.962	2.5537109375
2.963	2.5634765625
2.964	2.578125
2.965	2.587890625
2.966	2.6171875
2.967	2.626953125
2.968	2.6416015625
2.969	2.6708984375
2.97	2.6953125
2.971	2.7099609375
2.972	2.7294921875
2.973	2.7490234375
2.973996	2.7978515625
2.975004	2.8173828125
2.976	2.8466796875
2.977004	2.87109375
2.978004	2.890625
2.979004	2.9248046875
2.980004	2.9443359375
2.981	2.978515625
2.982	2.9931640625
2.983	3.0224609375
2.984	3.046875
2.985	3.056640625
2.986	3.076171875
2.987	3.095703125
2.988	3.1103515625
2.989	3.1201171875
2.99	3.134765625
2.991	3.1396484375
2.992	3.134765625
2.993	3.14453125
2.994	3.1494140625
2.995	3.1396484375
2.996	3.14453125
2.997	3.1298828125
2.998	3.134765625
2.999	3.1201171875
3.0	3.1103515625
3.001	3.0859375
3.002	3.0712890625
3.003	3.0615234375
3.004	3.0419921875
3.005	3.0224609375
3.006	2.9931640625
3.007	2.9736328125
3.008	2.94921875
3.009	2.9248046875
3.01	2.8955078125
3.011	2.8857421875
3.012	2.8369140625
3.013	2.8173828125
3.014	2.783203125
3.015	2.763671875
3.016	2.744140625
3.016996	2.7197265625
3.018004	2.6953125
3.019	2.6806640625
3.020004	2.6513671875
3.021004	2.626953125
3.022004	2.6123046875
3.023004	2.5927734375
3.024	2.578125
3.025	2.55859375
3.026	2.55859375
3.027	2.548828125
3.028	2.5439453125
3.029	2.529296875
3.03	2.529296875
3.031	2.529296875
3.032	2.5341796875
3.033	2.5341796875
3.034	2.5390625
3.035	2.5537109375
3.036	2.5634765625
3.037	2.568359375
3.038	2.587890625
3.039	2.59765625
3.04	2.6123046875
3.041	2.6318359375
3.042	2.646484375
3.043	2.666015625
3.044	2.705078125
3.045	2.7197265625
3.046	2.7294921875
3.047	2.7587890625
3.048	2.7880859375
3.049	2.8271484375
3.05	2.8515625
3.051	2.8662109375
3.052	2.8955078125
3.053	2.9248046875
3.054	2.9443359375
3.055	2.9736328125
3.056	2.998046875
3.057	3.017578125
3.058	3.0419921875
3.059	3.0615234375
3.060004	3.0712890625
3.061	3.0908203125
3.062004	3.1005859375
3.063004	3.115234375
3.064004	3.1201171875
3.065004	3.134765625
3.066004	3.1396484375
3.067	3.134765625
3.068	3.134765625
3.069	3.1396484375
3.07	3.1396484375
3.071	3.134765625
3.072	3.125
3.073	3.1201171875
3.074	3.1005859375
3.075	3.0810546875
3.076	3.076171875
3.077	3.046875
3.078	3.0322265625
3.079	3.0126953125
3.08	2.9931640625
3.081	2.96875
3.082	2.94921875
3.083	2.9150390625
3.084	2.8955078125
3.085	2.8759765625
3.086	2.8515625
3.087	2.802734375
3.088	2.7880859375
3.089	2.7587890625
3.09	2.7294921875
3.091	2.71484375
3.092	2.6953125
3.093	2.67578125
3.094	2.6513671875
3.095	2.63671875
3.096	2.6171875
3.097	2.6025390625
3.098	2.5830078125
3.099	2.5732421875
3.1	2.568359375
3.101	2.5537109375
3.101996	2.548828125
3.103004	2.5390625
3.104	2.5390625
3.105004	2.5341796875
3.106004	2.5390625
3.107004	2.5439453125
3.108004	2.548828125
3.109	2.55859375
3.11	2.568359375
3.111	2.578125
3.112	2.59765625
3.113	2.607421875
3.114	2.6220703125
3.115	2.63671875
3.116	2.65625
3.117	2.685546875
3.118	2.6953125
3.119	2.7294921875
3.12	2.7392578125
3.121	2.75390625
3.122	2.79296875
3.123	2.822265625
3.124	2.861328125
3.125	2.8759765625
3.126	2.8955078125
3.127	2.9248046875
3.128	2.9443359375
3.129	2.9638671875
3.13	3.0029296875
3.131	3.0126953125
3.132	3.02734375
3.133	3.056640625
3.134	3.0712890625
3.135	3.0859375
3.136	3.1005859375
3.137	3.10546875
3.138	3.1201171875
3.139	3.125
3.14	3.1298828125
3.141	3.1396484375
3.142	3.1298828125
3.143	3.1298828125
3.144	3.1298828125
3.144996	3.125
3.146004	3.115234375
3.147	3.1005859375
3.148004	3.095703125
3.149004	3.0810546875
3.150004	3.06640625
3.151004	3.046875
3.152	3.0224609375
3.153	3.0029296875
3.154	2.9931640625
3.155	2.958984375
3.156	2.9443359375
3.157	2.9150390625
3.158	2.8857421875
3.159	2.861328125
3.16	2.841796875
3.161	2.822265625
3.162	2.7880859375
3.163	2.75390625
3.164	2.734375
3.165	2.7197265625
3.166	2.71484375
3.167	2.6806640625
3.168	2.6611328125
3.169	2.6416015625
3.17	2.6171875
3.171	2.6123046875
3.172	2.59765625
3.173	2.578125
3.174	2.568359375
3.175	2.5634765625
3.176	2.55859375
3.177	2.548828125
3.178	2.548828125
3.179	2.5439453125
3.18	2.548828125
3.181	2.55859375
3.182	2.5537109375
3.183	2.5634765625
3.184	2.578125
3.185	2.587890625
3.186	2.59765625
3.187	2.6171875
3.188004	2.6220703125
3.189	2.63671875
3.190004	2.666015625
3.191004	2.67578125
3.192004	2.6953125
3.193004	2.71484375
3.194004	2.7392578125
3.195	2.7685546875
3.196	2.7978515625
3.197	2.8173828125
3.198	2.8564453125
3.199	2.87109375
3.2	2.890625
3.201	2.919921875
3.202	2.939453125
3.203	2.96875
3.204	3.0029296875
3.205	3.017578125
3.206	3.0322265625
3.207	3.0517578125
3.208	3.06640625
3.209	3.06640625
3.21	3.0908203125
3.211	3.10546875
3.212	3.1201171875
3.213	3.1103515625
3.214	3.125
3.215	3.125
3.216	3.125
3.217	3.1298828125
3.218	3.1201171875
3.219	3.1201171875
3.22	3.1103515625
3.221	3.1005859375
3.222	3.095703125
3.223	3.0615234375
3.224	3.0517578125
3.225	3.0419921875
3.226	3.017578125
3.227	3.0029296875
3.228	2.98828125
3.229	2.958984375
3.229996	2.9345703125
3.231004	2.91015625
3.232	2.890625
3.233004	2.8662109375
3.234004	2.8466796875
3.235004	2.8125
3.236004	2.7978515625
3.237	2.7587890625
3.238	2.744140625
3.239	2.724609375
3.24	2.7001953125
3.241	2.6806640625
3.242	2.666015625
3.243	2.6416015625
3.244	2.6220703125
3.245	2.6171875
3.246	2.59765625
3.247	2.5830078125
3.248	2.5732421875
3.249	2.5634765625
3.25	2.55859375
3.251	2.55859375
3.252	2.55859375
3.253	2.548828125
3.254	2.548828125
3.255	2.5634765625
3.256	2.568359375
3.257	2.5732421875
3.258	2.5830078125
3.259	2.59765625
3.26	2.59765625
3.261	2.6171875
3.262	2.6318359375
3.263	2.6416015625
3.264	2.65625
3.265	2.685546875
3.266	2.71484375
3.267	2.724609375
3.268	2.7294921875
3.269	2.7587890625
3.27	2.7978515625
3.271	2.8271484375
3.272	2.8564453125
3.272996	2.8759765625
3.274004	2.9052734375
3.275	2.9248046875
3.276004	2.939453125
3.277004	2.9736328125
3.278004	2.98828125
3.279004	3.0126953125
3.28	3.0322265625
3.281	3.046875
3.282	3.056640625
3.283	3.076171875
3.284	3.0908203125
3.285	3.1005859375
3.286	3.095703125
3.287	3.10546875
3.288	3.115234375
3.289	3.1201171875
3.29	3.1201171875
3.291	3.1201171875
3.292	3.115234375
3.293	3.10546875
3.294	3.10546875
3.295	3.095703125
3.296	3.076171875
3.297	3.0712890625
3.298	3.0615234375
3.299	3.0419921875
3.3	3.0126953125
3.301	3.0029296875
3.302	2.9833984375
3.303	2.9541015625
3.304	2.939453125
3.305	2.900390625
3.306	2.880859375
3.307	2.8662109375
3.308	2.841796875
3.309	2.79296875
3.31	2.7880859375
3.311	2.763671875
3.312	2.7392578125
3.313	2.7197265625
3.314	2.6953125
3.315	2.6806640625
3.316004	2.666015625
3.317	2.63671875
3.318004	2.626953125
3.319004	2.6220703125
3.320004	2.6025390625
3.321004	2.59765625
3.322004	2.587890625
3.323	2.5732421875
3.324	2.5634765625
3.325	2.55859375
3.326	2.55859375
3.327	2.5634765625
3.328	2.55859375
3.329	2.55859375
3.33	2.5634765625
3.331	2.5830078125
3.332	2.5830078125
3.333	2.5927734375
3.334	2.6171875
3.335	2.6220703125
3.336	2.6318359375
3.337	2.6611328125
3.338	2.685546875
3.339	2.6953125
3.34	2.7099609375
3.341	2.7294921875
3.342	2.744140625
3.343	2.7734375
3.344	2.802734375
3.345	2.8271484375
3.346	2.861328125
3.347	2.87109375
3.348	2.8857421875
3.349	2.9248046875
3.35	2.94921875
3.351	2.96875
3.352	2.98828125
3.353	3.0078125
3.354	3.02734375
3.355	3.0419921875
3.356	3.0517578125
3.357	3.06640625
3.357996	3.076171875
3.359004	3.095703125
3.36	3.1005859375
3.361004	3.1103515625
3.362004	3.115234375
3.363004	3.115234375
3.364004	3.1103515625
3.365	3.1103515625
3.366	3.1103515625
3.367	3.10546875
3.368	3.095703125
3.369	3.0908203125
3.37	3.0810546875
3.371	3.0615234375
3.372	3.0517578125
3.373	3.0322265625
3.374	3.0126953125
3.375	2.9931640625
3.376	2.9736328125
3.377	2.94921875
3.378	2.9296875
3.379	2.91015625
3.38	2.8857421875
3.381	2.8662109375
3.382	2.8466796875
3.383	2.8173828125
3.384	2.783203125
3.385	2.75390625
3.386	2.734375
3.387	2.7294921875
3.388	2.705078125
3.389	2.6904296875
3.39	2.6611328125
3.391	2.646484375
3.392	2.6318359375
3.393	2.6220703125
3.394	2.607421875
3.395	2.59765625
3.396	2.587890625
3.397	2.5732421875
3.398	2.568359375
3.399	2.568359375
3.4	2.568359375
3.400996	2.568359375
3.402004	2.5634765625
3.403	2.568359375
3.404004	2.578125
3.405004	2.587890625
3.406004	2.5927734375
3.407004	2.607421875
3.408	2.6171875
3.409	2.6318359375
3.41	2.6416015625
3.411	2.666015625
3.412	2.6806640625
3.413	2.685546875
3.414	2.71484375
3.415	2.7197265625
3.416	2.7490234375
3.417	2.783203125
3.418	2.7978515625
3.419	2.8271484375
3.42	2.861328125
3.421	2.8759765625
3.422	2.8955078125
3.423	2.9150390625
3.424	2.9443359375
3.425	2.958984375
3.426	2.98828125
3.427	3.0078125
3.428	3.0224609375
3.429	3.0419921875
3.43	3.0419921875
3.431	3.06640625
3.432	3.076171875
3.433	3.0859375
3.434	3.095703125
3.435	3.1005859375
3.436	3.10546875
3.437	3.10546875
3.438	3.1005859375
3.439	3.1005859375
3.44	3.10546875
3.441	3.1005859375
3.442	3.095703125
3.443	3.0810546875
3.444004	3.076171875
3.445	3.0615234375
3.446004	3.0419921875
3.447004	3.0224609375
3.448004	3.0078125
3.449004	2.9931640625
3.450004	2.96875
3.451	2.9541015625
3.452	2.9296875
3.453	2.91015625
3.454	2.8857421875
3.455	2.8564453125
3.456	2.83203125
3.457	2.8076171875
3.458	2.7880859375
3.459	2.75390625
3.46	2.7294921875
3.461	2.724609375
3.462	2.71484375
3.463	2.6806640625
3.464	2.6611328125
3.465	2.65625
3.466	2.626953125
3.467	2.6171875
3.468	2.6123046875
3.469	2.59765625
3.47	2.5927734375
3.471	2.578125
3.472	2.578125
3.473	2.5732421875
3.474	2.5634765625
3.475	2.568359375
3.476	2.5732421875
3.477	2.578125
3.478	2.587890625
3.479	2.587890625
3.48	2.6025390625
3.481	2.6123046875
3.482	2.6171875
3.483	2.6318359375
3.484	2.6416015625
3.485	2.6513671875
3.485996	2.6953125
3.487004	2.705078125
3.488	2.7197265625
3.489004	2.724609375
3.490004	2.75390625
3.491004	2.79296875
3.492004	2.8173828125
3.493	2.83203125
3.494	2.8564453125
3.495	2.880859375
3.496	2.900390625
3.497	2.9150390625
3.498	2.94921875
3.499	2.9638671875
3.5	2.9833984375
3.501	3.0078125
3.502	3.0224609375
3.503	3.037109375
3.504	3.0419921875
3.505	3.0615234375
3.506	3.076171875
3.507	3.0859375
3.508	3.0859375
3.509	3.095703125
3.51	3.095703125
3.511	3.0908203125
3.512	3.1005859375
3.513	3.1005859375
3.514	3.0908203125
3.515	3.0908203125
3.516	3.0908203125
3.517	3.076171875
3.518	3.0615234375
3.519	3.046875
3.52	3.037109375
3.521	3.017578125
3.522	3.0078125
3.523	2.9931640625
3.524	2.9638671875
3.525	2.939453125
3.526	2.919921875
3.527	2.8955078125
3.528	2.880859375
3.528996	2.8515625
3.530004	2.8369140625
3.531	2.8076171875
3.532004	2.7880859375
3.533004	2.7587890625
3.534004	2.7392578125
3.535004	2.7197265625
3.536	2.71484375
3.537	2.685546875
3.538	2.67578125
3.539	2.65625
3.54	2.63671875
3.541	2.6220703125
3.542	2.6171875
3.543	2.6025390625
3.544	2.5927734375
3.545	2.587890625
3.546	2.5830078125
3.547	2.578125
3.548	2.578125
3.549	2.5732421875
3.55	2.578125
3.551	2.5830078125
3.552	2.5927734375
3.553	2.6025390625
3.554	2.6123046875
3.555	2.6123046875
3.556	2.626953125
3.557	2.646484375
3.558	2.65625
3.559	2.666015625
3.56	2.6708984375
3.561	2.71484375
3.562	2.7197265625
3.563	2.734375
3.564	2.7490234375
3.565	2.7880859375
3.566	2.8173828125
3.567	2.8271484375
3.568	2.861328125
3.569	2.8759765625
3.57	2.890625
3.571	2.9150390625
3.572004	2.939453125
3.573	2.958984375
3.574004	2.9833984375
3.575004	3.0029296875
3.576004	3.017578125
3.577004	3.037109375
3.578004	3.046875
3.579	3.0517578125
3.58	3.06640625
3.581	3.0810546875
3.582	3.0859375
3.583	3.0908203125
3.584	3.1005859375
3.585	3.1005859375
3.586	3.1005859375
3.587	3.095703125
3.588	3.0908203125
3.589	3.0908203125
3.59	3.0810546875
3.591	3.06640625
3.592	3.056640625
3.593	3.037109375
3.594	3.0224609375
3.595	3.017578125
3.596	3.0029296875
3.597	2.978515625
3.598	2.958984375
3.599	2.939453125
3.6	2.9150390625
3.601	2.8955078125
3.602	2.8759765625
3.603	2.861328125
3.604	2.8369140625
3.605	2.8076171875
3.606	2.783203125
3.607	2.75390625
3.608	2.7392578125
3.609	2.71484375
3.61	2.71484375
3.611	2.705078125
3.612	2.67578125
3.613	2.6513671875
3.613996	2.6513671875
3.615004	2.626953125
3.616	2.626953125
3.617004	2.6025390625
3.618004	2.6025390625
3.619004	2.5927734375
3.620004	2.5830078125
3.621	2.5830078125
3.622	2.578125
3.623	2.578125
3.624	2.587890625
3.625	2.5927734375
3.626	2.5927734375
3.627	2.6025390625
3.628	2.607421875
3.629	2.6220703125
3.63	2.6220703125
3.631	2.646484375
3.632	2.65625
3.633	2.666015625
3.634	2.6806640625
3.635	2.7099609375
3.636	2.7197265625
3.637	2.7392578125
3.638	2.75390625
3.639	2.79296875
3.64	2.822265625
3.641	2.8369140625
3.642	2.8564453125
3.643	2.880859375
3.644	2.900390625
3.645	2.9150390625
3.646	2.9443359375
3.647	2.9638671875
3.648	2.978515625
3.649	3.0029296875
3.65	3.017578125
3.651	3.02734375
3.652	3.046875
3.653	3.056640625
3.654	3.06640625
3.655	3.076171875
3.656	3.0810546875
3.656996	3.0859375
3.658004	3.095703125
3.659	3.0908203125
3.660004	3.0859375
3.661004	3.095703125
3.662004	3.0908203125
3.663004	3.076171875
3.664	3.0810546875
3.665	3.0615234375
3.666	3.046875
3.667	3.037109375
3.668	3.0322265625
3.669	3.0078125
3.67	2.9931640625
3.671	2.978515625
3.672	2.958984375
3.673	2.9345703125
3.674	2.91015625
3.675	2.880859375
3.676	2.8759765625
3.677	2.8515625
3.678	2.83203125
3.679	2.8076171875
3.68	2.7880859375
3.681	2.7685546875
3.682	2.7392578125
3.683	2.724609375
3.684	2.71484375
3.685	2.705078125
3.686	2.6806640625
3.687	2.65625
3.688	2.646484375
3.689	2.626953125
3.69	2.6220703125
3.691	2.6171875
3.692	2.59765625
3.693	2.5927734375
3.694	2.587890625
3.695	2.587890625
3.696	2.587890625
3.697	2.587890625
3.698	2.5927734375
3.699	2.5927734375
3.700004	2.59765625
3.701	2.607421875
3.702004	2.6123046875
3.703004	2.6220703125
3.704004	2.6318359375
3.705004	2.6513671875
3.706004	2.6611328125
3.707	2.685546875
3.708	2.7001953125
3.709	2.7197265625
3.71	2.7294921875
3.711	2.7490234375
3.712	2.763671875
3.713	2.7880859375
3.714	2.822265625
3.715	2.841796875
3.716	2.8564453125
3.717	2.8759765625
3.718	2.9052734375
3.719	2.9248046875
3.72	2.9345703125
3.721	2.9541015625
3.722	2.9736328125
3.723	2.998046875
3.724	3.017578125
3.725	3.017578125
3.726	3.0419921875
3.727	3.046875
3.728	3.0615234375
3.729	3.0712890625
3.73	3.0712890625
3.731	3.076171875
3.732	3.0810546875
3.733	3.0810546875
3.734	3.0810546875
3.735	3.0859375
3.736	3.0859375
3.737	3.0810546875
3.738	3.0615234375
3.739	3.0517578125
3.74	3.0419921875
3.741	3.037109375
3.741996	3.02734375
3.743004	2.998046875
3.744	2.9833984375
3.745004	2.96875
3.746004	2.9541015625
3.747004	2.9296875
3.748004	2.9150390625
3.749	2.8857421875
3.75	2.8759765625
3.751	2.8564453125
3.752	2.822265625
3.753	2.7978515625
3.754	2.7880859375
3.755	2.7685546875
3.756	2.744140625
3.757	2.7294921875
3.758	2.71484375
3.759	2.6953125
3.76	2.6806640625
3.761	2.65625
3.762	2.6513671875
3.763	2.63671875
3.764	2.626953125
3.765	2.6123046875
3.766	2.607421875
3.767	2.6025390625
3.768	2.59765625
3.769	2.5927734375
3.77	2.5927734375
3.771	2.587890625
3.772	2.59765625
3.773	2.6025390625
3.774	2.607421875
3.775	2.6171875
3.776	2.6220703125
3.777	2.626953125
3.778	2.63671875
3.779	2.65625
3.78	2.6611328125
3.781	2.67578125
3.782	2.6953125
3.783	2.7099609375
3.784	2.734375
3.784996	2.7490234375
3.786004	2.7734375
3.787	2.79296875
3.788004	2.822265625
3.789004	2.83203125
3.790004	2.861328125
3.791004	2.880859375
3.792	2.8955078125
3.793	2.9248046875
3.794	2.9345703125
3.795	2.9541015625
3.796	2.9736328125
3.797	3.0029296875
3.798	3.0078125
3.799	3.02734375
3.8	3.0419921875
3.801	3.046875
3.802	3.0517578125
3.803	3.0615234375
3.804	3.06640625
3.805	3.076171875
3.806	3.0810546875
3.807	3.0810546875
3.808	3.0810546875
3.809	3.076171875
3.81	3.0810546875
3.811	3.0712890625
3.812	3.0517578125
3.813	3.0517578125
3.814	3.0419921875
3.815	3.0224609375
3.816	3.017578125
3.817	2.998046875
3.818	2.9833984375
3.819	2.9638671875
3.82	2.9541015625
3.821	2.9296875
3.822	2.9150390625
3.823	2.8955078125
3.824	2.8759765625
3.825	2.8564453125
3.826	2.8271484375
3.827	2.79296875
3.828004	2.783203125
3.829	2.7490234375
3.830004	2.744140625
3.831004	2.7294921875
3.832004	2.71484375
3.833004	2.7001953125
3.834004	2.6806640625
3.835	2.6708984375
3.836	2.6513671875
3.837	2.6416015625
3.838	2.6220703125
3.839	2.6220703125
3.84	2.6123046875
3.841	2.607421875
3.842	2.6025390625
3.843	2.59765625
3.844	2.6025390625
3.845	2.6025390625
3.846	2.59765625
3.847	2.6025390625
3.848	2.6171875
3.849	2.6171875
3.85	2.6171875
3.851	2.63671875
3.852	2.646484375
3.853	2.65625
3.854	2.6611328125
3.855	2.6904296875
3.856	2.705078125
3.857	2.7197265625
3.858	2.724609375
3.859	2.7392578125
3.86	2.783203125
3.861	2.7978515625
3.862	2.822265625
3.863	2.841796875
3.864	2.8662109375
3.865	2.8759765625
3.866	2.8955078125
3.867	2.9248046875
3.868	2.9296875
3.869	2.958984375
3.869996	2.978515625
3.871004	2.9931640625
3.872	3.0078125
3.873004	3.017578125
3.874004	3.0322265625
3.875004	3.037109375
3.876004	3.0517578125
3.877	3.056640625
3.878	3.06640625
3.879	3.0712890625
3.88	3.0712890625
3.881	3.076171875
3.882	3.076171875
3.883	3.076171875
3.884	3.0810546875
3.885	3.0712890625
3.886	3.0517578125
3.887	3.046875
3.888	3.0322265625
3.889	3.02734375
3.89	3.0078125
3.891	2.998046875
3.892	2.9736328125
3.893	2.9638671875
3.894	2.9541015625
3.895	2.9248046875
3.896	2.9052734375
3.897	2.890625
3.898	2.8662109375
3.899	2.8466796875
3.9	2.822265625
3.901	2.7978515625
3.902	2.783203125
3.903	2.763671875
3.904	2.744140625
3.905	2.734375
3.906	2.71484375
3.907	2.705078125
3.908	2.6904296875
3.909	2.6708984375
3.91	2.65625
3.911	2.646484375
3.912	2.6318359375
3.912996	2.6220703125
3.914004	2.6171875
3.915	2.607421875
3.916004	2.607421875
3.917004	2.6025390625
3.918004	2.6123046875
3.919004	2.607421875
3.92	2.6025390625
3.921	2.6123046875
3.922	2.6171875
3.923	2.626953125
3.924	2.6318359375
3.925	2.63671875
3.926	2.6513671875
3.927	2.6611328125
3.928	2.666015625
3.929	2.6953125
3.93	2.705078125
3.931	2.724609375
3.932	2.734375
3.933	2.75390625
3.934	2.7783203125
3.935	2.802734375
3.936	2.8173828125
3.937	2.8369140625
3.938	2.861328125
3.939	2.8759765625
3.94	2.890625
3.941	2.9248046875
3.942	2.9345703125
3.943	2.9541015625
3.944	2.9736328125
3.945	2.98828125
3.946	3.0078125
3.947	3.017578125
3.948	3.0322265625
3.949	3.0419921875
3.95	3.046875
3.951	3.0517578125
3.952	3.0615234375
3.953	3.06640625
3.954	3.0712890625
3.955	3.0712890625
3.956004	3.0810546875
3.957	3.0615234375
3.958004	3.06640625
3.959004	3.056640625
3.960004	3.0419921875
3.961004	3.0419921875
3.962004	3.02734375
3.963	3.0126953125
3.964	3.0078125
3.965	2.9931640625
3.966	2.9736328125
3.967	2.9541015625
3.968	2.9443359375
3.969	2.9248046875
3.97	2.91015625
3.971	2.8857421875
3.972	2.8662109375
3.973	2.8369140625
3.974	2.822265625
3.975	2.802734375
3.976	2.7783203125
3.977	2.75390625
3.978	2.7392578125
3.979	2.734375
3.98	2.7197265625
3.981	2.705078125
3.982	2.6806640625
3.983	2.6708984375
3.984	2.6513671875
3.985	2.646484375
3.986	2.6318359375
3.987	2.626953125
3.988	2.6220703125
3.989	2.6123046875
3.99	2.607421875
3.991	2.6123046875
3.992	2.6123046875
3.993	2.6123046875
3.994	2.6123046875
3.995	2.6171875
3.996	2.6220703125
3.997	2.6220703125
3.997996	2.6318359375
3.999004	2.6416015625
4.0	2.65625
4.001004	2.666015625
4.002004	2.67578125
4.003004	2.6904296875
4.004004	2.71484375
4.005	2.71484375
4.006	2.7392578125
4.007	2.7587890625
4.008	2.7734375
4.009	2.7978515625
4.01	2.8271484375
4.011	2.8466796875
4.012	2.861328125
4.013	2.880859375
4.014	2.900390625
4.015	2.919921875
4.016	2.9296875
4.017	2.94921875
4.018	2.96875
4.019	2.98828125
4.02	2.998046875
4.021	3.0126953125
4.022	3.02734375
4.023	3.0419921875
4.024	3.037109375
4.025	3.0517578125
4.026	3.0615234375
4.027	3.06640625
4.028	3.0615234375
4.029	3.0712890625
4.03	3.06640625
4.031	3.06640625
4.032	3.0517578125
4.033	3.0517578125
4.034	3.0419921875
4.035	3.0322265625
4.036	3.0224609375
4.037	3.017578125
4.038	3.0029296875
4.039	2.978515625
4.04	2.9736328125
4.040996	2.958984375
4.042004	2.9345703125
4.043	2.9248046875
4.044004	2.8955078125
4.045004	2.8857421875
4.046004	2.8662109375
4.047004	2.8466796875
4.048	2.8125
4.049	2.802734375
4.05	2.783203125
4.051	2.7587890625
4.052	2.7392578125
4.053	2.734375
4.054	2.7197265625
4.055	2.705078125
4.056	2.6904296875
4.057	2.6806640625
4.058	2.65625
4.059	2.646484375
4.06	2.63671875
4.061	2.6318359375
4.062	2.6220703125
4.063	2.6220703125
4.064	2.6220703125
4.065	2.6123046875
4.066	2.6171875
4.067	2.6123046875
4.068	2.6220703125
4.069	2.6220703125
4.07	2.626953125
4.071	2.626953125
4.072	2.63671875
4.073	2.646484375
4.074	2.65625
4.075	2.666015625
4.076	2.6806640625
4.077	2.7001953125
4.078	2.71484375
4.079	2.724609375
4.08	2.744140625
4.081	2.763671875
4.082	2.7880859375
4.083	2.8125
4.084004	2.8173828125
4.085	2.841796875
4.086004	2.87109375
4.087004	2.880859375
4.088004	2.8955078125
4.089004	2.919921875
4.090004	2.9345703125
4.091	2.9443359375
4.092	2.96875
4.093	2.9833984375
4.094	3.0029296875
4.095	3.017578125
4.096	3.017578125
4.097	3.0419921875
4.098	3.0419921875
4.099	3.046875
4.1	3.0615234375
4.101	3.0517578125
4.102	3.0615234375
4.103	3.056640625
4.104	3.0615234375
4.105	3.0517578125
4.106	3.056640625
4.107	3.046875
4.108	3.037109375
4.109	3.02734375
4.11	3.0224609375
4.111	3.0078125
4.112	3.0029296875
4.113	2.9833984375
4.114	2.96875
4.115	2.9541015625
4.116	2.9345703125
4.117	2.919921875
4.118	2.9052734375
4.119	2.8759765625
4.12	2.8564453125
4.121	2.8466796875
4.122	2.8271484375
4.123	2.8125
4.124	2.7880859375
4.125	2.75390625
4.125996	2.7490234375
4.127004	2.7294921875
4.128	2.71484375
4.129004	2.705078125
4.130004	2.6904296875
4.131004	2.6806640625
4.132004	2.65625
4.133	2.6513671875
4.134	2.646484375
4.135	2.6318359375
4.136	2.626953125
4.137	2.626953125
4.138	2.6220703125
4.139	2.6123046875
4.14	2.6220703125
4.141	2.6220703125
4.142	2.6171875
4.143	2.6171875
4.144	2.6220703125
4.145	2.6318359375
4.146	2.6416015625
4.147	2.65625
4.148	2.6513671875
4.149	2.6708984375
4.15	2.685546875
4.151	2.7099609375
4.152	2.71484375
4.153	2.734375
4.154	2.744140625
4.155	2.763671875
4.156	2.783203125
4.157	2.8076171875
4.158	2.8271484375
4.159	2.8466796875
4.16	2.861328125
4.161	2.880859375
4.162	2.900390625
4.163	2.9150390625
4.164	2.9296875
4.165	2.94921875
4.166	2.96875
4.167	2.978515625
4.168	3.0029296875
4.168996	3.017578125
4.170004	3.0224609375
4.171	3.02734375
4.172004	3.0419921875
4.173004	3.0419921875
4.174004	3.0419921875
4.175004	3.0517578125
4.176	3.0517578125
4.177	3.056640625
4.178	3.056640625
4.179	3.046875
4.18	3.046875
4.181	3.0419921875
4.182	3.037109375
4.183	3.02734375
4.184	3.017578125
4.185	3.0029296875
4.186	2.98828125
4.187	2.9833984375
4.188	2.9541015625
4.189	2.9541015625
4.19	2.9296875
4.191	2.9150390625
4.192	2.900390625
4.193	2.880859375
4.194	2.87109375
4.195	2.8271484375
4.196	2.822265625
4.197	2.802734375
4.198	2.79296875
4.199	2.7490234375
4.2	2.744140625
4.201	2.7294921875
4.202	2.71484375
4.203	2.705078125
4.204	2.6904296875
4.205	2.67578125
4.206	2.666015625
4.207	2.65625
4.208	2.6416015625
4.209	2.6318359375
4.21	2.626953125
4.211	2.626953125
4.212004	2.6220703125
4.213	2.626953125
4.214004	2.6220703125
4.215004	2.6220703125
4.216004	2.6171875
4.217004	2.626953125
4.218004	2.626953125
4.219	2.63671875
4.22	2.646484375
4.221	2.6513671875
4.222	2.666015625
4.223	2.6904296875
4.224	2.6904296875
4.225	2.705078125
4.226	2.7197265625
4.227	2.7294921875
4.228	2.7490234375
4.229	2.7685546875
4.23	2.79296875
4.231	2.8076171875
4.232	2.83203125
4.233	2.8515625
4.234	2.87109375
4.235	2.8857421875
4.236	2.9052734375
4.237	2.919921875
4.238	2.9296875
4.239	2.94921875
4.24	2.958984375
4.241	2.9833984375
4.242	2.98828125
4.243	3.0029296875
4.244	3.017578125
4.245	3.0224609375
4.246	3.0224609375
4.247	3.0419921875
4.248	3.0419921875
4.249	3.046875
4.25	3.046875
4.251	3.056640625
4.252	3.046875
4.253	3.046875
4.253996	3.037109375
4.255004	3.037109375
4.256	3.0322265625
4.257004	3.0224609375
4.258004	3.0126953125
4.259004	2.998046875
4.260004	2.9833984375
4.261	2.96875
4.262	2.9638671875
4.263	2.94921875
4.264	2.9248046875
4.265	2.9150390625
4.266	2.8857421875
4.267	2.8759765625
4.268	2.8564453125
4.269	2.841796875
4.27	2.8173828125
4.271	2.7978515625
4.272	2.7880859375
4.273	2.763671875
4.274	2.7490234375
4.275	2.734375
4.276	2.724609375
4.277	2.7099609375
4.278	2.6953125
4.279	2.6806640625
4.28	2.666015625
4.281	2.65625
4.282	2.6513671875
4.283	2.6416015625
4.284	2.6318359375
4.285	2.626953125
4.286	2.626953125
4.287	2.626953125
4.288	2.6220703125
4.289	2.6220703125
4.29	2.626953125
4.291	2.6220703125
4.292	2.6318359375
4.293	2.63671875
4.294	2.646484375
4.295	2.6611328125
4.296	2.666015625
4.296996	2.6904296875
4.298004	2.6904296875
4.299	2.71484375
4.300004	2.724609375
4.301004	2.7294921875
4.302004	2.744140625
4.303004	2.763671875
4.304	2.79296875
4.305	2.8125
4.306	2.8369140625
4.307	2.861328125
4.308	2.87109375
4.309	2.8759765625
4.31	2.9052734375
4.311	2.9150390625
4.312	2.919921875
4.313	2.94921875
4.314	2.9638671875
4.315	2.9736328125
4.316	2.9931640625
4.317	2.998046875
4.318	3.0078125
4.319	3.02734375
4.32	3.02734375
4.321	3.0419921875
4.322	3.037109375
4.323	3.037109375
4.324	3.046875
4.325	3.0419921875
4.326	3.046875
4.327	3.037109375
4.328	3.0419921875
4.329	3.0322265625
4.33	3.02734375
4.331	3.0224609375
4.332	3.0029296875
4.333	2.998046875
4.334	2.9931640625
4.335	2.9736328125
4.336	2.94921875
4.337	2.9296875
4.338	2.9248046875
4.339	2.91015625
4.340004	2.880859375
4.341	2.8759765625
4.342004	2.8564453125
4.343004	2.8515625
4.344004	2.8125
4.345004	2.79296875
4.346004	2.7880859375
4.347	2.7587890625
4.348	2.744140625
4.349	2.734375
4.35	2.724609375
4.351	2.705078125
4.352	2.6904296875
4.353	2.6806640625
4.354	2.666015625
4.355	2.6611328125
4.356	2.646484375
4.357	2.63671875
4.358	2.646484375
4.359	2.6318359375
4.36	2.6220703125
4.361	2.6220703125
4.362	2.626953125
4.363	2.626953125
4.364	2.63671875
4.365	2.6318359375
4.366	2.63671875
4.367	2.646484375
4.368	2.646484375
4.369	2.666015625
4.37	2.67578125
4.371	2.6806640625
4.372	2.6953125
4.373	2.7197265625
4.374	2.724609375
4.375	2.734375
4.376	2.7587890625
4.377	2.7734375
4.378	2.7978515625
4.379	2.8125
4.38	2.83203125
4.381	2.8515625
4.381996	2.87109375
4.383004	2.880859375
4.384	2.8955078125
4.385004	2.919921875
4.386004	2.9296875
4.387004	2.9443359375
4.388004	2.9638671875
4.389	2.9736328125
4.39	2.98828125
4.391	2.998046875
4.392	3.0078125
4.393	3.02734375
4.394	3.0224609375
4.395	3.037109375
4.396	3.037109375
4.397	3.0419921875
4.398	3.037109375
4.399	3.046875
4.4	3.037109375
4.401	3.0322265625
4.402	3.037109375
4.403	3.0224609375
4.404	3.0224609375
4.405	3.017578125
4.406	2.998046875
4.407	2.98828125
4.408	2.978515625
4.409	2.96875
4.41	2.94921875
4.411	2.9296875
4.412	2.919921875
4.413	2.9052734375
4.414	2.8857421875
4.415	2.87109375
4.416	2.8515625
4.417	2.841796875
4.418	2.8125
4.419	2.7978515625
4.42	2.783203125
4.421	2.7587890625
4.422	2.75390625
4.423	2.7294921875
4.424	2.71484375
4.424996	2.71484375
4.426004	2.7001953125
4.427	2.685546875
4.428004	2.6708984375
4.429004	2.666015625
4.430004	2.65625
4.431004	2.6513671875
4.432	2.63671875
4.433	2.63671875
4.434	2.6318359375
4.435	2.6318359375
4.436	2.626953125
4.437	2.6318359375
4.438	2.6318359375
4.439	2.6318359375
4.44	2.646484375
4.441	2.6513671875
4.442	2.65625
4.443	2.6611328125
4.444	2.6806640625
4.445	2.685546875
4.446	2.705078125
4.447	2.7099609375
4.448	2.7294921875
4.449	2.744140625
4.45	2.75390625
4.451	2.7734375
4.452	2.7880859375
4.453	2.822265625
4.454	2.83203125
4.455	2.8466796875
4.456	2.8662109375
4.457	2.8857421875
4.458	2.8955078125
4.459	2.9248046875
4.46	2.9248046875
4.461	2.939453125
4.462	2.9541015625
4.463	2.978515625
4.464	2.9833984375
4.465	2.998046875
4.466	3.0029296875
4.467	3.0126953125
4.468004	3.0224609375
4.469	3.02734375
4.470004	3.037109375
4.471004	3.037109375
4.472004	3.0419921875
4.473004	3.037109375
4.474004	3.037109375
4.475	3.0322265625
4.476	3.0322265625
4.477	3.0224609375
4.478	3.017578125
4.479	3.0029296875
4.48	3.0029296875
4.481	2.9833984375
4.482	2.9736328125
4.483	2.9638671875
4.484	2.94921875
4.485	2.9345703125
4.486	2.91015625
4.487	2.9052734375
4.488	2.8857421875
4.489	2.8662109375
4.49	2.8564453125
4.491	2.8369140625
4.492	2.8125
4.493	2.7978515625
4.494	2.783203125
4.495	2.7587890625
4.496	2.7392578125
4.497	2.734375
4.498	2.7099609375
4.499	2.705078125
4.5	2.6953125
4.501	2.685546875
4.502	2.6806640625
4.503	2.666015625
4.504	2.65625
4.505	2.646484375
4.506	2.646484375
4.507	2.63671875
4.508	2.63671875
4.509	2.6416015625
4.509996	2.63671875
4.511004	2.646484375
4.512	2.6416015625
4.513004	2.6416015625
4.514004	2.6513671875
4.515004	2.6611328125
4.516004	2.666015625
4.517	2.6708984375
4.518	2.6904296875
4.519	2.6953125
4.52	2.71484375
4.521	2.7197265625
4.522	2.7294921875
4.523	2.7392578125
4.524	2.7587890625
4.525	2.7783203125
4.526	2.79296875
4.527	2.822265625
4.528	2.83203125
4.529	2.8515625
4.53	2.8662109375
4.531	2.880859375
4.532	2.890625
4.533	2.919921875
4.534	2.9296875
4.535	2.9443359375
4.536	2.958984375
4.537	2.9736328125
4.538	2.9833984375
4.539	2.998046875
4.54	3.0029296875
4.541	3.017578125
4.542	3.0224609375
4.543	3.0224609375
4.544	3.037109375
4.545	3.037109375
4.546	3.02734375
4.547	3.02734375
4.548	3.037109375
4.549	3.02734375
4.55	3.017578125
4.551	3.017578125
4.552	3.0078125
4.552996	3.0078125
4.554004	2.9931640625
4.555	2.978515625
4.556004	2.9736328125
4.557004	2.94921875
4.558004	2.94921875
4.559004	2.9248046875
4.56	2.9150390625
4.561	2.900390625
4.562	2.8759765625
4.563	2.87109375
4.564	2.8466796875
4.565	2.8271484375
4.566	2.8076171875
4.567	2.79296875
4.568	2.7783203125
4.569	2.763671875
4.57	2.744140625
4.571	2.734375
4.572	2.724609375
4.573	2.71484375
4.574	2.7001953125
4.575	2.685546875
4.576	2.67578125
4.577	2.666015625
4.578	2.6611328125
4.579	2.65625
4.58	2.646484375
4.581	2.646484375
4.582	2.63671875
4.583	2.6416015625
4.584	2.6416015625
4.585	2.6416015625
4.586	2.646484375
4.587	2.646484375
4.588	2.6513671875
4.589	2.6513671875
4.59	2.666015625
4.591	2.6904296875
4.592	2.6806640625
4.593	2.6953125
4.594	2.71484375
4.595	2.7197265625
4.596004	2.734375
4.597	2.7490234375
4.598004	2.7685546875
4.599004	2.783203125
4.600004	2.7978515625
4.601004	2.8173828125
4.602004	2.8466796875
4.603	2.861328125
4.604	2.8759765625
4.605	2.8857421875
4.606	2.900390625
4.607	2.9150390625
4.608	2.9248046875
4.609	2.9443359375
4.61	2.94921875
4.611	2.978515625
4.612	2.9833984375
4.613	2.9931640625
4.614	2.998046875
4.615	3.0029296875
4.616	3.0224609375
4.617	3.0224609375
4.618	3.0322265625
4.619	3.0322265625
4.62	3.02734375
4.621	3.02734375
4.622	3.02734375
4.623	3.0224609375
4.624	3.017578125
4.625	3.017578125
4.626	3.0029296875
4.627	3.0029296875
4.628	2.9931640625
4.629	2.9833984375
4.63	2.96875
4.631	2.958984375
4.632	2.9345703125
4.633	2.9296875
4.634	2.919921875
4.635	2.8955078125
4.636	2.8857421875
4.637	2.87109375
4.637996	2.8466796875
4.639004	2.83203125
4.64	2.8125
4.641004	2.79296875
4.642004	2.783203125
4.643004	2.75390625
4.644004	2.744140625
4.645	2.7294921875
4.646	2.7294921875
4.647	2.7099609375
4.648	2.7001953125
4.649	2.6904296875
4.65	2.6806640625
4.651	2.666015625
4.652	2.6611328125
4.653	2.65625
4.654	2.6513671875
4.655	2.646484375
4.656	2.6416015625
4.657	2.646484375
4.658	2.6513671875
4.659	2.646484375
4.66	2.6513671875
4.661	2.646484375
4.662	2.6513671875
4.663	2.6611328125
4.664	2.666015625
4.665	2.6806640625
4.666	2.705078125
4.667	2.7001953125
4.668	2.71484375
4.669	2.7197265625
4.67	2.724609375
4.671	2.7392578125
4.672	2.7685546875
4.673	2.7880859375
4.674	2.802734375
4.675	2.8125
4.676	2.841796875
4.677	2.861328125
4.678	2.87109375
4.679	2.8759765625
4.68	2.900390625
4.680996	2.9150390625
4.682004	2.9248046875
4.683	2.94921875
4.684004	2.94921875
4.685004	2.9736328125
4.686004	2.9833984375
4.687004	2.9833984375
4.688	2.998046875
4.689	3.0078125
4.69	3.017578125
4.691	3.0224609375
4.692	3.0224609375
4.693	3.0224609375
4.694	3.0322265625
4.695	3.0224609375
4.696	3.017578125
4.697	3.0224609375
4.698	3.017578125
4.699	3.0126953125
4.7	2.998046875
4.701	2.98828125
4.702	2.9833984375
4.703	2.96875
4.704	2.96875
4.705	2.9541015625
4.706	2.9345703125
4.707	2.9296875
4.708	2.91015625
4.709	2.890625
4.71	2.880859375
4.711	2.861328125
4.712	2.8466796875
4.713	2.8271484375
4.714	2.8125
4.715	2.79296875
4.716	2.7685546875
4.717	2.75390625
4.718	2.75390625
4.719	2.734375
4.72	2.724609375
4.721	2.7197265625
4.722	2.705078125
4.723	2.6904296875
4.724004	2.685546875
4.725	2.67578125
4.726004	2.6611328125
4.727004	2.6611328125
4.728004	2.6513671875
4.729004	2.6513671875
4.730004	2.6513671875
4.731	2.646484375
4.732	2.646484375
4.733	2.6513671875
4.734	2.6513671875
4.735	2.65625
4.736	2.666015625
4.737	2.6611328125
4.738	2.666015625
4.739	2.67578125
4.74	2.7099609375
4.741	2.7099609375
4.742	2.71484375
4.743	2.734375
4.744	2.7294921875
4.745	2.7490234375
4.746	2.7734375
4.747	2.79296875
4.748	2.8125
4.749	2.8271484375
4.75	2.841796875
4.751	2.861328125
4.752	2.87109375
4.753	2.8857421875
4.754	2.890625
4.755	2.9150390625
4.756	2.9345703125
4.757	2.9443359375
4.758	2.9541015625
4.759	2.9736328125
4.76	2.978515625
4.761	2.98828125
4.762	2.9931640625
4.763	3.0029296875
4.764	3.017578125
4.765	3.017578125
4.765996	3.0224609375
4.767004	3.017578125
4.768	3.017578125
4.769004	3.017578125
4.770004	3.017578125
4.771004	3.0224609375
4.772004	3.017578125
4.773	3.0078125
4.774	3.0029296875
4.775	2.9931640625
4.776	2.98828125
4.777	2.96875
4.778	2.9638671875
4.779	2.9541015625
4.78	2.9296875
4.781	2.9248046875
4.782	2.9052734375
4.783	2.8857421875
4.784	2.8759765625
4.785	2.861328125
4.786	2.8369140625
4.787	2.8271484375
4.788	2.8173828125
4.789	2.79296875
4.79	2.7783203125
4.791	2.75390625
4.792	2.7490234375
4.793	2.7392578125
4.794	2.71484375
4.795	2.7099609375
4.796	2.705078125
4.797	2.685546875
4.798	2.67578125
4.799	2.6806640625
4.8	2.6611328125
4.801	2.666015625
4.802	2.6611328125
4.803	2.6513671875
4.804	2.65625
4.805	2.65625
4.806	2.6513671875
4.807	2.6513671875
4.808	2.65625
4.808996	2.6611328125
4.810004	2.6611328125
4.811	2.666015625
4.812004	2.67578125
4.813004	2.685546875
4.814004	2.685546875
4.815004	2.705078125
4.816	2.7197265625
4.817	2.734375
4.818	2.7392578125
4.819	2.7587890625
4.82	2.7783203125
4.821	2.79296875
4.822	2.7978515625
4.823	2.8271484375
4.824	2.841796875
4.825	2.8515625
4.826	2.8759765625
4.827	2.880859375
4.828	2.900390625
4.829	2.9150390625
4.83	2.9248046875
4.831	2.939453125
4.832	2.94921875
4.833	2.958984375
4.834	2.9736328125
4.835	2.978515625
4.836	2.98828125
4.837	2.998046875
4.838	3.0126953125
4.839	3.017578125
4.84	3.017578125
4.841	3.017578125
4.842	3.0126953125
4.843	3.0224609375
4.844	3.017578125
4.845	3.0126953125
4.846	3.0029296875
4.847	3.0078125
4.848	2.998046875
4.849	2.9931640625
4.85	2.9833984375
4.851	2.9736328125
4.852004	2.958984375
4.853	2.939453125
4.854004	2.9296875
4.855004	2.919921875
4.856004	2.900390625
4.857004	2.880859375
4.858004	2.87109375
4.859	2.861328125
4.86	2.841796875
4.861	2.8173828125
4.862	2.8125
4.863	2.7880859375
4.864	2.783203125
4.865	2.763671875
4.866	2.75390625
4.867	2.7294921875
4.868	2.7197265625
4.869	2.7099609375
4.87	2.7099609375
4.871	2.6953125
4.872	2.685546875
4.873	2.6806640625
4.874	2.666015625
4.875	2.666015625
4.876	2.666015625
4.877	2.6611328125
4.878	2.65625
4.879	2.65625
4.88	2.6513671875
4.881	2.65625
4.882	2.6611328125
4.883	2.6611328125
4.884	2.67578125
4.885	2.6708984375
4.886	2.6904296875
4.887	2.685546875
4.888	2.705078125
4.889	2.71484375
4.89	2.7197265625
4.891	2.724609375
4.892	2.744140625
4.893	2.7587890625
4.893996	2.7734375
4.895004	2.79296875
4.896	2.802734375
4.897004	2.83203125
4.898004	2.841796875
4.899004	2.861328125
4.900004	2.8759765625
4.901	2.8857421875
4.902	2.8955078125
4.903	2.9150390625
4.904	2.9296875
4.905	2.9345703125
4.906	2.9541015625
4.907	2.9638671875
4.908	2.9736328125
4.909	2.98828125
4.91	2.9931640625
4.911	3.0029296875
4.912	3.0078125
4.913	3.0126953125
4.914	3.0126953125
4.915	3.017578125
4.916	3.017578125
4.917	3.0126953125
4.918	3.017578125
4.919	3.0078125
4.92	3.0029296875
4.921	3.0029296875
4.922	2.98828125
4.923	2.9833984375
4.924	2.9736328125
4.925	2.9638671875
4.926	2.9541015625
4.927	2.939453125
4.928	2.9248046875
4.929	2.919921875
4.93	2.900390625
4.931	2.8857421875
4.932	2.87109375
4.933	2.8515625
4.934	2.8466796875
4.935	2.8271484375
4.936	2.802734375
4.936996	2.79296875
4.938004	2.783203125
4.939	2.7587890625
4.940004	2.744140625
4.941004	2.7392578125
4.942004	2.724609375
4.943004	2.724609375
4.944	2.71484375
4.945	2.685546875
4.946	2.6904296875
4.947	2.67578125
4.948	2.67578125
4.949	2.6708984375
4.95	2.666015625
4.951	2.65625
4.952	2.6611328125
4.953	2.65625
4.954	2.65625
4.955	2.6611328125
4.956	2.6611328125
4.957	2.666015625
4.958	2.67578125
4.959	2.6953125
4.96	2.67578125
4.961	2.7001953125
4.962	2.705078125
4.963	2.7197265625
4.964	2.71484375
4.965	2.7294921875
4.966	2.744140625
4.967	2.7685546875
4.968	2.7880859375
4.969	2.79296875
4.97	2.8125
4.971	2.822265625
4.972	2.8466796875
4.973	2.8662109375
4.974	2.8759765625
4.975	2.890625
4.976	2.8955078125
4.977	2.9150390625
4.978	2.9248046875
4.979	2.9345703125
4.980004	2.9541015625
4.981	2.9541015625
4.982004	2.9736328125
4.983004	2.98828125
4.984004	2.98828125
4.985004	2.998046875
4.986004	3.0078125
4.987	3.0029296875
4.988	3.0126953125
4.989	3.0126953125
4.99	3.0224609375
4.991	3.0078125
4.992	3.0126953125
4.993	3.0078125
4.994	3.0029296875
4.995	2.9931640625
4.996	2.98828125
4.997	2.9833984375
4.998	2.9638671875
4.999	2.958984375
5.0	2.94921875
5.001	2.9443359375
5.002	2.919921875
5.003	2.91015625
5.004	2.8955078125
5.005	2.880859375
5.006	2.8759765625
5.007	2.8515625
5.008	2.83203125
5.009	2.8271484375
5.01	2.8076171875
5.011	2.7978515625
5.012	2.7734375
5.013	2.7587890625
5.014	2.7490234375
5.015	2.7392578125
5.016	2.7294921875
5.017	2.724609375
5.018	2.71484375
5.019	2.6953125
5.02	2.6904296875
5.021	2.6806640625
5.021996	2.6806640625
5.023004	2.666015625
5.024	2.67578125
5.025004	2.6611328125
5.026004	2.65625
5.027004	2.65625
5.028004	2.6611328125
5.029	2.666015625
5.03	2.666015625
5.031	2.666015625
5.032	2.666015625
5.033	2.6806640625
5.034	2.6904296875
5.035	2.6953125
5.036	2.7099609375
5.037	2.724609375
5.038	2.724609375
5.039	2.7392578125
5.04	2.75390625
5.041	2.7587890625
5.042	2.7880859375
5.043	2.802734375
5.044	2.822265625
5.045	2.83203125
5.046	2.8515625
5.047	2.861328125
5.048	2.8759765625
5.049	2.890625
5.05	2.8955078125
5.051	2.9052734375
5.052	2.9296875
5.053	2.9345703125
5.054	2.9443359375
5.055	2.958984375
5.056	2.96875
5.057	2.9833984375
5.058	2.9931640625
5.059	3.0029296875
5.06	3.0029296875
5.061	2.998046875
5.062	3.0029296875
5.063	3.0078125
5.064	3.0126953125
5.064996	3.0029296875
5.066004	3.0126953125
5.067	3.0078125
5.068004	3.0029296875
5.069004	2.9931640625
5.070004	2.98828125
5.071004	2.9833984375
5.072	2.9638671875
5.073	2.9541015625
5.074	2.94921875
5.075	2.939453125
5.076	2.919921875
5.077	2.91015625
5.078	2.890625
5.079	2.880859375
5.08	2.8759765625
5.081	2.8564453125
5.082	2.8369140625
5.083	2.822265625
5.084	2.802734375
5.085	2.7978515625
5.086	2.7783203125
5.087	2.763671875
5.088	2.75390625
5.089	2.7294921875
5.09	2.7294921875
5.091	2.7197265625
5.092	2.7099609375
5.093	2.705078125
5.094	2.705078125
5.095	2.685546875
5.096	2.6806640625
5.097	2.67578125
5.098	2.6708984375
5.099	2.666015625
5.1	2.666015625
5.101	2.6611328125
5.102	2.6708984375
5.103	2.666015625
5.104	2.6708984375
5.105	2.67578125
5.106	2.6806640625
5.107	2.6953125
5.108004	2.6904296875
5.109	2.705078125
5.110004	2.705078125
5.111004	2.724609375
5.112004	2.724609375
5.113004	2.734375
5.114004	2.75390625
5.115	2.763671875
5.116	2.7880859375
5.117	2.802734375
5.118	2.8125
5.119	2.83203125
5.12	2.8515625
5.121	2.8662109375
5.122	2.87109375
5.123	2.8857421875
5.124	2.890625
5.125	2.91015625
5.126	2.919921875
5.127	2.9345703125
5.128	2.9443359375
5.129	2.958984375
5.13	2.96875
5.131	2.9736328125
5.132	2.9833984375
5.133	2.9931640625
5.134	2.998046875
5.135	3.0029296875
5.136	3.0078125
5.137	3.0078125
5.138	3.0078125
5.139	3.0126953125
5.14	3.0029296875
5.141	2.998046875
5.142	2.998046875
5.143	2.9833984375
5.144	2.978515625
5.145	2.9736328125
5.146	2.9638671875
5.147	2.958984375
5.148	2.94921875
5.149	2.9345703125
5.149996	2.9248046875
5.151004	2.91015625
5.152	2.890625
5.153004	2.880859375
5.154004	2.861328125
5.155004	2.861328125
5.156004	2.841796875
5.157	2.822265625
5.158	2.8076171875
5.159	2.7880859375
5.16	2.783203125
5.161	2.7587890625
5.162	2.75390625
5.163	2.7392578125
5.164	2.7197265625
5.165	2.724609375
5.166	2.7099609375
5.167	2.705078125
5.168	2.6953125
5.169	2.6806640625
5.17	2.685546875
5.171	2.6806640625
5.172	2.67578125
5.173	2.666015625
5.174	2.6611328125
5.175	2.666015625
5.176	2.666015625
5.177	2.666015625
5.178	2.666015625
5.179	2.67578125
5.18	2.6806640625
5.181	2.6806640625
5.182	2.6904296875
5.183	2.7099609375
5.184	2.724609375
5.185	2.7197265625
5.186	2.734375
5.187	2.744140625
5.188	2.75390625
5.189	2.7685546875
5.19	2.783203125
5.191	2.802734375
5.192	2.8173828125
5.192996	2.8369140625
5.194004	2.8466796875
5.195	2.8564453125
5.196004	2.8759765625
5.197004	2.880859375
5.198004	2.900390625
5.199004	2.9150390625
5.2	2.9296875
5.201	2.9296875
5.202	2.939453125
5.203	2.9541015625
5.204	2.96875
5.205	2.96875
5.206	2.98828125
5.207	2.98828125
5.208	2.998046875
5.209	3.0029296875
5.21	2.998046875
5.211	3.0029296875
5.212	3.0029296875
5.213	3.0078125
5.214	3.0029296875
5.215	2.998046875
5.216	2.9931640625
5.217	2.98828125
5.218	2.96875
5.219	2.96875
5.22	2.96875
5.221	2.94921875
5.222	2.939453125
5.223	2.9296875
5.224	2.9150390625
5.225	2.9052734375
5.226	2.890625
5.227	2.880859375
5.228	2.861328125
5.229	2.8564453125
5.23	2.8369140625
5.231	2.822265625
5.232	2.802734375
5.233	2.7978515625
5.234	2.783203125
5.235	2.763671875
5.236004	2.7490234375
5.237	2.7392578125
5.238004	2.7294921875
5.239004	2.7197265625
5.240004	2.7099609375
5.241004	2.7001953125
5.242004	2.7001953125
5.243	2.6904296875
5.244	2.6806640625
5.245	2.67578125
5.246	2.6708984375
5.247	2.6611328125
5.248	2.666015625
5.249	2.6611328125
5.25	2.67578125
5.251	2.6708984375
5.252	2.6806640625
5.253	2.6806640625
5.254	2.685546875
5.255	2.6953125
5.256	2.6953125
5.257	2.705078125
5.258	2.7197265625
5.259	2.724609375
5.26	2.7294921875
5.261	2.7392578125
5.262	2.7490234375
5.263	2.7685546875
5.264	2.7880859375
5.265	2.802734375
5.266	2.822265625
5.267	2.8271484375
5.268	2.8466796875
5.269	2.861328125
5.27	2.87109375
5.271	2.890625
5.272	2.8955078125
5.273	2.91015625
5.274	2.919921875
5.275	2.939453125
5.276	2.9443359375
5.277	2.94921875
5.277996	2.9638671875
5.279004	2.978515625
5.28	2.978515625
5.281004	2.9833984375
5.282004	2.998046875
5.283004	2.998046875
5.284004	2.998046875
5.285	3.0029296875
5.286	3.0029296875
5.287	2.998046875
5.288	3.0029296875
5.289	2.9931640625
5.29	2.9931640625
5.291	2.9833984375
5.292	2.9833984375
5.293	2.9638671875
5.294	2.9541015625
5.295	2.94921875
5.296	2.939453125
5.297	2.9248046875
5.298	2.919921875
5.299	2.900390625
5.3	2.8857421875
5.301	2.880859375
5.302	2.861328125
5.303	2.8564453125
5.304	2.8369140625
5.305	2.8271484375
5.306	2.8125
5.307	2.7880859375
5.308	2.783203125
5.309	2.763671875
5.31	2.7490234375
5.311	2.7392578125
5.312	2.7294921875
5.313	2.7197265625
5.314	2.71484375
5.315	2.7001953125
5.316	2.6904296875
5.317	2.6953125
5.318	2.6904296875
5.319	2.6806640625
5.32	2.6806640625
5.320996	2.6806640625
5.322004	2.67578125
5.323	2.67578125
5.324004	2.67578125
5.325004	2.67578125
5.326004	2.6708984375
5.327004	2.67578125
5.328	2.7001953125
5.329	2.685546875
5.33	2.705078125
5.331	2.7099609375
5.332	2.7197265625
5.333	2.7294921875
5.334	2.7392578125
5.335	2.744140625
5.336	2.75390625
5.337	2.7734375
5.338	2.7880859375
5.339	2.802734375
5.34	2.8271484375
5.341	2.83203125
5.342	2.8564453125
5.343	2.8662109375
5.344	2.8759765625
5.345	2.880859375
5.346	2.9052734375
5.347	2.9150390625
5.348	2.9248046875
5.349	2.9296875
5.35	2.939453125
5.351	2.9541015625
5.352	2.9638671875
5.353	2.9736328125
5.354	2.978515625
5.355	2.9833984375
5.356	2.9931640625
5.357	2.98828125
5.358	2.998046875
5.359	2.998046875
5.36	2.9931640625
5.361	2.9931640625
5.362	2.98828125
5.363	2.9931640625
5.364004	2.9833984375
5.365	2.9833984375
5.366004	2.96875
5.367004	2.9638671875
5.368004	2.958984375
5.369004	2.94921875
5.370004	2.939453125
5.371	2.9296875
5.372	2.9150390625
5.373	2.900390625
5.374	2.880859375
5.375	2.8759765625
5.376	2.8564453125
5.377	2.8466796875
5.378	2.8271484375
5.379	2.822265625
5.38	2.802734375
5.381	2.79296875
5.382	2.7783203125
5.383	2.75390625
5.384	2.75390625
5.385	2.7392578125
5.386	2.734375
5.387	2.724609375
5.388	2.7099609375
5.389	2.7099609375
5.39	2.6904296875
5.391	2.6904296875
5.392	2.6904296875
5.393	2.685546875
5.394	2.6806640625
5.395	2.6708984375
5.396	2.6806640625
5.397	2.6806640625
5.398	2.6806640625
5.399	2.67578125
5.4	2.6806640625
5.401	2.685546875
5.402	2.6904296875
5.403	2.6904296875
5.404	2.705078125
5.405	2.7099609375
5.405996	2.7197265625
5.407004	2.724609375
5.408	2.734375
5.409004	2.7587890625
5.410004	2.763671875
5.411004	2.7783203125
5.412004	2.7880859375
5.413	2.8076171875
5.414	2.822265625
5.415	2.841796875
5.416	2.8515625
5.417	2.8662109375
5.418	2.87109375
5.419	2.8759765625
5.42	2.9052734375
5.421	2.91015625
5.422	2.9150390625
5.423	2.9296875
5.424	2.9443359375
5.425	2.9541015625
5.426	2.9638671875
5.427	2.9638671875
5.428	2.9736328125
5.429	2.978515625
5.43	2.9931640625
5.431	2.9833984375
5.432	2.9931640625
5.433	2.9833984375
5.434	2.9931640625
5.435	2.98828125
5.436	2.9931640625
5.437	2.98828125
5.438	2.9833984375
5.439	2.96875
5.44	2.9638671875
5.441	2.958984375
5.442	2.9541015625
5.443	2.9345703125
5.444	2.9345703125
5.445	2.9248046875
5.446	2.9150390625
5.447	2.890625
5.448	2.8857421875
5.448996	2.87109375
5.450004	2.8564453125
5.451	2.8515625
5.452004	2.83203125
5.453004	2.8125
5.454004	2.8076171875
5.455004	2.79296875
5.456	2.7783203125
5.457	2.7587890625
5.458	2.75390625
5.459	2.744140625
5.46	2.7294921875
5.461	2.7197265625
5.462	2.71484375
5.463	2.7099609375
5.464	2.7001953125
5.465	2.6953125
5.466	2.6904296875
5.467	2.685546875
5.468	2.685546875
5.469	2.685546875
5.47	2.6806640625
5.471	2.6806640625
5.472	2.685546875
5.473	2.685546875
5.474	2.685546875
5.475	2.6806640625
5.476	2.705078125
5.477	2.7001953125
5.478	2.7099609375
5.479	2.705078125
5.48	2.7294921875
5.481	2.7294921875
5.482	2.7392578125
5.483	2.744140625
5.484	2.7587890625
5.485	2.7783203125
5.486	2.7978515625
5.487	2.802734375
5.488	2.8271484375
5.489	2.841796875
5.49	2.8466796875
5.491	2.8564453125
5.492004	2.8759765625
5.493	2.8857421875
5.494004	2.900390625
5.495004	2.91015625
5.496004	2.9296875
5.497004	2.9345703125
5.498004	2.939453125
5.499	2.9443359375
5.5	2.958984375
5.501	2.96875
5.502	2.9736328125
5.503	2.98828125
5.504	2.98828125
5.505	2.9833984375
5.506	2.9931640625
5.507	2.998046875
5.508	2.9931640625
5.509	2.98828125
5.51	2.9833984375
5.511	2.98828125
5.512	2.9833984375
5.513	2.9736328125
5.514	2.9638671875
5.515	2.958984375
5.516	2.9541015625
5.517	2.9443359375
5.518	2.9296875
5.519	2.9248046875
5.52	2.919921875
5.521	2.8955078125
5.522	2.8857421875
5.523	2.880859375
5.524	2.861328125
5.525	2.841796875
5.526	2.83203125
5.527	2.8173828125
5.528	2.7978515625
5.529	2.79296875
5.53	2.783203125
5.531	2.763671875
5.532	2.75390625
5.533	2.7294921875
5.533996	2.724609375
5.535004	2.724609375
5.536	2.71484375
5.537004	2.7197265625
5.538004	2.7099609375
5.539004	2.6953125
5.540004	2.6904296875
5.541	2.6904296875
5.542	2.6904296875
5.543	2.6806640625
5.544	2.685546875
5.545	2.685546875
5.546	2.6806640625
5.547	2.685546875
5.548	2.6806640625
5.549	2.685546875
5.55	2.6953125
5.551	2.705078125
5.552	2.7197265625
5.553	2.7197265625
5.554	2.7294921875
5.555	2.7294921875
5.556	2.734375
5.557	2.75390625
5.558	2.7587890625
5.559	2.783203125
5.56	2.802734375
5.561	2.8125
5.562	2.8271484375
5.563	2.8271484375
5.564	2.8515625
5.565	2.87109375
5.566	2.8759765625
5.567	2.8857421875
5.568	2.8955078125
5.569	2.9150390625
5.57	2.919921875
5.571	2.9296875
5.572	2.939453125
5.573	2.9443359375
5.574	2.9541015625
5.575	2.958984375
5.576	2.9736328125
5.576996	2.978515625
5.578004	2.9833984375
5.579	2.98828125
5.580004	2.9931640625
5.581004	2.9833984375
5.582004	2.98828125
5.583004	2.9833984375
5.584	2.98828125
5.585	2.978515625
5.586	2.9736328125
5.587	2.96875
5.588	2.9638671875
5.589	2.9541015625
5.59	2.9443359375
5.591	2.9345703125
5.592	2.9248046875
5.593	2.9150390625
5.594	2.91015625
5.595	2.8857421875
5.596	2.880859375
5.597	2.87109375
5.598	2.861328125
5.599	2.841796875
5.6	2.8271484375
5.601	2.8076171875
5.602	2.802734375
5.603	2.7880859375
5.604	2.7734375
5.605	2.7587890625
5.606	2.75390625
5.607	2.734375
5.608	2.7294921875
5.609	2.724609375
5.61	2.7099609375
5.611	2.7197265625
5.612	2.705078125
5.613	2.7099609375
5.614	2.6953125
5.615	2.685546875
5.616	2.6953125
5.617	2.6904296875
5.618	2.685546875
5.619	2.685546875
5.620004	2.685546875
5.621	2.6904296875
5.622004	2.685546875
5.623004	2.6953125
5.624004	2.71484375
5.625004	2.7099609375
5.626004	2.71484375
5.627	2.724609375
5.628	2.7294921875
5.629	2.7392578125
5.63	2.7392578125
5.631	2.75390625
5.632	2.7734375
5.633	2.7880859375
5.634	2.802734375
5.635	2.8076171875
5.636	2.83203125
5.637	2.83203125
5.638	2.8466796875
5.639	2.87109375
5.64	2.8759765625
5.641	2.8857421875
5.642	2.8955078125
5.643	2.91015625
5.644	2.9248046875
5.645	2.9248046875
5.646	2.9443359375
5.647	2.94921875
5.648	2.9541015625
5.649	2.96875
5.65	2.96875
5.651	2.96875
5.652	2.9736328125
5.653	2.9833984375
5.654	2.9833984375
5.655	2.9833984375
5.656	2.978515625
5.657	2.9833984375
5.658	2.9833984375
5.659	2.9833984375
5.66	2.96875
5.661	2.958984375
5.661996	2.958984375
5.663004	2.9541015625
5.664	2.94921875
5.665004	2.9296875
5.666004	2.9296875
5.667004	2.91015625
5.668004	2.900390625
5.669	2.8857421875
5.67	2.8759765625
5.671	2.8662109375
5.672	2.8564453125
5.673	2.8515625
5.674	2.83203125
5.675	2.8076171875
5.676	2.7978515625
5.677	2.7880859375
5.678	2.7783203125
5.679	2.7685546875
5.68	2.75390625
5.681	2.744140625
5.682	2.734375
5.683	2.7294921875
5.684	2.7197265625
5.685	2.7197265625
5.686	2.7001953125
5.687	2.6953125
5.688	2.6953125
5.689	2.6953125
5.69	2.6806640625
5.691	2.6806640625
5.692	2.685546875
5.693	2.685546875
5.694	2.6806640625
5.695	2.685546875
5.696	2.685546875
5.697	2.6953125
5.698	2.71484375
5.699	2.705078125
5.7	2.7197265625
5.701	2.724609375
5.702	2.7294921875
5.703	2.7392578125
5.704	2.744140625
5.704996	2.7587890625
5.706004	2.783203125
5.707	2.7880859375
5.708004	2.79296875
5.709004	2.8173828125
5.710004	2.83203125
5.711004	2.841796875
5.712	2.861328125
5.713	2.8662109375
5.714	2.8662109375
5.715	2.8857421875
5.716	2.8955078125
5.717	2.9052734375
5.718	2.9248046875
5.719	2.9248046875
5.72	2.939453125
5.721	2.94921875
5.722	2.94921875
5.723	2.9638671875
5.724	2.9736328125
5.725	2.9736328125
5.726	2.9833984375
5.727	2.9736328125
5.728	2.978515625
5.729	2.9833984375
5.73	2.9833984375
5.731	2.9833984375
5.732	2.9833984375
5.733	2.978515625
5.734	2.9736328125
5.735	2.96875
5.736	2.958984375
5.737	2.94921875
5.738	2.9443359375
5.739	2.9296875
5.74	2.919921875
5.741	2.91015625
5.742	2.91015625
5.743	2.8857421875
5.744	2.8759765625
5.745	2.87109375
5.746	2.861328125
5.747	2.8369140625
5.748004	2.83203125
5.749	2.8076171875
5.750004	2.7978515625
5.751004	2.7880859375
5.752004	2.7783203125
5.753004	2.7587890625
5.754004	2.7587890625
5.755	2.7490234375
5.756	2.7392578125
5.757	2.7294921875
5.758	2.7294921875
5.759	2.71484375
5.76	2.7099609375
5.761	2.7099609375
5.762	2.6953125
5.763	2.6953125
5.764	2.6904296875
5.765	2.6953125
5.766	2.685546875
5.767	2.6904296875
5.768	2.6904296875
5.769	2.6904296875
5.77	2.6953125
5.771	2.705078125
5.772	2.71484375
5.773	2.71484375
5.774	2.71484375
5.775	2.7294921875
5.776	2.724609375
5.777	2.7392578125
5.778	2.7490234375
5.779	2.7490234375
5.78	2.7783203125
5.781	2.7880859375
5.782	2.7978515625
5.783	2.8076171875
5.784	2.8369140625
5.785	2.841796875
5.786	2.8515625
5.787	2.87109375
5.788	2.880859375
5.789	2.8759765625
5.789996	2.8955078125
5.791004	2.91015625
5.792	2.9248046875
5.793004	2.9248046875
5.794004	2.9345703125
5.795004	2.939453125
5.796004	2.94921875
5.797	2.9541015625
5.798	2.9638671875
5.799	2.9736328125
5.8	2.978515625
5.801	2.9833984375
5.802	2.978515625
5.803	2.9833984375
5.804	2.9833984375
5.805	2.978515625
5.806	2.9736328125
5.807	2.96875
5.808	2.9638671875
5.809	2.958984375
5.81	2.9541015625
5.811	2.9443359375
5.812	2.939453125
5.813	2.9248046875
5.814	2.9248046875
5.815	2.9150390625
5.816	2.900390625
5.817	2.8857421875
5.818	2.8759765625
5.819	2.87109375
5.82	2.8564453125
5.821	2.841796875
5.822	2.8271484375
5.823	2.8125
5.824	2.79296875
5.825	2.7978515625
5.826	2.783203125
5.827	2.763671875
5.828	2.7490234375
5.829	2.7490234375
5.83	2.734375
5.831	2.724609375
5.832	2.71484375
5.832996	2.7099609375
5.834004	2.7099609375
5.835	2.705078125
5.836004	2.6953125
5.837004	2.7001953125
5.838004	2.6953125
5.839004	2.6953125
5.84	2.6953125
5.841	2.6953125
5.842	2.6953125
5.843	2.6953125
5.844	2.6904296875
5.845	2.6953125
5.846	2.7099609375
5.847	2.7099609375
5.848	2.7197265625
5.849	2.7294921875
5.85	2.7392578125
5.851	2.7392578125
5.852	2.7587890625
5.853	2.763671875
5.854	2.7783203125
5.855	2.783203125
5.856	2.8076171875
5.857	2.822265625
5.858	2.8271484375
5.859	2.8466796875
5.86	2.8564453125
5.861	2.861328125
5.862	2.8759765625
5.863	2.890625
5.864	2.8955078125
5.865	2.919921875
5.866	2.9150390625
5.867	2.9296875
5.868	2.9345703125
5.869	2.939453125
5.87	2.9541015625
5.871	2.958984375
5.872	2.9541015625
5.873	2.9736328125
5.874	2.9638671875
5.875	2.9736328125
5.876004	2.96875
5.877	2.9736328125
5.878004	2.978515625
5.879004	2.96875
5.880004	2.9736328125
5.881004	2.9638671875
5.882004	2.9638671875
5.883	2.958984375
5.884	2.9541015625
5.885	2.94921875
5.886	2.9345703125
5.887	2.9296875
5.888	2.91015625
5.889	2.91015625
5.89	2.900390625
5.891	2.880859375
5.892	2.8759765625
5.893	2.8662109375
5.894	2.8515625
5.895	2.8369140625
5.896	2.8271484375
5.897	2.822265625
5.898	2.7978515625
5.899	2.79296875
5.9	2.7783203125
5.901	2.7587890625
5.902	2.75390625
5.903	2.7392578125
5.904	2.734375
5.905	2.7294921875
5.906	2.724609375
5.907	2.7197265625
5.908	2.7099609375
5.909	2.7099609375
5.91	2.6953125
5.911	2.6953125
5.912	2.7001953125
5.913	2.6953125
5.914	2.6904296875
5.915	2.6953125
5.916	2.6953125
5.917	2.6953125
5.917996	2.7001953125
5.919004	2.7001953125
5.92	2.71484375
5.921004	2.7197265625
5.922004	2.724609375
5.923004	2.7294921875
5.924004	2.7294921875
5.925	2.7490234375
5.926	2.75390625
5.927	2.7587890625
5.928	2.783203125
5.929	2.79296875
5.93	2.802734375
5.931	2.8076171875
5.932	2.8369140625
5.933	2.8466796875
5.934	2.8564453125
5.935	2.8662109375
5.936	2.8759765625
5.937	2.8857421875
5.938	2.900390625
5.939	2.900390625
5.94	2.9150390625
5.941	2.9296875
5.942	2.9345703125
5.943	2.94921875
5.944	2.94921875
5.945	2.958984375
5.946	2.958984375
5.947	2.9736328125
5.948	2.9736328125
5.949	2.96875
5.95	2.978515625
5.951	2.978515625
5.952	2.978515625
5.953	2.9736328125
5.954	2.96875
5.955	2.9638671875
5.956	2.9638671875
5.957	2.94921875
5.958	2.9541015625
5.959	2.9443359375
5.96	2.919921875
5.960996	2.919921875
5.962004	2.9150390625
5.963	2.91015625
5.964004	2.8955078125
5.965004	2.8759765625
5.966004	2.8759765625
5.967004	2.8564453125
5.968	2.8564453125
5.969	2.841796875
5.97	2.8173828125
5.971	2.8125
5.972	2.7978515625
5.973	2.7978515625
5.974	2.783203125
5.975	2.763671875
5.976	2.7490234375
5.977	2.7490234375
5.978	2.744140625
5.979	2.734375
5.98	2.724609375
5.981	2.7197265625
5.982	2.7099609375
5.983	2.7099609375
5.984	2.705078125
5.985	2.6953125
5.986	2.705078125
5.987	2.6953125
5.988	2.6953125
5.989	2.6953125
5.99	2.7001953125
5.991	2.705078125
5.992	2.705078125
5.993	2.7099609375
5.994	2.71484375
5.995	2.7197265625
5.996	2.724609375
5.997	2.734375
5.998	2.734375
5.999	2.7490234375
6.0	2.7490234375
6.001	2.763671875
6.002	2.783203125
6.003	2.7978515625
6.004004	2.8076171875
6.005	2.8173828125
6.006004	2.83203125
6.007004	2.8515625
6.008004	2.861328125
6.009004	2.87109375
6.010004	2.8759765625
6.011	2.880859375
6.012	2.900390625
6.013	2.91015625
6.014	2.919921875
6.015	2.9296875
6.016	2.9345703125
6.017	2.9443359375
6.018	2.94921875
6.019	2.958984375
6.02	2.9541015625
6.021	2.9541015625
6.022	2.96875
6.023	2.96875
6.024	2.9736328125
6.025	2.96875
6.026	2.96875
6.027	2.96875
6.028	2.9638671875
6.029	2.958984375
6.03	2.9638671875
6.031	2.9541015625
6.032	2.94921875
6.033	2.9345703125
6.034	2.9296875
6.035	2.9248046875
6.036	2.91015625
6.037	2.900390625
6.038	2.8955078125
6.039	2.8759765625
6.04	2.8759765625
6.041	2.87109375
6.042	2.8466796875
6.043	2.83203125
6.044	2.822265625
6.045	2.8173828125
6.045996	2.7978515625
6.047004	2.7880859375
6.048	2.7783203125
6.049004	2.75390625
6.050004	2.7490234375
6.051004	2.744140625
6.052004	2.7392578125
6.053	2.734375
6.054	2.7197265625
6.055	2.71484375
6.056	2.7197265625
6.057	2.705078125
6.058	2.7099609375
6.059	2.7099609375
6.06	2.6953125
6.061	2.6953125
6.062	2.6953125
6.063	2.7001953125
6.064	2.705078125
6.065	2.7001953125
6.066	2.705078125
6.067	2.7197265625
6.068	2.71484375
6.069	2.724609375
6.07	2.7197265625
6.071	2.734375
6.072	2.7392578125
6.073	2.75390625
6.074	2.75390625
6.075	2.7685546875
6.076	2.783203125
6.077	2.79296875
6.078	2.7978515625
6.079	2.822265625
6.08	2.83203125
6.081	2.841796875
6.082	2.8515625
6.083	2.8759765625
6.084	2.8759765625
6.085	2.8857421875
6.086	2.8955078125
6.087	2.900390625
6.088	2.9150390625
6.088996	2.919921875
6.090004	2.9296875
6.091	2.939453125
6.092004	2.94921875
6.093004	2.958984375
6.094004	2.958984375
6.095004	2.958984375
6.096	2.9638671875
6.097	2.9638671875
6.098	2.9638671875
6.099	2.96875
6.1	2.96875
6.101	2.96875
6.102	2.9638671875
6.103	2.96875
6.104	2.958984375
6.105	2.94921875
6.106	2.9443359375
6.107	2.939453125
6.108	2.919921875
6.109	2.919921875
6.11	2.91015625
6.111	2.890625
6.112	2.8857421875
6.113	2.880859375
6.114	2.8759765625
6.115	2.8564453125
6.116	2.8515625
6.117	2.841796875
6.118	2.8271484375
6.119	2.8125
6.12	2.7978515625
6.121	2.7880859375
6.122	2.7783203125
6.123	2.7587890625
6.124	2.7490234375
6.125	2.744140625
6.126	2.7392578125
6.127	2.7294921875
6.128	2.724609375
6.129	2.724609375
6.13	2.7197265625
6.131	2.7099609375
6.132004	2.705078125
6.133	2.705078125
6.134004	2.705078125
6.135004	2.7099609375
6.136004	2.7001953125
6.137004	2.7001953125
6.138004	2.705078125
6.139	2.705078125
6.14	2.7099609375
6.141	2.705078125
6.142	2.7197265625
6.143	2.7294921875
6.144	2.7294921875
6.145	2.7392578125
6.146	2.734375
6.147	2.744140625
6.148	2.7587890625
6.149	2.7685546875
6.15	2.783203125
6.151	2.79296875
6.152	2.8125
6.153	2.8271484375
6.154	2.841796875
6.155	2.8564453125
6.156	2.8564453125
6.157	2.87109375
6.158	2.8857421875
6.159	2.8759765625
6.16	2.890625
6.161	2.9052734375
6.162	2.9150390625
6.163	2.9296875
6.164	2.9248046875
6.165	2.9443359375
6.166	2.9541015625
6.167	2.9541015625
6.168	2.9638671875
6.169	2.958984375
6.17	2.9638671875
6.171	2.96875
6.172	2.9638671875
6.173	2.96875
6.173996	2.9638671875
6.175004	2.96875
6.176	2.9638671875
6.177004	2.9541015625
6.178004	2.958984375
6.179004	2.9541015625
6.180004	2.9443359375
6.181	2.9345703125
6.182	2.9248046875
6.183	2.9248046875
6.184	2.9052734375
6.185	2.8955078125
6.186	2.880859375
6.187	2.87109375
6.188	2.87109375
6.189	2.8662109375
6.19	2.8515625
6.191	2.83203125
6.192	2.822265625
6.193	2.8173828125
6.194	2.802734375
6.195	2.7880859375
6.196	2.7783203125
6.197	2.763671875
6.198	2.75390625
6.199	2.7490234375
6.2	2.7392578125
6.201	2.7392578125
6.202	2.7294921875
6.203	2.7197265625
6.204	2.7099609375
6.205	2.7099609375
6.206	2.705078125
6.207	2.7001953125
6.208	2.705078125
6.209	2.705078125
6.21	2.7001953125
6.211	2.705078125
6.212	2.7001953125
6.213	2.705078125
6.214	2.7099609375
6.215	2.71484375
6.216	2.724609375
6.216996	2.724609375
6.218004	2.7294921875
6.219	2.734375
6.220004	2.744140625
6.221004	2.7587890625
6.222004	2.763671875
6.223004	2.7783203125
6.224	2.783203125
6.225	2.802734375
6.226	2.8076171875
6.227	2.822265625
6.228	2.83203125
6.229	2.8466796875
6.23	2.861328125
6.231	2.87109375
6.232	2.8759765625
6.233	2.8857421875
6.234	2.8955078125
6.235	2.91015625
6.236	2.9248046875
6.237	2.9248046875
6.238	2.9296875
6.239	2.9345703125
6.24	2.939453125
6.241	2.9541015625
6.242	2.9541015625
6.243	2.958984375
6.244	2.9638671875
6.245	2.958984375
6.246	2.958984375
6.247	2.9638671875
6.248	2.9638671875
6.249	2.958984375
6.25	2.958984375
6.251	2.958984375
6.252	2.94921875
6.253	2.94921875
6.254	2.939453125
6.255	2.939453125
6.256	2.9296875
6.257	2.919921875
6.258	2.91015625
6.259	2.890625
6.260004	2.8857421875
6.261	2.8662109375
6.262004	2.8662109375
6.263004	2.8564453125
6.264004	2.8466796875
6.265004	2.8369140625
6.266004	2.822265625
6.267	2.8076171875
6.268	2.79296875
6.269	2.7880859375
6.27	2.7783203125
6.271	2.763671875
6.272	2.7587890625
6.273	2.7490234375
6.274	2.744140625
6.275	2.7294921875
6.276	2.734375
6.277	2.7197265625
6.278	2.7197265625
6.279	2.7099609375
6.28	2.7197265625
6.281	2.705078125
6.282	2.705078125
6.283	2.7099609375
6.284	2.705078125
6.285	2.705078125
6.286	2.7099609375
6.287	2.71484375
6.288	2.7099609375
6.289	2.71484375
6.29	2.724609375
6.291	2.7294921875
6.292	2.7294921875
6.293	2.7392578125
6.294	2.744140625
6.295	2.7587890625
6.296	2.763671875
6.297	2.7783203125
6.298	2.7880859375
6.299	2.802734375
6.3	2.8173828125
6.301	2.822265625
6.301996	2.8369140625
6.303004	2.8515625
6.304	2.8515625
6.305004	2.87109375
6.306004	2.880859375
6.307004	2.8857421875
6.308004	2.8955078125
6.309	2.91015625
6.31	2.91015625
6.311	2.9248046875
6.312	2.9296875
6.313	2.9296875
6.314	2.94921875
6.315	2.9541015625
6.316	2.9541015625
6.317	2.9541015625
6.318	2.9541015625
6.319	2.9638671875
6.32	2.9638671875
6.321	2.9638671875
6.322	2.958984375
6.323	2.9638671875
6.324	2.9638671875
6.325	2.9541015625
6.326	2.94921875
6.327	2.939453125
6.328	2.9443359375
6.329	2.9345703125
6.33	2.9150390625
6.331	2.9150390625
6.332	2.9052734375
6.333	2.900390625
6.334	2.8955078125
6.335	2.8857421875
6.336	2.87109375
6.337	2.861328125
6.338	2.8466796875
6.339	2.83203125
6.34	2.8173828125
6.341	2.8173828125
6.342	2.7978515625
6.343	2.79296875
6.344	2.7783203125
6.344996	2.7685546875
6.346004	2.75390625
6.347	2.744140625
6.348004	2.734375
6.349004	2.734375
6.350004	2.7294921875
6.351004	2.724609375
6.352	2.724609375
6.353	2.71484375
6.354	2.71484375
6.355	2.705078125
6.356	2.71484375
6.357	2.7099609375
6.358	2.7099609375
6.359	2.7099609375
6.36	2.71484375
6.361	2.71484375
6.362	2.71484375
6.363	2.7197265625
6.364	2.724609375
6.365	2.7294921875
6.366	2.7392578125
6.367	2.744140625
6.368	2.7490234375
6.369	2.7587890625
6.37	2.763671875
6.371	2.7783203125
6.372	2.783203125
6.373	2.7978515625
6.374	2.8125
6.375	2.8271484375
6.376	2.83203125
6.377	2.8515625
6.378	2.861328125
6.379	2.87109375
6.38	2.880859375
6.381	2.880859375
6.382	2.8955078125
6.383	2.9052734375
6.384	2.91015625
6.385	2.9248046875
6.386	2.9296875
6.387	2.9345703125
6.388004	2.939453125
6.389	2.94921875
6.390004	2.9541015625
6.391004	2.94921875
6.392004	2.958984375
6.393004	2.958984375
6.394004	2.9638671875
6.395	2.9638671875
6.396	2.958984375
6.397	2.958984375
6.398	2.9541015625
6.399	2.94921875
6.4	2.94921875
6.401	2.9443359375
6.402	2.9345703125
6.403	2.9296875
6.404	2.9150390625
6.405	2.9150390625
6.406	2.900390625
6.407	2.890625
6.408	2.8857421875
6.409	2.8759765625
6.41	2.861328125
6.411	2.8466796875
6.412	2.841796875
6.413	2.8369140625
6.414	2.8271484375
6.415	2.802734375
6.416	2.79296875
6.417	2.7880859375
6.418	2.783203125
6.419	2.763671875
6.42	2.75390625
6.421	2.7490234375
6.422	2.734375
6.423	2.7392578125
6.424	2.7294921875
6.425	2.7294921875
6.426	2.724609375
6.427	2.71484375
6.428	2.71484375
6.429	2.71484375
6.429996	2.7099609375
6.431004	2.71484375
6.432	2.705078125
6.433004	2.71484375
6.434004	2.7099609375
6.435004	2.71484375
6.436004	2.71484375
6.437	2.7197265625
6.438	2.724609375
6.439	2.724609375
6.44	2.734375
6.441	2.744140625
6.442	2.75390625
6.443	2.75390625
6.444	2.763671875
6.445	2.783203125
6.446	2.79296875
6.447	2.7978515625
6.448	2.8076171875
6.449	2.83203125
6.45	2.8466796875
6.451	2.8564453125
6.452	2.8564453125
6.453	2.87109375
6.454	2.8759765625
6.455	2.880859375
6.456	2.8955078125
6.457	2.9052734375
6.458	2.919921875
6.459	2.9248046875
6.46	2.9296875
6.461	2.9296875
6.462	2.939453125
6.463	2.939453125
6.464	2.9541015625
6.465	2.958984375
6.466	2.9541015625
6.467	2.9638671875
6.468	2.9541015625
6.469	2.9638671875
6.47	2.9541015625
6.471	2.958984375
6.472	2.958984375
6.472996	2.94921875
6.474004	2.9443359375
6.475	2.9443359375
6.476004	2.919921875
6.477004	2.9248046875
6.478004	2.9248046875
6.479004	2.9150390625
6.48	2.91015625
6.481	2.8955078125
6.482	2.8759765625
6.483	2.87109375
6.484	2.861328125
6.485	2.8564453125
6.486	2.8369140625
6.487	2.83203125
6.488	2.8271484375
6.489	2.8076171875
6.49	2.79296875
6.491	2.783203125
6.492	2.783203125
6.493	2.7685546875
6.494	2.75390625
6.495	2.7490234375
6.496	2.7392578125
6.497	2.734375
6.498	2.734375
6.499	2.7197265625
6.5	2.724609375
6.501	2.724609375
6.502	2.7099609375
6.503	2.7197265625
6.504	2.7197265625
6.505	2.7099609375
6.506	2.7099609375
6.507	2.71484375
6.508	2.7099609375
6.509	2.7099609375
6.51	2.71484375
6.511	2.7197265625
6.512	2.7294921875
6.513	2.7294921875
6.514	2.7392578125
6.515	2.744140625
6.516004	2.7490234375
6.517	2.763671875
6.518004	2.7734375
6.519004	2.7880859375
6.520004	2.802734375
6.521004	2.8125
6.522004	2.8173828125
6.523	2.8271484375
6.524	2.8369140625
6.525	2.8515625
6.526	2.8662109375
6.527	2.87109375
6.528	2.880859375
6.529	2.880859375
6.53	2.890625
6.531	2.91015625
6.532	2.9150390625
6.533	2.919921875
6.534	2.9296875
6.535	2.9345703125
6.536	2.9443359375
6.537	2.9443359375
6.538	2.958984375
6.539	2.9541015625
6.54	2.958984375
6.541	2.958984375
6.542	2.9638671875
6.543	2.958984375
6.544	2.958984375
6.545	2.958984375
6.546	2.9541015625
6.547	2.9443359375
6.548	2.94921875
6.549	2.9345703125
6.55	2.9345703125
6.551	2.9248046875
6.552	2.9150390625
6.553	2.9150390625
6.554	2.900390625
6.555	2.8955078125
6.556	2.8759765625
6.557	2.8759765625
6.557996	2.8759765625
6.559004	2.8466796875
6.56	2.841796875
6.561004	2.8369140625
6.562004	2.822265625
6.563004	2.802734375
6.564004	2.79296875
6.565	2.79296875
6.566	2.783203125
6.567	2.7587890625
6.568	2.744140625
6.569	2.75390625
6.57	2.7392578125
6.571	2.7392578125
6.572	2.7294921875
6.573	2.724609375
6.574	2.724609375
6.575	2.7197265625
6.576	2.7197265625
6.577	2.7099609375
6.578	2.7197265625
6.579	2.7099609375
6.58	2.7099609375
6.581	2.71484375
6.582	2.7197265625
6.583	2.724609375
6.584	2.724609375
6.585	2.7197265625
6.586	2.734375
6.587	2.7294921875
6.588	2.7490234375
6.589	2.7490234375
6.59	2.75390625
6.591	2.763671875
6.592	2.7783203125
6.593	2.7783203125
6.594	2.7978515625
6.595	2.8076171875
6.596	2.822265625
6.597	2.8271484375
6.598	2.841796875
6.599	2.8515625
6.6	2.861328125
6.600996	2.8662109375
6.602004	2.880859375
6.603	2.8857421875
6.604004	2.8857421875
6.605004	2.9052734375
6.606004	2.9150390625
6.607004	2.919921875
6.608	2.9296875
6.609	2.9345703125
6.61	2.9345703125
6.611	2.939453125
6.612	2.9443359375
6.613	2.9541015625
6.614	2.94921875
6.615	2.958984375
6.616	2.9541015625
6.617	2.9541015625
6.618	2.958984375
6.619	2.9541015625
6.62	2.94921875
6.621	2.9443359375
6.622	2.9443359375
6.623	2.9345703125
6.624	2.9296875
6.625	2.9345703125
6.626	2.9150390625
6.627	2.900390625
6.628	2.8955078125
6.629	2.8857421875
6.63	2.880859375
6.631	2.87109375
6.632	2.861328125
6.633	2.8466796875
6.634	2.8369140625
6.635	2.8271484375
6.636	2.822265625
6.637	2.8125
6.638	2.7978515625
6.639	2.7880859375
6.64	2.783203125
6.641	2.7587890625
6.642	2.744140625
6.643	2.744140625
6.644004	2.744140625
6.645	2.734375
6.646004	2.7392578125
6.647004	2.734375
6.648004	2.7294921875
6.649004	2.724609375
6.650004	2.7197265625
6.651	2.71484375
6.652	2.71484375
6.653	2.71484375
6.654	2.724609375
6.655	2.7099609375
6.656	2.7197265625
6.657	2.724609375
6.658	2.724609375
6.659	2.724609375
6.66	2.7294921875
6.661	2.734375
6.662	2.7392578125
6.663	2.7490234375
6.664	2.7490234375
6.665	2.763671875
6.666	2.783203125
6.667	2.7880859375
6.668	2.8076171875
6.669	2.8076171875
6.67	2.8173828125
6.671	2.83203125
6.672	2.8369140625
6.673	2.8466796875
6.674	2.8662109375
6.675	2.8759765625
6.676	2.8759765625
6.677	2.880859375
6.678	2.890625
6.679	2.9052734375
6.68	2.91015625
6.681	2.9150390625
6.682	2.9296875
6.683	2.9296875
6.684	2.9345703125
6.685	2.939453125
6.685996	2.9443359375
6.687004	2.94921875
6.688	2.9541015625
6.689004	2.9541015625
6.690004	2.9443359375
6.691004	2.9541015625
6.692004	2.94921875
6.693	2.94921875
6.694	2.9443359375
6.695	2.9443359375
6.696	2.9443359375
6.697	2.9345703125
6.698	2.9345703125
6.699	2.9248046875
6.7	2.91015625
6.701	2.9052734375
6.702	2.8955078125
6.703	2.890625
6.704	2.87109375
6.705	2.87109375
6.706	2.8662109375
6.707	2.8466796875
6.708	2.83203125
6.709	2.8271484375
6.71	2.8173828125
6.711	2.8076171875
6.712	2.7978515625
6.713	2.79296875
6.714	2.783203125
6.715	2.7685546875
6.716	2.75390625
6.717	2.75390625
6.718	2.7490234375
6.719	2.734375
6.72	2.734375
6.721	2.7294921875
6.722	2.724609375
6.723	2.71484375
6.724	2.7197265625
6.725	2.724609375
6.726	2.7197265625
6.727	2.71484375
6.728	2.7197265625
6.728996	2.7197265625
6.730004	2.71484375
6.731	2.7197265625
6.732004	2.734375
6.733004	2.7294921875
6.734004	2.734375
6.735004	2.7294921875
6.736	2.734375
6.737	2.75390625
6.738	2.75390625
6.739	2.7685546875
6.74	2.7783203125
6.741	2.7880859375
6.742	2.7978515625
6.743	2.8076171875
6.744	2.8125
6.745	2.83203125
6.746	2.841796875
6.747	2.8564453125
6.748	2.8662109375
6.749	2.8662109375
6.75	2.87109375
6.751	2.890625
6.752	2.8955078125
6.753	2.9052734375
6.754	2.9150390625
6.755	2.919921875
6.756	2.9150390625
6.757	2.9345703125
6.758	2.939453125
6.759	2.939453125
6.76	2.94921875
6.761	2.94921875
6.762	2.9541015625
6.763	2.9541015625
6.764	2.94921875
6.765	2.94921875
6.766	2.94921875
6.767	2.94921875
6.768	2.9443359375
6.769	2.9443359375
6.77	2.9296875
6.771	2.9248046875
6.772004	2.9296875
6.773	2.9248046875
6.774004	2.9150390625
6.775004	2.900390625
6.776004	2.890625
6.777004	2.880859375
6.778004	2.8759765625
6.779	2.87109375
6.78	2.861328125
6.781	2.8564453125
6.782	2.8369140625
6.783	2.8271484375
6.784	2.822265625
6.785	2.8125
6.786	2.79296875
6.787	2.7880859375
6.788	2.7734375
6.789	2.763671875
6.79	2.75390625
6.791	2.744140625
6.792	2.744140625
6.793	2.734375
6.794	2.734375
6.795	2.734375
6.796	2.724609375
6.797	2.7294921875
6.798	2.724609375
6.799	2.724609375
6.8	2.71484375
6.801	2.7197265625
6.802	2.71484375
6.803	2.7099609375
6.804	2.71484375
6.805	2.7197265625
6.806	2.7294921875
6.807	2.734375
6.808	2.734375
6.809	2.734375
6.81	2.7490234375
6.811	2.75390625
6.812	2.7587890625
6.813	2.763671875
6.813996	2.783203125
6.815004	2.79296875
6.816	2.802734375
6.817004	2.8125
6.818004	2.83203125
6.819004	2.8369140625
6.820004	2.8369140625
6.821	2.8564453125
6.822	2.8662109375
6.823	2.8662109375
6.824	2.880859375
6.825	2.890625
6.826	2.890625
6.827	2.900390625
6.828	2.9150390625
6.829	2.919921875
6.83	2.9248046875
6.831	2.9248046875
6.832	2.9345703125
6.833	2.9345703125
6.834	2.939453125
6.835	2.9443359375
6.836	2.94921875
6.837	2.9541015625
6.838	2.94921875
6.839	2.9443359375
6.84	2.94921875
6.841	2.939453125
6.842	2.9443359375
6.843	2.939453125
6.844	2.9345703125
6.845	2.9248046875
6.846	2.9296875
6.847	2.919921875
6.848	2.9150390625
6.849	2.900390625
6.85	2.890625
6.851	2.8857421875
6.852	2.8759765625
6.853	2.87109375
6.854	2.8564453125
6.855	2.8515625
6.856	2.83203125
6.856996	2.822265625
6.858004	2.8076171875
6.859	2.7978515625
6.860004	2.79296875
6.861004	2.7783203125
6.862004	2.783203125
6.863004	2.7685546875
6.864	2.7587890625
6.865	2.75390625
6.866	2.744140625
6.867	2.7392578125
6.868	2.7294921875
6.869	2.734375
6.87	2.734375
6.871	2.724609375
6.872	2.7197265625
6.873	2.724609375
6.874	2.7099609375
6.875	2.7197265625
6.876	2.7197265625
6.877	2.7099609375
6.878	2.7294921875
6.879	2.724609375
6.88	2.7197265625
6.881	2.724609375
6.882	2.744140625
6.883	2.7392578125
6.884	2.7392578125
6.885	2.7490234375
6.886	2.7587890625
6.887	2.783203125
6.888	2.783203125
6.889	2.7880859375
6.89	2.8076171875
6.891	2.822265625
6.892	2.83203125
6.893	2.8369140625
6.894	2.8466796875
6.895	2.8564453125
6.896	2.8662109375
6.897	2.87109375
6.898	2.880859375
6.899	2.8857421875
6.900004	2.900390625
6.901	2.9052734375
6.902004	2.91015625
6.903004	2.919921875
6.904004	2.9248046875
6.905004	2.919921875
6.906004	2.9296875
6.907	2.9345703125
6.908	2.9443359375
6.909	2.9443359375
6.91	2.94921875
6.911	2.94921875
6.912	2.94921875
6.913	2.94921875
6.914	2.94921875
6.915	2.9345703125
6.916	2.9443359375
6.917	2.939453125
6.918	2.9296875
6.919	2.9296875
6.92	2.9296875
6.921	2.91015625
6.922	2.91015625
6.923	2.8955078125
6.924	2.890625
6.925	2.880859375
6.926	2.8759765625
6.927	2.861328125
6.928	2.861328125
6.929	2.8466796875
6.93	2.83203125
6.931	2.8271484375
6.932	2.8125
6.933	2.8076171875
6.934	2.79296875
6.935	2.79296875
6.936	2.7783203125
6.937	2.7685546875
6.938	2.763671875
6.939	2.7490234375
6.94	2.744140625
6.941	2.744140625
6.941996	2.734375
6.943004	2.734375
6.944	2.7294921875
6.945004	2.7294921875
6.946004	2.7294921875
6.947004	2.7294921875
6.948004	2.724609375
6.949	2.724609375
6.95	2.7197265625
6.951	2.724609375
6.952	2.7197265625
6.953	2.7197265625
6.954	2.7294921875
6.955	2.7392578125
6.956	2.7392578125
6.957	2.744140625
6.958	2.744140625
6.959	2.75390625
6.96	2.7685546875
6.961	2.7734375
6.962	2.783203125
6.963	2.7978515625
6.964	2.8076171875
6.965	2.822265625
6.966	2.83203125
6.967	2.8369140625
6.968	2.8515625
6.969	2.8515625
6.97	2.8759765625
6.971	2.87109375
6.972	2.87109375
6.973	2.880859375
6.974	2.8955078125
6.975	2.900390625
6.976	2.9052734375
6.977	2.9150390625
6.978	2.919921875
6.979	2.919921875
6.98	2.9296875
6.981	2.9345703125
6.982	2.9443359375
6.983	2.9345703125
6.984	2.9541015625
6.984996	2.94921875
6.986004	2.9443359375
6.987	2.9443359375
6.988004	2.94921875
6.989004	2.9345703125
6.990004	2.9345703125
6.991004	2.9296875
6.992	2.9248046875
6.993	2.9248046875
6.994	2.9248046875
6.995	2.9150390625
6.996	2.9052734375
6.997	2.900390625
6.998	2.890625
6.999	2.880859375
7.0	2.8759765625
7.001	2.8662109375
7.002	2.861328125
7.003	2.841796875
7.004	2.83203125
7.005	2.8271484375
7.006	2.8173828125
7.007	2.8076171875
7.008	2.79296875
7.009	2.79296875
7.01	2.7783203125
7.011	2.763671875
7.012	2.7587890625
7.013	2.7490234375
7.014	2.7392578125
7.015	2.7490234375
7.016	2.734375
7.017	2.734375
7.018	2.734375
7.019	2.7294921875
7.02	2.724609375
7.021	2.7197265625
7.022	2.7197265625
7.023	2.7197265625
7.024	2.7294921875
7.025	2.724609375
7.026	2.7197265625
7.027	2.724609375
7.028004	2.7294921875
7.029	2.734375
7.030004	2.7392578125
7.031004	2.744140625
7.032004	2.7490234375
7.033004	2.75390625
7.034004	2.763671875
7.035	2.7783203125
7.036	2.783203125
7.037	2.7978515625
7.038	2.8125
7.039	2.8125
7.04	2.8271484375
7.041	2.841796875
7.042	2.8466796875
7.043	2.861328125
7.044	2.8662109375
7.045	2.8759765625
7.046	2.880859375
7.047	2.8857421875
7.048	2.890625
7.049	2.9052734375
7.05	2.9052734375
7.051	2.919921875
7.052	2.919921875
7.053	2.9296875
7.054	2.919921875
7.055	2.939453125
7.056	2.9443359375
7.057	2.939453125
7.058	2.939453125
7.059	2.9443359375
7.06	2.939453125
7.061	2.9443359375
7.062	2.9443359375
7.063	2.9443359375
7.064	2.9345703125
7.065	2.9296875
7.066	2.9296875
7.067	2.919921875
7.068	2.919921875
7.069	2.9052734375
7.069996	2.9052734375
7.071004	2.8955078125
7.072	2.8857421875
7.073004	2.880859375
7.074004	2.8662109375
7.075004	2.8662109375
7.076004	2.8564453125
7.077	2.8466796875
7.078	2.8271484375
7.079	2.822265625
7.08	2.8125
7.081	2.8125
7.082	2.7978515625
7.083	2.7880859375
7.084	2.7880859375
7.085	2.763671875
7.086	2.763671875
7.087	2.7587890625
7.088	2.7490234375
7.089	2.744140625
7.09	2.734375
7.091	2.7392578125
7.092	2.734375
7.093	2.734375
7.094	2.7294921875
7.095	2.724609375
7.096	2.724609375
7.097	2.724609375
7.098	2.724609375
7.099	2.7294921875
7.1	2.7294921875
7.101	2.734375
7.102	2.7294921875
7.103	2.734375
7.104	2.744140625
7.105	2.7490234375
7.106	2.7587890625
7.107	2.7587890625
7.108	2.7685546875
7.109	2.7783203125
7.11	2.7880859375
7.111	2.7978515625
7.112	2.802734375
7.112996	2.8173828125
7.114004	2.8271484375
7.115	2.83203125
7.116004	2.8466796875
7.117004	2.861328125
7.118004	2.8564453125
7.119004	2.8759765625
7.12	2.880859375
7.121	2.8857421875
7.122	2.890625
7.123	2.8955078125
7.124	2.91015625
7.125	2.91015625
7.126	2.919921875
7.127	2.9248046875
7.128	2.9296875
7.129	2.9345703125
7.13	2.9345703125
7.131	2.939453125
7.132	2.9443359375
7.133	2.939453125
7.134	2.9443359375
7.135	2.9443359375
7.136	2.9443359375
7.137	2.939453125
7.138	2.9248046875
7.139	2.919921875
7.14	2.9296875
7.141	2.9296875
7.142	2.9150390625
7.143	2.9052734375
7.144	2.9052734375
7.145	2.8955078125
7.146	2.8857421875
7.147	2.880859375
7.148	2.8662109375
7.149	2.861328125
7.15	2.8564453125
7.151	2.8369140625
7.152	2.8369140625
7.153	2.8271484375
7.154	2.8125
7.155	2.802734375
7.156004	2.79296875
7.157	2.7880859375
7.158004	2.783203125
7.159004	2.7734375
7.160004	2.7685546875
7.161004	2.75390625
7.162004	2.75390625
7.163	2.744140625
7.164	2.744140625
7.165	2.734375
7.166	2.7294921875
7.167	2.734375
7.168	2.734375
7.169	2.7294921875
7.17	2.7294921875
7.171	2.7294921875
7.172	2.724609375
7.173	2.7294921875
7.174	2.734375
7.175	2.7294921875
7.176	2.7294921875
7.177	2.734375
7.178	2.744140625
7.179	2.7490234375
7.18	2.75390625
7.181	2.7587890625
7.182	2.7734375
7.183	2.783203125
7.184	2.79296875
7.185	2.802734375
7.186	2.8125
7.187	2.8125
7.188	2.8271484375
7.189	2.8369140625
7.19	2.8564453125
7.191	2.861328125
7.192	2.861328125
7.193	2.8662109375
7.194	2.8759765625
7.195	2.8857421875
7.196	2.900390625
7.197	2.900390625
7.197996	2.9052734375
7.199004	2.9150390625
7.2	2.9248046875
7.201004	2.919921875
7.202004	2.9296875
7.203004	2.9248046875
7.204004	2.9345703125
7.205	2.939453125
7.206	2.9443359375
7.207	2.9345703125
7.208	2.9443359375
7.209	2.9345703125
7.21	2.939453125
7.211	2.9443359375
7.212	2.9296875
7.213	2.9296875
7.214	2.919921875
7.215	2.9248046875
7.216	2.9150390625
7.217	2.91015625
7.218	2.8955078125
7.219	2.8955078125
7.22	2.8857421875
7.221	2.880859375
7.222	2.87109375
7.223	2.8662109375
7.224	2.841796875
7.225	2.8369140625
7.226	2.83203125
7.227	2.822265625
7.228	2.8125
7.229	2.802734375
7.23	2.7978515625
7.231	2.7880859375
7.232	2.7783203125
7.233	2.7783203125
7.234	2.7587890625
7.235	2.75390625
7.236	2.7490234375
7.237	2.744140625
7.238	2.7392578125
7.239	2.7392578125
7.24	2.734375
7.240996	2.734375
7.242004	2.724609375
7.243	2.7294921875
7.244004	2.724609375
7.245004	2.7294921875
7.246004	2.7294921875
7.247004	2.7294921875
7.248	2.7294921875
7.249	2.734375
7.25	2.7392578125
7.251	2.744140625
7.252	2.744140625
7.253	2.7490234375
7.254	2.7587890625
7.255	2.7685546875
7.256	2.7783203125
7.257	2.7880859375
7.258	2.7978515625
7.259	2.802734375
7.26	2.8125
7.261	2.822265625
7.262	2.8369140625
7.263	2.8369140625
7.264	2.8515625
7.265	2.8564453125
7.266	2.861328125
7.267	2.8662109375
7.268	2.8759765625
7.269	2.8857421875
7.27	2.8955078125
7.271	2.900390625
7.272	2.91015625
7.273	2.9150390625
7.274	2.919921875
7.275	2.9248046875
7.276	2.919921875
7.277	2.9296875
7.278	2.939453125
7.279	2.939453125
7.28	2.939453125
7.281	2.9443359375
7.282	2.9345703125
7.283	2.939453125
7.284004	2.939453125
7.285	2.9296875
7.286004	2.9296875
7.287004	2.9296875
7.288004	2.919921875
7.289004	2.919921875
7.290004	2.9150390625
7.291	2.900390625
7.292	2.8955078125
7.293	2.8955078125
7.294	2.8759765625
7.295	2.880859375
7.296	2.8759765625
7.297	2.8662109375
7.298	2.8515625
7.299	2.841796875
7.3	2.83203125
7.301	2.8271484375
7.302	2.8173828125
7.303	2.8076171875
7.304	2.802734375
7.305	2.7880859375
7.306	2.783203125
7.307	2.7734375
7.308	2.75390625
7.309	2.744140625
7.31	2.75390625
7.311	2.7392578125
7.312	2.744140625
7.313	2.734375
7.314	2.7294921875
7.315	2.734375
7.316	2.7294921875
7.317	2.724609375
7.318	2.7392578125
7.319	2.7294921875
7.32	2.724609375
7.321	2.7294921875
7.322	2.7294921875
7.323	2.7294921875
7.324	2.7294921875
7.325	2.744140625
7.325996	2.7392578125
7.327004	2.7587890625
7.328	2.75390625
7.329004	2.7685546875
7.330004	2.7734375
7.331004	2.783203125
7.332004	2.8076171875
7.333	2.802734375
7.334	2.8076171875
7.335	2.822265625
7.336	2.83203125
7.337	2.83203125
7.338	2.8466796875
7.339	2.8564453125
7.34	2.87109375
7.341	2.8759765625
7.342	2.8759765625
7.343	2.880859375
7.344	2.8955078125
7.345	2.890625
7.346	2.91015625
7.347	2.91015625
7.348	2.9150390625
7.349	2.9248046875
7.35	2.9296875
7.351	2.9296875
7.352	2.9296875
7.353	2.9345703125
7.354	2.939453125
7.355	2.939453125
7.356	2.939453125
7.357	2.9345703125
7.358	2.9345703125
7.359	2.9248046875
7.36	2.9296875
7.361	2.9248046875
7.362	2.9248046875
7.363	2.9150390625
7.364	2.91015625
7.365	2.91015625
7.366	2.900390625
7.367	2.890625
7.368	2.8857421875
7.368996	2.880859375
7.370004	2.8662109375
7.371	2.861328125
7.372004	2.8515625
7.373004	2.841796875
7.374004	2.822265625
7.375004	2.8271484375
7.376	2.8076171875
7.377	2.802734375
7.378	2.7978515625
7.379	2.783203125
7.38	2.7783203125
7.381	2.7734375
7.382	2.75390625
7.383	2.7490234375
7.384	2.7490234375
7.385	2.7490234375
7.386	2.7392578125
7.387	2.744140625
7.388	2.734375
7.389	2.734375
7.39	2.734375
7.391	2.7294921875
7.392	2.734375
7.393	2.724609375
7.394	2.7294921875
7.395	2.724609375
7.396	2.734375
7.397	2.734375
7.398	2.744140625
7.399	2.744140625
7.4	2.7490234375
7.401	2.75390625
7.402	2.75390625
7.403	2.763671875
7.404	2.783203125
7.405	2.7880859375
7.406	2.7880859375
7.407	2.7978515625
7.408	2.8076171875
7.409	2.8173828125
7.41	2.822265625
7.411	2.8369140625
7.412004	2.8564453125
7.413	2.861328125
7.414004	2.8662109375
7.415004	2.8662109375
7.416004	2.880859375
7.417004	2.8857421875
7.418004	2.890625
7.419	2.900390625
7.42	2.9052734375
7.421	2.91015625
7.422	2.9150390625
7.423	2.9248046875
7.424	2.919921875
7.425	2.9248046875
7.426	2.9296875
7.427	2.9296875
7.428	2.9443359375
7.429	2.9296875
7.43	2.939453125
7.431	2.9345703125
7.432	2.9248046875
7.433	2.9345703125
7.434	2.9248046875
7.435	2.9248046875
7.436	2.9248046875
7.437	2.919921875
7.438	2.9052734375
7.439	2.9052734375
7.44	2.8955078125
7.441	2.8857421875
7.442	2.8759765625
7.443	2.87109375
7.444	2.87109375
7.445	2.8564453125
7.446	2.8515625
7.447	2.841796875
7.448	2.822265625
7.449	2.8173828125
7.45	2.8125
7.451	2.802734375
7.452	2.7978515625
7.453	2.7880859375
7.453996	2.783203125
7.455004	2.7734375
7.456	2.763671875
7.457004	2.75390625
7.458004	2.7490234375
7.459004	2.744140625
7.460004	2.744140625
7.461	2.7392578125
7.462	2.7392578125
7.463	2.734375
7.464	2.7294921875
7.465	2.734375
7.466	2.7294921875
7.467	2.7294921875
7.468	2.7294921875
7.469	2.7294921875
7.47	2.734375
7.471	2.7392578125
7.472	2.7392578125
7.473	2.744140625
7.474	2.75390625
7.475	2.75390625
7.476	2.7587890625
7.477	2.763671875
7.478	2.7734375
7.479	2.7880859375
7.48	2.7978515625
7.481	2.802734375
7.482	2.8076171875
7.483	2.822265625
7.484	2.8271484375
7.485	2.841796875
7.486	2.8515625
7.487	2.861328125
7.488	2.8662109375
7.489	2.8662109375
7.49	2.8759765625
7.491	2.8857421875
7.492	2.8955078125
7.493	2.900390625
7.494	2.900390625
7.495	2.91015625
7.496	2.91015625
7.496996	2.9248046875
7.498004	2.9248046875
7.499	2.9248046875
7.500004	2.9345703125
7.501004	2.9345703125
7.502004	2.9248046875
7.503004	2.9296875
7.504	2.9296875
7.505	2.9345703125
7.506	2.9296875
7.507	2.9296875
7.508	2.919921875
7.509	2.9248046875
7.51	2.9248046875
7.511	2.91015625
7.512	2.9150390625
7.513	2.9052734375
7.514	2.900390625
7.515	2.890625
7.516	2.880859375
7.517	2.87109375
7.518	2.8662109375
7.519	2.8662109375
7.52	2.8466796875
7.521	2.841796875
7.522	2.83203125
7.523	2.822265625
7.524	2.8076171875
7.525	2.802734375
7.526	2.79296875
7.527	2.7978515625
7.528	2.783203125
7.529	2.7734375
7.53	2.763671875
7.531	2.75390625
7.532	2.7490234375
7.533	2.7490234375
7.534	2.7490234375
7.535	2.744140625
7.536	2.7392578125
7.537	2.7392578125
7.538	2.7294921875
7.539	2.7392578125
7.540004	2.7294921875
7.541	2.7392578125
7.542004	2.7294921875
7.543004	2.734375
7.544004	2.734375
7.545004	2.744140625
7.546004	2.7392578125
7.547	2.744140625
7.548	2.75390625
7.549	2.75390625
7.55	2.7587890625
7.551	2.7783203125
7.552	2.7783203125
7.553	2.79296875
7.554	2.802734375
7.555	2.802734375
7.556	2.8076171875
7.557	2.822265625
7.558	2.841796875
7.559	2.8466796875
7.56	2.861328125
7.561	2.8515625
7.562	2.861328125
7.563	2.87109375
7.564	2.8759765625
7.565	2.890625
7.566	2.890625
7.567	2.890625
7.568	2.8955078125
7.569	2.900390625
7.57	2.9150390625
7.571	2.9150390625
7.572	2.9248046875
7.573	2.9248046875
7.574	2.9345703125
7.575	2.9296875
7.576	2.919921875
7.577	2.9296875
7.578	2.9248046875
7.579	2.9345703125
7.58	2.9345703125
7.581	2.919921875
7.581996	2.9296875
7.583004	2.919921875
7.584	2.9150390625
7.585004	2.9052734375
7.586004	2.9150390625
7.587004	2.8955078125
7.588004	2.890625
7.589	2.880859375
7.59	2.8759765625
7.591	2.87109375
7.592	2.8662109375
7.593	2.861328125
7.594	2.8515625
7.595	2.841796875
7.596	2.8369140625
7.597	2.8173828125
7.598	2.8076171875
7.599	2.7978515625
7.6	2.7978515625
7.601	2.7978515625
7.602	2.7783203125
7.603	2.7783203125
7.604	2.763671875
7.605	2.7587890625
7.606	2.7587890625
7.607	2.744140625
7.608	2.7490234375
7.609	2.744140625
7.61	2.744140625
7.611	2.734375
7.612	2.7294921875
7.613	2.734375
7.614	2.734375
7.615	2.7294921875
7.616	2.734375
7.617	2.7392578125
7.618	2.7392578125
7.619	2.7392578125
7.62	2.7490234375
7.621	2.75390625
7.622	2.75390625
7.623	2.75390625
7.624	2.763671875
7.624996	2.7783203125
7.626004	2.7783203125
7.627	2.79296875
7.628004	2.802734375
7.629004	2.802734375
7.630004	2.8125
7.631004	2.822265625
7.632	2.83203125
7.633	2.841796875
7.634	2.8466796875
7.635	2.861328125
7.636	2.8662109375
7.637	2.8759765625
7.638	2.8759765625
7.639	2.880859375
7.64	2.890625
7.641	2.8955078125
7.642	2.9052734375
7.643	2.9150390625
7.644	2.9150390625
7.645	2.919921875
7.646	2.9248046875
7.647	2.9248046875
7.648	2.9248046875
7.649	2.9248046875
7.65	2.9296875
7.651	2.9345703125
7.652	2.9296875
7.653	2.9296875
7.654	2.9296875
7.655	2.9248046875
7.656	2.919921875
7.657	2.9150390625
7.658	2.91015625
7.659	2.91015625
7.66	2.9052734375
7.661	2.8955078125
7.662	2.8955078125
7.663	2.880859375
7.664	2.8759765625
7.665	2.87109375
7.666	2.8662109375
7.667	2.861328125
7.668004	2.8466796875
7.669	2.841796875
7.670004	2.8271484375
7.671004	2.8173828125
7.672004	2.8125
7.673004	2.802734375
7.674004	2.7978515625
7.675	2.79296875
7.676	2.783203125
7.677	2.7734375
7.678	2.763671875
7.679	2.75390625
7.68	2.75390625
7.681	2.75390625
7.682	2.7392578125
7.683	2.744140625
7.684	2.744140625
7.685	2.7294921875
7.686	2.7392578125
7.687	2.7294921875
7.688	2.734375
7.689	2.734375
7.69	2.734375
7.691	2.7294921875
7.692	2.7392578125
7.693	2.7392578125
7.694	2.7490234375
7.695	2.7490234375
7.696	2.7587890625
7.697	2.75390625
7.698	2.763671875
7.699	2.7783203125
7.7	2.7880859375
7.701	2.79296875
7.702	2.802734375
7.703	2.802734375
7.704	2.8173828125
7.705	2.8271484375
7.706	2.8369140625
7.707	2.841796875
7.708	2.8515625
7.709	2.861328125
7.709996	2.8662109375
7.711004	2.8662109375
7.712	2.880859375
7.713004	2.8857421875
7.714004	2.890625
7.715004	2.890625
7.716004	2.9052734375
7.717	2.9052734375
7.718	2.91015625
7.719	2.9248046875
7.72	2.9248046875
7.721	2.919921875
7.722	2.919921875
7.723	2.9296875
7.724	2.9296875
7.725	2.919921875
7.726	2.9248046875
7.727	2.9248046875
7.728	2.9248046875
7.729	2.9296875
7.73	2.9248046875
7.731	2.919921875
7.732	2.919921875
7.733	2.9052734375
7.734	2.9052734375
7.735	2.900390625
7.736	2.8857421875
7.737	2.880859375
7.738	2.8759765625
7.739	2.87109375
7.74	2.8662109375
7.741	2.8564453125
7.742	2.8466796875
7.743	2.841796875
7.744	2.822265625
7.745	2.822265625
7.746	2.802734375
7.747	2.802734375
7.748	2.802734375
7.749	2.783203125
7.75	2.783203125
7.751	2.7734375
7.752	2.763671875
7.752996	2.763671875
7.754004	2.75390625
7.755	2.75390625
7.756004	2.744140625
7.757004	2.7490234375
7.758004	2.744140625
7.759004	2.7392578125
7.76	2.744140625
7.761	2.7392578125
7.762	2.7392578125
7.763	2.7294921875
7.764	2.734375
7.765	2.7392578125
7.766	2.7392578125
7.767	2.7490234375
7.768	2.7490234375
7.769	2.75390625
7.77	2.7587890625
7.771	2.7587890625
7.772	2.7685546875
7.773	2.7783203125
7.774	2.783203125
7.775	2.7978515625
7.776	2.802734375
7.777	2.8125
7.778	2.822265625
7.779	2.83203125
7.78	2.8369140625
7.781	2.8466796875
7.782	2.8564453125
7.783	2.8564453125
7.784	2.87109375
7.785	2.87109375
7.786	2.880859375
7.787	2.880859375
7.788	2.900390625
7.789	2.8955078125
7.79	2.8955078125
7.791	2.9052734375
7.792	2.91015625
7.793	2.9150390625
7.794	2.919921875
7.795	2.919921875
7.796004	2.9150390625
7.797	2.9296875
7.798004	2.919921875
7.799004	2.9248046875
7.800004	2.9248046875
7.801004	2.9248046875
7.802004	2.9248046875
7.803	2.9248046875
7.804	2.9248046875
7.805	2.9150390625
7.806	2.91015625
7.807	2.91015625
7.808	2.8955078125
7.809	2.890625
7.81	2.8857421875
7.811	2.8759765625
7.812	2.87109375
7.813	2.87109375
7.814	2.861328125
7.815	2.8515625
7.816	2.8466796875
7.817	2.83203125
7.818	2.8271484375
7.819	2.8173828125
7.82	2.8125
7.821	2.7978515625
7.822	2.802734375
7.823	2.7880859375
7.824	2.783203125
7.825	2.7783203125
7.826	2.7587890625
7.827	2.75390625
7.828	2.7490234375
7.829	2.7490234375
7.83	2.7490234375
7.831	2.744140625
7.832	2.744140625
7.833	2.734375
7.834	2.7392578125
7.835	2.7392578125
7.836	2.734375
7.837	2.734375
7.837996	2.734375
7.839004	2.7392578125
7.84	2.744140625
7.841004	2.744140625
7.842004	2.7490234375
7.843004	2.75390625
7.844004	2.7490234375
7.845	2.75390625
7.846	2.763671875
7.847	2.7734375
7.848	2.7880859375
7.849	2.79296875
7.85	2.7978515625
7.851	2.8125
7.852	2.8173828125
7.853	2.8271484375
7.854	2.8369140625
7.855	2.8369140625
7.856	2.8564453125
7.857	2.861328125
7.858	2.8662109375
7.859	2.8759765625
7.86	2.880859375
7.861	2.880859375
7.862	2.8955078125
7.863	2.900390625
7.864	2.9052734375
7.865	2.9052734375
7.866	2.91015625
7.867	2.9248046875
7.868	2.919921875
7.869	2.9248046875
7.87	2.9296875
7.871	2.9248046875
7.872	2.9248046875
7.873	2.9248046875
7.874	2.9296875
7.875	2.9248046875
7.876	2.9296875
7.877	2.919921875
7.878	2.9150390625
7.879	2.9150390625
7.88	2.91015625
7.880996	2.9052734375
7.882004	2.900390625
7.883	2.890625
7.884004	2.890625
7.885004	2.880859375
7.886004	2.8759765625
7.887004	2.8759765625
7.888	2.8662109375
7.889	2.8466796875
7.89	2.8466796875
7.891	2.8369140625
7.892	2.8271484375
7.893	2.8125
7.894	2.8125
7.895	2.8076171875
7.896	2.7978515625
7.897	2.7880859375
7.898	2.7880859375
7.899	2.7783203125
7.9	2.7685546875
7.901	2.7587890625
7.902	2.75390625
7.903	2.7490234375
7.904	2.7490234375
7.905	2.7490234375
7.906	2.744140625
7.907	2.744140625
7.908	2.7392578125
7.909	2.7392578125
7.91	2.7392578125
7.911	2.7392578125
7.912	2.7392578125
7.913	2.7392578125
7.914	2.7490234375
7.915	2.75390625
7.916	2.75390625
7.917	2.75390625
7.918	2.7587890625
7.919	2.763671875
7.92	2.7734375
7.921	2.783203125
7.922	2.79296875
7.923	2.7978515625
7.924004	2.802734375
7.925	2.802734375
7.926004	2.8173828125
7.927004	2.822265625
7.928004	2.8369140625
7.929004	2.8515625
7.930004	2.8564453125
7.931	2.8662109375
7.932	2.8759765625
7.933	2.87109375
7.934	2.8759765625
7.935	2.8857421875
7.936	2.890625
7.937	2.9052734375
7.938	2.9052734375
7.939	2.900390625
7.94	2.91015625
7.941	2.9150390625
7.942	2.9248046875
7.943	2.9296875
7.944	2.9248046875
7.945	2.9296875
7.946	2.9296875
7.947	2.9296875
7.948	2.9248046875
7.949	2.9296875
7.95	2.919921875
7.951	2.919921875
7.952	2.919921875
7.953	2.9150390625
7.954	2.9150390625
7.955	2.900390625
7.956	2.890625
7.957	2.8955078125
7.958	2.880859375
7.959	2.8759765625
7.96	2.87109375
7.961	2.8662109375
7.962	2.861328125
7.963	2.8515625
7.964	2.841796875
7.965	2.83203125
7.965996	2.8271484375
7.967004	2.8076171875
7.968	2.8125
7.969004	2.7978515625
7.970004	2.79296875
7.971004	2.783203125
7.972004	2.7880859375
7.973	2.7734375
7.974	2.7734375
7.975	2.7587890625
7.976	2.7490234375
7.977	2.75390625
7.978	2.75390625
7.979	2.7392578125
7.98	2.7490234375
7.981	2.7392578125
7.982	2.7392578125
7.983	2.7490234375
7.984	2.744140625
7.985	2.7392578125
7.986	2.7392578125
7.987	2.734375
7.988	2.7392578125
7.989	2.75390625
7.99	2.7490234375
7.991	2.7587890625
7.992	2.75390625
7.993	2.7734375
7.994	2.7783203125
7.995	2.783203125
7.996	2.783203125
7.997	2.79296875
7.998	2.802734375
7.999	2.8076171875
8.0	2.8173828125
8.001	2.8271484375
8.002	2.83203125
8.003	2.8369140625
8.004	2.8466796875
8.005	2.861328125
8.006	2.8662109375
8.007	2.87109375
8.008	2.8662109375
8.008996	2.880859375
8.010004	2.8955078125
8.011	2.890625
8.012004	2.900390625
8.013004	2.9052734375
8.014004	2.9150390625
8.015004	2.91015625
8.016	2.919921875
8.017	2.9296875
8.018	2.9248046875
8.019	2.9248046875
8.02	2.9296875
8.021	2.9296875
8.022	2.9296875
8.023	2.9248046875
8.024	2.9248046875
8.025	2.919921875
8.026	2.91015625
8.027	2.91015625
8.028	2.9052734375
8.029	2.9052734375
8.03	2.900390625
8.031	2.8857421875
8.032	2.880859375
8.033	2.8759765625
8.034	2.87109375
8.035	2.8662109375
8.036	2.8564453125
8.037	2.8515625
8.038	2.8466796875
8.039	2.8369140625
8.04	2.83203125
8.041	2.822265625
8.042	2.8125
8.043	2.7978515625
8.044	2.7978515625
8.045	2.79296875
8.046	2.7880859375
8.047	2.7783203125
8.048	2.763671875
8.049	2.7587890625
8.05	2.75390625
8.051	2.75390625
8.052004	2.75390625
8.053	2.7490234375
8.054004	2.75390625
8.055004	2.744140625
8.056004	2.7392578125
8.057004	2.744140625
8.058004	2.744140625
8.059	2.7392578125
8.06	2.744140625
8.061	2.7392578125
8.062	2.7490234375
8.063	2.75390625
8.064	2.75390625
8.065	2.7490234375
8.066	2.763671875
8.067	2.7685546875
8.068	2.7783203125
8.069	2.7783203125
8.07	2.79296875
8.071	2.7978515625
8.072	2.7978515625
8.073	2.8173828125
8.074	2.8173828125
8.075	2.8173828125
8.076	2.8369140625
8.077	2.841796875
8.078	2.8564453125
8.079	2.861328125
8.08	2.8662109375
8.081	2.87109375
8.082	2.8759765625
8.083	2.8759765625
8.084	2.8955078125
8.085	2.8955078125
8.086	2.900390625
8.087	2.9052734375
8.088	2.9052734375
8.089	2.91015625
8.09	2.91015625
8.091	2.919921875
8.092	2.919921875
8.093	2.919921875
8.093996	2.919921875
8.095004	2.9296875
8.096	2.9150390625
8.097004	2.9296875
8.098004	2.919921875
8.099004	2.91015625
8.100004	2.9150390625
8.101	2.9052734375
8.102	2.9052734375
8.103	2.890625
8.104	2.8955078125
8.105	2.8759765625
8.106	2.880859375
8.107	2.8759765625
8.108	2.87109375
8.109	2.8662109375
8.11	2.861328125
8.111	2.8515625
8.112	2.841796875
8.113	2.83203125
8.114	2.822265625
8.115	2.8125
8.116	2.802734375
8.117	2.802734375
8.118	2.7978515625
8.119	2.7880859375
8.12	2.7880859375
8.121	2.783203125
8.122	2.7685546875
8.123	2.763671875
8.124	2.75390625
8.125	2.75390625
8.126	2.75390625
8.127	2.75390625
8.128	2.744140625
8.129	2.7490234375
8.13	2.744140625
8.131	2.7392578125
8.132	2.744140625
8.133	2.7392578125
8.134	2.744140625
8.135	2.7392578125
8.136	2.75390625
8.136996	2.75390625
8.138004	2.7587890625
8.139	2.7587890625
8.140004	2.75390625
8.141004	2.7734375
8.142004	2.783203125
8.143004	2.7783203125
8.144	2.79296875
8.145	2.802734375
8.146	2.7978515625
8.147	2.8125
8.148	2.8271484375
8.149	2.83203125
8.15	2.8369140625
8.151	2.8515625
8.152	2.8564453125
8.153	2.8662109375
8.154	2.87109375
8.155	2.8759765625
8.156	2.8759765625
8.157	2.880859375
8.158	2.8857421875
8.159	2.8955078125
8.16	2.900390625
8.161	2.9052734375
8.162	2.9052734375
8.163	2.9150390625
8.164	2.9150390625
8.165	2.9248046875
8.166	2.919921875
8.167	2.9248046875
8.168	2.9248046875
8.169	2.919921875
8.17	2.9248046875
8.171	2.9248046875
8.172	2.919921875
8.173	2.9150390625
8.174	2.91015625
8.175	2.91015625
8.176	2.91015625
8.177	2.8955078125
8.178	2.8955078125
8.179	2.890625
8.180004	2.8759765625
8.181	2.8759765625
8.182004	2.87109375
8.183004	2.87109375
8.184004	2.861328125
8.185004	2.8515625
8.186004	2.8369140625
8.187	2.8369140625
8.188	2.8271484375
8.189	2.8076171875
8.19	2.802734375
8.191	2.802734375
8.192	2.7978515625
8.193	2.7880859375
8.194	2.783203125
8.195	2.7734375
8.196	2.7587890625
8.197	2.763671875
8.198	2.75390625
8.199	2.7490234375
8.2	2.7490234375
8.201	2.75390625
8.202	2.744140625
8.203	2.7490234375
8.204	2.744140625
8.205	2.744140625
8.206	2.7392578125
8.207	2.7392578125
8.208	2.7392578125
8.209	2.744140625
8.21	2.7490234375
8.211	2.75390625
8.212	2.75390625
8.213	2.7587890625
8.214	2.7587890625
8.215	2.7685546875
8.216	2.7783203125
8.217	2.7880859375
8.218	2.7880859375
8.219	2.8076171875
8.22	2.8076171875
8.221	2.8125
8.221996	2.8271484375
8.223004	2.8271484375
8.224	2.8369140625
8.225004	2.841796875
8.226004	2.8466796875
8.227004	2.861328125
8.228004	2.861328125
8.229	2.8662109375
8.23	2.8759765625
8.231	2.880859375
8.232	2.880859375
8.233	2.8955078125
8.234	2.900390625
8.235	2.9052734375
8.236	2.9052734375
8.237	2.9150390625
8.238	2.9150390625
8.239	2.9248046875
8.24	2.919921875
8.241	2.919921875
8.242	2.9248046875
8.243	2.919921875
8.244	2.9248046875
8.245	2.9150390625
8.246	2.919921875
8.247	2.9150390625
8.248	2.91015625
8.249	2.91015625
8.25	2.900390625
8.251	2.900390625
8.252	2.890625
8.253	2.880859375
8.254	2.880859375
8.255	2.8759765625
8.256	2.8759765625
8.257	2.8759765625
8.258	2.8515625
8.259	2.8466796875
8.26	2.841796875
8.261	2.8369140625
8.262	2.8271484375
8.263	2.822265625
8.264	2.8125
8.264996	2.8076171875
8.266004	2.7978515625
8.267	2.7978515625
8.268004	2.7880859375
8.269004	2.7783203125
8.270004	2.7685546875
8.271004	2.7685546875
8.272	2.7587890625
8.273	2.7587890625
8.274	2.75390625
8.275	2.7490234375
8.276	2.7392578125
8.277	2.744140625
8.278	2.7392578125
8.279	2.75390625
8.28	2.744140625
8.281	2.7392578125
8.282	2.7490234375
8.283	2.7490234375
8.284	2.7490234375
8.285	2.7587890625
8.286	2.75390625
8.287	2.7587890625
8.288	2.7685546875
8.289	2.7783203125
8.29	2.7783203125
8.291	2.783203125
8.292	2.79296875
8.293	2.802734375
8.294	2.8076171875
8.295	2.8125
8.296	2.8271484375
8.297	2.8271484375
8.298	2.8369140625
8.299	2.8466796875
8.3	2.861328125
8.301	2.861328125
8.302	2.8662109375
8.303	2.8759765625
8.304	2.880859375
8.305	2.8759765625
8.306	2.8857421875
8.307	2.890625
8.308004	2.900390625
8.309	2.900390625
8.310004	2.9052734375
8.311004	2.9052734375
8.312004	2.9150390625
8.313004	2.91015625
8.314004	2.919921875
8.315	2.919921875
8.316	2.9248046875
8.317	2.9248046875
8.318	2.9248046875
8.319	2.919921875
8.32	2.91015625
8.321	2.9150390625
8.322	2.900390625
8.323	2.9052734375
8.324	2.900390625
8.325	2.890625
8.326	2.890625
8.327	2.880859375
8.328	2.8759765625
8.329	2.8759765625
8.33	2.8759765625
8.331	2.8662109375
8.332	2.8515625
8.333	2.8515625
8.334	2.841796875
8.335	2.8369140625
8.336	2.8173828125
8.337	2.8125
8.338	2.8076171875
8.339	2.802734375
8.34	2.7978515625
8.341	2.7880859375
8.342	2.783203125
8.343	2.7783203125
8.344	2.7783203125
8.345	2.763671875
8.346	2.7587890625
8.347	2.7490234375
8.348	2.75390625
8.349	2.7587890625
8.349996	2.744140625
8.351004	2.75390625
8.352	2.744140625
8.353004	2.7392578125
8.354004	2.744140625
8.355004	2.7490234375
8.356004	2.744140625
8.357	2.75390625
8.358	2.7490234375
8.359	2.7587890625
8.36	2.7587890625
8.361	2.763671875
8.362	2.7685546875
8.363	2.7783203125
8.364	2.7783203125
8.365	2.79296875
8.366	2.7978515625
8.367	2.802734375
8.368	2.8076171875
8.369	2.8173828125
8.37	2.822265625
8.371	2.8369140625
8.372	2.8466796875
8.373	2.8515625
8.374	2.8564453125
8.375	2.8662109375
8.376	2.8564453125
8.377	2.87109375
8.378	2.880859375
8.379	2.8857421875
8.38	2.880859375
8.381	2.890625
8.382	2.890625
8.383	2.9052734375
8.384	2.9052734375
8.385	2.9052734375
8.386	2.9052734375
8.387	2.9150390625
8.388	2.91015625
8.389	2.919921875
8.39	2.9150390625
8.391	2.9150390625
8.392	2.91015625
8.392996	2.91015625
8.394004	2.91015625
8.395	2.9150390625
8.396004	2.91015625
8.397004	2.91015625
8.398004	2.8955078125
8.399004	2.8955078125
8.4	2.880859375
8.401	2.8857421875
8.402	2.880859375
8.403	2.8759765625
8.404	2.87109375
8.405	2.8662109375
8.406	2.8466796875
8.407	2.841796875
8.408	2.8369140625
8.409	2.83203125
8.41	2.8173828125
8.411	2.822265625
8.412	2.8076171875
8.413	2.802734375
8.414	2.79296875
8.415	2.79296875
8.416	2.7880859375
8.417	2.783203125
8.418	2.7685546875
8.419	2.763671875
8.42	2.7587890625
8.421	2.7490234375
8.422	2.7587890625
8.423	2.75390625
8.424	2.744140625
8.425	2.75390625
8.426	2.744140625
8.427	2.7490234375
8.428	2.75390625
8.429	2.75390625
8.43	2.75390625
8.431	2.7490234375
8.432	2.7490234375
8.433	2.75390625
8.434	2.7587890625
8.435	2.763671875
8.436004	2.763671875
8.437	2.7783203125
8.438004	2.7880859375
8.439004	2.7978515625
8.440004	2.7978515625
8.441004	2.79296875
8.442004	2.8076171875
8.443	2.822265625
8.444	2.822265625
8.445	2.841796875
8.446	2.841796875
8.447	2.8515625
8.448	2.8564453125
8.449	2.861328125
8.45	2.87109375
8.451	2.8759765625
8.452	2.880859375
8.453	2.880859375
8.454	2.8857421875
8.455	2.890625
8.456	2.8955078125
8.457	2.900390625
8.458	2.91015625
8.459	2.91015625
8.46	2.9150390625
8.461	2.9150390625
8.462	2.919921875
8.463	2.9150390625
8.464	2.9150390625
8.465	2.919921875
8.466	2.91015625
8.467	2.9150390625
8.468	2.91015625
8.469	2.9052734375
8.47	2.91015625
8.471	2.9052734375
8.472	2.900390625
8.473	2.890625
8.474	2.8955078125
8.475	2.8857421875
8.476	2.880859375
8.477	2.8759765625
8.477996	2.8662109375
8.479004	2.861328125
8.48	2.8564453125
8.481004	2.8466796875
8.482004	2.8369140625
8.483004	2.822265625
8.484004	2.8271484375
8.485	2.8173828125
8.486	2.8125
8.487	2.7978515625
8.488	2.79296875
8.489	2.79296875
8.49	2.783203125
8.491	2.7783203125
8.492	2.7685546875
8.493	2.7587890625
8.494	2.7587890625
8.495	2.75390625
8.496	2.75390625
8.497	2.75390625
8.498	2.75390625
8.499	2.744140625
8.5	2.75390625
8.501	2.744140625
8.502	2.75390625
8.503	2.75390625
8.504	2.75390625
8.505	2.75390625
8.506	2.7490234375
8.507	2.7490234375
8.508	2.763671875
8.509	2.7685546875
8.51	2.7734375
8.511	2.7783203125
8.512	2.7880859375
8.513	2.7880859375
8.514	2.79296875
8.515	2.8076171875
8.516	2.8125
8.517	2.8173828125
8.518	2.8271484375
8.519	2.8369140625
8.52	2.8466796875
8.520996	2.8515625
8.522004	2.8564453125
8.523	2.861328125
8.524004	2.861328125
8.525004	2.8759765625
8.526004	2.880859375
8.527004	2.8857421875
8.528	2.8857421875
8.529	2.8955078125
8.53	2.8955078125
8.531	2.9052734375
8.532	2.9052734375
8.533	2.9052734375
8.534	2.91015625
8.535	2.91015625
8.536	2.9150390625
8.537	2.919921875
8.538	2.9052734375
8.539	2.9150390625
8.54	2.9150390625
8.541	2.91015625
8.542	2.9150390625
8.543	2.9052734375
8.544	2.91015625
8.545	2.900390625
8.546	2.8955078125
8.547	2.890625
8.548	2.890625
8.549	2.880859375
8.55	2.880859375
8.551	2.87109375
8.552	2.87109375
8.553	2.8662109375
8.554	2.8515625
8.555	2.8466796875
8.556	2.841796875
8.557	2.83203125
8.558	2.822265625
8.559	2.8125
8.56	2.802734375
8.561	2.7978515625
8.562	2.79296875
8.563	2.7880859375
8.564004	2.783203125
8.565	2.783203125
8.566004	2.7783203125
8.567004	2.763671875
8.568004	2.763671875
8.569004	2.7587890625
8.570004	2.7587890625
8.571	2.7490234375
8.572	2.7490234375
8.573	2.75390625
8.574	2.7490234375
8.575	2.7490234375
8.576	2.75390625
8.577	2.75390625
8.578	2.7490234375
8.579	2.75390625
8.58	2.7490234375
8.581	2.7587890625
8.582	2.7685546875
8.583	2.7685546875
8.584	2.7734375
8.585	2.783203125
8.586	2.7880859375
8.587	2.7880859375
8.588	2.7978515625
8.589	2.8076171875
8.59	2.7978515625
8.591	2.8125
8.592	2.8271484375
8.593	2.83203125
8.594	2.841796875
8.595	2.861328125
8.596	2.861328125
8.597	2.861328125
8.598	2.8662109375
8.599	2.8759765625
8.6	2.8759765625
8.601	2.8759765625
8.602	2.890625
8.603	2.890625
8.604	2.900390625
8.605	2.8955078125
8.605996	2.900390625
8.607004	2.900390625
8.608	2.91015625
8.609004	2.91015625
8.610004	2.9052734375
8.611004	2.9150390625
8.612004	2.91015625
8.613	2.91015625
8.614	2.91015625
8.615	2.9150390625
8.616	2.9052734375
8.617	2.91015625
8.618	2.900390625
8.619	2.900390625
8.62	2.900390625
8.621	2.890625
8.622	2.8857421875
8.623	2.8857421875
8.624	2.8759765625
8.625	2.87109375
8.626	2.87109375
8.627	2.861328125
8.628	2.8515625
8.629	2.8466796875
8.63	2.8369140625
8.631	2.822265625
8.632	2.8271484375
8.633	2.8076171875
8.634	2.802734375
8.635	2.7978515625
8.636	2.79296875
8.637	2.7880859375
8.638	2.783203125
8.639	2.783203125
8.64	2.7783203125
8.641	2.763671875
8.642	2.763671875
8.643	2.75390625
8.644	2.75390625
8.645	2.7587890625
8.646	2.7587890625
8.647	2.7587890625
8.648	2.7490234375
8.648996	2.7587890625
8.650004	2.7490234375
8.651	2.75390625
8.652004	2.75390625
8.653004	2.7587890625
8.654004	2.75390625
8.655004	2.7587890625
8.656	2.7587890625
8.657	2.763671875
8.658	2.7734375
8.659	2.783203125
8.66	2.783203125
8.661	2.7978515625
8.662	2.802734375
8.663	2.8076171875
8.664	2.8125
8.665	2.8173828125
8.666	2.822265625
8.667	2.8369140625
8.668	2.841796875
8.669	2.8564453125
8.67	2.861328125
8.671	2.8662109375
8.672	2.8662109375
8.673	2.8759765625
8.674	2.8759765625
8.675	2.880859375
8.676	2.890625
8.677	2.890625
8.678	2.8955078125
8.679	2.8955078125
8.68	2.8955078125
8.681	2.91015625
8.682	2.9052734375
8.683	2.9052734375
8.684	2.9150390625
8.685	2.91015625
8.686	2.919921875
8.687	2.91015625
8.688	2.9150390625
8.689	2.9052734375
8.69	2.9052734375
8.691	2.91015625
8.692004	2.8955078125
8.693	2.890625
8.694004	2.8955078125
8.695004	2.880859375
8.696004	2.8759765625
8.697004	2.8759765625
8.698004	2.8759765625
8.699	2.87109375
8.7	2.8662109375
8.701	2.8515625
8.702	2.8515625
8.703	2.841796875
8.704	2.8369140625
8.705	2.8369140625
8.706	2.822265625
8.707	2.8173828125
8.708	2.8125
8.709	2.7978515625
8.71	2.7978515625
8.711	2.79296875
8.712	2.7880859375
8.713	2.783203125
8.714	2.7734375
8.715	2.7685546875
8.716	2.763671875
8.717	2.763671875
8.718	2.7490234375
8.719	2.75390625
8.72	2.75390625
8.721	2.75390625
8.722	2.7490234375
8.723	2.75390625
8.724	2.7490234375
8.725	2.7587890625
8.726	2.75390625
8.727	2.7490234375
8.728	2.7587890625
8.729	2.7587890625
8.73	2.763671875
8.731	2.7685546875
8.732	2.7783203125
8.733	2.7880859375
8.733996	2.79296875
8.735004	2.79296875
8.736	2.7978515625
8.737004	2.802734375
8.738004	2.8125
8.739004	2.822265625
8.740004	2.8271484375
8.741	2.83203125
8.742	2.8369140625
8.743	2.8466796875
8.744	2.8662109375
8.745	2.8662109375
8.746	2.8662109375
8.747	2.8759765625
8.748	2.8759765625
8.749	2.8857421875
8.75	2.8857421875
8.751	2.8857421875
8.752	2.890625
8.753	2.890625
8.754	2.9052734375
8.755	2.900390625
8.756	2.91015625
8.757	2.91015625
8.758	2.91015625
8.759	2.9052734375
8.76	2.9150390625
8.761	2.91015625
8.762	2.91015625
8.763	2.9052734375
8.764	2.9052734375
8.765	2.900390625
8.766	2.9052734375
8.767	2.8955078125
8.768	2.8955078125
8.769	2.8857421875
8.77	2.8857421875
8.771	2.880859375
8.772	2.8759765625
8.773	2.87109375
8.774	2.8662109375
8.775	2.861328125
8.776	2.8515625
8.776996	2.841796875
8.778004	2.841796875
8.779	2.822265625
8.780004	2.8125
8.781004	2.8125
8.782004	2.822265625
8.783004	2.802734375
8.784	2.7978515625
8.785	2.7880859375
8.786	2.7880859375
8.787	2.7783203125
8.788	2.7783203125
8.789	2.763671875
8.79	2.763671875
8.791	2.7587890625
8.792	2.75390625
8.793	2.75390625
8.794	2.7490234375
8.795	2.7490234375
8.796	2.7490234375
8.797	2.75390625
8.798	2.7587890625
8.799	2.75390625
8.8	2.75390625
8.801	2.75390625
8.802	2.75390625
8.803	2.7587890625
8.804	2.7685546875
8.805	2.7783203125
8.806	2.7783203125
8.807	2.7880859375
8.808	2.7880859375
8.809	2.7978515625
8.81	2.7978515625
8.811	2.8076171875
8.812	2.8125
8.813	2.822265625
8.814	2.83203125
8.815	2.8369140625
8.816	2.8369140625
8.817	2.8515625
8.818	2.8564453125
8.819	2.8662109375
8.820004	2.8662109375
8.821	2.8759765625
8.822004	2.8759765625
8.823004	2.880859375
8.824004	2.880859375
8.825004	2.8857421875
8.826004	2.8955078125
8.827	2.8955078125
8.828	2.9052734375
8.829	2.9052734375
8.83	2.9052734375
8.831	2.9052734375
8.832	2.91015625
8.833	2.91015625
8.834	2.9052734375
8.835	2.9052734375
8.836	2.9052734375
8.837	2.9052734375
8.838	2.9052734375
8.839	2.900390625
8.84	2.8955078125
8.841	2.8955078125
8.842	2.8857421875
8.843	2.880859375
8.844	2.8759765625
8.845	2.8759765625
8.846	2.8759765625
8.847	2.8662109375
8.848	2.8662109375
8.849	2.8564453125
8.85	2.8515625
8.851	2.8369140625
8.852	2.83203125
8.853	2.8271484375
8.854	2.8173828125
8.855	2.8125
8.856	2.7978515625
8.857	2.8125
8.858	2.79296875
8.859	2.79296875
8.86	2.7880859375
8.861	2.783203125
8.861996	2.7734375
8.863004	2.763671875
8.864	2.763671875
8.865004	2.763671875
8.866004	2.763671875
8.867004	2.744140625
8.868004	2.75390625
8.869	2.75390625
8.87	2.7490234375
8.871	2.75390625
8.872	2.7490234375
8.873	2.7490234375
8.874	2.75390625
8.875	2.75390625
8.876	2.763671875
8.877	2.7587890625
8.878	2.7685546875
8.879	2.7783203125
8.88	2.7783203125
8.881	2.7880859375
8.882	2.7880859375
8.883	2.79296875
8.884	2.802734375
8.885	2.8125
8.886	2.8173828125
8.887	2.8271484375
8.888	2.8271484375
8.889	2.8369140625
8.89	2.8369140625
8.891	2.841796875
8.892	2.8515625
8.893	2.861328125
8.894	2.87109375
8.895	2.8759765625
8.896	2.8662109375
8.897	2.880859375
8.898	2.880859375
8.899	2.890625
8.9	2.8955078125
8.901	2.890625
8.902	2.8955078125
8.903	2.9052734375
8.904	2.9052734375
8.904996	2.9052734375
8.906004	2.91015625
8.907	2.9052734375
8.908004	2.91015625
8.909004	2.9052734375
8.910004	2.9052734375
8.911004	2.91015625
8.912	2.9052734375
8.913	2.8955078125
8.914	2.890625
8.915	2.8857421875
8.916	2.8857421875
8.917	2.890625
8.918	2.87109375
8.919	2.87109375
8.92	2.8662109375
8.921	2.87109375
8.922	2.861328125
8.923	2.8564453125
8.924	2.841796875
8.925	2.83203125
8.926	2.8369140625
8.927	2.8271484375
8.928	2.8173828125
8.929	2.8125
8.93	2.8076171875
8.931	2.8125
8.932	2.7978515625
8.933	2.7978515625
8.934	2.7880859375
8.935	2.7734375
8.936	2.7783203125
8.937	2.7587890625
8.938	2.763671875
8.939	2.763671875
8.94	2.763671875
8.941	2.7490234375
8.942	2.75390625
8.943	2.75390625
8.944	2.7587890625
8.945	2.7490234375
8.946	2.7587890625
8.947	2.744140625
8.948004	2.7490234375
8.949	2.7587890625
8.950004	2.7587890625
8.951004	2.7685546875
8.952004	2.763671875
8.953004	2.7783203125
8.954004	2.7783203125
8.955	2.7880859375
8.956	2.802734375
8.957	2.7978515625
8.958	2.802734375
8.959	2.8076171875
8.96	2.8173828125
8.961	2.822265625
8.962	2.83203125
8.963	2.8369140625
8.964	2.841796875
8.965	2.8466796875
8.966	2.8515625
8.967	2.8662109375
8.968	2.87109375
8.969	2.87109375
8.97	2.8759765625
8.971	2.8759765625
8.972	2.8857421875
8.973	2.880859375
8.974	2.8955078125
8.975	2.890625
8.976	2.8955078125
8.977	2.8955078125
8.978	2.9052734375
8.979	2.9052734375
8.98	2.900390625
8.981	2.9052734375
8.982	2.900390625
8.983	2.9052734375
8.984	2.9052734375
8.985	2.9052734375
8.986	2.9052734375
8.987	2.890625
8.988	2.890625
8.989	2.890625
8.989996	2.880859375
8.991004	2.8759765625
8.992	2.8759765625
8.993004	2.87109375
8.994004	2.87109375
8.995004	2.8662109375
8.996004	2.8564453125
8.997	2.861328125
8.998	2.8466796875
8.999	2.841796875
9.0	2.8271484375
9.001	2.8369140625
9.002	2.8271484375
9.003	2.8125
9.004	2.8125
9.005	2.8125
9.006	2.7978515625
9.007	2.783203125
9.008	2.7880859375
9.009	2.783203125
9.01	2.7783203125
9.011	2.7734375
9.012	2.7685546875
9.013	2.763671875
9.014	2.7587890625
9.015	2.75390625
9.016	2.7490234375
9.017	2.7490234375
9.018	2.7587890625
9.019	2.7490234375
9.02	2.7587890625
9.021	2.75390625
9.022	2.75390625
9.023	2.75390625
9.024	2.7587890625
9.025	2.763671875
9.026	2.7734375
9.027	2.7783203125
9.028	2.7880859375
9.029	2.7880859375
9.03	2.79296875
9.031	2.7978515625
9.032	2.802734375
9.032996	2.8125
9.034004	2.8271484375
9.035	2.8271484375
9.036004	2.83203125
9.037004	2.8369140625
9.038004	2.8466796875
9.039004	2.8564453125
9.04	2.8515625
9.041	2.8564453125
9.042	2.87109375
9.043	2.87109375
9.044	2.8759765625
9.045	2.8857421875
9.046	2.8857421875
9.047	2.8857421875
9.048	2.890625
9.049	2.8955078125
9.05	2.890625
9.051	2.900390625
9.052	2.9052734375
9.053	2.91015625
9.054	2.900390625
9.055	2.9052734375
9.056	2.9052734375
9.057	2.9052734375
9.058	2.9052734375
9.059	2.9052734375
9.06	2.900390625
9.061	2.8955078125
9.062	2.8955078125
9.063	2.890625
9.064	2.8857421875
9.065	2.8857421875
9.066	2.8857421875
9.067	2.8759765625
9.068	2.87109375
9.069	2.8564453125
9.07	2.861328125
9.071	2.8515625
9.072	2.8466796875
9.073	2.841796875
9.074	2.83203125
9.075	2.8173828125
9.076004	2.8125
9.077	2.822265625
9.078004	2.8125
9.079004	2.79296875
9.080004	2.802734375
9.081004	2.79296875
9.082004	2.79296875
9.083	2.7783203125
9.084	2.7734375
9.085	2.7734375
9.086	2.7734375
9.087	2.7587890625
9.088	2.763671875
9.089	2.7587890625
9.09	2.75390625
9.091	2.7490234375
9.092	2.7490234375
9.093	2.7490234375
9.094	2.75390625
9.095	2.7587890625
9.096	2.75390625
9.097	2.7587890625
9.098	2.7587890625
9.099	2.7685546875
9.1	2.7734375
9.101	2.7783203125
9.102	2.7880859375
9.103	2.783203125
9.104	2.79296875
9.105	2.802734375
9.106	2.8125
9.107	2.8076171875
9.108	2.8173828125
9.109	2.8271484375
9.11	2.8369140625
9.111	2.841796875
9.112	2.841796875
9.113	2.8564453125
9.114	2.8515625
9.115	2.8564453125
9.116	2.8662109375
9.117	2.8759765625
9.117996	2.8759765625
9.119004	2.8857421875
9.12	2.8759765625
9.121004	2.8857421875
9.122004	2.890625
9.123004	2.900390625
9.124004	2.8857421875
9.125	2.8955078125
9.126	2.900390625
9.127	2.9052734375
9.128	2.900390625
9.129	2.91015625
9.13	2.900390625
9.131	2.9052734375
9.132	2.9052734375
9.133	2.900390625
9.134	2.8955078125
9.135	2.8857421875
9.136	2.8955078125
9.137	2.8857421875
9.138	2.8857421875
9.139	2.880859375
9.14	2.880859375
9.141	2.87109375
9.142	2.87109375
9.143	2.8662109375
9.144	2.8662109375
9.145	2.8564453125
9.146	2.8515625
9.147	2.8369140625
9.148	2.841796875
9.149	2.8271484375
9.15	2.8173828125
9.151	2.8173828125
9.152	2.8125
9.153	2.7978515625
9.154	2.802734375
9.155	2.79296875
9.156	2.7880859375
9.157	2.783203125
9.158	2.7783203125
9.159	2.7783203125
9.16	2.7685546875
9.160996	2.7685546875
9.162004	2.7685546875
9.163	2.7587890625
9.164004	2.7587890625
9.165004	2.7587890625
9.166004	2.75390625
9.167004	2.7587890625
9.168	2.7490234375
9.169	2.763671875
9.17	2.75390625
9.171	2.763671875
9.172	2.763671875
9.173	2.7734375
9.174	2.7734375
9.175	2.783203125
9.176	2.783203125
9.177	2.79296875
9.178	2.7880859375
9.179	2.79296875
9.18	2.802734375
9.181	2.8173828125
9.182	2.822265625
9.183	2.8173828125
9.184	2.8369140625
9.185	2.83203125
9.186	2.8369140625
9.187	2.8466796875
9.188	2.861328125
9.189	2.861328125
9.19	2.8662109375
9.191	2.8759765625
9.192	2.8759765625
9.193	2.880859375
9.194	2.880859375
9.195	2.8857421875
9.196	2.8955078125
9.197	2.8955078125
9.198	2.890625
9.199	2.890625
9.2	2.9052734375
9.201	2.900390625
9.202	2.9052734375
9.203	2.9052734375
9.204004	2.9052734375
9.205	2.9052734375
9.206004	2.900390625
9.207004	2.900390625
9.208004	2.890625
9.209004	2.900390625
9.210004	2.8955078125
9.211	2.8857421875
9.212	2.8857421875
9.213	2.8857421875
9.214	2.8759765625
9.215	2.880859375
9.216	2.8759765625
9.217	2.87109375
9.218	2.87109375
9.219	2.8515625
9.22	2.8466796875
9.221	2.83203125
9.222	2.822265625
9.223	2.822265625
9.224	2.822265625
9.225	2.8076171875
9.226	2.8076171875
9.227	2.7978515625
9.228	2.79296875
9.229	2.7978515625
9.23	2.7880859375
9.231	2.783203125
9.232	2.783203125
9.233	2.7734375
9.234	2.7685546875
9.235	2.763671875
9.236	2.763671875
9.237	2.75390625
9.238	2.75390625
9.239	2.7490234375
9.24	2.7490234375
9.241	2.7587890625
9.242	2.75390625
9.243	2.763671875
9.244	2.763671875
9.245	2.7587890625
9.245996	2.763671875
9.247004	2.7685546875
9.248	2.7734375
9.249004	2.783203125
9.250004	2.783203125
9.251004	2.7880859375
9.252004	2.7978515625
9.253	2.79296875
9.254	2.802734375
9.255	2.8125
9.256	2.8271484375
9.257	2.8271484375
9.258	2.8271484375
9.259	2.841796875
9.26	2.8515625
9.261	2.8515625
9.262	2.8662109375
9.263	2.8662109375
9.264	2.8662109375
9.265	2.87109375
9.266	2.880859375
9.267	2.880859375
9.268	2.8759765625
9.269	2.880859375
9.27	2.8955078125
9.271	2.900390625
9.272	2.8955078125
9.273	2.890625
9.274	2.900390625
9.275	2.9052734375
9.276	2.9052734375
9.277	2.9052734375
9.278	2.9052734375
9.279	2.9052734375
9.28	2.9052734375
9.281	2.9052734375
9.282	2.8955078125
9.283	2.8955078125
9.284	2.8955078125
9.285	2.8857421875
9.286	2.880859375
9.287	2.880859375
9.288	2.880859375
9.288996	2.8759765625
9.290004	2.8662109375
9.291	2.8662109375
9.292004	2.8564453125
9.293004	2.8515625
9.294004	2.841796875
9.295004	2.8369140625
9.296	2.8271484375
9.297	2.822265625
9.298	2.8173828125
9.299	2.8125
9.3	2.802734375
9.301	2.802734375
9.302	2.79296875
9.303	2.79296875
9.304	2.783203125
9.305	2.783203125
9.306	2.783203125
9.307	2.7734375
9.308	2.763671875
9.309	2.7685546875
9.31	2.7587890625
9.311	2.763671875
9.312	2.763671875
9.313	2.763671875
9.314	2.75390625
9.315	2.7587890625
9.316	2.7587890625
9.317	2.7587890625
9.318	2.7587890625
9.319	2.763671875
9.32	2.763671875
9.321	2.783203125
9.322	2.7783203125
9.323	2.7783203125
9.324	2.7880859375
9.325	2.79296875
9.326	2.7880859375
9.327	2.8076171875
9.328	2.8125
9.329	2.8125
9.33	2.8125
9.331	2.83203125
9.332004	2.8369140625
9.333	2.8369140625
9.334004	2.8466796875
9.335004	2.8515625
9.336004	2.8564453125
9.337004	2.8564453125
9.338004	2.8662109375
9.339	2.87109375
9.34	2.8759765625
9.341	2.8857421875
9.342	2.8857421875
9.343	2.880859375
9.344	2.890625
9.345	2.8955078125
9.346	2.8955078125
9.347	2.8955078125
9.348	2.900390625
9.349	2.9052734375
9.35	2.8955078125
9.351	2.900390625
9.352	2.900390625
9.353	2.900390625
9.354	2.8955078125
9.355	2.890625
9.356	2.8955078125
9.357	2.8955078125
9.358	2.8955078125
9.359	2.880859375
9.36	2.890625
9.361	2.8759765625
9.362	2.8857421875
9.363	2.8662109375
9.364	2.8759765625
9.365	2.861328125
9.366	2.8564453125
9.367	2.8515625
9.368	2.841796875
9.369	2.8369140625
9.37	2.8369140625
9.371	2.8173828125
9.372	2.8173828125
9.373	2.8125
9.373996	2.8076171875
9.375004	2.802734375
9.376	2.7978515625
9.377004	2.7978515625
9.378004	2.7880859375
9.379004	2.7880859375
9.380004	2.783203125
9.381	2.7734375
9.382	2.7685546875
9.383	2.7685546875
9.384	2.763671875
9.385	2.75390625
9.386	2.7587890625
9.387	2.7587890625
9.388	2.75390625
9.389	2.763671875
9.39	2.763671875
9.391	2.763671875
9.392	2.763671875
9.393	2.763671875
9.394	2.7587890625
9.395	2.7783203125
9.396	2.7783203125
9.397	2.783203125
9.398	2.79296875
9.399	2.7880859375
9.4	2.7978515625
9.401	2.802734375
9.402	2.8076171875
9.403	2.8173828125
9.404	2.8125
9.405	2.83203125
9.406	2.8369140625
9.407	2.841796875
9.408	2.8515625
9.409	2.8466796875
9.41	2.861328125
9.411	2.861328125
9.412	2.87109375
9.413	2.87109375
9.414	2.8759765625
9.415	2.880859375
9.416	2.880859375
9.416996	2.890625
9.418004	2.890625
9.419	2.900390625
9.420004	2.890625
9.421004	2.8955078125
9.422004	2.900390625
9.423004	2.890625
9.424	2.9052734375
9.425	2.9052734375
9.426	2.9052734375
9.427	2.8955078125
9.428	2.900390625
9.429	2.900390625
9.43	2.8955078125
9.431	2.8955078125
9.432	2.890625
9.433	2.880859375
9.434	2.880859375
9.435	2.8857421875
9.436	2.880859375
9.437	2.8662109375
9.438	2.87109375
9.439	2.861328125
9.44	2.8564453125
9.441	2.8515625
9.442	2.8515625
9.443	2.8369140625
9.444	2.83203125
9.445	2.8271484375
9.446	2.8125
9.447	2.8173828125
9.448	2.8125
9.449	2.7978515625
9.45	2.79296875
9.451	2.79296875
9.452	2.7880859375
9.453	2.783203125
9.454	2.783203125
9.455	2.7734375
9.456	2.7783203125
9.457	2.7685546875
9.458	2.7685546875
9.459	2.7587890625
9.460004	2.7587890625
9.461	2.75390625
9.462004	2.75390625
9.463004	2.7587890625
9.464004	2.7587890625
9.465004	2.763671875
9.466004	2.763671875
9.467	2.7734375
9.468	2.7734375
9.469	2.7734375
9.47	2.783203125
9.471	2.7880859375
9.472	2.7880859375
9.473	2.7880859375
9.474	2.79296875
9.475	2.802734375
9.476	2.8076171875
9.477	2.8125
9.478	2.8173828125
9.479	2.822265625
9.48	2.83203125
9.481	2.841796875
9.482	2.8515625
9.483	2.8564453125
9.484	2.8564453125
9.485	2.861328125
9.486	2.87109375
9.487	2.8759765625
9.488	2.87109375
9.489	2.8857421875
9.49	2.880859375
9.491	2.890625
9.492	2.890625
9.493	2.8857421875
9.494	2.8955078125
9.495	2.8955078125
9.496	2.900390625
9.497	2.900390625
9.498	2.900390625
9.499	2.900390625
9.5	2.890625
9.501	2.8955078125
9.501996	2.8955078125
9.503004	2.8955078125
9.504	2.890625
9.505004	2.8857421875
9.506004	2.880859375
9.507004	2.8857421875
9.508004	2.880859375
9.509	2.8759765625
9.51	2.87109375
9.511	2.87109375
9.512	2.87109375
9.513	2.861328125
9.514	2.8564453125
9.515	2.8515625
9.516	2.8466796875
9.517	2.8369140625
9.518	2.83203125
9.519	2.822265625
9.52	2.822265625
9.521	2.8076171875
9.522	2.8173828125
9.523	2.79296875
9.524	2.79296875
9.525	2.7978515625
9.526	2.783203125
9.527	2.79296875
9.528	2.7880859375
9.529	2.7783203125
9.53	2.7783203125
9.531	2.7685546875
9.532	2.763671875
9.533	2.7587890625
9.534	2.7685546875
9.535	2.7587890625
9.536	2.7587890625
9.537	2.763671875
9.538	2.763671875
9.539	2.7685546875
9.54	2.763671875
9.541	2.7685546875
9.542	2.7734375
9.543	2.7783203125
9.544	2.7880859375
9.544996	2.783203125
9.546004	2.783203125
9.547	2.79296875
9.548004	2.79296875
9.549004	2.7978515625
9.550004	2.8125
9.551004	2.8173828125
9.552	2.822265625
9.553	2.8271484375
9.554	2.8369140625
9.555	2.8466796875
9.556	2.8466796875
9.557	2.8515625
9.558	2.8564453125
9.559	2.861328125
9.56	2.8564453125
9.561	2.8759765625
9.562	2.87109375
9.563	2.8759765625
9.564	2.8759765625
9.565	2.880859375
9.566	2.890625
9.567	2.8955078125
9.568	2.890625
9.569	2.8955078125
9.57	2.8955078125
9.571	2.8955078125
9.572	2.900390625
9.573	2.890625
9.574	2.8955078125
9.575	2.900390625
9.576	2.8955078125
9.577	2.8955078125
9.578	2.8955078125
9.579	2.8857421875
9.58	2.8857421875
9.581	2.8857421875
9.582	2.8759765625
9.583	2.8759765625
9.584	2.8662109375
9.585	2.87109375
9.586	2.8662109375
9.587	2.861328125
9.588004	2.8466796875
9.589	2.8515625
9.590004	2.8466796875
9.591004	2.8369140625
9.592004	2.8271484375
9.593004	2.822265625
9.594004	2.822265625
9.595	2.8125
9.596	2.802734375
9.597	2.802734375
9.598	2.802734375
9.599	2.79296875
9.6	2.7880859375
9.601	2.7783203125
9.602	2.783203125
9.603	2.7783203125
9.604	2.7783203125
9.605	2.7734375
9.606	2.763671875
9.607	2.763671875
9.608	2.763671875
9.609	2.763671875
9.61	2.763671875
9.611	2.763671875
9.612	2.763671875
9.613	2.7587890625
9.614	2.7685546875
9.615	2.7685546875
9.616	2.7783203125
9.617	2.7734375
9.618	2.7783203125
9.619	2.7783203125
9.62	2.79296875
9.621	2.7880859375
9.622	2.7978515625
9.623	2.802734375
9.624	2.8076171875
9.625	2.8125
9.626	2.8173828125
9.627	2.8369140625
9.628	2.83203125
9.629	2.83203125
9.629996	2.8466796875
9.631004	2.8564453125
9.632	2.8564453125
9.633004	2.8662109375
9.634004	2.87109375
9.635004	2.87109375
9.636004	2.8759765625
9.637	2.8759765625
9.638	2.880859375
9.639	2.8857421875
9.64	2.8857421875
9.641	2.8857421875
9.642	2.8955078125
9.643	2.8955078125
9.644	2.8955078125
9.645	2.8955078125
9.646	2.900390625
9.647	2.900390625
9.648	2.8955078125
9.649	2.8955078125
9.65	2.8955078125
9.651	2.8857421875
9.652	2.8955078125
9.653	2.8857421875
9.654	2.8857421875
9.655	2.880859375
9.656	2.8759765625
9.657	2.8759765625
9.658	2.87109375
9.659	2.87109375
9.66	2.861328125
9.661	2.861328125
9.662	2.8515625
9.663	2.8515625
9.664	2.8466796875
9.665	2.83203125
9.666	2.83203125
9.667	2.822265625
9.668	2.8173828125
9.669	2.8125
9.67	2.8076171875
9.671	2.802734375
9.672	2.802734375
9.672996	2.783203125
9.674004	2.79296875
9.675	2.783203125
9.676004	2.7880859375
9.677004	2.7783203125
9.678004	2.7734375
9.679004	2.7734375
9.68	2.7685546875
9.681	2.7685546875
9.682	2.7685546875
9.683	2.75390625
9.684	2.7587890625
9.685	2.75390625
9.686	2.7587890625
9.687	2.763671875
9.688	2.7685546875
9.689	2.7734375
9.69	2.7685546875
9.691	2.783203125
9.692	2.7880859375
9.693	2.79296875
9.694	2.7880859375
9.695	2.7978515625
9.696	2.7978515625
9.697	2.8076171875
9.698	2.8125
9.699	2.8125
9.7	2.822265625
9.701	2.822265625
9.702	2.841796875
9.703	2.841796875
9.704	2.8515625
9.705	2.8515625
9.706	2.8515625
9.707	2.861328125
9.708	2.8662109375
9.709	2.87109375
9.71	2.8759765625
9.711	2.880859375
9.712	2.880859375
9.713	2.880859375
9.714	2.8857421875
9.715	2.8857421875
9.716004	2.8955078125
9.717	2.8955078125
9.718004	2.8955078125
9.719004	2.8955078125
9.720004	2.890625
9.721004	2.8955078125
9.722004	2.8955078125
9.723	2.8955078125
9.724	2.8955078125
9.725	2.8955078125
9.726	2.8857421875
9.727	2.8857421875
9.728	2.880859375
9.729	2.880859375
9.73	2.8857421875
9.731	2.8759765625
9.732	2.8759765625
9.733	2.8662109375
9.734	2.87109375
9.735	2.8662109375
9.736	2.8564453125
9.737	2.8466796875
9.738	2.83203125
9.739	2.841796875
9.74	2.8271484375
9.741	2.822265625
9.742	2.8076171875
9.743	2.822265625
9.744	2.8125
9.745	2.8125
9.746	2.7978515625
9.747	2.7978515625
9.748	2.79296875
9.749	2.7880859375
9.75	2.7783203125
9.751	2.783203125
9.752	2.7734375
9.753	2.7734375
9.754	2.7587890625
9.755	2.7734375
9.756	2.7685546875
9.757	2.7685546875
9.757996	2.7685546875
9.759004	2.763671875
9.76	2.763671875
9.761004	2.7734375
9.762004	2.7734375
9.763004	2.7783203125
9.764004	2.7783203125
9.765	2.783203125
9.766	2.783203125
9.767	2.7880859375
9.768	2.7880859375
9.769	2.7978515625
9.77	2.8076171875
9.771	2.7978515625
9.772	2.8125
9.773	2.8173828125
9.774	2.822265625
9.775	2.8271484375
9.776	2.83203125
9.777	2.8369140625
9.778	2.8515625
9.779	2.861328125
9.78	2.861328125
9.781	2.861328125
9.782	2.87109375
9.783	2.87109375
9.784	2.8662109375
9.785	2.8759765625
9.786	2.880859375
9.787	2.87109375
9.788	2.8857421875
9.789	2.890625
9.79	2.8857421875
9.791	2.8955078125
9.792	2.8955078125
9.793	2.8955078125
9.794	2.8955078125
9.795	2.8955078125
9.796	2.8955078125
9.797	2.8955078125
9.798	2.8955078125
9.799	2.8955078125
9.8	2.8955078125
9.800996	2.8857421875
9.802004	2.890625
9.803	2.880859375
9.804004	2.8857421875
9.805004	2.8857421875
9.806004	2.87109375
9.807004	2.87109375
9.808	2.87109375
9.809	2.8662109375
9.81	2.861328125
9.811	2.8515625
9.812	2.841796875
9.813	2.822265625
9.814	2.8271484375
9.815	2.822265625
9.816	2.8173828125
9.817	2.822265625
9.818	2.8125
9.819	2.802734375
9.82	2.8076171875
9.821	2.7978515625
9.822	2.79296875
9.823	2.7880859375
9.824	2.783203125
9.825	2.783203125
9.826	2.7734375
9.827	2.7783203125
9.828	2.7734375
9.829	2.7685546875
9.83	2.7685546875
9.831	2.7685546875
9.832	2.7685546875
9.833	2.763671875
9.834	2.7685546875
9.835	2.763671875
9.836	2.7783203125
9.837	2.7783203125
9.838	2.7783203125
9.839	2.783203125
9.84	2.783203125
9.841	2.7978515625
9.842	2.7978515625
9.843	2.802734375
9.844004	2.7978515625
9.845	2.8076171875
9.846004	2.8076171875
9.847004	2.8125
9.848004	2.8271484375
9.849004	2.83203125
9.850004	2.8369140625
9.851	2.8466796875
9.852	2.8515625
9.853	2.8564453125
9.854	2.8564453125
9.855	2.8564453125
9.856	2.861328125
9.857	2.87109375
9.858	2.8759765625
9.859	2.87109375
9.86	2.880859375
9.861	2.8857421875
9.862	2.890625
9.863	2.890625
9.864	2.8955078125
9.865	2.8955078125
9.866	2.8955078125
9.867	2.8955078125
9.868	2.900390625
9.869	2.8955078125
9.87	2.8955078125
9.871	2.8955078125
9.872	2.8955078125
9.873	2.8857421875
9.874	2.8857421875
9.875	2.8857421875
9.876	2.8759765625
9.877	2.880859375
9.878	2.880859375
9.879	2.8759765625
9.88	2.8759765625
9.881	2.87109375
9.882	2.8662109375
9.883	2.861328125
9.884	2.8564453125
9.885	2.8466796875
9.885996	2.83203125
9.887004	2.8271484375
9.888	2.8271484375
9.889004	2.822265625
9.890004	2.8125
9.891004	2.8076171875
9.892004	2.8173828125
9.893	2.802734375
9.894	2.7978515625
9.895	2.7978515625
9.896	2.79296875
9.897	2.783203125
9.898	2.7783203125
9.899	2.783203125
9.9	2.7783203125
9.901	2.7783203125
9.902	2.7734375
9.903	2.763671875
9.904	2.7685546875
9.905	2.7734375
9.906	2.7685546875
9.907	2.7734375
9.908	2.763671875
9.909	2.7734375
9.91	2.7734375
9.911	2.783203125
9.912	2.7783203125
9.913	2.783203125
9.914	2.783203125
9.915	2.79296875
9.916	2.79296875
9.917	2.7978515625
9.918	2.8076171875
9.919	2.8076171875
9.92	2.8125
9.921	2.8173828125
9.922	2.822265625
9.923	2.8369140625
9.924	2.841796875
9.925	2.841796875
9.926	2.8515625
9.927	2.8515625
9.928	2.861328125
9.928996	2.861328125
9.930004	2.861328125
9.931	2.87109375
9.932004	2.87109375
9.933004	2.880859375
9.934004	2.8759765625
9.935004	2.880859375
9.936	2.8857421875
9.937	2.880859375
9.938	2.8857421875
9.939	2.8857421875
9.94	2.8955078125
9.941	2.890625
9.942	2.8955078125
9.943	2.8955078125
9.944	2.8955078125
9.945	2.8857421875
9.946	2.8955078125
9.947	2.8857421875
9.948	2.880859375
9.949	2.880859375
9.95	2.8759765625
9.951	2.8857421875
9.952	2.8759765625
9.953	2.8759765625
9.954	2.87109375
9.955	2.87109375
9.956	2.8662109375
9.957	2.8564453125
9.958	2.8466796875
9.959	2.8466796875
9.96	2.8369140625
9.961	2.8271484375
9.962	2.83203125
9.963	2.822265625
9.964	2.8125
9.965	2.8125
9.966	2.8173828125
9.967	2.802734375
9.968	2.7880859375
9.969	2.7978515625
9.97	2.79296875
9.971	2.783203125
9.972004	2.783203125
9.973	2.783203125
9.974004	2.7783203125
9.975004	2.7783203125
9.976004	2.7783203125
9.977004	2.7783203125
9.978004	2.7685546875
9.979	2.7685546875
9.98	2.7685546875
9.981	2.763671875
9.982	2.7685546875
9.983	2.7734375
9.984	2.7685546875
9.985	2.7783203125
9.986	2.783203125
9.987	2.7880859375
9.988	2.7880859375
9.989	2.783203125
9.99	2.7978515625
9.991	2.802734375
9.992	2.802734375
9.993	2.802734375
9.994	2.822265625
9.995	2.822265625
9.996	2.8271484375
9.997	2.83203125
9.998	2.83203125
9.999	2.841796875
10.0	2.8466796875
10.001	2.8466796875
10.002	2.861328125
10.003	2.8564453125
10.004	2.8662109375
10.005	2.8662109375
10.006	2.8759765625
10.007	2.8759765625
10.008	2.8759765625
10.009	2.880859375
10.01	2.890625
10.011	2.880859375
10.012	2.890625
10.013	2.890625
10.013996	2.8955078125
10.015004	2.890625
10.016	2.8955078125
10.017004	2.890625
10.018004	2.890625
10.019004	2.890625
10.020004	2.890625
10.021	2.890625
10.022	2.8857421875
10.023	2.890625
10.024	2.880859375
10.025	2.880859375
10.026	2.880859375
10.027	2.8759765625
10.028	2.8662109375
10.029	2.8662109375
10.03	2.8564453125
10.031	2.8564453125
10.032	2.8515625
10.033	2.841796875
10.034	2.83203125
10.035	2.8369140625
10.036	2.83203125
10.037	2.8271484375
10.038	2.8173828125
10.039	2.8173828125
10.04	2.8173828125
10.041	2.79296875
10.042	2.802734375
10.043	2.7978515625
10.044	2.7978515625
10.045	2.79296875
10.046	2.7880859375
10.047	2.783203125
10.048	2.7783203125
10.049	2.7783203125
10.05	2.7734375
10.051	2.7783203125
10.052	2.7734375
10.053	2.763671875
10.054	2.7685546875
10.055	2.7685546875
10.056	2.7734375
10.056996	2.7734375
10.058004	2.7783203125
10.059	2.783203125
10.060004	2.783203125
10.061004	2.7880859375
10.062004	2.783203125
10.063004	2.7880859375
10.064	2.7978515625
10.065	2.802734375
10.066	2.802734375
10.067	2.8125
10.068	2.8125
10.069	2.8173828125
10.07	2.822265625
10.071	2.83203125
10.072	2.83203125
10.073	2.8369140625
10.074	2.8466796875
10.075	2.8466796875
10.076	2.861328125
10.077	2.861328125
10.078	2.8564453125
10.079	2.87109375
10.08	2.8759765625
10.081	2.880859375
10.082	2.8759765625
10.083	2.8857421875
10.084	2.880859375
10.085	2.880859375
10.086	2.880859375
10.087	2.890625
10.088	2.8955078125
10.089	2.8955078125
10.09	2.890625
10.091	2.890625
10.092	2.890625
10.093	2.890625
10.094	2.8955078125
10.095	2.8857421875
10.096	2.890625
10.097	2.880859375
10.098	2.8857421875
10.099	2.880859375
10.100004	2.87109375
10.101	2.8759765625
10.102004	2.87109375
10.103004	2.87109375
10.104004	2.861328125
10.105004	2.861328125
10.106004	2.8466796875
10.107	2.8466796875
10.108	2.8369140625
10.109	2.83203125
10.11	2.8369140625
10.111	2.822265625
10.112	2.822265625
10.113	2.822265625
10.114	2.8125
10.115	2.7978515625
10.116	2.802734375
10.117	2.79296875
10.118	2.79296875
10.119	2.7880859375
10.12	2.7880859375
10.121	2.783203125
10.122	2.783203125
10.123	2.7783203125
10.124	2.7783203125
10.125	2.7734375
10.126	2.7783203125
10.127	2.7734375
10.128	2.7783203125
10.129	2.7685546875
10.13	2.7783203125
10.131	2.7783203125
10.132	2.7734375
10.133	2.7783203125
10.134	2.7734375
10.135	2.7880859375
10.136	2.783203125
10.137	2.79296875
10.138	2.7978515625
10.139	2.79296875
10.14	2.7978515625
10.141	2.8125
10.141996	2.8173828125
10.143004	2.8173828125
10.144	2.8369140625
10.145004	2.83203125
10.146004	2.841796875
10.147004	2.8466796875
10.148004	2.8466796875
10.149	2.8564453125
10.15	2.8515625
10.151	2.8662109375
10.152	2.8662109375
10.153	2.8759765625
10.154	2.8662109375
10.155	2.8759765625
10.156	2.880859375
10.157	2.880859375
10.158	2.8759765625
10.159	2.8857421875
10.16	2.8857421875
10.161	2.880859375
10.162	2.890625
10.163	2.8955078125
10.164	2.8955078125
10.165	2.8955078125
10.166	2.890625
10.167	2.890625
10.168	2.880859375
10.169	2.8857421875
10.17	2.880859375
10.171	2.8759765625
10.172	2.8759765625
10.173	2.880859375
10.174	2.8759765625
10.175	2.87109375
10.176	2.8662109375
10.177	2.8564453125
10.178	2.861328125
10.179	2.8564453125
10.18	2.8515625
10.181	2.8466796875
10.182	2.8369140625
10.183	2.822265625
10.184	2.8271484375
10.184996	2.8271484375
10.186004	2.8125
10.187	2.8173828125
10.188004	2.8076171875
10.189004	2.7978515625
10.190004	2.7978515625
10.191004	2.79296875
10.192	2.7978515625
10.193	2.783203125
10.194	2.783203125
10.195	2.783203125
10.196	2.783203125
10.197	2.7783203125
10.198	2.7783203125
10.199	2.7783203125
10.2	2.7734375
10.201	2.7734375
10.202	2.7734375
10.203	2.7783203125
10.204	2.7734375
10.205	2.7783203125
10.206	2.7734375
10.207	2.783203125
10.208	2.7880859375
10.209	2.7880859375
10.21	2.79296875
10.211	2.802734375
10.212	2.802734375
10.213	2.802734375
10.214	2.8076171875
10.215	2.8125
10.216	2.8076171875
10.217	2.8271484375
10.218	2.822265625
10.219	2.8369140625
10.22	2.841796875
10.221	2.841796875
10.222	2.8466796875
10.223	2.8564453125
10.224	2.8564453125
10.225	2.861328125
10.226	2.8662109375
10.227	2.87109375
10.228004	2.880859375
10.229	2.880859375
10.230004	2.880859375
10.231004	2.880859375
10.232004	2.8857421875
10.233004	2.8857421875
10.234004	2.8857421875
10.235	2.890625
10.236	2.890625
10.237	2.900390625
10.238	2.8857421875
10.239	2.8955078125
10.24	2.8955078125
10.241	2.890625
10.242	2.8857421875
10.243	2.8857421875
10.244	2.8857421875
10.245	2.8759765625
10.246	2.880859375
10.247	2.880859375
10.248	2.8759765625
10.249	2.87109375
10.25	2.87109375
10.251	2.861328125
10.252	2.8662109375
10.253	2.861328125
10.254	2.8515625
10.255	2.841796875
10.256	2.8369140625
10.257	2.8271484375
10.258	2.822265625
10.259	2.8271484375
10.26	2.822265625
10.261	2.8271484375
10.262	2.8076171875
10.263	2.7978515625
10.264	2.802734375
10.265	2.79296875
10.266	2.7880859375
10.267	2.7880859375
10.268	2.783203125
10.269	2.7880859375
10.269996	2.7783203125
10.271004	2.783203125
10.272	2.7783203125
10.273004	2.7734375
10.274004	2.7734375
10.275004	2.7783203125
10.276004	2.7783203125
10.277	2.7783203125
10.278	2.7685546875
10.279	2.7783203125
10.28	2.7734375
10.281	2.783203125
10.282	2.7783203125
10.283	2.7880859375
10.284	2.79296875
10.285	2.79296875
10.286	2.802734375
10.287	2.7978515625
10.288	2.8076171875
10.289	2.8125
10.29	2.8173828125
10.291	2.822265625
10.292	2.8271484375
10.293	2.8369140625
10.294	2.8369140625
10.295	2.8515625
10.296	2.8466796875
10.297	2.8515625
10.298	2.8564453125
10.299	2.861328125
10.3	2.8662109375
10.301	2.87109375
10.302	2.87109375
10.303	2.880859375
10.304	2.8759765625
10.305	2.880859375
10.306	2.8857421875
10.307	2.8857421875
10.308	2.8857421875
10.309	2.8857421875
10.31	2.890625
10.311	2.890625
10.312	2.890625
10.312996	2.890625
10.314004	2.890625
10.315	2.8857421875
10.316004	2.8857421875
10.317004	2.890625
10.318004	2.8857421875
10.319004	2.8857421875
10.32	2.880859375
10.321	2.880859375
10.322	2.87109375
10.323	2.87109375
10.324	2.8662109375
10.325	2.87109375
10.326	2.8662109375
10.327	2.8564453125
10.328	2.8564453125
10.329	2.841796875
10.33	2.83203125
10.331	2.8369140625
10.332	2.8271484375
10.333	2.8271484375
10.334	2.8173828125
10.335	2.8076171875
10.336	2.7978515625
10.337	2.802734375
10.338	2.802734375
10.339	2.7978515625
10.34	2.79296875
10.341	2.7880859375
10.342	2.7783203125
10.343	2.783203125
10.344	2.7783203125
10.345	2.783203125
10.346	2.7783203125
10.347	2.7783203125
10.348	2.7783203125
10.349	2.7734375
10.35	2.7783203125
10.351	2.7685546875
10.352	2.7734375
10.353	2.7734375
10.354	2.7783203125
10.355	2.783203125
10.356004	2.7880859375
10.357	2.7880859375
10.358004	2.7978515625
10.359004	2.79296875
10.360004	2.7978515625
10.361004	2.8076171875
10.362004	2.8076171875
10.363	2.8125
10.364	2.822265625
10.365	2.822265625
10.366	2.8271484375
10.367	2.8369140625
10.368	2.83203125
10.369	2.8466796875
10.37	2.8564453125
10.371	2.8466796875
10.372	2.861328125
10.373	2.8564453125
10.374	2.861328125
10.375	2.87109375
10.376	2.87109375
10.377	2.8759765625
10.378	2.880859375
10.379	2.8759765625
10.38	2.8857421875
10.381	2.8759765625
10.382	2.890625
10.383	2.8759765625
10.384	2.880859375
10.385	2.880859375
10.386	2.8955078125
10.387	2.8955078125
10.388	2.880859375
10.389	2.890625
10.39	2.880859375
10.391	2.8857421875
10.392	2.880859375
10.393	2.880859375
10.394	2.880859375
10.395	2.8759765625
10.396	2.87109375
10.397	2.87109375
10.397996	2.87109375
10.399004	2.861328125
10.4	2.861328125
10.401004	2.8564453125
10.402004	2.841796875
10.403004	2.8466796875
10.404004	2.841796875
10.405	2.8271484375
10.406	2.8271484375
10.407	2.8271484375
10.408	2.8125
10.409	2.8125
10.41	2.8125
10.411	2.8076171875
10.412	2.7978515625
10.413	2.7880859375
10.414	2.7880859375
10.415	2.783203125
10.416	2.7880859375
10.417	2.7783203125
10.418	2.783203125
10.419	2.783203125
10.42	2.7734375
10.421	2.7734375
10.422	2.7783203125
10.423	2.7685546875
10.424	2.7685546875
10.425	2.7734375
10.426	2.7734375
10.427	2.7734375
10.428	2.7734375
10.429	2.7783203125
10.43	2.7880859375
10.431	2.79296875
10.432	2.79296875
10.433	2.7978515625
10.434	2.802734375
10.435	2.7978515625
10.436	2.8125
10.437	2.8125
10.438	2.8173828125
10.439	2.8173828125
10.44	2.8271484375
10.440996	2.8369140625
10.442004	2.83203125
10.443	2.8466796875
10.444004	2.8564453125
10.445004	2.8515625
10.446004	2.861328125
10.447004	2.861328125
10.448	2.861328125
10.449	2.87109375
10.45	2.87109375
10.451	2.880859375
10.452	2.880859375
10.453	2.880859375
10.454	2.8857421875
10.455	2.8857421875
10.456	2.890625
10.457	2.880859375
10.458	2.890625
10.459	2.890625
10.46	2.8857421875
10.461	2.890625
10.462	2.8857421875
10.463	2.880859375
10.464	2.8857421875
10.465	2.8857421875
10.466	2.8857421875
10.467	2.880859375
10.468	2.880859375
10.469	2.8857421875
10.47	2.87109375
10.471	2.87109375
10.472	2.8662109375
10.473	2.861328125
10.474	2.861328125
10.475	2.861328125
10.476	2.8515625
10.477	2.841796875
10.478	2.8369140625
10.479	2.8369140625
10.48	2.83203125
10.481	2.822265625
10.482	2.8125
10.483	2.8076171875
10.484004	2.8125
10.485	2.802734375
10.486004	2.802734375
10.487004	2.7978515625
10.488004	2.79296875
10.489004	2.7880859375
10.490004	2.79296875
10.491	2.79296875
10.492	2.783203125
10.493	2.783203125
10.494	2.783203125
10.495	2.7783203125
10.496	2.7783203125
10.497	2.7783203125
10.498	2.783203125
10.499	2.7783203125
10.5	2.7783203125
10.501	2.783203125
10.502	2.7783203125
10.503	2.783203125
10.504	2.7880859375
10.505	2.79296875
10.506	2.79296875
10.507	2.79296875
10.508	2.802734375
10.509	2.7978515625
10.51	2.8076171875
10.511	2.8173828125
10.512	2.8173828125
10.513	2.822265625
10.514	2.8271484375
10.515	2.8369140625
10.516	2.8369140625
10.517	2.8466796875
10.518	2.8564453125
10.519	2.8466796875
10.52	2.861328125
10.521	2.8662109375
10.522	2.861328125
10.523	2.87109375
10.524	2.87109375
10.525	2.8759765625
10.525996	2.87109375
10.527004	2.880859375
10.528	2.8759765625
10.529004	2.880859375
10.530004	2.8857421875
10.531004	2.8857421875
10.532004	2.8857421875
10.533	2.880859375
10.534	2.8857421875
10.535	2.8857421875
10.536	2.880859375
10.537	2.880859375
10.538	2.880859375
10.539	2.8759765625
10.54	2.8857421875
10.541	2.8857421875
10.542	2.8857421875
10.543	2.8857421875
10.544	2.87109375
10.545	2.8759765625
10.546	2.8662109375
10.547	2.8564453125
10.548	2.861328125
10.549	2.8564453125
10.55	2.8466796875
10.551	2.841796875
10.552	2.83203125
10.553	2.8271484375
10.554	2.8173828125
10.555	2.8173828125
10.556	2.822265625
10.557	2.822265625
10.558	2.8173828125
10.559	2.7978515625
10.56	2.7978515625
10.561	2.79296875
10.562	2.79296875
10.563	2.7880859375
10.564	2.7880859375
10.565	2.7880859375
10.566	2.7880859375
10.567	2.7783203125
10.568	2.7783203125
10.568996	2.783203125
10.570004	2.7783203125
10.571	2.7685546875
10.572004	2.7734375
10.573004	2.7685546875
10.574004	2.783203125
10.575004	2.783203125
10.576	2.7880859375
10.577	2.7880859375
10.578	2.79296875
10.579	2.7880859375
10.58	2.79296875
10.581	2.7978515625
10.582	2.8076171875
10.583	2.802734375
10.584	2.8076171875
10.585	2.8076171875
10.586	2.8173828125
10.587	2.8173828125
10.588	2.8271484375
10.589	2.83203125
10.59	2.8369140625
10.591	2.8515625
10.592	2.8515625
10.593	2.8564453125
10.594	2.861328125
10.595	2.861328125
10.596	2.8662109375
10.597	2.8759765625
10.598	2.87109375
10.599	2.8759765625
10.6	2.880859375
10.601	2.880859375
10.602	2.8759765625
10.603	2.8857421875
10.604	2.8857421875
10.605	2.880859375
10.606	2.880859375
10.607	2.8857421875
10.608	2.8857421875
10.609	2.890625
10.61	2.890625
10.611	2.8857421875
10.612004	2.8857421875
10.613	2.8857421875
10.614004	2.8759765625
10.615004	2.8759765625
10.616004	2.880859375
10.617004	2.880859375
10.618004	2.8662109375
10.619	2.87109375
10.62	2.8662109375
10.621	2.8564453125
10.622	2.861328125
10.623	2.8466796875
10.624	2.8466796875
10.625	2.8369140625
10.626	2.841796875
10.627	2.83203125
10.628	2.83203125
10.629	2.8271484375
10.63	2.822265625
10.631	2.822265625
10.632	2.8125
10.633	2.8125
10.634	2.7978515625
10.635	2.79296875
10.636	2.7978515625
10.637	2.7978515625
10.638	2.79296875
10.639	2.783203125
10.64	2.783203125
10.641	2.783203125
10.642	2.7734375
10.643	2.7783203125
10.644	2.7783203125
10.645	2.7783203125
10.646	2.783203125
10.647	2.7783203125
10.648	2.783203125
10.649	2.7783203125
10.65	2.7880859375
10.651	2.7880859375
10.652	2.783203125
10.653	2.802734375
10.653996	2.79296875
10.655004	2.7978515625
10.656	2.802734375
10.657004	2.802734375
10.658004	2.8173828125
10.659004	2.8173828125
10.660004	2.822265625
10.661	2.822265625
10.662	2.83203125
10.663	2.8271484375
10.664	2.8466796875
10.665	2.8369140625
10.666	2.8515625
10.667	2.861328125
10.668	2.8564453125
10.669	2.8662109375
10.67	2.8662109375
10.671	2.8759765625
10.672	2.8759765625
10.673	2.8759765625
10.674	2.8857421875
10.675	2.8857421875
10.676	2.880859375
10.677	2.880859375
10.678	2.880859375
10.679	2.8857421875
10.68	2.8857421875
10.681	2.8857421875
10.682	2.8857421875
10.683	2.8857421875
10.684	2.8857421875
10.685	2.880859375
10.686	2.8857421875
10.687	2.880859375
10.688	2.8759765625
10.689	2.8759765625
10.69	2.87109375
10.691	2.8759765625
10.692	2.8759765625
10.693	2.87109375
10.694	2.8662109375
10.695	2.8662109375
10.696	2.8564453125
10.696996	2.8564453125
10.698004	2.8466796875
10.699	2.8369140625
10.700004	2.8369140625
10.701004	2.8369140625
10.702004	2.8173828125
10.703004	2.822265625
10.704	2.8173828125
10.705	2.822265625
10.706	2.8076171875
10.707	2.7978515625
10.708	2.8076171875
10.709	2.7978515625
10.71	2.79296875
10.711	2.7978515625
10.712	2.7880859375
10.713	2.79296875
10.714	2.7880859375
10.715	2.7880859375
10.716	2.783203125
10.717	2.7783203125
10.718	2.783203125
10.719	2.783203125
10.72	2.7783203125
10.721	2.783203125
10.722	2.7783203125
10.723	2.783203125
10.724	2.7880859375
10.725	2.7880859375
10.726	2.783203125
10.727	2.7978515625
10.728	2.79296875
10.729	2.79296875
10.73	2.8076171875
10.731	2.802734375
10.732	2.8125
10.733	2.822265625
10.734	2.8173828125
10.735	2.822265625
10.736	2.83203125
10.737	2.8369140625
10.738	2.8369140625
10.739	2.8466796875
10.740004	2.8466796875
10.741	2.8515625
10.742004	2.8515625
10.743004	2.861328125
10.744004	2.861328125
10.745004	2.8759765625
10.746004	2.8759765625
10.747	2.8759765625
10.748	2.8759765625
10.749	2.880859375
10.75	2.880859375
10.751	2.8759765625
10.752	2.880859375
10.753	2.8857421875
10.754	2.8857421875
10.755	2.880859375
10.756	2.8857421875
10.757	2.8857421875
10.758	2.8857421875
10.759	2.8857421875
10.76	2.880859375
10.761	2.880859375
10.762	2.880859375
10.763	2.8857421875
10.764	2.880859375
10.765	2.87109375
10.766	2.87109375
10.767	2.8759765625
10.768	2.8662109375
10.769	2.861328125
10.77	2.8564453125
10.771	2.8515625
10.772	2.8515625
10.773	2.8369140625
10.774	2.83203125
10.775	2.8271484375
10.776	2.822265625
10.777	2.8173828125
10.778	2.822265625
10.779	2.8173828125
10.78	2.802734375
10.781	2.802734375
10.781996	2.7978515625
10.783004	2.802734375
10.784	2.79296875
10.785004	2.7880859375
10.786004	2.79296875
10.787004	2.79296875
10.788004	2.783203125
10.789	2.7783203125
10.79	2.783203125
10.791	2.7734375
10.792	2.7783203125
10.793	2.783203125
10.794	2.7880859375
10.795	2.783203125
10.796	2.7783203125
10.797	2.7880859375
10.798	2.783203125
10.799	2.79296875
10.8	2.79296875
10.801	2.7978515625
10.802	2.79296875
10.803	2.802734375
10.804	2.8076171875
10.805	2.8125
10.806	2.8076171875
10.807	2.8173828125
10.808	2.822265625
10.809	2.822265625
10.81	2.8271484375
10.811	2.8369140625
10.812	2.8369140625
10.813	2.8466796875
10.814	2.8466796875
10.815	2.8564453125
10.816	2.8515625
10.817	2.8662109375
10.818	2.861328125
10.819	2.87109375
10.82	2.87109375
10.821	2.8759765625
10.822	2.8759765625
10.823	2.8759765625
10.824	2.8759765625
10.824996	2.880859375
10.826004	2.8857421875
10.827	2.8857421875
10.828004	2.880859375
10.829004	2.880859375
10.830004	2.8857421875
10.831004	2.8857421875
10.832	2.8857421875
10.833	2.8759765625
10.834	2.8759765625
10.835	2.880859375
10.836	2.880859375
10.837	2.880859375
10.838	2.8759765625
10.839	2.87109375
10.84	2.8662109375
10.841	2.87109375
10.842	2.87109375
10.843	2.8662109375
10.844	2.861328125
10.845	2.8466796875
10.846	2.8466796875
10.847	2.841796875
10.848	2.8369140625
10.849	2.8271484375
10.85	2.822265625
10.851	2.822265625
10.852	2.822265625
10.853	2.8173828125
10.854	2.8076171875
10.855	2.7978515625
10.856	2.802734375
10.857	2.802734375
10.858	2.79296875
10.859	2.79296875
10.86	2.79296875
10.861	2.79296875
10.862	2.7880859375
10.863	2.7880859375
10.864	2.7880859375
10.865	2.7783203125
10.866	2.7783203125
10.867	2.7783203125
10.868004	2.7783203125
10.869	2.7783203125
10.870004	2.7783203125
10.871004	2.7880859375
10.872004	2.783203125
10.873004	2.7880859375
10.874004	2.783203125
10.875	2.79296875
10.876	2.7978515625
10.877	2.802734375
10.878	2.7978515625
10.879	2.8076171875
10.88	2.8076171875
10.881	2.822265625
10.882	2.8173828125
10.883	2.8173828125
10.884	2.83203125
10.885	2.8369140625
10.886	2.841796875
10.887	2.841796875
10.888	2.8564453125
10.889	2.8515625
10.89	2.861328125
10.891	2.8662109375
10.892	2.87109375
10.893	2.8759765625
10.894	2.8759765625
10.895	2.87109375
10.896	2.880859375
10.897	2.87109375
10.898	2.8759765625
10.899	2.8759765625
10.9	2.8759765625
10.901	2.880859375
10.902	2.880859375
10.903	2.8857421875
10.904	2.890625
10.905	2.8857421875
10.906	2.880859375
10.907	2.8857421875
10.908	2.880859375
10.909	2.8857421875
10.909996	2.8759765625
10.911004	2.8759765625
10.912	2.880859375
10.913004	2.8759765625
10.914004	2.8662109375
10.915004	2.8662109375
10.916004	2.8759765625
10.917	2.8564453125
10.918	2.8564453125
10.919	2.8515625
10.92	2.8515625
10.921	2.8369140625
10.922	2.83203125
10.923	2.83203125
10.924	2.83203125
10.925	2.8271484375
10.926	2.822265625
10.927	2.8125
10.928	2.8076171875
10.929	2.8173828125
10.93	2.7978515625
10.931	2.802734375
10.932	2.7978515625
10.933	2.79296875
10.934	2.79296875
10.935	2.7880859375
10.936	2.79296875
10.937	2.7880859375
10.938	2.7783203125
10.939	2.7880859375
10.94	2.7880859375
10.941	2.7783203125
10.942	2.783203125
10.943	2.783203125
10.944	2.783203125
10.945	2.783203125
10.946	2.783203125
10.947	2.7880859375
10.948	2.79296875
10.949	2.79296875
10.95	2.802734375
10.951	2.802734375
10.952	2.802734375
10.952996	2.8076171875
10.954004	2.8076171875
10.955	2.8125
10.956004	2.8173828125
10.957004	2.8271484375
10.958004	2.8369140625
10.959004	2.8369140625
10.96	2.841796875
10.961	2.841796875
10.962	2.8515625
10.963	2.8515625
10.964	2.861328125
10.965	2.8662109375
10.966	2.861328125
10.967	2.87109375
10.968	2.87109375
10.969	2.8662109375
10.97	2.880859375
10.971	2.87109375
10.972	2.880859375
10.973	2.880859375
10.974	2.8759765625
10.975	2.8759765625
10.976	2.880859375
10.977	2.880859375
10.978	2.8759765625
10.979	2.8759765625
10.98	2.880859375
10.981	2.8759765625
10.982	2.8857421875
10.983	2.880859375
10.984	2.880859375
10.985	2.8759765625
10.986	2.87109375
10.987	2.87109375
10.988	2.8662109375
10.989	2.8662109375
10.99	2.861328125
10.991	2.8564453125
10.992	2.861328125
10.993	2.8515625
10.994	2.8466796875
10.995	2.841796875
10.996004	2.83203125
10.997	2.83203125
10.998004	2.822265625
10.999004	2.8173828125
11.000004	2.8125
11.001004	2.8271484375
11.002004	2.802734375
11.003	2.7978515625
11.004	2.7978515625
11.005	2.7978515625
11.006	2.79296875
11.007	2.783203125
11.008	2.7978515625
11.009	2.7880859375
11.01	2.7880859375
11.011	2.783203125
11.012	2.783203125
11.013	2.7880859375
11.014	2.783203125
11.015	2.7783203125
11.016	2.783203125
11.017	2.7880859375
11.018	2.783203125
11.019	2.7880859375
11.02	2.7880859375
11.021	2.79296875
11.022	2.7978515625
11.023	2.7978515625
11.024	2.7978515625
11.025	2.802734375
11.026	2.802734375
11.027	2.8076171875
11.028	2.8125
11.029	2.8173828125
11.03	2.8271484375
11.031	2.822265625
11.032	2.8369140625
11.033	2.8369140625
11.034	2.841796875
11.035	2.8515625
11.036	2.8515625
11.037	2.8564453125
11.037996	2.8564453125
11.039004	2.8662109375
11.04	2.8662109375
11.041004	2.87109375
11.042004	2.8759765625
11.043004	2.8759765625
11.044004	2.87109375
11.045	2.880859375
11.046	2.880859375
11.047	2.8857421875
11.048	2.880859375
11.049	2.880859375
11.05	2.8857421875
11.051	2.880859375
11.052	2.8857421875
11.053	2.8857421875
11.054	2.8857421875
11.055	2.8857421875
11.056	2.8857421875
11.057	2.8759765625
11.058	2.8857421875
11.059	2.8759765625
11.06	2.87109375
11.061	2.880859375
11.062	2.87109375
11.063	2.8662109375
11.064	2.861328125
11.065	2.861328125
11.066	2.861328125
11.067	2.8515625
11.068	2.8466796875
11.069	2.8369140625
11.07	2.8369140625
11.071	2.83203125
11.072	2.822265625
11.073	2.8173828125
11.074	2.8125
11.075	2.8173828125
11.076	2.802734375
11.077	2.802734375
11.078	2.7978515625
11.079	2.802734375
11.08	2.79296875
11.080996	2.79296875
11.082004	2.79296875
11.083	2.7880859375
11.084004	2.7880859375
11.085004	2.7880859375
11.086004	2.7880859375
11.087004	2.783203125
11.088	2.783203125
11.089	2.7880859375
11.09	2.783203125
11.091	2.783203125
11.092	2.7880859375
11.093	2.7880859375
11.094	2.7880859375
11.095	2.79296875
11.096	2.7978515625
11.097	2.79296875
11.098	2.7978515625
11.099	2.7978515625
11.1	2.802734375
11.101	2.8125
11.102	2.8125
11.103	2.8173828125
11.104	2.8271484375
11.105	2.8271484375
11.106	2.822265625
11.107	2.841796875
11.108	2.841796875
11.109	2.8515625
11.11	2.8564453125
11.111	2.8564453125
11.112	2.861328125
11.113	2.861328125
11.114	2.87109375
11.115	2.87109375
11.116	2.8759765625
11.117	2.8759765625
11.118	2.87109375
11.119	2.8759765625
11.12	2.8759765625
11.121	2.8759765625
11.122	2.8759765625
11.123	2.880859375
11.124004	2.8857421875
11.125	2.880859375
11.126004	2.8759765625
11.127004	2.880859375
11.128004	2.8857421875
11.129004	2.8857421875
11.130004	2.880859375
11.131	2.8857421875
11.132	2.87109375
11.133	2.880859375
11.134	2.87109375
11.135	2.87109375
11.136	2.8759765625
11.137	2.87109375
11.138	2.861328125
11.139	2.8662109375
11.14	2.861328125
11.141	2.8515625
11.142	2.841796875
11.143	2.8369140625
11.144	2.8369140625
11.145	2.822265625
11.146	2.8271484375
11.147	2.8271484375
11.148	2.8271484375
11.149	2.8173828125
11.15	2.8076171875
11.151	2.8173828125
11.152	2.8125
11.153	2.7978515625
11.154	2.802734375
11.155	2.79296875
11.156	2.79296875
11.157	2.7880859375
11.158	2.7880859375
11.159	2.7880859375
11.16	2.783203125
11.161	2.7880859375
11.162	2.783203125
11.163	2.7880859375
11.164	2.7880859375
11.165	2.7880859375
11.165996	2.783203125
11.167004	2.783203125
11.168	2.7880859375
11.169004	2.802734375
11.170004	2.79296875
11.171004	2.7880859375
11.172004	2.7978515625
11.173	2.79296875
11.174	2.7978515625
11.175	2.8076171875
11.176	2.8125
11.177	2.8125
11.178	2.822265625
11.179	2.822265625
11.18	2.8369140625
11.181	2.841796875
11.182	2.8466796875
11.183	2.8466796875
11.184	2.8515625
11.185	2.8515625
11.186	2.861328125
11.187	2.8662109375
11.188	2.8662109375
11.189	2.87109375
11.19	2.87109375
11.191	2.880859375
11.192	2.87109375
11.193	2.880859375
11.194	2.880859375
11.195	2.880859375
11.196	2.880859375
11.197	2.880859375
11.198	2.8759765625
11.199	2.8857421875
11.2	2.8759765625
11.201	2.880859375
11.202	2.880859375
11.203	2.8759765625
11.204	2.8759765625
11.205	2.880859375
11.206	2.87109375
11.207	2.880859375
11.208	2.8662109375
11.208996	2.87109375
11.210004	2.87109375
11.211	2.861328125
11.212004	2.861328125
11.213004	2.8564453125
11.214004	2.8564453125
11.215004	2.8515625
11.216	2.8466796875
11.217	2.841796875
11.218	2.8369140625
11.219	2.8271484375
11.22	2.8271484375
11.221	2.8173828125
11.222	2.822265625
11.223	2.8173828125
11.224	2.8076171875
11.225	2.802734375
11.226	2.8076171875
11.227	2.802734375
11.228	2.7978515625
11.229	2.79296875
11.23	2.7978515625
11.231	2.7880859375
11.232	2.7880859375
11.233	2.79296875
11.234	2.7880859375
11.235	2.7880859375
11.236	2.7880859375
11.237	2.7880859375
11.238	2.7880859375
11.239	2.79296875
11.24	2.79296875
11.241	2.7880859375
11.242	2.79296875
11.243	2.7880859375
11.244	2.79296875
11.245	2.79296875
11.246	2.7978515625
11.247	2.802734375
11.248	2.802734375
11.249	2.8076171875
11.25	2.8173828125
11.251	2.8173828125
11.252004	2.8271484375
11.253	2.822265625
11.254004	2.83203125
11.255004	2.8369140625
11.256004	2.8466796875
11.257004	2.8466796875
11.258004	2.861328125
11.259	2.861328125
11.26	2.861328125
11.261	2.861328125
11.262	2.8662109375
11.263	2.87109375
11.264	2.8759765625
11.265	2.87109375
11.266	2.87109375
11.267	2.880859375
11.268	2.880859375
11.269	2.880859375
11.27	2.8759765625
11.271	2.8857421875
11.272	2.8857421875
11.273	2.880859375
11.274	2.8857421875
11.275	2.8857421875
11.276	2.880859375
11.277	2.880859375
11.278	2.8857421875
11.279	2.880859375
11.28	2.87109375
11.281	2.87109375
11.282	2.87109375
11.283	2.8759765625
11.284	2.87109375
11.285	2.8662109375
11.286	2.861328125
11.287	2.8564453125
11.288	2.8515625
11.289	2.8466796875
11.29	2.841796875
11.291	2.841796875
11.292	2.8271484375
11.293	2.83203125
11.293996	2.822265625
11.295004	2.8173828125
11.296	2.822265625
11.297004	2.8271484375
11.298004	2.8125
11.299004	2.802734375
11.300004	2.7978515625
11.301	2.7978515625
11.302	2.79296875
11.303	2.7978515625
11.304	2.7880859375
11.305	2.7880859375
11.306	2.783203125
11.307	2.7880859375
11.308	2.783203125
11.309	2.783203125
11.31	2.783203125
11.311	2.7880859375
11.312	2.783203125
11.313	2.7880859375
11.314	2.783203125
11.315	2.7880859375
11.316	2.79296875
11.317	2.802734375
11.318	2.79296875
11.319	2.802734375
11.32	2.79296875
11.321	2.802734375
11.322	2.802734375
11.323	2.802734375
11.324	2.8173828125
11.325	2.8173828125
11.326	2.8173828125
11.327	2.83203125
11.328	2.83203125
11.329	2.8369140625
11.33	2.841796875
11.331	2.8515625
11.332	2.8515625
11.333	2.8564453125
11.334	2.8564453125
11.335	2.8564453125
11.336	2.8564453125
11.336996	2.861328125
11.338004	2.8759765625
11.339	2.8662109375
11.340004	2.8759765625
11.341004	2.880859375
11.342004	2.880859375
11.343004	2.8759765625
11.344	2.880859375
11.345	2.880859375
11.346	2.8857421875
11.347	2.8857421875
11.348	2.8857421875
11.349	2.880859375
11.35	2.880859375
11.351	2.880859375
11.352	2.8857421875
11.353	2.880859375
11.354	2.880859375
11.355	2.8759765625
11.356	2.87109375
11.357	2.87109375
11.358	2.8759765625
11.359	2.87109375
11.36	2.8662109375
11.361	2.861328125
11.362	2.861328125
11.363	2.8564453125
11.364	2.8515625
11.365	2.8369140625
11.366	2.822265625
11.367	2.8369140625
11.368	2.8271484375
11.369	2.822265625
11.37	2.8173828125
11.371	2.8173828125
11.372	2.8125
11.373	2.8076171875
11.374	2.79296875
11.375	2.79296875
11.376	2.7978515625
11.377	2.7978515625
11.378	2.79296875
11.379	2.7880859375
11.380004	2.7880859375
11.381	2.79296875
11.382004	2.79296875
11.383004	2.7783203125
11.384004	2.7880859375
11.385004	2.783203125
11.386004	2.7880859375
11.387	2.7880859375
11.388	2.783203125
11.389	2.783203125
11.39	2.79296875
11.391	2.79296875
11.392	2.7978515625
11.393	2.802734375
11.394	2.802734375
11.395	2.802734375
11.396	2.8076171875
11.397	2.8125
11.398	2.8125
11.399	2.8173828125
11.4	2.8271484375
11.401	2.83203125
11.402	2.8369140625
11.403	2.8369140625
11.404	2.841796875
11.405	2.841796875
11.406	2.8564453125
11.407	2.8564453125
11.408	2.861328125
11.409	2.8564453125
11.41	2.8564453125
11.411	2.87109375
11.412	2.8662109375
11.413	2.8662109375
11.414	2.8759765625
11.415	2.880859375
11.416	2.8759765625
11.417	2.8759765625
11.418	2.880859375
11.419	2.8759765625
11.42	2.8857421875
11.421	2.8759765625
11.421996	2.880859375
11.423004	2.8759765625
11.424	2.8759765625
11.425004	2.880859375
11.426004	2.8857421875
11.427004	2.8759765625
11.428004	2.8759765625
11.429	2.8759765625
11.43	2.8759765625
11.431	2.8759765625
11.432	2.87109375
11.433	2.8662109375
11.434	2.8662109375
11.435	2.8564453125
11.436	2.8515625
11.437	2.8515625
11.438	2.8466796875
11.439	2.841796875
11.44	2.8271484375
11.441	2.83203125
11.442	2.8271484375
11.443	2.822265625
11.444	2.822265625
11.445	2.822265625
11.446	2.8076171875
11.447	2.8173828125
11.448	2.802734375
11.449	2.7978515625
11.45	2.7978515625
11.451	2.79296875
11.452	2.7880859375
11.453	2.79296875
11.454	2.7880859375
11.455	2.7880859375
11.456	2.79296875
11.457	2.79296875
11.458	2.7880859375
11.459	2.783203125
11.46	2.783203125
11.461	2.79296875
11.462	2.7880859375
11.463	2.79296875
11.464	2.7978515625
11.464996	2.7880859375
11.466004	2.7978515625
11.467	2.7978515625
11.468004	2.802734375
11.469004	2.7978515625
11.470004	2.8076171875
11.471004	2.8125
11.472	2.822265625
11.473	2.822265625
11.474	2.822265625
11.475	2.822265625
11.476	2.83203125
11.477	2.8369140625
11.478	2.841796875
11.479	2.8466796875
11.48	2.8466796875
11.481	2.8515625
11.482	2.861328125
11.483	2.861328125
11.484	2.861328125
11.485	2.8662109375
11.486	2.8759765625
11.487	2.8662109375
11.488	2.8759765625
11.489	2.87109375
11.49	2.8662109375
11.491	2.880859375
11.492	2.880859375
11.493	2.880859375
11.494	2.8857421875
11.495	2.880859375
11.496	2.880859375
11.497	2.880859375
11.498	2.880859375
11.499	2.880859375
11.5	2.8857421875
11.501	2.87109375
11.502	2.880859375
11.503	2.8662109375
11.504	2.87109375
11.505	2.8759765625
11.506	2.87109375
11.507	2.861328125
11.508004	2.8662109375
11.509	2.8564453125
11.510004	2.8466796875
11.511004	2.8466796875
11.512004	2.8466796875
11.513004	2.841796875
11.514004	2.8369140625
11.515	2.83203125
11.516	2.8271484375
11.517	2.822265625
11.518	2.8173828125
11.519	2.8125
11.52	2.7978515625
11.521	2.802734375
11.522	2.802734375
11.523	2.802734375
11.524	2.7978515625
11.525	2.79296875
11.526	2.7880859375
11.527	2.7978515625
11.528	2.7880859375
11.529	2.7880859375
11.53	2.7880859375
11.531	2.79296875
11.532	2.79296875
11.533	2.79296875
11.534	2.79296875
11.535	2.783203125
11.536	2.7880859375
11.537	2.7880859375
11.538	2.79296875
11.539	2.7978515625
11.54	2.802734375
11.541	2.802734375
11.542	2.7978515625
11.543	2.8076171875
11.544	2.8076171875
11.545	2.8076171875
11.546	2.822265625
11.547	2.8125
11.548	2.8173828125
11.549	2.8271484375
11.549996	2.83203125
11.551004	2.8369140625
11.552	2.8369140625
11.553004	2.841796875
11.554004	2.8515625
11.555004	2.8564453125
11.556004	2.8564453125
11.557	2.8662109375
11.558	2.861328125
11.559	2.861328125
11.56	2.87109375
11.561	2.87109375
11.562	2.87109375
11.563	2.8759765625
11.564	2.8759765625
11.565	2.880859375
11.566	2.880859375
11.567	2.8759765625
11.568	2.8759765625
11.569	2.880859375
11.57	2.880859375
11.571	2.8759765625
11.572	2.8759765625
11.573	2.8857421875
11.574	2.880859375
11.575	2.8857421875
11.576	2.8759765625
11.577	2.87109375
11.578	2.8662109375
11.579	2.87109375
11.58	2.8662109375
11.581	2.8662109375
11.582	2.861328125
11.583	2.8564453125
11.584	2.8564453125
11.585	2.8466796875
11.586	2.8466796875
11.587	2.83203125
11.588	2.83203125
11.589	2.83203125
11.59	2.8271484375
11.591	2.8173828125
11.592	2.8173828125
11.592996	2.8076171875
11.594004	2.8173828125
11.595	2.802734375
11.596004	2.802734375
11.597004	2.802734375
11.598004	2.802734375
11.599004	2.79296875
11.6	2.79296875
11.601	2.79296875
11.602	2.79296875
11.603	2.7978515625
11.604	2.783203125
11.605	2.7880859375
11.606	2.79296875
11.607	2.783203125
11.608	2.79296875
11.609	2.783203125
11.61	2.7978515625
11.611	2.7880859375
11.612	2.7880859375
11.613	2.79296875
11.614	2.7978515625
11.615	2.802734375
11.616	2.802734375
11.617	2.802734375
11.618	2.8076171875
11.619	2.8125
11.62	2.8076171875
11.621	2.8125
11.622	2.8173828125
11.623	2.8271484375
11.624	2.8369140625
11.625	2.841796875
11.626	2.8369140625
11.627	2.8515625
11.628	2.8466796875
11.629	2.8466796875
11.63	2.8662109375
11.631	2.861328125
11.632	2.861328125
11.633	2.8662109375
11.634	2.8662109375
11.635	2.87109375
11.636004	2.87109375
11.637	2.87109375
11.638004	2.880859375
11.639004	2.880859375
11.640004	2.8857421875
11.641004	2.880859375
11.642004	2.880859375
11.643	2.880859375
11.644	2.8759765625
11.645	2.8759765625
11.646	2.8759765625
11.647	2.8857421875
11.648	2.8759765625
11.649	2.880859375
11.65	2.880859375
11.651	2.8759765625
11.652	2.87109375
11.653	2.8759765625
11.654	2.8662109375
11.655	2.861328125
11.656	2.8662109375
11.657	2.861328125
11.658	2.8466796875
11.659	2.8515625
11.66	2.841796875
11.661	2.8369140625
11.662	2.8369140625
11.663	2.83203125
11.664	2.822265625
11.665	2.822265625
11.666	2.8271484375
11.667	2.8076171875
11.668	2.8076171875
11.669	2.8076171875
11.67	2.7978515625
11.671	2.802734375
11.672	2.7978515625
11.673	2.79296875
11.674	2.7978515625
11.675	2.7978515625
11.676	2.783203125
11.677	2.7880859375
11.677996	2.7880859375
11.679004	2.79296875
11.68	2.7880859375
11.681004	2.79296875
11.682004	2.783203125
11.683004	2.7880859375
11.684004	2.7880859375
11.685	2.7978515625
11.686	2.7880859375
11.687	2.7880859375
11.688	2.7978515625
11.689	2.79296875
11.69	2.7978515625
11.691	2.802734375
11.692	2.8076171875
11.693	2.8125
11.694	2.8125
11.695	2.8173828125
11.696	2.8271484375
11.697	2.8271484375
11.698	2.83203125
11.699	2.8369140625
11.7	2.8466796875
11.701	2.841796875
11.702	2.8466796875
11.703	2.8515625
11.704	2.8564453125
11.705	2.8564453125
11.706	2.861328125
11.707	2.8662109375
11.708	2.8759765625
11.709	2.8662109375
11.71	2.87109375
11.711	2.8662109375
11.712	2.880859375
11.713	2.87109375
11.714	2.8759765625
11.715	2.880859375
11.716	2.8759765625
11.717	2.8759765625
11.718	2.8857421875
11.719	2.8857421875
11.72	2.880859375
11.720996	2.8759765625
11.722004	2.87109375
11.723	2.8759765625
11.724004	2.87109375
11.725004	2.87109375
11.726004	2.87109375
11.727004	2.87109375
11.728	2.861328125
11.729	2.8564453125
11.73	2.861328125
11.731	2.861328125
11.732	2.8564453125
11.733	2.8564453125
11.734	2.8515625
11.735	2.841796875
11.736	2.822265625
11.737	2.822265625
11.738	2.822265625
11.739	2.8173828125
11.74	2.822265625
11.741	2.8125
11.742	2.8125
11.743	2.8076171875
11.744	2.7978515625
11.745	2.802734375
11.746	2.7978515625
11.747	2.79296875
11.748	2.7978515625
11.749	2.7880859375
11.75	2.7978515625
11.751	2.79296875
11.752	2.79296875
11.753	2.783203125
11.754	2.783203125
11.755	2.79296875
11.756	2.7880859375
11.757	2.7880859375
11.758	2.783203125
11.759	2.79296875
11.76	2.7880859375
11.761	2.79296875
11.762	2.79296875
11.763	2.802734375
11.764004	2.7978515625
11.765	2.7978515625
11.766004	2.8125
11.767004	2.8125
11.768004	2.8125
11.769004	2.8173828125
11.770004	2.822265625
11.771	2.822265625
11.772	2.83203125
11.773	2.841796875
11.774	2.841796875
11.775	2.8515625
11.776	2.8564453125
11.777	2.8564453125
11.778	2.8564453125
11.779	2.8662109375
11.78	2.861328125
11.781	2.8662109375
11.782	2.87109375
11.783	2.87109375
11.784	2.87109375
11.785	2.87109375
11.786	2.8759765625
11.787	2.87109375
11.788	2.8662109375
11.789	2.880859375
11.79	2.880859375
11.791	2.8857421875
11.792	2.8759765625
11.793	2.880859375
11.794	2.8759765625
11.795	2.880859375
11.796	2.8759765625
11.797	2.87109375
11.798	2.87109375
11.799	2.87109375
11.8	2.8662109375
11.801	2.87109375
11.802	2.861328125
11.803	2.861328125
11.804	2.8515625
11.805	2.861328125
11.805996	2.8466796875
11.807004	2.8515625
11.808	2.8466796875
11.809004	2.841796875
11.810004	2.8271484375
11.811004	2.83203125
11.812004	2.8271484375
11.813	2.822265625
11.814	2.822265625
11.815	2.8076171875
11.816	2.8076171875
11.817	2.802734375
11.818	2.802734375
11.819	2.8076171875
11.82	2.7978515625
11.821	2.79296875
11.822	2.7978515625
11.823	2.7880859375
11.824	2.79296875
11.825	2.7978515625
11.826	2.7880859375
11.827	2.7978515625
11.828	2.7880859375
11.829	2.79296875
11.83	2.79296875
11.831	2.7880859375
11.832	2.783203125
11.833	2.7880859375
11.834	2.79296875
11.835	2.7880859375
11.836	2.7978515625
11.837	2.7978515625
11.838	2.802734375
11.839	2.8125
11.84	2.8076171875
11.841	2.802734375
11.842	2.8173828125
11.843	2.8173828125
11.844	2.822265625
11.845	2.83203125
11.846	2.8369140625
11.847	2.83203125
11.848	2.841796875
11.848996	2.841796875
11.850004	2.8515625
11.851	2.8515625
11.852004	2.861328125
11.853004	2.861328125
11.854004	2.861328125
11.855004	2.8662109375
11.856	2.87109375
11.857	2.87109375
11.858	2.87109375
11.859	2.8759765625
11.86	2.8759765625
11.861	2.880859375
11.862	2.880859375
11.863	2.8857421875
11.864	2.880859375
11.865	2.8759765625
11.866	2.880859375
11.867	2.8759765625
11.868	2.880859375
11.869	2.87109375
11.87	2.8857421875
11.871	2.880859375
11.872	2.8662109375
11.873	2.8759765625
11.874	2.8759765625
11.875	2.87109375
11.876	2.87109375
11.877	2.8662109375
11.878	2.861328125
11.879	2.8564453125
11.88	2.8466796875
11.881	2.8466796875
11.882	2.8369140625
11.883	2.841796875
11.884	2.83203125
11.885	2.8369140625
11.886	2.8271484375
11.887	2.8173828125
11.888	2.8076171875
11.889	2.822265625
11.89	2.8076171875
11.891	2.822265625
11.892004	2.7978515625
11.893	2.7978515625
11.894004	2.8076171875
11.895004	2.79296875
11.896004	2.7978515625
11.897004	2.79296875
11.898004	2.7978515625
11.899	2.7978515625
11.9	2.79296875
11.901	2.79296875
11.902	2.79296875
11.903	2.79296875
11.904	2.79296875
11.905	2.79296875
11.906	2.7978515625
11.907	2.7978515625
11.908	2.7978515625
11.909	2.7978515625
11.91	2.7978515625
11.911	2.802734375
11.912	2.802734375
11.913	2.802734375
11.914	2.8125
11.915	2.8125
11.916	2.8173828125
11.917	2.8173828125
11.918	2.8271484375
11.919	2.83203125
11.92	2.83203125
11.921	2.8369140625
11.922	2.841796875
11.923	2.841796875
11.924	2.8515625
11.925	2.861328125
11.926	2.8564453125
11.927	2.861328125
11.928	2.861328125
11.929	2.8662109375
11.93	2.87109375
11.931	2.8662109375
11.932	2.87109375
11.933	2.8759765625
11.933996	2.87109375
11.935004	2.880859375
11.936	2.8662109375
11.937004	2.8759765625
11.938004	2.8759765625
11.939004	2.8857421875
11.940004	2.8759765625
11.941	2.8759765625
11.942	2.8662109375
11.943	2.8759765625
11.944	2.8759765625
11.945	2.87109375
11.946	2.8759765625
11.947	2.87109375
11.948	2.87109375
11.949	2.8759765625
11.95	2.87109375
11.951	2.861328125
11.952	2.861328125
11.953	2.8564453125
11.954	2.8466796875
11.955	2.8515625
11.956	2.841796875
11.957	2.83203125
11.958	2.83203125
11.959	2.83203125
11.96	2.822265625
11.961	2.8271484375
11.962	2.8271484375
11.963	2.8173828125
11.964	2.8076171875
11.965	2.8076171875
11.966	2.802734375
11.967	2.802734375
11.968	2.79296875
11.969	2.7978515625
11.97	2.79296875
11.971	2.7880859375
11.972	2.79296875
11.973	2.79296875
11.974	2.79296875
11.975	2.7880859375
11.976	2.7880859375
11.976996	2.79296875
11.978004	2.7880859375
11.979	2.79296875
11.980004	2.79296875
11.981004	2.7978515625
11.982004	2.7978515625
11.983004	2.802734375
11.984	2.802734375
11.985	2.79296875
11.986	2.802734375
11.987	2.8076171875
11.988	2.8125
11.989	2.8173828125
11.99	2.8125
11.991	2.822265625
11.992	2.8271484375
11.993	2.83203125
11.994	2.8369140625
11.995	2.8369140625
11.996	2.841796875
11.997	2.8564453125
11.998	2.8515625
11.999	2.8564453125
12.0	2.8564453125
12.001	2.861328125
12.002	2.861328125
12.003	2.87109375
12.004	2.87109375
12.005	2.8759765625
12.006	2.87109375
12.007	2.87109375
12.008	2.8759765625
12.009	2.87109375
12.01	2.880859375
12.011	2.8759765625
12.012	2.880859375
12.013	2.880859375
12.014	2.880859375
12.015	2.880859375
12.016	2.8759765625
12.017	2.8857421875
12.018	2.8759765625
12.019	2.8662109375
12.020004	2.87109375
12.021	2.87109375
12.022004	2.8662109375
12.023004	2.87109375
12.024004	2.87109375
12.025004	2.8662109375
12.026004	2.8515625
12.027	2.8564453125
12.028	2.8515625
12.029	2.8515625
12.03	2.8369140625
12.031	2.8369140625
12.032	2.83203125
12.033	2.822265625
12.034	2.822265625
12.035	2.822265625
12.036	2.822265625
12.037	2.8125
12.038	2.8125
12.039	2.8173828125
12.04	2.802734375
12.041	2.7978515625
12.042	2.7978515625
12.043	2.7880859375
12.044	2.802734375
12.045	2.7978515625
12.046	2.79296875
12.047	2.7978515625
12.048	2.7978515625
12.049	2.79296875
12.05	2.79296875
12.051	2.7978515625
12.052	2.7978515625
12.053	2.7978515625
12.054	2.7978515625
12.055	2.7978515625
12.056	2.79296875
12.057	2.79296875
12.058	2.7978515625
12.059	2.7978515625
12.06	2.802734375
12.061	2.8076171875
12.061996	2.8173828125
12.063004	2.822265625
12.064	2.822265625
12.065004	2.8173828125
12.066004	2.8271484375
12.067004	2.8271484375
12.068004	2.83203125
12.069	2.8369140625
12.07	2.8369140625
12.071	2.8466796875
12.072	2.8564453125
12.073	2.8515625
12.074	2.861328125
12.075	2.861328125
12.076	2.8662109375
12.077	2.8662109375
12.078	2.8662109375
12.079	2.87109375
12.08	2.8759765625
12.081	2.87109375
12.082	2.87109375
12.083	2.880859375
12.084	2.8759765625
12.085	2.8759765625
12.086	2.8759765625
12.087	2.8759765625
12.088	2.880859375
12.089	2.87109375
12.09	2.880859375
12.091	2.8759765625
12.092	2.8759765625
12.093	2.87109375
12.094	2.8759765625
12.095	2.87109375
12.096	2.87109375
12.097	2.87109375
12.098	2.8662109375
12.099	2.8662109375
12.1	2.8564453125
12.101	2.8515625
12.102	2.8466796875
12.103	2.8466796875
12.104	2.83203125
12.104996	2.841796875
12.106004	2.83203125
12.107	2.8271484375
12.108004	2.8271484375
12.109004	2.822265625
12.110004	2.8173828125
12.111004	2.8173828125
12.112	2.8125
12.113	2.8125
12.114	2.8076171875
12.115	2.79296875
12.116	2.7978515625
12.117	2.7978515625
12.118	2.7978515625
12.119	2.7978515625
12.12	2.79296875
12.121	2.79296875
12.122	2.7978515625
12.123	2.79296875
12.124	2.79296875
12.125	2.7978515625
12.126	2.7978515625
12.127	2.7978515625
12.128	2.7978515625
12.129	2.7978515625
12.13	2.79296875
12.131	2.7978515625
12.132	2.7978515625
12.133	2.802734375
12.134	2.8076171875
12.135	2.8076171875
12.136	2.8125
12.137	2.8076171875
12.138	2.822265625
12.139	2.822265625
12.14	2.83203125
12.141	2.83203125
12.142	2.8369140625
12.143	2.8369140625
12.144	2.841796875
12.145	2.8515625
12.146	2.8515625
12.147	2.861328125
12.148004	2.861328125
12.149	2.8564453125
12.150004	2.8662109375
12.151004	2.8662109375
12.152004	2.861328125
12.153004	2.8759765625
12.154004	2.8662109375
12.155	2.8662109375
12.156	2.8759765625
12.157	2.8759765625
12.158	2.880859375
12.159	2.880859375
12.16	2.8759765625
12.161	2.87109375
12.162	2.87109375
12.163	2.880859375
12.164	2.8759765625
12.165	2.87109375
12.166	2.8759765625
12.167	2.87109375
12.168	2.8759765625
12.169	2.87109375
12.17	2.87109375
12.171	2.8662109375
12.172	2.8662109375
12.173	2.8662109375
12.174	2.8515625
12.175	2.8564453125
12.176	2.8466796875
12.177	2.8515625
12.178	2.8369140625
12.179	2.83203125
12.18	2.8271484375
12.181	2.8271484375
12.182	2.822265625
12.183	2.822265625
12.184	2.822265625
12.185	2.822265625
12.186	2.8076171875
12.187	2.7978515625
12.188	2.7978515625
12.189	2.8076171875
12.189996	2.802734375
12.191004	2.7978515625
12.192	2.802734375
12.193004	2.7978515625
12.194004	2.7978515625
12.195004	2.79296875
12.196004	2.79296875
12.197	2.79296875
12.198	2.7880859375
12.199	2.7978515625
12.2	2.7978515625
12.201	2.79296875
12.202	2.79296875
12.203	2.7880859375
12.204	2.79296875
12.205	2.79296875
12.206	2.7978515625
12.207	2.802734375
12.208	2.7978515625
12.209	2.8125
12.21	2.8125
12.211	2.8173828125
12.212	2.822265625
12.213	2.822265625
12.214	2.8271484375
12.215	2.8271484375
12.216	2.83203125
12.217	2.83203125
12.218	2.8466796875
12.219	2.8369140625
12.22	2.8515625
12.221	2.8564453125
12.222	2.861328125
12.223	2.861328125
12.224	2.861328125
12.225	2.87109375
12.226	2.8662109375
12.227	2.8759765625
12.228	2.87109375
12.229	2.87109375
12.23	2.8759765625
12.231	2.880859375
12.232	2.8759765625
12.232996	2.880859375
12.234004	2.8759765625
12.235	2.880859375
12.236004	2.880859375
12.237004	2.8759765625
12.238004	2.880859375
12.239004	2.8759765625
12.24	2.87109375
12.241	2.87109375
12.242	2.8662109375
12.243	2.8759765625
12.244	2.87109375
12.245	2.87109375
12.246	2.861328125
12.247	2.8662109375
12.248	2.8515625
12.249	2.8515625
12.25	2.8515625
12.251	2.8515625
12.252	2.8369140625
12.253	2.83203125
12.254	2.83203125
12.255	2.83203125
12.256	2.822265625
12.257	2.822265625
12.258	2.8125
12.259	2.8076171875
12.26	2.8125
12.261	2.8173828125
12.262	2.802734375
12.263	2.7978515625
12.264	2.802734375
12.265	2.802734375
12.266	2.7978515625
12.267	2.79296875
12.268	2.802734375
12.269	2.7978515625
12.27	2.7880859375
12.271	2.79296875
12.272	2.79296875
12.273	2.7978515625
12.274	2.7978515625
12.275	2.7978515625
12.276004	2.79296875
12.277	2.7978515625
12.278004	2.7978515625
12.279004	2.7978515625
12.280004	2.802734375
12.281004	2.7978515625
12.282004	2.802734375
12.283	2.802734375
12.284	2.8076171875
12.285	2.8125
12.286	2.822265625
12.287	2.8173828125
12.288	2.8271484375
12.289	2.8369140625
12.29	2.8369140625
12.291	2.8369140625
12.292	2.841796875
12.293	2.8466796875
12.294	2.8515625
12.295	2.8515625
12.296	2.861328125
12.297	2.861328125
12.298	2.861328125
12.299	2.861328125
12.3	2.861328125
12.301	2.8759765625
12.302	2.87109375
12.303	2.8662109375
12.304	2.87109375
12.305	2.87109375
12.306	2.8759765625
12.307	2.8759765625
12.308	2.880859375
12.309	2.880859375
12.31	2.8759765625
12.311	2.880859375
12.312	2.880859375
12.313	2.8759765625
12.314	2.87109375
12.315	2.87109375
12.316	2.87109375
12.317	2.87109375
12.317996	2.8662109375
12.319004	2.87109375
12.32	2.8564453125
12.321004	2.861328125
12.322004	2.8564453125
12.323004	2.8466796875
12.324004	2.8466796875
12.325	2.841796875
12.326	2.841796875
12.327	2.8369140625
12.328	2.83203125
12.329	2.83203125
12.33	2.8271484375
12.331	2.822265625
12.332	2.822265625
12.333	2.8076171875
12.334	2.802734375
12.335	2.8125
12.336	2.8076171875
12.337	2.7978515625
12.338	2.7978515625
12.339	2.7978515625
12.34	2.79296875
12.341	2.79296875
12.342	2.79296875
12.343	2.7978515625
12.344	2.79296875
12.345	2.7978515625
12.346	2.79296875
12.347	2.79296875
12.348	2.79296875
12.349	2.7880859375
12.35	2.7880859375
12.351	2.79296875
12.352	2.7978515625
12.353	2.79296875
12.354	2.7978515625
12.355	2.7978515625
12.356	2.802734375
12.357	2.8125
12.358	2.8125
12.359	2.822265625
12.36	2.8173828125
12.360996	2.8271484375
12.362004	2.8271484375
12.363	2.83203125
12.364004	2.8369140625
12.365004	2.841796875
12.366004	2.8515625
12.367004	2.8466796875
12.368	2.8466796875
12.369	2.8564453125
12.37	2.8564453125
12.371	2.861328125
12.372	2.8662109375
12.373	2.8662109375
12.374	2.87109375
12.375	2.87109375
12.376	2.8759765625
12.377	2.87109375
12.378	2.8759765625
12.379	2.87109375
12.38	2.8759765625
12.381	2.880859375
12.382	2.8759765625
12.383	2.880859375
12.384	2.8759765625
12.385	2.880859375
12.386	2.8759765625
12.387	2.8759765625
12.388	2.87109375
12.389	2.87109375
12.39	2.87109375
12.391	2.8662109375
12.392	2.8662109375
12.393	2.8662109375
12.394	2.861328125
12.395	2.861328125
12.396	2.8564453125
12.397	2.8564453125
12.398	2.8515625
12.399	2.8466796875
12.4	2.8466796875
12.401	2.8369140625
12.402	2.83203125
12.403	2.8271484375
12.404004	2.83203125
12.405	2.8173828125
12.406004	2.8173828125
12.407004	2.8125
12.408004	2.8125
12.409004	2.8173828125
12.410004	2.802734375
12.411	2.8076171875
12.412	2.802734375
12.413	2.79296875
12.414	2.79296875
12.415	2.79296875
12.416	2.7978515625
12.417	2.7978515625
12.418	2.79296875
12.419	2.7880859375
12.42	2.7880859375
12.421	2.7978515625
12.422	2.79296875
12.423	2.7978515625
12.424	2.79296875
12.425	2.79296875
12.426	2.7978515625
12.427	2.7978515625
12.428	2.802734375
12.429	2.802734375
12.43	2.8076171875
12.431	2.8125
12.432	2.8076171875
12.433	2.8125
12.434	2.8173828125
12.435	2.822265625
12.436	2.83203125
12.437	2.8271484375
12.438	2.83203125
12.439	2.83203125
12.44	2.8466796875
12.441	2.841796875
12.442	2.8564453125
12.443	2.8515625
12.444	2.8564453125
12.445	2.861328125
12.445996	2.8662109375
12.447004	2.861328125
12.448	2.8662109375
12.449004	2.87109375
12.450004	2.8759765625
12.451004	2.8759765625
12.452004	2.87109375
12.453	2.8759765625
12.454	2.87109375
12.455	2.8759765625
12.456	2.8759765625
12.457	2.8759765625
12.458	2.880859375
12.459	2.87109375
12.46	2.8759765625
12.461	2.87109375
12.462	2.8759765625
12.463	2.87109375
12.464	2.8759765625
12.465	2.8759765625
12.466	2.87109375
12.467	2.87109375
12.468	2.87109375
12.469	2.861328125
12.47	2.8564453125
12.471	2.8515625
12.472	2.841796875
12.473	2.8466796875
12.474	2.841796875
12.475	2.8369140625
12.476	2.8369140625
12.477	2.8271484375
12.478	2.822265625
12.479	2.822265625
12.48	2.8125
12.481	2.8125
12.482	2.8125
12.483	2.8076171875
12.484	2.802734375
12.485	2.802734375
12.486	2.7978515625
12.487	2.7978515625
12.488	2.802734375
12.488996	2.802734375
12.490004	2.7978515625
12.491	2.7978515625
12.492004	2.7880859375
12.493004	2.79296875
12.494004	2.7978515625
12.495004	2.7978515625
12.496	2.79296875
12.497	2.79296875
12.498	2.7978515625
12.499	2.7978515625
12.5	2.79296875
12.501	2.7978515625
12.502	2.8076171875
12.503	2.802734375
12.504	2.802734375
12.505	2.8125
12.506	2.822265625
12.507	2.822265625
12.508	2.822265625
12.509	2.8271484375
12.51	2.8271484375
12.511	2.8369140625
12.512	2.83203125
12.513	2.83203125
12.514	2.841796875
12.515	2.841796875
12.516	2.8515625
12.517	2.8515625
12.518	2.8564453125
12.519	2.861328125
12.52	2.861328125
12.521	2.861328125
12.522	2.861328125
12.523	2.87109375
12.524	2.87109375
12.525	2.87109375
12.526	2.87109375
12.527	2.861328125
12.528	2.87109375
12.529	2.8662109375
12.53	2.8759765625
12.531	2.880859375
12.532004	2.87109375
12.533	2.8759765625
12.534004	2.87109375
12.535004	2.87109375
12.536004	2.87109375
12.537004	2.87109375
12.538004	2.8759765625
12.539	2.8662109375
12.54	2.8662109375
12.541	2.87109375
12.542	2.861328125
12.543	2.861328125
12.544	2.861328125
12.545	2.8564453125
12.546	2.8515625
12.547	2.8466796875
12.548	2.8369140625
12.549	2.8369140625
12.55	2.822265625
12.551	2.83203125
12.552	2.822265625
12.553	2.8271484375
12.554	2.822265625
12.555	2.8173828125
12.556	2.8173828125
12.557	2.8076171875
12.558	2.8076171875
12.559	2.8076171875
12.56	2.802734375
12.561	2.802734375
12.562	2.802734375
12.563	2.7978515625
12.564	2.79296875
12.565	2.7978515625
12.566	2.79296875
12.567	2.79296875
12.568	2.7978515625
12.569	2.7978515625
12.57	2.7978515625
12.571	2.79296875
12.572	2.79296875
12.573	2.802734375
12.573996	2.79296875
12.575004	2.7978515625
12.576	2.802734375
12.577004	2.802734375
12.578004	2.8076171875
12.579004	2.8125
12.580004	2.8125
12.581	2.8173828125
12.582	2.8173828125
12.583	2.822265625
12.584	2.822265625
12.585	2.822265625
12.586	2.83203125
12.587	2.83203125
12.588	2.841796875
12.589	2.8515625
12.59	2.8466796875
12.591	2.8515625
12.592	2.8564453125
12.593	2.8662109375
12.594	2.8662109375
12.595	2.861328125
12.596	2.861328125
12.597	2.8662109375
12.598	2.8759765625
12.599	2.8759765625
12.6	2.8759765625
12.601	2.8662109375
12.602	2.87109375
12.603	2.8759765625
12.604	2.8662109375
12.605	2.8759765625
12.606	2.8662109375
12.607	2.8759765625
12.608	2.87109375
12.609	2.87109375
12.61	2.8759765625
12.611	2.87109375
12.612	2.87109375
12.613	2.8662109375
12.614	2.861328125
12.615	2.8662109375
12.616	2.861328125
12.616996	2.8564453125
12.618004	2.8564453125
12.619	2.8466796875
12.620004	2.8515625
12.621004	2.841796875
12.622004	2.8369140625
12.623004	2.841796875
12.624	2.8271484375
12.625	2.8369140625
12.626	2.8271484375
12.627	2.8271484375
12.628	2.8125
12.629	2.822265625
12.63	2.822265625
12.631	2.8076171875
12.632	2.802734375
12.633	2.802734375
12.634	2.7978515625
12.635	2.802734375
12.636	2.7978515625
12.637	2.7978515625
12.638	2.802734375
12.639	2.79296875
12.64	2.7978515625
12.641	2.79296875
12.642	2.79296875
12.643	2.79296875
12.644	2.7978515625
12.645	2.79296875
12.646	2.7978515625
12.647	2.79296875
12.648	2.802734375
12.649	2.802734375
12.65	2.802734375
12.651	2.7978515625
12.652	2.8125
12.653	2.8076171875
12.654	2.8125
12.655	2.8173828125
12.656	2.8173828125
12.657	2.822265625
12.658	2.8271484375
12.659	2.8369140625
12.660004	2.83203125
12.661	2.83203125
12.662004	2.8369140625
12.663004	2.8466796875
12.664004	2.841796875
12.665004	2.8466796875
12.666004	2.8515625
12.667	2.861328125
12.668	2.861328125
12.669	2.861328125
12.67	2.861328125
12.671	2.8662109375
12.672	2.8759765625
12.673	2.8759765625
12.674	2.87109375
12.675	2.87109375
12.676	2.8759765625
12.677	2.8759765625
12.678	2.8759765625
12.679	2.880859375
12.68	2.8759765625
12.681	2.87109375
12.682	2.87109375
12.683	2.8759765625
12.684	2.8662109375
12.685	2.8662109375
12.686	2.87109375
12.687	2.87109375
12.688	2.8662109375
12.689	2.8662109375
12.69	2.8662109375
12.691	2.8515625
12.692	2.8515625
12.693	2.8466796875
12.694	2.8515625
12.695	2.8466796875
12.696	2.8369140625
12.697	2.83203125
12.698	2.8369140625
12.699	2.83203125
12.7	2.822265625
12.701	2.8271484375
12.701996	2.822265625
12.703004	2.8173828125
12.704	2.8173828125
12.705004	2.8125
12.706004	2.802734375
12.707004	2.8076171875
12.708004	2.7978515625
12.709	2.7978515625
12.71	2.7978515625
12.711	2.79296875
12.712	2.79296875
12.713	2.7978515625
12.714	2.7978515625
12.715	2.7880859375
12.716	2.79296875
12.717	2.7978515625
12.718	2.802734375
12.719	2.7978515625
12.72	2.7978515625
12.721	2.79296875
12.722	2.7978515625
12.723	2.7978515625
12.724	2.802734375
12.725	2.802734375
12.726	2.8076171875
12.727	2.8125
12.728	2.822265625
12.729	2.8173828125
12.73	2.822265625
12.731	2.8271484375
12.732	2.8271484375
12.733	2.83203125
12.734	2.841796875
12.735	2.83203125
12.736	2.8369140625
12.737	2.841796875
12.738	2.8515625
12.739	2.8515625
12.74	2.861328125
12.741	2.8564453125
12.742	2.8662109375
12.743	2.8662109375
12.744	2.8662109375
12.744996	2.861328125
12.746004	2.8759765625
12.747	2.87109375
12.748004	2.87109375
12.749004	2.8662109375
12.750004	2.87109375
12.751004	2.87109375
12.752	2.87109375
12.753	2.87109375
12.754	2.87109375
12.755	2.8759765625
12.756	2.8759765625
12.757	2.87109375
12.758	2.8662109375
12.759	2.87109375
12.76	2.8759765625
12.761	2.87109375
12.762	2.8662109375
12.763	2.8662109375
12.764	2.8662109375
12.765	2.861328125
12.766	2.8564453125
12.767	2.8515625
12.768	2.8466796875
12.769	2.8466796875
12.77	2.83203125
12.771	2.841796875
12.772	2.83203125
12.773	2.8369140625
12.774	2.822265625
12.775	2.8271484375
12.776	2.8173828125
12.777	2.822265625
12.778	2.8125
12.779	2.8076171875
12.78	2.802734375
12.781	2.8076171875
12.782	2.7978515625
12.783	2.7978515625
12.784	2.7978515625
12.785	2.7978515625
12.786	2.79296875
12.787	2.79296875
12.788004	2.7978515625
12.789	2.79296875
12.790004	2.7978515625
12.791004	2.79296875
12.792004	2.7978515625
12.793004	2.7978515625
12.794004	2.79296875
12.795	2.79296875
12.796	2.7978515625
12.797	2.802734375
12.798	2.7978515625
12.799	2.802734375
12.8	2.802734375
12.801	2.8076171875
12.802	2.822265625
12.803	2.8076171875
12.804	2.8173828125
12.805	2.8271484375
12.806	2.822265625
12.807	2.83203125
12.808	2.83203125
12.809	2.841796875
12.81	2.83203125
12.811	2.841796875
12.812	2.8466796875
12.813	2.8564453125
12.814	2.8564453125
12.815	2.8515625
12.816	2.861328125
12.817	2.861328125
12.818	2.87109375
12.819	2.861328125
12.82	2.87109375
12.821	2.87109375
12.822	2.87109375
12.823	2.87109375
12.824	2.87109375
12.825	2.87109375
12.826	2.8759765625
12.827	2.8759765625
12.828	2.87109375
12.829	2.87109375
12.829996	2.87109375
12.831004	2.8759765625
12.832	2.87109375
12.833004	2.8759765625
12.834004	2.8759765625
12.835004	2.87109375
12.836004	2.8564453125
12.837	2.861328125
12.838	2.861328125
12.839	2.8564453125
12.84	2.8564453125
12.841	2.8515625
12.842	2.8515625
12.843	2.8466796875
12.844	2.841796875
12.845	2.8369140625
12.846	2.822265625
12.847	2.8369140625
12.848	2.83203125
12.849	2.8271484375
12.85	2.822265625
12.851	2.822265625
12.852	2.8125
12.853	2.8125
12.854	2.8076171875
12.855	2.8076171875
12.856	2.7978515625
12.857	2.802734375
12.858	2.7978515625
12.859	2.802734375
12.86	2.79296875
12.861	2.79296875
12.862	2.7978515625
12.863	2.8076171875
12.864	2.79296875
12.865	2.802734375
12.866	2.7978515625
12.867	2.79296875
12.868	2.79296875
12.869	2.7978515625
12.87	2.802734375
12.871	2.802734375
12.872	2.8076171875
12.872996	2.7978515625
12.874004	2.7978515625
12.875	2.8076171875
12.876004	2.8076171875
12.877004	2.822265625
12.878004	2.8173828125
12.879004	2.8271484375
12.88	2.8271484375
12.881	2.8271484375
12.882	2.841796875
12.883	2.8369140625
12.884	2.8466796875
12.885	2.8466796875
12.886	2.841796875
12.887	2.8515625
12.888	2.861328125
12.889	2.861328125
12.89	2.8662109375
12.891	2.861328125
12.892	2.8662109375
12.893	2.861328125
12.894	2.87109375
12.895	2.8759765625
12.896	2.87109375
12.897	2.87109375
12.898	2.87109375
12.899	2.8759765625
12.9	2.87109375
12.901	2.8759765625
12.902	2.87109375
12.903	2.87109375
12.904	2.8662109375
12.905	2.8662109375
12.906	2.8759765625
12.907	2.8759765625
12.908	2.87109375
12.909	2.861328125
12.91	2.8759765625
12.911	2.861328125
12.912	2.8662109375
12.913	2.861328125
12.914	2.8662109375
12.915	2.8515625
12.916004	2.8515625
12.917	2.8466796875
12.918004	2.841796875
12.919004	2.8369140625
12.920004	2.8271484375
12.921004	2.83203125
12.922004	2.8271484375
12.923	2.8173828125
12.924	2.822265625
12.925	2.8125
12.926	2.8125
12.927	2.8125
12.928	2.8076171875
12.929	2.802734375
12.93	2.7978515625
12.931	2.79296875
12.932	2.7978515625
12.933	2.802734375
12.934	2.7978515625
12.935	2.802734375
12.936	2.79296875
12.937	2.802734375
12.938	2.7978515625
12.939	2.7978515625
12.94	2.7978515625
12.941	2.7978515625
12.942	2.802734375
12.943	2.7978515625
12.944	2.7978515625
12.945	2.802734375
12.946	2.8076171875
12.947	2.8125
12.948	2.8076171875
12.949	2.8125
12.95	2.8125
12.951	2.822265625
12.952	2.8271484375
12.953	2.822265625
12.954	2.822265625
12.955	2.83203125
12.956	2.83203125
12.957	2.8369140625
12.957996	2.8466796875
12.959004	2.8466796875
12.96	2.8515625
12.961004	2.8515625
12.962004	2.8564453125
12.963004	2.861328125
12.964004	2.861328125
12.965	2.8662109375
12.966	2.87109375
12.967	2.8662109375
12.968	2.861328125
12.969	2.8662109375
12.97	2.87109375
12.971	2.87109375
12.972	2.87109375
12.973	2.87109375
12.974	2.8759765625
12.975	2.8759765625
12.976	2.8662109375
12.977	2.8662109375
12.978	2.87109375
12.979	2.8759765625
12.98	2.8662109375
12.981	2.87109375
12.982	2.8662109375
12.983	2.87109375
12.984	2.8662109375
12.985	2.861328125
12.986	2.861328125
12.987	2.8564453125
12.988	2.8564453125
12.989	2.8466796875
12.99	2.8515625
12.991	2.841796875
12.992	2.841796875
12.993	2.83203125
12.994	2.822265625
12.995	2.83203125
12.996	2.8271484375
12.997	2.8271484375
12.998	2.8173828125
12.999	2.822265625
13.0	2.8173828125
13.000996	2.8125
13.002004	2.8173828125
13.003	2.8125
13.004004	2.79296875
13.005004	2.802734375
13.006004	2.7978515625
13.007004	2.802734375
13.008	2.802734375
13.009	2.802734375
13.01	2.7978515625
13.011	2.802734375
13.012	2.79296875
13.013	2.7978515625
13.014	2.79296875
13.015	2.7978515625
13.016	2.802734375
13.017	2.7978515625
13.018	2.79296875
13.019	2.79296875
13.02	2.8076171875
13.021	2.802734375
13.022	2.8173828125
13.023	2.8076171875
13.024	2.8125
13.025	2.822265625
13.026	2.822265625
13.027	2.8271484375
13.028	2.822265625
13.029	2.83203125
13.03	2.8369140625
13.031	2.83203125
13.032	2.841796875
13.033	2.8466796875
13.034	2.8515625
13.035	2.8515625
13.036	2.8564453125
13.037	2.861328125
13.038	2.861328125
13.039	2.8662109375
13.04	2.861328125
13.041	2.8662109375
13.042	2.8662109375
13.043	2.87109375
13.044004	2.8759765625
13.045	2.87109375
13.046004	2.87109375
13.047004	2.87109375
13.048004	2.87109375
13.049004	2.8759765625
13.050004	2.8759765625
13.051	2.87109375
13.052	2.8759765625
13.053	2.87109375
13.054	2.87109375
13.055	2.8759765625
13.056	2.8759765625
13.057	2.8662109375
13.058	2.8662109375
13.059	2.861328125
13.06	2.8662109375
13.061	2.861328125
13.062	2.8564453125
13.063	2.8466796875
13.064	2.8515625
13.065	2.841796875
13.066	2.8369140625
13.067	2.841796875
13.068	2.8271484375
13.069	2.822265625
13.07	2.822265625
13.071	2.8173828125
13.072	2.8173828125
13.073	2.822265625
13.074	2.8125
13.075	2.8125
13.076	2.8125
13.077	2.7978515625
13.078	2.802734375
13.079	2.8076171875
13.08	2.802734375
13.081	2.7978515625
13.082	2.79296875
13.083	2.7978515625
13.084	2.802734375
13.085	2.7978515625
13.085996	2.79296875
13.087004	2.7978515625
13.088	2.7978515625
13.089004	2.79296875
13.090004	2.7978515625
13.091004	2.802734375
13.092004	2.802734375
13.093	2.8076171875
13.094	2.802734375
13.095	2.802734375
13.096	2.8076171875
13.097	2.8173828125
13.098	2.8173828125
13.099	2.8173828125
13.1	2.822265625
13.101	2.8173828125
13.102	2.8271484375
13.103	2.8369140625
13.104	2.8369140625
13.105	2.8369140625
13.106	2.8369140625
13.107	2.8466796875
13.108	2.8564453125
13.109	2.8466796875
13.11	2.8564453125
13.111	2.8564453125
13.112	2.861328125
13.113	2.8662109375
13.114	2.861328125
13.115	2.87109375
13.116	2.87109375
13.117	2.8662109375
13.118	2.87109375
13.119	2.8662109375
13.12	2.87109375
13.121	2.8759765625
13.122	2.87109375
13.123	2.87109375
13.124	2.87109375
13.125	2.8759765625
13.126	2.8662109375
13.127	2.8759765625
13.128	2.8662109375
13.128996	2.87109375
13.130004	2.8662109375
13.131	2.8662109375
13.132004	2.8662109375
13.133004	2.861328125
13.134004	2.8662109375
13.135004	2.8564453125
13.136	2.861328125
13.137	2.8466796875
13.138	2.8466796875
13.139	2.8466796875
13.14	2.8369140625
13.141	2.8369140625
13.142	2.8271484375
13.143	2.8369140625
13.144	2.8271484375
13.145	2.8271484375
13.146	2.822265625
13.147	2.822265625
13.148	2.8125
13.149	2.822265625
13.15	2.8125
13.151	2.8076171875
13.152	2.8076171875
13.153	2.8076171875
13.154	2.802734375
13.155	2.7978515625
13.156	2.802734375
13.157	2.802734375
13.158	2.7978515625
13.159	2.7978515625
13.16	2.79296875
13.161	2.79296875
13.162	2.7978515625
13.163	2.79296875
13.164	2.79296875
13.165	2.7978515625
13.166	2.7978515625
13.167	2.802734375
13.168	2.7978515625
13.169	2.7978515625
13.17	2.8076171875
13.171	2.8125
13.172004	2.8125
13.173	2.8173828125
13.174004	2.822265625
13.175004	2.8271484375
13.176004	2.8271484375
13.177004	2.83203125
13.178004	2.83203125
13.179	2.83203125
13.18	2.841796875
13.181	2.8515625
13.182	2.8466796875
13.183	2.8515625
13.184	2.8564453125
13.185	2.8564453125
13.186	2.8564453125
13.187	2.8662109375
13.188	2.861328125
13.189	2.8662109375
13.19	2.8662109375
13.191	2.8662109375
13.192	2.8662109375
13.193	2.8759765625
13.194	2.87109375
13.195	2.87109375
13.196	2.87109375
13.197	2.8662109375
13.198	2.87109375
13.199	2.87109375
13.2	2.87109375
13.201	2.8759765625
13.202	2.87109375
13.203	2.8759765625
13.204	2.87109375
13.205	2.861328125
13.206	2.8662109375
13.207	2.8662109375
13.208	2.861328125
13.209	2.861328125
13.21	2.8662109375
13.211	2.8466796875
13.212	2.8466796875
13.213	2.841796875
13.213996	2.8369140625
13.215004	2.8369140625
13.216	2.8271484375
13.217004	2.83203125
13.218004	2.822265625
13.219004	2.83203125
13.220004	2.8173828125
13.221	2.822265625
13.222	2.8125
13.223	2.8125
13.224	2.802734375
13.225	2.7978515625
13.226	2.7978515625
13.227	2.802734375
13.228	2.802734375
13.229	2.802734375
13.23	2.79296875
13.231	2.802734375
13.232	2.7978515625
13.233	2.7978515625
13.234	2.7978515625
13.235	2.802734375
13.236	2.7978515625
13.237	2.802734375
13.238	2.802734375
13.239	2.79296875
13.24	2.802734375
13.241	2.8076171875
13.242	2.802734375
13.243	2.8076171875
13.244	2.8173828125
13.245	2.8125
13.246	2.8076171875
13.247	2.8173828125
13.248	2.822265625
13.249	2.8271484375
13.25	2.822265625
13.251	2.8271484375
13.252	2.8369140625
13.253	2.8369140625
13.254	2.841796875
13.255	2.8466796875
13.256	2.8515625
13.256996	2.8564453125
13.258004	2.8515625
13.259	2.861328125
13.260004	2.861328125
13.261004	2.8564453125
13.262004	2.861328125
13.263004	2.8662109375
13.264	2.8662109375
13.265	2.8662109375
13.266	2.8662109375
13.267	2.87109375
13.268	2.8759765625
13.269	2.87109375
13.27	2.87109375
13.271	2.8759765625
13.272	2.8662109375
13.273	2.8759765625
13.274	2.87109375
13.275	2.8759765625
13.276	2.87109375
13.277	2.87109375
13.278	2.8662109375
13.279	2.8662109375
13.28	2.8662109375
13.281	2.8662109375
13.282	2.8662109375
13.283	2.8515625
13.284	2.861328125
13.285	2.8515625
13.286	2.8466796875
13.287	2.841796875
13.288	2.841796875
13.289	2.8369140625
13.29	2.8271484375
13.291	2.83203125
13.292	2.822265625
13.293	2.8271484375
13.294	2.822265625
13.295	2.8173828125
13.296	2.8125
13.297	2.8125
13.298	2.8076171875
13.299	2.8076171875
13.300004	2.7978515625
13.301	2.802734375
13.302004	2.7978515625
13.303004	2.802734375
13.304004	2.7978515625
13.305004	2.802734375
13.306004	2.802734375
13.307	2.7978515625
13.308	2.7978515625
13.309	2.802734375
13.31	2.79296875
13.311	2.79296875
13.312	2.7978515625
13.313	2.7978515625
13.314	2.802734375
13.315	2.802734375
13.316	2.8125
13.317	2.802734375
13.318	2.8076171875
13.319	2.8076171875
13.32	2.822265625
13.321	2.8173828125
13.322	2.822265625
13.323	2.822265625
13.324	2.8271484375
13.325	2.8369140625
13.326	2.8369140625
13.327	2.841796875
13.328	2.83203125
13.329	2.8466796875
13.33	2.8466796875
13.331	2.8564453125
13.332	2.8564453125
13.333	2.861328125
13.334	2.8564453125
13.335	2.8564453125
13.336	2.8564453125
13.337	2.861328125
13.338	2.861328125
13.339	2.87109375
13.34	2.87109375
13.341	2.87109375
13.341996	2.87109375
13.343004	2.8759765625
13.344	2.87109375
13.345004	2.87109375
13.346004	2.8662109375
13.347004	2.87109375
13.348004	2.87109375
13.349	2.8759765625
13.35	2.87109375
13.351	2.8662109375
13.352	2.8564453125
13.353	2.8662109375
13.354	2.861328125
13.355	2.861328125
13.356	2.8662109375
13.357	2.861328125
13.358	2.8466796875
13.359	2.8466796875
13.36	2.8515625
13.361	2.8466796875
13.362	2.8369140625
13.363	2.8369140625
13.364	2.8369140625
13.365	2.83203125
13.366	2.8271484375
13.367	2.822265625
13.368	2.8125
13.369	2.8173828125
13.37	2.8173828125
13.371	2.8173828125
13.372	2.8125
13.373	2.8076171875
13.374	2.7978515625
13.375	2.802734375
13.376	2.7978515625
13.377	2.7978515625
13.378	2.802734375
13.379	2.7978515625
13.38	2.7978515625
13.381	2.802734375
13.382	2.7978515625
13.383	2.7978515625
13.384	2.79296875
13.384996	2.802734375
13.386004	2.7978515625
13.387	2.7978515625
13.388004	2.7978515625
13.389004	2.8076171875
13.390004	2.8076171875
13.391004	2.8125
13.392	2.8125
13.393	2.8173828125
13.394	2.8076171875
13.395	2.8173828125
13.396	2.8271484375
13.397	2.8271484375
13.398	2.83203125
13.399	2.83203125
13.4	2.8271484375
13.401	2.8369140625
13.402	2.83203125
13.403	2.841796875
13.404	2.8466796875
13.405	2.841796875
13.406	2.8564453125
13.407	2.861328125
13.408	2.8564453125
13.409	2.8662109375
13.41	2.8564453125
13.411	2.8564453125
13.412	2.8662109375
13.413	2.8662109375
13.414	2.8759765625
13.415	2.87109375
13.416	2.8662109375
13.417	2.87109375
13.418	2.87109375
13.419	2.87109375
13.42	2.87109375
13.421	2.8759765625
13.422	2.87109375
13.423	2.87109375
13.424	2.87109375
13.425	2.87109375
13.426	2.8662109375
13.427	2.87109375
13.428004	2.8564453125
13.429	2.8662109375
13.430004	2.861328125
13.431004	2.861328125
13.432004	2.8466796875
13.433004	2.8466796875
13.434004	2.8466796875
13.435	2.841796875
13.436	2.8369140625
13.437	2.841796875
13.438	2.8271484375
13.439	2.8271484375
13.44	2.83203125
13.441	2.8173828125
13.442	2.8271484375
13.443	2.822265625
13.444	2.822265625
13.445	2.8173828125
13.446	2.8076171875
13.447	2.8173828125
13.448	2.802734375
13.449	2.802734375
13.45	2.8125
13.451	2.8076171875
13.452	2.7978515625
13.453	2.7978515625
13.454	2.802734375
13.455	2.7978515625
13.456	2.802734375
13.457	2.8076171875
13.458	2.802734375
13.459	2.79296875
13.46	2.7978515625
13.461	2.7978515625
13.462	2.802734375
13.463	2.802734375
13.464	2.8076171875
13.465	2.8076171875
13.466	2.8076171875
13.467	2.8173828125
13.468	2.8125
13.469	2.8173828125
13.469996	2.83203125
13.471004	2.822265625
13.472	2.8271484375
13.473004	2.83203125
13.474004	2.83203125
13.475004	2.8369140625
13.476004	2.8466796875
13.477	2.8466796875
13.478	2.8515625
13.479	2.8515625
13.48	2.8564453125
13.481	2.861328125
13.482	2.8564453125
13.483	2.8564453125
13.484	2.861328125
13.485	2.861328125
13.486	2.8662109375
13.487	2.861328125
13.488	2.861328125
13.489	2.8759765625
13.49	2.87109375
13.491	2.8662109375
13.492	2.87109375
13.493	2.87109375
13.494	2.8759765625
13.495	2.87109375
13.496	2.8662109375
13.497	2.87109375
13.498	2.87109375
13.499	2.87109375
13.5	2.8662109375
13.501	2.87109375
13.502	2.861328125
13.503	2.8662109375
13.504	2.861328125
13.505	2.861328125
13.506	2.8564453125
13.507	2.8466796875
13.508	2.8515625
13.509	2.8466796875
13.51	2.841796875
13.511	2.8369140625
13.512	2.83203125
13.512996	2.83203125
13.514004	2.822265625
13.515	2.8271484375
13.516004	2.822265625
13.517004	2.822265625
13.518004	2.822265625
13.519004	2.8125
13.52	2.8076171875
13.521	2.8076171875
13.522	2.802734375
13.523	2.802734375
13.524	2.802734375
13.525	2.79296875
13.526	2.7978515625
13.527	2.7978515625
13.528	2.79296875
13.529	2.802734375
13.53	2.7978515625
13.531	2.7978515625
13.532	2.802734375
13.533	2.802734375
13.534	2.7978515625
13.535	2.802734375
13.536	2.802734375
13.537	2.802734375
13.538	2.8076171875
13.539	2.8125
13.54	2.8125
13.541	2.8173828125
13.542	2.822265625
13.543	2.822265625
13.544	2.8271484375
13.545	2.8271484375
13.546	2.8271484375
13.547	2.8369140625
13.548	2.8369140625
13.549	2.8369140625
13.55	2.841796875
13.551	2.8466796875
13.552	2.8515625
13.553	2.8515625
13.554	2.8515625
13.555	2.861328125
13.556004	2.861328125
13.557	2.861328125
13.558004	2.861328125
13.559004	2.8662109375
13.560004	2.8662109375
13.561004	2.8759765625
13.562004	2.8662109375
13.563	2.8759765625
13.564	2.87109375
13.565	2.8662109375
13.566	2.87109375
13.567	2.8759765625
13.568	2.87109375
13.569	2.8759765625
13.57	2.8759765625
13.571	2.8759765625
13.572	2.8662109375
13.573	2.87109375
13.574	2.8662109375
13.575	2.87109375
13.576	2.8662109375
13.577	2.861328125
13.578	2.861328125
13.579	2.8515625
13.58	2.8515625
13.581	2.8466796875
13.582	2.8466796875
13.583	2.8466796875
13.584	2.8369140625
13.585	2.83203125
13.586	2.83203125
13.587	2.8271484375
13.588	2.8173828125
13.589	2.8271484375
13.59	2.8271484375
13.591	2.8173828125
13.592	2.8125
13.593	2.8125
13.594	2.8125
13.595	2.8076171875
13.596	2.8076171875
13.597	2.7978515625
13.597996	2.8076171875
13.599004	2.7978515625
13.6	2.7978515625
13.601004	2.802734375
13.602004	2.79296875
13.603004	2.79296875
13.604004	2.802734375
13.605	2.7978515625
13.606	2.7978515625
13.607	2.7978515625
13.608	2.8076171875
13.609	2.7978515625
13.61	2.8076171875
13.611	2.802734375
13.612	2.8076171875
13.613	2.8125
13.614	2.8125
13.615	2.822265625
13.616	2.8125
13.617	2.8173828125
13.618	2.8271484375
13.619	2.822265625
13.62	2.8271484375
13.621	2.8369140625
13.622	2.8369140625
13.623	2.841796875
13.624	2.8466796875
13.625	2.8515625
13.626	2.8515625
13.627	2.8515625
13.628	2.8515625
13.629	2.861328125
13.63	2.861328125
13.631	2.861328125
13.632	2.861328125
13.633	2.8662109375
13.634	2.861328125
13.635	2.861328125
13.636	2.87109375
13.637	2.87109375
13.638	2.87109375
13.639	2.8759765625
13.64	2.8759765625
13.640996	2.87109375
13.642004	2.87109375
13.643	2.8662109375
13.644004	2.87109375
13.645004	2.87109375
13.646004	2.8759765625
13.647004	2.8662109375
13.648	2.8662109375
13.649	2.8662109375
13.65	2.8662109375
13.651	2.8662109375
13.652	2.861328125
13.653	2.8515625
13.654	2.8564453125
13.655	2.8564453125
13.656	2.8515625
13.657	2.841796875
13.658	2.841796875
13.659	2.841796875
13.66	2.8271484375
13.661	2.8271484375
13.662	2.8271484375
13.663	2.822265625
13.664	2.8173828125
13.665	2.8173828125
13.666	2.8173828125
13.667	2.8125
13.668	2.8173828125
13.669	2.8076171875
13.67	2.7978515625
13.671	2.802734375
13.672	2.7978515625
13.673	2.8076171875
13.674	2.802734375
13.675	2.802734375
13.676	2.79296875
13.677	2.79296875
13.678	2.802734375
13.679	2.802734375
13.68	2.7978515625
13.681	2.802734375
13.682	2.802734375
13.683	2.802734375
13.684004	2.8076171875
13.685	2.802734375
13.686004	2.8076171875
13.687004	2.8076171875
13.688004	2.8125
13.689004	2.822265625
13.690004	2.8173828125
13.691	2.8173828125
13.692	2.822265625
13.693	2.8271484375
13.694	2.822265625
13.695	2.841796875
13.696	2.8369140625
13.697	2.8369140625
13.698	2.841796875
13.699	2.8466796875
13.7	2.8466796875
13.701	2.8515625
13.702	2.8564453125
13.703	2.8515625
13.704	2.8564453125
13.705	2.861328125
13.706	2.8564453125
13.707	2.861328125
13.708	2.8662109375
13.709	2.861328125
13.71	2.8662109375
13.711	2.8662109375
13.712	2.87109375
13.713	2.87109375
13.714	2.87109375
13.715	2.8662109375
13.716	2.87109375
13.717	2.8759765625
13.718	2.87109375
13.719	2.87109375
13.72	2.87109375
13.721	2.861328125
13.722	2.87109375
13.723	2.861328125
13.724	2.861328125
13.725	2.8662109375
13.725996	2.8564453125
13.727004	2.8564453125
13.728	2.8564453125
13.729004	2.8564453125
13.730004	2.8515625
13.731004	2.8515625
13.732004	2.841796875
13.733	2.83203125
13.734	2.8271484375
13.735	2.8271484375
13.736	2.8271484375
13.737	2.822265625
13.738	2.822265625
13.739	2.822265625
13.74	2.822265625
13.741	2.8125
13.742	2.8125
13.743	2.8125
13.744	2.802734375
13.745	2.8125
13.746	2.802734375
13.747	2.7978515625
13.748	2.7978515625
13.749	2.7978515625
13.75	2.802734375
13.751	2.802734375
13.752	2.7978515625
13.753	2.802734375
13.754	2.802734375
13.755	2.802734375
13.756	2.7978515625
13.757	2.802734375
13.758	2.7978515625
13.759	2.8076171875
13.76	2.8076171875
13.761	2.8076171875
13.762	2.8125
13.763	2.8173828125
13.764	2.8076171875
13.765	2.822265625
13.766	2.8271484375
13.767	2.8173828125
13.768	2.822265625
13.768996	2.8369140625
13.770004	2.8369140625
13.771	2.8369140625
13.772004	2.8369140625
13.773004	2.8466796875
13.774004	2.8515625
13.775004	2.8515625
13.776	2.8564453125
13.777	2.861328125
13.778	2.861328125
13.779	2.861328125
13.78	2.861328125
13.781	2.8662109375
13.782	2.8759765625
13.783	2.861328125
13.784	2.8662109375
13.785	2.8662109375
13.786	2.8759765625
13.787	2.87109375
13.788	2.8662109375
13.789	2.87109375
13.79	2.87109375
13.791	2.87109375
13.792	2.87109375
13.793	2.8759765625
13.794	2.87109375
13.795	2.87109375
13.796	2.861328125
13.797	2.861328125
13.798	2.861328125
13.799	2.861328125
13.8	2.861328125
13.801	2.8515625
13.802	2.8564453125
13.803	2.8466796875
13.804	2.8466796875
13.805	2.8466796875
13.806	2.841796875
13.807	2.8369140625
13.808	2.83203125
13.809	2.83203125
13.81	2.822265625
13.811	2.8271484375
13.812004	2.8173828125
13.813	2.822265625
13.814004	2.8125
13.815004	2.8125
13.816004	2.8076171875
13.817004	2.802734375
13.818004	2.8173828125
13.819	2.802734375
13.82	2.8076171875
13.821	2.7978515625
13.822	2.79296875
13.823	2.7978515625
13.824	2.802734375
13.825	2.802734375
13.826	2.802734375
13.827	2.802734375
13.828	2.7978515625
13.829	2.79296875
13.83	2.802734375
13.831	2.8125
13.832	2.802734375
13.833	2.802734375
13.834	2.8076171875
13.835	2.8125
13.836	2.822265625
13.837	2.8173828125
13.838	2.8125
13.839	2.8173828125
13.84	2.8271484375
13.841	2.822265625
13.842	2.8271484375
13.843	2.8369140625
13.844	2.841796875
13.845	2.83203125
13.846	2.841796875
13.847	2.8466796875
13.848	2.8466796875
13.849	2.8466796875
13.85	2.8564453125
13.851	2.861328125
13.852	2.8564453125
13.853	2.8564453125
13.853996	2.861328125
13.855004	2.8662109375
13.856	2.8564453125
13.857004	2.8662109375
13.858004	2.861328125
13.859004	2.8662109375
13.860004	2.8662109375
13.861	2.87109375
13.862	2.87109375
13.863	2.87109375
13.864	2.8759765625
13.865	2.87109375
13.866	2.8759765625
13.867	2.87109375
13.868	2.8662109375
13.869	2.8662109375
13.87	2.87109375
13.871	2.861328125
13.872	2.861328125
13.873	2.861328125
13.874	2.8515625
13.875	2.8515625
13.876	2.8515625
13.877	2.8515625
13.878	2.8515625
13.879	2.841796875
13.88	2.8369140625
13.881	2.8369140625
13.882	2.8271484375
13.883	2.8369140625
13.884	2.8271484375
13.885	2.822265625
13.886	2.8173828125
13.887	2.822265625
13.888	2.8173828125
13.889	2.8125
13.89	2.822265625
13.891	2.8076171875
13.892	2.8076171875
13.893	2.8076171875
13.894	2.802734375
13.895	2.802734375
13.896	2.802734375
13.896996	2.7978515625
13.898004	2.7978515625
13.899	2.7978515625
13.900004	2.802734375
13.901004	2.7978515625
13.902004	2.7978515625
13.903004	2.802734375
13.904	2.7978515625
13.905	2.7978515625
13.906	2.802734375
13.907	2.8125
13.908	2.8076171875
13.909	2.8076171875
13.91	2.8173828125
13.911	2.8125
13.912	2.8173828125
13.913	2.822265625
13.914	2.8271484375
13.915	2.822265625
13.916	2.822265625
13.917	2.83203125
13.918	2.83203125
13.919	2.8369140625
13.92	2.8466796875
13.921	2.8466796875
13.922	2.8515625
13.923	2.8564453125
13.924	2.8515625
13.925	2.8564453125
13.926	2.861328125
13.927	2.861328125
13.928	2.8662109375
13.929	2.861328125
13.93	2.8662109375
13.931	2.87109375
13.932	2.861328125
13.933	2.8662109375
13.934	2.87109375
13.935	2.87109375
13.936	2.8662109375
13.937	2.8662109375
13.938	2.87109375
13.939	2.8662109375
13.940004	2.8759765625
13.941	2.87109375
13.942004	2.8662109375
13.943004	2.8662109375
13.944004	2.8662109375
13.945004	2.8662109375
13.946004	2.8662109375
13.947	2.861328125
13.948	2.8662109375
13.949	2.8564453125
13.95	2.8515625
13.951	2.8515625
13.952	2.8466796875
13.953	2.841796875
13.954	2.8369140625
13.955	2.841796875
13.956	2.83203125
13.957	2.8369140625
13.958	2.822265625
13.959	2.8271484375
13.96	2.8173828125
13.961	2.8125
13.962	2.8173828125
13.963	2.8125
13.964	2.8125
13.965	2.8076171875
13.966	2.8076171875
13.967	2.8076171875
13.968	2.802734375
13.969	2.802734375
13.97	2.7978515625
13.971	2.802734375
13.972	2.7978515625
13.973	2.802734375
13.974	2.8076171875
13.975	2.8076171875
13.976	2.802734375
13.977	2.8076171875
13.978	2.802734375
13.979	2.8076171875
13.98	2.802734375
13.981	2.802734375
13.981996	2.802734375
13.983004	2.8076171875
13.984	2.8076171875
13.985004	2.822265625
13.986004	2.8125
13.987004	2.822265625
13.988004	2.8271484375
13.989	2.8271484375
13.99	2.8271484375
13.991	2.83203125
13.992	2.8369140625
13.993	2.841796875
13.994	2.8466796875
13.995	2.8466796875
13.996	2.8515625
13.997	2.8515625
13.998	2.8515625
13.999	2.8564453125
14.0	2.861328125
14.001	2.8564453125
14.002	2.8564453125
14.003	2.8662109375
14.004	2.861328125
14.005	2.861328125
14.006	2.861328125
14.007	2.8662109375
14.008	2.87109375
14.009	2.8759765625
14.01	2.87109375
14.011	2.87109375
14.012	2.8759765625
14.013	2.8759765625
14.014	2.87109375
14.015	2.87109375
14.016	2.8662109375
14.017	2.87109375
14.018	2.8662109375
14.019	2.8662109375
14.02	2.87109375
14.021	2.861328125
14.022	2.8564453125
14.023	2.8564453125
14.024	2.8466796875
14.024996	2.8564453125
14.026004	2.8466796875
14.027	2.841796875
14.028004	2.8466796875
14.029004	2.8369140625
14.030004	2.83203125
14.031004	2.83203125
14.032	2.822265625
14.033	2.8173828125
14.034	2.8173828125
14.035	2.8271484375
14.036	2.8125
14.037	2.8125
14.038	2.8125
14.039	2.8076171875
14.04	2.8125
14.041	2.802734375
14.042	2.802734375
14.043	2.802734375
14.044	2.802734375
14.045	2.802734375
14.046	2.7978515625
14.047	2.7978515625
14.048	2.7978515625
14.049	2.802734375
14.05	2.7978515625
14.051	2.802734375
14.052	2.802734375
14.053	2.8076171875
14.054	2.802734375
14.055	2.8076171875
14.056	2.802734375
14.057	2.8125
14.058	2.8125
14.059	2.8125
14.06	2.8125
14.061	2.822265625
14.062	2.8173828125
14.063	2.8271484375
14.064	2.8173828125
14.065	2.8369140625
14.066	2.841796875
14.067	2.8369140625
14.068004	2.841796875
14.069	2.841796875
14.070004	2.8466796875
14.071004	2.8515625
14.072004	2.8564453125
14.073004	2.8564453125
14.074004	2.8564453125
14.075	2.8515625
14.076	2.8662109375
14.077	2.861328125
14.078	2.861328125
14.079	2.8662109375
14.08	2.87109375
14.081	2.8662109375
14.082	2.8662109375
14.083	2.87109375
14.084	2.87109375
14.085	2.87109375
14.086	2.8759765625
14.087	2.87109375
14.088	2.87109375
14.089	2.8662109375
14.09	2.8662109375
14.091	2.8662109375
14.092	2.8662109375
14.093	2.861328125
14.094	2.861328125
14.095	2.861328125
14.096	2.8564453125
14.097	2.8564453125
14.098	2.8564453125
14.099	2.8466796875
14.1	2.8515625
14.101	2.8369140625
14.102	2.8369140625
14.103	2.8369140625
14.104	2.83203125
14.105	2.8369140625
14.106	2.83203125
14.107	2.8271484375
14.108	2.8271484375
14.109	2.8173828125
14.109996	2.8173828125
14.111004	2.822265625
14.112	2.8076171875
14.113004	2.8125
14.114004	2.7978515625
14.115004	2.802734375
14.116004	2.8125
14.117	2.8076171875
14.118	2.802734375
14.119	2.8076171875
14.12	2.802734375
14.121	2.7978515625
14.122	2.802734375
14.123	2.8076171875
14.124	2.7978515625
14.125	2.802734375
14.126	2.8076171875
14.127	2.8076171875
14.128	2.802734375
14.129	2.8076171875
14.13	2.8076171875
14.131	2.8076171875
14.132	2.822265625
14.133	2.8173828125
14.134	2.8125
14.135	2.822265625
14.136	2.822265625
14.137	2.822265625
14.138	2.8271484375
14.139	2.83203125
14.14	2.8369140625
14.141	2.8369140625
14.142	2.8466796875
14.143	2.8466796875
14.144	2.8515625
14.145	2.8515625
14.146	2.8515625
14.147	2.8564453125
14.148	2.8564453125
14.149	2.861328125
14.15	2.8564453125
14.151	2.8564453125
14.152	2.861328125
14.152996	2.8662109375
14.154004	2.87109375
14.155	2.8662109375
14.156004	2.8662109375
14.157004	2.87109375
14.158004	2.87109375
14.159004	2.87109375
14.16	2.8662109375
14.161	2.8662109375
14.162	2.87109375
14.163	2.87109375
14.164	2.8662109375
14.165	2.8662109375
14.166	2.861328125
14.167	2.861328125
14.168	2.8662109375
14.169	2.8662109375
14.17	2.8564453125
14.171	2.8515625
14.172	2.8515625
14.173	2.8466796875
14.174	2.841796875
14.175	2.8369140625
14.176	2.8369140625
14.177	2.8369140625
14.178	2.83203125
14.179	2.8271484375
14.18	2.8271484375
14.181	2.822265625
14.182	2.822265625
14.183	2.8271484375
14.184	2.8125
14.185	2.8173828125
14.186	2.8173828125
14.187	2.8125
14.188	2.8076171875
14.189	2.8125
14.19	2.8076171875
14.191	2.802734375
14.192	2.7978515625
14.193	2.7978515625
14.194	2.7978515625
14.195	2.7978515625
14.196004	2.7978515625
14.197	2.802734375
14.198004	2.7978515625
14.199004	2.7978515625
14.200004	2.802734375
14.201004	2.7978515625
14.202004	2.8076171875
14.203	2.8076171875
14.204	2.8076171875
14.205	2.802734375
14.206	2.8173828125
14.207	2.822265625
14.208	2.8173828125
14.209	2.8271484375
14.21	2.8173828125
14.211	2.8271484375
14.212	2.83203125
14.213	2.8369140625
14.214	2.8369140625
14.215	2.8369140625
14.216	2.83203125
14.217	2.8466796875
14.218	2.8515625
14.219	2.8515625
14.22	2.8466796875
14.221	2.8564453125
14.222	2.8564453125
14.223	2.8564453125
14.224	2.861328125
14.225	2.861328125
14.226	2.861328125
14.227	2.861328125
14.228	2.8564453125
14.229	2.861328125
14.23	2.8662109375
14.231	2.861328125
14.232	2.87109375
14.233	2.8759765625
14.234	2.87109375
14.235	2.87109375
14.236	2.87109375
14.237	2.861328125
14.237996	2.861328125
14.239004	2.8662109375
14.24	2.861328125
14.241004	2.8662109375
14.242004	2.8662109375
14.243004	2.861328125
14.244004	2.8564453125
14.245	2.861328125
14.246	2.8466796875
14.247	2.8515625
14.248	2.8515625
14.249	2.841796875
14.25	2.841796875
14.251	2.8369140625
14.252	2.8271484375
14.253	2.83203125
14.254	2.8271484375
14.255	2.822265625
14.256	2.822265625
14.257	2.822265625
14.258	2.8173828125
14.259	2.8125
14.26	2.8173828125
14.261	2.8125
14.262	2.8076171875
14.263	2.8125
14.264	2.8076171875
14.265	2.8076171875
14.266	2.8076171875
14.267	2.802734375
14.268	2.802734375
14.269	2.802734375
14.27	2.802734375
14.271	2.7978515625
14.272	2.802734375
14.273	2.802734375
14.274	2.8076171875
14.275	2.7978515625
14.276	2.802734375
14.277	2.8125
14.278	2.8076171875
14.279	2.8076171875
14.28	2.8076171875
14.280996	2.8125
14.282004	2.8173828125
14.283	2.8125
14.284004	2.822265625
14.285004	2.822265625
14.286004	2.8271484375
14.287004	2.8369140625
14.288	2.83203125
14.289	2.8369140625
14.29	2.8466796875
14.291	2.841796875
14.292	2.8515625
14.293	2.8515625
14.294	2.8564453125
14.295	2.8466796875
14.296	2.8564453125
14.297	2.8662109375
14.298	2.8564453125
14.299	2.8662109375
14.3	2.8662109375
14.301	2.8564453125
14.302	2.8564453125
14.303	2.8662109375
14.304	2.8564453125
14.305	2.87109375
14.306	2.87109375
14.307	2.87109375
14.308	2.8662109375
14.309	2.87109375
14.31	2.87109375
14.311	2.8662109375
14.312	2.87109375
14.313	2.8662109375
14.314	2.8564453125
14.315	2.8662109375
14.316	2.861328125
14.317	2.8662109375
14.318	2.861328125
14.319	2.8564453125
14.32	2.8515625
14.321	2.8515625
14.322	2.8515625
14.323	2.8369140625
14.324004	2.841796875
14.325	2.8369140625
14.326004	2.8271484375
14.327004	2.8271484375
14.328004	2.8271484375
14.329004	2.8173828125
14.330004	2.8173828125
14.331	2.822265625
14.332	2.822265625
14.333	2.8125
14.334	2.802734375
14.335	2.8076171875
14.336	2.802734375
14.337	2.8125
14.338	2.7978515625
14.339	2.7978515625
14.34	2.8125
14.341	2.802734375
14.342	2.802734375
14.343	2.802734375
14.344	2.7978515625
14.345	2.7978515625
14.346	2.802734375
14.347	2.802734375
14.348	2.8076171875
14.349	2.8076171875
14.35	2.8125
14.351	2.802734375
14.352	2.8125
14.353	2.8125
14.354	2.822265625
14.355	2.8125
14.356	2.8173828125
14.357	2.8125
14.358	2.8271484375
14.359	2.822265625
14.36	2.8271484375
14.361	2.8369140625
14.362	2.8271484375
14.363	2.8369140625
14.364	2.8466796875
14.365	2.8369140625
14.365996	2.8466796875
14.367004	2.841796875
14.368	2.841796875
14.369004	2.8564453125
14.370004	2.8515625
14.371004	2.861328125
14.372004	2.8564453125
14.373	2.861328125
14.374	2.861328125
14.375	2.861328125
14.376	2.8662109375
14.377	2.8662109375
14.378	2.861328125
14.379	2.8662109375
14.38	2.8662109375
14.381	2.87109375
14.382	2.8662109375
14.383	2.8662109375
14.384	2.8662109375
14.385	2.861328125
14.386	2.8662109375
14.387	2.8662109375
14.388	2.8662109375
14.389	2.8662109375
14.39	2.8662109375
14.391	2.861328125
14.392	2.861328125
14.393	2.8564453125
14.394	2.8515625
14.395	2.8466796875
14.396	2.8515625
14.397	2.841796875
14.398	2.841796875
14.399	2.8369140625
14.4	2.83203125
14.401	2.8369140625
14.402	2.83203125
14.403	2.8271484375
14.404	2.8173828125
14.405	2.822265625
14.406	2.8125
14.407	2.822265625
14.408	2.8125
14.408996	2.822265625
14.410004	2.802734375
14.411	2.8076171875
14.412004	2.802734375
14.413004	2.7978515625
14.414004	2.802734375
14.415004	2.802734375
14.416	2.802734375
14.417	2.802734375
14.418	2.802734375
14.419	2.8076171875
14.42	2.802734375
14.421	2.802734375
14.422	2.8076171875
14.423	2.802734375
14.424	2.8076171875
14.425	2.802734375
14.426	2.802734375
14.427	2.8076171875
14.428	2.8125
14.429	2.8125
14.43	2.8173828125
14.431	2.8271484375
14.432	2.8173828125
14.433	2.8271484375
14.434	2.8271484375
14.435	2.8369140625
14.436	2.8369140625
14.437	2.8369140625
14.438	2.8466796875
14.439	2.841796875
14.44	2.841796875
14.441	2.8515625
14.442	2.8564453125
14.443	2.8515625
14.444	2.8564453125
14.445	2.861328125
14.446	2.861328125
14.447	2.8662109375
14.448	2.861328125
14.449	2.861328125
14.45	2.8662109375
14.451	2.8662109375
14.452004	2.861328125
14.453	2.8662109375
14.454004	2.87109375
14.455004	2.8662109375
14.456004	2.87109375
14.457004	2.8662109375
14.458004	2.8662109375
14.459	2.8662109375
14.46	2.87109375
14.461	2.861328125
14.462	2.861328125
14.463	2.8662109375
14.464	2.861328125
14.465	2.8662109375
14.466	2.861328125
14.467	2.8515625
14.468	2.8515625
14.469	2.8515625
14.47	2.8515625
14.471	2.8369140625
14.472	2.83203125
14.473	2.841796875
14.474	2.8369140625
14.475	2.83203125
14.476	2.83203125
14.477	2.822265625
14.478	2.822265625
14.479	2.8271484375
14.48	2.8125
14.481	2.8173828125
14.482	2.8125
14.483	2.8125
14.484	2.8076171875
14.485	2.8076171875
14.486	2.8125
14.487	2.802734375
14.488	2.802734375
14.489	2.802734375
14.49	2.7978515625
14.491	2.8076171875
14.492	2.802734375
14.493	2.8076171875
14.493996	2.802734375
14.495004	2.802734375
14.496	2.8076171875
14.497004	2.8076171875
14.498004	2.8076171875
14.499004	2.8076171875
14.500004	2.8125
14.501	2.8173828125
14.502	2.822265625
14.503	2.8173828125
14.504	2.8125
14.505	2.822265625
14.506	2.822265625
14.507	2.83203125
14.508	2.8369140625
14.509	2.83203125
14.51	2.83203125
14.511	2.8369140625
14.512	2.841796875
14.513	2.841796875
14.514	2.841796875
14.515	2.8515625
14.516	2.8466796875
14.517	2.8466796875
14.518	2.8564453125
14.519	2.861328125
14.52	2.8564453125
14.521	2.8564453125
14.522	2.8564453125
14.523	2.8662109375
14.524	2.87109375
14.525	2.87109375
14.526	2.8662109375
14.527	2.8662109375
14.528	2.861328125
14.529	2.87109375
14.53	2.87109375
14.531	2.8662109375
14.532	2.861328125
14.533	2.87109375
14.534	2.8662109375
14.535	2.861328125
14.536	2.861328125
14.536996	2.861328125
14.538004	2.861328125
14.539	2.8662109375
14.540004	2.861328125
14.541004	2.8564453125
14.542004	2.8466796875
14.543004	2.8466796875
14.544	2.8466796875
14.545	2.841796875
14.546	2.841796875
14.547	2.8369140625
14.548	2.83203125
14.549	2.8271484375
14.55	2.8271484375
14.551	2.822265625
14.552	2.822265625
14.553	2.822265625
14.554	2.8173828125
14.555	2.8125
14.556	2.8173828125
14.557	2.8125
14.558	2.8125
14.559	2.8076171875
14.56	2.8125
14.561	2.8076171875
14.562	2.802734375
14.563	2.802734375
14.564	2.7978515625
14.565	2.802734375
14.566	2.802734375
14.567	2.7978515625
14.568	2.802734375
14.569	2.802734375
14.57	2.802734375
14.571	2.7978515625
14.572	2.8076171875
14.573	2.8076171875
14.574	2.8076171875
14.575	2.8125
14.576	2.8173828125
14.577	2.8173828125
14.578	2.8271484375
14.579	2.822265625
14.580004	2.8271484375
14.581	2.83203125
14.582004	2.8173828125
14.583004	2.83203125
14.584004	2.83203125
14.585004	2.83203125
14.586004	2.841796875
14.587	2.841796875
14.588	2.8515625
14.589	2.8466796875
14.59	2.8564453125
14.591	2.8515625
14.592	2.8515625
14.593	2.861328125
14.594	2.8564453125
14.595	2.861328125
14.596	2.8662109375
14.597	2.861328125
14.598	2.861328125
14.599	2.861328125
14.6	2.87109375
14.601	2.861328125
14.602	2.861328125
14.603	2.8662109375
14.604	2.8662109375
14.605	2.861328125
14.606	2.8564453125
14.607	2.8662109375
14.608	2.87109375
14.609	2.861328125
14.61	2.8564453125
14.611	2.8662109375
14.612	2.861328125
14.613	2.861328125
14.614	2.8662109375
14.615	2.8466796875
14.616	2.8466796875
14.617	2.841796875
14.618	2.841796875
14.619	2.841796875
14.62	2.8369140625
14.621	2.8369140625
14.621996	2.83203125
14.623004	2.8369140625
14.624	2.83203125
14.625004	2.8271484375
14.626004	2.822265625
14.627004	2.8271484375
14.628004	2.8173828125
14.629	2.8076171875
14.63	2.8076171875
14.631	2.8125
14.632	2.8125
14.633	2.802734375
14.634	2.802734375
14.635	2.8076171875
14.636	2.8076171875
14.637	2.7978515625
14.638	2.8076171875
14.639	2.7978515625
14.64	2.7978515625
14.641	2.8076171875
14.642	2.7978515625
14.643	2.802734375
14.644	2.7978515625
14.645	2.8076171875
14.646	2.8125
14.647	2.8125
14.648	2.8076171875
14.649	2.8173828125
14.65	2.8125
14.651	2.822265625
14.652	2.8271484375
14.653	2.822265625
14.654	2.822265625
14.655	2.8173828125
14.656	2.8271484375
14.657	2.83203125
14.658	2.83203125
14.659	2.841796875
14.66	2.8369140625
14.661	2.8369140625
14.662	2.8466796875
14.663	2.8466796875
14.664	2.8515625
14.664996	2.8515625
14.666004	2.8515625
14.667	2.8662109375
14.668004	2.861328125
14.669004	2.8662109375
14.670004	2.861328125
14.671004	2.8662109375
14.672	2.8662109375
14.673	2.87109375
14.674	2.8662109375
14.675	2.861328125
14.676	2.861328125
14.677	2.87109375
14.678	2.8662109375
14.679	2.8662109375
14.68	2.861328125
14.681	2.87109375
14.682	2.87109375
14.683	2.861328125
14.684	2.861328125
14.685	2.8564453125
14.686	2.861328125
14.687	2.861328125
14.688	2.861328125
14.689	2.841796875
14.69	2.8515625
14.691	2.8564453125
14.692	2.8515625
14.693	2.841796875
14.694	2.841796875
14.695	2.841796875
14.696	2.8271484375
14.697	2.8271484375
14.698	2.83203125
14.699	2.822265625
14.7	2.8173828125
14.701	2.8173828125
14.702	2.822265625
14.703	2.8173828125
14.704	2.822265625
14.705	2.8076171875
14.706	2.822265625
14.707	2.802734375
14.708004	2.8125
14.709	2.802734375
14.710004	2.8076171875
14.711004	2.802734375
14.712004	2.802734375
14.713004	2.7978515625
14.714004	2.802734375
14.715	2.802734375
14.716	2.802734375
14.717	2.7978515625
14.718	2.7978515625
14.719	2.8125
14.72	2.7978515625
14.721	2.8076171875
14.722	2.8076171875
14.723	2.8173828125
14.724	2.8125
14.725	2.8173828125
14.726	2.8125
14.727	2.8271484375
14.728	2.822265625
14.729	2.822265625
14.73	2.8271484375
14.731	2.8369140625
14.732	2.841796875
14.733	2.8369140625
14.734	2.8369140625
14.735	2.8466796875
14.736	2.8466796875
14.737	2.8564453125
14.738	2.8515625
14.739	2.8564453125
14.74	2.8564453125
14.741	2.8564453125
14.742	2.861328125
14.743	2.861328125
14.744	2.861328125
14.745	2.8662109375
14.746	2.861328125
14.747	2.8564453125
14.748	2.87109375
14.749	2.87109375
14.749996	2.8564453125
14.751004	2.8662109375
14.752	2.8662109375
14.753004	2.8662109375
14.754004	2.87109375
14.755004	2.8662109375
14.756004	2.8564453125
14.757	2.861328125
14.758	2.8662109375
14.759	2.861328125
14.76	2.861328125
14.761	2.8662109375
14.762	2.861328125
14.763	2.8564453125
14.764	2.8466796875
14.765	2.8515625
14.766	2.8515625
14.767	2.8369140625
14.768	2.841796875
14.769	2.8369140625
14.77	2.83203125
14.771	2.8369140625
14.772	2.822265625
14.773	2.8271484375
14.774	2.8271484375
14.775	2.8173828125
14.776	2.8173828125
14.777	2.8125
14.778	2.8125
14.779	2.8125
14.78	2.8173828125
14.781	2.802734375
14.782	2.802734375
14.783	2.802734375
14.784	2.802734375
14.785	2.7978515625
14.786	2.802734375
14.787	2.7978515625
14.788	2.7978515625
14.789	2.7978515625
14.79	2.802734375
14.791	2.802734375
14.792	2.8076171875
14.792996	2.8076171875
14.794004	2.8076171875
14.795	2.8125
14.796004	2.8076171875
14.797004	2.8173828125
14.798004	2.8173828125
14.799004	2.822265625
14.8	2.822265625
14.801	2.8173828125
14.802	2.8271484375
14.803	2.8271484375
14.804	2.83203125
14.805	2.8369140625
14.806	2.83203125
14.807	2.83203125
14.808	2.841796875
14.809	2.841796875
14.81	2.8466796875
14.811	2.8515625
14.812	2.8466796875
14.813	2.8466796875
14.814	2.8466796875
14.815	2.861328125
14.816	2.8564453125
14.817	2.8564453125
14.818	2.8662109375
14.819	2.8662109375
14.82	2.8662109375
14.821	2.8662109375
14.822	2.87109375
14.823	2.861328125
14.824	2.8662109375
14.825	2.8662109375
14.826	2.8662109375
14.827	2.8662109375
14.828	2.87109375
14.829	2.87109375
14.83	2.861328125
14.831	2.87109375
14.832	2.8662109375
14.833	2.8662109375
14.834	2.8564453125
14.835	2.8564453125
14.836004	2.8564453125
14.837	2.8564453125
14.838004	2.8515625
14.839004	2.8515625
14.840004	2.841796875
14.841004	2.841796875
14.842004	2.8369140625
14.843	2.83203125
14.844	2.8271484375
14.845	2.8271484375
14.846	2.83203125
14.847	2.8271484375
14.848	2.8271484375
14.849	2.822265625
14.85	2.8173828125
14.851	2.8173828125
14.852	2.8125
14.853	2.8125
14.854	2.8125
14.855	2.8173828125
14.856	2.8076171875
14.857	2.8076171875
14.858	2.8125
14.859	2.802734375
14.86	2.802734375
14.861	2.8076171875
14.862	2.7978515625
14.863	2.8076171875
14.864	2.8076171875
14.865	2.8076171875
14.866	2.8076171875
14.867	2.802734375
14.868	2.802734375
14.869	2.8125
14.87	2.8173828125
14.871	2.822265625
14.872	2.8125
14.873	2.8173828125
14.874	2.822265625
14.875	2.822265625
14.876	2.8271484375
14.877	2.8271484375
14.877996	2.8369140625
14.879004	2.8369140625
14.88	2.83203125
14.881004	2.8369140625
14.882004	2.8466796875
14.883004	2.841796875
14.884004	2.841796875
14.885	2.8466796875
14.886	2.8466796875
14.887	2.8515625
14.888	2.8564453125
14.889	2.861328125
14.89	2.8564453125
14.891	2.861328125
14.892	2.8662109375
14.893	2.861328125
14.894	2.8564453125
14.895	2.8662109375
14.896	2.8662109375
14.897	2.8662109375
14.898	2.8662109375
14.899	2.87109375
14.9	2.861328125
14.901	2.87109375
14.902	2.87109375
14.903	2.8662109375
14.904	2.861328125
14.905	2.861328125
14.906	2.861328125
14.907	2.8662109375
14.908	2.8564453125
14.909	2.861328125
14.91	2.861328125
14.911	2.8515625
14.912	2.8515625
14.913	2.8515625
14.914	2.8466796875
14.915	2.841796875
14.916	2.8369140625
14.917	2.8369140625
14.918	2.822265625
14.919	2.8271484375
14.92	2.83203125
14.920996	2.83203125
14.922004	2.8271484375
14.923	2.8271484375
14.924004	2.822265625
14.925004	2.822265625
14.926004	2.8076171875
14.927004	2.8125
14.928	2.8076171875
14.929	2.8076171875
14.93	2.802734375
14.931	2.8076171875
14.932	2.802734375
14.933	2.7978515625
14.934	2.802734375
14.935	2.802734375
14.936	2.802734375
14.937	2.8125
14.938	2.8076171875
14.939	2.802734375
14.94	2.7978515625
14.941	2.8076171875
14.942	2.8125
14.943	2.8076171875
14.944	2.8125
14.945	2.822265625
14.946	2.8125
14.947	2.822265625
14.948	2.822265625
14.949	2.8271484375
14.95	2.8173828125
14.951	2.822265625
14.952	2.8271484375
14.953	2.83203125
14.954	2.841796875
14.955	2.8369140625
14.956	2.841796875
14.957	2.8369140625
14.958	2.8466796875
14.959	2.8466796875
14.96	2.8515625
14.961	2.8515625
14.962	2.8515625
14.963	2.8564453125
14.964004	2.861328125
14.965	2.8564453125
14.966004	2.861328125
14.967004	2.861328125
14.968004	2.8564453125
14.969004	2.8662109375
14.970004	2.861328125
14.971	2.861328125
14.972	2.861328125
14.973	2.8662109375
14.974	2.8662109375
14.975	2.87109375
14.976	2.8662109375
14.977	2.8564453125
14.978	2.8564453125
14.979	2.861328125
14.98	2.861328125
14.981	2.8662109375
14.982	2.8564453125
14.983	2.861328125
14.984	2.8564453125
14.985	2.8564453125
14.986	2.8515625
14.987	2.8515625
14.988	2.841796875
14.989	2.83203125
14.99	2.83203125
14.991	2.8369140625
14.992	2.83203125
14.993	2.83203125
14.994	2.822265625
14.995	2.822265625
14.996	2.8173828125
14.997	2.822265625
14.998	2.8125
14.999	2.822265625
15.0	2.8125
15.001	2.8173828125
15.002	2.8125
15.003	2.8125
15.004	2.8076171875
15.005	2.8076171875
15.005996	2.8076171875
15.007004	2.8076171875
15.008	2.8076171875
15.009004	2.8076171875
15.010004	2.8125
15.011004	2.802734375
15.012004	2.802734375
15.013	2.8125
15.014	2.7978515625
15.015	2.8076171875
15.016	2.8076171875
15.017	2.8076171875
15.018	2.8125
15.019	2.8173828125
15.02	2.8173828125
15.021	2.822265625
15.022	2.8271484375
15.023	2.8173828125
15.024	2.822265625
15.025	2.822265625
15.026	2.8369140625
15.027	2.83203125
15.028	2.83203125
15.029	2.8369140625
15.03	2.841796875
15.031	2.841796875
15.032	2.841796875
15.033	2.8515625
15.034	2.8515625
15.035	2.8564453125
15.036	2.8515625
15.037	2.8515625
15.038	2.8564453125
15.039	2.8515625
15.04	2.861328125
15.041	2.8662109375
15.042	2.8662109375
15.043	2.861328125
15.044	2.8662109375
15.045	2.861328125
15.046	2.87109375
15.047	2.8662109375
15.048	2.87109375
15.048996	2.87109375
15.050004	2.8662109375
15.051	2.8564453125
15.052004	2.8662109375
15.053004	2.8662109375
15.054004	2.861328125
15.055004	2.8662109375
15.056	2.8564453125
15.057	2.8662109375
15.058	2.861328125
15.059	2.8564453125
15.06	2.8466796875
15.061	2.8515625
15.062	2.841796875
15.063	2.841796875
15.064	2.8271484375
15.065	2.8369140625
15.066	2.8369140625
15.067	2.83203125
15.068	2.83203125
15.069	2.8271484375
15.07	2.8271484375
15.071	2.822265625
15.072	2.8173828125
15.073	2.8173828125
15.074	2.8173828125
15.075	2.8125
15.076	2.8125
15.077	2.8125
15.078	2.8076171875
15.079	2.8076171875
15.08	2.8076171875
15.081	2.8076171875
15.082	2.7978515625
15.083	2.802734375
15.084	2.802734375
15.085	2.802734375
15.086	2.8076171875
15.087	2.8076171875
15.088	2.8076171875
15.089	2.8076171875
15.09	2.8125
15.091	2.802734375
15.092004	2.8076171875
15.093	2.8125
15.094004	2.8076171875
15.095004	2.8173828125
15.096004	2.822265625
15.097004	2.822265625
15.098004	2.822265625
15.099	2.83203125
15.1	2.822265625
15.101	2.83203125
15.102	2.83203125
15.103	2.8369140625
15.104	2.841796875
15.105	2.841796875
15.106	2.841796875
15.107	2.8466796875
15.108	2.8515625
15.109	2.8515625
15.11	2.8515625
15.111	2.8564453125
15.112	2.861328125
15.113	2.8564453125
15.114	2.861328125
15.115	2.8662109375
15.116	2.8662109375
15.117	2.8564453125
15.118	2.861328125
15.119	2.8662109375
15.12	2.8662109375
15.121	2.87109375
15.122	2.87109375
15.123	2.87109375
15.124	2.8662109375
15.125	2.8662109375
15.126	2.861328125
15.127	2.861328125
15.128	2.8564453125
15.129	2.8662109375
15.13	2.861328125
15.131	2.8564453125
15.132	2.8564453125
15.133	2.8466796875
15.133996	2.8564453125
15.135004	2.8515625
15.136	2.841796875
15.137004	2.841796875
15.138004	2.8369140625
15.139004	2.8369140625
15.140004	2.8369140625
15.141	2.8369140625
15.142	2.8369140625
15.143	2.8271484375
15.144	2.822265625
15.145	2.822265625
15.146	2.8271484375
15.147	2.822265625
15.148	2.8076171875
15.149	2.8173828125
15.15	2.8125
15.151	2.8076171875
15.152	2.8076171875
15.153	2.802734375
15.154	2.802734375
15.155	2.7978515625
15.156	2.802734375
15.157	2.802734375
15.158	2.8076171875
15.159	2.802734375
15.16	2.8076171875
15.161	2.802734375
15.162	2.7978515625
15.163	2.7978515625
15.164	2.8125
15.165	2.8125
15.166	2.8173828125
15.167	2.8125
15.168	2.8076171875
15.169	2.822265625
15.17	2.822265625
15.171	2.822265625
15.172	2.8271484375
15.173	2.8271484375
15.174	2.8271484375
15.175	2.8369140625
15.176	2.83203125
15.176996	2.83203125
15.178004	2.8369140625
15.179	2.8369140625
15.180004	2.8515625
15.181004	2.8466796875
15.182004	2.8515625
15.183004	2.8515625
15.184	2.8515625
15.185	2.861328125
15.186	2.861328125
15.187	2.861328125
15.188	2.8564453125
15.189	2.8662109375
15.19	2.8662109375
15.191	2.861328125
15.192	2.8662109375
15.193	2.8662109375
15.194	2.8662109375
15.195	2.861328125
15.196	2.87109375
15.197	2.861328125
15.198	2.8564453125
15.199	2.8662109375
15.2	2.8564453125
15.201	2.8662109375
15.202	2.8662109375
15.203	2.861328125
15.204	2.8564453125
15.205	2.8564453125
15.206	2.8564453125
15.207	2.8466796875
15.208	2.8515625
15.209	2.8515625
15.21	2.8466796875
15.211	2.841796875
15.212	2.83203125
15.213	2.8369140625
15.214	2.83203125
15.215	2.8271484375
15.216	2.83203125
15.217	2.822265625
15.218	2.822265625
15.219	2.8271484375
15.220004	2.8271484375
15.221	2.8173828125
15.222004	2.8125
15.223004	2.8076171875
15.224004	2.8125
15.225004	2.8125
15.226004	2.8125
15.227	2.8076171875
15.228	2.8076171875
15.229	2.8076171875
15.23	2.802734375
15.231	2.8076171875
15.232	2.802734375
15.233	2.802734375
15.234	2.802734375
15.235	2.8076171875
15.236	2.8076171875
15.237	2.8125
15.238	2.8076171875
15.239	2.8125
15.24	2.8076171875
15.241	2.8076171875
15.242	2.8125
15.243	2.822265625
15.244	2.8173828125
15.245	2.83203125
15.246	2.8173828125
15.247	2.822265625
15.248	2.822265625
15.249	2.8369140625
15.25	2.8369140625
15.251	2.8369140625
15.252	2.8466796875
15.253	2.8466796875
15.254	2.8466796875
15.255	2.8466796875
15.256	2.8466796875
15.257	2.8466796875
15.258	2.8564453125
15.259	2.861328125
15.26	2.8564453125
15.261	2.861328125
15.261996	2.861328125
15.263004	2.8662109375
15.264	2.861328125
15.265004	2.861328125
15.266004	2.8662109375
15.267004	2.861328125
15.268004	2.8564453125
15.269	2.8564453125
15.27	2.861328125
15.271	2.8662109375
15.272	2.8564453125
15.273	2.8662109375
15.274	2.8662109375
15.275	2.87109375
15.276	2.861328125
15.277	2.8662109375
15.278	2.8564453125
15.279	2.861328125
15.28	2.8515625
15.281	2.8466796875
15.282	2.8515625
15.283	2.8466796875
15.284	2.841796875
15.285	2.8369140625
15.286	2.841796875
15.287	2.8369140625
15.288	2.83203125
15.289	2.8271484375
15.29	2.8271484375
15.291	2.822265625
15.292	2.822265625
15.293	2.8271484375
15.294	2.8173828125
15.295	2.8271484375
15.296	2.822265625
15.297	2.8076171875
15.298	2.8125
15.299	2.8125
15.3	2.8125
15.301	2.8125
15.302	2.8125
15.303	2.8125
15.304	2.8076171875
15.304996	2.802734375
15.306004	2.8125
15.307	2.7978515625
15.308004	2.8125
15.309004	2.8076171875
15.310004	2.8076171875
15.311004	2.8076171875
15.312	2.8125
15.313	2.8076171875
15.314	2.8125
15.315	2.8173828125
15.316	2.8173828125
15.317	2.8173828125
15.318	2.822265625
15.319	2.8271484375
15.32	2.822265625
15.321	2.83203125
15.322	2.8271484375
15.323	2.8369140625
15.324	2.8369140625
15.325	2.8369140625
15.326	2.841796875
15.327	2.841796875
15.328	2.841796875
15.329	2.8466796875
15.33	2.8515625
15.331	2.8515625
15.332	2.8564453125
15.333	2.8515625
15.334	2.861328125
15.335	2.8564453125
15.336	2.8515625
15.337	2.8662109375
15.338	2.861328125
15.339	2.861328125
15.34	2.8564453125
15.341	2.8564453125
15.342	2.8662109375
15.343	2.861328125
15.344	2.8662109375
15.345	2.861328125
15.346	2.8564453125
15.347	2.8662109375
15.348004	2.8662109375
15.349	2.8564453125
15.350004	2.8564453125
15.351004	2.8564453125
15.352004	2.861328125
15.353004	2.8662109375
15.354004	2.8564453125
15.355	2.8515625
15.356	2.8515625
15.357	2.8515625
15.358	2.8466796875
15.359	2.8466796875
15.36	2.83203125
15.361	2.841796875
15.362	2.83203125
15.363	2.8271484375
15.364	2.8271484375
15.365	2.8271484375
15.366	2.8173828125
15.367	2.8271484375
15.368	2.822265625
15.369	2.822265625
15.37	2.8173828125
15.371	2.822265625
15.372	2.8125
15.373	2.8125
15.374	2.8173828125
15.375	2.8076171875
15.376	2.8076171875
15.377	2.8076171875
15.378	2.8076171875
15.379	2.802734375
15.38	2.8076171875
15.381	2.802734375
15.382	2.802734375
15.383	2.79296875
15.384	2.7978515625
15.385	2.8076171875
15.386	2.8125
15.387	2.8076171875
15.388	2.8125
15.389	2.8125
15.389996	2.8125
15.391004	2.822265625
15.392	2.822265625
15.393004	2.822265625
15.394004	2.822265625
15.395004	2.822265625
15.396004	2.8369140625
15.397	2.8369140625
15.398	2.8369140625
15.399	2.83203125
15.4	2.8369140625
15.401	2.841796875
15.402	2.841796875
15.403	2.8466796875
15.404	2.8515625
15.405	2.8515625
15.406	2.8515625
15.407	2.8564453125
15.408	2.8564453125
15.409	2.861328125
15.41	2.861328125
15.411	2.8564453125
15.412	2.861328125
15.413	2.8662109375
15.414	2.8662109375
15.415	2.861328125
15.416	2.861328125
15.417	2.861328125
15.418	2.87109375
15.419	2.861328125
15.42	2.861328125
15.421	2.861328125
15.422	2.8662109375
15.423	2.861328125
15.424	2.8662109375
15.425	2.8564453125
15.426	2.8564453125
15.427	2.8564453125
15.428	2.8564453125
15.429	2.8515625
15.43	2.8564453125
15.431	2.8515625
15.432	2.8466796875
15.432996	2.841796875
15.434004	2.8369140625
15.435	2.841796875
15.436004	2.8369140625
15.437004	2.8271484375
15.438004	2.8271484375
15.439004	2.83203125
15.44	2.822265625
15.441	2.822265625
15.442	2.822265625
15.443	2.822265625
15.444	2.8173828125
15.445	2.8173828125
15.446	2.8125
15.447	2.8173828125
15.448	2.8076171875
15.449	2.8173828125
15.45	2.802734375
15.451	2.8125
15.452	2.7978515625
15.453	2.7978515625
15.454	2.802734375
15.455	2.802734375
15.456	2.8076171875
15.457	2.8076171875
15.458	2.8125
15.459	2.8076171875
15.46	2.8076171875
15.461	2.8125
15.462	2.8173828125
15.463	2.8125
15.464	2.8076171875
15.465	2.822265625
15.466	2.8173828125
15.467	2.8271484375
15.468	2.8173828125
15.469	2.822265625
15.47	2.822265625
15.471	2.83203125
15.472	2.83203125
15.473	2.8369140625
15.474	2.83203125
15.475	2.8466796875
15.476004	2.841796875
15.477	2.8466796875
15.478004	2.8515625
15.479004	2.8466796875
15.480004	2.8515625
15.481004	2.8515625
15.482004	2.861328125
15.483	2.8515625
15.484	2.8515625
15.485	2.8564453125
15.486	2.861328125
15.487	2.8662109375
15.488	2.861328125
15.489	2.861328125
15.49	2.861328125
15.491	2.861328125
15.492	2.8662109375
15.493	2.8662109375
15.494	2.861328125
15.495	2.861328125
15.496	2.8564453125
15.497	2.8564453125
15.498	2.8662109375
15.499	2.861328125
15.5	2.861328125
15.501	2.861328125
15.502	2.8515625
15.503	2.8515625
15.504	2.8466796875
15.505	2.8515625
15.506	2.841796875
15.507	2.8369140625
15.508	2.841796875
15.509	2.8369140625
15.51	2.8369140625
15.511	2.83203125
15.512	2.83203125
15.513	2.822265625
15.514	2.822265625
15.515	2.822265625
15.516	2.822265625
15.517	2.822265625
15.517996	2.8125
15.519004	2.8173828125
15.52	2.8125
15.521004	2.822265625
15.522004	2.8076171875
15.523004	2.8125
15.524004	2.802734375
15.525	2.802734375
15.526	2.8076171875
15.527	2.8076171875
15.528	2.802734375
15.529	2.8076171875
15.53	2.8076171875
15.531	2.8125
15.532	2.8076171875
15.533	2.8076171875
15.534	2.8076171875
15.535	2.8125
15.536	2.8173828125
15.537	2.8173828125
15.538	2.8125
15.539	2.8173828125
15.54	2.822265625
15.541	2.8271484375
15.542	2.8271484375
15.543	2.8271484375
15.544	2.841796875
15.545	2.8369140625
15.546	2.83203125
15.547	2.83203125
15.548	2.841796875
15.549	2.8466796875
15.55	2.8466796875
15.551	2.841796875
15.552	2.8466796875
15.553	2.8515625
15.554	2.8515625
15.555	2.8564453125
15.556	2.8515625
15.557	2.861328125
15.558	2.8515625
15.559	2.861328125
15.56	2.861328125
15.560996	2.861328125
15.562004	2.861328125
15.563	2.861328125
15.564004	2.8662109375
15.565004	2.8662109375
15.566004	2.8564453125
15.567004	2.8662109375
15.568	2.861328125
15.569	2.861328125
15.57	2.8662109375
15.571	2.8662109375
15.572	2.8662109375
15.573	2.861328125
15.574	2.861328125
15.575	2.861328125
15.576	2.861328125
15.577	2.8564453125
15.578	2.8515625
15.579	2.8515625
15.58	2.8466796875
15.581	2.841796875
15.582	2.8369140625
15.583	2.8369140625
15.584	2.8369140625
15.585	2.8271484375
15.586	2.8369140625
15.587	2.8271484375
15.588	2.822265625
15.589	2.822265625
15.59	2.822265625
15.591	2.8173828125
15.592	2.822265625
15.593	2.8125
15.594	2.8173828125
15.595	2.8125
15.596	2.8173828125
15.597	2.8076171875
15.598	2.8076171875
15.599	2.8125
15.6	2.8125
15.601	2.8125
15.602	2.802734375
15.603	2.8076171875
15.604004	2.8076171875
15.605	2.8076171875
15.606004	2.8076171875
15.607004	2.8076171875
15.608004	2.8076171875
15.609004	2.8173828125
15.610004	2.8173828125
15.611	2.8125
15.612	2.8125
15.613	2.822265625
15.614	2.822265625
15.615	2.8271484375
15.616	2.8173828125
15.617	2.822265625
15.618	2.83203125
15.619	2.8369140625
15.62	2.8369140625
15.621	2.83203125
15.622	2.841796875
15.623	2.8369140625
15.624	2.8515625
15.625	2.8466796875
15.626	2.8564453125
15.627	2.8466796875
15.628	2.8515625
15.629	2.861328125
15.63	2.8564453125
15.631	2.861328125
15.632	2.8564453125
15.633	2.8564453125
15.634	2.8564453125
15.635	2.861328125
15.636	2.8662109375
15.637	2.8662109375
15.638	2.8564453125
15.639	2.861328125
15.64	2.861328125
15.641	2.861328125
15.642	2.8662109375
15.643	2.861328125
15.644	2.8662109375
15.645	2.861328125
15.645996	2.8662109375
15.647004	2.861328125
15.648	2.8515625
15.649004	2.861328125
15.650004	2.861328125
15.651004	2.8515625
15.652004	2.8466796875
15.653	2.8515625
15.654	2.8466796875
15.655	2.841796875
15.656	2.8369140625
15.657	2.841796875
15.658	2.83203125
15.659	2.8271484375
15.66	2.83203125
15.661	2.8271484375
15.662	2.8271484375
15.663	2.822265625
15.664	2.8271484375
15.665	2.8173828125
15.666	2.8173828125
15.667	2.8173828125
15.668	2.8076171875
15.669	2.8173828125
15.67	2.8125
15.671	2.8125
15.672	2.802734375
15.673	2.8125
15.674	2.8076171875
15.675	2.8125
15.676	2.8125
15.677	2.8076171875
15.678	2.8125
15.679	2.8076171875
15.68	2.8076171875
15.681	2.8125
15.682	2.8076171875
15.683	2.8125
15.684	2.8125
15.685	2.8076171875
15.686	2.8125
15.687	2.8125
15.688	2.8173828125
15.688996	2.822265625
15.690004	2.8271484375
15.691	2.8271484375
15.692004	2.83203125
15.693004	2.83203125
15.694004	2.841796875
15.695004	2.8369140625
15.696	2.8369140625
15.697	2.841796875
15.698	2.8466796875
15.699	2.8369140625
15.7	2.8515625
15.701	2.8466796875
15.702	2.861328125
15.703	2.8564453125
15.704	2.861328125
15.705	2.8515625
15.706	2.8564453125
15.707	2.8515625
15.708	2.8515625
15.709	2.8662109375
15.71	2.8564453125
15.711	2.861328125
15.712	2.861328125
15.713	2.861328125
15.714	2.8564453125
15.715	2.8662109375
15.716	2.861328125
15.717	2.8662109375
15.718	2.861328125
15.719	2.8564453125
15.72	2.8662109375
15.721	2.861328125
15.722	2.861328125
15.723	2.861328125
15.724	2.8564453125
15.725	2.8564453125
15.726	2.8515625
15.727	2.8466796875
15.728	2.8466796875
15.729	2.8369140625
15.73	2.841796875
15.731	2.841796875
15.732004	2.83203125
15.733	2.822265625
15.734004	2.83203125
15.735004	2.83203125
15.736004	2.83203125
15.737004	2.822265625
15.738004	2.8271484375
15.739	2.822265625
15.74	2.8173828125
15.741	2.8125
15.742	2.8173828125
15.743	2.8076171875
15.744	2.8076171875
15.745	2.8125
15.746	2.8173828125
15.747	2.7978515625
15.748	2.8076171875
15.749	2.8125
15.75	2.802734375
15.751	2.8076171875
15.752	2.8076171875
15.753	2.8125
15.754	2.8076171875
15.755	2.802734375
15.756	2.8125
15.757	2.8125
15.758	2.8125
15.759	2.8125
15.76	2.8173828125
15.761	2.822265625
15.762	2.822265625
15.763	2.8271484375
15.764	2.8271484375
15.765	2.83203125
15.766	2.822265625
15.767	2.8369140625
15.768	2.8369140625
15.769	2.8369140625
15.77	2.8271484375
15.771	2.8466796875
15.772	2.841796875
15.773	2.8515625
15.773996	2.8466796875
15.775004	2.8515625
15.776	2.8564453125
15.777004	2.8515625
15.778004	2.861328125
15.779004	2.861328125
15.780004	2.8515625
15.781	2.8564453125
15.782	2.8564453125
15.783	2.8564453125
15.784	2.8564453125
15.785	2.8662109375
15.786	2.861328125
15.787	2.861328125
15.788	2.861328125
15.789	2.861328125
15.79	2.8564453125
15.791	2.8662109375
15.792	2.8564453125
15.793	2.8662109375
15.794	2.861328125
15.795	2.8564453125
15.796	2.8515625
15.797	2.8515625
15.798	2.8564453125
15.799	2.8515625
15.8	2.8515625
15.801	2.8515625
15.802	2.8515625
15.803	2.8466796875
15.804	2.8369140625
15.805	2.8369140625
15.806	2.8369140625
15.807	2.8369140625
15.808	2.822265625
15.809	2.8369140625
15.81	2.8271484375
15.811	2.8173828125
15.812	2.822265625
15.813	2.8173828125
15.814	2.822265625
15.815	2.8076171875
15.816	2.8173828125
15.816996	2.8076171875
15.818004	2.8125
15.819	2.822265625
15.820004	2.8125
15.821004	2.8076171875
15.822004	2.8076171875
15.823004	2.802734375
15.824	2.8125
15.825	2.8173828125
15.826	2.8173828125
15.827	2.8076171875
15.828	2.8076171875
15.829	2.802734375
15.83	2.8125
15.831	2.8173828125
15.832	2.8173828125
15.833	2.8125
15.834	2.8125
15.835	2.822265625
15.836	2.822265625
15.837	2.8271484375
15.838	2.822265625
15.839	2.822265625
15.84	2.8271484375
15.841	2.83203125
15.842	2.83203125
15.843	2.841796875
15.844	2.8369140625
15.845	2.841796875
15.846	2.841796875
15.847	2.8466796875
15.848	2.8564453125
15.849	2.8466796875
15.85	2.8466796875
15.851	2.8466796875
15.852	2.8515625
15.853	2.861328125
15.854	2.861328125
15.855	2.861328125
15.856	2.8564453125
15.857	2.861328125
15.858	2.8662109375
15.859	2.8564453125
15.860004	2.8662109375
15.861	2.861328125
15.862004	2.861328125
15.863004	2.8662109375
15.864004	2.8662109375
15.865004	2.8662109375
15.866004	2.861328125
15.867	2.8662109375
15.868	2.861328125
15.869	2.8564453125
15.87	2.861328125
15.871	2.861328125
15.872	2.8515625
15.873	2.8515625
15.874	2.8515625
15.875	2.8515625
15.876	2.8515625
15.877	2.8466796875
15.878	2.841796875
15.879	2.8369140625
15.88	2.8369140625
15.881	2.8369140625
15.882	2.8271484375
15.883	2.8271484375
15.884	2.8271484375
15.885	2.822265625
15.886	2.822265625
15.887	2.8125
15.888	2.822265625
15.889	2.8173828125
15.89	2.8076171875
15.891	2.8076171875
15.892	2.822265625
15.893	2.8076171875
15.894	2.8125
15.895	2.8076171875
15.896	2.802734375
15.897	2.8076171875
15.898	2.8076171875
15.899	2.8076171875
15.9	2.8125
15.901	2.8125
15.901996	2.8125
15.903004	2.8173828125
15.904	2.8076171875
15.905004	2.8125
15.906004	2.8125
15.907004	2.8076171875
15.908004	2.8125
15.909	2.8173828125
15.91	2.8173828125
15.911	2.822265625
15.912	2.8271484375
15.913	2.8271484375
15.914	2.8271484375
15.915	2.8369140625
15.916	2.8369140625
15.917	2.8369140625
15.918	2.8369140625
15.919	2.841796875
15.92	2.8466796875
15.921	2.841796875
15.922	2.8515625
15.923	2.8515625
15.924	2.8515625
15.925	2.8515625
15.926	2.8466796875
15.927	2.8515625
15.928	2.8564453125
15.929	2.861328125
15.93	2.861328125
15.931	2.8564453125
15.932	2.861328125
15.933	2.8662109375
15.934	2.861328125
15.935	2.8662109375
15.936	2.8662109375
15.937	2.861328125
15.938	2.8662109375
15.939	2.861328125
15.94	2.87109375
15.941	2.8662109375
15.942	2.8564453125
15.943	2.8564453125
15.944	2.8564453125
15.944996	2.8564453125
15.946004	2.8564453125
15.947	2.8515625
15.948004	2.8515625
15.949004	2.8466796875
15.950004	2.8515625
15.951004	2.8369140625
15.952	2.8369140625
15.953	2.8369140625
15.954	2.8369140625
15.955	2.83203125
15.956	2.83203125
15.957	2.8369140625
15.958	2.8271484375
15.959	2.822265625
15.96	2.822265625
15.961	2.8076171875
15.962	2.8271484375
15.963	2.822265625
15.964	2.8125
15.965	2.8125
15.966	2.8173828125
15.967	2.8125
15.968	2.8173828125
15.969	2.8125
15.97	2.8125
15.971	2.802734375
15.972	2.8076171875
15.973	2.8076171875
15.974	2.8076171875
15.975	2.8076171875
15.976	2.8076171875
15.977	2.8076171875
15.978	2.8125
15.979	2.8173828125
15.98	2.8076171875
15.981	2.8125
15.982	2.8173828125
15.983	2.8173828125
15.984	2.822265625
15.985	2.8271484375
15.986	2.8271484375
15.987	2.822265625
15.988004	2.822265625
15.989	2.83203125
15.990004	2.8369140625
15.991004	2.8369140625
15.992004	2.8271484375
15.993004	2.841796875
15.994004	2.841796875
15.995	2.841796875
15.996	2.8466796875
15.997	2.8466796875
15.998	2.8515625
15.999	2.8466796875
16.0	2.8466796875
16.001	2.8515625
16.002	2.861328125
16.003	2.861328125
16.004	2.861328125
16.005	2.8564453125
16.006	2.8662109375
16.007	2.87109375
16.008	2.8662109375
16.009	2.8564453125
16.01	2.861328125
16.011	2.8564453125
16.012	2.861328125
16.013	2.8662109375
16.014	2.8662109375
16.015	2.8662109375
16.016	2.8564453125
16.017	2.8564453125
16.018	2.8564453125
16.019	2.861328125
16.02	2.8564453125
16.021	2.8515625
16.022	2.8515625
16.023	2.8515625
16.024	2.8466796875
16.025	2.841796875
16.026	2.8369140625
16.027	2.8369140625
16.028	2.8369140625
16.029	2.83203125
16.029996	2.8369140625
16.031004	2.8369140625
16.032	2.822265625
16.033004	2.8173828125
16.034004	2.822265625
16.035004	2.8173828125
16.036004	2.822265625
16.037	2.8125
16.038	2.8125
16.039	2.8173828125
16.04	2.8125
16.041	2.8173828125
16.042	2.822265625
16.043	2.8125
16.044	2.8076171875
16.045	2.8076171875
16.046	2.802734375
16.047	2.8125
16.048	2.8076171875
16.049	2.802734375
16.05	2.8076171875
16.051	2.8125
16.052	2.8125
16.053	2.8076171875
16.054	2.8125
16.055	2.8125
16.056	2.8173828125
16.057	2.8125
16.058	2.8173828125
16.059	2.8271484375
16.06	2.8271484375
16.061	2.8173828125
16.062	2.8271484375
16.063	2.83203125
16.064	2.8369140625
16.065	2.8369140625
16.066	2.8369140625
16.067	2.841796875
16.068	2.8466796875
16.069	2.8466796875
16.07	2.8466796875
16.071	2.8515625
16.072	2.8466796875
16.072996	2.8466796875
16.074004	2.8515625
16.075	2.8564453125
16.076004	2.861328125
16.077004	2.8564453125
16.078004	2.861328125
16.079004	2.861328125
16.08	2.8662109375
16.081	2.8662109375
16.082	2.8662109375
16.083	2.8662109375
16.084	2.861328125
16.085	2.861328125
16.086	2.861328125
16.087	2.8662109375
16.088	2.87109375
16.089	2.861328125
16.09	2.8564453125
16.091	2.861328125
16.092	2.861328125
16.093	2.861328125
16.094	2.861328125
16.095	2.8515625
16.096	2.8515625
16.097	2.8515625
16.098	2.8466796875
16.099	2.8369140625
16.1	2.8369140625
16.101	2.841796875
16.102	2.83203125
16.103	2.83203125
16.104	2.8271484375
16.105	2.8271484375
16.106	2.822265625
16.107	2.8173828125
16.108	2.8173828125
16.109	2.8173828125
16.11	2.822265625
16.111	2.8125
16.112	2.8173828125
16.113	2.8125
16.114	2.8076171875
16.115	2.8125
16.116004	2.8173828125
16.117	2.8076171875
16.118004	2.8125
16.119004	2.8076171875
16.120004	2.8076171875
16.121004	2.7978515625
16.122004	2.8076171875
16.123	2.802734375
16.124	2.8076171875
16.125	2.8076171875
16.126	2.8173828125
16.127	2.8173828125
16.128	2.8173828125
16.129	2.8125
16.13	2.8125
16.131	2.822265625
16.132	2.822265625
16.133	2.8271484375
16.134	2.8271484375
16.135	2.8271484375
16.136	2.8271484375
16.137	2.83203125
16.138	2.8369140625
16.139	2.841796875
16.14	2.83203125
16.141	2.841796875
16.142	2.8369140625
16.143	2.8466796875
16.144	2.8466796875
16.145	2.841796875
16.146	2.8564453125
16.147	2.8564453125
16.148	2.8515625
16.149	2.861328125
16.15	2.861328125
16.151	2.861328125
16.152	2.861328125
16.153	2.8662109375
16.154	2.8564453125
16.155	2.861328125
16.156	2.861328125
16.157	2.87109375
16.157996	2.8662109375
16.159004	2.87109375
16.16	2.8662109375
16.161004	2.8662109375
16.162004	2.861328125
16.163004	2.861328125
16.164004	2.8564453125
16.165	2.8564453125
16.166	2.8564453125
16.167	2.861328125
16.168	2.8564453125
16.169	2.8564453125
16.17	2.8466796875
16.171	2.8515625
16.172	2.8466796875
16.173	2.8515625
16.174	2.8369140625
16.175	2.8369140625
16.176	2.8369140625
16.177	2.83203125
16.178	2.83203125
16.179	2.83203125
16.18	2.83203125
16.181	2.822265625
16.182	2.822265625
16.183	2.8173828125
16.184	2.822265625
16.185	2.8173828125
16.186	2.8125
16.187	2.8173828125
16.188	2.8076171875
16.189	2.8173828125
16.19	2.8125
16.191	2.8173828125
16.192	2.8125
16.193	2.8125
16.194	2.8125
16.195	2.8076171875
16.196	2.8125
16.197	2.8125
16.198	2.8125
16.199	2.8076171875
16.2	2.802734375
16.200996	2.8125
16.202004	2.8173828125
16.203	2.8076171875
16.204004	2.8173828125
16.205004	2.8173828125
16.206004	2.822265625
16.207004	2.8271484375
16.208	2.8271484375
16.209	2.822265625
16.21	2.8271484375
16.211	2.8369140625
16.212	2.83203125
16.213	2.841796875
16.214	2.841796875
16.215	2.8369140625
16.216	2.8369140625
16.217	2.8369140625
16.218	2.841796875
16.219	2.8466796875
16.22	2.8466796875
16.221	2.8515625
16.222	2.8515625
16.223	2.8564453125
16.224	2.861328125
16.225	2.861328125
16.226	2.861328125
16.227	2.861328125
16.228	2.8564453125
16.229	2.861328125
16.23	2.87109375
16.231	2.8662109375
16.232	2.861328125
16.233	2.87109375
16.234	2.8662109375
16.235	2.87109375
16.236	2.8662109375
16.237	2.8662109375
16.238	2.8564453125
16.239	2.8662109375
16.24	2.8662109375
16.241	2.8564453125
16.242	2.8564453125
16.243	2.8564453125
16.244004	2.8515625
16.245	2.8466796875
16.246004	2.841796875
16.247004	2.8466796875
16.248004	2.8369140625
16.249004	2.841796875
16.250004	2.841796875
16.251	2.83203125
16.252	2.83203125
16.253	2.822265625
16.254	2.83203125
16.255	2.8271484375
16.256	2.8173828125
16.257	2.8271484375
16.258	2.8173828125
16.259	2.822265625
16.26	2.8173828125
16.261	2.8125
16.262	2.8076171875
16.263	2.8125
16.264	2.8076171875
16.265	2.8125
16.266	2.8076171875
16.267	2.8076171875
16.268	2.8125
16.269	2.8076171875
16.27	2.8076171875
16.271	2.8076171875
16.272	2.8173828125
16.273	2.8125
16.274	2.8125
16.275	2.8125
16.276	2.8076171875
16.277	2.8076171875
16.278	2.822265625
16.279	2.8125
16.28	2.822265625
16.281	2.822265625
16.282	2.8271484375
16.283	2.83203125
16.284	2.8271484375
16.285	2.83203125
16.285996	2.83203125
16.287004	2.8369140625
16.288	2.83203125
16.289004	2.841796875
16.290004	2.8466796875
16.291004	2.8466796875
16.292004	2.8515625
16.293	2.8515625
16.294	2.8564453125
16.295	2.8515625
16.296	2.8515625
16.297	2.8564453125
16.298	2.861328125
16.299	2.861328125
16.3	2.861328125
16.301	2.861328125
16.302	2.861328125
16.303	2.861328125
16.304	2.8662109375
16.305	2.8662109375
16.306	2.8662109375
16.307	2.8662109375
16.308	2.8662109375
16.309	2.8662109375
16.31	2.861328125
16.311	2.861328125
16.312	2.8662109375
16.313	2.8564453125
16.314	2.861328125
16.315	2.8564453125
16.316	2.8564453125
16.317	2.8515625
16.318	2.8466796875
16.319	2.8466796875
16.32	2.8466796875
16.321	2.8515625
16.322	2.8369140625
16.323	2.841796875
16.324	2.8369140625
16.325	2.83203125
16.326	2.841796875
16.327	2.8369140625
16.328	2.83203125
16.328996	2.8271484375
16.330004	2.822265625
16.331	2.8173828125
16.332004	2.8173828125
16.333004	2.8173828125
16.334004	2.8125
16.335004	2.8125
16.336	2.8125
16.337	2.8125
16.338	2.8125
16.339	2.8125
16.34	2.8125
16.341	2.8125
16.342	2.8125
16.343	2.8076171875
16.344	2.8125
16.345	2.8125
16.346	2.8125
16.347	2.8076171875
16.348	2.8173828125
16.349	2.8076171875
16.35	2.802734375
16.351	2.8125
16.352	2.8125
16.353	2.8173828125
16.354	2.822265625
16.355	2.8173828125
16.356	2.8271484375
16.357	2.8271484375
16.358	2.822265625
16.359	2.8271484375
16.36	2.8369140625
16.361	2.83203125
16.362	2.8369140625
16.363	2.8369140625
16.364	2.8369140625
16.365	2.841796875
16.366	2.8466796875
16.367	2.8515625
16.368	2.8515625
16.369	2.8466796875
16.37	2.8466796875
16.371	2.8564453125
16.372004	2.8564453125
16.373	2.861328125
16.374004	2.861328125
16.375004	2.8515625
16.376004	2.8564453125
16.377004	2.8564453125
16.378004	2.8564453125
16.379	2.861328125
16.38	2.861328125
16.381	2.861328125
16.382	2.861328125
16.383	2.8662109375
16.384	2.861328125
16.385	2.861328125
16.386	2.8564453125
16.387	2.8662109375
16.388	2.8564453125
16.389	2.8564453125
16.39	2.861328125
16.391	2.8466796875
16.392	2.8515625
16.393	2.8466796875
16.394	2.8466796875
16.395	2.8515625
16.396	2.8369140625
16.397	2.841796875
16.398	2.8369140625
16.399	2.83203125
16.4	2.83203125
16.401	2.822265625
16.402	2.83203125
16.403	2.8271484375
16.404	2.8173828125
16.405	2.822265625
16.406	2.822265625
16.407	2.822265625
16.408	2.8173828125
16.409	2.8125
16.41	2.8173828125
16.411	2.8125
16.412	2.8076171875
16.413	2.8076171875
16.413996	2.8173828125
16.415004	2.8076171875
16.416	2.8125
16.417004	2.8125
16.418004	2.8173828125
16.419004	2.8125
16.420004	2.8125
16.421	2.8076171875
16.422	2.822265625
16.423	2.8173828125
16.424	2.8125
16.425	2.8076171875
16.426	2.8173828125
16.427	2.822265625
16.428	2.8271484375
16.429	2.822265625
16.43	2.8271484375
16.431	2.8271484375
16.432	2.83203125
16.433	2.822265625
16.434	2.8369140625
16.435	2.83203125
16.436	2.8369140625
16.437	2.83203125
16.438	2.841796875
16.439	2.841796875
16.44	2.8466796875
16.441	2.8515625
16.442	2.8515625
16.443	2.8515625
16.444	2.8564453125
16.445	2.8515625
16.446	2.861328125
16.447	2.8564453125
16.448	2.861328125
16.449	2.861328125
16.45	2.861328125
16.451	2.8662109375
16.452	2.8662109375
16.453	2.861328125
16.454	2.8662109375
16.455	2.8662109375
16.456	2.8564453125
16.456996	2.8564453125
16.458004	2.8564453125
16.459	2.8564453125
16.460004	2.8662109375
16.461004	2.861328125
16.462004	2.861328125
16.463004	2.861328125
16.464	2.8564453125
16.465	2.8466796875
16.466	2.8466796875
16.467	2.8515625
16.468	2.8466796875
16.469	2.8466796875
16.47	2.8369140625
16.471	2.841796875
16.472	2.8369140625
16.473	2.83203125
16.474	2.83203125
16.475	2.83203125
16.476	2.8271484375
16.477	2.822265625
16.478	2.822265625
16.479	2.822265625
16.48	2.8173828125
16.481	2.822265625
16.482	2.822265625
16.483	2.8173828125
16.484	2.822265625
16.485	2.8076171875
16.486	2.8076171875
16.487	2.8125
16.488	2.822265625
16.489	2.8125
16.49	2.8125
16.491	2.8076171875
16.492	2.8173828125
16.493	2.8125
16.494	2.8076171875
16.495	2.8125
16.496	2.8125
16.497	2.8173828125
16.498	2.8076171875
16.499	2.8076171875
16.500004	2.822265625
16.501	2.8173828125
16.502004	2.8271484375
16.503004	2.8271484375
16.504004	2.8271484375
16.505004	2.8271484375
16.506004	2.83203125
16.507	2.8271484375
16.508	2.8369140625
16.509	2.83203125
16.51	2.8369140625
16.511	2.841796875
16.512	2.841796875
16.513	2.8369140625
16.514	2.8466796875
16.515	2.8466796875
16.516	2.8466796875
16.517	2.8515625
16.518	2.8515625
16.519	2.8515625
16.52	2.861328125
16.521	2.8564453125
16.522	2.861328125
16.523	2.8662109375
16.524	2.861328125
16.525	2.861328125
16.526	2.8662109375
16.527	2.8662109375
16.528	2.861328125
16.529	2.861328125
16.53	2.8564453125
16.531	2.861328125
16.532	2.861328125
16.533	2.8564453125
16.534	2.8564453125
16.535	2.8662109375
16.536	2.861328125
16.537	2.8564453125
16.538	2.8564453125
16.539	2.8515625
16.54	2.8515625
16.541	2.8466796875
16.541996	2.8466796875
16.543004	2.841796875
16.544	2.8369140625
16.545004	2.841796875
16.546004	2.8369140625
16.547004	2.83203125
16.548004	2.8369140625
16.549	2.8271484375
16.55	2.83203125
16.551	2.8271484375
16.552	2.8271484375
16.553	2.822265625
16.554	2.8173828125
16.555	2.8173828125
16.556	2.822265625
16.557	2.8125
16.558	2.8125
16.559	2.8173828125
16.56	2.8173828125
16.561	2.8125
16.562	2.8125
16.563	2.8125
16.564	2.8076171875
16.565	2.8173828125
16.566	2.8125
16.567	2.8076171875
16.568	2.8173828125
16.569	2.822265625
16.57	2.8173828125
16.571	2.8125
16.572	2.8076171875
16.573	2.8173828125
16.574	2.8173828125
16.575	2.8125
16.576	2.822265625
16.577	2.8173828125
16.578	2.822265625
16.579	2.8271484375
16.58	2.8271484375
16.581	2.8271484375
16.582	2.83203125
16.583	2.8369140625
16.584	2.83203125
16.584996	2.8369140625
16.586004	2.8369140625
16.587	2.841796875
16.588004	2.8466796875
16.589004	2.8515625
16.590004	2.841796875
16.591004	2.8564453125
16.592	2.861328125
16.593	2.8515625
16.594	2.8515625
16.595	2.861328125
16.596	2.8564453125
16.597	2.8564453125
16.598	2.8515625
16.599	2.861328125
16.6	2.8564453125
16.601	2.8564453125
16.602	2.8564453125
16.603	2.861328125
16.604	2.8662109375
16.605	2.861328125
16.606	2.861328125
16.607	2.861328125
16.608	2.861328125
16.609	2.861328125
16.61	2.8564453125
16.611	2.861328125
16.612	2.8515625
16.613	2.8515625
16.614	2.8515625
16.615	2.8466796875
16.616	2.8515625
16.617	2.8466796875
16.618	2.8369140625
16.619	2.8369140625
16.62	2.8369140625
16.621	2.841796875
16.622	2.8271484375
16.623	2.83203125
16.624	2.8271484375
16.625	2.822265625
16.626	2.822265625
16.627	2.8173828125
16.628004	2.822265625
16.629	2.8173828125
16.630004	2.822265625
16.631004	2.822265625
16.632004	2.8125
16.633004	2.8173828125
16.634004	2.8076171875
16.635	2.8076171875
16.636	2.8173828125
16.637	2.8125
16.638	2.8125
16.639	2.8125
16.64	2.8125
16.641	2.8125
16.642	2.8125
16.643	2.8173828125
16.644	2.8125
16.645	2.8125
16.646	2.8076171875
16.647	2.8125
16.648	2.8173828125
16.649	2.822265625
16.65	2.8173828125
16.651	2.8271484375
16.652	2.83203125
16.653	2.8271484375
16.654	2.83203125
16.655	2.83203125
16.656	2.83203125
16.657	2.83203125
16.658	2.83203125
16.659	2.8369140625
16.66	2.8369140625
16.661	2.841796875
16.662	2.841796875
16.663	2.841796875
16.664	2.8515625
16.665	2.8515625
16.666	2.8515625
16.667	2.8515625
16.668	2.8564453125
16.669	2.8515625
16.669996	2.861328125
16.671004	2.861328125
16.672	2.8515625
16.673004	2.8564453125
16.674004	2.861328125
16.675004	2.8564453125
16.676004	2.861328125
16.677	2.861328125
16.678	2.861328125
16.679	2.8564453125
16.68	2.861328125
16.681	2.861328125
16.682	2.8564453125
16.683	2.8564453125
16.684	2.861328125
16.685	2.8662109375
16.686	2.8466796875
16.687	2.8564453125
16.688	2.8564453125
16.689	2.8564453125
16.69	2.8515625
16.691	2.841796875
16.692	2.841796875
16.693	2.841796875
16.694	2.8369140625
16.695	2.83203125
16.696	2.83203125
16.697	2.83203125
16.698	2.8271484375
16.699	2.822265625
16.7	2.822265625
16.701	2.8271484375
16.702	2.8271484375
16.703	2.8173828125
16.704	2.8125
16.705	2.8076171875
16.706	2.8173828125
16.707	2.8076171875
16.708	2.8125
16.709	2.8125
16.71	2.8125
16.711	2.8173828125
16.712	2.8076171875
16.712996	2.8173828125
16.714004	2.8125
16.715	2.8125
16.716004	2.8173828125
16.717004	2.8173828125
16.718004	2.8173828125
16.719004	2.8125
16.72	2.8125
16.721	2.822265625
16.722	2.822265625
16.723	2.822265625
16.724	2.8271484375
16.725	2.822265625
16.726	2.8271484375
16.727	2.822265625
16.728	2.8271484375
16.729	2.8271484375
16.73	2.83203125
16.731	2.8369140625
16.732	2.8369140625
16.733	2.8369140625
16.734	2.841796875
16.735	2.841796875
16.736	2.8466796875
16.737	2.841796875
16.738	2.8466796875
16.739	2.8564453125
16.74	2.8515625
16.741	2.8564453125
16.742	2.8564453125
16.743	2.8564453125
16.744	2.8564453125
16.745	2.8564453125
16.746	2.8564453125
16.747	2.8564453125
16.748	2.8564453125
16.749	2.8564453125
16.75	2.8564453125
16.751	2.8564453125
16.752	2.8662109375
16.753	2.861328125
16.754	2.8515625
16.755	2.8515625
16.756004	2.8564453125
16.757	2.861328125
16.758004	2.8564453125
16.759004	2.8515625
16.760004	2.8515625
16.761004	2.8466796875
16.762004	2.8564453125
16.763	2.841796875
16.764	2.8466796875
16.765	2.8466796875
16.766	2.841796875
16.767	2.8369140625
16.768	2.83203125
16.769	2.83203125
16.77	2.83203125
16.771	2.8369140625
16.772	2.83203125
16.773	2.8271484375
16.774	2.8271484375
16.775	2.822265625
16.776	2.822265625
16.777	2.822265625
16.778	2.822265625
16.779	2.8173828125
16.78	2.8173828125
16.781	2.822265625
16.782	2.8125
16.783	2.8076171875
16.784	2.8076171875
16.785	2.8125
16.786	2.8173828125
16.787	2.8173828125
16.788	2.8125
16.789	2.8173828125
16.79	2.8125
16.791	2.8125
16.792	2.8125
16.793	2.8125
16.794	2.8125
16.795	2.8125
16.796	2.8173828125
16.797	2.8173828125
16.797996	2.8173828125
16.799004	2.8271484375
16.8	2.8271484375
16.801004	2.8271484375
16.802004	2.822265625
16.803004	2.8271484375
16.804004	2.8369140625
16.805	2.841796875
16.806	2.8369140625
16.807	2.8369140625
16.808	2.841796875
16.809	2.8466796875
16.81	2.841796875
16.811	2.8466796875
16.812	2.8515625
16.813	2.8515625
16.814	2.8466796875
16.815	2.8515625
16.816	2.8564453125
16.817	2.8564453125
16.818	2.8564453125
16.819	2.861328125
16.82	2.8662109375
16.821	2.861328125
16.822	2.861328125
16.823	2.8564453125
16.824	2.861328125
16.825	2.8564453125
16.826	2.861328125
16.827	2.861328125
16.828	2.8515625
16.829	2.861328125
16.83	2.8564453125
16.831	2.8564453125
16.832	2.8515625
16.833	2.861328125
16.834	2.8564453125
16.835	2.8515625
16.836	2.8466796875
16.837	2.8515625
16.838	2.841796875
16.839	2.8466796875
16.84	2.8466796875
16.840996	2.841796875
16.842004	2.8369140625
16.843	2.841796875
16.844004	2.8369140625
16.845004	2.8369140625
16.846004	2.8271484375
16.847004	2.8271484375
16.848	2.822265625
16.849	2.822265625
16.85	2.822265625
16.851	2.8173828125
16.852	2.822265625
16.853	2.8173828125
16.854	2.8125
16.855	2.8173828125
16.856	2.8173828125
16.857	2.8076171875
16.858	2.8125
16.859	2.8125
16.86	2.8076171875
16.861	2.802734375
16.862	2.8125
16.863	2.8173828125
16.864	2.8173828125
16.865	2.8125
16.866	2.8125
16.867	2.8173828125
16.868	2.8125
16.869	2.8173828125
16.87	2.822265625
16.871	2.822265625
16.872	2.822265625
16.873	2.822265625
16.874	2.8271484375
16.875	2.83203125
16.876	2.83203125
16.877	2.8271484375
16.878	2.83203125
16.879	2.8369140625
16.88	2.8369140625
16.881	2.83203125
16.882	2.8369140625
16.883	2.8369140625
16.884004	2.841796875
16.885	2.8466796875
16.886004	2.8466796875
16.887004	2.8564453125
16.888004	2.8466796875
16.889004	2.8515625
16.890004	2.8466796875
16.891	2.861328125
16.892	2.8662109375
16.893	2.8564453125
16.894	2.861328125
16.895	2.8515625
16.896	2.8564453125
16.897	2.861328125
16.898	2.8515625
16.899	2.861328125
16.9	2.861328125
16.901	2.861328125
16.902	2.861328125
16.903	2.8564453125
16.904	2.8662109375
16.905	2.861328125
16.906	2.8564453125
16.907	2.8564453125
16.908	2.8564453125
16.909	2.8564453125
16.91	2.8515625
16.911	2.8466796875
16.912	2.841796875
16.913	2.8466796875
16.914	2.8369140625
16.915	2.841796875
16.916	2.83203125
16.917	2.83203125
16.918	2.8271484375
16.919	2.83203125
16.92	2.83203125
16.921	2.8369140625
16.922	2.822265625
16.923	2.822265625
16.924	2.8173828125
16.925	2.8125
16.925996	2.822265625
16.927004	2.822265625
16.928	2.8173828125
16.929004	2.8125
16.930004	2.8125
16.931004	2.8076171875
16.932004	2.8125
16.933	2.8125
16.934	2.822265625
16.935	2.8173828125
16.936	2.8125
16.937	2.8125
16.938	2.8125
16.939	2.8125
16.94	2.8125
16.941	2.8125
16.942	2.8125
16.943	2.8125
16.944	2.8173828125
16.945	2.8173828125
16.946	2.8271484375
16.947	2.822265625
16.948	2.822265625
16.949	2.8271484375
16.95	2.83203125
16.951	2.8271484375
16.952	2.8369140625
16.953	2.83203125
16.954	2.841796875
16.955	2.83203125
16.956	2.8466796875
16.957	2.841796875
16.958	2.8466796875
16.959	2.8466796875
16.96	2.8466796875
16.961	2.841796875
16.962	2.8515625
16.963	2.8515625
16.964	2.8466796875
16.965	2.8466796875
16.966	2.8564453125
16.967	2.8564453125
16.968	2.8515625
16.968996	2.8662109375
16.970004	2.861328125
16.971	2.861328125
16.972004	2.8564453125
16.973004	2.8564453125
16.974004	2.861328125
16.975004	2.861328125
16.976	2.861328125
16.977	2.861328125
16.978	2.861328125
16.979	2.861328125
16.98	2.8564453125
16.981	2.8515625
16.982	2.8466796875
16.983	2.8515625
16.984	2.8466796875
16.985	2.8515625
16.986	2.841796875
16.987	2.841796875
16.988	2.8369140625
16.989	2.8369140625
16.99	2.8369140625
16.991	2.8369140625
16.992	2.8271484375
16.993	2.8369140625
16.994	2.83203125
16.995	2.83203125
16.996	2.8271484375
16.997	2.8271484375
16.998	2.822265625
16.999	2.8173828125
17.0	2.822265625
17.001	2.822265625
17.002	2.8125
17.003	2.8076171875
17.004	2.8125
17.005	2.802734375
17.006	2.8125
17.007	2.8125
17.008	2.8173828125
17.009	2.8076171875
17.01	2.8076171875
17.011	2.8125
17.012004	2.8125
17.013	2.8125
17.014004	2.8173828125
17.015004	2.8125
17.016004	2.822265625
17.017004	2.8173828125
17.018004	2.8125
17.019	2.8173828125
17.02	2.8271484375
17.021	2.8173828125
17.022	2.8271484375
17.023	2.83203125
17.024	2.8271484375
17.025	2.83203125
17.026	2.8271484375
17.027	2.83203125
17.028	2.8369140625
17.029	2.8369140625
17.03	2.8466796875
17.031	2.8369140625
17.032	2.8466796875
17.033	2.8466796875
17.034	2.8515625
17.035	2.8515625
17.036	2.8515625
17.037	2.8564453125
17.038	2.8564453125
17.039	2.8564453125
17.04	2.8564453125
17.041	2.8564453125
17.042	2.8564453125
17.043	2.861328125
17.044	2.8564453125
17.045	2.8564453125
17.046	2.8564453125
17.047	2.861328125
17.048	2.8564453125
17.049	2.861328125
17.05	2.8564453125
17.051	2.861328125
17.052	2.861328125
17.053	2.8564453125
17.053996	2.861328125
17.055004	2.8515625
17.056	2.8515625
17.057004	2.8515625
17.058004	2.8564453125
17.059004	2.8515625
17.060004	2.8466796875
17.061	2.8466796875
17.062	2.841796875
17.063	2.841796875
17.064	2.841796875
17.065	2.8369140625
17.066	2.8271484375
17.067	2.83203125
17.068	2.8271484375
17.069	2.8271484375
17.07	2.8271484375
17.071	2.8271484375
17.072	2.822265625
17.073	2.822265625
17.074	2.8271484375
17.075	2.822265625
17.076	2.8173828125
17.077	2.8173828125
17.078	2.822265625
17.079	2.8173828125
17.08	2.8125
17.081	2.8125
17.082	2.8125
17.083	2.8076171875
17.084	2.8125
17.085	2.8076171875
17.086	2.8173828125
17.087	2.8173828125
17.088	2.8125
17.089	2.8076171875
17.09	2.8125
17.091	2.8125
17.092	2.822265625
17.093	2.822265625
17.094	2.8173828125
17.095	2.8173828125
17.096	2.822265625
17.096996	2.8271484375
17.098004	2.83203125
17.099	2.83203125
17.100004	2.83203125
17.101004	2.841796875
17.102004	2.841796875
17.103004	2.83203125
17.104	2.8369140625
17.105	2.841796875
17.106	2.8369140625
17.107	2.8466796875
17.108	2.8564453125
17.109	2.8515625
17.11	2.8466796875
17.111	2.8564453125
17.112	2.8466796875
17.113	2.8466796875
17.114	2.841796875
17.115	2.8515625
17.116	2.8564453125
17.117	2.8564453125
17.118	2.8564453125
17.119	2.8564453125
17.12	2.8564453125
17.121	2.861328125
17.122	2.861328125
17.123	2.8564453125
17.124	2.861328125
17.125	2.861328125
17.126	2.8662109375
17.127	2.861328125
17.128	2.861328125
17.129	2.8564453125
17.13	2.8662109375
17.131	2.8515625
17.132	2.8466796875
17.133	2.8515625
17.134	2.841796875
17.135	2.8466796875
17.136	2.841796875
17.137	2.8369140625
17.138	2.8369140625
17.139	2.8369140625
17.140004	2.822265625
17.141	2.8369140625
17.142004	2.8271484375
17.143004	2.83203125
17.144004	2.8271484375
17.145004	2.8271484375
17.146004	2.822265625
17.147	2.822265625
17.148	2.8125
17.149	2.8173828125
17.15	2.8125
17.151	2.8125
17.152	2.8125
17.153	2.8076171875
17.154	2.8125
17.155	2.8125
17.156	2.8125
17.157	2.8173828125
17.158	2.8125
17.159	2.8125
17.16	2.8125
17.161	2.8076171875
17.162	2.8173828125
17.163	2.8173828125
17.164	2.8125
17.165	2.8125
17.166	2.8173828125
17.167	2.8173828125
17.168	2.822265625
17.169	2.8271484375
17.17	2.8271484375
17.171	2.8271484375
17.172	2.83203125
17.173	2.83203125
17.174	2.8369140625
17.175	2.83203125
17.176	2.83203125
17.177	2.8369140625
17.178	2.841796875
17.179	2.8369140625
17.18	2.8466796875
17.181	2.8369140625
17.181996	2.8466796875
17.183004	2.8564453125
17.184	2.8515625
17.185004	2.8515625
17.186004	2.8515625
17.187004	2.8515625
17.188004	2.8564453125
17.189	2.8564453125
17.19	2.8662109375
17.191	2.8564453125
17.192	2.861328125
17.193	2.861328125
17.194	2.861328125
17.195	2.8564453125
17.196	2.861328125
17.197	2.861328125
17.198	2.861328125
17.199	2.861328125
17.2	2.8564453125
17.201	2.8564453125
17.202	2.8564453125
17.203	2.861328125
17.204	2.8466796875
17.205	2.8515625
17.206	2.8515625
17.207	2.8466796875
17.208	2.8466796875
17.209	2.841796875
17.21	2.841796875
17.211	2.841796875
17.212	2.8271484375
17.213	2.83203125
17.214	2.8271484375
17.215	2.83203125
17.216	2.83203125
17.217	2.8271484375
17.218	2.8271484375
17.219	2.8173828125
17.22	2.8173828125
17.221	2.8271484375
17.222	2.8173828125
17.223	2.822265625
17.224	2.822265625
17.224996	2.822265625
17.226004	2.822265625
17.227	2.8076171875
17.228004	2.8076171875
17.229004	2.8173828125
17.230004	2.8125
17.231004	2.8173828125
17.232	2.8076171875
17.233	2.8125
17.234	2.8125
17.235	2.8125
17.236	2.8125
17.237	2.8125
17.238	2.8125
17.239	2.8173828125
17.24	2.8125
17.241	2.822265625
17.242	2.822265625
17.243	2.8173828125
17.244	2.8271484375
17.245	2.83203125
17.246	2.8271484375
17.247	2.83203125
17.248	2.8369140625
17.249	2.83203125
17.25	2.841796875
17.251	2.8369140625
17.252	2.8369140625
17.253	2.8369140625
17.254	2.8466796875
17.255	2.8515625
17.256	2.8466796875
17.257	2.8466796875
17.258	2.8466796875
17.259	2.8515625
17.26	2.8515625
17.261	2.8515625
17.262	2.8515625
17.263	2.8515625
17.264	2.8515625
17.265	2.8515625
17.266	2.8564453125
17.267	2.8564453125
17.268004	2.861328125
17.269	2.861328125
17.270004	2.8515625
17.271004	2.861328125
17.272004	2.8515625
17.273004	2.8564453125
17.274004	2.861328125
17.275	2.8564453125
17.276	2.861328125
17.277	2.8564453125
17.278	2.861328125
17.279	2.8466796875
17.28	2.8515625
17.281	2.8515625
17.282	2.841796875
17.283	2.841796875
17.284	2.841796875
17.285	2.8369140625
17.286	2.841796875
17.287	2.8369140625
17.288	2.8271484375
17.289	2.83203125
17.29	2.8369140625
17.291	2.822265625
17.292	2.8271484375
17.293	2.8271484375
17.294	2.822265625
17.295	2.822265625
17.296	2.822265625
17.297	2.8173828125
17.298	2.8125
17.299	2.8173828125
17.3	2.8076171875
17.301	2.822265625
17.302	2.8125
17.303	2.8125
17.304	2.8076171875
17.305	2.8076171875
17.306	2.8076171875
17.307	2.8125
17.308	2.8125
17.309	2.8125
17.309996	2.8076171875
17.311004	2.8173828125
17.312	2.822265625
17.313004	2.822265625
17.314004	2.8173828125
17.315004	2.822265625
17.316004	2.822265625
17.317	2.8173828125
17.318	2.83203125
17.319	2.822265625
17.32	2.8271484375
17.321	2.8369140625
17.322	2.8369140625
17.323	2.8271484375
17.324	2.83203125
17.325	2.8369140625
17.326	2.8466796875
17.327	2.8466796875
17.328	2.8466796875
17.329	2.841796875
17.33	2.841796875
17.331	2.8466796875
17.332	2.8564453125
17.333	2.8515625
17.334	2.861328125
17.335	2.8466796875
17.336	2.8564453125
17.337	2.861328125
17.338	2.8564453125
17.339	2.861328125
17.34	2.861328125
17.341	2.8564453125
17.342	2.8564453125
17.343	2.8564453125
17.344	2.861328125
17.345	2.861328125
17.346	2.861328125
17.347	2.8515625
17.348	2.8662109375
17.349	2.861328125
17.35	2.861328125
17.351	2.8564453125
17.352	2.8466796875
17.352996	2.8515625
17.354004	2.8564453125
17.355	2.8515625
17.356004	2.8466796875
17.357004	2.8466796875
17.358004	2.841796875
17.359004	2.83203125
17.36	2.83203125
17.361	2.83203125
17.362	2.8271484375
17.363	2.8271484375
17.364	2.8271484375
17.365	2.8369140625
17.366	2.8271484375
17.367	2.8173828125
17.368	2.8271484375
17.369	2.822265625
17.37	2.8173828125
17.371	2.8173828125
17.372	2.822265625
17.373	2.8076171875
17.374	2.8173828125
17.375	2.8173828125
17.376	2.8173828125
17.377	2.8125
17.378	2.8125
17.379	2.8125
17.38	2.8125
17.381	2.8125
17.382	2.8125
17.383	2.8125
17.384	2.8076171875
17.385	2.8076171875
17.386	2.8125
17.387	2.8125
17.388	2.8173828125
17.389	2.822265625
17.39	2.822265625
17.391	2.822265625
17.392	2.8271484375
17.393	2.822265625
17.394	2.83203125
17.395	2.83203125
17.396004	2.83203125
17.397	2.8369140625
17.398004	2.8271484375
17.399004	2.83203125
17.400004	2.841796875
17.401004	2.8466796875
17.402004	2.841796875
17.403	2.8466796875
17.404	2.841796875
17.405	2.8515625
17.406	2.8564453125
17.407	2.8564453125
17.408	2.8564453125
17.409	2.8515625
17.41	2.8564453125
17.411	2.861328125
17.412	2.861328125
17.413	2.8564453125
17.414	2.861328125
17.415	2.861328125
17.416	2.861328125
17.417	2.861328125
17.418	2.861328125
17.419	2.8564453125
17.42	2.861328125
17.421	2.8515625
17.422	2.8564453125
17.423	2.8564453125
17.424	2.8564453125
17.425	2.861328125
17.426	2.8515625
17.427	2.8466796875
17.428	2.8515625
17.429	2.8466796875
17.43	2.8466796875
17.431	2.8466796875
17.432	2.841796875
17.433	2.83203125
17.434	2.8369140625
17.435	2.8466796875
17.436	2.8369140625
17.437	2.83203125
17.437996	2.83203125
17.439004	2.83203125
17.44	2.822265625
17.441004	2.822265625
17.442004	2.8271484375
17.443004	2.8271484375
17.444004	2.822265625
17.445	2.8173828125
17.446	2.822265625
17.447	2.8125
17.448	2.822265625
17.449	2.8125
17.45	2.822265625
17.451	2.822265625
17.452	2.8173828125
17.453	2.8076171875
17.454	2.8125
17.455	2.8173828125
17.456	2.8173828125
17.457	2.8076171875
17.458	2.8173828125
17.459	2.8173828125
17.46	2.8173828125
17.461	2.8125
17.462	2.822265625
17.463	2.822265625
17.464	2.822265625
17.465	2.822265625
17.466	2.8271484375
17.467	2.8271484375
17.468	2.8271484375
17.469	2.8369140625
17.47	2.83203125
17.471	2.841796875
17.472	2.8271484375
17.473	2.8369140625
17.474	2.8369140625
17.475	2.8466796875
17.476	2.8515625
17.477	2.841796875
17.478	2.841796875
17.479	2.8515625
17.48	2.8515625
17.480996	2.8466796875
17.482004	2.8515625
17.483	2.8515625
17.484004	2.861328125
17.485004	2.8564453125
17.486004	2.861328125
17.487004	2.861328125
17.488	2.861328125
17.489	2.861328125
17.49	2.8515625
17.491	2.8662109375
17.492	2.8564453125
17.493	2.8662109375
17.494	2.8564453125
17.495	2.8564453125
17.496	2.8564453125
17.497	2.8564453125
17.498	2.861328125
17.499	2.8564453125
17.5	2.8515625
17.501	2.8466796875
17.502	2.8466796875
17.503	2.8515625
17.504	2.8466796875
17.505	2.8466796875
17.506	2.841796875
17.507	2.8369140625
17.508	2.8369140625
17.509	2.841796875
17.51	2.8369140625
17.511	2.83203125
17.512	2.822265625
17.513	2.822265625
17.514	2.8271484375
17.515	2.822265625
17.516	2.8271484375
17.517	2.822265625
17.518	2.822265625
17.519	2.822265625
17.52	2.822265625
17.521	2.8173828125
17.522	2.8076171875
17.523	2.8173828125
17.524004	2.8125
17.525	2.822265625
17.526004	2.8076171875
17.527004	2.8125
17.528004	2.8076171875
17.529004	2.8125
17.530004	2.8125
17.531	2.8125
17.532	2.8125
17.533	2.8173828125
17.534	2.8173828125
17.535	2.8173828125
17.536	2.8173828125
17.537	2.822265625
17.538	2.822265625
17.539	2.8271484375
17.54	2.83203125
17.541	2.8271484375
17.542	2.83203125
17.543	2.8369140625
17.544	2.83203125
17.545	2.8369140625
17.546	2.83203125
17.547	2.83203125
17.548	2.8369140625
17.549	2.83203125
17.55	2.841796875
17.551	2.8369140625
17.552	2.841796875
17.553	2.8466796875
17.554	2.8466796875
17.555	2.8466796875
17.556	2.8564453125
17.557	2.8564453125
17.558	2.8466796875
17.559	2.8564453125
17.56	2.8515625
17.561	2.8564453125
17.562	2.8564453125
17.563	2.861328125
17.564	2.861328125
17.565	2.8564453125
17.565996	2.8564453125
17.567004	2.861328125
17.568	2.8564453125
17.569004	2.8564453125
17.570004	2.8564453125
17.571004	2.861328125
17.572004	2.861328125
17.573	2.8515625
17.574	2.8564453125
17.575	2.841796875
17.576	2.8515625
17.577	2.8466796875
17.578	2.8466796875
17.579	2.8466796875
17.58	2.841796875
17.581	2.841796875
17.582	2.83203125
17.583	2.841796875
17.584	2.8369140625
17.585	2.8271484375
17.586	2.83203125
17.587	2.8271484375
17.588	2.8271484375
17.589	2.822265625
17.59	2.822265625
17.591	2.822265625
17.592	2.822265625
17.593	2.8173828125
17.594	2.8173828125
17.595	2.8173828125
17.596	2.8173828125
17.597	2.8125
17.598	2.8173828125
17.599	2.822265625
17.6	2.8125
17.601	2.8173828125
17.602	2.8076171875
17.603	2.8173828125
17.604	2.8076171875
17.605	2.8125
17.606	2.8125
17.607	2.8125
17.608	2.822265625
17.608996	2.8125
17.610004	2.822265625
17.611	2.8173828125
17.612004	2.822265625
17.613004	2.8173828125
17.614004	2.8271484375
17.615004	2.8173828125
17.616	2.8271484375
17.617	2.8271484375
17.618	2.83203125
17.619	2.8369140625
17.62	2.8369140625
17.621	2.8271484375
17.622	2.8369140625
17.623	2.8466796875
17.624	2.8466796875
17.625	2.8466796875
17.626	2.841796875
17.627	2.8466796875
17.628	2.8515625
17.629	2.8564453125
17.63	2.8564453125
17.631	2.8515625
17.632	2.8515625
17.633	2.8515625
17.634	2.861328125
17.635	2.8564453125
17.636	2.8515625
17.637	2.861328125
17.638	2.861328125
17.639	2.861328125
17.64	2.8564453125
17.641	2.8564453125
17.642	2.8564453125
17.643	2.8515625
17.644	2.861328125
17.645	2.861328125
17.646	2.8564453125
17.647	2.8515625
17.648	2.8466796875
17.649	2.8466796875
17.65	2.8564453125
17.651	2.8515625
17.652004	2.8515625
17.653	2.841796875
17.654004	2.83203125
17.655004	2.841796875
17.656004	2.83203125
17.657004	2.8369140625
17.658004	2.8271484375
17.659	2.8369140625
17.66	2.83203125
17.661	2.83203125
17.662	2.83203125
17.663	2.822265625
17.664	2.8173828125
17.665	2.822265625
17.666	2.822265625
17.667	2.822265625
17.668	2.822265625
17.669	2.8173828125
17.67	2.8125
17.671	2.8125
17.672	2.8125
17.673	2.8173828125
17.674	2.8125
17.675	2.8125
17.676	2.8125
17.677	2.8125
17.678	2.8125
17.679	2.8076171875
17.68	2.8125
17.681	2.8173828125
17.682	2.8173828125
17.683	2.8125
17.684	2.8173828125
17.685	2.8125
17.686	2.822265625
17.687	2.822265625
17.688	2.83203125
17.689	2.83203125
17.69	2.8271484375
17.691	2.83203125
17.692	2.8369140625
17.693	2.8369140625
17.693996	2.8369140625
17.695004	2.83203125
17.696	2.8369140625
17.697004	2.841796875
17.698004	2.8369140625
17.699004	2.8466796875
17.700004	2.841796875
17.701	2.841796875
17.702	2.8515625
17.703	2.8466796875
17.704	2.8515625
17.705	2.8466796875
17.706	2.8515625
17.707	2.861328125
17.708	2.8564453125
17.709	2.861328125
17.71	2.861328125
17.711	2.861328125
17.712	2.861328125
17.713	2.8564453125
17.714	2.861328125
17.715	2.8564453125
17.716	2.8564453125
17.717	2.861328125
17.718	2.861328125
17.719	2.8564453125
17.72	2.8564453125
17.721	2.8564453125
17.722	2.8515625
17.723	2.8466796875
17.724	2.8564453125
17.725	2.8466796875
17.726	2.8466796875
17.727	2.8466796875
17.728	2.8369140625
17.729	2.83203125
17.73	2.8369140625
17.731	2.841796875
17.732	2.841796875
17.733	2.8369140625
17.734	2.8271484375
17.735	2.8271484375
17.736	2.822265625
17.736996	2.822265625
17.738004	2.822265625
17.739	2.8271484375
17.740004	2.8271484375
17.741004	2.8173828125
17.742004	2.8173828125
17.743004	2.822265625
17.744	2.8173828125
17.745	2.8173828125
17.746	2.822265625
17.747	2.8076171875
17.748	2.8076171875
17.749	2.8173828125
17.75	2.822265625
17.751	2.8125
17.752	2.8125
17.753	2.822265625
17.754	2.8173828125
17.755	2.8173828125
17.756	2.8173828125
17.757	2.8173828125
17.758	2.8125
17.759	2.822265625
17.76	2.8271484375
17.761	2.822265625
17.762	2.822265625
17.763	2.8271484375
17.764	2.8271484375
17.765	2.83203125
17.766	2.8369140625
17.767	2.83203125
17.768	2.83203125
17.769	2.8369140625
17.77	2.8369140625
17.771	2.841796875
17.772	2.8369140625
17.773	2.8466796875
17.774	2.8466796875
17.775	2.8515625
17.776	2.8466796875
17.777	2.8564453125
17.778	2.8466796875
17.779	2.8515625
17.780004	2.8466796875
17.781	2.8515625
17.782004	2.861328125
17.783004	2.8564453125
17.784004	2.861328125
17.785004	2.8515625
17.786004	2.861328125
17.787	2.861328125
17.788	2.861328125
17.789	2.861328125
17.79	2.861328125
17.791	2.861328125
17.792	2.8564453125
17.793	2.8662109375
17.794	2.8564453125
17.795	2.8515625
17.796	2.8564453125
17.797	2.8515625
17.798	2.8466796875
17.799	2.8515625
17.8	2.8466796875
17.801	2.8466796875
17.802	2.8466796875
17.803	2.8369140625
17.804	2.8369140625
17.805	2.8369140625
17.806	2.83203125
17.807	2.8271484375
17.808	2.8369140625
17.809	2.83203125
17.81	2.83203125
17.811	2.8271484375
17.812	2.822265625
17.813	2.8271484375
17.814	2.8271484375
17.815	2.822265625
17.816	2.8271484375
17.817	2.8173828125
17.818	2.822265625
17.819	2.8173828125
17.82	2.8173828125
17.821	2.822265625
17.821996	2.8125
17.823004	2.8173828125
17.824	2.8125
17.825004	2.8173828125
17.826004	2.8076171875
17.827004	2.8125
17.828004	2.8173828125
17.829	2.8173828125
17.83	2.8173828125
17.831	2.822265625
17.832	2.8173828125
17.833	2.822265625
17.834	2.8271484375
17.835	2.822265625
17.836	2.822265625
17.837	2.822265625
17.838	2.8271484375
17.839	2.822265625
17.84	2.83203125
17.841	2.841796875
17.842	2.8369140625
17.843	2.841796875
17.844	2.8369140625
17.845	2.8369140625
17.846	2.8515625
17.847	2.8466796875
17.848	2.8515625
17.849	2.8515625
17.85	2.8515625
17.851	2.8515625
17.852	2.8466796875
17.853	2.8515625
17.854	2.8564453125
17.855	2.8564453125
17.856	2.8564453125
17.857	2.861328125
17.858	2.8515625
17.859	2.861328125
17.86	2.861328125
17.861	2.8564453125
17.862	2.8515625
17.863	2.8564453125
17.864	2.8564453125
17.864996	2.8515625
17.866004	2.8564453125
17.867	2.8564453125
17.868004	2.861328125
17.869004	2.8515625
17.870004	2.8564453125
17.871004	2.8564453125
17.872	2.8515625
17.873	2.8515625
17.874	2.8466796875
17.875	2.8515625
17.876	2.8369140625
17.877	2.841796875
17.878	2.841796875
17.879	2.841796875
17.88	2.8369140625
17.881	2.83203125
17.882	2.8271484375
17.883	2.83203125
17.884	2.8271484375
17.885	2.8271484375
17.886	2.8271484375
17.887	2.8271484375
17.888	2.822265625
17.889	2.822265625
17.89	2.8173828125
17.891	2.822265625
17.892	2.8173828125
17.893	2.8125
17.894	2.8125
17.895	2.8125
17.896	2.8173828125
17.897	2.8076171875
17.898	2.8125
17.899	2.8125
17.9	2.8125
17.901	2.822265625
17.902	2.822265625
17.903	2.8173828125
17.904	2.822265625
17.905	2.822265625
17.906	2.8173828125
17.907	2.822265625
17.908004	2.822265625
17.909	2.8271484375
17.910004	2.8173828125
17.911004	2.822265625
17.912004	2.8271484375
17.913004	2.8271484375
17.914004	2.83203125
17.915	2.83203125
17.916	2.8369140625
17.917	2.8369140625
17.918	2.8369140625
17.919	2.841796875
17.92	2.8515625
17.921	2.8466796875
17.922	2.841796875
17.923	2.8466796875
17.924	2.8466796875
17.925	2.8466796875
17.926	2.8466796875
17.927	2.8515625
17.928	2.8466796875
17.929	2.8515625
17.93	2.8515625
17.931	2.8515625
17.932	2.8564453125
17.933	2.8564453125
17.934	2.8564453125
17.935	2.861328125
17.936	2.8564453125
17.937	2.861328125
17.938	2.861328125
17.939	2.8662109375
17.94	2.861328125
17.941	2.8564453125
17.942	2.8564453125
17.943	2.861328125
17.944	2.8515625
17.945	2.8515625
17.946	2.8515625
17.947	2.8515625
17.948	2.8515625
17.949	2.8466796875
17.949996	2.8466796875
17.951004	2.841796875
17.952	2.83203125
17.953004	2.8369140625
17.954004	2.841796875
17.955004	2.8271484375
17.956004	2.8271484375
17.957	2.8369140625
17.958	2.8271484375
17.959	2.822265625
17.96	2.83203125
17.961	2.822265625
17.962	2.8271484375
17.963	2.8271484375
17.964	2.822265625
17.965	2.8173828125
17.966	2.8173828125
17.967	2.8173828125
17.968	2.8125
17.969	2.8125
17.97	2.8173828125
17.971	2.8173828125
17.972	2.822265625
17.973	2.8125
17.974	2.8173828125
17.975	2.8125
17.976	2.8173828125
17.977	2.822265625
17.978	2.8173828125
17.979	2.8173828125
17.98	2.8173828125
17.981	2.822265625
17.982	2.8173828125
17.983	2.822265625
17.984	2.8271484375
17.985	2.8271484375
17.986	2.83203125
17.987	2.8271484375
17.988	2.83203125
17.989	2.83203125
17.99	2.83203125
17.991	2.841796875
17.992	2.8369140625
17.992996	2.8466796875
17.994004	2.8466796875
17.995	2.8466796875
17.996004	2.8466796875
17.997004	2.841796875
17.998004	2.8466796875
17.999004	2.8515625
18.0	2.8515625
18.001	2.8515625
18.002	2.8515625
18.003	2.8515625
18.004	2.8515625
18.005	2.8564453125
18.006	2.861328125
18.007	2.861328125
18.008	2.861328125
18.009	2.8564453125
18.01	2.861328125
18.011	2.8564453125
18.012	2.8564453125
18.013	2.8564453125
18.014	2.8564453125
18.015	2.8564453125
18.016	2.8564453125
18.017	2.8564453125
18.018	2.8466796875
18.019	2.8564453125
18.02	2.841796875
18.021	2.8515625
18.022	2.841796875
18.023	2.8466796875
18.024	2.841796875
18.025	2.841796875
18.026	2.841796875
18.027	2.841796875
18.028	2.8369140625
18.029	2.83203125
18.03	2.83203125
18.031	2.8369140625
18.032	2.83203125
18.033	2.8271484375
18.034	2.8271484375
18.035	2.822265625
18.036004	2.8173828125
18.037	2.822265625
18.038004	2.8271484375
18.039004	2.822265625
18.040004	2.822265625
18.041004	2.8125
18.042004	2.8125
18.043	2.822265625
18.044	2.8173828125
18.045	2.8125
18.046	2.822265625
18.047	2.8173828125
18.048	2.822265625
18.049	2.822265625
18.05	2.8125
18.051	2.822265625
18.052	2.822265625
18.053	2.8125
18.054	2.8173828125
18.055	2.822265625
18.056	2.822265625
18.057	2.8173828125
18.058	2.822265625
18.059	2.8271484375
18.06	2.8271484375
18.061	2.8271484375
18.062	2.8271484375
18.063	2.8271484375
18.064	2.8271484375
18.065	2.841796875
18.066	2.8369140625
18.067	2.8369140625
18.068	2.8466796875
18.069	2.8369140625
18.07	2.841796875
18.071	2.8515625
18.072	2.8515625
18.073	2.8466796875
18.074	2.8466796875
18.075	2.8466796875
18.076	2.8515625
18.077	2.8515625
18.077996	2.8564453125
18.079004	2.8515625
18.08	2.8515625
18.081004	2.8564453125
18.082004	2.8564453125
18.083004	2.8564453125
18.084004	2.861328125
18.085	2.861328125
18.086	2.861328125
18.087	2.8662109375
18.088	2.861328125
18.089	2.8564453125
18.09	2.861328125
18.091	2.8515625
18.092	2.8515625
18.093	2.8515625
18.094	2.8515625
18.095	2.8515625
18.096	2.8515625
18.097	2.8466796875
18.098	2.8466796875
18.099	2.8369140625
18.1	2.841796875
18.101	2.8369140625
18.102	2.8369140625
18.103	2.8369140625
18.104	2.83203125
18.105	2.8369140625
18.106	2.8369140625
18.107	2.8271484375
18.108	2.822265625
18.109	2.8271484375
18.11	2.822265625
18.111	2.822265625
18.112	2.8173828125
18.113	2.8125
18.114	2.8125
18.115	2.822265625
18.116	2.8271484375
18.117	2.8076171875
18.118	2.8173828125
18.119	2.8173828125
18.12	2.822265625
18.120996	2.8173828125
18.122004	2.8125
18.123	2.822265625
18.124004	2.8173828125
18.125004	2.8173828125
18.126004	2.8125
18.127004	2.8173828125
18.128	2.822265625
18.129	2.822265625
18.13	2.822265625
18.131	2.8173828125
18.132	2.8271484375
18.133	2.8271484375
18.134	2.8271484375
18.135	2.8271484375
18.136	2.83203125
18.137	2.8369140625
18.138	2.8369140625
18.139	2.83203125
18.14	2.8369140625
18.141	2.83203125
18.142	2.8466796875
18.143	2.8369140625
18.144	2.8466796875
18.145	2.8466796875
18.146	2.8515625
18.147	2.8515625
18.148	2.8515625
18.149	2.8466796875
18.15	2.8515625
18.151	2.8515625
18.152	2.8564453125
18.153	2.8515625
18.154	2.8515625
18.155	2.8515625
18.156	2.861328125
18.157	2.861328125
18.158	2.8564453125
18.159	2.861328125
18.16	2.8564453125
18.161	2.8515625
18.162	2.8564453125
18.163	2.8564453125
18.164004	2.8564453125
18.165	2.8466796875
18.166004	2.8564453125
18.167004	2.8515625
18.168004	2.8466796875
18.169004	2.8466796875
18.170004	2.8466796875
18.171	2.8515625
18.172	2.841796875
18.173	2.841796875
18.174	2.8369140625
18.175	2.841796875
18.176	2.8369140625
18.177	2.8369140625
18.178	2.8271484375
18.179	2.83203125
18.18	2.8271484375
18.181	2.83203125
18.182	2.8271484375
18.183	2.8271484375
18.184	2.8271484375
18.185	2.8271484375
18.186	2.822265625
18.187	2.822265625
18.188	2.822265625
18.189	2.8173828125
18.19	2.8173828125
18.191	2.8125
18.192	2.8173828125
18.193	2.8173828125
18.194	2.8173828125
18.195	2.8173828125
18.196	2.8173828125
18.197	2.8125
18.198	2.8271484375
18.199	2.802734375
18.2	2.8125
18.201	2.8173828125
18.202	2.8173828125
18.203	2.8173828125
18.204	2.822265625
18.205	2.822265625
18.205996	2.8271484375
18.207004	2.8271484375
18.208	2.8271484375
18.209004	2.8271484375
18.210004	2.822265625
18.211004	2.83203125
18.212004	2.8369140625
18.213	2.83203125
18.214	2.8271484375
18.215	2.8369140625
18.216	2.841796875
18.217	2.8466796875
18.218	2.8369140625
18.219	2.841796875
18.22	2.8515625
18.221	2.8466796875
18.222	2.8564453125
18.223	2.8564453125
18.224	2.8515625
18.225	2.8564453125
18.226	2.8466796875
18.227	2.861328125
18.228	2.8564453125
18.229	2.8564453125
18.23	2.8515625
18.231	2.8564453125
18.232	2.8564453125
18.233	2.861328125
18.234	2.8564453125
18.235	2.861328125
18.236	2.8564453125
18.237	2.8564453125
18.238	2.861328125
18.239	2.8564453125
18.24	2.8515625
18.241	2.8515625
18.242	2.8515625
18.243	2.8466796875
18.244	2.8466796875
18.245	2.841796875
18.246	2.8466796875
18.247	2.83203125
18.248	2.83203125
18.248996	2.8369140625
18.250004	2.841796875
18.251	2.83203125
18.252004	2.8369140625
18.253004	2.8369140625
18.254004	2.83203125
18.255004	2.822265625
18.256	2.8173828125
18.257	2.822265625
18.258	2.8271484375
18.259	2.822265625
18.26	2.8173828125
18.261	2.8173828125
18.262	2.822265625
18.263	2.8125
18.264	2.822265625
18.265	2.8125
18.266	2.822265625
18.267	2.8173828125
18.268	2.8125
18.269	2.822265625
18.27	2.8125
18.271	2.822265625
18.272	2.8125
18.273	2.8125
18.274	2.822265625
18.275	2.822265625
18.276	2.822265625
18.277	2.8271484375
18.278	2.822265625
18.279	2.8173828125
18.28	2.822265625
18.281	2.822265625
18.282	2.8271484375
18.283	2.8271484375
18.284	2.8271484375
18.285	2.83203125
18.286	2.8369140625
18.287	2.8369140625
18.288	2.8369140625
18.289	2.841796875
18.29	2.8466796875
18.291	2.841796875
18.292004	2.841796875
18.293	2.841796875
18.294004	2.8466796875
18.295004	2.8515625
18.296004	2.841796875
18.297004	2.8564453125
18.298004	2.8515625
18.299	2.8564453125
18.3	2.8564453125
18.301	2.8564453125
18.302	2.8564453125
18.303	2.861328125
18.304	2.861328125
18.305	2.8564453125
18.306	2.861328125
18.307	2.861328125
18.308	2.861328125
18.309	2.861328125
18.31	2.8515625
18.311	2.8564453125
18.312	2.8564453125
18.313	2.8466796875
18.314	2.8466796875
18.315	2.8515625
18.316	2.8515625
18.317	2.8515625
18.318	2.8466796875
18.319	2.8515625
18.32	2.841796875
18.321	2.841796875
18.322	2.8369140625
18.323	2.841796875
18.324	2.83203125
18.325	2.8369140625
18.326	2.8271484375
18.327	2.83203125
18.328	2.8271484375
18.329	2.8271484375
18.33	2.822265625
18.331	2.8271484375
18.332	2.822265625
18.333	2.8271484375
18.333996	2.8271484375
18.335004	2.8271484375
18.336	2.8173828125
18.337004	2.8173828125
18.338004	2.8125
18.339004	2.822265625
18.340004	2.8076171875
18.341	2.822265625
18.342	2.8173828125
18.343	2.8125
18.344	2.8173828125
18.345	2.8173828125
18.346	2.8173828125
18.347	2.8125
18.348	2.822265625
18.349	2.822265625
18.35	2.822265625
18.351	2.8173828125
18.352	2.822265625
18.353	2.822265625
18.354	2.8271484375
18.355	2.822265625
18.356	2.8271484375
18.357	2.8271484375
18.358	2.8369140625
18.359	2.83203125
18.36	2.8369140625
18.361	2.8369140625
18.362	2.83203125
18.363	2.8369140625
18.364	2.8466796875
18.365	2.841796875
18.366	2.8466796875
18.367	2.841796875
18.368	2.8466796875
18.369	2.8466796875
18.37	2.8515625
18.371	2.8564453125
18.372	2.8564453125
18.373	2.8564453125
18.374	2.8515625
18.375	2.8515625
18.376	2.8515625
18.376996	2.8564453125
18.378004	2.8564453125
18.379	2.8564453125
18.380004	2.8564453125
18.381004	2.8515625
18.382004	2.8564453125
18.383004	2.8564453125
18.384	2.8564453125
18.385	2.8564453125
18.386	2.8515625
18.387	2.8515625
18.388	2.8515625
18.389	2.8515625
18.39	2.8466796875
18.391	2.8564453125
18.392	2.841796875
18.393	2.841796875
18.394	2.841796875
18.395	2.841796875
18.396	2.8369140625
18.397	2.8369140625
18.398	2.83203125
18.399	2.83203125
18.4	2.8271484375
18.401	2.83203125
18.402	2.822265625
18.403	2.822265625
18.404	2.822265625
18.405	2.822265625
18.406	2.8271484375
18.407	2.822265625
18.408	2.822265625
18.409	2.822265625
18.41	2.8173828125
18.411	2.8173828125
18.412	2.822265625
18.413	2.8125
18.414	2.822265625
18.415	2.8173828125
18.416	2.822265625
18.417	2.8173828125
18.418	2.8173828125
18.419	2.8173828125
18.420004	2.822265625
18.421	2.8076171875
18.422004	2.822265625
18.423004	2.822265625
18.424004	2.822265625
18.425004	2.822265625
18.426004	2.822265625
18.427	2.8271484375
18.428	2.8271484375
18.429	2.822265625
18.43	2.8271484375
18.431	2.822265625
18.432	2.83203125
18.433	2.8369140625
18.434	2.83203125
18.435	2.8369140625
18.436	2.8369140625
18.437	2.8369140625
18.438	2.841796875
18.439	2.841796875
18.44	2.8466796875
18.441	2.8369140625
18.442	2.841796875
18.443	2.8466796875
18.444	2.8466796875
18.445	2.8466796875
18.446	2.8466796875
18.447	2.861328125
18.448	2.8515625
18.449	2.8515625
18.45	2.8564453125
18.451	2.8564453125
18.452	2.8515625
18.453	2.8564453125
18.454	2.8564453125
18.455	2.861328125
18.456	2.8564453125
18.457	2.861328125
18.458	2.8564453125
18.459	2.8564453125
18.46	2.8515625
18.461	2.8466796875
18.461996	2.8466796875
18.463004	2.8466796875
18.464	2.8515625
18.465004	2.8466796875
18.466004	2.8515625
18.467004	2.841796875
18.468004	2.841796875
18.469	2.8369140625
18.47	2.841796875
18.471	2.8369140625
18.472	2.841796875
18.473	2.83203125
18.474	2.8271484375
18.475	2.8271484375
18.476	2.8271484375
18.477	2.8173828125
18.478	2.83203125
18.479	2.8271484375
18.48	2.822265625
18.481	2.8173828125
18.482	2.822265625
18.483	2.8173828125
18.484	2.822265625
18.485	2.8173828125
18.486	2.8173828125
18.487	2.8173828125
18.488	2.822265625
18.489	2.8125
18.49	2.8173828125
18.491	2.822265625
18.492	2.8173828125
18.493	2.8173828125
18.494	2.8173828125
18.495	2.8125
18.496	2.8076171875
18.497	2.8173828125
18.498	2.822265625
18.499	2.8271484375
18.5	2.8173828125
18.501	2.822265625
18.502	2.8271484375
18.503	2.83203125
18.504	2.822265625
18.504996	2.83203125
18.506004	2.8271484375
18.507	2.8369140625
18.508004	2.83203125
18.509004	2.83203125
18.510004	2.8369140625
18.511004	2.83203125
18.512	2.841796875
18.513	2.841796875
18.514	2.8466796875
18.515	2.8466796875
18.516	2.8466796875
18.517	2.8515625
18.518	2.8515625
18.519	2.8515625
18.52	2.8466796875
18.521	2.8515625
18.522	2.8564453125
18.523	2.8515625
18.524	2.8515625
18.525	2.8564453125
18.526	2.8564453125
18.527	2.861328125
18.528	2.861328125
18.529	2.8466796875
18.53	2.8564453125
18.531	2.861328125
18.532	2.861328125
18.533	2.861328125
18.534	2.8564453125
18.535	2.8515625
18.536	2.8515625
18.537	2.8564453125
18.538	2.8515625
18.539	2.8515625
18.54	2.8515625
18.541	2.841796875
18.542	2.8466796875
18.543	2.8369140625
18.544	2.8369140625
18.545	2.8369140625
18.546	2.841796875
18.547	2.841796875
18.548004	2.8271484375
18.549	2.8271484375
18.550004	2.83203125
18.551004	2.83203125
18.552004	2.83203125
18.553004	2.8271484375
18.554004	2.822265625
18.555	2.8173828125
18.556	2.822265625
18.557	2.8271484375
18.558	2.8173828125
18.559	2.8173828125
18.56	2.822265625
18.561	2.8173828125
18.562	2.822265625
18.563	2.8173828125
18.564	2.8173828125
18.565	2.8173828125
18.566	2.8173828125
18.567	2.822265625
18.568	2.822265625
18.569	2.8173828125
18.57	2.8173828125
18.571	2.822265625
18.572	2.8173828125
18.573	2.822265625
18.574	2.8173828125
18.575	2.822265625
18.576	2.822265625
18.577	2.8271484375
18.578	2.822265625
18.579	2.8173828125
18.58	2.8271484375
18.581	2.8369140625
18.582	2.8369140625
18.583	2.8369140625
18.584	2.8369140625
18.585	2.8369140625
18.586	2.8369140625
18.587	2.8515625
18.588	2.8466796875
18.589	2.8466796875
18.589996	2.8466796875
18.591004	2.8466796875
18.592	2.8466796875
18.593004	2.8564453125
18.594004	2.8515625
18.595004	2.8515625
18.596004	2.8515625
18.597	2.8564453125
18.598	2.8515625
18.599	2.8564453125
18.6	2.8662109375
18.601	2.861328125
18.602	2.861328125
18.603	2.861328125
18.604	2.8515625
18.605	2.8515625
18.606	2.8515625
18.607	2.8515625
18.608	2.8564453125
18.609	2.8515625
18.61	2.8466796875
18.611	2.8515625
18.612	2.8564453125
18.613	2.8466796875
18.614	2.8515625
18.615	2.8466796875
18.616	2.8515625
18.617	2.8369140625
18.618	2.841796875
18.619	2.841796875
18.62	2.841796875
18.621	2.841796875
18.622	2.8271484375
18.623	2.83203125
18.624	2.8271484375
18.625	2.83203125
18.626	2.83203125
18.627	2.8271484375
18.628	2.8271484375
18.629	2.8173828125
18.63	2.8271484375
18.631	2.8271484375
18.632	2.822265625
18.632996	2.8125
18.634004	2.822265625
18.635	2.822265625
18.636004	2.8125
18.637004	2.822265625
18.638004	2.822265625
18.639004	2.822265625
18.64	2.822265625
18.641	2.8173828125
18.642	2.8173828125
18.643	2.8125
18.644	2.822265625
18.645	2.8271484375
18.646	2.8173828125
18.647	2.8271484375
18.648	2.8173828125
18.649	2.8173828125
18.65	2.8271484375
18.651	2.822265625
18.652	2.8271484375
18.653	2.8271484375
18.654	2.8271484375
18.655	2.83203125
18.656	2.8369140625
18.657	2.8369140625
18.658	2.841796875
18.659	2.8369140625
18.66	2.841796875
18.661	2.841796875
18.662	2.8466796875
18.663	2.841796875
18.664	2.8466796875
18.665	2.8515625
18.666	2.8515625
18.667	2.8564453125
18.668	2.8564453125
18.669	2.8466796875
18.67	2.8564453125
18.671	2.8564453125
18.672	2.8515625
18.673	2.8564453125
18.674	2.8564453125
18.675	2.861328125
18.676004	2.8515625
18.677	2.8564453125
18.678004	2.8515625
18.679004	2.8564453125
18.680004	2.8564453125
18.681004	2.8564453125
18.682004	2.861328125
18.683	2.8515625
18.684	2.8515625
18.685	2.8515625
18.686	2.841796875
18.687	2.8466796875
18.688	2.8515625
18.689	2.8466796875
18.69	2.8466796875
18.691	2.841796875
18.692	2.8369140625
18.693	2.83203125
18.694	2.8369140625
18.695	2.8369140625
18.696	2.8271484375
18.697	2.8271484375
18.698	2.8369140625
18.699	2.83203125
18.7	2.8271484375
18.701	2.822265625
18.702	2.8271484375
18.703	2.822265625
18.704	2.8173828125
18.705	2.822265625
18.706	2.822265625
18.707	2.8173828125
18.708	2.8173828125
18.709	2.8173828125
18.71	2.822265625
18.711	2.8125
18.712	2.822265625
18.713	2.8125
18.714	2.822265625
18.715	2.8125
18.716	2.8173828125
18.717	2.8271484375
18.717996	2.8125
18.719004	2.8173828125
18.72	2.8173828125
18.721004	2.8173828125
18.722004	2.822265625
18.723004	2.8173828125
18.724004	2.822265625
18.725	2.8271484375
18.726	2.8271484375
18.727	2.822265625
18.728	2.822265625
18.729	2.8271484375
18.73	2.8369140625
18.731	2.8369140625
18.732	2.841796875
18.733	2.841796875
18.734	2.8369140625
18.735	2.8466796875
18.736	2.841796875
18.737	2.8466796875
18.738	2.8466796875
18.739	2.8466796875
18.74	2.8466796875
18.741	2.8515625
18.742	2.8515625
18.743	2.8515625
18.744	2.8466796875
18.745	2.8466796875
18.746	2.8564453125
18.747	2.8564453125
18.748	2.8466796875
18.749	2.8564453125
18.75	2.8564453125
18.751	2.8564453125
18.752	2.8564453125
18.753	2.8564453125
18.754	2.861328125
18.755	2.861328125
18.756	2.8564453125
18.757	2.8564453125
18.758	2.8564453125
18.759	2.8466796875
18.76	2.8515625
18.760996	2.8466796875
18.762004	2.8515625
18.763	2.841796875
18.764004	2.8466796875
18.765004	2.841796875
18.766004	2.83203125
18.767004	2.841796875
18.768	2.8369140625
18.769	2.8369140625
18.77	2.8369140625
18.771	2.83203125
18.772	2.8369140625
18.773	2.8271484375
18.774	2.8271484375
18.775	2.8173828125
18.776	2.8271484375
18.777	2.8271484375
18.778	2.8271484375
18.779	2.822265625
18.78	2.822265625
18.781	2.8173828125
18.782	2.822265625
18.783	2.822265625
18.784	2.8173828125
18.785	2.8173828125
18.786	2.8173828125
18.787	2.8173828125
18.788	2.8173828125
18.789	2.822265625
18.79	2.8125
18.791	2.822265625
18.792	2.822265625
18.793	2.8173828125
18.794	2.8173828125
18.795	2.8173828125
18.796	2.822265625
18.797	2.822265625
18.798	2.8271484375
18.799	2.8271484375
18.8	2.8271484375
18.801	2.8271484375
18.802	2.8369140625
18.803	2.83203125
18.804004	2.8369140625
18.805	2.8369140625
18.806004	2.83203125
18.807004	2.841796875
18.808004	2.841796875
18.809004	2.841796875
18.810004	2.8369140625
18.811	2.841796875
18.812	2.841796875
18.813	2.8466796875
18.814	2.8515625
18.815	2.8515625
18.816	2.8515625
18.817	2.8515625
18.818	2.8515625
18.819	2.8515625
18.82	2.861328125
18.821	2.8564453125
18.822	2.861328125
18.823	2.861328125
18.824	2.8564453125
18.825	2.861328125
18.826	2.8564453125
18.827	2.8515625
18.828	2.861328125
18.829	2.8564453125
18.83	2.8466796875
18.831	2.8515625
18.832	2.8564453125
18.833	2.8466796875
18.834	2.8515625
18.835	2.8466796875
18.836	2.8515625
18.837	2.8466796875
18.838	2.8515625
18.839	2.841796875
18.84	2.841796875
18.841	2.841796875
18.842	2.841796875
18.843	2.8369140625
18.844	2.8369140625
18.845	2.8271484375
18.845996	2.8369140625
18.847004	2.8369140625
18.848	2.8271484375
18.849004	2.83203125
18.850004	2.822265625
18.851004	2.822265625
18.852004	2.822265625
18.853	2.8173828125
18.854	2.8271484375
18.855	2.822265625
18.856	2.8125
18.857	2.822265625
18.858	2.822265625
18.859	2.8125
18.86	2.8173828125
18.861	2.822265625
18.862	2.8125
18.863	2.8125
18.864	2.8125
18.865	2.8271484375
18.866	2.822265625
18.867	2.8173828125
18.868	2.8125
18.869	2.822265625
18.87	2.822265625
18.871	2.8271484375
18.872	2.83203125
18.873	2.8271484375
18.874	2.822265625
18.875	2.83203125
18.876	2.8369140625
18.877	2.8369140625
18.878	2.83203125
18.879	2.8271484375
18.88	2.841796875
18.881	2.8369140625
18.882	2.8369140625
18.883	2.8466796875
18.884	2.841796875
18.885	2.8466796875
18.886	2.841796875
18.887	2.8466796875
18.888	2.8515625
18.888996	2.8515625
18.890004	2.8515625
18.891	2.8564453125
18.892004	2.8515625
18.893004	2.8564453125
18.894004	2.8466796875
18.895004	2.8466796875
18.896	2.8466796875
18.897	2.8564453125
18.898	2.8564453125
18.899	2.861328125
18.9	2.8564453125
18.901	2.861328125
18.902	2.861328125
18.903	2.8564453125
18.904	2.8515625
18.905	2.8515625
18.906	2.8466796875
18.907	2.8564453125
18.908	2.8515625
18.909	2.8515625
18.91	2.8515625
18.911	2.8515625
18.912	2.8515625
18.913	2.8369140625
18.914	2.83203125
18.915	2.8369140625
18.916	2.841796875
18.917	2.841796875
18.918	2.83203125
18.919	2.8271484375
18.92	2.8369140625
18.921	2.83203125
18.922	2.8271484375
18.923	2.8271484375
18.924	2.822265625
18.925	2.8271484375
18.926	2.822265625
18.927	2.822265625
18.928	2.822265625
18.929	2.8271484375
18.93	2.822265625
18.931	2.8173828125
18.932004	2.8271484375
18.933	2.822265625
18.934004	2.8173828125
18.935004	2.8173828125
18.936004	2.8173828125
18.937004	2.8173828125
18.938004	2.822265625
18.939	2.8173828125
18.94	2.8173828125
18.941	2.822265625
18.942	2.822265625
18.943	2.8271484375
18.944	2.822265625
18.945	2.822265625
18.946	2.822265625
18.947	2.8271484375
18.948	2.8271484375
18.949	2.8271484375
18.95	2.8271484375
18.951	2.8369140625
18.952	2.83203125
18.953	2.8369140625
18.954	2.8369140625
18.955	2.8369140625
18.956	2.841796875
18.957	2.8466796875
18.958	2.841796875
18.959	2.8466796875
18.96	2.8466796875
18.961	2.8466796875
18.962	2.8466796875
18.963	2.8515625
18.964	2.8466796875
18.965	2.8515625
18.966	2.8564453125
18.967	2.8515625
18.968	2.8564453125
18.969	2.8515625
18.97	2.8564453125
18.971	2.861328125
18.972	2.8564453125
18.973	2.8564453125
18.973996	2.8564453125
18.975004	2.8564453125
18.976	2.8564453125
18.977004	2.861328125
18.978004	2.8515625
18.979004	2.8515625
18.980004	2.8515625
18.981	2.8466796875
18.982	2.8564453125
18.983	2.8466796875
18.984	2.8515625
18.985	2.8515625
18.986	2.8466796875
18.987	2.841796875
18.988	2.841796875
18.989	2.8369140625
18.99	2.841796875
18.991	2.83203125
18.992	2.8271484375
18.993	2.83203125
18.994	2.8369140625
18.995	2.83203125
18.996	2.83203125
18.997	2.822265625
18.998	2.83203125
18.999	2.8271484375
19.0	2.822265625
19.001	2.8271484375
19.002	2.8173828125
19.003	2.822265625
19.004	2.822265625
19.005	2.822265625
19.006	2.822265625
19.007	2.8173828125
19.008	2.822265625
19.009	2.822265625
19.01	2.822265625
19.011	2.8173828125
19.012	2.8173828125
19.013	2.822265625
19.014	2.822265625
19.015	2.8271484375
19.016	2.822265625
19.016996	2.8173828125
19.018004	2.8173828125
19.019	2.8271484375
19.020004	2.8271484375
19.021004	2.822265625
19.022004	2.8271484375
19.023004	2.8271484375
19.024	2.8271484375
19.025	2.83203125
19.026	2.8369140625
19.027	2.83203125
19.028	2.841796875
19.029	2.8369140625
19.03	2.841796875
19.031	2.841796875
19.032	2.8466796875
19.033	2.8515625
19.034	2.8466796875
19.035	2.841796875
19.036	2.8466796875
19.037	2.8515625
19.038	2.8466796875
19.039	2.8515625
19.04	2.8466796875
19.041	2.861328125
19.042	2.8466796875
19.043	2.8564453125
19.044	2.8515625
19.045	2.8564453125
19.046	2.8564453125
19.047	2.8564453125
19.048	2.8515625
19.049	2.861328125
19.05	2.8515625
19.051	2.8515625
19.052	2.8515625
19.053	2.8466796875
19.054	2.8515625
19.055	2.8515625
19.056	2.8564453125
19.057	2.8515625
19.058	2.8466796875
19.059	2.841796875
19.060004	2.841796875
19.061	2.841796875
19.062004	2.83203125
19.063004	2.83203125
19.064004	2.8369140625
19.065004	2.8369140625
19.066004	2.83203125
19.067	2.83203125
19.068	2.83203125
19.069	2.83203125
19.07	2.8369140625
19.071	2.8271484375
19.072	2.83203125
19.073	2.8271484375
19.074	2.8271484375
19.075	2.822265625
19.076	2.822265625
19.077	2.822265625
19.078	2.8173828125
19.079	2.8125
19.08	2.822265625
19.081	2.822265625
19.082	2.822265625
19.083	2.8173828125
19.084	2.8173828125
19.085	2.822265625
19.086	2.822265625
19.087	2.822265625
19.088	2.8173828125
19.089	2.822265625
19.09	2.8173828125
19.091	2.8125
19.092	2.822265625
19.093	2.8173828125
19.094	2.8271484375
19.095	2.8271484375
19.096	2.822265625
19.097	2.8271484375
19.098	2.8369140625
19.099	2.8271484375
19.1	2.841796875
19.101	2.8369140625
19.101996	2.8369140625
19.103004	2.8369140625
19.104	2.841796875
19.105004	2.841796875
19.106004	2.8466796875
19.107004	2.841796875
19.108004	2.841796875
19.109	2.8515625
19.11	2.8466796875
19.111	2.8515625
19.112	2.8515625
19.113	2.8515625
19.114	2.8564453125
19.115	2.8564453125
19.116	2.8515625
19.117	2.8564453125
19.118	2.8466796875
19.119	2.8515625
19.12	2.8564453125
19.121	2.861328125
19.122	2.861328125
19.123	2.861328125
19.124	2.8564453125
19.125	2.8515625
19.126	2.8515625
19.127	2.8564453125
19.128	2.8564453125
19.129	2.8466796875
19.13	2.8466796875
19.131	2.8515625
19.132	2.8466796875
19.133	2.8515625
19.134	2.8466796875
19.135	2.8369140625
19.136	2.83203125
19.137	2.841796875
19.138	2.841796875
19.139	2.83203125
19.14	2.8369140625
19.141	2.8271484375
19.142	2.8369140625
19.143	2.8271484375
19.144	2.822265625
19.144996	2.83203125
19.146004	2.8271484375
19.147	2.8271484375
19.148004	2.8271484375
19.149004	2.822265625
19.150004	2.822265625
19.151004	2.822265625
19.152	2.822265625
19.153	2.8173828125
19.154	2.8173828125
19.155	2.822265625
19.156	2.8125
19.157	2.8125
19.158	2.8125
19.159	2.822265625
19.16	2.8125
19.161	2.822265625
19.162	2.8173828125
19.163	2.822265625
19.164	2.8271484375
19.165	2.8173828125
19.166	2.822265625
19.167	2.83203125
19.168	2.822265625
19.169	2.8271484375
19.17	2.8271484375
19.171	2.8271484375
19.172	2.83203125
19.173	2.83203125
19.174	2.841796875
19.175	2.83203125
19.176	2.841796875
19.177	2.83203125
19.178	2.8369140625
19.179	2.8369140625
19.18	2.8369140625
19.181	2.841796875
19.182	2.841796875
19.183	2.8466796875
19.184	2.8515625
19.185	2.8515625
19.186	2.8515625
19.187	2.8564453125
19.188004	2.8466796875
19.189	2.8564453125
19.190004	2.861328125
19.191004	2.8515625
19.192004	2.8515625
19.193004	2.8564453125
19.194004	2.8564453125
19.195	2.8564453125
19.196	2.8515625
19.197	2.8564453125
19.198	2.8466796875
19.199	2.8515625
19.2	2.8564453125
19.201	2.8466796875
19.202	2.8515625
19.203	2.8564453125
19.204	2.8515625
19.205	2.8515625
19.206	2.8466796875
19.207	2.8466796875
19.208	2.841796875
19.209	2.841796875
19.21	2.841796875
19.211	2.8369140625
19.212	2.8369140625
19.213	2.8369140625
19.214	2.83203125
19.215	2.822265625
19.216	2.8369140625
19.217	2.822265625
19.218	2.822265625
19.219	2.83203125
19.22	2.8271484375
19.221	2.8271484375
19.222	2.8271484375
19.223	2.8271484375
19.224	2.8271484375
19.225	2.8271484375
19.226	2.822265625
19.227	2.822265625
19.228	2.822265625
19.229	2.8173828125
19.229996	2.822265625
19.231004	2.822265625
19.232	2.8173828125
19.233004	2.8173828125
19.234004	2.822265625
19.235004	2.822265625
19.236004	2.822265625
19.237	2.822265625
19.238	2.822265625
19.239	2.822265625
19.24	2.8173828125
19.241	2.8271484375
19.242	2.83203125
19.243	2.8271484375
19.244	2.8271484375
19.245	2.8271484375
19.246	2.822265625
19.247	2.8369140625
19.248	2.83203125
19.249	2.83203125
19.25	2.8369140625
19.251	2.83203125
19.252	2.8369140625
19.253	2.83203125
19.254	2.8515625
19.255	2.83203125
19.256	2.841796875
19.257	2.841796875
19.258	2.8466796875
19.259	2.841796875
19.26	2.8515625
19.261	2.8515625
19.262	2.8515625
19.263	2.8515625
19.264	2.8564453125
19.265	2.8466796875
19.266	2.8515625
19.267	2.8564453125
19.268	2.8515625
19.269	2.8515625
19.27	2.8466796875
19.271	2.8515625
19.272	2.8515625
19.272996	2.8515625
19.274004	2.8466796875
19.275	2.8466796875
19.276004	2.8515625
19.277004	2.8515625
19.278004	2.8515625
19.279004	2.841796875
19.28	2.8515625
19.281	2.8515625
19.282	2.8515625
19.283	2.841796875
19.284	2.841796875
19.285	2.841796875
19.286	2.841796875
19.287	2.841796875
19.288	2.8369140625
19.289	2.8271484375
19.29	2.83203125
19.291	2.8271484375
19.292	2.83203125
19.293	2.8271484375
19.294	2.8271484375
19.295	2.822265625
19.296	2.8173828125
19.297	2.8271484375
19.298	2.8271484375
19.299	2.822265625
19.3	2.8125
19.301	2.8173828125
19.302	2.8173828125
19.303	2.822265625
19.304	2.8173828125
19.305	2.822265625
19.306	2.8125
19.307	2.822265625
19.308	2.822265625
19.309	2.822265625
19.31	2.8173828125
19.311	2.8173828125
19.312	2.8173828125
19.313	2.8173828125
19.314	2.822265625
19.315	2.822265625
19.316004	2.8271484375
19.317	2.83203125
19.318004	2.8271484375
19.319004	2.8271484375
19.320004	2.8271484375
19.321004	2.8271484375
19.322004	2.8369140625
19.323	2.8369140625
19.324	2.841796875
19.325	2.841796875
19.326	2.8369140625
19.327	2.841796875
19.328	2.841796875
19.329	2.8369140625
19.33	2.8466796875
19.331	2.841796875
19.332	2.8466796875
19.333	2.8466796875
19.334	2.8515625
19.335	2.8466796875
19.336	2.8564453125
19.337	2.8515625
19.338	2.8515625
19.339	2.8515625
19.34	2.8515625
19.341	2.8515625
19.342	2.8564453125
19.343	2.8515625
19.344	2.8515625
19.345	2.8466796875
19.346	2.8466796875
19.347	2.8466796875
19.348	2.8564453125
19.349	2.8515625
19.35	2.861328125
19.351	2.8564453125
19.352	2.8564453125
19.353	2.8564453125
19.354	2.8466796875
19.355	2.841796875
19.356	2.8466796875
19.357	2.841796875
19.357996	2.8369140625
19.359004	2.8369140625
19.36	2.841796875
19.361004	2.8369140625
19.362004	2.8369140625
19.363004	2.8369140625
19.364004	2.8271484375
19.365	2.8369140625
19.366	2.8271484375
19.367	2.83203125
19.368	2.822265625
19.369	2.8271484375
19.37	2.822265625
19.371	2.822265625
19.372	2.8271484375
19.373	2.8173828125
19.374	2.822265625
19.375	2.822265625
19.376	2.8125
19.377	2.822265625
19.378	2.8125
19.379	2.8125
19.38	2.8173828125
19.381	2.8173828125
19.382	2.822265625
19.383	2.822265625
19.384	2.8271484375
19.385	2.8271484375
19.386	2.822265625
19.387	2.8173828125
19.388	2.822265625
19.389	2.8271484375
19.39	2.8271484375
19.391	2.8271484375
19.392	2.8173828125
19.393	2.8271484375
19.394	2.83203125
19.395	2.822265625
19.396	2.83203125
19.397	2.8369140625
19.398	2.8369140625
19.399	2.8369140625
19.4	2.8369140625
19.400996	2.8369140625
19.402004	2.8466796875
19.403	2.83203125
19.404004	2.8515625
19.405004	2.841796875
19.406004	2.8466796875
19.407004	2.8466796875
19.408	2.8515625
19.409	2.8515625
19.41	2.8564453125
19.411	2.8564453125
19.412	2.8515625
19.413	2.8564453125
19.414	2.8564453125
19.415	2.8515625
19.416	2.8515625
19.417	2.8515625
19.418	2.8515625
19.419	2.8515625
19.42	2.8515625
19.421	2.8564453125
19.422	2.8515625
19.423	2.8515625
19.424	2.8515625
19.425	2.8515625
19.426	2.8466796875
19.427	2.8466796875
19.428	2.8466796875
19.429	2.8515625
19.43	2.8466796875
19.431	2.8369140625
19.432	2.841796875
19.433	2.83203125
19.434	2.841796875
19.435	2.841796875
19.436	2.83203125
19.437	2.83203125
19.438	2.8271484375
19.439	2.8271484375
19.44	2.83203125
19.441	2.8271484375
19.442	2.83203125
19.443	2.8271484375
19.444004	2.822265625
19.445	2.8173828125
19.446004	2.8271484375
19.447004	2.8173828125
19.448004	2.822265625
19.449004	2.8271484375
19.450004	2.8173828125
19.451	2.8173828125
19.452	2.8125
19.453	2.822265625
19.454	2.822265625
19.455	2.822265625
19.456	2.8125
19.457	2.822265625
19.458	2.822265625
19.459	2.8173828125
19.46	2.822265625
19.461	2.8125
19.462	2.8173828125
19.463	2.822265625
19.464	2.822265625
19.465	2.8271484375
19.466	2.8271484375
19.467	2.8271484375
19.468	2.8271484375
19.469	2.8271484375
19.47	2.841796875
19.471	2.8369140625
19.472	2.841796875
19.473	2.8369140625
19.474	2.83203125
19.475	2.8369140625
19.476	2.8466796875
19.477	2.8369140625
19.478	2.841796875
19.479	2.8369140625
19.48	2.841796875
19.481	2.8515625
19.482	2.8515625
19.483	2.8466796875
19.484	2.8466796875
19.485	2.8515625
19.485996	2.8515625
19.487004	2.8515625
19.488	2.8515625
19.489004	2.8564453125
19.490004	2.8564453125
19.491004	2.8515625
19.492004	2.8515625
19.493	2.8515625
19.494	2.8515625
19.495	2.8515625
19.496	2.8515625
19.497	2.8515625
19.498	2.8564453125
19.499	2.8564453125
19.5	2.8515625
19.501	2.8466796875
19.502	2.8466796875
19.503	2.8466796875
19.504	2.8515625
19.505	2.841796875
19.506	2.8466796875
19.507	2.841796875
19.508	2.841796875
19.509	2.841796875
19.51	2.8369140625
19.511	2.8271484375
19.512	2.8271484375
19.513	2.8369140625
19.514	2.83203125
19.515	2.8271484375
19.516	2.83203125
19.517	2.8173828125
19.518	2.822265625
19.519	2.8271484375
19.52	2.8271484375
19.521	2.8271484375
19.522	2.8271484375
19.523	2.822265625
19.524	2.822265625
19.525	2.8173828125
19.526	2.8125
19.527	2.822265625
19.528	2.8125
19.528996	2.8173828125
19.530004	2.8271484375
19.531	2.822265625
19.532004	2.822265625
19.533004	2.8271484375
19.534004	2.822265625
19.535004	2.822265625
19.536	2.822265625
19.537	2.822265625
19.538	2.822265625
19.539	2.8271484375
19.54	2.8271484375
19.541	2.822265625
19.542	2.8271484375
19.543	2.8271484375
19.544	2.83203125
19.545	2.83203125
19.546	2.8369140625
19.547	2.841796875
19.548	2.8369140625
19.549	2.8369140625
19.55	2.841796875
19.551	2.841796875
19.552	2.841796875
19.553	2.8466796875
19.554	2.8466796875
19.555	2.8466796875
19.556	2.8466796875
19.557	2.8564453125
19.558	2.8466796875
19.559	2.8515625
19.56	2.8515625
19.561	2.8466796875
19.562	2.8466796875
19.563	2.8466796875
19.564	2.8564453125
19.565	2.8515625
19.566	2.8564453125
19.567	2.8515625
19.568	2.8564453125
19.569	2.8515625
19.57	2.8466796875
19.571	2.8564453125
19.572004	2.861328125
19.573	2.8515625
19.574004	2.8515625
19.575004	2.8466796875
19.576004	2.8564453125
19.577004	2.8466796875
19.578004	2.8466796875
19.579	2.841796875
19.58	2.8466796875
19.581	2.841796875
19.582	2.841796875
19.583	2.8369140625
19.584	2.841796875
19.585	2.8369140625
19.586	2.83203125
19.587	2.8369140625
19.588	2.83203125
19.589	2.83203125
19.59	2.8271484375
19.591	2.8271484375
19.592	2.8271484375
19.593	2.8173828125
19.594	2.822265625
19.595	2.8271484375
19.596	2.8173828125
19.597	2.822265625
19.598	2.8173828125
19.599	2.8076171875
19.6	2.822265625
19.601	2.822265625
19.602	2.8173828125
19.603	2.8173828125
19.604	2.822265625
19.605	2.8271484375
19.606	2.822265625
19.607	2.8173828125
19.608	2.8173828125
19.609	2.822265625
19.61	2.822265625
19.611	2.8173828125
19.612	2.822265625
19.613	2.83203125
19.613996	2.822265625
19.615004	2.83203125
19.616	2.83203125
19.617004	2.83203125
19.618004	2.83203125
19.619004	2.8369140625
19.620004	2.8369140625
19.621	2.8369140625
19.622	2.841796875
19.623	2.8369140625
19.624	2.841796875
19.625	2.8466796875
19.626	2.841796875
19.627	2.841796875
19.628	2.841796875
19.629	2.841796875
19.63	2.8466796875
19.631	2.8515625
19.632	2.8515625
19.633	2.8515625
19.634	2.8564453125
19.635	2.8515625
19.636	2.8564453125
19.637	2.8564453125
19.638	2.8515625
19.639	2.8564453125
19.64	2.8515625
19.641	2.8515625
19.642	2.8564453125
19.643	2.8564453125
19.644	2.8515625
19.645	2.8515625
19.646	2.8515625
19.647	2.8564453125
19.648	2.8515625
19.649	2.8466796875
19.65	2.8466796875
19.651	2.8515625
19.652	2.8515625
19.653	2.841796875
19.654	2.8369140625
19.655	2.841796875
19.656	2.83203125
19.656996	2.8369140625
19.658004	2.8369140625
19.659	2.83203125
19.660004	2.83203125
19.661004	2.83203125
19.662004	2.822265625
19.663004	2.83203125
19.664	2.822265625
19.665	2.8271484375
19.666	2.83203125
19.667	2.822265625
19.668	2.8271484375
19.669	2.8271484375
19.67	2.8271484375
19.671	2.8271484375
19.672	2.8271484375
19.673	2.822265625
19.674	2.8173828125
19.675	2.822265625
19.676	2.822265625
19.677	2.822265625
19.678	2.8173828125
19.679	2.8271484375
19.68	2.8173828125
19.681	2.8173828125
19.682	2.822265625
19.683	2.8173828125
19.684	2.822265625
19.685	2.822265625
19.686	2.822265625
19.687	2.83203125
19.688	2.8271484375
19.689	2.83203125
19.69	2.83203125
