Channel Accuracy: 10 Bits
Measurement Range 0...5V --> Resolution: 5V/2^10 = 4.9mV
Measured Single Channel at a Frequency of 1000 Hz
Time (s)	Voltage (V)
0	2.3974609375
0.001	2.3974609375
0.002	2.40234375
0.003	2.392578125
0.004	2.3974609375
0.005	2.3974609375
0.006	2.40234375
0.007	2.40234375
0.008	2.392578125
0.009	2.3974609375
0.01	2.40234375
0.011	2.3974609375
0.012	2.3974609375
0.013	2.3974609375
0.014	2.3974609375
0.015	2.392578125
0.016	2.3974609375
0.017	2.3974609375
0.018	2.3974609375
0.019	2.3974609375
0.02	2.392578125
0.021	2.3974609375
0.022	2.3974609375
0.023	2.3974609375
0.024	2.3974609375
0.025	2.40234375
0.026	2.3974609375
0.027	2.392578125
0.028	2.3974609375
0.029	2.3974609375
0.029996	2.392578125
0.031004	2.3974609375
0.032004	2.392578125
0.033004	2.3974609375
0.034004	2.3974609375
0.035004	2.40234375
0.036004	2.40234375
0.037	2.392578125
0.038	2.40234375
0.039	2.392578125
0.04	2.3974609375
0.041	2.40234375
0.042	2.4072265625
0.043	2.3974609375
0.044	2.3974609375
0.045	2.3974609375
0.046	2.392578125
0.047	2.3974609375
0.048	2.3974609375
0.049	2.3974609375
0.05	2.3974609375
0.051	2.3974609375
0.052	2.40234375
0.053	2.392578125
0.054	2.3974609375
0.055	2.3974609375
0.056	2.3974609375
0.057	2.40234375
0.058	2.3974609375
0.059	2.3974609375
0.06	2.392578125
0.061	2.3974609375
0.062	2.40234375
0.063	2.3974609375
0.064	2.40234375
0.065	2.3974609375
0.066	2.3974609375
0.067	2.40234375
0.068	2.392578125
0.069	2.40234375
0.07	2.3974609375
0.071	2.3974609375
0.071996	2.392578125
0.073004	2.3974609375
0.074	2.40234375
0.075004	2.3974609375
0.076004	2.40234375
0.077004	2.40234375
0.078004	2.3974609375
0.079	2.392578125
0.08	2.3974609375
0.081	2.3974609375
0.082	2.40234375
0.083	2.3974609375
0.084	2.40234375
0.085	2.40234375
0.086	2.3974609375
0.087	2.40234375
0.088	2.3974609375
0.089	2.3974609375
0.09	2.3974609375
0.091	2.40234375
0.092	2.3974609375
0.093	2.3974609375
0.094	2.3974609375
0.095	2.392578125
0.096	2.392578125
0.097	2.392578125
0.098	2.392578125
0.099	2.3974609375
0.1	2.3974609375
0.101	2.3974609375
0.102	2.3974609375
0.103	2.40234375
0.104	2.4072265625
0.105	2.392578125
0.106	2.3974609375
0.107	2.40234375
0.108	2.3974609375
0.109	2.3974609375
0.11	2.3974609375
0.111	2.40234375
0.112	2.40234375
0.113	2.3974609375
0.114	2.392578125
0.115004	2.3974609375
0.116	2.40234375
0.117004	2.40234375
0.118004	2.3974609375
0.119004	2.392578125
0.120004	2.392578125
0.121004	2.40234375
0.122	2.3974609375
0.123	2.3974609375
0.124	2.392578125
0.125	2.3974609375
0.126	2.3974609375
0.127	2.40234375
0.128	2.40234375
0.129	2.3974609375
0.13	2.40234375
0.131	2.3876953125
0.132	2.392578125
0.133	2.392578125
0.134	2.40234375
0.135	2.40234375
0.136	2.3974609375
0.137	2.3974609375
0.138	2.40234375
0.139	2.40234375
0.14	2.392578125
0.141	2.40234375
0.142	2.3974609375
0.143	2.3974609375
0.144	2.392578125
0.145	2.3974609375
0.146	2.40234375
0.147	2.3974609375
0.148	2.40234375
0.149	2.3974609375
0.15	2.40234375
0.151	2.392578125
0.152	2.392578125
0.153	2.40234375
0.154	2.3974609375
0.155	2.392578125
0.156	2.40234375
0.157	2.3974609375
0.157996	2.40234375
0.159004	2.3974609375
0.160004	2.3974609375
0.161004	2.40234375
0.162004	2.40234375
0.163004	2.4072265625
0.164004	2.40234375
0.165	2.40234375
0.166	2.4072265625
0.167	2.4072265625
0.168	2.4072265625
0.169	2.40234375
0.17	2.3974609375
0.171	2.40234375
0.172	2.40234375
0.173	2.3974609375
0.174	2.4072265625
0.175	2.4072265625
0.176	2.40234375
0.177	2.40234375
0.178	2.40234375
0.179	2.40234375
0.18	2.3974609375
0.181	2.40234375
0.182	2.4072265625
0.183	2.3974609375
0.184	2.40234375
0.185	2.40234375
0.186	2.40234375
0.187	2.40234375
0.188	2.4072265625
0.189	2.3974609375
0.19	2.4072265625
0.191	2.40234375
0.192	2.3974609375
0.193	2.40234375
0.194	2.40234375
0.195	2.3974609375
0.196	2.3974609375
0.197	2.40234375
0.198	2.40234375
0.199	2.3974609375
0.199996	2.40234375
0.201004	2.4072265625
0.202	2.40234375
0.203004	2.40234375
0.204004	2.40234375
0.205004	2.3974609375
0.206004	2.40234375
0.207	2.40234375
0.208	2.40234375
0.209	2.392578125
0.21	2.3974609375
0.211	2.4072265625
0.212	2.40234375
0.213	2.40234375
0.214	2.40234375
0.215	2.3974609375
0.216	2.3974609375
0.217	2.3974609375
0.218	2.3974609375
0.219	2.40234375
0.22	2.40234375
0.221	2.40234375
0.222	2.3974609375
0.223	2.40234375
0.224	2.392578125
0.225	2.40234375
0.226	2.3974609375
0.227	2.40234375
0.228	2.3974609375
0.229	2.40234375
0.23	2.3974609375
0.231	2.392578125
0.232	2.3974609375
0.233	2.40234375
0.234	2.4072265625
0.235	2.3974609375
0.236	2.40234375
0.237	2.40234375
0.238	2.40234375
0.239	2.3974609375
0.24	2.40234375
0.241	2.40234375
0.242	2.3974609375
0.243004	2.40234375
0.244	2.3974609375
0.245004	2.3974609375
0.246004	2.3974609375
0.247004	2.40234375
0.248004	2.40234375
0.249004	2.3974609375
0.25	2.3974609375
0.251	2.40234375
0.252	2.3974609375
0.253	2.40234375
0.254	2.40234375
0.255	2.40234375
0.256	2.40234375
0.257	2.3974609375
0.258	2.3974609375
0.259	2.40234375
0.26	2.3974609375
0.261	2.3974609375
0.262	2.40234375
0.263	2.3974609375
0.264	2.392578125
0.265	2.392578125
0.266	2.3974609375
0.267	2.3974609375
0.268	2.3974609375
0.269	2.3974609375
0.27	2.40234375
0.271	2.392578125
0.272	2.40234375
0.273	2.392578125
0.274	2.392578125
0.275	2.392578125
0.276	2.392578125
0.277	2.3974609375
0.278	2.40234375
0.279	2.3974609375
0.28	2.3974609375
0.281	2.392578125
0.282	2.40234375
0.283	2.4072265625
0.284	2.40234375
0.285	2.40234375
0.285996	2.3974609375
0.287004	2.3974609375
0.288004	2.392578125
0.289004	2.3974609375
0.290004	2.40234375
0.291004	2.392578125
0.292004	2.40234375
0.293	2.3974609375
0.294	2.40234375
0.295	2.40234375
0.296	2.40234375
0.297	2.392578125
0.298	2.40234375
0.299	2.40234375
0.3	2.3974609375
0.301	2.3974609375
0.302	2.40234375
0.303	2.392578125
0.304	2.3974609375
0.305	2.40234375
0.306	2.3974609375
0.307	2.3974609375
0.308	2.3974609375
0.309	2.3974609375
0.31	2.3974609375
0.311	2.392578125
0.312	2.40234375
0.313	2.40234375
0.314	2.3974609375
0.315	2.3974609375
0.316	2.3974609375
0.317	2.40234375
0.318	2.392578125
0.319	2.3974609375
0.32	2.40234375
0.321	2.392578125
0.322	2.3974609375
0.323	2.3974609375
0.324	2.3974609375
0.325	2.392578125
0.326	2.40234375
0.327	2.3974609375
0.327996	2.3974609375
0.329004	2.3974609375
0.33	2.392578125
0.331004	2.3974609375
0.332004	2.3974609375
0.333004	2.392578125
0.334004	2.3974609375
0.335	2.392578125
0.336	2.392578125
0.337	2.392578125
0.338	2.3974609375
0.339	2.3974609375
0.34	2.3974609375
0.341	2.392578125
0.342	2.392578125
0.343	2.3974609375
0.344	2.3974609375
0.345	2.3974609375
0.346	2.392578125
0.347	2.3974609375
0.348	2.3974609375
0.349	2.3974609375
0.35	2.392578125
0.351	2.3974609375
0.352	2.3974609375
0.353	2.3974609375
0.354	2.3974609375
0.355	2.3974609375
0.356	2.3974609375
0.357	2.3974609375
0.358	2.392578125
0.359	2.392578125
0.36	2.3974609375
0.361	2.3974609375
0.362	2.392578125
0.363	2.3974609375
0.364	2.3974609375
0.365	2.392578125
0.366	2.392578125
0.367	2.392578125
0.368	2.3974609375
0.369	2.3974609375
0.37	2.3974609375
0.371004	2.3974609375
0.372	2.40234375
0.373004	2.3876953125
0.374004	2.3974609375
0.375004	2.3974609375
0.376004	2.392578125
0.377004	2.3974609375
0.378	2.392578125
0.379	2.3974609375
0.38	2.392578125
0.381	2.3876953125
0.382	2.3974609375
0.383	2.3974609375
0.384	2.3876953125
0.385	2.3974609375
0.386	2.3974609375
0.387	2.40234375
0.388	2.3974609375
0.389	2.3974609375
0.39	2.40234375
0.391	2.3876953125
0.392	2.3974609375
0.393	2.3974609375
0.394	2.3974609375
0.395	2.392578125
0.396	2.392578125
0.397	2.3974609375
0.398	2.3876953125
0.399	2.392578125
0.4	2.392578125
0.401	2.3974609375
0.402	2.3974609375
0.403	2.3974609375
0.404	2.3974609375
0.405	2.392578125
0.406	2.3974609375
0.407	2.3974609375
0.408	2.40234375
0.409	2.3974609375
0.41	2.3974609375
0.411	2.3974609375
0.412	2.392578125
0.413	2.40234375
0.413996	2.3974609375
0.415004	2.3974609375
0.416004	2.392578125
0.417004	2.392578125
0.418004	2.3974609375
0.419004	2.3974609375
0.420004	2.3974609375
0.421	2.40234375
0.422	2.3974609375
0.423	2.3876953125
0.424	2.392578125
0.425	2.3974609375
0.426	2.392578125
0.427	2.40234375
0.428	2.392578125
0.429	2.392578125
0.43	2.3974609375
0.431	2.392578125
0.432	2.3974609375
0.433	2.3974609375
0.434	2.392578125
0.435	2.40234375
0.436	2.3974609375
0.437	2.3974609375
0.438	2.3974609375
0.439	2.3974609375
0.44	2.3974609375
0.441	2.392578125
0.442	2.392578125
0.443	2.3974609375
0.444	2.392578125
0.445	2.3974609375
0.446	2.3974609375
0.447	2.392578125
0.448	2.3974609375
0.449	2.40234375
0.45	2.3876953125
0.451	2.3974609375
0.452	2.40234375
0.453	2.392578125
0.454	2.3974609375
0.455	2.3974609375
0.455996	2.3974609375
0.457004	2.392578125
0.458	2.3974609375
0.459004	2.3974609375
0.460004	2.3974609375
0.461004	2.392578125
0.462004	2.3876953125
0.463	2.392578125
0.464	2.392578125
0.465	2.3974609375
0.466	2.3974609375
0.467	2.3974609375
0.468	2.3974609375
0.469	2.3876953125
0.47	2.3876953125
0.471	2.3876953125
0.472	2.392578125
0.473	2.3828125
0.474	2.3876953125
0.475	2.392578125
0.476	2.392578125
0.477	2.3876953125
0.478	2.392578125
0.479	2.3876953125
0.48	2.392578125
0.481	2.3974609375
0.482	2.3876953125
0.483	2.3974609375
0.484	2.392578125
0.485	2.392578125
0.486	2.392578125
0.487	2.392578125
0.488	2.392578125
0.489	2.392578125
0.49	2.392578125
0.491	2.392578125
0.492	2.392578125
0.493	2.392578125
0.494	2.3974609375
0.495	2.3876953125
0.496	2.3876953125
0.497	2.3828125
0.498	2.3828125
0.499004	2.392578125
0.5	2.3876953125
0.501004	2.3876953125
0.502004	2.3828125
0.503004	2.392578125
0.504004	2.3876953125
0.505004	2.3876953125
0.506	2.392578125
0.507	2.3828125
0.508	2.3876953125
0.509	2.3876953125
0.51	2.3828125
0.511	2.3828125
0.512	2.3876953125
0.513	2.3876953125
0.514	2.3876953125
0.515	2.3828125
0.516	2.3779296875
0.517	2.3779296875
0.518	2.3828125
0.519	2.3779296875
0.52	2.3828125
0.521	2.3876953125
0.522	2.3779296875
0.523	2.3828125
0.524	2.3876953125
0.525	2.3828125
0.526	2.3779296875
0.527	2.373046875
0.528	2.3779296875
0.529	2.3828125
0.53	2.373046875
0.531	2.373046875
0.532	2.3828125
0.533	2.3779296875
0.534	2.3828125
0.535	2.3779296875
0.536	2.3828125
0.537	2.3828125
0.538	2.3779296875
0.539	2.3828125
0.54	2.3828125
0.541	2.3828125
0.541996	2.3828125
0.543004	2.3828125
0.544004	2.3828125
0.545004	2.3828125
0.546004	2.3828125
0.547004	2.3828125
0.548004	2.3876953125
0.549	2.3828125
0.55	2.392578125
0.551	2.3828125
0.552	2.3876953125
0.553	2.392578125
0.554	2.3828125
0.555	2.3876953125
0.556	2.392578125
0.557	2.3974609375
0.558	2.3974609375
0.559	2.40234375
0.56	2.412109375
0.561	2.4072265625
0.562	2.412109375
0.563	2.4169921875
0.564	2.421875
0.565	2.4365234375
0.566	2.44140625
0.567	2.451171875
0.568	2.470703125
0.569	2.490234375
0.57	2.5
0.571	2.5390625
0.572	2.568359375
0.573	2.59765625
0.574	2.6220703125
0.575	2.6708984375
0.576	2.705078125
0.577	2.7294921875
0.578	2.7685546875
0.579	2.8271484375
0.58	2.8564453125
0.581	2.890625
0.582	2.9296875
0.583	2.9541015625
0.583996	2.9931640625
0.585004	3.0322265625
0.586	3.0517578125
0.587004	3.076171875
0.588004	3.0908203125
0.589004	3.1103515625
0.590004	3.125
0.591	3.125
0.592	3.1201171875
0.593	3.125
0.594	3.125
0.595	3.1103515625
0.596	3.1005859375
0.597	3.0810546875
0.598	3.056640625
0.599	3.0224609375
0.6	3.0078125
0.601	2.9736328125
0.602	2.9296875
0.603	2.8955078125
0.604	2.8759765625
0.605	2.8271484375
0.606	2.783203125
0.607	2.734375
0.608	2.7294921875
0.609	2.705078125
0.61	2.6416015625
0.611	2.6220703125
0.612	2.5830078125
0.613	2.5537109375
0.614	2.529296875
0.615	2.5146484375
0.616	2.4853515625
0.617	2.470703125
0.618	2.4609375
0.619	2.451171875
0.62	2.4560546875
0.621	2.451171875
0.622	2.4658203125
0.623	2.4658203125
0.624	2.4853515625
0.625	2.4951171875
0.626	2.51953125
0.627004	2.5341796875
0.628	2.578125
0.629004	2.5927734375
0.630004	2.6220703125
0.631004	2.65625
0.632004	2.6953125
0.633004	2.7197265625
0.634	2.7587890625
0.635	2.802734375
0.636	2.8466796875
0.637	2.880859375
0.638	2.9052734375
0.639	2.9541015625
0.64	2.9736328125
0.641	3.0029296875
0.642	3.0419921875
0.643	3.0615234375
0.644	3.076171875
0.645	3.1005859375
0.646	3.10546875
0.647	3.10546875
0.648	3.115234375
0.649	3.1103515625
0.65	3.1103515625
0.651	3.10546875
0.652	3.1005859375
0.653	3.0859375
0.654	3.0517578125
0.655	3.0322265625
0.656	2.98828125
0.657	2.96875
0.658	2.94921875
0.659	2.9052734375
0.66	2.8857421875
0.661	2.8466796875
0.662	2.7978515625
0.663	2.7392578125
0.664	2.7294921875
0.665	2.705078125
0.666	2.67578125
0.667	2.6318359375
0.668	2.59765625
0.669	2.5732421875
0.669996	2.548828125
0.671004	2.51953125
0.672004	2.509765625
0.673004	2.490234375
0.674004	2.470703125
0.675004	2.470703125
0.676004	2.4658203125
0.677	2.4658203125
0.678	2.4755859375
0.679	2.48046875
0.68	2.4853515625
0.681	2.5048828125
0.682	2.51953125
0.683	2.548828125
0.684	2.568359375
0.685	2.6025390625
0.686	2.626953125
0.687	2.65625
0.688	2.6953125
0.689	2.7197265625
0.69	2.744140625
0.691	2.763671875
0.692	2.841796875
0.693	2.87109375
0.694	2.8955078125
0.695	2.9150390625
0.696	2.958984375
0.697	2.9833984375
0.698	3.017578125
0.699	3.046875
0.7	3.06640625
0.701	3.0859375
0.702	3.095703125
0.703	3.095703125
0.704	3.10546875
0.705	3.1005859375
0.706	3.1005859375
0.707	3.1005859375
0.708	3.095703125
0.709	3.06640625
0.71	3.046875
0.711	3.037109375
0.711996	3.0029296875
0.713004	2.9638671875
0.714	2.94921875
0.715004	2.919921875
0.716004	2.8759765625
0.717004	2.8466796875
0.718004	2.8076171875
0.719	2.7685546875
0.72	2.7392578125
0.721	2.724609375
0.722	2.6904296875
0.723	2.6416015625
0.724	2.6220703125
0.725	2.5927734375
0.726	2.5634765625
0.727	2.5390625
0.728	2.5244140625
0.729	2.5
0.73	2.4951171875
0.731	2.4853515625
0.732	2.4853515625
0.733	2.48046875
0.734	2.48046875
0.735	2.48046875
0.736	2.4951171875
0.737	2.509765625
0.738	2.529296875
0.739	2.548828125
0.74	2.5634765625
0.741	2.59765625
0.742	2.626953125
0.743	2.646484375
0.744	2.6904296875
0.745	2.71484375
0.746	2.7392578125
0.747	2.7783203125
0.748	2.8173828125
0.749	2.8564453125
0.75	2.880859375
0.751	2.91015625
0.752	2.94921875
0.753	2.96875
0.754	2.9931640625
0.755004	3.0322265625
0.756	3.046875
0.757004	3.0615234375
0.758004	3.06640625
0.759004	3.0908203125
0.760004	3.1005859375
0.761004	3.095703125
0.762	3.1005859375
0.763	3.0908203125
0.764	3.0859375
0.765	3.0712890625
0.766	3.0419921875
0.767	3.02734375
0.768	3.0078125
0.769	2.9638671875
0.77	2.9541015625
0.771	2.9248046875
0.772	2.880859375
0.773	2.861328125
0.774	2.8271484375
0.775	2.7880859375
0.776	2.734375
0.777	2.7392578125
0.778	2.7001953125
0.779	2.6708984375
0.78	2.626953125
0.781	2.6025390625
0.782	2.5732421875
0.783	2.55859375
0.784	2.5341796875
0.785	2.5341796875
0.786	2.5
0.787	2.4951171875
0.788	2.490234375
0.789	2.4853515625
0.79	2.490234375
0.791	2.5
0.792	2.509765625
0.793	2.5048828125
0.794	2.5341796875
0.795	2.55859375
0.796	2.5732421875
0.797	2.587890625
0.797996	2.6220703125
0.799004	2.65625
0.800004	2.6904296875
0.801004	2.705078125
0.802004	2.734375
0.803004	2.7734375
0.804004	2.8125
0.805	2.8515625
0.806	2.8857421875
0.807	2.9052734375
0.808	2.9248046875
0.809	2.9541015625
0.81	2.98828125
0.811	3.0078125
0.812	3.0322265625
0.813	3.0517578125
0.814	3.06640625
0.815	3.076171875
0.816	3.076171875
0.817	3.0859375
0.818	3.0859375
0.819	3.076171875
0.82	3.0712890625
0.821	3.056640625
0.822	3.0419921875
0.823	3.0224609375
0.824	2.998046875
0.825	2.9736328125
0.826	2.939453125
0.827	2.9248046875
0.828	2.8955078125
0.829	2.861328125
0.83	2.822265625
0.831	2.783203125
0.832	2.7587890625
0.833	2.7294921875
0.834	2.7099609375
0.835	2.67578125
0.836	2.6513671875
0.837	2.6220703125
0.838	2.5830078125
0.839	2.568359375
0.839996	2.55859375
0.841004	2.5341796875
0.842	2.5244140625
0.843004	2.5146484375
0.844004	2.5048828125
0.845004	2.4951171875
0.846004	2.5
0.847	2.5048828125
0.848	2.509765625
0.849	2.5244140625
0.85	2.5390625
0.851	2.5634765625
0.852	2.578125
0.853	2.5927734375
0.854	2.6171875
0.855	2.6416015625
0.856	2.6904296875
0.857	2.71484375
0.858	2.724609375
0.859	2.75390625
0.86	2.7880859375
0.861	2.841796875
0.862	2.8662109375
0.863	2.890625
0.864	2.9248046875
0.865	2.9443359375
0.866	2.9638671875
0.867	2.998046875
0.868	3.0126953125
0.869	3.037109375
0.87	3.046875
0.871	3.0517578125
0.872	3.06640625
0.873	3.06640625
0.874	3.06640625
0.875	3.06640625
0.876	3.06640625
0.877	3.0517578125
0.878	3.02734375
0.879	3.0126953125
0.88	3.0029296875
0.881	2.9638671875
0.882	2.94921875
0.883004	2.9296875
0.884	2.890625
0.885004	2.87109375
0.886004	2.8369140625
0.887004	2.8173828125
0.888004	2.7587890625
0.889004	2.7294921875
0.89	2.7197265625
0.891	2.6953125
0.892	2.65625
0.893	2.6220703125
0.894	2.6123046875
0.895	2.578125
0.896	2.5634765625
0.897	2.5439453125
0.898	2.5341796875
0.899	2.5244140625
0.9	2.51953125
0.901	2.5146484375
0.902	2.5146484375
0.903	2.5048828125
0.904	2.5244140625
0.905	2.5341796875
0.906	2.5390625
0.907	2.5732421875
0.908	2.5732421875
0.909	2.59765625
0.91	2.6220703125
0.911	2.646484375
0.912	2.666015625
0.913	2.705078125
0.914	2.7197265625
0.915	2.7587890625
0.916	2.783203125
0.917	2.8271484375
0.918	2.8564453125
0.919	2.8857421875
0.92	2.9052734375
0.921	2.9345703125
0.922	2.958984375
0.923	2.978515625
0.924	3.0078125
0.925	3.02734375
0.925996	3.0419921875
0.927004	3.056640625
0.928004	3.0615234375
0.929004	3.0615234375
0.930004	3.06640625
0.931004	3.0712890625
0.932004	3.056640625
0.933	3.0419921875
0.934	3.0322265625
0.935	3.0078125
0.936	2.9931640625
0.937	2.9736328125
0.938	2.9443359375
0.939	2.9248046875
0.94	2.91015625
0.941	2.87109375
0.942	2.83203125
0.943	2.8173828125
0.944	2.7685546875
0.945	2.734375
0.946	2.7294921875
0.947	2.7001953125
0.948	2.6806640625
0.949	2.6318359375
0.95	2.6171875
0.951	2.587890625
0.952	2.5732421875
0.953	2.5634765625
0.954	2.548828125
0.955	2.529296875
0.956	2.5244140625
0.957	2.5146484375
0.958	2.5146484375
0.959	2.5146484375
0.96	2.5244140625
0.961	2.5341796875
0.962	2.548828125
0.963	2.568359375
0.964	2.5830078125
0.965	2.5927734375
0.966	2.6220703125
0.967	2.65625
0.967996	2.6708984375
0.969004	2.7001953125
0.97	2.7099609375
0.971004	2.734375
0.972004	2.783203125
0.973004	2.8271484375
0.974004	2.8515625
0.975	2.87109375
0.976	2.9052734375
0.977	2.919921875
0.978	2.94921875
0.979	2.9736328125
0.98	2.98828125
0.981	3.0126953125
0.982	3.0322265625
0.983	3.0322265625
0.984	3.0517578125
0.985	3.056640625
0.986	3.056640625
0.987	3.0517578125
0.988	3.0517578125
0.989	3.046875
0.99	3.02734375
0.991	3.0126953125
0.992	2.9931640625
0.993	2.9638671875
0.994	2.9541015625
0.995	2.9345703125
0.996	2.900390625
0.997	2.8759765625
0.998	2.861328125
0.999	2.8173828125
1.0	2.7734375
1.001	2.75390625
1.002	2.734375
1.003	2.71484375
1.004	2.6806640625
1.005	2.6513671875
1.006	2.626953125
1.007	2.6025390625
1.008	2.587890625
1.009	2.5732421875
1.01	2.5537109375
1.011004	2.5439453125
1.012	2.5341796875
1.013004	2.5244140625
1.014004	2.5244140625
1.015004	2.529296875
1.016004	2.5341796875
1.017004	2.5439453125
1.018	2.55859375
1.019	2.568359375
1.02	2.5830078125
1.021	2.59765625
1.022	2.6171875
1.023	2.63671875
1.024	2.6708984375
1.025	2.7001953125
1.026	2.71484375
1.027	2.734375
1.028	2.7685546875
1.029	2.802734375
1.03	2.841796875
1.031	2.8564453125
1.032	2.880859375
1.033	2.919921875
1.034	2.939453125
1.035	2.958984375
1.036	2.9833984375
1.037	3.0029296875
1.038	3.0224609375
1.039	3.02734375
1.04	3.037109375
1.041	3.046875
1.042	3.056640625
1.043	3.046875
1.044	3.037109375
1.045	3.0322265625
1.046	3.0224609375
1.047	3.0029296875
1.048	2.9931640625
1.049	2.96875
1.05	2.94921875
1.051	2.9296875
1.052	2.9150390625
1.053	2.8759765625
1.053996	2.8515625
1.055004	2.8369140625
1.056004	2.7978515625
1.057004	2.744140625
1.058004	2.734375
1.059004	2.724609375
1.060004	2.6953125
1.061	2.666015625
1.062	2.6318359375
1.063	2.6171875
1.064	2.5927734375
1.065	2.578125
1.066	2.568359375
1.067	2.5537109375
1.068	2.548828125
1.069	2.5390625
1.07	2.5390625
1.071	2.5341796875
1.072	2.5390625
1.073	2.5537109375
1.074	2.5537109375
1.075	2.5732421875
1.076	2.578125
1.077	2.6025390625
1.078	2.6123046875
1.079	2.646484375
1.08	2.65625
1.081	2.6806640625
1.082	2.71484375
1.083	2.734375
1.084	2.763671875
1.085	2.802734375
1.086	2.822265625
1.087	2.8662109375
1.088	2.8857421875
1.089	2.9052734375
1.09	2.9296875
1.091	2.9541015625
1.092	2.96875
1.093	2.98828125
1.094	3.0078125
1.095	3.017578125
1.095996	3.02734375
1.097004	3.037109375
1.098	3.0419921875
1.099004	3.037109375
1.100004	3.0322265625
1.101004	3.02734375
1.102004	3.0126953125
1.103	3.0029296875
1.104	2.98828125
1.105	2.9736328125
1.106	2.9443359375
1.107	2.9248046875
1.108	2.91015625
1.109	2.890625
1.11	2.8564453125
1.111	2.83203125
1.112	2.802734375
1.113	2.7587890625
1.114	2.734375
1.115	2.7294921875
1.116	2.7099609375
1.117	2.6806640625
1.118	2.6513671875
1.119	2.626953125
1.12	2.6025390625
1.121	2.5830078125
1.122	2.578125
1.123	2.5634765625
1.124	2.5634765625
1.125	2.548828125
1.126	2.5537109375
1.127	2.5537109375
1.128	2.548828125
1.129	2.5537109375
1.13	2.568359375
1.131	2.568359375
1.132	2.578125
1.133	2.607421875
1.134	2.6220703125
1.135	2.6318359375
1.136	2.6611328125
1.137	2.685546875
1.138	2.7099609375
1.139004	2.7294921875
1.14	2.7587890625
1.141004	2.7880859375
1.142004	2.8271484375
1.143004	2.8466796875
1.144004	2.8759765625
1.145004	2.900390625
1.146	2.91015625
1.147	2.939453125
1.148	2.9541015625
1.149	2.978515625
1.15	2.9931640625
1.151	3.0078125
1.152	3.0224609375
1.153	3.02734375
1.154	3.02734375
1.155	3.0322265625
1.156	3.0322265625
1.157	3.0224609375
1.158	3.0078125
1.159	3.0078125
1.16	2.9833984375
1.161	2.9638671875
1.162	2.9541015625
1.163	2.9248046875
1.164	2.91015625
1.165	2.8857421875
1.166	2.861328125
1.167	2.8466796875
1.168	2.8173828125
1.169	2.7685546875
1.17	2.744140625
1.171	2.7294921875
1.172	2.7197265625
1.173	2.6904296875
1.174	2.65625
1.175	2.6318359375
1.176	2.6220703125
1.177	2.59765625
1.178	2.5732421875
1.179	2.568359375
1.18	2.55859375
1.181	2.55859375
1.181996	2.55859375
1.183004	2.55859375
1.184004	2.548828125
1.185004	2.55859375
1.186004	2.5732421875
1.187004	2.5732421875
1.188004	2.5830078125
1.189	2.6123046875
1.19	2.6220703125
1.191	2.63671875
1.192	2.6611328125
1.193	2.6904296875
1.194	2.7099609375
1.195	2.7197265625
1.196	2.7587890625
1.197	2.7880859375
1.198	2.8125
1.199	2.8466796875
1.2	2.87109375
1.201	2.8955078125
1.202	2.900390625
1.203	2.9248046875
1.204	2.94921875
1.205	2.96875
1.206	2.98828125
1.207	2.9931640625
1.208	3.0078125
1.209	3.017578125
1.21	3.0224609375
1.211	3.0224609375
1.212	3.0224609375
1.213	3.0126953125
1.214	3.0029296875
1.215	2.998046875
1.216	2.98828125
1.217	2.96875
1.218	2.9541015625
1.219	2.919921875
1.22	2.91015625
1.221	2.900390625
1.222	2.8662109375
1.223	2.841796875
1.223996	2.8173828125
1.225004	2.783203125
1.226	2.7587890625
1.227004	2.7294921875
1.228004	2.7197265625
1.229004	2.6953125
1.230004	2.6708984375
1.231	2.6416015625
1.232	2.6318359375
1.233	2.6123046875
1.234	2.5927734375
1.235	2.578125
1.236	2.5732421875
1.237	2.5732421875
1.238	2.55859375
1.239	2.568359375
1.24	2.568359375
1.241	2.5634765625
1.242	2.5732421875
1.243	2.578125
1.244	2.587890625
1.245	2.6123046875
1.246	2.6171875
1.247	2.63671875
1.248	2.666015625
1.249	2.6953125
1.25	2.705078125
1.251	2.7197265625
1.252	2.7392578125
1.253	2.783203125
1.254	2.8125
1.255	2.8369140625
1.256	2.8564453125
1.257	2.880859375
1.258	2.900390625
1.259	2.9150390625
1.26	2.9345703125
1.261	2.9541015625
1.262	2.9736328125
1.263	2.98828125
1.264	3.0029296875
1.265	3.0029296875
1.266	3.0078125
1.267004	3.0029296875
1.268	3.0078125
1.269004	3.0078125
1.270004	2.9931640625
1.271004	2.98828125
1.272004	2.978515625
1.273004	2.9638671875
1.274	2.9443359375
1.275	2.9345703125
1.276	2.9052734375
1.277	2.900390625
1.278	2.87109375
1.279	2.8369140625
1.28	2.8173828125
1.281	2.79296875
1.282	2.763671875
1.283	2.734375
1.284	2.7197265625
1.285	2.7099609375
1.286	2.6806640625
1.287	2.6513671875
1.288	2.6318359375
1.289	2.6171875
1.29	2.5927734375
1.291	2.587890625
1.292	2.5830078125
1.293	2.578125
1.294	2.568359375
1.295	2.5732421875
1.296	2.568359375
1.297	2.5732421875
1.298	2.5732421875
1.299	2.5830078125
1.3	2.5927734375
1.301	2.6123046875
1.302	2.6220703125
1.303	2.6416015625
1.304	2.6708984375
1.305	2.6953125
1.306	2.705078125
1.307	2.7197265625
1.308	2.7294921875
1.309	2.7734375
1.309996	2.8076171875
1.311004	2.83203125
1.312004	2.8466796875
1.313004	2.8662109375
1.314004	2.8955078125
1.315004	2.91015625
1.316004	2.9345703125
1.317	2.9443359375
1.318	2.96875
1.319	2.978515625
1.32	2.998046875
1.321	2.9931640625
1.322	3.0078125
1.323	3.0126953125
1.324	3.0126953125
1.325	3.0078125
1.326	2.98828125
1.327	2.9833984375
1.328	2.9736328125
1.329	2.958984375
1.33	2.9443359375
1.331	2.9345703125
1.332	2.900390625
1.333	2.8857421875
1.334	2.8759765625
1.335	2.8466796875
1.336	2.822265625
1.337	2.7978515625
1.338	2.763671875
1.339	2.744140625
1.34	2.7294921875
1.341	2.71484375
1.342	2.6904296875
1.343	2.67578125
1.344	2.646484375
1.345	2.6220703125
1.346	2.6123046875
1.347	2.59765625
1.348	2.5830078125
1.349	2.578125
1.35	2.578125
1.351	2.578125
1.351996	2.5732421875
1.353004	2.578125
1.354	2.5732421875
1.355004	2.5927734375
1.356004	2.6025390625
1.357004	2.607421875
1.358004	2.626953125
1.359	2.63671875
1.36	2.65625
1.361	2.6904296875
1.362	2.7099609375
1.363	2.71484375
1.364	2.7294921875
1.365	2.763671875
1.366	2.7978515625
1.367	2.83203125
1.368	2.8515625
1.369	2.87109375
1.37	2.8955078125
1.371	2.91015625
1.372	2.9248046875
1.373	2.9345703125
1.374	2.9541015625
1.375	2.9638671875
1.376	2.9833984375
1.377	2.9833984375
1.378	2.9931640625
1.379	2.998046875
1.38	2.9931640625
1.381	2.98828125
1.382	2.9931640625
1.383	2.9833984375
1.384	2.96875
1.385	2.96875
1.386	2.9541015625
1.387	2.9296875
1.388	2.91015625
1.389	2.890625
1.39	2.87109375
1.391	2.8564453125
1.392	2.822265625
1.393	2.802734375
1.394	2.7685546875
1.395004	2.744140625
1.396	2.7294921875
1.397004	2.7099609375
1.398004	2.6953125
1.399004	2.6806640625
1.400004	2.6513671875
1.401004	2.6318359375
1.402	2.6220703125
1.403	2.6025390625
1.404	2.59765625
1.405	2.5830078125
1.406	2.5732421875
1.407	2.5732421875
1.408	2.5830078125
1.409	2.5732421875
1.41	2.5830078125
1.411	2.5927734375
1.412	2.607421875
1.413	2.6171875
1.414	2.626953125
1.415	2.6416015625
1.416	2.65625
1.417	2.6708984375
1.418	2.7001953125
1.419	2.7197265625
1.42	2.734375
1.421	2.7587890625
1.422	2.79296875
1.423	2.8173828125
1.424	2.841796875
1.425	2.861328125
1.426	2.8759765625
1.427	2.900390625
1.428	2.9150390625
1.429	2.9248046875
1.43	2.9541015625
1.431	2.9638671875
1.432	2.96875
1.433	2.9833984375
1.434	2.9931640625
1.435	2.9931640625
1.436	2.9931640625
1.437	2.9931640625
1.437996	2.9833984375
1.439004	2.978515625
1.440004	2.9736328125
1.441004	2.958984375
1.442004	2.939453125
1.443004	2.9248046875
1.444004	2.9150390625
1.445	2.890625
1.446	2.8759765625
1.447	2.861328125
1.448	2.8369140625
1.449	2.802734375
1.45	2.7685546875
1.451	2.75390625
1.452	2.7294921875
1.453	2.724609375
1.454	2.7001953125
1.455	2.6904296875
1.456	2.666015625
1.457	2.6416015625
1.458	2.6220703125
1.459	2.6123046875
1.46	2.6025390625
1.461	2.5927734375
1.462	2.578125
1.463	2.5732421875
1.464	2.5830078125
1.465	2.578125
1.466	2.587890625
1.467	2.59765625
1.468	2.6123046875
1.469	2.6123046875
1.47	2.626953125
1.471	2.646484375
1.472	2.666015625
1.473	2.67578125
1.474	2.705078125
1.475	2.7197265625
1.476	2.7294921875
1.477	2.75390625
1.478	2.7783203125
1.479	2.8173828125
1.479996	2.841796875
1.481004	2.8515625
1.482	2.8857421875
1.483004	2.8955078125
1.484004	2.9150390625
1.485004	2.9296875
1.486004	2.9345703125
1.487	2.958984375
1.488	2.9638671875
1.489	2.9736328125
1.49	2.9833984375
1.491	2.98828125
1.492	2.9833984375
1.493	2.98828125
1.494	2.98828125
1.495	2.96875
1.496	2.958984375
1.497	2.9638671875
1.498	2.9443359375
1.499	2.9296875
1.5	2.91015625
1.501	2.8857421875
1.502	2.8759765625
1.503	2.861328125
1.504	2.83203125
1.505	2.8076171875
1.506	2.7880859375
1.507	2.75390625
1.508	2.7392578125
1.509	2.7197265625
1.51	2.71484375
1.511	2.6904296875
1.512	2.666015625
1.513	2.6513671875
1.514	2.6318359375
1.515	2.6171875
1.516	2.6123046875
1.517	2.607421875
1.518	2.5927734375
1.519	2.587890625
1.52	2.5830078125
1.521	2.587890625
1.522	2.5927734375
1.523004	2.607421875
1.524	2.6025390625
1.525004	2.6171875
1.526004	2.63671875
1.527004	2.65625
1.528004	2.6611328125
1.529004	2.6806640625
1.53	2.705078125
1.531	2.71484375
1.532	2.724609375
1.533	2.75390625
1.534	2.783203125
1.535	2.8076171875
1.536	2.83203125
1.537	2.8564453125
1.538	2.8759765625
1.539	2.890625
1.54	2.91015625
1.541	2.9248046875
1.542	2.9345703125
1.543	2.9541015625
1.544	2.958984375
1.545	2.9638671875
1.546	2.9736328125
1.547	2.978515625
1.548	2.9833984375
1.549	2.9833984375
1.55	2.978515625
1.551	2.9736328125
1.552	2.9638671875
1.553	2.958984375
1.554	2.939453125
1.555	2.9248046875
1.556	2.91015625
1.557	2.890625
1.558	2.8759765625
1.559	2.8515625
1.56	2.8369140625
1.561	2.822265625
1.562	2.79296875
1.563	2.7490234375
1.564	2.7392578125
1.565	2.724609375
1.565996	2.71484375
1.567004	2.6806640625
1.568004	2.67578125
1.569004	2.6611328125
1.570004	2.626953125
1.571004	2.626953125
1.572004	2.6220703125
1.573	2.607421875
1.574	2.6025390625
1.575	2.5927734375
1.576	2.5927734375
1.577	2.5927734375
1.578	2.6025390625
1.579	2.607421875
1.58	2.6123046875
1.581	2.6171875
1.582	2.6318359375
1.583	2.646484375
1.584	2.666015625
1.585	2.67578125
1.586	2.6953125
1.587	2.724609375
1.588	2.7197265625
1.589	2.7490234375
1.59	2.783203125
1.591	2.802734375
1.592	2.8271484375
1.593	2.861328125
1.594	2.8662109375
1.595	2.8759765625
1.596	2.8955078125
1.597	2.9150390625
1.598	2.9296875
1.599	2.9443359375
1.6	2.9541015625
1.601	2.96875
1.602	2.9736328125
1.603	2.96875
1.604	2.9736328125
1.605	2.978515625
1.606	2.9638671875
1.607	2.9638671875
1.607996	2.9541015625
1.609004	2.94921875
1.61	2.9345703125
1.611004	2.9248046875
1.612004	2.91015625
1.613004	2.8955078125
1.614004	2.8759765625
1.615	2.8515625
1.616	2.841796875
1.617	2.8369140625
1.618	2.7880859375
1.619	2.7587890625
1.62	2.734375
1.621	2.734375
1.622	2.724609375
1.623	2.7001953125
1.624	2.67578125
1.625	2.666015625
1.626	2.646484375
1.627	2.626953125
1.628	2.626953125
1.629	2.6171875
1.63	2.6025390625
1.631	2.6025390625
1.632	2.59765625
1.633	2.6025390625
1.634	2.6025390625
1.635	2.6123046875
1.636	2.6171875
1.637	2.626953125
1.638	2.6318359375
1.639	2.6513671875
1.64	2.6611328125
1.641	2.6806640625
1.642	2.6953125
1.643	2.71484375
1.644	2.724609375
1.645	2.734375
1.646	2.763671875
1.647	2.802734375
1.648	2.8271484375
1.649	2.841796875
1.65	2.861328125
1.651004	2.87109375
1.652	2.900390625
1.653004	2.91015625
1.654004	2.9296875
1.655004	2.9345703125
1.656004	2.9541015625
1.657004	2.94921875
1.658	2.958984375
1.659	2.96875
1.66	2.96875
1.661	2.96875
1.662	2.9638671875
1.663	2.958984375
1.664	2.958984375
1.665	2.94921875
1.666	2.9345703125
1.667	2.9248046875
1.668	2.9052734375
1.669	2.8955078125
1.67	2.87109375
1.671	2.8564453125
1.672	2.8369140625
1.673	2.8271484375
1.674	2.79296875
1.675	2.763671875
1.676	2.7490234375
1.677	2.7392578125
1.678	2.7197265625
1.679	2.705078125
1.68	2.6904296875
1.681	2.6708984375
1.682	2.65625
1.683	2.646484375
1.684	2.6220703125
1.685	2.6220703125
1.686	2.6171875
1.687	2.6123046875
1.688	2.6123046875
1.689	2.6025390625
1.69	2.6123046875
1.691	2.6123046875
1.692	2.6220703125
1.693	2.626953125
1.693996	2.63671875
1.695004	2.6513671875
1.696004	2.666015625
1.697004	2.67578125
1.698004	2.7001953125
1.699004	2.7197265625
1.700004	2.7197265625
1.701	2.7490234375
1.702	2.763671875
1.703	2.79296875
1.704	2.8271484375
1.705	2.8369140625
1.706	2.8564453125
1.707	2.87109375
1.708	2.8857421875
1.709	2.91015625
1.71	2.9150390625
1.711	2.9296875
1.712	2.9443359375
1.713	2.94921875
1.714	2.9541015625
1.715	2.958984375
1.716	2.958984375
1.717	2.9541015625
1.718	2.9638671875
1.719	2.9638671875
1.72	2.958984375
1.721	2.9443359375
1.722	2.9345703125
1.723	2.9150390625
1.724	2.9052734375
1.725	2.890625
1.726	2.880859375
1.727	2.861328125
1.728	2.8466796875
1.729	2.8271484375
1.73	2.802734375
1.731	2.7685546875
1.732	2.75390625
1.733	2.7392578125
1.734	2.724609375
1.735	2.705078125
1.735996	2.685546875
1.737004	2.6806640625
1.738	2.6611328125
1.739004	2.646484375
1.740004	2.63671875
1.741004	2.626953125
1.742004	2.6220703125
1.743	2.6171875
1.744	2.6171875
1.745	2.6171875
1.746	2.6123046875
1.747	2.6220703125
1.748	2.6220703125
1.749	2.6220703125
1.75	2.646484375
1.751	2.6513671875
1.752	2.666015625
1.753	2.6904296875
1.754	2.705078125
1.755	2.7099609375
1.756	2.724609375
1.757	2.7392578125
1.758	2.7685546875
1.759	2.7880859375
1.76	2.8125
1.761	2.841796875
1.762	2.8564453125
1.763	2.861328125
1.764	2.8857421875
1.765	2.8955078125
1.766	2.9052734375
1.767	2.9248046875
1.768	2.9345703125
1.769	2.9443359375
1.77	2.9541015625
1.771	2.9541015625
1.772	2.958984375
1.773	2.958984375
1.774	2.958984375
1.775	2.9541015625
1.776	2.9541015625
1.777	2.9443359375
1.778	2.9345703125
1.779004	2.9150390625
1.78	2.91015625
1.781004	2.890625
1.782004	2.8857421875
1.783004	2.861328125
1.784004	2.8466796875
1.785004	2.822265625
1.786	2.8125
1.787	2.7685546875
1.788	2.75390625
1.789	2.7392578125
1.79	2.7294921875
1.791	2.7099609375
1.792	2.6953125
1.793	2.6904296875
1.794	2.67578125
1.795	2.6513671875
1.796	2.6416015625
1.797	2.6318359375
1.798	2.6220703125
1.799	2.6220703125
1.8	2.6220703125
1.801	2.6171875
1.802	2.6171875
1.803	2.6171875
1.804	2.6220703125
1.805	2.6318359375
1.806	2.646484375
1.807	2.65625
1.808	2.6708984375
1.809	2.685546875
1.81	2.6953125
1.811	2.71484375
1.812	2.724609375
1.813	2.744140625
1.814	2.7587890625
1.815	2.783203125
1.816	2.8076171875
1.817	2.8369140625
1.818	2.8515625
1.819	2.861328125
1.82	2.8857421875
1.821	2.890625
1.821996	2.91015625
1.823004	2.919921875
1.824004	2.9248046875
1.825004	2.9345703125
1.826004	2.9443359375
1.827004	2.9541015625
1.828004	2.958984375
1.829	2.9443359375
1.83	2.94921875
1.831	2.9541015625
1.832	2.9541015625
1.833	2.939453125
1.834	2.9345703125
1.835	2.9150390625
1.836	2.9052734375
1.837	2.8955078125
1.838	2.880859375
1.839	2.861328125
1.84	2.8466796875
1.841	2.83203125
1.842	2.8076171875
1.843	2.783203125
1.844	2.763671875
1.845	2.734375
1.846	2.724609375
1.847	2.71484375
1.848	2.6953125
1.849	2.6904296875
1.85	2.6708984375
1.851	2.6611328125
1.852	2.646484375
1.853	2.63671875
1.854	2.6318359375
1.855	2.6220703125
1.856	2.6220703125
1.857	2.6220703125
1.858	2.626953125
1.859	2.626953125
1.86	2.626953125
1.861	2.63671875
1.862	2.646484375
1.863	2.65625
1.863996	2.6708984375
1.865004	2.6806640625
1.866	2.6953125
1.867004	2.71484375
1.868004	2.71484375
1.869004	2.734375
1.870004	2.7490234375
1.871	2.783203125
1.872	2.7978515625
1.873	2.83203125
1.874	2.8466796875
1.875	2.861328125
1.876	2.8759765625
1.877	2.890625
1.878	2.900390625
1.879	2.91015625
1.88	2.9248046875
1.881	2.939453125
1.882	2.9345703125
1.883	2.9443359375
1.884	2.9443359375
1.885	2.94921875
1.886	2.9541015625
1.887	2.9541015625
1.888	2.9443359375
1.889	2.9296875
1.89	2.9296875
1.891	2.9248046875
1.892	2.900390625
1.893	2.890625
1.894	2.880859375
1.895	2.861328125
1.896	2.8466796875
1.897	2.83203125
1.898	2.7978515625
1.899	2.783203125
1.9	2.763671875
1.901	2.744140625
1.902	2.7294921875
1.903	2.724609375
1.904	2.705078125
1.905	2.6953125
1.906	2.67578125
1.907004	2.6611328125
1.908	2.6611328125
1.909004	2.6416015625
1.910004	2.6318359375
1.911004	2.6318359375
1.912004	2.6171875
1.913004	2.6220703125
1.914	2.626953125
1.915	2.626953125
1.916	2.6318359375
1.917	2.63671875
1.918	2.646484375
1.919	2.6708984375
1.92	2.67578125
1.921	2.685546875
1.922	2.705078125
1.923	2.7099609375
1.924	2.7197265625
1.925	2.7294921875
1.926	2.7587890625
1.927	2.7685546875
1.928	2.7978515625
1.929	2.83203125
1.93	2.841796875
1.931	2.8564453125
1.932	2.8662109375
1.933	2.8857421875
1.934	2.8857421875
1.935	2.9052734375
1.936	2.9150390625
1.937	2.9296875
1.938	2.9345703125
1.939	2.939453125
1.94	2.939453125
1.941	2.9443359375
1.942	2.9443359375
1.943	2.9443359375
1.944	2.939453125
1.945	2.9296875
1.946	2.9248046875
1.947	2.919921875
1.948	2.8955078125
1.949	2.8857421875
1.949996	2.8857421875
1.951004	2.8515625
1.952004	2.8515625
1.953004	2.83203125
1.954004	2.8173828125
1.955004	2.783203125
1.956004	2.7685546875
1.957	2.7490234375
1.958	2.7294921875
1.959	2.724609375
1.96	2.7099609375
1.961	2.6953125
1.962	2.685546875
1.963	2.6611328125
1.964	2.666015625
1.965	2.6513671875
1.966	2.6416015625
1.967	2.6318359375
1.968	2.6220703125
1.969	2.6318359375
1.97	2.6220703125
1.971	2.626953125
1.972	2.6416015625
1.973	2.6416015625
1.974	2.6513671875
1.975	2.6806640625
1.976	2.666015625
1.977	2.685546875
1.978	2.705078125
1.979	2.71484375
1.98	2.7197265625
1.981	2.734375
1.982	2.75390625
1.983	2.7685546875
1.984	2.802734375
1.985	2.8173828125
1.986	2.841796875
1.987	2.8515625
1.988	2.8662109375
1.989	2.8857421875
1.99	2.8857421875
1.991	2.900390625
1.991996	2.9150390625
1.993004	2.919921875
1.994	2.9345703125
1.995004	2.9296875
1.996004	2.939453125
1.997004	2.9345703125
1.998004	2.9443359375
1.999	2.939453125
2.0	2.9345703125
2.001	2.9296875
2.002	2.919921875
2.003	2.9052734375
2.004	2.9052734375
2.005	2.890625
2.006	2.880859375
2.007	2.8662109375
2.008	2.8466796875
2.009	2.83203125
2.01	2.8125
2.011	2.7978515625
2.012	2.7685546875
2.013	2.7490234375
2.014	2.7294921875
2.015	2.724609375
2.016	2.7197265625
2.017	2.705078125
2.018	2.685546875
2.019	2.6708984375
2.02	2.67578125
2.021	2.6611328125
2.022	2.646484375
2.023	2.6416015625
2.024	2.6318359375
2.025	2.626953125
2.026	2.6318359375
2.027	2.63671875
2.028	2.6416015625
2.029	2.646484375
2.03	2.6513671875
2.031	2.666015625
2.032	2.6708984375
2.033	2.7001953125
2.034	2.6904296875
2.035004	2.71484375
2.036	2.724609375
2.037004	2.734375
2.038004	2.7490234375
2.039004	2.7587890625
2.040004	2.802734375
2.041004	2.8125
2.042	2.8369140625
2.043	2.8515625
2.044	2.861328125
2.045	2.87109375
2.046	2.890625
2.047	2.900390625
2.048	2.900390625
2.049	2.91015625
2.05	2.9248046875
2.051	2.9248046875
2.052	2.9345703125
2.053	2.939453125
2.054	2.9345703125
2.055	2.9345703125
2.056	2.9345703125
2.057	2.9296875
2.058	2.919921875
2.059	2.91015625
2.06	2.8955078125
2.061	2.890625
2.062	2.8662109375
2.063	2.8515625
2.064	2.8515625
2.065	2.8369140625
2.066	2.8125
2.067	2.783203125
2.068	2.7685546875
2.069	2.75390625
2.07	2.734375
2.071	2.724609375
2.072	2.71484375
2.073	2.7099609375
2.074	2.6904296875
2.075	2.67578125
2.076	2.666015625
2.077	2.6611328125
2.077996	2.646484375
2.079004	2.646484375
2.080004	2.6416015625
2.081004	2.63671875
2.082004	2.6416015625
2.083004	2.6416015625
2.084004	2.646484375
2.085	2.6513671875
2.086	2.6611328125
2.087	2.65625
2.088	2.6904296875
2.089	2.6953125
2.09	2.7001953125
2.091	2.7099609375
2.092	2.7197265625
2.093	2.734375
2.094	2.7490234375
2.095	2.7685546875
2.096	2.7978515625
2.097	2.8125
2.098	2.83203125
2.099	2.8515625
2.1	2.8564453125
2.101	2.87109375
2.102	2.880859375
2.103	2.8955078125
2.104	2.91015625
2.105	2.91015625
2.106	2.9248046875
2.107	2.9248046875
2.108	2.9248046875
2.109	2.9345703125
2.11	2.9296875
2.111	2.9248046875
2.112	2.9248046875
2.113	2.919921875
2.114	2.91015625
2.115	2.91015625
2.116	2.9052734375
2.117	2.8857421875
2.118	2.8662109375
2.119	2.8564453125
2.119996	2.841796875
2.121004	2.83203125
2.122	2.822265625
2.123004	2.79296875
2.124004	2.7685546875
2.125004	2.7587890625
2.126004	2.744140625
2.127	2.734375
2.128	2.724609375
2.129	2.705078125
2.13	2.6953125
2.131	2.6806640625
2.132	2.67578125
2.133	2.6611328125
2.134	2.65625
2.135	2.65625
2.136	2.6513671875
2.137	2.646484375
2.138	2.6416015625
2.139	2.6416015625
2.14	2.6513671875
2.141	2.646484375
2.142	2.6611328125
2.143	2.6708984375
2.144	2.6806640625
2.145	2.6806640625
2.146	2.705078125
2.147	2.724609375
2.148	2.724609375
2.149	2.734375
2.15	2.7392578125
2.151	2.7685546875
2.152	2.7880859375
2.153	2.8076171875
2.154	2.8271484375
2.155	2.841796875
2.156	2.8662109375
2.157	2.87109375
2.158	2.8857421875
2.159	2.8857421875
2.16	2.900390625
2.161	2.9052734375
2.162	2.91015625
2.163004	2.919921875
2.164	2.9248046875
2.165004	2.9345703125
2.166004	2.9296875
2.167004	2.9345703125
2.168004	2.9248046875
2.169004	2.9248046875
2.17	2.91015625
2.171	2.9052734375
2.172	2.8955078125
2.173	2.8857421875
2.174	2.8759765625
2.175	2.8662109375
2.176	2.8466796875
2.177	2.8369140625
2.178	2.8173828125
2.179	2.7978515625
2.18	2.7783203125
2.181	2.7587890625
2.182	2.7392578125
2.183	2.724609375
2.184	2.724609375
2.185	2.7197265625
2.186	2.7001953125
2.187	2.685546875
2.188	2.6806640625
2.189	2.67578125
2.19	2.666015625
2.191	2.6611328125
2.192	2.6513671875
2.193	2.6513671875
2.194	2.646484375
2.195	2.646484375
2.196	2.646484375
2.197	2.6611328125
2.198	2.65625
2.199	2.6708984375
2.2	2.6806640625
2.201	2.685546875
2.202	2.705078125
2.203	2.71484375
2.204	2.724609375
2.205	2.7294921875
2.205996	2.744140625
2.207004	2.763671875
2.208004	2.7783203125
2.209004	2.8076171875
2.210004	2.8271484375
2.211004	2.8369140625
2.212004	2.8515625
2.213	2.8662109375
2.214	2.87109375
2.215	2.8857421875
2.216	2.8955078125
2.217	2.91015625
2.218	2.9052734375
2.219	2.9150390625
2.22	2.919921875
2.221	2.9248046875
2.222	2.9248046875
2.223	2.9150390625
2.224	2.919921875
2.225	2.91015625
2.226	2.91015625
2.227	2.91015625
2.228	2.890625
2.229	2.8857421875
2.23	2.8662109375
2.231	2.8662109375
2.232	2.8515625
2.233	2.83203125
2.234	2.8125
2.235	2.79296875
2.236	2.7734375
2.237	2.763671875
2.238	2.75390625
2.239	2.7392578125
2.24	2.724609375
2.241	2.7197265625
2.242	2.71484375
2.243	2.685546875
2.244	2.6806640625
2.245	2.67578125
2.246	2.666015625
2.247	2.65625
2.247996	2.6611328125
2.249004	2.6611328125
2.25	2.65625
2.251004	2.6513671875
2.252004	2.6611328125
2.253004	2.666015625
2.254004	2.666015625
2.255	2.6708984375
2.256	2.6806640625
2.257	2.685546875
2.258	2.705078125
2.259	2.71484375
2.26	2.71484375
2.261	2.7392578125
2.262	2.7392578125
2.263	2.763671875
2.264	2.783203125
2.265	2.802734375
2.266	2.822265625
2.267	2.8369140625
2.268	2.8515625
2.269	2.8662109375
2.27	2.8662109375
2.271	2.8759765625
2.272	2.8955078125
2.273	2.8955078125
2.274	2.9052734375
2.275	2.91015625
2.276	2.9150390625
2.277	2.919921875
2.278	2.9248046875
2.279	2.9150390625
2.28	2.9150390625
2.281	2.9150390625
2.282	2.91015625
2.283	2.8955078125
2.284	2.8857421875
2.285	2.880859375
2.286	2.8759765625
2.287	2.861328125
2.288	2.8515625
2.289	2.8369140625
2.29	2.8271484375
2.291004	2.802734375
2.292	2.783203125
2.293004	2.7587890625
2.294004	2.744140625
2.295004	2.7294921875
2.296004	2.7294921875
2.297004	2.7197265625
2.298	2.71484375
2.299	2.7001953125
2.3	2.6806640625
2.301	2.685546875
2.302	2.67578125
2.303	2.6708984375
2.304	2.65625
2.305	2.65625
2.306	2.65625
2.307	2.6611328125
2.308	2.6611328125
2.309	2.666015625
2.31	2.666015625
2.311	2.6904296875
2.312	2.67578125
2.313	2.685546875
2.314	2.7099609375
2.315	2.7197265625
2.316	2.7197265625
2.317	2.7294921875
2.318	2.744140625
2.319	2.763671875
2.32	2.7880859375
2.321	2.7978515625
2.322	2.8173828125
2.323	2.8369140625
2.324	2.8515625
2.325	2.861328125
2.326	2.87109375
2.327	2.880859375
2.328	2.8857421875
2.329	2.890625
2.33	2.91015625
2.331	2.91015625
2.332	2.9150390625
2.333	2.91015625
2.333996	2.9150390625
2.335004	2.9150390625
2.336004	2.9150390625
2.337004	2.9150390625
2.338004	2.900390625
2.339004	2.900390625
2.340004	2.890625
2.341	2.880859375
2.342	2.87109375
2.343	2.861328125
2.344	2.8466796875
2.345	2.822265625
2.346	2.8173828125
2.347	2.8125
2.348	2.7880859375
2.349	2.7587890625
2.35	2.75390625
2.351	2.7392578125
2.352	2.734375
2.353	2.724609375
2.354	2.705078125
2.355	2.7001953125
2.356	2.6953125
2.357	2.67578125
2.358	2.6806640625
2.359	2.6611328125
2.36	2.6708984375
2.361	2.65625
2.362	2.6611328125
2.363	2.65625
2.364	2.666015625
2.365	2.6708984375
2.366	2.67578125
2.367	2.67578125
2.368	2.685546875
2.369	2.705078125
2.37	2.705078125
2.371	2.71484375
2.372	2.71484375
2.373	2.734375
2.374	2.744140625
2.375	2.763671875
2.375996	2.7685546875
2.377004	2.8076171875
2.378	2.8173828125
2.379004	2.83203125
2.380004	2.841796875
2.381004	2.8564453125
2.382004	2.861328125
2.383	2.8759765625
2.384	2.880859375
2.385	2.8955078125
2.386	2.9052734375
2.387	2.9052734375
2.388	2.91015625
2.389	2.9052734375
2.39	2.9052734375
2.391	2.9150390625
2.392	2.9052734375
2.393	2.9052734375
2.394	2.900390625
2.395	2.900390625
2.396	2.880859375
2.397	2.880859375
2.398	2.8662109375
2.399	2.8662109375
2.4	2.8515625
2.401	2.841796875
2.402	2.822265625
2.403	2.802734375
2.404	2.7880859375
2.405	2.763671875
2.406	2.75390625
2.407	2.734375
2.408	2.734375
2.409	2.7197265625
2.41	2.7197265625
2.411	2.705078125
2.412	2.6953125
2.413	2.6904296875
2.414	2.6806640625
2.415	2.67578125
2.416	2.666015625
2.417	2.666015625
2.418	2.666015625
2.419004	2.6611328125
2.42	2.666015625
2.421004	2.6708984375
2.422004	2.666015625
2.423004	2.6806640625
2.424004	2.6806640625
2.425004	2.6953125
2.426	2.7099609375
2.427	2.7197265625
2.428	2.71484375
2.429	2.7392578125
2.43	2.744140625
2.431	2.763671875
2.432	2.7783203125
2.433	2.79296875
2.434	2.8173828125
2.435	2.8369140625
2.436	2.8466796875
2.437	2.8466796875
2.438	2.8564453125
2.439	2.87109375
2.44	2.880859375
2.441	2.890625
2.442	2.8955078125
2.443	2.9052734375
2.444	2.900390625
2.445	2.9052734375
2.446	2.91015625
2.447	2.9052734375
2.448	2.91015625
2.449	2.91015625
2.45	2.9052734375
2.451	2.890625
2.452	2.880859375
2.453	2.8857421875
2.454	2.87109375
2.455	2.861328125
2.456	2.841796875
2.457	2.841796875
2.458	2.8271484375
2.459	2.802734375
2.46	2.7880859375
2.461	2.7587890625
2.461996	2.75390625
2.463004	2.7392578125
2.464004	2.724609375
2.465004	2.7197265625
2.466004	2.7197265625
2.467004	2.7099609375
2.468004	2.7001953125
2.469	2.685546875
2.47	2.685546875
2.471	2.6806640625
2.472	2.6806640625
2.473	2.666015625
2.474	2.67578125
2.475	2.67578125
2.476	2.666015625
2.477	2.67578125
2.478	2.6708984375
2.479	2.685546875
2.48	2.685546875
2.481	2.7001953125
2.482	2.705078125
2.483	2.7099609375
2.484	2.724609375
2.485	2.734375
2.486	2.7392578125
2.487	2.7490234375
2.488	2.7734375
2.489	2.802734375
2.49	2.8125
2.491	2.83203125
2.492	2.8466796875
2.493	2.8515625
2.494	2.8662109375
2.495	2.87109375
2.496	2.8759765625
2.497	2.880859375
2.498	2.8955078125
2.499	2.8955078125
2.5	2.900390625
2.501	2.9052734375
2.502	2.9052734375
2.503	2.900390625
2.503996	2.9052734375
2.505004	2.900390625
2.506	2.8955078125
2.507004	2.8955078125
2.508004	2.8857421875
2.509004	2.880859375
2.510004	2.87109375
2.511	2.8564453125
2.512	2.8466796875
2.513	2.8369140625
2.514	2.822265625
2.515	2.8125
2.516	2.7978515625
2.517	2.7783203125
2.518	2.7587890625
2.519	2.7490234375
2.52	2.734375
2.521	2.724609375
2.522	2.724609375
2.523	2.7197265625
2.524	2.705078125
2.525	2.6904296875
2.526	2.6904296875
2.527	2.67578125
2.528	2.67578125
2.529	2.67578125
2.53	2.6708984375
2.531	2.67578125
2.532	2.67578125
2.533	2.67578125
2.534	2.6806640625
2.535	2.685546875
2.536	2.685546875
2.537	2.6953125
2.538	2.705078125
2.539	2.7197265625
2.54	2.724609375
2.541	2.7294921875
2.542	2.7392578125
2.543	2.75390625
2.544	2.763671875
2.545	2.7978515625
2.546	2.8125
2.547004	2.822265625
2.548	2.83203125
2.549004	2.8466796875
2.550004	2.861328125
2.551004	2.861328125
2.552004	2.87109375
2.553004	2.8759765625
2.554	2.880859375
2.555	2.8955078125
2.556	2.8955078125
2.557	2.8955078125
2.558	2.9052734375
2.559	2.9052734375
2.56	2.9052734375
2.561	2.9052734375
2.562	2.900390625
2.563	2.890625
2.564	2.880859375
2.565	2.880859375
2.566	2.8662109375
2.567	2.8564453125
2.568	2.8515625
2.569	2.83203125
2.57	2.8271484375
2.571	2.8125
2.572	2.7978515625
2.573	2.7734375
2.574	2.763671875
2.575	2.7392578125
2.576	2.7294921875
2.577	2.724609375
2.578	2.7197265625
2.579	2.724609375
2.58	2.705078125
2.581	2.705078125
2.582	2.6904296875
2.583	2.6806640625
2.584	2.67578125
2.585	2.6806640625
2.586	2.6806640625
2.587	2.67578125
2.588	2.67578125
2.589	2.6806640625
2.589996	2.67578125
2.591004	2.6904296875
2.592004	2.685546875
2.593004	2.71484375
2.594004	2.7099609375
2.595004	2.71484375
2.596004	2.7197265625
2.597	2.734375
2.598	2.7392578125
2.599	2.7587890625
2.6	2.7685546875
2.601	2.79296875
2.602	2.802734375
2.603	2.822265625
2.604	2.8369140625
2.605	2.841796875
2.606	2.8564453125
2.607	2.8662109375
2.608	2.87109375
2.609	2.880859375
2.61	2.8857421875
2.611	2.890625
2.612	2.900390625
2.613	2.900390625
2.614	2.900390625
2.615	2.900390625
2.616	2.8955078125
2.617	2.8955078125
2.618	2.8955078125
2.619	2.890625
2.62	2.880859375
2.621	2.8662109375
2.622	2.87109375
2.623	2.861328125
2.624	2.841796875
2.625	2.8369140625
2.626	2.8271484375
2.627	2.8173828125
2.628	2.7978515625
2.629	2.7783203125
2.63	2.7587890625
2.631	2.7490234375
2.631996	2.7392578125
2.633004	2.724609375
2.634	2.724609375
2.635004	2.71484375
2.636004	2.705078125
2.637004	2.705078125
2.638004	2.685546875
2.639	2.6904296875
2.64	2.6806640625
2.641	2.6806640625
2.642	2.6806640625
2.643	2.6806640625
2.644	2.6806640625
2.645	2.6806640625
2.646	2.685546875
2.647	2.6904296875
2.648	2.7099609375
2.649	2.7001953125
2.65	2.71484375
2.651	2.7197265625
2.652	2.724609375
2.653	2.7294921875
2.654	2.7392578125
2.655	2.75390625
2.656	2.763671875
2.657	2.7880859375
2.658	2.8076171875
2.659	2.822265625
2.66	2.8271484375
2.661	2.841796875
2.662	2.8515625
2.663	2.861328125
2.664	2.8662109375
2.665	2.8759765625
2.666	2.880859375
2.667	2.880859375
2.668	2.8955078125
2.669	2.8955078125
2.67	2.8955078125
2.671	2.8955078125
2.672	2.890625
2.673	2.8955078125
2.674	2.8857421875
2.675004	2.880859375
2.676	2.8759765625
2.677004	2.8662109375
2.678004	2.8662109375
2.679004	2.8564453125
2.680004	2.8515625
2.681004	2.8369140625
2.682	2.83203125
2.683	2.8125
2.684	2.79296875
2.685	2.7783203125
2.686	2.763671875
2.687	2.75390625
2.688	2.7392578125
2.689	2.7392578125
2.69	2.7197265625
2.691	2.724609375
2.692	2.71484375
2.693	2.7099609375
2.694	2.6953125
2.695	2.6953125
2.696	2.6806640625
2.697	2.6806640625
2.698	2.6806640625
2.699	2.6806640625
2.7	2.6806640625
2.701	2.67578125
2.702	2.685546875
2.703	2.685546875
2.704	2.6953125
2.705	2.7099609375
2.706	2.7001953125
2.707	2.7197265625
2.708	2.724609375
2.709	2.734375
2.71	2.7392578125
2.711	2.7490234375
2.712	2.7734375
2.713	2.79296875
2.714	2.802734375
2.715	2.8173828125
2.716	2.8369140625
2.717	2.841796875
2.717996	2.8515625
2.719004	2.861328125
2.720004	2.861328125
2.721004	2.8759765625
2.722004	2.8759765625
2.723004	2.8857421875
2.724004	2.8857421875
2.725	2.890625
2.726	2.890625
2.727	2.890625
2.728	2.890625
2.729	2.8857421875
2.73	2.8857421875
2.731	2.880859375
2.732	2.8759765625
2.733	2.8759765625
2.734	2.8662109375
2.735	2.8564453125
2.736	2.841796875
2.737	2.841796875
2.738	2.822265625
2.739	2.8125
2.74	2.7978515625
2.741	2.79296875
2.742	2.763671875
2.743	2.75390625
2.744	2.734375
2.745	2.7392578125
2.746	2.7294921875
2.747	2.7197265625
2.748	2.71484375
2.749	2.71484375
2.75	2.7099609375
2.751	2.6953125
2.752	2.6953125
2.753	2.6806640625
2.754	2.685546875
2.755	2.6806640625
2.756	2.685546875
2.757	2.6806640625
2.758	2.685546875
2.759	2.6953125
2.759996	2.6953125
2.761004	2.705078125
2.762	2.7099609375
2.763004	2.724609375
2.764004	2.724609375
2.765004	2.7294921875
2.766004	2.7392578125
2.767	2.7587890625
2.768	2.7587890625
2.769	2.783203125
2.77	2.79296875
2.771	2.8125
2.772	2.8271484375
2.773	2.83203125
2.774	2.8466796875
2.775	2.861328125
2.776	2.861328125
2.777	2.8662109375
2.778	2.880859375
2.779	2.880859375
2.78	2.8857421875
2.781	2.8857421875
2.782	2.880859375
2.783	2.8955078125
2.784	2.8857421875
2.785	2.8955078125
2.786	2.8857421875
2.787	2.8857421875
2.788	2.880859375
2.789	2.8759765625
2.79	2.861328125
2.791	2.861328125
2.792	2.841796875
2.793	2.8369140625
2.794	2.8271484375
2.795	2.8076171875
2.796	2.802734375
2.797	2.783203125
2.798	2.7734375
2.799	2.763671875
2.8	2.7490234375
2.801	2.734375
2.802	2.7294921875
2.803004	2.7294921875
2.804	2.7197265625
2.805004	2.71484375
2.806004	2.7099609375
2.807004	2.7001953125
2.808004	2.7001953125
2.809004	2.6904296875
2.81	2.6904296875
2.811	2.67578125
2.812	2.6904296875
2.813	2.685546875
2.814	2.685546875
2.815	2.6904296875
2.816	2.7099609375
2.817	2.7001953125
2.818	2.7197265625
2.819	2.7197265625
2.82	2.724609375
2.821	2.7294921875
2.822	2.7392578125
2.823	2.7587890625
2.824	2.7734375
2.825	2.7734375
2.826	2.802734375
2.827	2.8125
2.828	2.822265625
2.829	2.841796875
2.83	2.841796875
2.831	2.8515625
2.832	2.8564453125
2.833	2.87109375
2.834	2.861328125
2.835	2.880859375
2.836	2.8857421875
2.837	2.890625
2.838	2.890625
2.839	2.890625
2.84	2.890625
2.841	2.8857421875
2.842	2.890625
2.843	2.880859375
2.844	2.8759765625
2.845	2.87109375
2.845996	2.87109375
2.847004	2.8564453125
2.848004	2.841796875
2.849004	2.841796875
2.850004	2.83203125
2.851004	2.8076171875
2.852004	2.7978515625
2.853	2.7880859375
2.854	2.7734375
2.855	2.763671875
2.856	2.7490234375
2.857	2.734375
2.858	2.734375
2.859	2.7294921875
2.86	2.71484375
2.861	2.71484375
2.862	2.7099609375
2.863	2.705078125
2.864	2.705078125
2.865	2.6904296875
2.866	2.6904296875
2.867	2.6904296875
2.868	2.6904296875
2.869	2.685546875
2.87	2.6904296875
2.871	2.7001953125
2.872	2.705078125
2.873	2.7197265625
2.874	2.71484375
2.875	2.71484375
2.876	2.7294921875
2.877	2.734375
2.878	2.7392578125
2.879	2.75390625
2.88	2.7685546875
2.881	2.783203125
2.882	2.7978515625
2.883	2.8125
2.884	2.8271484375
2.885	2.8369140625
2.886	2.8515625
2.887	2.8515625
2.887996	2.861328125
2.889004	2.861328125
2.89	2.8662109375
2.891004	2.880859375
2.892004	2.880859375
2.893004	2.880859375
2.894004	2.880859375
2.895	2.890625
2.896	2.890625
2.897	2.8857421875
2.898	2.880859375
2.899	2.8759765625
2.9	2.8759765625
2.901	2.87109375
2.902	2.861328125
2.903	2.8564453125
2.904	2.8466796875
2.905	2.841796875
2.906	2.8271484375
2.907	2.8125
2.908	2.8076171875
2.909	2.7880859375
2.91	2.7734375
2.911	2.763671875
2.912	2.7490234375
2.913	2.744140625
2.914	2.734375
2.915	2.7294921875
2.916	2.7197265625
2.917	2.7197265625
2.918	2.71484375
2.919	2.705078125
2.92	2.705078125
2.921	2.6953125
2.922	2.6953125
2.923	2.6904296875
2.924	2.6904296875
2.925	2.6904296875
2.926	2.7001953125
2.927	2.705078125
2.928	2.7099609375
2.929	2.71484375
2.93	2.7197265625
2.931004	2.71484375
2.932	2.7294921875
2.933004	2.7294921875
2.934004	2.7392578125
2.935004	2.75390625
2.936004	2.7587890625
2.937004	2.7783203125
2.938	2.7978515625
2.939	2.8125
2.94	2.8271484375
2.941	2.83203125
2.942	2.8369140625
2.943	2.8466796875
2.944	2.861328125
2.945	2.8564453125
2.946	2.87109375
2.947	2.8759765625
2.948	2.8759765625
2.949	2.8759765625
2.95	2.880859375
2.951	2.8857421875
2.952	2.8759765625
2.953	2.880859375
2.954	2.880859375
2.955	2.8759765625
2.956	2.87109375
2.957	2.87109375
2.958	2.8662109375
2.959	2.8564453125
2.96	2.8515625
2.961	2.83203125
2.962	2.8271484375
2.963	2.822265625
2.964	2.802734375
2.965	2.79296875
2.966	2.7734375
2.967	2.7685546875
2.968	2.7490234375
2.969	2.744140625
2.97	2.734375
2.971	2.7294921875
2.972	2.724609375
2.973	2.7197265625
2.973996	2.7197265625
2.975004	2.7099609375
2.976004	2.705078125
2.977004	2.6953125
2.978004	2.7001953125
2.979004	2.6953125
2.980004	2.6904296875
2.981	2.6953125
2.982	2.6953125
2.983	2.705078125
2.984	2.7099609375
2.985	2.7099609375
2.986	2.71484375
2.987	2.724609375
2.988	2.7294921875
2.989	2.7392578125
2.99	2.7392578125
2.991	2.7490234375
2.992	2.763671875
2.993	2.7783203125
2.994	2.7880859375
2.995	2.802734375
2.996	2.822265625
2.997	2.83203125
2.998	2.83203125
2.999	2.8515625
3.0	2.8515625
3.001	2.8662109375
3.002	2.8564453125
3.003	2.8759765625
3.004	2.87109375
3.005	2.8759765625
3.006	2.8857421875
3.007	2.880859375
3.008	2.8857421875
3.009	2.8759765625
3.01	2.87109375
3.011	2.87109375
3.012	2.8662109375
3.013	2.8662109375
3.014	2.8564453125
3.015	2.8515625
3.015996	2.8515625
3.017004	2.841796875
3.018	2.83203125
3.019004	2.8173828125
3.020004	2.8125
3.021004	2.7978515625
3.022004	2.7734375
3.023	2.7685546875
3.024	2.7587890625
3.025	2.744140625
3.026	2.734375
3.027	2.7294921875
3.028	2.7197265625
3.029	2.724609375
3.03	2.71484375
3.031	2.71484375
3.032	2.7099609375
3.033	2.71484375
3.034	2.6953125
3.035	2.6953125
3.036	2.7001953125
3.037	2.7001953125
3.038	2.705078125
3.039	2.7099609375
3.04	2.7197265625
3.041	2.7099609375
3.042	2.71484375
3.043	2.7197265625
3.044	2.734375
3.045	2.734375
3.046	2.734375
3.047	2.7490234375
3.048	2.7685546875
3.049	2.7783203125
3.05	2.7880859375
3.051	2.8076171875
3.052	2.8173828125
3.053	2.822265625
3.054	2.8369140625
3.055	2.841796875
3.056	2.8564453125
3.057	2.861328125
3.058	2.861328125
3.059004	2.87109375
3.06	2.8759765625
3.061004	2.87109375
3.062004	2.880859375
3.063004	2.880859375
3.064004	2.8662109375
3.065004	2.8759765625
3.066	2.87109375
3.067	2.87109375
3.068	2.87109375
3.069	2.861328125
3.07	2.861328125
3.071	2.8515625
3.072	2.8466796875
3.073	2.841796875
3.074	2.8271484375
3.075	2.822265625
3.076	2.822265625
3.077	2.7978515625
3.078	2.783203125
3.079	2.763671875
3.08	2.75390625
3.081	2.75390625
3.082	2.7392578125
3.083	2.7392578125
3.084	2.7294921875
3.085	2.724609375
3.086	2.7197265625
3.087	2.7197265625
3.088	2.71484375
3.089	2.7099609375
3.09	2.7099609375
3.091	2.7001953125
3.092	2.7001953125
3.093	2.705078125
3.094	2.7099609375
3.095	2.7099609375
3.096	2.71484375
3.097	2.7197265625
3.098	2.7197265625
3.099	2.724609375
3.1	2.724609375
3.101	2.734375
3.101996	2.7392578125
3.103004	2.7392578125
3.104004	2.7587890625
3.105004	2.7783203125
3.106004	2.783203125
3.107004	2.7978515625
3.108004	2.8125
3.109	2.822265625
3.11	2.83203125
3.111	2.841796875
3.112	2.8466796875
3.113	2.8515625
3.114	2.861328125
3.115	2.861328125
3.116	2.8662109375
3.117	2.8759765625
3.118	2.87109375
3.119	2.87109375
3.12	2.880859375
3.121	2.8759765625
3.122	2.8759765625
3.123	2.87109375
3.124	2.87109375
3.125	2.8564453125
3.126	2.8564453125
3.127	2.8515625
3.128	2.8515625
3.129	2.841796875
3.13	2.8271484375
3.131	2.8271484375
3.132	2.8125
3.133	2.7978515625
3.134	2.783203125
3.135	2.7685546875
3.136	2.75390625
3.137	2.7490234375
3.138	2.7392578125
3.139	2.7392578125
3.14	2.734375
3.141	2.7294921875
3.142	2.7197265625
3.143	2.724609375
3.143996	2.71484375
3.145004	2.7099609375
3.146	2.7099609375
3.147004	2.7099609375
3.148004	2.705078125
3.149004	2.7099609375
3.150004	2.705078125
3.151	2.71484375
3.152	2.71484375
3.153	2.71484375
3.154	2.7197265625
3.155	2.7197265625
3.156	2.7294921875
3.157	2.734375
3.158	2.7392578125
3.159	2.7392578125
3.16	2.75390625
3.161	2.7734375
3.162	2.7783203125
3.163	2.802734375
3.164	2.8076171875
3.165	2.8271484375
3.166	2.83203125
3.167	2.841796875
3.168	2.8466796875
3.169	2.8564453125
3.17	2.8564453125
3.171	2.861328125
3.172	2.87109375
3.173	2.8759765625
3.174	2.87109375
3.175	2.8759765625
3.176	2.8662109375
3.177	2.87109375
3.178	2.87109375
3.179	2.87109375
3.18	2.87109375
3.181	2.8662109375
3.182	2.8564453125
3.183	2.8515625
3.184	2.8466796875
3.185	2.841796875
3.186	2.8271484375
3.187004	2.822265625
3.188	2.8173828125
3.189004	2.802734375
3.190004	2.783203125
3.191004	2.7734375
3.192004	2.763671875
3.193004	2.75390625
3.194	2.7392578125
3.195	2.734375
3.196	2.734375
3.197	2.7294921875
3.198	2.724609375
3.199	2.7197265625
3.2	2.7099609375
3.201	2.7099609375
3.202	2.7099609375
3.203	2.7099609375
3.204	2.7099609375
3.205	2.7099609375
3.206	2.7099609375
3.207	2.705078125
3.208	2.71484375
3.209	2.7197265625
3.21	2.7197265625
3.211	2.7294921875
3.212	2.724609375
3.213	2.734375
3.214	2.7392578125
3.215	2.744140625
3.216	2.7587890625
3.217	2.7734375
3.218	2.783203125
3.219	2.79296875
3.22	2.802734375
3.221	2.822265625
3.222	2.83203125
3.223	2.8369140625
3.224	2.8369140625
3.225	2.8515625
3.226	2.861328125
3.227	2.8662109375
3.228	2.861328125
3.229	2.87109375
3.229996	2.8759765625
3.231004	2.8759765625
3.232004	2.8759765625
3.233004	2.8759765625
3.234004	2.87109375
3.235004	2.8759765625
3.236004	2.861328125
3.237	2.861328125
3.238	2.8662109375
3.239	2.8515625
3.24	2.8466796875
3.241	2.841796875
3.242	2.8271484375
3.243	2.822265625
3.244	2.8076171875
3.245	2.7978515625
3.246	2.7880859375
3.247	2.7734375
3.248	2.7587890625
3.249	2.7587890625
3.25	2.744140625
3.251	2.7294921875
3.252	2.734375
3.253	2.734375
3.254	2.724609375
3.255	2.7197265625
3.256	2.7197265625
3.257	2.71484375
3.258	2.71484375
3.259	2.7099609375
3.26	2.71484375
3.261	2.71484375
3.262	2.705078125
3.263	2.7197265625
3.264	2.7099609375
3.265	2.71484375
3.266	2.7197265625
3.267	2.724609375
3.268	2.734375
3.269	2.7294921875
3.27	2.7392578125
3.271	2.7490234375
3.271996	2.7587890625
3.273004	2.7685546875
3.274	2.7783203125
3.275004	2.7880859375
3.276004	2.802734375
3.277004	2.8173828125
3.278004	2.8173828125
3.279	2.8369140625
3.28	2.841796875
3.281	2.8466796875
3.282	2.8515625
3.283	2.8662109375
3.284	2.8564453125
3.285	2.8662109375
3.286	2.87109375
3.287	2.87109375
3.288	2.87109375
3.289	2.87109375
3.29	2.861328125
3.291	2.87109375
3.292	2.861328125
3.293	2.8662109375
3.294	2.8515625
3.295	2.841796875
3.296	2.8466796875
3.297	2.8369140625
3.298	2.8369140625
3.299	2.822265625
3.3	2.8173828125
3.301	2.802734375
3.302	2.783203125
3.303	2.7783203125
3.304	2.763671875
3.305	2.763671875
3.306	2.75390625
3.307	2.7392578125
3.308	2.734375
3.309	2.734375
3.31	2.7294921875
3.311	2.724609375
3.312	2.7197265625
3.313	2.7197265625
3.314	2.7197265625
3.315004	2.71484375
3.316	2.71484375
3.317004	2.71484375
3.318004	2.7197265625
3.319004	2.7099609375
3.320004	2.7099609375
3.321004	2.724609375
3.322	2.71484375
3.323	2.724609375
3.324	2.7294921875
3.325	2.734375
3.326	2.744140625
3.327	2.7392578125
3.328	2.7587890625
3.329	2.7685546875
3.33	2.7783203125
3.331	2.79296875
3.332	2.802734375
3.333	2.8125
3.334	2.822265625
3.335	2.8369140625
3.336	2.8369140625
3.337	2.8515625
3.338	2.8564453125
3.339	2.861328125
3.34	2.8515625
3.341	2.861328125
3.342	2.861328125
3.343	2.8759765625
3.344	2.8662109375
3.345	2.87109375
3.346	2.8662109375
3.347	2.8662109375
3.348	2.861328125
3.349	2.8564453125
3.35	2.8564453125
3.351	2.8515625
3.352	2.841796875
3.353	2.8369140625
3.354	2.83203125
3.355	2.8271484375
3.356	2.8125
3.357	2.8076171875
3.357996	2.7880859375
3.359004	2.7783203125
3.360004	2.7685546875
3.361004	2.763671875
3.362004	2.75390625
3.363004	2.734375
3.364004	2.734375
3.365	2.7294921875
3.366	2.7197265625
3.367	2.724609375
3.368	2.71484375
3.369	2.7197265625
3.37	2.7197265625
3.371	2.7197265625
3.372	2.7099609375
3.373	2.7099609375
3.374	2.7197265625
3.375	2.71484375
3.376	2.7197265625
3.377	2.71484375
3.378	2.7197265625
3.379	2.724609375
3.38	2.7294921875
3.381	2.7392578125
3.382	2.734375
3.383	2.7490234375
3.384	2.7587890625
3.385	2.763671875
3.386	2.7783203125
3.387	2.7880859375
3.388	2.8076171875
3.389	2.8076171875
3.39	2.8173828125
3.391	2.8271484375
3.392	2.8369140625
3.393	2.8466796875
3.394	2.8466796875
3.395	2.8466796875
3.396	2.8564453125
3.397	2.8662109375
3.398	2.861328125
3.399	2.87109375
3.399996	2.8662109375
3.401004	2.8662109375
3.402	2.861328125
3.403004	2.8662109375
3.404004	2.861328125
3.405004	2.861328125
3.406004	2.8564453125
3.407	2.8466796875
3.408	2.8466796875
3.409	2.841796875
3.41	2.8271484375
3.411	2.83203125
3.412	2.822265625
3.413	2.8076171875
3.414	2.79296875
3.415	2.783203125
3.416	2.7783203125
3.417	2.7587890625
3.418	2.7490234375
3.419	2.734375
3.42	2.734375
3.421	2.7294921875
3.422	2.724609375
3.423	2.7294921875
3.424	2.7294921875
3.425	2.7197265625
3.426	2.71484375
3.427	2.71484375
3.428	2.7197265625
3.429	2.71484375
3.43	2.71484375
3.431	2.7099609375
3.432	2.724609375
3.433	2.724609375
3.434	2.7197265625
3.435	2.724609375
3.436	2.7294921875
3.437	2.7294921875
3.438	2.7392578125
3.439	2.7490234375
3.44	2.75390625
3.441	2.763671875
3.442	2.7783203125
3.443004	2.7880859375
3.444	2.79296875
3.445004	2.802734375
3.446004	2.8173828125
3.447004	2.822265625
3.448004	2.8369140625
3.449004	2.841796875
3.45	2.8515625
3.451	2.8515625
3.452	2.8515625
3.453	2.861328125
3.454	2.861328125
3.455	2.861328125
3.456	2.8662109375
3.457	2.8662109375
3.458	2.87109375
3.459	2.861328125
3.46	2.861328125
3.461	2.8564453125
3.462	2.8564453125
3.463	2.8515625
3.464	2.8369140625
3.465	2.8369140625
3.466	2.8271484375
3.467	2.822265625
3.468	2.8125
3.469	2.802734375
3.47	2.79296875
3.471	2.783203125
3.472	2.7734375
3.473	2.7587890625
3.474	2.7587890625
3.475	2.7490234375
3.476	2.7392578125
3.477	2.734375
3.478	2.734375
3.479	2.7294921875
3.48	2.724609375
3.481	2.7197265625
3.482	2.7197265625
3.483	2.71484375
3.484	2.7197265625
3.485	2.7197265625
3.485996	2.7197265625
3.487004	2.71484375
3.488004	2.7197265625
3.489004	2.7197265625
3.490004	2.7197265625
3.491004	2.7294921875
3.492004	2.734375
3.493	2.734375
3.494	2.7392578125
3.495	2.744140625
3.496	2.7490234375
3.497	2.7587890625
3.498	2.7734375
3.499	2.783203125
3.5	2.7978515625
3.501	2.8076171875
3.502	2.8173828125
3.503	2.8271484375
3.504	2.83203125
3.505	2.8369140625
3.506	2.8466796875
3.507	2.841796875
3.508	2.8466796875
3.509	2.8515625
3.51	2.861328125
3.511	2.861328125
3.512	2.861328125
3.513	2.8662109375
3.514	2.8662109375
3.515	2.8662109375
3.516	2.861328125
3.517	2.8564453125
3.518	2.8515625
3.519	2.8466796875
3.52	2.8466796875
3.521	2.83203125
3.522	2.8271484375
3.523	2.822265625
3.524	2.8125
3.525	2.8076171875
3.526	2.79296875
3.527	2.783203125
3.527996	2.7783203125
3.529004	2.7587890625
3.53	2.75390625
3.531004	2.7490234375
3.532004	2.7392578125
3.533004	2.7392578125
3.534004	2.734375
3.535	2.734375
3.536	2.734375
3.537	2.724609375
3.538	2.7294921875
3.539	2.724609375
3.54	2.7197265625
3.541	2.724609375
3.542	2.724609375
3.543	2.7197265625
3.544	2.724609375
3.545	2.7197265625
3.546	2.7197265625
3.547	2.7197265625
3.548	2.7294921875
3.549	2.7294921875
3.55	2.7294921875
3.551	2.744140625
3.552	2.763671875
3.553	2.7587890625
3.554	2.7783203125
3.555	2.783203125
3.556	2.7880859375
3.557	2.7978515625
3.558	2.8125
3.559	2.8271484375
3.56	2.8369140625
3.561	2.8369140625
3.562	2.8515625
3.563	2.8466796875
3.564	2.8515625
3.565	2.8564453125
3.566	2.861328125
3.567	2.8662109375
3.568	2.8564453125
3.569	2.8564453125
3.57	2.8564453125
3.571004	2.861328125
3.572	2.861328125
3.573004	2.8564453125
3.574004	2.8515625
3.575004	2.8466796875
3.576004	2.8466796875
3.577004	2.8369140625
3.578	2.83203125
3.579	2.8173828125
3.58	2.8173828125
3.581	2.8173828125
3.582	2.79296875
3.583	2.7880859375
3.584	2.783203125
3.585	2.7734375
3.586	2.763671875
3.587	2.75390625
3.588	2.744140625
3.589	2.734375
3.59	2.734375
3.591	2.734375
3.592	2.724609375
3.593	2.724609375
3.594	2.7294921875
3.595	2.724609375
3.596	2.724609375
3.597	2.71484375
3.598	2.7197265625
3.599	2.7197265625
3.6	2.71484375
3.601	2.724609375
3.602	2.7197265625
3.603	2.7294921875
3.604	2.7392578125
3.605	2.734375
3.606	2.7392578125
3.607	2.75390625
3.608	2.7587890625
3.609	2.7587890625
3.61	2.7685546875
3.611	2.783203125
3.612	2.79296875
3.613	2.802734375
3.613996	2.8125
3.615004	2.8173828125
3.616004	2.822265625
3.617004	2.841796875
3.618004	2.8369140625
3.619004	2.841796875
3.620004	2.8466796875
3.621	2.8564453125
3.622	2.8564453125
3.623	2.8564453125
3.624	2.8564453125
3.625	2.8564453125
3.626	2.8564453125
3.627	2.8515625
3.628	2.8564453125
3.629	2.8466796875
3.63	2.8515625
3.631	2.841796875
3.632	2.8369140625
3.633	2.83203125
3.634	2.8271484375
3.635	2.822265625
3.636	2.822265625
3.637	2.8125
3.638	2.7978515625
3.639	2.79296875
3.64	2.7783203125
3.641	2.763671875
3.642	2.7587890625
3.643	2.7490234375
3.644	2.7392578125
3.645	2.734375
3.646	2.734375
3.647	2.734375
3.648	2.734375
3.649	2.724609375
3.65	2.7294921875
3.651	2.724609375
3.652	2.7197265625
3.653	2.7197265625
3.654	2.7197265625
3.655	2.7197265625
3.655996	2.724609375
3.657004	2.7197265625
3.658	2.724609375
3.659004	2.724609375
3.660004	2.7294921875
3.661004	2.7294921875
3.662004	2.734375
3.663	2.744140625
3.664	2.75390625
3.665	2.75390625
3.666	2.7734375
3.667	2.7783203125
3.668	2.7880859375
3.669	2.79296875
3.67	2.8125
3.671	2.8125
3.672	2.8271484375
3.673	2.83203125
3.674	2.83203125
3.675	2.8466796875
3.676	2.8515625
3.677	2.841796875
3.678	2.8564453125
3.679	2.8564453125
3.68	2.8564453125
3.681	2.8662109375
3.682	2.861328125
3.683	2.8564453125
3.684	2.8564453125
3.685	2.8466796875
3.686	2.8466796875
3.687	2.8466796875
3.688	2.8369140625
3.689	2.83203125
3.69	2.8271484375
3.691	2.822265625
3.692	2.822265625
3.693	2.8076171875
3.694	2.802734375
3.695	2.79296875
3.696	2.783203125
3.697	2.7783203125
3.698	2.763671875
3.699004	2.75390625
3.7	2.744140625
3.701004	2.734375
3.702004	2.7392578125
3.703004	2.734375
3.704004	2.734375
3.705004	2.7294921875
3.706	2.7294921875
3.707	2.7197265625
3.708	2.7197265625
3.709	2.7197265625
3.71	2.7197265625
3.711	2.7294921875
3.712	2.724609375
3.713	2.724609375
3.714	2.7197265625
3.715	2.724609375
3.716	2.734375
3.717	2.7392578125
3.718	2.744140625
3.719	2.744140625
3.72	2.7490234375
3.721	2.7587890625
3.722	2.7685546875
3.723	2.7783203125
3.724	2.783203125
3.725	2.7978515625
3.726	2.8125
3.727	2.822265625
3.728	2.822265625
3.729	2.8271484375
3.73	2.8271484375
3.731	2.841796875
3.732	2.841796875
3.733	2.841796875
3.734	2.8466796875
3.735	2.8515625
3.736	2.861328125
3.737	2.8466796875
3.738	2.8515625
3.739	2.8564453125
3.74	2.8515625
3.741	2.8564453125
3.741996	2.8515625
3.743004	2.8466796875
3.744004	2.8369140625
3.745004	2.8369140625
3.746004	2.8271484375
3.747004	2.822265625
3.748004	2.8173828125
3.749	2.8076171875
3.75	2.7978515625
3.751	2.79296875
3.752	2.783203125
3.753	2.7734375
3.754	2.763671875
3.755	2.763671875
3.756	2.763671875
3.757	2.7392578125
3.758	2.7392578125
3.759	2.7294921875
3.76	2.734375
3.761	2.7294921875
3.762	2.7197265625
3.763	2.7294921875
3.764	2.7197265625
3.765	2.724609375
3.766	2.724609375
3.767	2.724609375
3.768	2.7294921875
3.769	2.7294921875
3.77	2.7294921875
3.771	2.7392578125
3.772	2.734375
3.773	2.7392578125
3.774	2.734375
3.775	2.7392578125
3.776	2.7587890625
3.777	2.75390625
3.778	2.763671875
3.779	2.7783203125
3.78	2.79296875
3.781	2.7978515625
3.782	2.802734375
3.783	2.8173828125
3.783996	2.8271484375
3.785004	2.822265625
3.786	2.8369140625
3.787004	2.8369140625
3.788004	2.8466796875
3.789004	2.8466796875
3.790004	2.8466796875
3.791	2.8515625
3.792	2.8515625
3.793	2.8515625
3.794	2.8466796875
3.795	2.8466796875
3.796	2.8466796875
3.797	2.8466796875
3.798	2.8515625
3.799	2.841796875
3.8	2.841796875
3.801	2.8369140625
3.802	2.8271484375
3.803	2.822265625
3.804	2.8125
3.805	2.8173828125
3.806	2.802734375
3.807	2.7880859375
3.808	2.7783203125
3.809	2.7734375
3.81	2.7587890625
3.811	2.763671875
3.812	2.75390625
3.813	2.7490234375
3.814	2.7392578125
3.815	2.734375
3.816	2.7294921875
3.817	2.734375
3.818	2.7294921875
3.819	2.7294921875
3.82	2.7294921875
3.821	2.7197265625
3.822	2.724609375
3.823	2.7197265625
3.824	2.7294921875
3.825	2.7197265625
3.826	2.7294921875
3.827004	2.734375
3.828	2.734375
3.829004	2.734375
3.830004	2.7392578125
3.831004	2.7392578125
3.832004	2.7587890625
3.833004	2.75390625
3.834	2.763671875
3.835	2.7734375
3.836	2.7880859375
3.837	2.7978515625
3.838	2.802734375
3.839	2.8076171875
3.84	2.8173828125
3.841	2.83203125
3.842	2.8271484375
3.843	2.8369140625
3.844	2.841796875
3.845	2.8466796875
3.846	2.8466796875
3.847	2.8466796875
3.848	2.8466796875
3.849	2.8466796875
3.85	2.8564453125
3.851	2.8564453125
3.852	2.8515625
3.853	2.8466796875
3.854	2.841796875
3.855	2.841796875
3.856	2.8369140625
3.857	2.8271484375
3.858	2.83203125
3.859	2.8173828125
3.86	2.8125
3.861	2.8076171875
3.862	2.802734375
3.863	2.7978515625
3.864	2.7880859375
3.865	2.783203125
3.866	2.7685546875
3.867	2.7587890625
3.868	2.7587890625
3.869	2.7490234375
3.869996	2.734375
3.871004	2.734375
3.872004	2.734375
3.873004	2.734375
3.874004	2.734375
3.875004	2.734375
3.876004	2.724609375
3.877	2.7294921875
3.878	2.724609375
3.879	2.724609375
3.88	2.724609375
3.881	2.7294921875
3.882	2.734375
3.883	2.734375
3.884	2.7294921875
3.885	2.7392578125
3.886	2.744140625
3.887	2.744140625
3.888	2.744140625
3.889	2.7587890625
3.89	2.7734375
3.891	2.7685546875
3.892	2.783203125
3.893	2.7880859375
3.894	2.7978515625
3.895	2.8076171875
3.896	2.822265625
3.897	2.8271484375
3.898	2.8271484375
3.899	2.83203125
3.9	2.8369140625
3.901	2.8466796875
3.902	2.8466796875
3.903	2.841796875
3.904	2.8515625
3.905	2.841796875
3.906	2.8515625
3.907	2.8564453125
3.908	2.8515625
3.909	2.8515625
3.91	2.8515625
3.911	2.841796875
3.911996	2.8369140625
3.913004	2.822265625
3.914	2.83203125
3.915004	2.822265625
3.916004	2.8173828125
3.917004	2.8125
3.918004	2.802734375
3.919	2.79296875
3.92	2.7880859375
3.921	2.783203125
3.922	2.7734375
3.923	2.763671875
3.924	2.75390625
3.925	2.75390625
3.926	2.7392578125
3.927	2.7392578125
3.928	2.7392578125
3.929	2.734375
3.93	2.7392578125
3.931	2.724609375
3.932	2.734375
3.933	2.7294921875
3.934	2.7197265625
3.935	2.7294921875
3.936	2.7294921875
3.937	2.734375
3.938	2.724609375
3.939	2.734375
3.94	2.7294921875
3.941	2.7392578125
3.942	2.744140625
3.943	2.744140625
3.944	2.75390625
3.945	2.7587890625
3.946	2.7685546875
3.947	2.7734375
3.948	2.783203125
3.949	2.783203125
3.95	2.8076171875
3.951	2.8125
3.952	2.8076171875
3.953	2.8173828125
3.954	2.8271484375
3.955004	2.83203125
3.956	2.8369140625
3.957004	2.841796875
3.958004	2.841796875
3.959004	2.8466796875
3.960004	2.8515625
3.961004	2.8515625
3.962	2.8564453125
3.963	2.8466796875
3.964	2.8466796875
3.965	2.8466796875
3.966	2.841796875
3.967	2.8466796875
3.968	2.8369140625
3.969	2.8271484375
3.97	2.822265625
3.971	2.8173828125
3.972	2.822265625
3.973	2.8125
3.974	2.8076171875
3.975	2.79296875
3.976	2.7880859375
3.977	2.783203125
3.978	2.7685546875
3.979	2.7587890625
3.98	2.7587890625
3.981	2.7587890625
3.982	2.75390625
3.983	2.7392578125
3.984	2.734375
3.985	2.734375
3.986	2.7392578125
3.987	2.734375
3.988	2.7294921875
3.989	2.734375
3.99	2.734375
3.991	2.724609375
3.992	2.724609375
3.993	2.724609375
3.994	2.734375
3.995	2.734375
3.996	2.7294921875
3.997	2.734375
3.997996	2.734375
3.999004	2.7392578125
4.000004	2.7490234375
4.001004	2.75390625
4.002004	2.7685546875
4.003004	2.7734375
4.004004	2.7783203125
4.005	2.7880859375
4.006	2.7978515625
4.007	2.8125
4.008	2.8076171875
4.009	2.8173828125
4.01	2.8271484375
4.011	2.8369140625
4.012	2.8369140625
4.013	2.8369140625
4.014	2.8369140625
4.015	2.841796875
4.016	2.8515625
4.017	2.8515625
4.018	2.8515625
4.019	2.8466796875
4.02	2.8515625
4.021	2.8466796875
4.022	2.8466796875
4.023	2.8369140625
4.024	2.8369140625
4.025	2.8369140625
4.026	2.83203125
4.027	2.8173828125
4.028	2.822265625
4.029	2.8076171875
4.03	2.8076171875
4.031	2.7978515625
4.032	2.7880859375
4.033	2.783203125
4.034	2.7734375
4.035	2.763671875
4.036	2.763671875
4.037	2.7587890625
4.038	2.75390625
4.039	2.7392578125
4.039996	2.7392578125
4.041004	2.744140625
4.042	2.734375
4.043004	2.734375
4.044004	2.7294921875
4.045004	2.724609375
4.046004	2.734375
4.047	2.734375
4.048	2.7294921875
4.049	2.734375
4.05	2.734375
4.051	2.734375
4.052	2.734375
4.053	2.734375
4.054	2.734375
4.055	2.744140625
4.056	2.7490234375
4.057	2.7587890625
4.058	2.7685546875
4.059	2.7734375
4.06	2.7734375
4.061	2.7880859375
4.062	2.7978515625
4.063	2.7978515625
4.064	2.802734375
4.065	2.822265625
4.066	2.8271484375
4.067	2.8271484375
4.068	2.8369140625
4.069	2.8369140625
4.07	2.8369140625
4.071	2.841796875
4.072	2.841796875
4.073	2.8369140625
4.074	2.8515625
4.075	2.8466796875
4.076	2.841796875
4.077	2.8369140625
4.078	2.841796875
4.079	2.83203125
4.08	2.83203125
4.081	2.8271484375
4.082	2.8271484375
4.083004	2.8173828125
4.084	2.822265625
4.085004	2.8076171875
4.086004	2.822265625
4.087004	2.7978515625
4.088004	2.7880859375
4.089004	2.7783203125
4.09	2.7734375
4.091	2.7685546875
4.092	2.7587890625
4.093	2.75390625
4.094	2.7587890625
4.095	2.7392578125
4.096	2.734375
4.097	2.7392578125
4.098	2.744140625
4.099	2.7294921875
4.1	2.734375
4.101	2.7294921875
4.102	2.734375
4.103	2.7294921875
4.104	2.734375
4.105	2.7294921875
4.106	2.724609375
4.107	2.724609375
4.108	2.7392578125
4.109	2.7392578125
4.11	2.734375
4.111	2.744140625
4.112	2.75390625
4.113	2.7587890625
4.114	2.7587890625
4.115	2.7685546875
4.116	2.7685546875
4.117	2.79296875
4.118	2.7978515625
4.119	2.802734375
4.12	2.8125
4.121	2.8125
4.122	2.822265625
4.123	2.822265625
4.124	2.8369140625
4.125	2.8369140625
4.125996	2.841796875
4.127004	2.8369140625
4.128004	2.841796875
4.129004	2.8466796875
4.130004	2.841796875
4.131004	2.8466796875
4.132004	2.8515625
4.133	2.841796875
4.134	2.8369140625
4.135	2.83203125
4.136	2.83203125
4.137	2.83203125
4.138	2.8271484375
4.139	2.822265625
4.14	2.822265625
4.141	2.8076171875
4.142	2.8076171875
4.143	2.7978515625
4.144	2.7978515625
4.145	2.783203125
4.146	2.7783203125
4.147	2.7734375
4.148	2.763671875
4.149	2.763671875
4.15	2.75390625
4.151	2.7490234375
4.152	2.7392578125
4.153	2.7392578125
4.154	2.734375
4.155	2.734375
4.156	2.734375
4.157	2.734375
4.158	2.734375
4.159	2.7294921875
4.16	2.7294921875
4.161	2.734375
4.162	2.734375
4.163	2.7294921875
4.164	2.734375
4.165	2.7392578125
4.166	2.7392578125
4.167	2.7490234375
4.167996	2.7587890625
4.169004	2.7587890625
4.17	2.763671875
4.171004	2.7685546875
4.172004	2.7783203125
4.173004	2.7880859375
4.174004	2.79296875
4.175	2.802734375
4.176	2.8076171875
4.177	2.8125
4.178	2.8173828125
4.179	2.822265625
4.18	2.8271484375
4.181	2.8369140625
4.182	2.83203125
4.183	2.83203125
4.184	2.8369140625
4.185	2.8466796875
4.186	2.841796875
4.187	2.8466796875
4.188	2.8466796875
4.189	2.8369140625
4.19	2.841796875
4.191	2.8369140625
4.192	2.8369140625
4.193	2.8271484375
4.194	2.83203125
4.195	2.8271484375
4.196	2.8173828125
4.197	2.8173828125
4.198	2.8125
4.199	2.7978515625
4.2	2.7978515625
4.201	2.7880859375
4.202	2.7783203125
4.203	2.7783203125
4.204	2.7587890625
4.205	2.7587890625
4.206	2.7587890625
4.207	2.7490234375
4.208	2.7392578125
4.209	2.734375
4.21	2.7392578125
4.211004	2.7392578125
4.212	2.734375
4.213004	2.7392578125
4.214004	2.734375
4.215004	2.724609375
4.216004	2.7392578125
4.217004	2.7294921875
4.218	2.7294921875
4.219	2.7392578125
4.22	2.7294921875
4.221	2.744140625
4.222	2.7392578125
4.223	2.7490234375
4.224	2.7490234375
4.225	2.7587890625
4.226	2.7587890625
4.227	2.7685546875
4.228	2.7734375
4.229	2.783203125
4.23	2.79296875
4.231	2.7978515625
4.232	2.8076171875
4.233	2.8125
4.234	2.822265625
4.235	2.8125
4.236	2.8271484375
4.237	2.83203125
4.238	2.8369140625
4.239	2.8369140625
4.24	2.83203125
4.241	2.8466796875
4.242	2.841796875
4.243	2.8369140625
4.244	2.8466796875
4.245	2.8369140625
4.246	2.8369140625
4.247	2.8369140625
4.248	2.8369140625
4.249	2.8271484375
4.25	2.8271484375
4.251	2.8271484375
4.252	2.8173828125
4.253	2.8125
4.253996	2.8076171875
4.255004	2.802734375
4.256004	2.79296875
4.257004	2.783203125
4.258004	2.7734375
4.259004	2.7734375
4.260004	2.763671875
4.261	2.763671875
4.262	2.75390625
4.263	2.7587890625
4.264	2.744140625
4.265	2.7392578125
4.266	2.7392578125
4.267	2.7392578125
4.268	2.7392578125
4.269	2.734375
4.27	2.734375
4.271	2.7392578125
4.272	2.734375
4.273	2.734375
4.274	2.7294921875
4.275	2.7392578125
4.276	2.734375
4.277	2.7392578125
4.278	2.7392578125
4.279	2.7490234375
4.28	2.7490234375
4.281	2.7587890625
4.282	2.763671875
4.283	2.7685546875
4.284	2.7685546875
4.285	2.783203125
4.286	2.79296875
4.287	2.7978515625
4.288	2.802734375
4.289	2.8076171875
4.29	2.8173828125
4.291	2.822265625
4.292	2.8271484375
4.293	2.8271484375
4.294	2.8271484375
4.295	2.83203125
4.295996	2.8271484375
4.297004	2.841796875
4.298	2.841796875
4.299004	2.841796875
4.300004	2.841796875
4.301004	2.841796875
4.302004	2.83203125
4.303	2.8271484375
4.304	2.8369140625
4.305	2.83203125
4.306	2.8271484375
4.307	2.8173828125
4.308	2.822265625
4.309	2.8125
4.31	2.8076171875
4.311	2.802734375
4.312	2.7978515625
4.313	2.79296875
4.314	2.783203125
4.315	2.7734375
4.316	2.7685546875
4.317	2.763671875
4.318	2.7587890625
4.319	2.7490234375
4.32	2.7490234375
4.321	2.7392578125
4.322	2.734375
4.323	2.7392578125
4.324	2.7294921875
4.325	2.734375
4.326	2.7294921875
4.327	2.734375
4.328	2.7294921875
4.329	2.734375
4.33	2.7392578125
4.331	2.734375
4.332	2.7392578125
4.333	2.744140625
4.334	2.744140625
4.335	2.7490234375
4.336	2.7490234375
4.337	2.7587890625
4.338	2.763671875
4.339004	2.7587890625
4.34	2.7734375
4.341004	2.7783203125
4.342004	2.7783203125
4.343004	2.7978515625
4.344004	2.7978515625
4.345004	2.8125
4.346	2.8076171875
4.347	2.822265625
4.348	2.8271484375
4.349	2.8271484375
4.35	2.8271484375
4.351	2.83203125
4.352	2.8369140625
4.353	2.8369140625
4.354	2.83203125
4.355	2.8369140625
4.356	2.8369140625
4.357	2.83203125
4.358	2.8369140625
4.359	2.83203125
4.36	2.8271484375
4.361	2.8271484375
4.362	2.8173828125
4.363	2.8173828125
4.364	2.8173828125
4.365	2.8125
4.366	2.8173828125
4.367	2.802734375
4.368	2.7978515625
4.369	2.783203125
4.37	2.7734375
4.371	2.7734375
4.372	2.7734375
4.373	2.763671875
4.374	2.7587890625
4.375	2.7587890625
4.376	2.75390625
4.377	2.7392578125
4.378	2.744140625
4.379	2.734375
4.38	2.7392578125
4.381	2.7392578125
4.381996	2.734375
4.383004	2.7392578125
4.384004	2.734375
4.385004	2.744140625
4.386004	2.7392578125
4.387004	2.734375
4.388004	2.734375
4.389	2.744140625
4.39	2.744140625
4.391	2.75390625
4.392	2.75390625
4.393	2.7587890625
4.394	2.7587890625
4.395	2.763671875
4.396	2.7734375
4.397	2.783203125
4.398	2.7880859375
4.399	2.802734375
4.4	2.802734375
4.401	2.8076171875
4.402	2.8076171875
4.403	2.8173828125
4.404	2.8271484375
4.405	2.822265625
4.406	2.8369140625
4.407	2.8369140625
4.408	2.8369140625
4.409	2.8369140625
4.41	2.83203125
4.411	2.8369140625
4.412	2.8369140625
4.413	2.8369140625
4.414	2.8271484375
4.415	2.841796875
4.416	2.8271484375
4.417	2.83203125
4.418	2.822265625
4.419	2.822265625
4.42	2.8125
4.421	2.8125
4.422	2.802734375
4.423	2.7978515625
4.423996	2.79296875
4.425004	2.79296875
4.426	2.7734375
4.427004	2.7685546875
4.428004	2.7685546875
4.429004	2.7685546875
4.430004	2.7587890625
4.431	2.7587890625
4.432	2.75390625
4.433	2.7490234375
4.434	2.7392578125
4.435	2.7392578125
4.436	2.7392578125
4.437	2.7392578125
4.438	2.734375
4.439	2.734375
4.44	2.734375
4.441	2.734375
4.442	2.734375
4.443	2.7392578125
4.444	2.7392578125
4.445	2.7392578125
4.446	2.7392578125
4.447	2.7490234375
4.448	2.75390625
4.449	2.75390625
4.45	2.763671875
4.451	2.7685546875
4.452	2.783203125
4.453	2.783203125
4.454	2.7880859375
4.455	2.7880859375
4.456	2.802734375
4.457	2.8125
4.458	2.8076171875
4.459	2.8173828125
4.46	2.8271484375
4.461	2.8271484375
4.462	2.8271484375
4.463	2.8369140625
4.464	2.8271484375
4.465	2.8369140625
4.466	2.83203125
4.467004	2.83203125
4.468	2.83203125
4.469004	2.83203125
4.470004	2.83203125
4.471004	2.8369140625
4.472004	2.8369140625
4.473004	2.83203125
4.474	2.822265625
4.475	2.822265625
4.476	2.8173828125
4.477	2.8173828125
4.478	2.8173828125
4.479	2.802734375
4.48	2.79296875
4.481	2.783203125
4.482	2.783203125
4.483	2.7734375
4.484	2.7734375
4.485	2.763671875
4.486	2.7587890625
4.487	2.7587890625
4.488	2.75390625
4.489	2.75390625
4.49	2.744140625
4.491	2.7392578125
4.492	2.7392578125
4.493	2.7392578125
4.494	2.7392578125
4.495	2.7392578125
4.496	2.734375
4.497	2.734375
4.498	2.734375
4.499	2.7392578125
4.5	2.7392578125
4.501	2.744140625
4.502	2.7490234375
4.503	2.75390625
4.504	2.7490234375
4.505	2.7587890625
4.506	2.763671875
4.507	2.763671875
4.508	2.7685546875
4.509	2.783203125
4.509996	2.783203125
4.511004	2.79296875
4.512004	2.7978515625
4.513004	2.802734375
4.514004	2.8076171875
4.515004	2.822265625
4.516004	2.822265625
4.517	2.8271484375
4.518	2.8271484375
4.519	2.83203125
4.52	2.8271484375
4.521	2.8369140625
4.522	2.841796875
4.523	2.841796875
4.524	2.8369140625
4.525	2.841796875
4.526	2.8271484375
4.527	2.8271484375
4.528	2.8271484375
4.529	2.8271484375
4.53	2.8271484375
4.531	2.822265625
4.532	2.8173828125
4.533	2.802734375
4.534	2.8076171875
4.535	2.8076171875
4.536	2.7978515625
4.537	2.79296875
4.538	2.783203125
4.539	2.7783203125
4.54	2.7685546875
4.541	2.7685546875
4.542	2.7587890625
4.543	2.763671875
4.544	2.75390625
4.545	2.7490234375
4.546	2.7490234375
4.547	2.744140625
4.548	2.7392578125
4.549	2.7392578125
4.55	2.7392578125
4.551	2.744140625
4.551996	2.7392578125
4.553004	2.744140625
4.554	2.7392578125
4.555004	2.7392578125
4.556004	2.744140625
4.557004	2.744140625
4.558004	2.7490234375
4.559	2.744140625
4.56	2.7587890625
4.561	2.7587890625
4.562	2.763671875
4.563	2.763671875
4.564	2.7734375
4.565	2.7734375
4.566	2.783203125
4.567	2.7880859375
4.568	2.7978515625
4.569	2.7978515625
4.57	2.802734375
4.571	2.8076171875
4.572	2.822265625
4.573	2.822265625
4.574	2.8173828125
4.575	2.8271484375
4.576	2.8369140625
4.577	2.841796875
4.578	2.8369140625
4.579	2.8369140625
4.58	2.8369140625
4.581	2.83203125
4.582	2.83203125
4.583	2.8369140625
4.584	2.822265625
4.585	2.822265625
4.586	2.8271484375
4.587	2.822265625
4.588	2.8125
4.589	2.8076171875
4.59	2.8076171875
4.591	2.8076171875
4.592	2.7978515625
4.593	2.7880859375
4.594	2.783203125
4.595004	2.783203125
4.596	2.7783203125
4.597004	2.7685546875
4.598004	2.763671875
4.599004	2.763671875
4.600004	2.7587890625
4.601004	2.7587890625
4.602	2.7490234375
4.603	2.744140625
4.604	2.744140625
4.605	2.734375
4.606	2.7392578125
4.607	2.7392578125
4.608	2.7392578125
4.609	2.7392578125
4.61	2.7392578125
4.611	2.7392578125
4.612	2.7392578125
4.613	2.744140625
4.614	2.744140625
4.615	2.7490234375
4.616	2.7587890625
4.617	2.763671875
4.618	2.7587890625
4.619	2.7685546875
4.62	2.763671875
4.621	2.7734375
4.622	2.7783203125
4.623	2.7978515625
4.624	2.7978515625
4.625	2.7978515625
4.626	2.802734375
4.627	2.8125
4.628	2.8173828125
4.629	2.8173828125
4.63	2.822265625
4.631	2.8271484375
4.632	2.822265625
4.633	2.8271484375
4.634	2.8369140625
4.635	2.8369140625
4.636	2.8271484375
4.637	2.8271484375
4.637996	2.8271484375
4.639004	2.8271484375
4.640004	2.8271484375
4.641004	2.8271484375
4.642004	2.8271484375
4.643004	2.8125
4.644004	2.822265625
4.645	2.8076171875
4.646	2.8125
4.647	2.802734375
4.648	2.7978515625
4.649	2.7880859375
4.65	2.7783203125
4.651	2.783203125
4.652	2.7783203125
4.653	2.7734375
4.654	2.7685546875
4.655	2.763671875
4.656	2.7587890625
4.657	2.7587890625
4.658	2.75390625
4.659	2.744140625
4.66	2.744140625
4.661	2.744140625
4.662	2.7392578125
4.663	2.7392578125
4.664	2.7392578125
4.665	2.7392578125
4.666	2.7392578125
4.667	2.7392578125
4.668	2.7392578125
4.669	2.744140625
4.67	2.7490234375
4.671	2.75390625
4.672	2.7587890625
4.673	2.7587890625
4.674	2.763671875
4.675	2.7685546875
4.676	2.7685546875
4.677	2.7734375
4.678	2.7783203125
4.679	2.7978515625
4.679996	2.79296875
4.681004	2.802734375
4.682	2.8076171875
4.683004	2.8076171875
4.684004	2.822265625
4.685004	2.822265625
4.686004	2.8173828125
4.687	2.8271484375
4.688	2.83203125
4.689	2.83203125
4.69	2.8369140625
4.691	2.8369140625
4.692	2.841796875
4.693	2.8369140625
4.694	2.8369140625
4.695	2.83203125
4.696	2.8271484375
4.697	2.822265625
4.698	2.8173828125
4.699	2.8173828125
4.7	2.8076171875
4.701	2.802734375
4.702	2.8125
4.703	2.7978515625
4.704	2.802734375
4.705	2.783203125
4.706	2.7783203125
4.707	2.7734375
4.708	2.7685546875
4.709	2.7734375
4.71	2.7685546875
4.711	2.7587890625
4.712	2.7685546875
4.713	2.7587890625
4.714	2.75390625
4.715	2.7490234375
4.716	2.7490234375
4.717	2.744140625
4.718	2.744140625
4.719	2.744140625
4.72	2.7392578125
4.721	2.7392578125
4.722	2.744140625
4.723004	2.744140625
4.724	2.744140625
4.725004	2.7490234375
4.726004	2.75390625
4.727004	2.7490234375
4.728004	2.7587890625
4.729004	2.763671875
4.73	2.763671875
4.731	2.763671875
4.732	2.7734375
4.733	2.7783203125
4.734	2.783203125
4.735	2.7880859375
4.736	2.802734375
4.737	2.802734375
4.738	2.8125
4.739	2.8076171875
4.74	2.8173828125
4.741	2.822265625
4.742	2.8271484375
4.743	2.8271484375
4.744	2.822265625
4.745	2.822265625
4.746	2.83203125
4.747	2.83203125
4.748	2.8369140625
4.749	2.83203125
4.75	2.83203125
4.751	2.8271484375
4.752	2.8173828125
4.753	2.822265625
4.754	2.822265625
4.755	2.822265625
4.756	2.8173828125
4.757	2.8125
4.758	2.8076171875
4.759	2.8076171875
4.76	2.802734375
4.761	2.7880859375
4.762	2.783203125
4.763	2.783203125
4.764	2.7783203125
4.765	2.7734375
4.765996	2.7685546875
4.767004	2.7587890625
4.768004	2.763671875
4.769004	2.75390625
4.770004	2.75390625
4.771004	2.75390625
4.772004	2.7490234375
4.773	2.7490234375
4.774	2.744140625
4.775	2.744140625
4.776	2.7392578125
4.777	2.744140625
4.778	2.744140625
4.779	2.744140625
4.78	2.7392578125
4.781	2.744140625
4.782	2.75390625
4.783	2.7490234375
4.784	2.75390625
4.785	2.75390625
4.786	2.7587890625
4.787	2.7587890625
4.788	2.7734375
4.789	2.7783203125
4.79	2.783203125
4.791	2.7783203125
4.792	2.7978515625
4.793	2.79296875
4.794	2.8125
4.795	2.8125
4.796	2.8173828125
4.797	2.8173828125
4.798	2.8271484375
4.799	2.822265625
4.8	2.8271484375
4.801	2.8271484375
4.802	2.8271484375
4.803	2.8369140625
4.804	2.83203125
4.805	2.8369140625
4.806	2.8369140625
4.807	2.83203125
4.807996	2.8271484375
4.809004	2.822265625
4.81	2.822265625
4.811004	2.822265625
4.812004	2.8076171875
4.813004	2.8076171875
4.814004	2.8076171875
4.815	2.802734375
4.816	2.7978515625
4.817	2.7880859375
4.818	2.783203125
4.819	2.783203125
4.82	2.783203125
4.821	2.7685546875
4.822	2.7685546875
4.823	2.763671875
4.824	2.7587890625
4.825	2.7490234375
4.826	2.75390625
4.827	2.7587890625
4.828	2.7490234375
4.829	2.744140625
4.83	2.744140625
4.831	2.734375
4.832	2.7392578125
4.833	2.7392578125
4.834	2.744140625
4.835	2.7490234375
4.836	2.7392578125
4.837	2.75390625
4.838	2.75390625
4.839	2.75390625
4.84	2.7587890625
4.841	2.763671875
4.842	2.7587890625
4.843	2.7685546875
4.844	2.7685546875
4.845	2.7734375
4.846	2.7783203125
4.847	2.7880859375
4.848	2.79296875
4.849	2.802734375
4.85	2.802734375
4.851004	2.8076171875
4.852	2.8125
4.853004	2.8173828125
4.854004	2.8125
4.855004	2.8271484375
4.856004	2.8173828125
4.857004	2.8271484375
4.858	2.83203125
4.859	2.822265625
4.86	2.8271484375
4.861	2.8271484375
4.862	2.8271484375
4.863	2.8271484375
4.864	2.822265625
4.865	2.822265625
4.866	2.8173828125
4.867	2.8125
4.868	2.8076171875
4.869	2.8076171875
4.87	2.802734375
4.871	2.8076171875
4.872	2.7978515625
4.873	2.79296875
4.874	2.79296875
4.875	2.7783203125
4.876	2.7783203125
4.877	2.7685546875
4.878	2.763671875
4.879	2.763671875
4.88	2.7587890625
4.881	2.763671875
4.882	2.7587890625
4.883	2.75390625
4.884	2.75390625
4.885	2.744140625
4.886	2.7392578125
4.887	2.744140625
4.888	2.744140625
4.889	2.744140625
4.89	2.744140625
4.891	2.7490234375
4.892	2.7392578125
4.893	2.7490234375
4.893996	2.75390625
4.895004	2.7587890625
4.896004	2.7490234375
4.897004	2.763671875
4.898004	2.7587890625
4.899004	2.7685546875
4.900004	2.7734375
4.901	2.7783203125
4.902	2.7783203125
4.903	2.7880859375
4.904	2.79296875
4.905	2.7978515625
4.906	2.8076171875
4.907	2.802734375
4.908	2.8076171875
4.909	2.8125
4.91	2.8173828125
4.911	2.822265625
4.912	2.822265625
4.913	2.822265625
4.914	2.8271484375
4.915	2.8271484375
4.916	2.8271484375
4.917	2.8271484375
4.918	2.822265625
4.919	2.8271484375
4.92	2.8271484375
4.921	2.8271484375
4.922	2.822265625
4.923	2.822265625
4.924	2.8125
4.925	2.8076171875
4.926	2.7978515625
4.927	2.802734375
4.928	2.7978515625
4.929	2.79296875
4.93	2.7880859375
4.931	2.783203125
4.932	2.783203125
4.933	2.7734375
4.934	2.763671875
4.935	2.7685546875
4.935996	2.75390625
4.937004	2.763671875
4.938	2.75390625
4.939004	2.75390625
4.940004	2.75390625
4.941004	2.75390625
4.942004	2.7392578125
4.943	2.744140625
4.944	2.744140625
4.945	2.744140625
4.946	2.744140625
4.947	2.744140625
4.948	2.75390625
4.949	2.744140625
4.95	2.75390625
4.951	2.75390625
4.952	2.7587890625
4.953	2.75390625
4.954	2.7587890625
4.955	2.763671875
4.956	2.7783203125
4.957	2.7734375
4.958	2.7783203125
4.959	2.7880859375
4.96	2.79296875
4.961	2.802734375
4.962	2.8076171875
4.963	2.8076171875
4.964	2.8076171875
4.965	2.8125
4.966	2.8125
4.967	2.8173828125
4.968	2.8271484375
4.969	2.8271484375
4.97	2.8271484375
4.971	2.8271484375
4.972	2.8271484375
4.973	2.8271484375
4.974	2.8173828125
4.975	2.8271484375
4.976	2.8271484375
4.977	2.822265625
4.978	2.8125
4.979004	2.8125
4.98	2.8173828125
4.981004	2.8076171875
4.982004	2.7978515625
4.983004	2.8076171875
4.984004	2.7978515625
4.985004	2.7880859375
4.986	2.79296875
4.987	2.783203125
4.988	2.783203125
4.989	2.7734375
4.99	2.7685546875
4.991	2.7685546875
4.992	2.763671875
4.993	2.75390625
4.994	2.75390625
4.995	2.75390625
4.996	2.75390625
4.997	2.7587890625
4.998	2.7490234375
4.999	2.7392578125
5.0	2.744140625
5.001	2.7490234375
5.002	2.7490234375
5.003	2.7490234375
5.004	2.75390625
5.005	2.75390625
5.006	2.75390625
5.007	2.75390625
5.008	2.763671875
5.009	2.763671875
5.01	2.7685546875
5.011	2.763671875
5.012	2.7734375
5.013	2.7734375
5.014	2.7783203125
5.015	2.7880859375
5.016	2.79296875
5.017	2.802734375
5.018	2.802734375
5.019	2.8076171875
5.02	2.8076171875
5.021	2.8125
5.021996	2.8125
5.023004	2.8173828125
5.024004	2.8271484375
5.025004	2.8173828125
5.026004	2.8173828125
5.027004	2.8271484375
5.028004	2.8271484375
5.029	2.8271484375
5.03	2.8173828125
5.031	2.822265625
5.032	2.822265625
5.033	2.8125
5.034	2.8173828125
5.035	2.8125
5.036	2.8076171875
5.037	2.8076171875
5.038	2.802734375
5.039	2.7978515625
5.04	2.802734375
5.041	2.7880859375
5.042	2.783203125
5.043	2.7783203125
5.044	2.7734375
5.045	2.7783203125
5.046	2.7734375
5.047	2.763671875
5.048	2.7587890625
5.049	2.7587890625
5.05	2.763671875
5.051	2.75390625
5.052	2.75390625
5.053	2.7490234375
5.054	2.75390625
5.055	2.75390625
5.056	2.744140625
5.057	2.7490234375
5.058	2.744140625
5.059	2.75390625
5.06	2.75390625
5.061	2.75390625
5.062	2.7587890625
5.063	2.7587890625
5.063996	2.763671875
5.065004	2.7685546875
5.066	2.763671875
5.067004	2.763671875
5.068004	2.7783203125
5.069004	2.7783203125
5.070004	2.783203125
5.071	2.7880859375
5.072	2.7978515625
5.073	2.7978515625
5.074	2.7978515625
5.075	2.8076171875
5.076	2.8076171875
5.077	2.802734375
5.078	2.8173828125
5.079	2.8125
5.08	2.8271484375
5.081	2.8173828125
5.082	2.8271484375
5.083	2.8271484375
5.084	2.822265625
5.085	2.8271484375
5.086	2.8173828125
5.087	2.8271484375
5.088	2.8271484375
5.089	2.822265625
5.09	2.822265625
5.091	2.8076171875
5.092	2.8076171875
5.093	2.8125
5.094	2.8076171875
5.095	2.79296875
5.096	2.7978515625
5.097	2.7880859375
5.098	2.7880859375
5.099	2.7880859375
5.1	2.7783203125
5.101	2.763671875
5.102	2.7783203125
5.103	2.7587890625
5.104	2.7685546875
5.105	2.763671875
5.106	2.763671875
5.107004	2.7587890625
5.108	2.75390625
5.109004	2.75390625
5.110004	2.75390625
5.111004	2.75390625
5.112004	2.7490234375
5.113004	2.75390625
5.114	2.75390625
5.115	2.7490234375
5.116	2.75390625
5.117	2.75390625
5.118	2.75390625
5.119	2.7587890625
5.12	2.7587890625
5.121	2.75390625
5.122	2.7685546875
5.123	2.7685546875
5.124	2.7685546875
5.125	2.7783203125
5.126	2.783203125
5.127	2.7880859375
5.128	2.79296875
5.129	2.802734375
5.13	2.802734375
5.131	2.802734375
5.132	2.8076171875
5.133	2.8125
5.134	2.8076171875
5.135	2.8173828125
5.136	2.8173828125
5.137	2.8271484375
5.138	2.8271484375
5.139	2.822265625
5.14	2.822265625
5.141	2.822265625
5.142	2.822265625
5.143	2.822265625
5.144	2.822265625
5.145	2.8173828125
5.146	2.822265625
5.147	2.8173828125
5.148	2.8125
5.149	2.8173828125
5.149996	2.8125
5.151004	2.802734375
5.152004	2.79296875
5.153004	2.7978515625
5.154004	2.79296875
5.155004	2.7783203125
5.156004	2.7783203125
5.157	2.7685546875
5.158	2.7734375
5.159	2.7587890625
5.16	2.763671875
5.161	2.763671875
5.162	2.763671875
5.163	2.75390625
5.164	2.7587890625
5.165	2.7490234375
5.166	2.7490234375
5.167	2.7490234375
5.168	2.7587890625
5.169	2.75390625
5.17	2.7587890625
5.171	2.7490234375
5.172	2.75390625
5.173	2.75390625
5.174	2.75390625
5.175	2.75390625
5.176	2.75390625
5.177	2.7587890625
5.178	2.7685546875
5.179	2.763671875
5.18	2.7685546875
5.181	2.7783203125
5.182	2.783203125
5.183	2.7880859375
5.184	2.79296875
5.185	2.7880859375
5.186	2.802734375
5.187	2.802734375
5.188	2.8076171875
5.189	2.8125
5.19	2.8173828125
5.191	2.8173828125
5.191996	2.822265625
5.193004	2.8271484375
5.194	2.8271484375
5.195004	2.822265625
5.196004	2.8271484375
5.197004	2.8173828125
5.198004	2.822265625
5.199	2.822265625
5.2	2.822265625
5.201	2.8173828125
5.202	2.8173828125
5.203	2.8173828125
5.204	2.8076171875
5.205	2.8125
5.206	2.7978515625
5.207	2.802734375
5.208	2.7978515625
5.209	2.802734375
5.21	2.7880859375
5.211	2.7783203125
5.212	2.7783203125
5.213	2.7734375
5.214	2.7685546875
5.215	2.763671875
5.216	2.763671875
5.217	2.7587890625
5.218	2.763671875
5.219	2.75390625
5.22	2.7587890625
5.221	2.7490234375
5.222	2.75390625
5.223	2.744140625
5.224	2.75390625
5.225	2.7490234375
5.226	2.7490234375
5.227	2.7587890625
5.228	2.75390625
5.229	2.763671875
5.23	2.75390625
5.231	2.75390625
5.232	2.763671875
5.233	2.763671875
5.234	2.7685546875
5.235004	2.7685546875
5.236	2.7783203125
5.237004	2.7783203125
5.238004	2.7783203125
5.239004	2.783203125
5.240004	2.7978515625
5.241004	2.7978515625
5.242	2.802734375
5.243	2.802734375
5.244	2.8076171875
5.245	2.8076171875
5.246	2.8076171875
5.247	2.8173828125
5.248	2.8173828125
5.249	2.8173828125
5.25	2.822265625
5.251	2.8271484375
5.252	2.822265625
5.253	2.822265625
5.254	2.822265625
5.255	2.822265625
5.256	2.8173828125
5.257	2.8173828125
5.258	2.8125
5.259	2.8076171875
5.26	2.8125
5.261	2.8125
5.262	2.8076171875
5.263	2.7978515625
5.264	2.7978515625
5.265	2.79296875
5.266	2.7880859375
5.267	2.7783203125
5.268	2.7734375
5.269	2.7783203125
5.27	2.7685546875
5.271	2.7685546875
5.272	2.7587890625
5.273	2.7685546875
5.274	2.763671875
5.275	2.7587890625
5.276	2.7587890625
5.277	2.75390625
5.277996	2.75390625
5.279004	2.75390625
5.280004	2.7490234375
5.281004	2.75390625
5.282004	2.7587890625
5.283004	2.7490234375
5.284004	2.75390625
5.285	2.7587890625
5.286	2.75390625
5.287	2.75390625
5.288	2.7587890625
5.289	2.763671875
5.29	2.7685546875
5.291	2.7685546875
5.292	2.7734375
5.293	2.7783203125
5.294	2.783203125
5.295	2.7880859375
5.296	2.7880859375
5.297	2.7978515625
5.298	2.802734375
5.299	2.802734375
5.3	2.802734375
5.301	2.802734375
5.302	2.8125
5.303	2.822265625
5.304	2.8173828125
5.305	2.822265625
5.306	2.8173828125
5.307	2.822265625
5.308	2.822265625
5.309	2.822265625
5.31	2.822265625
5.311	2.822265625
5.312	2.8173828125
5.313	2.8173828125
5.314	2.8173828125
5.315	2.8076171875
5.316	2.8125
5.317	2.8173828125
5.318	2.7978515625
5.319	2.802734375
5.319996	2.802734375
5.321004	2.783203125
5.322	2.79296875
5.323004	2.783203125
5.324004	2.7734375
5.325004	2.7734375
5.326004	2.7734375
5.327	2.7734375
5.328	2.7685546875
5.329	2.7685546875
5.33	2.7587890625
5.331	2.7587890625
5.332	2.7587890625
5.333	2.7587890625
5.334	2.75390625
5.335	2.75390625
5.336	2.75390625
5.337	2.744140625
5.338	2.7490234375
5.339	2.75390625
5.34	2.7490234375
5.341	2.7587890625
5.342	2.763671875
5.343	2.75390625
5.344	2.763671875
5.345	2.763671875
5.346	2.7685546875
5.347	2.7734375
5.348	2.7734375
5.349	2.783203125
5.35	2.7783203125
5.351	2.7783203125
5.352	2.79296875
5.353	2.79296875
5.354	2.7978515625
5.355	2.7978515625
5.356	2.8076171875
5.357	2.8076171875
5.358	2.8125
5.359	2.8125
5.36	2.8125
5.361	2.822265625
5.362	2.822265625
5.363004	2.8271484375
5.364	2.822265625
5.365004	2.8173828125
5.366004	2.822265625
5.367004	2.8173828125
5.368004	2.8173828125
5.369004	2.822265625
5.37	2.8076171875
5.371	2.8125
5.372	2.8076171875
5.373	2.8076171875
5.374	2.7978515625
5.375	2.802734375
5.376	2.79296875
5.377	2.783203125
5.378	2.783203125
5.379	2.7880859375
5.38	2.7783203125
5.381	2.7783203125
5.382	2.7734375
5.383	2.763671875
5.384	2.763671875
5.385	2.7587890625
5.386	2.7587890625
5.387	2.763671875
5.388	2.763671875
5.389	2.7587890625
5.39	2.7587890625
5.391	2.7490234375
5.392	2.7490234375
5.393	2.75390625
5.394	2.7490234375
5.395	2.75390625
5.396	2.7587890625
5.397	2.7587890625
5.398	2.7587890625
5.399	2.7587890625
5.4	2.75390625
5.401	2.7587890625
5.402	2.763671875
5.403	2.763671875
5.404	2.7734375
5.405	2.7783203125
5.405996	2.783203125
5.407004	2.79296875
5.408004	2.79296875
5.409004	2.79296875
5.410004	2.7978515625
5.411004	2.802734375
5.412004	2.802734375
5.413	2.8076171875
5.414	2.8173828125
5.415	2.8125
5.416	2.8173828125
5.417	2.8125
5.418	2.822265625
5.419	2.8173828125
5.42	2.8173828125
5.421	2.8271484375
5.422	2.8173828125
5.423	2.8125
5.424	2.822265625
5.425	2.8173828125
5.426	2.8125
5.427	2.8076171875
5.428	2.7978515625
5.429	2.8076171875
5.43	2.802734375
5.431	2.7978515625
5.432	2.7880859375
5.433	2.7978515625
5.434	2.783203125
5.435	2.7783203125
5.436	2.783203125
5.437	2.7783203125
5.438	2.7685546875
5.439	2.763671875
5.44	2.7685546875
5.441	2.763671875
5.442	2.763671875
5.443	2.763671875
5.444	2.7587890625
5.445	2.75390625
5.446	2.75390625
5.447	2.7587890625
5.447996	2.7587890625
5.449004	2.7490234375
5.45	2.7587890625
5.451004	2.7587890625
5.452004	2.763671875
5.453004	2.7587890625
5.454004	2.763671875
5.455	2.763671875
5.456	2.763671875
5.457	2.7587890625
5.458	2.75390625
5.459	2.7783203125
5.46	2.7734375
5.461	2.7783203125
5.462	2.7734375
5.463	2.7880859375
5.464	2.7880859375
5.465	2.7978515625
5.466	2.802734375
5.467	2.802734375
5.468	2.8076171875
5.469	2.8076171875
5.47	2.8076171875
5.471	2.8125
5.472	2.8173828125
5.473	2.8173828125
5.474	2.822265625
5.475	2.822265625
5.476	2.822265625
5.477	2.8125
5.478	2.8125
5.479	2.8173828125
5.48	2.8173828125
5.481	2.8125
5.482	2.8076171875
5.483	2.8076171875
5.484	2.8076171875
5.485	2.802734375
5.486	2.802734375
5.487	2.79296875
5.488	2.7978515625
5.489	2.79296875
5.49	2.7880859375
5.491004	2.783203125
5.492	2.783203125
5.493004	2.783203125
5.494004	2.7783203125
5.495004	2.7783203125
5.496004	2.7685546875
5.497004	2.763671875
5.498	2.7587890625
5.499	2.763671875
5.5	2.763671875
5.501	2.763671875
5.502	2.75390625
5.503	2.7587890625
5.504	2.7587890625
5.505	2.75390625
5.506	2.75390625
5.507	2.7490234375
5.508	2.7587890625
5.509	2.7490234375
5.51	2.7587890625
5.511	2.763671875
5.512	2.763671875
5.513	2.763671875
5.514	2.763671875
5.515	2.7783203125
5.516	2.7734375
5.517	2.7783203125
5.518	2.783203125
5.519	2.7880859375
5.52	2.7880859375
5.521	2.79296875
5.522	2.7978515625
5.523	2.7978515625
5.524	2.802734375
5.525	2.7978515625
5.526	2.8076171875
5.527	2.8125
5.528	2.8125
5.529	2.8173828125
5.53	2.822265625
5.531	2.8173828125
5.532	2.8125
5.533	2.8125
5.533996	2.8125
5.535004	2.8173828125
5.536004	2.8173828125
5.537004	2.8076171875
5.538004	2.8076171875
5.539004	2.8076171875
5.540004	2.8076171875
5.541	2.8076171875
5.542	2.7978515625
5.543	2.7978515625
5.544	2.7978515625
5.545	2.7880859375
5.546	2.783203125
5.547	2.783203125
5.548	2.7783203125
5.549	2.783203125
5.55	2.7685546875
5.551	2.7685546875
5.552	2.763671875
5.553	2.7587890625
5.554	2.763671875
5.555	2.763671875
5.556	2.763671875
5.557	2.7587890625
5.558	2.75390625
5.559	2.7587890625
5.56	2.7587890625
5.561	2.7587890625
5.562	2.75390625
5.563	2.7587890625
5.564	2.7587890625
5.565	2.75390625
5.566	2.763671875
5.567	2.763671875
5.568	2.763671875
5.569	2.7685546875
5.57	2.7685546875
5.571	2.7685546875
5.572	2.7783203125
5.573	2.7783203125
5.574	2.783203125
5.575	2.783203125
5.575996	2.79296875
5.577004	2.7978515625
5.578	2.79296875
5.579004	2.802734375
5.580004	2.8076171875
5.581004	2.8125
5.582004	2.8076171875
5.583	2.8125
5.584	2.8125
5.585	2.8173828125
5.586	2.8173828125
5.587	2.8173828125
5.588	2.8271484375
5.589	2.8173828125
5.59	2.8173828125
5.591	2.822265625
5.592	2.8173828125
5.593	2.8125
5.594	2.8076171875
5.595	2.8125
5.596	2.8076171875
5.597	2.8076171875
5.598	2.802734375
5.599	2.802734375
5.6	2.7978515625
5.601	2.79296875
5.602	2.7880859375
5.603	2.7783203125
5.604	2.783203125
5.605	2.783203125
5.606	2.7734375
5.607	2.7734375
5.608	2.763671875
5.609	2.7587890625
5.61	2.7587890625
5.611	2.7587890625
5.612	2.7587890625
5.613	2.7587890625
5.614	2.75390625
5.615	2.7587890625
5.616	2.7587890625
5.617	2.7587890625
5.618	2.7587890625
5.619004	2.7587890625
5.62	2.7587890625
5.621004	2.75390625
5.622004	2.763671875
5.623004	2.7587890625
5.624004	2.7587890625
5.625004	2.763671875
5.626	2.763671875
5.627	2.7783203125
5.628	2.7734375
5.629	2.7783203125
5.63	2.783203125
5.631	2.7880859375
5.632	2.783203125
5.633	2.79296875
5.634	2.7978515625
5.635	2.802734375
5.636	2.802734375
5.637	2.8076171875
5.638	2.8125
5.639	2.8125
5.64	2.8125
5.641	2.8076171875
5.642	2.8076171875
5.643	2.822265625
5.644	2.822265625
5.645	2.8173828125
5.646	2.8271484375
5.647	2.8173828125
5.648	2.8076171875
5.649	2.8125
5.65	2.8076171875
5.651	2.8125
5.652	2.8076171875
5.653	2.8125
5.654	2.802734375
5.655	2.7978515625
5.656	2.79296875
5.657	2.79296875
5.658	2.783203125
5.659	2.7880859375
5.66	2.783203125
5.661	2.7783203125
5.661996	2.7734375
5.663004	2.7734375
5.664004	2.7685546875
5.665004	2.7587890625
5.666004	2.7685546875
5.667004	2.763671875
5.668004	2.7587890625
5.669	2.763671875
5.67	2.7587890625
5.671	2.7587890625
5.672	2.7587890625
5.673	2.763671875
5.674	2.7490234375
5.675	2.75390625
5.676	2.7587890625
5.677	2.7587890625
5.678	2.7587890625
5.679	2.7587890625
5.68	2.763671875
5.681	2.7685546875
5.682	2.7685546875
5.683	2.7685546875
5.684	2.7685546875
5.685	2.7783203125
5.686	2.7783203125
5.687	2.783203125
5.688	2.7880859375
5.689	2.79296875
5.69	2.7978515625
5.691	2.7978515625
5.692	2.7978515625
5.693	2.8076171875
5.694	2.8076171875
5.695	2.8125
5.696	2.802734375
5.697	2.8125
5.698	2.8076171875
5.699	2.8076171875
5.7	2.822265625
5.701	2.8125
5.702	2.8173828125
5.703	2.8076171875
5.703996	2.8076171875
5.705004	2.8076171875
5.706	2.8076171875
5.707004	2.8076171875
5.708004	2.8076171875
5.709004	2.8076171875
5.710004	2.802734375
5.711	2.79296875
5.712	2.7978515625
5.713	2.79296875
5.714	2.783203125
5.715	2.783203125
5.716	2.783203125
5.717	2.7783203125
5.718	2.7783203125
5.719	2.7734375
5.72	2.7685546875
5.721	2.763671875
5.722	2.7587890625
5.723	2.7587890625
5.724	2.7587890625
5.725	2.7587890625
5.726	2.75390625
5.727	2.7587890625
5.728	2.7587890625
5.729	2.75390625
5.73	2.75390625
5.731	2.75390625
5.732	2.7587890625
5.733	2.7587890625
5.734	2.7587890625
5.735	2.763671875
5.736	2.763671875
5.737	2.7685546875
5.738	2.763671875
5.739	2.7685546875
5.74	2.7734375
5.741	2.7783203125
5.742	2.7783203125
5.743	2.7880859375
5.744	2.7880859375
5.745	2.7978515625
5.746	2.7978515625
5.747004	2.8076171875
5.748	2.802734375
5.749004	2.8125
5.750004	2.8125
5.751004	2.8125
5.752004	2.802734375
5.753004	2.8076171875
5.754	2.8125
5.755	2.822265625
5.756	2.8173828125
5.757	2.8125
5.758	2.8173828125
5.759	2.8173828125
5.76	2.8125
5.761	2.8076171875
5.762	2.8125
5.763	2.8076171875
5.764	2.802734375
5.765	2.8076171875
5.766	2.7978515625
5.767	2.7978515625
5.768	2.7978515625
5.769	2.7880859375
5.77	2.79296875
5.771	2.783203125
5.772	2.7783203125
5.773	2.7783203125
5.774	2.7734375
5.775	2.7685546875
5.776	2.763671875
5.777	2.763671875
5.778	2.7587890625
5.779	2.763671875
5.78	2.7587890625
5.781	2.7587890625
5.782	2.763671875
5.783	2.7587890625
5.784	2.7587890625
5.785	2.7587890625
5.786	2.7587890625
5.787	2.7587890625
5.788	2.763671875
5.789	2.7587890625
5.789996	2.763671875
5.791004	2.763671875
5.792004	2.7587890625
5.793004	2.763671875
5.794004	2.763671875
5.795004	2.763671875
5.796004	2.7783203125
5.797	2.7783203125
5.798	2.783203125
5.799	2.7783203125
5.8	2.79296875
5.801	2.79296875
5.802	2.7978515625
5.803	2.802734375
5.804	2.802734375
5.805	2.8076171875
5.806	2.7978515625
5.807	2.8076171875
5.808	2.8076171875
5.809	2.8076171875
5.81	2.8076171875
5.811	2.8173828125
5.812	2.8173828125
5.813	2.8173828125
5.814	2.8173828125
5.815	2.822265625
5.816	2.8125
5.817	2.8125
5.818	2.8076171875
5.819	2.8076171875
5.82	2.8076171875
5.821	2.802734375
5.822	2.802734375
5.823	2.79296875
5.824	2.7978515625
5.825	2.7880859375
5.826	2.7880859375
5.827	2.7783203125
5.828	2.7734375
5.829	2.7734375
5.83	2.7685546875
5.831	2.7734375
5.831996	2.7685546875
5.833004	2.7587890625
5.834	2.7587890625
5.835004	2.7685546875
5.836004	2.763671875
5.837004	2.763671875
5.838004	2.763671875
5.839	2.7587890625
5.84	2.75390625
5.841	2.7587890625
5.842	2.75390625
5.843	2.7587890625
5.844	2.7587890625
5.845	2.763671875
5.846	2.75390625
5.847	2.7587890625
5.848	2.7587890625
5.849	2.7685546875
5.85	2.7685546875
5.851	2.7685546875
5.852	2.7783203125
5.853	2.7685546875
5.854	2.783203125
5.855	2.7880859375
5.856	2.7880859375
5.857	2.79296875
5.858	2.7978515625
5.859	2.802734375
5.86	2.8076171875
5.861	2.802734375
5.862	2.8125
5.863	2.8076171875
5.864	2.8076171875
5.865	2.8125
5.866	2.8173828125
5.867	2.8173828125
5.868	2.822265625
5.869	2.8125
5.87	2.8125
5.871	2.8125
5.872	2.8076171875
5.873	2.802734375
5.874	2.8076171875
5.875004	2.8125
5.876	2.8076171875
5.877004	2.7978515625
5.878004	2.7978515625
5.879004	2.7978515625
5.880004	2.79296875
5.881004	2.7880859375
5.882	2.7880859375
5.883	2.783203125
5.884	2.783203125
5.885	2.7783203125
5.886	2.7783203125
5.887	2.7734375
5.888	2.763671875
5.889	2.7685546875
5.89	2.763671875
5.891	2.7587890625
5.892	2.7587890625
5.893	2.763671875
5.894	2.763671875
5.895	2.763671875
5.896	2.7587890625
5.897	2.7587890625
5.898	2.7587890625
5.899	2.7587890625
5.9	2.7587890625
5.901	2.763671875
5.902	2.7587890625
5.903	2.763671875
5.904	2.763671875
5.905	2.763671875
5.906	2.7685546875
5.907	2.7734375
5.908	2.7685546875
5.909	2.7783203125
5.91	2.783203125
5.911	2.783203125
5.912	2.7880859375
5.913	2.79296875
5.914	2.79296875
5.915	2.802734375
5.916	2.79296875
5.917	2.8076171875
5.917996	2.802734375
5.919004	2.8125
5.920004	2.8125
5.921004	2.8125
5.922004	2.8076171875
5.923004	2.8076171875
5.924004	2.8125
5.925	2.8173828125
5.926	2.8173828125
5.927	2.8076171875
5.928	2.8125
5.929	2.8076171875
5.93	2.8125
5.931	2.8076171875
5.932	2.802734375
5.933	2.802734375
5.934	2.7978515625
5.935	2.79296875
5.936	2.79296875
5.937	2.7880859375
5.938	2.7880859375
5.939	2.7880859375
5.94	2.7783203125
5.941	2.783203125
5.942	2.7783203125
5.943	2.7685546875
5.944	2.763671875
5.945	2.7685546875
5.946	2.763671875
5.947	2.7587890625
5.948	2.763671875
5.949	2.763671875
5.95	2.7685546875
5.951	2.763671875
5.952	2.763671875
5.953	2.763671875
5.954	2.7587890625
5.955	2.7587890625
5.956	2.763671875
5.957	2.763671875
5.958	2.7685546875
5.959	2.763671875
5.959996	2.7685546875
5.961004	2.7685546875
5.962	2.7734375
5.963004	2.7685546875
5.964004	2.7685546875
5.965004	2.7734375
5.966004	2.783203125
5.967	2.7783203125
5.968	2.783203125
5.969	2.7978515625
5.97	2.7978515625
5.971	2.79296875
5.972	2.802734375
5.973	2.802734375
5.974	2.8076171875
5.975	2.8125
5.976	2.8125
5.977	2.8076171875
5.978	2.8173828125
5.979	2.8076171875
5.98	2.8125
5.981	2.8076171875
5.982	2.8173828125
5.983	2.8173828125
5.984	2.8125
5.985	2.8076171875
5.986	2.802734375
5.987	2.8125
5.988	2.7978515625
5.989	2.802734375
5.99	2.802734375
5.991	2.7978515625
5.992	2.79296875
5.993	2.7880859375
5.994	2.79296875
5.995	2.783203125
5.996	2.7734375
5.997	2.783203125
5.998	2.7734375
5.999	2.7685546875
6.0	2.7685546875
6.001	2.763671875
6.002	2.763671875
6.003004	2.763671875
6.004	2.7587890625
6.005004	2.763671875
6.006004	2.7587890625
6.007004	2.7587890625
6.008004	2.75390625
6.009004	2.7587890625
6.01	2.7587890625
6.011	2.7587890625
6.012	2.7587890625
6.013	2.763671875
6.014	2.7587890625
6.015	2.7685546875
6.016	2.7685546875
6.017	2.7685546875
6.018	2.7734375
6.019	2.7734375
6.02	2.7734375
6.021	2.7783203125
6.022	2.783203125
6.023	2.7783203125
6.024	2.783203125
6.025	2.7880859375
6.026	2.79296875
6.027	2.7978515625
6.028	2.79296875
6.029	2.802734375
6.03	2.8076171875
6.031	2.8076171875
6.032	2.8125
6.033	2.8125
6.034	2.8125
6.035	2.8125
6.036	2.8125
6.037	2.8125
6.038	2.8076171875
6.039	2.8125
6.04	2.8125
6.041	2.8076171875
6.042	2.8125
6.043	2.7978515625
6.044	2.802734375
6.045	2.802734375
6.045996	2.7978515625
6.047004	2.79296875
6.048004	2.7880859375
6.049004	2.79296875
6.050004	2.7880859375
6.051004	2.7783203125
6.052004	2.7783203125
6.053	2.7685546875
6.054	2.7734375
6.055	2.7685546875
6.056	2.7734375
6.057	2.763671875
6.058	2.7685546875
6.059	2.763671875
6.06	2.763671875
6.061	2.7587890625
6.062	2.763671875
6.063	2.7587890625
6.064	2.7587890625
6.065	2.763671875
6.066	2.763671875
6.067	2.763671875
6.068	2.7587890625
6.069	2.7587890625
6.07	2.7685546875
6.071	2.75390625
6.072	2.763671875
6.073	2.7734375
6.074	2.763671875
6.075	2.7734375
6.076	2.7685546875
6.077	2.783203125
6.078	2.7783203125
6.079	2.783203125
6.08	2.7978515625
6.081	2.79296875
6.082	2.79296875
6.083	2.7978515625
6.084	2.7978515625
6.085	2.802734375
6.086	2.802734375
6.087	2.802734375
6.087996	2.802734375
6.089004	2.8125
6.09	2.8125
6.091004	2.8076171875
6.092004	2.8173828125
6.093004	2.8125
6.094004	2.8076171875
6.095	2.8076171875
6.096	2.8125
6.097	2.8076171875
6.098	2.8076171875
6.099	2.802734375
6.1	2.8076171875
6.101	2.7978515625
6.102	2.802734375
6.103	2.79296875
6.104	2.79296875
6.105	2.7880859375
6.106	2.7880859375
6.107	2.783203125
6.108	2.783203125
6.109	2.783203125
6.11	2.7783203125
6.111	2.763671875
6.112	2.7685546875
6.113	2.7685546875
6.114	2.7685546875
6.115	2.7685546875
6.116	2.763671875
6.117	2.763671875
6.118	2.7587890625
6.119	2.763671875
6.12	2.7685546875
6.121	2.763671875
6.122	2.763671875
6.123	2.763671875
6.124	2.75390625
6.125	2.7587890625
6.126	2.763671875
6.127	2.7685546875
6.128	2.763671875
6.129	2.7685546875
6.13	2.7685546875
6.131004	2.7783203125
6.132	2.7783203125
6.133004	2.7734375
6.134004	2.7880859375
6.135004	2.7783203125
6.136004	2.7880859375
6.137004	2.79296875
6.138	2.7880859375
6.139	2.7978515625
6.14	2.802734375
6.141	2.802734375
6.142	2.802734375
6.143	2.8076171875
6.144	2.8076171875
6.145	2.8125
6.146	2.8125
6.147	2.8076171875
6.148	2.8076171875
6.149	2.8125
6.15	2.8076171875
6.151	2.8125
6.152	2.8076171875
6.153	2.8076171875
6.154	2.8076171875
6.155	2.8076171875
6.156	2.7978515625
6.157	2.802734375
6.158	2.802734375
6.159	2.79296875
6.16	2.79296875
6.161	2.79296875
6.162	2.7880859375
6.163	2.783203125
6.164	2.7783203125
6.165	2.7783203125
6.166	2.7783203125
6.167	2.7734375
6.168	2.7734375
6.169	2.763671875
6.17	2.763671875
6.171	2.7587890625
6.172	2.763671875
6.173	2.763671875
6.173996	2.7587890625
6.175004	2.7587890625
6.176004	2.7587890625
6.177004	2.763671875
6.178004	2.7587890625
6.179004	2.7587890625
6.180004	2.7587890625
6.181	2.7685546875
6.182	2.7587890625
6.183	2.7587890625
6.184	2.763671875
6.185	2.7587890625
6.186	2.7685546875
6.187	2.7685546875
6.188	2.783203125
6.189	2.7734375
6.19	2.783203125
6.191	2.7783203125
6.192	2.7880859375
6.193	2.783203125
6.194	2.802734375
6.195	2.79296875
6.196	2.79296875
6.197	2.802734375
6.198	2.802734375
6.199	2.8125
6.2	2.8125
6.201	2.8076171875
6.202	2.8125
6.203	2.8125
6.204	2.8125
6.205	2.8125
6.206	2.8173828125
6.207	2.8076171875
6.208	2.8076171875
6.209	2.8125
6.21	2.8076171875
6.211	2.8076171875
6.212	2.802734375
6.213	2.7978515625
6.214	2.7978515625
6.215	2.7978515625
6.215996	2.7880859375
6.217004	2.7880859375
6.218	2.7880859375
6.219004	2.783203125
6.220004	2.7783203125
6.221004	2.7685546875
6.222004	2.7734375
6.223	2.7734375
6.224	2.763671875
6.225	2.7685546875
6.226	2.7685546875
6.227	2.763671875
6.228	2.7587890625
6.229	2.763671875
6.23	2.763671875
6.231	2.7587890625
6.232	2.7587890625
6.233	2.75390625
6.234	2.763671875
6.235	2.763671875
6.236	2.763671875
6.237	2.7685546875
6.238	2.763671875
6.239	2.763671875
6.24	2.763671875
6.241	2.7685546875
6.242	2.7734375
6.243	2.7734375
6.244	2.7783203125
6.245	2.7783203125
6.246	2.7783203125
6.247	2.783203125
6.248	2.7978515625
6.249	2.783203125
6.25	2.7978515625
6.251	2.7978515625
6.252	2.802734375
6.253	2.7978515625
6.254	2.802734375
6.255	2.8076171875
6.256	2.8173828125
6.257	2.8125
6.258	2.8125
6.259004	2.8125
6.26	2.802734375
6.261004	2.8125
6.262004	2.802734375
6.263004	2.8076171875
6.264004	2.8125
6.265004	2.8076171875
6.266	2.8076171875
6.267	2.802734375
6.268	2.8076171875
6.269	2.802734375
6.27	2.802734375
6.271	2.7978515625
6.272	2.7880859375
6.273	2.7880859375
6.274	2.7880859375
6.275	2.7880859375
6.276	2.783203125
6.277	2.7734375
6.278	2.7783203125
6.279	2.7783203125
6.28	2.7734375
6.281	2.763671875
6.282	2.763671875
6.283	2.763671875
6.284	2.763671875
6.285	2.763671875
6.286	2.763671875
6.287	2.763671875
6.288	2.7587890625
6.289	2.75390625
6.29	2.763671875
6.291	2.7587890625
6.292	2.763671875
6.293	2.763671875
6.294	2.7587890625
6.295	2.7685546875
6.296	2.7685546875
6.297	2.7734375
6.298	2.7685546875
6.299	2.7734375
6.3	2.7783203125
6.301	2.7783203125
6.301996	2.7783203125
6.303004	2.7880859375
6.304004	2.7880859375
6.305004	2.7880859375
6.306004	2.79296875
6.307004	2.7978515625
6.308004	2.802734375
6.309	2.7978515625
6.31	2.802734375
6.311	2.802734375
6.312	2.8125
6.313	2.8125
6.314	2.8125
6.315	2.802734375
6.316	2.8125
6.317	2.8125
6.318	2.8125
6.319	2.8076171875
6.32	2.8076171875
6.321	2.8076171875
6.322	2.8076171875
6.323	2.802734375
6.324	2.7978515625
6.325	2.802734375
6.326	2.802734375
6.327	2.7978515625
6.328	2.79296875
6.329	2.79296875
6.33	2.7880859375
6.331	2.783203125
6.332	2.7783203125
6.333	2.7734375
6.334	2.7734375
6.335	2.7734375
6.336	2.7734375
6.337	2.7685546875
6.338	2.7587890625
6.339	2.7685546875
6.34	2.75390625
6.341	2.7587890625
6.342	2.763671875
6.343	2.763671875
6.343996	2.7587890625
6.345004	2.763671875
6.346	2.75390625
6.347004	2.75390625
6.348004	2.763671875
6.349004	2.763671875
6.350004	2.763671875
6.351	2.7587890625
6.352	2.763671875
6.353	2.763671875
6.354	2.7685546875
6.355	2.7734375
6.356	2.7783203125
6.357	2.7734375
6.358	2.7783203125
6.359	2.7880859375
6.36	2.7880859375
6.361	2.79296875
6.362	2.7978515625
6.363	2.7978515625
6.364	2.802734375
6.365	2.802734375
6.366	2.802734375
6.367	2.8076171875
6.368	2.8125
6.369	2.8076171875
6.37	2.8125
6.371	2.8125
6.372	2.8125
6.373	2.8076171875
6.374	2.8076171875
6.375	2.802734375
6.376	2.8076171875
6.377	2.8076171875
6.378	2.802734375
6.379	2.802734375
6.38	2.7978515625
6.381	2.7978515625
6.382	2.7978515625
6.383	2.802734375
6.384	2.79296875
6.385	2.79296875
6.386	2.7880859375
6.387004	2.783203125
6.388	2.7783203125
6.389004	2.7783203125
6.390004	2.7783203125
6.391004	2.7685546875
6.392004	2.7734375
6.393004	2.763671875
6.394	2.7685546875
6.395	2.7587890625
6.396	2.7587890625
6.397	2.7587890625
6.398	2.7685546875
6.399	2.75390625
6.4	2.75390625
6.401	2.75390625
6.402	2.7587890625
6.403	2.7587890625
6.404	2.7587890625
6.405	2.7587890625
6.406	2.763671875
6.407	2.7685546875
6.408	2.763671875
6.409	2.7685546875
6.41	2.7734375
6.411	2.7685546875
6.412	2.7783203125
6.413	2.783203125
6.414	2.7880859375
6.415	2.7880859375
6.416	2.7880859375
6.417	2.79296875
6.418	2.7978515625
6.419	2.7978515625
6.42	2.802734375
6.421	2.802734375
6.422	2.8076171875
6.423	2.8076171875
6.424	2.8125
6.425	2.8125
6.426	2.8076171875
6.427	2.8125
6.428	2.8076171875
6.429	2.8125
6.429996	2.8076171875
6.431004	2.802734375
6.432004	2.8125
6.433004	2.802734375
6.434004	2.802734375
6.435004	2.802734375
6.436004	2.802734375
6.437	2.7978515625
6.438	2.79296875
6.439	2.79296875
6.44	2.7880859375
6.441	2.783203125
6.442	2.783203125
6.443	2.783203125
6.444	2.783203125
6.445	2.7783203125
6.446	2.7783203125
6.447	2.7734375
6.448	2.7734375
6.449	2.7685546875
6.45	2.7685546875
6.451	2.7685546875
6.452	2.7685546875
6.453	2.763671875
6.454	2.7587890625
6.455	2.763671875
6.456	2.763671875
6.457	2.7587890625
6.458	2.7587890625
6.459	2.763671875
6.46	2.7587890625
6.461	2.7587890625
6.462	2.7685546875
6.463	2.7685546875
6.464	2.763671875
6.465	2.7734375
6.466	2.7734375
6.467	2.7685546875
6.468	2.7783203125
6.469	2.783203125
6.47	2.7783203125
6.471	2.783203125
6.471996	2.7978515625
6.473004	2.79296875
6.474	2.79296875
6.475004	2.802734375
6.476004	2.802734375
6.477004	2.802734375
6.478004	2.7978515625
6.479	2.802734375
6.48	2.7978515625
6.481	2.8125
6.482	2.8125
6.483	2.802734375
6.484	2.8125
6.485	2.802734375
6.486	2.802734375
6.487	2.8125
6.488	2.8125
6.489	2.8076171875
6.49	2.8076171875
6.491	2.7978515625
6.492	2.79296875
6.493	2.7978515625
6.494	2.79296875
6.495	2.79296875
6.496	2.79296875
6.497	2.7880859375
6.498	2.7880859375
6.499	2.7783203125
6.5	2.7783203125
6.501	2.7783203125
6.502	2.7685546875
6.503	2.7783203125
6.504	2.7685546875
6.505	2.7685546875
6.506	2.7685546875
6.507	2.7587890625
6.508	2.763671875
6.509	2.763671875
6.51	2.7685546875
6.511	2.763671875
6.512	2.763671875
6.513	2.7587890625
6.514	2.763671875
6.515004	2.763671875
6.516	2.7685546875
6.517004	2.7685546875
6.518004	2.763671875
6.519004	2.7685546875
6.520004	2.763671875
6.521004	2.7734375
6.522	2.7734375
6.523	2.7734375
6.524	2.7734375
6.525	2.7734375
6.526	2.783203125
6.527	2.7783203125
6.528	2.7880859375
6.529	2.783203125
6.53	2.79296875
6.531	2.802734375
6.532	2.79296875
6.533	2.79296875
6.534	2.802734375
6.535	2.8125
6.536	2.8076171875
6.537	2.8125
6.538	2.8125
6.539	2.8125
6.54	2.802734375
6.541	2.8076171875
6.542	2.8076171875
6.543	2.8076171875
6.544	2.8125
6.545	2.8125
6.546	2.802734375
6.547	2.8076171875
6.548	2.7978515625
6.549	2.7978515625
6.55	2.7978515625
6.551	2.79296875
6.552	2.79296875
6.553	2.79296875
6.554	2.7783203125
6.555	2.7783203125
6.556	2.783203125
6.557	2.7734375
6.557996	2.7783203125
6.559004	2.7783203125
6.560004	2.7783203125
6.561004	2.763671875
6.562004	2.763671875
6.563004	2.7587890625
6.564004	2.7685546875
6.565	2.7587890625
6.566	2.763671875
6.567	2.7685546875
6.568	2.7685546875
6.569	2.763671875
6.57	2.763671875
6.571	2.7587890625
6.572	2.763671875
6.573	2.763671875
6.574	2.7685546875
6.575	2.763671875
6.576	2.7734375
6.577	2.7734375
6.578	2.7685546875
6.579	2.7783203125
6.58	2.7685546875
6.581	2.783203125
6.582	2.783203125
6.583	2.783203125
6.584	2.7880859375
6.585	2.79296875
6.586	2.802734375
6.587	2.802734375
6.588	2.802734375
6.589	2.802734375
6.59	2.7978515625
6.591	2.8076171875
6.592	2.8076171875
6.593	2.8076171875
6.594	2.8125
6.595	2.8125
6.596	2.8125
6.597	2.8076171875
6.598	2.8076171875
6.599	2.8076171875
6.599996	2.802734375
6.601004	2.7978515625
6.602	2.802734375
6.603004	2.802734375
6.604004	2.802734375
6.605004	2.79296875
6.606004	2.7978515625
6.607	2.7880859375
6.608	2.7880859375
6.609	2.7880859375
6.61	2.7880859375
6.611	2.783203125
6.612	2.783203125
6.613	2.7734375
6.614	2.7734375
6.615	2.7734375
6.616	2.763671875
6.617	2.7734375
6.618	2.763671875
6.619	2.7685546875
6.62	2.7587890625
6.621	2.763671875
6.622	2.763671875
6.623	2.763671875
6.624	2.7685546875
6.625	2.75390625
6.626	2.7685546875
6.627	2.7587890625
6.628	2.763671875
6.629	2.7587890625
6.63	2.763671875
6.631	2.7685546875
6.632	2.7734375
6.633	2.7734375
6.634	2.7685546875
6.635	2.7783203125
6.636	2.7783203125
6.637	2.7783203125
6.638	2.7783203125
6.639	2.7783203125
6.64	2.79296875
6.641	2.7880859375
6.642	2.7978515625
6.643004	2.7978515625
6.644	2.7978515625
6.645004	2.802734375
6.646004	2.802734375
6.647004	2.8076171875
6.648004	2.802734375
6.649004	2.802734375
6.65	2.8076171875
6.651	2.8076171875
6.652	2.8125
6.653	2.802734375
6.654	2.8125
6.655	2.8125
6.656	2.802734375
6.657	2.802734375
6.658	2.8076171875
6.659	2.7978515625
6.66	2.802734375
6.661	2.7978515625
6.662	2.7880859375
6.663	2.79296875
6.664	2.79296875
6.665	2.7880859375
6.666	2.7880859375
6.667	2.7880859375
6.668	2.783203125
6.669	2.783203125
6.67	2.7783203125
6.671	2.7734375
6.672	2.7734375
6.673	2.7734375
6.674	2.763671875
6.675	2.763671875
6.676	2.7685546875
6.677	2.763671875
6.678	2.7685546875
6.679	2.763671875
6.68	2.763671875
6.681	2.763671875
6.682	2.763671875
6.683	2.763671875
6.684	2.763671875
6.685	2.7685546875
6.685996	2.7587890625
6.687004	2.7685546875
6.688004	2.7734375
6.689004	2.7685546875
6.690004	2.7734375
6.691004	2.7685546875
6.692004	2.7783203125
6.693	2.7783203125
6.694	2.7783203125
6.695	2.7880859375
6.696	2.7880859375
6.697	2.7880859375
6.698	2.79296875
6.699	2.7978515625
6.7	2.7978515625
6.701	2.7978515625
6.702	2.7978515625
6.703	2.7978515625
6.704	2.7978515625
6.705	2.8076171875
6.706	2.8125
6.707	2.8125
6.708	2.802734375
6.709	2.8125
6.71	2.8125
6.711	2.8076171875
6.712	2.8076171875
6.713	2.802734375
6.714	2.802734375
6.715	2.802734375
6.716	2.802734375
6.717	2.7978515625
6.718	2.802734375
6.719	2.79296875
6.72	2.7880859375
6.721	2.7880859375
6.722	2.783203125
6.723	2.7783203125
6.724	2.7783203125
6.725	2.7783203125
6.726	2.7783203125
6.727	2.7734375
6.727996	2.7685546875
6.729004	2.7685546875
6.73	2.763671875
6.731004	2.7685546875
6.732004	2.763671875
6.733004	2.7685546875
6.734004	2.7685546875
6.735	2.763671875
6.736	2.763671875
6.737	2.7587890625
6.738	2.7587890625
6.739	2.763671875
6.74	2.763671875
6.741	2.7685546875
6.742	2.7685546875
6.743	2.763671875
6.744	2.7685546875
6.745	2.7685546875
6.746	2.7734375
6.747	2.7783203125
6.748	2.7734375
6.749	2.7783203125
6.75	2.7880859375
6.751	2.7880859375
6.752	2.7978515625
6.753	2.79296875
6.754	2.802734375
6.755	2.7978515625
6.756	2.802734375
6.757	2.802734375
6.758	2.802734375
6.759	2.802734375
6.76	2.8076171875
6.761	2.8076171875
6.762	2.802734375
6.763	2.8125
6.764	2.8125
6.765	2.8125
6.766	2.802734375
6.767	2.7978515625
6.768	2.8076171875
6.769	2.802734375
6.77	2.802734375
6.771004	2.802734375
6.772	2.7978515625
6.773004	2.79296875
6.774004	2.7978515625
6.775004	2.79296875
6.776004	2.7880859375
6.777004	2.79296875
6.778	2.7783203125
6.779	2.7783203125
6.78	2.783203125
6.781	2.7783203125
6.782	2.7734375
6.783	2.7783203125
6.784	2.7734375
6.785	2.7734375
6.786	2.7685546875
6.787	2.7685546875
6.788	2.763671875
6.789	2.763671875
6.79	2.7587890625
6.791	2.7685546875
6.792	2.7587890625
6.793	2.7587890625
6.794	2.763671875
6.795	2.7685546875
6.796	2.763671875
6.797	2.7685546875
6.798	2.763671875
6.799	2.7734375
6.8	2.7783203125
6.801	2.7685546875
6.802	2.7734375
6.803	2.783203125
6.804	2.7734375
6.805	2.7783203125
6.806	2.7880859375
6.807	2.7880859375
6.808	2.7880859375
6.809	2.79296875
6.81	2.79296875
6.811	2.7978515625
6.812	2.79296875
6.813	2.79296875
6.813996	2.7978515625
6.815004	2.8076171875
6.816004	2.8076171875
6.817004	2.802734375
6.818004	2.802734375
6.819004	2.802734375
6.820004	2.8125
6.821	2.8076171875
6.822	2.8076171875
6.823	2.802734375
6.824	2.802734375
6.825	2.79296875
6.826	2.802734375
6.827	2.802734375
6.828	2.7978515625
6.829	2.7978515625
6.83	2.7978515625
6.831	2.7880859375
6.832	2.79296875
6.833	2.783203125
6.834	2.783203125
6.835	2.7783203125
6.836	2.7783203125
6.837	2.7734375
6.838	2.7734375
6.839	2.7783203125
6.84	2.763671875
6.841	2.7734375
6.842	2.7685546875
6.843	2.7685546875
6.844	2.7685546875
6.845	2.763671875
6.846	2.763671875
6.847	2.7587890625
6.848	2.763671875
6.849	2.7685546875
6.85	2.763671875
6.851	2.763671875
6.852	2.7685546875
6.853	2.7685546875
6.854	2.7685546875
6.855	2.763671875
6.855996	2.7685546875
6.857004	2.7783203125
6.858	2.7685546875
6.859004	2.7783203125
6.860004	2.7783203125
6.861004	2.783203125
6.862004	2.783203125
6.863	2.7880859375
6.864	2.7880859375
6.865	2.79296875
6.866	2.79296875
6.867	2.79296875
6.868	2.802734375
6.869	2.802734375
6.87	2.802734375
6.871	2.8076171875
6.872	2.8076171875
6.873	2.8076171875
6.874	2.802734375
6.875	2.802734375
6.876	2.8125
6.877	2.8076171875
6.878	2.8125
6.879	2.7978515625
6.88	2.7978515625
6.881	2.7978515625
6.882	2.8076171875
6.883	2.7978515625
6.884	2.79296875
6.885	2.802734375
6.886	2.79296875
6.887	2.79296875
6.888	2.783203125
6.889	2.7880859375
6.89	2.7783203125
6.891	2.783203125
6.892	2.783203125
6.893	2.7783203125
6.894	2.7734375
6.895	2.7783203125
6.896	2.7685546875
6.897	2.7734375
6.898	2.7685546875
6.899004	2.7685546875
6.9	2.7587890625
6.901004	2.7685546875
6.902004	2.763671875
6.903004	2.7587890625
6.904004	2.7685546875
6.905004	2.763671875
6.906	2.75390625
6.907	2.7587890625
6.908	2.7587890625
6.909	2.7587890625
6.91	2.7685546875
6.911	2.7734375
6.912	2.7685546875
6.913	2.7734375
6.914	2.7734375
6.915	2.7734375
6.916	2.783203125
6.917	2.7783203125
6.918	2.783203125
6.919	2.783203125
6.92	2.79296875
6.921	2.79296875
6.922	2.7978515625
6.923	2.7978515625
6.924	2.7978515625
6.925	2.7978515625
6.926	2.802734375
6.927	2.8076171875
6.928	2.802734375
6.929	2.8125
6.93	2.8125
6.931	2.8125
6.932	2.8076171875
6.933	2.8125
6.934	2.8076171875
6.935	2.8125
6.936	2.8076171875
6.937	2.802734375
6.938	2.802734375
6.939	2.7978515625
6.94	2.79296875
6.941	2.79296875
6.941996	2.79296875
6.943004	2.79296875
6.944004	2.79296875
6.945004	2.7880859375
6.946004	2.7880859375
6.947004	2.7783203125
6.948004	2.7734375
6.949	2.7734375
6.95	2.7783203125
6.951	2.7734375
6.952	2.7734375
6.953	2.7783203125
6.954	2.7685546875
6.955	2.7734375
6.956	2.763671875
6.957	2.763671875
6.958	2.7587890625
6.959	2.7685546875
6.96	2.763671875
6.961	2.763671875
6.962	2.763671875
6.963	2.763671875
6.964	2.763671875
6.965	2.7685546875
6.966	2.763671875
6.967	2.7734375
6.968	2.7685546875
6.969	2.7734375
6.97	2.7734375
6.971	2.783203125
6.972	2.7783203125
6.973	2.7734375
6.974	2.7783203125
6.975	2.7880859375
6.976	2.7978515625
6.977	2.783203125
6.978	2.7880859375
6.979	2.802734375
6.98	2.802734375
6.981	2.802734375
6.982	2.7978515625
6.983	2.8076171875
6.983996	2.802734375
6.985004	2.8125
6.986	2.8125
6.987004	2.802734375
6.988004	2.8125
6.989004	2.802734375
6.990004	2.8076171875
6.991	2.8125
6.992	2.802734375
6.993	2.802734375
6.994	2.802734375
6.995	2.79296875
6.996	2.802734375
6.997	2.7978515625
6.998	2.7978515625
6.999	2.79296875
7.0	2.7978515625
7.001	2.7880859375
7.002	2.783203125
7.003	2.783203125
7.004	2.783203125
7.005	2.7783203125
7.006	2.7734375
7.007	2.7783203125
7.008	2.7734375
7.009	2.7783203125
7.01	2.763671875
7.011	2.7685546875
7.012	2.7685546875
7.013	2.7587890625
7.014	2.7685546875
7.015	2.763671875
7.016	2.763671875
7.017	2.763671875
7.018	2.7685546875
7.019	2.7587890625
7.02	2.7685546875
7.021	2.763671875
7.022	2.7685546875
7.023	2.7685546875
7.024	2.7685546875
7.025	2.7685546875
7.026	2.7783203125
7.027004	2.7783203125
7.028	2.7734375
7.029004	2.783203125
7.030004	2.783203125
7.031004	2.7880859375
7.032004	2.79296875
7.033004	2.79296875
7.034	2.7880859375
7.035	2.7978515625
7.036	2.802734375
7.037	2.8076171875
7.038	2.7978515625
7.039	2.8076171875
7.04	2.8076171875
7.041	2.8125
7.042	2.8125
7.043	2.8125
7.044	2.8125
7.045	2.8076171875
7.046	2.8125
7.047	2.8076171875
7.048	2.8076171875
7.049	2.802734375
7.05	2.8125
7.051	2.802734375
7.052	2.802734375
7.053	2.802734375
7.054	2.7978515625
7.055	2.79296875
7.056	2.7880859375
7.057	2.783203125
7.058	2.7880859375
7.059	2.7783203125
7.06	2.783203125
7.061	2.7783203125
7.062	2.7783203125
7.063	2.7734375
7.064	2.7734375
7.065	2.7685546875
7.066	2.763671875
7.067	2.7685546875
7.068	2.7685546875
7.069	2.7587890625
7.069996	2.763671875
7.071004	2.7685546875
7.072004	2.763671875
7.073004	2.7685546875
7.074004	2.763671875
7.075004	2.7685546875
7.076004	2.7587890625
7.077	2.7587890625
7.078	2.7685546875
7.079	2.7783203125
7.08	2.7734375
7.081	2.7685546875
7.082	2.7783203125
7.083	2.7734375
7.084	2.783203125
7.085	2.783203125
7.086	2.783203125
7.087	2.7880859375
7.088	2.79296875
7.089	2.79296875
7.09	2.7880859375
7.091	2.7978515625
7.092	2.802734375
7.093	2.7978515625
7.094	2.7978515625
7.095	2.8076171875
7.096	2.802734375
7.097	2.8076171875
7.098	2.8076171875
7.099	2.8125
7.1	2.8076171875
7.101	2.802734375
7.102	2.802734375
7.103	2.802734375
7.104	2.802734375
7.105	2.802734375
7.106	2.802734375
7.107	2.79296875
7.108	2.79296875
7.109	2.7978515625
7.11	2.7880859375
7.111	2.783203125
7.111996	2.79296875
7.113004	2.783203125
7.114	2.783203125
7.115004	2.7783203125
7.116004	2.7783203125
7.117004	2.7734375
7.118004	2.7734375
7.119	2.7734375
7.12	2.7734375
7.121	2.7734375
7.122	2.7734375
7.123	2.7734375
7.124	2.7685546875
7.125	2.7685546875
7.126	2.763671875
7.127	2.7685546875
7.128	2.7685546875
7.129	2.7685546875
7.13	2.7685546875
7.131	2.763671875
7.132	2.763671875
7.133	2.7734375
7.134	2.7734375
7.135	2.7734375
7.136	2.7783203125
7.137	2.7783203125
7.138	2.7685546875
7.139	2.7783203125
7.14	2.7783203125
7.141	2.7783203125
7.142	2.7880859375
7.143	2.7783203125
7.144	2.79296875
7.145	2.783203125
7.146	2.7978515625
7.147	2.7978515625
7.148	2.802734375
7.149	2.7978515625
7.15	2.802734375
7.151	2.7978515625
7.152	2.7978515625
7.153	2.802734375
7.154	2.8125
7.155004	2.8076171875
7.156	2.7978515625
7.157004	2.802734375
7.158004	2.8125
7.159004	2.7978515625
7.160004	2.7978515625
7.161004	2.802734375
7.162	2.7978515625
7.163	2.7978515625
7.164	2.7978515625
7.165	2.79296875
7.166	2.7978515625
7.167	2.79296875
7.168	2.7978515625
7.169	2.79296875
7.17	2.7880859375
7.171	2.783203125
7.172	2.7783203125
7.173	2.7783203125
7.174	2.7783203125
7.175	2.7783203125
7.176	2.7783203125
7.177	2.7734375
7.178	2.7734375
7.179	2.7685546875
7.18	2.763671875
7.181	2.7685546875
7.182	2.763671875
7.183	2.7587890625
7.184	2.763671875
7.185	2.763671875
7.186	2.7685546875
7.187	2.7685546875
7.188	2.763671875
7.189	2.7685546875
7.19	2.7734375
7.191	2.7685546875
7.192	2.7783203125
7.193	2.7783203125
7.194	2.7734375
7.195	2.783203125
7.196	2.7734375
7.197	2.783203125
7.197996	2.783203125
7.199004	2.783203125
7.200004	2.7880859375
7.201004	2.7880859375
7.202004	2.7880859375
7.203004	2.7978515625
7.204004	2.7978515625
7.205	2.802734375
7.206	2.7978515625
7.207	2.802734375
7.208	2.7978515625
7.209	2.802734375
7.21	2.802734375
7.211	2.802734375
7.212	2.8076171875
7.213	2.802734375
7.214	2.802734375
7.215	2.7978515625
7.216	2.8076171875
7.217	2.79296875
7.218	2.7978515625
7.219	2.802734375
7.22	2.79296875
7.221	2.7978515625
7.222	2.7880859375
7.223	2.783203125
7.224	2.79296875
7.225	2.79296875
7.226	2.783203125
7.227	2.783203125
7.228	2.7783203125
7.229	2.7734375
7.23	2.7783203125
7.231	2.7734375
7.232	2.7734375
7.233	2.7734375
7.234	2.7783203125
7.235	2.763671875
7.236	2.7685546875
7.237	2.763671875
7.238	2.7685546875
7.239	2.7587890625
7.239996	2.7685546875
7.241004	2.7685546875
7.242	2.7685546875
7.243004	2.763671875
7.244004	2.7587890625
7.245004	2.7685546875
7.246004	2.7685546875
7.247	2.7734375
7.248	2.7734375
7.249	2.7783203125
7.25	2.7734375
7.251	2.7783203125
7.252	2.783203125
7.253	2.7783203125
7.254	2.783203125
7.255	2.7880859375
7.256	2.7880859375
7.257	2.79296875
7.258	2.79296875
7.259	2.79296875
7.26	2.802734375
7.261	2.7978515625
7.262	2.7978515625
7.263	2.7978515625
7.264	2.802734375
7.265	2.802734375
7.266	2.802734375
7.267	2.802734375
7.268	2.802734375
7.269	2.802734375
7.27	2.802734375
7.271	2.802734375
7.272	2.8076171875
7.273	2.7978515625
7.274	2.802734375
7.275	2.7978515625
7.276	2.7978515625
7.277	2.7978515625
7.278	2.7880859375
7.279	2.7880859375
7.28	2.79296875
7.281	2.7880859375
7.282	2.783203125
7.283004	2.7783203125
7.284	2.783203125
7.285004	2.7734375
7.286004	2.7783203125
7.287004	2.7734375
7.288004	2.7685546875
7.289004	2.7734375
7.29	2.7734375
7.291	2.763671875
7.292	2.7685546875
7.293	2.7685546875
7.294	2.7685546875
7.295	2.7685546875
7.296	2.7685546875
7.297	2.7685546875
7.298	2.7685546875
7.299	2.763671875
7.3	2.763671875
7.301	2.7734375
7.302	2.7685546875
7.303	2.763671875
7.304	2.7685546875
7.305	2.7734375
7.306	2.7734375
7.307	2.7783203125
7.308	2.7734375
7.309	2.7783203125
7.31	2.783203125
7.311	2.7880859375
7.312	2.7880859375
7.313	2.79296875
7.314	2.79296875
7.315	2.79296875
7.316	2.802734375
7.317	2.802734375
7.318	2.7978515625
7.319	2.802734375
7.32	2.8076171875
7.321	2.8076171875
7.322	2.8076171875
7.323	2.802734375
7.324	2.802734375
7.325	2.8076171875
7.325996	2.802734375
7.327004	2.802734375
7.328004	2.802734375
7.329004	2.7978515625
7.330004	2.7978515625
7.331004	2.79296875
7.332004	2.79296875
7.333	2.7978515625
7.334	2.7880859375
7.335	2.79296875
7.336	2.79296875
7.337	2.7880859375
7.338	2.783203125
7.339	2.783203125
7.34	2.783203125
7.341	2.7734375
7.342	2.7783203125
7.343	2.7783203125
7.344	2.7734375
7.345	2.7685546875
7.346	2.7734375
7.347	2.763671875
7.348	2.7685546875
7.349	2.7587890625
7.35	2.763671875
7.351	2.763671875
7.352	2.7685546875
7.353	2.7685546875
7.354	2.7685546875
7.355	2.7685546875
7.356	2.7685546875
7.357	2.7734375
7.358	2.7685546875
7.359	2.7734375
7.36	2.7783203125
7.361	2.7734375
7.362	2.783203125
7.363	2.7783203125
7.364	2.783203125
7.365	2.7783203125
7.366	2.79296875
7.367	2.7880859375
7.367996	2.79296875
7.369004	2.783203125
7.37	2.7978515625
7.371004	2.79296875
7.372004	2.802734375
7.373004	2.7978515625
7.374004	2.802734375
7.375	2.802734375
7.376	2.8076171875
7.377	2.7978515625
7.378	2.8076171875
7.379	2.7978515625
7.38	2.802734375
7.381	2.802734375
7.382	2.802734375
7.383	2.802734375
7.384	2.7978515625
7.385	2.8076171875
7.386	2.802734375
7.387	2.802734375
7.388	2.7978515625
7.389	2.7978515625
7.39	2.79296875
7.391	2.79296875
7.392	2.7880859375
7.393	2.79296875
7.394	2.783203125
7.395	2.783203125
7.396	2.7783203125
7.397	2.7783203125
7.398	2.7734375
7.399	2.7783203125
7.4	2.7783203125
7.401	2.7685546875
7.402	2.7734375
7.403	2.7734375
7.404	2.7685546875
7.405	2.763671875
7.406	2.7587890625
7.407	2.7587890625
7.408	2.763671875
7.409	2.763671875
7.41	2.763671875
7.411004	2.763671875
7.412	2.763671875
7.413004	2.7685546875
7.414004	2.7734375
7.415004	2.763671875
7.416004	2.7734375
7.417004	2.7685546875
7.418	2.7783203125
7.419	2.7783203125
7.42	2.783203125
7.421	2.7783203125
7.422	2.7783203125
7.423	2.7783203125
7.424	2.783203125
7.425	2.783203125
7.426	2.7978515625
7.427	2.79296875
7.428	2.79296875
7.429	2.7978515625
7.43	2.7978515625
7.431	2.802734375
7.432	2.802734375
7.433	2.7978515625
7.434	2.8076171875
7.435	2.802734375
7.436	2.802734375
7.437	2.8076171875
7.438	2.7978515625
7.439	2.7978515625
7.44	2.7978515625
7.441	2.802734375
7.442	2.802734375
7.443	2.79296875
7.444	2.7978515625
7.445	2.7978515625
7.446	2.7880859375
7.447	2.79296875
7.448	2.783203125
7.449	2.79296875
7.45	2.783203125
7.451	2.783203125
7.452	2.783203125
7.453	2.7734375
7.453996	2.783203125
7.455004	2.7734375
7.456004	2.7685546875
7.457004	2.763671875
7.458004	2.7734375
7.459004	2.763671875
7.460004	2.763671875
7.461	2.7685546875
7.462	2.7685546875
7.463	2.763671875
7.464	2.763671875
7.465	2.763671875
7.466	2.7685546875
7.467	2.7734375
7.468	2.763671875
7.469	2.7734375
7.47	2.7685546875
7.471	2.7783203125
7.472	2.7734375
7.473	2.7734375
7.474	2.783203125
7.475	2.7783203125
7.476	2.7734375
7.477	2.7783203125
7.478	2.7880859375
7.479	2.79296875
7.48	2.7978515625
7.481	2.79296875
7.482	2.7978515625
7.483	2.7978515625
7.484	2.8076171875
7.485	2.7978515625
7.486	2.802734375
7.487	2.802734375
7.488	2.8076171875
7.489	2.802734375
7.49	2.8076171875
7.491	2.8076171875
7.492	2.8076171875
7.493	2.8076171875
7.494	2.8076171875
7.495	2.7978515625
7.495996	2.7978515625
7.497004	2.7978515625
7.498	2.802734375
7.499004	2.7978515625
7.500004	2.7978515625
7.501004	2.79296875
7.502004	2.79296875
7.503	2.79296875
7.504	2.7880859375
7.505	2.7880859375
7.506	2.783203125
7.507	2.783203125
7.508	2.783203125
7.509	2.7783203125
7.51	2.7783203125
7.511	2.7734375
7.512	2.7783203125
7.513	2.763671875
7.514	2.7783203125
7.515	2.7685546875
7.516	2.763671875
7.517	2.7685546875
7.518	2.763671875
7.519	2.763671875
7.52	2.7685546875
7.521	2.7734375
7.522	2.7685546875
7.523	2.7685546875
7.524	2.7685546875
7.525	2.7734375
7.526	2.763671875
7.527	2.7783203125
7.528	2.7783203125
7.529	2.783203125
7.53	2.7783203125
7.531	2.7783203125
7.532	2.7880859375
7.533	2.7880859375
7.534	2.79296875
7.535	2.79296875
7.536	2.7880859375
7.537	2.79296875
7.538	2.79296875
7.539004	2.7880859375
7.54	2.802734375
7.541004	2.802734375
7.542004	2.8076171875
7.543004	2.7978515625
7.544004	2.8076171875
7.545004	2.802734375
7.546	2.802734375
7.547	2.802734375
7.548	2.7978515625
7.549	2.7978515625
7.55	2.802734375
7.551	2.7978515625
7.552	2.7978515625
7.553	2.802734375
7.554	2.79296875
7.555	2.7978515625
7.556	2.79296875
7.557	2.7978515625
7.558	2.7880859375
7.559	2.79296875
7.56	2.79296875
7.561	2.79296875
7.562	2.783203125
7.563	2.7783203125
7.564	2.7734375
7.565	2.7783203125
7.566	2.7734375
7.567	2.7783203125
7.568	2.7783203125
7.569	2.7685546875
7.57	2.7734375
7.571	2.7685546875
7.572	2.763671875
7.573	2.763671875
7.574	2.7685546875
7.575	2.7685546875
7.576	2.763671875
7.577	2.7685546875
7.578	2.763671875
7.579	2.763671875
7.58	2.7734375
7.581	2.7685546875
7.581996	2.7734375
7.583004	2.7685546875
7.584004	2.7734375
7.585004	2.7783203125
7.586004	2.783203125
7.587004	2.7734375
7.588004	2.7783203125
7.589	2.7880859375
7.59	2.7880859375
7.591	2.7880859375
7.592	2.7978515625
7.593	2.79296875
7.594	2.7978515625
7.595	2.7978515625
7.596	2.79296875
7.597	2.7978515625
7.598	2.7978515625
7.599	2.79296875
7.6	2.7978515625
7.601	2.7978515625
7.602	2.8076171875
7.603	2.7978515625
7.604	2.802734375
7.605	2.802734375
7.606	2.802734375
7.607	2.802734375
7.608	2.7978515625
7.609	2.802734375
7.61	2.7978515625
7.611	2.7978515625
7.612	2.7978515625
7.613	2.79296875
7.614	2.79296875
7.615	2.7978515625
7.616	2.7880859375
7.617	2.7880859375
7.618	2.783203125
7.619	2.783203125
7.62	2.7734375
7.621	2.7783203125
7.622	2.7783203125
7.623	2.7685546875
7.623996	2.7734375
7.625004	2.7685546875
7.626	2.7734375
7.627004	2.7685546875
7.628004	2.7685546875
7.629004	2.763671875
7.630004	2.7685546875
7.631	2.7685546875
7.632	2.763671875
7.633	2.7685546875
7.634	2.763671875
7.635	2.7685546875
7.636	2.7685546875
7.637	2.7734375
7.638	2.7685546875
7.639	2.7734375
7.64	2.7734375
7.641	2.7734375
7.642	2.7783203125
7.643	2.7783203125
7.644	2.783203125
7.645	2.7783203125
7.646	2.783203125
7.647	2.783203125
7.648	2.79296875
7.649	2.7880859375
7.65	2.7880859375
7.651	2.7978515625
7.652	2.7978515625
7.653	2.79296875
7.654	2.79296875
7.655	2.802734375
7.656	2.802734375
7.657	2.7978515625
7.658	2.7978515625
7.659	2.802734375
7.66	2.8076171875
7.661	2.7978515625
7.662	2.802734375
7.663	2.79296875
7.664	2.7978515625
7.665	2.79296875
7.666	2.802734375
7.667004	2.7978515625
7.668	2.802734375
7.669004	2.7978515625
7.670004	2.7880859375
7.671004	2.79296875
7.672004	2.7880859375
7.673004	2.783203125
7.674	2.7783203125
7.675	2.7783203125
7.676	2.7783203125
7.677	2.7783203125
7.678	2.7783203125
7.679	2.7783203125
7.68	2.7734375
7.681	2.7783203125
7.682	2.7783203125
7.683	2.7734375
7.684	2.7685546875
7.685	2.7587890625
7.686	2.7587890625
7.687	2.7685546875
7.688	2.763671875
7.689	2.7685546875
7.69	2.7685546875
7.691	2.7734375
7.692	2.7685546875
7.693	2.7734375
7.694	2.7685546875
7.695	2.7685546875
7.696	2.7734375
7.697	2.7734375
7.698	2.7734375
7.699	2.783203125
7.7	2.783203125
7.701	2.7783203125
7.702	2.7880859375
7.703	2.7880859375
7.704	2.79296875
7.705	2.79296875
7.706	2.7880859375
7.707	2.7978515625
7.708	2.79296875
7.709	2.7978515625
7.709996	2.802734375
7.711004	2.7978515625
7.712004	2.7978515625
7.713004	2.802734375
7.714004	2.802734375
7.715004	2.802734375
7.716004	2.7978515625
7.717	2.802734375
7.718	2.802734375
7.719	2.7978515625
7.72	2.7978515625
7.721	2.79296875
7.722	2.802734375
7.723	2.79296875
7.724	2.7978515625
7.725	2.7880859375
7.726	2.79296875
7.727	2.79296875
7.728	2.79296875
7.729	2.783203125
7.73	2.7783203125
7.731	2.7734375
7.732	2.783203125
7.733	2.7783203125
7.734	2.7783203125
7.735	2.7783203125
7.736	2.7734375
7.737	2.7685546875
7.738	2.7734375
7.739	2.7734375
7.74	2.7685546875
7.741	2.7734375
7.742	2.7685546875
7.743	2.7685546875
7.744	2.763671875
7.745	2.7685546875
7.746	2.7734375
7.747	2.7685546875
7.748	2.7685546875
7.749	2.7734375
7.75	2.7685546875
7.751	2.7734375
7.751996	2.7783203125
7.753004	2.7783203125
7.754	2.783203125
7.755004	2.7783203125
7.756004	2.7734375
7.757004	2.7880859375
7.758004	2.783203125
7.759	2.7783203125
7.76	2.79296875
7.761	2.7880859375
7.762	2.7880859375
7.763	2.79296875
7.764	2.802734375
7.765	2.79296875
7.766	2.79296875
7.767	2.79296875
7.768	2.79296875
7.769	2.802734375
7.77	2.802734375
7.771	2.7978515625
7.772	2.802734375
7.773	2.802734375
7.774	2.802734375
7.775	2.7978515625
7.776	2.802734375
7.777	2.79296875
7.778	2.7978515625
7.779	2.79296875
7.78	2.79296875
7.781	2.79296875
7.782	2.7880859375
7.783	2.79296875
7.784	2.783203125
7.785	2.783203125
7.786	2.783203125
7.787	2.783203125
7.788	2.783203125
7.789	2.7734375
7.79	2.7734375
7.791	2.7783203125
7.792	2.7734375
7.793	2.7685546875
7.794	2.7734375
7.795004	2.7734375
7.796	2.7734375
7.797004	2.7734375
7.798004	2.763671875
7.799004	2.7685546875
7.800004	2.7685546875
7.801004	2.7685546875
7.802	2.763671875
7.803	2.7734375
7.804	2.7685546875
7.805	2.7685546875
7.806	2.7734375
7.807	2.7734375
7.808	2.7783203125
7.809	2.7734375
7.81	2.783203125
7.811	2.783203125
7.812	2.7783203125
7.813	2.783203125
7.814	2.783203125
7.815	2.783203125
7.816	2.7880859375
7.817	2.7880859375
7.818	2.7978515625
7.819	2.79296875
7.82	2.7978515625
7.821	2.802734375
7.822	2.802734375
7.823	2.802734375
7.824	2.7978515625
7.825	2.7978515625
7.826	2.802734375
7.827	2.802734375
7.828	2.802734375
7.829	2.802734375
7.83	2.7978515625
7.831	2.7978515625
7.832	2.79296875
7.833	2.7978515625
7.834	2.7978515625
7.835	2.7978515625
7.836	2.7978515625
7.837	2.79296875
7.837996	2.783203125
7.839004	2.7880859375
7.840004	2.7880859375
7.841004	2.783203125
7.842004	2.783203125
7.843004	2.7734375
7.844004	2.7783203125
7.845	2.7783203125
7.846	2.7734375
7.847	2.7734375
7.848	2.7734375
7.849	2.7734375
7.85	2.7685546875
7.851	2.7685546875
7.852	2.7734375
7.853	2.7685546875
7.854	2.763671875
7.855	2.7685546875
7.856	2.763671875
7.857	2.7685546875
7.858	2.7734375
7.859	2.763671875
7.86	2.7685546875
7.861	2.763671875
7.862	2.7734375
7.863	2.7734375
7.864	2.7783203125
7.865	2.7783203125
7.866	2.7685546875
7.867	2.783203125
7.868	2.7783203125
7.869	2.783203125
7.87	2.783203125
7.871	2.7880859375
7.872	2.783203125
7.873	2.7880859375
7.874	2.7880859375
7.875	2.7978515625
7.876	2.7978515625
7.877	2.7978515625
7.878	2.802734375
7.879	2.7978515625
7.879996	2.7978515625
7.881004	2.802734375
7.882	2.7978515625
7.883004	2.802734375
7.884004	2.79296875
7.885004	2.7978515625
7.886004	2.7978515625
7.887	2.7978515625
7.888	2.802734375
7.889	2.79296875
7.89	2.7978515625
7.891	2.79296875
7.892	2.7978515625
7.893	2.79296875
7.894	2.783203125
7.895	2.7880859375
7.896	2.7783203125
7.897	2.783203125
7.898	2.783203125
7.899	2.783203125
7.9	2.783203125
7.901	2.7783203125
7.902	2.7734375
7.903	2.7783203125
7.904	2.7734375
7.905	2.7783203125
7.906	2.7685546875
7.907	2.7734375
7.908	2.7734375
7.909	2.7734375
7.91	2.7734375
7.911	2.7685546875
7.912	2.7685546875
7.913	2.7685546875
7.914	2.7734375
7.915	2.7783203125
7.916	2.7734375
7.917	2.7685546875
7.918	2.7685546875
7.919	2.7685546875
7.92	2.7685546875
7.921	2.7734375
7.922	2.7783203125
7.923004	2.7783203125
7.924	2.7880859375
7.925004	2.7880859375
7.926004	2.7880859375
7.927004	2.7880859375
7.928004	2.79296875
7.929004	2.79296875
7.93	2.7880859375
7.931	2.802734375
7.932	2.79296875
7.933	2.802734375
7.934	2.79296875
7.935	2.802734375
7.936	2.8076171875
7.937	2.7978515625
7.938	2.7978515625
7.939	2.802734375
7.94	2.79296875
7.941	2.802734375
7.942	2.7978515625
7.943	2.802734375
7.944	2.7978515625
7.945	2.7978515625
7.946	2.7978515625
7.947	2.7978515625
7.948	2.7880859375
7.949	2.79296875
7.95	2.79296875
7.951	2.7978515625
7.952	2.7880859375
7.953	2.783203125
7.954	2.783203125
7.955	2.7734375
7.956	2.7734375
7.957	2.7783203125
7.958	2.7783203125
7.959	2.7783203125
7.96	2.7685546875
7.961	2.7734375
7.962	2.7685546875
7.963	2.7734375
7.964	2.7685546875
7.965	2.7734375
7.965996	2.763671875
7.967004	2.763671875
7.968004	2.7685546875
7.969004	2.7734375
7.970004	2.7734375
7.971004	2.7734375
7.972004	2.7685546875
7.973	2.7783203125
7.974	2.7783203125
7.975	2.7734375
7.976	2.7734375
7.977	2.7783203125
7.978	2.7783203125
7.979	2.783203125
7.98	2.783203125
7.981	2.783203125
7.982	2.7880859375
7.983	2.783203125
7.984	2.7880859375
7.985	2.79296875
7.986	2.79296875
7.987	2.79296875
7.988	2.7978515625
7.989	2.7978515625
7.99	2.7978515625
7.991	2.7978515625
7.992	2.802734375
7.993	2.7978515625
7.994	2.802734375
7.995	2.802734375
7.996	2.7978515625
7.997	2.802734375
7.998	2.802734375
7.999	2.802734375
8.0	2.7978515625
8.001	2.802734375
8.002	2.7978515625
8.003	2.7978515625
8.004	2.7978515625
8.005	2.79296875
8.006	2.79296875
8.007	2.7880859375
8.007996	2.783203125
8.009004	2.7880859375
8.01	2.783203125
8.011004	2.783203125
8.012004	2.7783203125
8.013004	2.7783203125
8.014004	2.7783203125
8.015	2.7734375
8.016	2.7734375
8.017	2.7685546875
8.018	2.7783203125
8.019	2.7734375
8.02	2.7734375
8.021	2.7734375
8.022	2.7734375
8.023	2.7685546875
8.024	2.7734375
8.025	2.7734375
8.026	2.7734375
8.027	2.7734375
8.028	2.7685546875
8.029	2.7783203125
8.03	2.7734375
8.031	2.7734375
8.032	2.7783203125
8.033	2.7783203125
8.034	2.7783203125
8.035	2.7783203125
8.036	2.7783203125
8.037	2.7783203125
8.038	2.783203125
8.039	2.783203125
8.04	2.7978515625
8.041	2.7880859375
8.042	2.79296875
8.043	2.79296875
8.044	2.79296875
8.045	2.8076171875
8.046	2.7978515625
8.047	2.802734375
8.048	2.7978515625
8.049	2.802734375
8.05	2.7978515625
8.051004	2.802734375
8.052	2.7978515625
8.053004	2.79296875
8.054004	2.7978515625
8.055004	2.7978515625
8.056004	2.7978515625
8.057004	2.7978515625
8.058	2.7978515625
8.059	2.79296875
8.06	2.79296875
8.061	2.7880859375
8.062	2.783203125
8.063	2.79296875
8.064	2.7783203125
8.065	2.7880859375
8.066	2.7880859375
8.067	2.7734375
8.068	2.7783203125
8.069	2.783203125
8.07	2.7783203125
8.071	2.7783203125
8.072	2.7734375
8.073	2.7734375
8.074	2.763671875
8.075	2.7734375
8.076	2.7734375
8.077	2.7734375
8.078	2.7783203125
8.079	2.7783203125
8.08	2.763671875
8.081	2.7587890625
8.082	2.7685546875
8.083	2.7734375
8.084	2.7734375
8.085	2.7783203125
8.086	2.7685546875
8.087	2.7783203125
8.088	2.7734375
8.089	2.7783203125
8.09	2.783203125
8.091	2.783203125
8.092	2.783203125
8.093	2.783203125
8.093996	2.7880859375
8.095004	2.783203125
8.096004	2.7880859375
8.097004	2.79296875
8.098004	2.783203125
8.099004	2.7978515625
8.100004	2.79296875
8.101	2.802734375
8.102	2.802734375
8.103	2.802734375
8.104	2.79296875
8.105	2.7978515625
8.106	2.802734375
8.107	2.7978515625
8.108	2.7978515625
8.109	2.802734375
8.11	2.802734375
8.111	2.7978515625
8.112	2.79296875
8.113	2.7978515625
8.114	2.7978515625
8.115	2.79296875
8.116	2.79296875
8.117	2.7880859375
8.118	2.79296875
8.119	2.783203125
8.12	2.783203125
8.121	2.783203125
8.122	2.783203125
8.123	2.7783203125
8.124	2.7783203125
8.125	2.7783203125
8.126	2.7783203125
8.127	2.7734375
8.128	2.7734375
8.129	2.7783203125
8.13	2.7685546875
8.131	2.7734375
8.132	2.7734375
8.133	2.7783203125
8.134	2.7734375
8.135	2.7685546875
8.135996	2.7734375
8.137004	2.7734375
8.138	2.7685546875
8.139004	2.7685546875
8.140004	2.7734375
8.141004	2.7734375
8.142004	2.7734375
8.143	2.7734375
8.144	2.783203125
8.145	2.7734375
8.146	2.7783203125
8.147	2.783203125
8.148	2.783203125
8.149	2.7880859375
8.15	2.7880859375
8.151	2.79296875
8.152	2.7880859375
8.153	2.7880859375
8.154	2.7978515625
8.155	2.7880859375
8.156	2.7978515625
8.157	2.79296875
8.158	2.802734375
8.159	2.7978515625
8.16	2.7978515625
8.161	2.7978515625
8.162	2.7978515625
8.163	2.802734375
8.164	2.79296875
8.165	2.79296875
8.166	2.802734375
8.167	2.7978515625
8.168	2.7978515625
8.169	2.79296875
8.17	2.79296875
8.171	2.7978515625
8.172	2.79296875
8.173	2.79296875
8.174	2.79296875
8.175	2.7880859375
8.176	2.783203125
8.177	2.7783203125
8.178	2.783203125
8.179004	2.7880859375
8.18	2.7783203125
8.181004	2.7734375
8.182004	2.7783203125
8.183004	2.7734375
8.184004	2.7734375
8.185004	2.7685546875
8.186	2.7734375
8.187	2.7734375
8.188	2.7685546875
8.189	2.7734375
8.19	2.7734375
8.191	2.7734375
8.192	2.7734375
8.193	2.7734375
8.194	2.7734375
8.195	2.7685546875
8.196	2.7734375
8.197	2.7783203125
8.198	2.7783203125
8.199	2.7783203125
8.2	2.7783203125
8.201	2.7783203125
8.202	2.7734375
8.203	2.783203125
8.204	2.7783203125
8.205	2.783203125
8.206	2.7880859375
8.207	2.7880859375
8.208	2.7978515625
8.209	2.7880859375
8.21	2.79296875
8.211	2.7978515625
8.212	2.79296875
8.213	2.79296875
8.214	2.7978515625
8.215	2.802734375
8.216	2.802734375
8.217	2.802734375
8.218	2.7978515625
8.219	2.79296875
8.22	2.802734375
8.221	2.7978515625
8.221996	2.79296875
8.223004	2.7978515625
8.224004	2.7978515625
8.225004	2.7978515625
8.226004	2.7978515625
8.227004	2.7978515625
8.228004	2.7880859375
8.229	2.7880859375
8.23	2.79296875
8.231	2.7880859375
8.232	2.79296875
8.233	2.7880859375
8.234	2.7734375
8.235	2.783203125
8.236	2.7734375
8.237	2.7783203125
8.238	2.7783203125
8.239	2.7734375
8.24	2.7734375
8.241	2.7685546875
8.242	2.7734375
8.243	2.7734375
8.244	2.7734375
8.245	2.7734375
8.246	2.7685546875
8.247	2.7685546875
8.248	2.7734375
8.249	2.7734375
8.25	2.7685546875
8.251	2.7685546875
8.252	2.7734375
8.253	2.7734375
8.254	2.7783203125
8.255	2.7685546875
8.256	2.7783203125
8.257	2.7783203125
8.258	2.783203125
8.259	2.783203125
8.26	2.783203125
8.261	2.7783203125
8.262	2.7880859375
8.263	2.7880859375
8.263996	2.7978515625
8.265004	2.79296875
8.266	2.79296875
8.267004	2.7978515625
8.268004	2.7978515625
8.269004	2.7978515625
8.270004	2.7978515625
8.271	2.7978515625
8.272	2.802734375
8.273	2.802734375
8.274	2.802734375
8.275	2.7978515625
8.276	2.802734375
8.277	2.7978515625
8.278	2.802734375
8.279	2.802734375
8.28	2.7978515625
8.281	2.7978515625
8.282	2.7978515625
8.283	2.7978515625
8.284	2.79296875
8.285	2.7880859375
8.286	2.79296875
8.287	2.783203125
8.288	2.783203125
8.289	2.7880859375
8.29	2.783203125
8.291	2.783203125
8.292	2.7783203125
8.293	2.7783203125
8.294	2.7783203125
8.295	2.7783203125
8.296	2.7783203125
8.297	2.7734375
8.298	2.7783203125
8.299	2.763671875
8.3	2.7783203125
8.301	2.7685546875
8.302	2.7783203125
8.303	2.7783203125
8.304	2.7734375
8.305	2.7685546875
8.306	2.7734375
8.307004	2.7685546875
8.308	2.7685546875
8.309004	2.7734375
8.310004	2.7685546875
8.311004	2.7783203125
8.312004	2.7783203125
8.313004	2.7783203125
8.314	2.7783203125
8.315	2.783203125
8.316	2.783203125
8.317	2.783203125
8.318	2.783203125
8.319	2.783203125
8.32	2.79296875
8.321	2.7880859375
8.322	2.79296875
8.323	2.7978515625
8.324	2.79296875
8.325	2.7978515625
8.326	2.7978515625
8.327	2.802734375
8.328	2.7978515625
8.329	2.7978515625
8.33	2.802734375
8.331	2.79296875
8.332	2.7978515625
8.333	2.7978515625
8.334	2.79296875
8.335	2.802734375
8.336	2.7978515625
8.337	2.7978515625
8.338	2.7880859375
8.339	2.79296875
8.34	2.7880859375
8.341	2.783203125
8.342	2.79296875
8.343	2.783203125
8.344	2.7880859375
8.345	2.7880859375
8.346	2.7734375
8.347	2.7734375
8.348	2.7734375
8.349	2.7685546875
8.349996	2.7783203125
8.351004	2.7734375
8.352004	2.7783203125
8.353004	2.7685546875
8.354004	2.7783203125
8.355004	2.7734375
8.356004	2.7685546875
8.357	2.7685546875
8.358	2.7734375
8.359	2.763671875
8.36	2.7685546875
8.361	2.7734375
8.362	2.7734375
8.363	2.7685546875
8.364	2.7734375
8.365	2.7734375
8.366	2.7783203125
8.367	2.7685546875
8.368	2.7783203125
8.369	2.7734375
8.37	2.7783203125
8.371	2.7880859375
8.372	2.783203125
8.373	2.7880859375
8.374	2.7783203125
8.375	2.79296875
8.376	2.783203125
8.377	2.79296875
8.378	2.7880859375
8.379	2.7978515625
8.38	2.802734375
8.381	2.7978515625
8.382	2.7978515625
8.383	2.7978515625
8.384	2.7978515625
8.385	2.7978515625
8.386	2.802734375
8.387	2.79296875
8.388	2.79296875
8.389	2.7978515625
8.39	2.7978515625
8.391	2.802734375
8.391996	2.7978515625
8.393004	2.79296875
8.394	2.79296875
8.395004	2.7880859375
8.396004	2.7880859375
8.397004	2.7880859375
8.398004	2.7880859375
8.399	2.7880859375
8.4	2.783203125
8.401	2.7880859375
8.402	2.783203125
8.403	2.783203125
8.404	2.7783203125
8.405	2.7783203125
8.406	2.7783203125
8.407	2.7783203125
8.408	2.7734375
8.409	2.7734375
8.41	2.7783203125
8.411	2.7685546875
8.412	2.7685546875
8.413	2.7734375
8.414	2.7734375
8.415	2.7734375
8.416	2.7734375
8.417	2.7783203125
8.418	2.7734375
8.419	2.7734375
8.42	2.7734375
8.421	2.7783203125
8.422	2.7685546875
8.423	2.7734375
8.424	2.7783203125
8.425	2.7783203125
8.426	2.783203125
8.427	2.783203125
8.428	2.7783203125
8.429	2.7880859375
8.43	2.7880859375
8.431	2.7880859375
8.432	2.783203125
8.433	2.7880859375
8.434	2.79296875
8.435004	2.79296875
8.436	2.79296875
8.437004	2.79296875
8.438004	2.802734375
8.439004	2.79296875
8.440004	2.7978515625
8.441004	2.7978515625
8.442	2.7978515625
8.443	2.7978515625
8.444	2.802734375
8.445	2.7978515625
8.446	2.7978515625
8.447	2.7978515625
8.448	2.79296875
8.449	2.7978515625
8.45	2.79296875
8.451	2.783203125
8.452	2.783203125
8.453	2.783203125
8.454	2.79296875
8.455	2.7880859375
8.456	2.79296875
8.457	2.783203125
8.458	2.783203125
8.459	2.783203125
8.46	2.7734375
8.461	2.7783203125
8.462	2.7734375
8.463	2.7734375
8.464	2.7734375
8.465	2.7734375
8.466	2.7734375
8.467	2.7685546875
8.468	2.7734375
8.469	2.7734375
8.47	2.7734375
8.471	2.7685546875
8.472	2.7685546875
8.473	2.7685546875
8.474	2.7685546875
8.475	2.7685546875
8.476	2.7734375
8.477	2.7783203125
8.477996	2.7783203125
8.479004	2.7734375
8.480004	2.7783203125
8.481004	2.7783203125
8.482004	2.7734375
8.483004	2.783203125
8.484004	2.783203125
8.485	2.7783203125
8.486	2.783203125
8.487	2.7880859375
8.488	2.7880859375
8.489	2.79296875
8.49	2.79296875
8.491	2.79296875
8.492	2.7978515625
8.493	2.7978515625
8.494	2.802734375
8.495	2.7978515625
8.496	2.79296875
8.497	2.7978515625
8.498	2.7978515625
8.499	2.7978515625
8.5	2.79296875
8.501	2.7978515625
8.502	2.79296875
8.503	2.802734375
8.504	2.7978515625
8.505	2.7880859375
8.506	2.7880859375
8.507	2.79296875
8.508	2.7880859375
8.509	2.7880859375
8.51	2.79296875
8.511	2.7880859375
8.512	2.7880859375
8.513	2.7880859375
8.514	2.7783203125
8.515	2.783203125
8.516	2.7783203125
8.517	2.7783203125
8.518	2.7783203125
8.519	2.7734375
8.519996	2.7685546875
8.521004	2.763671875
8.522	2.7783203125
8.523004	2.7685546875
8.524004	2.7685546875
8.525004	2.7734375
8.526004	2.7734375
8.527	2.7783203125
8.528	2.7685546875
8.529	2.7685546875
8.53	2.7734375
8.531	2.7783203125
8.532	2.7685546875
8.533	2.7734375
8.534	2.7734375
8.535	2.7783203125
8.536	2.7783203125
8.537	2.7783203125
8.538	2.7783203125
8.539	2.7783203125
8.54	2.783203125
8.541	2.7880859375
8.542	2.7880859375
8.543	2.79296875
8.544	2.7880859375
8.545	2.7978515625
8.546	2.79296875
8.547	2.7978515625
8.548	2.7978515625
8.549	2.79296875
8.55	2.79296875
8.551	2.802734375
8.552	2.802734375
8.553	2.7978515625
8.554	2.802734375
8.555	2.7978515625
8.556	2.802734375
8.557	2.802734375
8.558	2.79296875
8.559	2.802734375
8.56	2.79296875
8.561	2.79296875
8.562	2.7978515625
8.563004	2.7880859375
8.564	2.79296875
8.565004	2.79296875
8.566004	2.7880859375
8.567004	2.7783203125
8.568004	2.7880859375
8.569004	2.7880859375
8.57	2.7783203125
8.571	2.7783203125
8.572	2.7783203125
8.573	2.7783203125
8.574	2.7783203125
8.575	2.7783203125
8.576	2.7734375
8.577	2.7734375
8.578	2.7734375
8.579	2.7734375
8.58	2.7685546875
8.581	2.7685546875
8.582	2.7685546875
8.583	2.7734375
8.584	2.763671875
8.585	2.7685546875
8.586	2.7734375
8.587	2.7734375
8.588	2.7734375
8.589	2.7783203125
8.59	2.7783203125
8.591	2.783203125
8.592	2.7734375
8.593	2.7734375
8.594	2.783203125
8.595	2.783203125
8.596	2.7880859375
8.597	2.783203125
8.598	2.7880859375
8.599	2.783203125
8.6	2.7880859375
8.601	2.783203125
8.602	2.7880859375
8.603	2.7880859375
8.604	2.802734375
8.605	2.7978515625
8.605996	2.7978515625
8.607004	2.802734375
8.608004	2.7978515625
8.609004	2.802734375
8.610004	2.802734375
8.611004	2.802734375
8.612004	2.7978515625
8.613	2.802734375
8.614	2.7978515625
8.615	2.7978515625
8.616	2.7978515625
8.617	2.7978515625
8.618	2.802734375
8.619	2.7880859375
8.62	2.7880859375
8.621	2.7978515625
8.622	2.7880859375
8.623	2.783203125
8.624	2.783203125
8.625	2.783203125
8.626	2.7783203125
8.627	2.7783203125
8.628	2.7734375
8.629	2.7783203125
8.63	2.7783203125
8.631	2.7734375
8.632	2.7734375
8.633	2.7734375
8.634	2.7685546875
8.635	2.7734375
8.636	2.7734375
8.637	2.7734375
8.638	2.7734375
8.639	2.7783203125
8.64	2.7685546875
8.641	2.7734375
8.642	2.7734375
8.643	2.7783203125
8.644	2.7783203125
8.645	2.7734375
8.646	2.7783203125
8.647	2.7783203125
8.647996	2.7734375
8.649004	2.783203125
8.65	2.7783203125
8.651004	2.7783203125
8.652004	2.7880859375
8.653004	2.7783203125
8.654004	2.79296875
8.655	2.7880859375
8.656	2.7880859375
8.657	2.7880859375
8.658	2.7978515625
8.659	2.79296875
8.66	2.79296875
8.661	2.79296875
8.662	2.7978515625
8.663	2.7978515625
8.664	2.7978515625
8.665	2.7978515625
8.666	2.79296875
8.667	2.79296875
8.668	2.7978515625
8.669	2.802734375
8.67	2.802734375
8.671	2.7978515625
8.672	2.79296875
8.673	2.802734375
8.674	2.7978515625
8.675	2.79296875
8.676	2.783203125
8.677	2.7880859375
8.678	2.7880859375
8.679	2.79296875
8.68	2.7783203125
8.681	2.783203125
8.682	2.783203125
8.683	2.7734375
8.684	2.783203125
8.685	2.7783203125
8.686	2.7783203125
8.687	2.7783203125
8.688	2.7734375
8.689	2.7783203125
8.69	2.7783203125
8.691004	2.7783203125
8.692	2.7734375
8.693004	2.7685546875
8.694004	2.763671875
8.695004	2.7685546875
8.696004	2.7685546875
8.697004	2.7685546875
8.698	2.7734375
8.699	2.7734375
8.7	2.7734375
8.701	2.7734375
8.702	2.7734375
8.703	2.7783203125
8.704	2.7734375
8.705	2.7734375
8.706	2.783203125
8.707	2.783203125
8.708	2.783203125
8.709	2.783203125
8.71	2.783203125
8.711	2.7880859375
8.712	2.7880859375
8.713	2.7880859375
8.714	2.79296875
8.715	2.7978515625
8.716	2.802734375
8.717	2.7880859375
8.718	2.7978515625
8.719	2.7978515625
8.72	2.7978515625
8.721	2.802734375
8.722	2.79296875
8.723	2.7978515625
8.724	2.7978515625
8.725	2.7978515625
8.726	2.7978515625
8.727	2.7978515625
8.728	2.7978515625
8.729	2.7978515625
8.73	2.7880859375
8.731	2.783203125
8.732	2.7880859375
8.733	2.783203125
8.733996	2.7880859375
8.735004	2.7880859375
8.736004	2.7880859375
8.737004	2.7783203125
8.738004	2.7783203125
8.739004	2.783203125
8.740004	2.783203125
8.741	2.7783203125
8.742	2.7783203125
8.743	2.7734375
8.744	2.7783203125
8.745	2.7734375
8.746	2.7734375
8.747	2.7734375
8.748	2.7734375
8.749	2.7734375
8.75	2.7783203125
8.751	2.763671875
8.752	2.7734375
8.753	2.7783203125
8.754	2.7734375
8.755	2.7734375
8.756	2.7685546875
8.757	2.7734375
8.758	2.783203125
8.759	2.7734375
8.76	2.7783203125
8.761	2.783203125
8.762	2.783203125
8.763	2.7880859375
8.764	2.7880859375
8.765	2.783203125
8.766	2.7880859375
8.767	2.79296875
8.768	2.7880859375
8.769	2.7880859375
8.77	2.7880859375
8.771	2.7978515625
8.772	2.7978515625
8.773	2.7978515625
8.774	2.7978515625
8.775	2.7978515625
8.775996	2.802734375
8.777004	2.7978515625
8.778	2.8076171875
8.779004	2.802734375
8.780004	2.7978515625
8.781004	2.7978515625
8.782004	2.7978515625
8.783	2.802734375
8.784	2.79296875
8.785	2.7978515625
8.786	2.79296875
8.787	2.7880859375
8.788	2.783203125
8.789	2.7880859375
8.79	2.7880859375
8.791	2.783203125
8.792	2.7880859375
8.793	2.783203125
8.794	2.7783203125
8.795	2.783203125
8.796	2.7734375
8.797	2.7734375
8.798	2.7783203125
8.799	2.7783203125
8.8	2.7783203125
8.801	2.7734375
8.802	2.7783203125
8.803	2.7783203125
8.804	2.7734375
8.805	2.7734375
8.806	2.7734375
8.807	2.7685546875
8.808	2.7685546875
8.809	2.7685546875
8.81	2.7734375
8.811	2.7734375
8.812	2.7783203125
8.813	2.7734375
8.814	2.7783203125
8.815	2.7734375
8.816	2.7685546875
8.817	2.783203125
8.818	2.783203125
8.819004	2.7783203125
8.82	2.7880859375
8.821004	2.783203125
8.822004	2.7880859375
8.823004	2.7880859375
8.824004	2.7880859375
8.825004	2.79296875
8.826	2.7880859375
8.827	2.7978515625
8.828	2.79296875
8.829	2.802734375
8.83	2.7978515625
8.831	2.802734375
8.832	2.802734375
8.833	2.7978515625
8.834	2.7978515625
8.835	2.7978515625
8.836	2.802734375
8.837	2.802734375
8.838	2.7978515625
8.839	2.7978515625
8.84	2.79296875
8.841	2.79296875
8.842	2.7880859375
8.843	2.79296875
8.844	2.79296875
8.845	2.79296875
8.846	2.79296875
8.847	2.7880859375
8.848	2.7783203125
8.849	2.783203125
8.85	2.783203125
8.851	2.783203125
8.852	2.7783203125
8.853	2.7734375
8.854	2.7783203125
8.855	2.7734375
8.856	2.7685546875
8.857	2.7734375
8.858	2.7685546875
8.859	2.7685546875
8.86	2.7734375
8.861	2.7783203125
8.861996	2.7783203125
8.863004	2.7783203125
8.864004	2.7734375
8.865004	2.7783203125
8.866004	2.7734375
8.867004	2.7734375
8.868004	2.7734375
8.869	2.7783203125
8.87	2.7783203125
8.871	2.7734375
8.872	2.7783203125
8.873	2.783203125
8.874	2.7734375
8.875	2.783203125
8.876	2.7880859375
8.877	2.7880859375
8.878	2.7880859375
8.879	2.79296875
8.88	2.79296875
8.881	2.79296875
8.882	2.79296875
8.883	2.7978515625
8.884	2.79296875
8.885	2.7978515625
8.886	2.7978515625
8.887	2.7978515625
8.888	2.7978515625
8.889	2.802734375
8.89	2.802734375
8.891	2.802734375
8.892	2.7978515625
8.893	2.7978515625
8.894	2.7978515625
8.895	2.7978515625
8.896	2.79296875
8.897	2.7978515625
8.898	2.7880859375
8.899	2.7880859375
8.9	2.7880859375
8.901	2.79296875
8.902	2.79296875
8.903	2.783203125
8.903996	2.783203125
8.905004	2.7783203125
8.906	2.7783203125
8.907004	2.783203125
8.908004	2.7783203125
8.909004	2.783203125
8.910004	2.7783203125
8.911	2.7685546875
8.912	2.7783203125
8.913	2.7783203125
8.914	2.7734375
8.915	2.7783203125
8.916	2.7783203125
8.917	2.7685546875
8.918	2.7685546875
8.919	2.7685546875
8.92	2.7734375
8.921	2.7734375
8.922	2.7734375
8.923	2.7783203125
8.924	2.7734375
8.925	2.7734375
8.926	2.7734375
8.927	2.7783203125
8.928	2.7783203125
8.929	2.7734375
8.93	2.783203125
8.931	2.7734375
8.932	2.7783203125
8.933	2.783203125
8.934	2.7880859375
8.935	2.79296875
8.936	2.79296875
8.937	2.7880859375
8.938	2.79296875
8.939	2.7880859375
8.94	2.79296875
8.941	2.7978515625
8.942	2.7978515625
8.943	2.79296875
8.944	2.7978515625
8.945	2.7978515625
8.946	2.7978515625
8.947004	2.79296875
8.948	2.7978515625
8.949004	2.802734375
8.950004	2.7978515625
8.951004	2.802734375
8.952004	2.7978515625
8.953004	2.79296875
8.954	2.79296875
8.955	2.7880859375
8.956	2.7880859375
8.957	2.7880859375
8.958	2.79296875
8.959	2.7783203125
8.96	2.783203125
8.961	2.783203125
8.962	2.7783203125
8.963	2.783203125
8.964	2.7783203125
8.965	2.7734375
8.966	2.7734375
8.967	2.7685546875
8.968	2.7783203125
8.969	2.7685546875
8.97	2.763671875
8.971	2.7685546875
8.972	2.7734375
8.973	2.7734375
8.974	2.7734375
8.975	2.7783203125
8.976	2.7734375
8.977	2.7734375
8.978	2.7685546875
8.979	2.7783203125
8.98	2.7783203125
8.981	2.7783203125
8.982	2.7734375
8.983	2.7734375
8.984	2.7783203125
8.985	2.7783203125
8.986	2.7783203125
8.987	2.783203125
8.988	2.7880859375
8.989	2.783203125
8.989996	2.79296875
8.991004	2.79296875
8.992004	2.7880859375
8.993004	2.7880859375
8.994004	2.7978515625
8.995004	2.79296875
8.996004	2.79296875
8.997	2.7978515625
8.998	2.7978515625
8.999	2.7978515625
9.0	2.7978515625
9.001	2.802734375
9.002	2.79296875
9.003	2.802734375
9.004	2.79296875
9.005	2.7880859375
9.006	2.7978515625
9.007	2.7978515625
9.008	2.7880859375
9.009	2.7880859375
9.01	2.7880859375
9.011	2.7880859375
9.012	2.7880859375
9.013	2.783203125
9.014	2.783203125
9.015	2.7880859375
9.016	2.783203125
9.017	2.783203125
9.018	2.7783203125
9.019	2.7783203125
9.02	2.783203125
9.021	2.783203125
9.022	2.7783203125
9.023	2.7734375
9.024	2.7734375
9.025	2.7783203125
9.026	2.7685546875
9.027	2.7734375
9.028	2.7783203125
9.029	2.7685546875
9.03	2.7783203125
9.031	2.7734375
9.031996	2.7783203125
9.033004	2.7734375
9.034	2.7734375
9.035004	2.7685546875
9.036004	2.7783203125
9.037004	2.783203125
9.038004	2.7734375
9.039	2.7734375
9.04	2.783203125
9.041	2.783203125
9.042	2.7734375
9.043	2.783203125
9.044	2.783203125
9.045	2.7880859375
9.046	2.7880859375
9.047	2.7880859375
9.048	2.79296875
9.049	2.7880859375
9.05	2.7978515625
9.051	2.7880859375
9.052	2.7978515625
9.053	2.7978515625
9.054	2.79296875
9.055	2.802734375
9.056	2.7978515625
9.057	2.802734375
9.058	2.802734375
9.059	2.802734375
9.06	2.802734375
9.061	2.79296875
9.062	2.7978515625
9.063	2.7978515625
9.064	2.79296875
9.065	2.7880859375
9.066	2.79296875
9.067	2.7880859375
9.068	2.79296875
9.069	2.783203125
9.07	2.783203125
9.071	2.7783203125
9.072	2.783203125
9.073	2.7880859375
9.074	2.783203125
9.075004	2.783203125
9.076	2.7734375
9.077004	2.7734375
9.078004	2.7734375
9.079004	2.783203125
9.080004	2.7685546875
9.081004	2.783203125
9.082	2.7734375
9.083	2.7734375
9.084	2.7734375
9.085	2.7734375
9.086	2.7734375
9.087	2.7783203125
9.088	2.7685546875
9.089	2.7734375
9.09	2.7783203125
9.091	2.7783203125
9.092	2.7734375
9.093	2.7783203125
9.094	2.7783203125
9.095	2.7734375
9.096	2.7783203125
9.097	2.7880859375
9.098	2.783203125
9.099	2.7783203125
9.1	2.783203125
9.101	2.7880859375
9.102	2.7880859375
9.103	2.79296875
9.104	2.7978515625
9.105	2.79296875
9.106	2.7978515625
9.107	2.79296875
9.108	2.802734375
9.109	2.802734375
9.11	2.79296875
9.111	2.79296875
9.112	2.79296875
9.113	2.802734375
9.114	2.79296875
9.115	2.802734375
9.116	2.7978515625
9.117	2.7978515625
9.117996	2.7978515625
9.119004	2.7978515625
9.120004	2.79296875
9.121004	2.79296875
9.122004	2.7978515625
9.123004	2.7880859375
9.124004	2.7880859375
9.125	2.79296875
9.126	2.783203125
9.127	2.783203125
9.128	2.7880859375
9.129	2.783203125
9.13	2.7783203125
9.131	2.7783203125
9.132	2.7783203125
9.133	2.7783203125
9.134	2.7734375
9.135	2.7685546875
9.136	2.7783203125
9.137	2.7734375
9.138	2.7783203125
9.139	2.7685546875
9.14	2.7734375
9.141	2.7734375
9.142	2.7783203125
9.143	2.7734375
9.144	2.7734375
9.145	2.7734375
9.146	2.7734375
9.147	2.7734375
9.148	2.7783203125
9.149	2.7734375
9.15	2.7783203125
9.151	2.7685546875
9.152	2.783203125
9.153	2.783203125
9.154	2.7783203125
9.155	2.7880859375
9.156	2.783203125
9.157	2.7783203125
9.158	2.7880859375
9.159	2.783203125
9.159996	2.7880859375
9.161004	2.79296875
9.162	2.7978515625
9.163004	2.7978515625
9.164004	2.802734375
9.165004	2.802734375
9.166004	2.79296875
9.167	2.79296875
9.168	2.7978515625
9.169	2.7978515625
9.17	2.7978515625
9.171	2.7978515625
9.172	2.79296875
9.173	2.79296875
9.174	2.7978515625
9.175	2.79296875
9.176	2.79296875
9.177	2.7880859375
9.178	2.7880859375
9.179	2.7880859375
9.18	2.7880859375
9.181	2.7880859375
9.182	2.783203125
9.183	2.783203125
9.184	2.783203125
9.185	2.783203125
9.186	2.783203125
9.187	2.7783203125
9.188	2.7783203125
9.189	2.7783203125
9.19	2.7783203125
9.191	2.7783203125
9.192	2.7783203125
9.193	2.7734375
9.194	2.7783203125
9.195	2.7783203125
9.196	2.7734375
9.197	2.7734375
9.198	2.7734375
9.199	2.7685546875
9.2	2.7734375
9.201	2.7783203125
9.202	2.7734375
9.203004	2.7685546875
9.204	2.7783203125
9.205004	2.783203125
9.206004	2.7783203125
9.207004	2.7734375
9.208004	2.783203125
9.209004	2.7783203125
9.21	2.7783203125
9.211	2.783203125
9.212	2.7783203125
9.213	2.783203125
9.214	2.783203125
9.215	2.7880859375
9.216	2.79296875
9.217	2.7880859375
9.218	2.79296875
9.219	2.7978515625
9.22	2.7978515625
9.221	2.79296875
9.222	2.7978515625
9.223	2.79296875
9.224	2.79296875
9.225	2.7978515625
9.226	2.7978515625
9.227	2.79296875
9.228	2.7978515625
9.229	2.7978515625
9.23	2.7978515625
9.231	2.79296875
9.232	2.7880859375
9.233	2.7880859375
9.234	2.79296875
9.235	2.783203125
9.236	2.79296875
9.237	2.7880859375
9.238	2.783203125
9.239	2.7783203125
9.24	2.7783203125
9.241	2.783203125
9.242	2.7783203125
9.243	2.783203125
9.244	2.7783203125
9.245	2.783203125
9.245996	2.7783203125
9.247004	2.7685546875
9.248004	2.7783203125
9.249004	2.7734375
9.250004	2.7685546875
9.251004	2.7783203125
9.252004	2.7685546875
9.253	2.763671875
9.254	2.7734375
9.255	2.7734375
9.256	2.7734375
9.257	2.7685546875
9.258	2.7685546875
9.259	2.7783203125
9.26	2.7685546875
9.261	2.783203125
9.262	2.7734375
9.263	2.783203125
9.264	2.783203125
9.265	2.783203125
9.266	2.7783203125
9.267	2.7783203125
9.268	2.783203125
9.269	2.7880859375
9.27	2.783203125
9.271	2.7978515625
9.272	2.79296875
9.273	2.783203125
9.274	2.79296875
9.275	2.7880859375
9.276	2.7978515625
9.277	2.7978515625
9.278	2.79296875
9.279	2.79296875
9.28	2.7978515625
9.281	2.7978515625
9.282	2.7880859375
9.283	2.79296875
9.284	2.7880859375
9.285	2.802734375
9.286	2.79296875
9.287	2.7978515625
9.287996	2.7880859375
9.289004	2.79296875
9.29	2.7880859375
9.291004	2.7880859375
9.292004	2.7880859375
9.293004	2.7880859375
9.294004	2.7880859375
9.295	2.7880859375
9.296	2.7783203125
9.297	2.783203125
9.298	2.7880859375
9.299	2.783203125
9.3	2.783203125
9.301	2.7783203125
9.302	2.7783203125
9.303	2.7734375
9.304	2.7734375
9.305	2.7783203125
9.306	2.7734375
9.307	2.7783203125
9.308	2.7734375
9.309	2.7734375
9.31	2.7783203125
9.311	2.7734375
9.312	2.7783203125
9.313	2.7685546875
9.314	2.7783203125
9.315	2.7783203125
9.316	2.7783203125
9.317	2.7783203125
9.318	2.783203125
9.319	2.7734375
9.32	2.783203125
9.321	2.783203125
9.322	2.7783203125
9.323	2.783203125
9.324	2.7880859375
9.325	2.79296875
9.326	2.7880859375
9.327	2.79296875
9.328	2.79296875
9.329	2.783203125
9.33	2.79296875
9.331004	2.7978515625
9.332	2.79296875
9.333004	2.79296875
9.334004	2.79296875
9.335004	2.79296875
9.336004	2.7978515625
9.337004	2.79296875
9.338	2.7978515625
9.339	2.7978515625
9.34	2.79296875
9.341	2.7978515625
9.342	2.7978515625
9.343	2.7978515625
9.344	2.79296875
9.345	2.79296875
9.346	2.7880859375
9.347	2.7880859375
9.348	2.783203125
9.349	2.7880859375
9.35	2.7880859375
9.351	2.7880859375
9.352	2.7783203125
9.353	2.7783203125
9.354	2.7880859375
9.355	2.7783203125
9.356	2.783203125
9.357	2.7734375
9.358	2.7734375
9.359	2.7734375
9.36	2.7734375
9.361	2.7783203125
9.362	2.7734375
9.363	2.7685546875
9.364	2.7783203125
9.365	2.7783203125
9.366	2.7783203125
9.367	2.7734375
9.368	2.7734375
9.369	2.7734375
9.37	2.7685546875
9.371	2.7734375
9.372	2.7783203125
9.373	2.7734375
9.373996	2.783203125
9.375004	2.783203125
9.376004	2.783203125
9.377004	2.7783203125
9.378004	2.7783203125
9.379004	2.783203125
9.380004	2.7783203125
9.381	2.783203125
9.382	2.7880859375
9.383	2.7880859375
9.384	2.7880859375
9.385	2.79296875
9.386	2.79296875
9.387	2.7880859375
9.388	2.7978515625
9.389	2.7880859375
9.39	2.7978515625
9.391	2.802734375
9.392	2.7978515625
9.393	2.7978515625
9.394	2.79296875
9.395	2.7978515625
9.396	2.79296875
9.397	2.7978515625
9.398	2.7978515625
9.399	2.7880859375
9.4	2.7880859375
9.401	2.79296875
9.402	2.79296875
9.403	2.79296875
9.404	2.7880859375
9.405	2.7880859375
9.406	2.7880859375
9.407	2.783203125
9.408	2.7783203125
9.409	2.783203125
9.41	2.7880859375
9.411	2.7783203125
9.412	2.783203125
9.413	2.783203125
9.414	2.7783203125
9.415	2.7783203125
9.415996	2.7783203125
9.417004	2.7685546875
9.418	2.7783203125
9.419004	2.7783203125
9.420004	2.7783203125
9.421004	2.7734375
9.422004	2.7734375
9.423	2.7734375
9.424	2.7783203125
9.425	2.7685546875
9.426	2.7734375
9.427	2.7783203125
9.428	2.7734375
9.429	2.783203125
9.43	2.7783203125
9.431	2.7783203125
9.432	2.7783203125
9.433	2.783203125
9.434	2.7880859375
9.435	2.7783203125
9.436	2.783203125
9.437	2.7880859375
9.438	2.7880859375
9.439	2.79296875
9.44	2.79296875
9.441	2.7880859375
9.442	2.79296875
9.443	2.79296875
9.444	2.79296875
9.445	2.7978515625
9.446	2.7978515625
9.447	2.7978515625
9.448	2.7978515625
9.449	2.7880859375
9.45	2.79296875
9.451	2.7978515625
9.452	2.79296875
9.453	2.7880859375
9.454	2.7978515625
9.455	2.7978515625
9.456	2.7880859375
9.457	2.79296875
9.458	2.79296875
9.459004	2.783203125
9.46	2.79296875
9.461004	2.79296875
9.462004	2.783203125
9.463004	2.7783203125
9.464004	2.783203125
9.465004	2.7783203125
9.466	2.783203125
9.467	2.7783203125
9.468	2.7734375
9.469	2.7783203125
9.47	2.7734375
9.471	2.7783203125
9.472	2.7734375
9.473	2.7734375
9.474	2.7783203125
9.475	2.783203125
9.476	2.7783203125
9.477	2.7734375
9.478	2.7734375
9.479	2.7783203125
9.48	2.7685546875
9.481	2.7685546875
9.482	2.7685546875
9.483	2.7783203125
9.484	2.7685546875
9.485	2.783203125
9.486	2.7734375
9.487	2.7734375
9.488	2.783203125
9.489	2.7783203125
9.49	2.783203125
9.491	2.7880859375
9.492	2.7880859375
9.493	2.7880859375
9.494	2.7880859375
9.495	2.7880859375
9.496	2.7880859375
9.497	2.7880859375
9.498	2.79296875
9.499	2.7978515625
9.5	2.79296875
9.501	2.7978515625
9.501996	2.7978515625
9.503004	2.79296875
9.504004	2.79296875
9.505004	2.7978515625
9.506004	2.7978515625
9.507004	2.7978515625
9.508004	2.7978515625
9.509	2.79296875
9.51	2.7978515625
9.511	2.79296875
9.512	2.79296875
9.513	2.79296875
9.514	2.783203125
9.515	2.7880859375
9.516	2.7880859375
9.517	2.783203125
9.518	2.783203125
9.519	2.783203125
9.52	2.7783203125
9.521	2.783203125
9.522	2.783203125
9.523	2.7880859375
9.524	2.7685546875
9.525	2.7734375
9.526	2.7783203125
9.527	2.7734375
9.528	2.7734375
9.529	2.7783203125
9.53	2.7734375
9.531	2.7685546875
9.532	2.7783203125
9.533	2.7685546875
9.534	2.7783203125
9.535	2.7783203125
9.536	2.7734375
9.537	2.7685546875
9.538	2.7734375
9.539	2.7783203125
9.54	2.7783203125
9.541	2.7783203125
9.542	2.783203125
9.543	2.783203125
9.543996	2.783203125
9.545004	2.783203125
9.546	2.7783203125
9.547004	2.783203125
9.548004	2.783203125
9.549004	2.783203125
9.550004	2.7880859375
9.551	2.7880859375
9.552	2.7880859375
9.553	2.7880859375
9.554	2.79296875
9.555	2.7880859375
9.556	2.79296875
9.557	2.7978515625
9.558	2.79296875
9.559	2.7978515625
9.56	2.802734375
9.561	2.7978515625
9.562	2.7978515625
9.563	2.79296875
9.564	2.79296875
9.565	2.7978515625
9.566	2.7978515625
9.567	2.7880859375
9.568	2.79296875
9.569	2.7880859375
9.57	2.783203125
9.571	2.79296875
9.572	2.7880859375
9.573	2.783203125
9.574	2.783203125
9.575	2.783203125
9.576	2.783203125
9.577	2.783203125
9.578	2.7783203125
9.579	2.7734375
9.58	2.7783203125
9.581	2.7734375
9.582	2.7734375
9.583	2.7783203125
9.584	2.7783203125
9.585	2.7734375
9.586	2.7734375
9.587004	2.7783203125
9.588	2.7734375
9.589004	2.7783203125
9.590004	2.7734375
9.591004	2.7734375
9.592004	2.7734375
9.593004	2.7783203125
9.594	2.7734375
9.595	2.7783203125
9.596	2.7783203125
9.597	2.7783203125
9.598	2.7783203125
9.599	2.7783203125
9.6	2.783203125
9.601	2.783203125
9.602	2.7783203125
9.603	2.7880859375
9.604	2.783203125
9.605	2.7880859375
9.606	2.7880859375
9.607	2.7880859375
9.608	2.7880859375
9.609	2.79296875
9.61	2.79296875
9.611	2.79296875
9.612	2.79296875
9.613	2.7978515625
9.614	2.7978515625
9.615	2.7978515625
9.616	2.7978515625
9.617	2.7978515625
9.618	2.79296875
9.619	2.7978515625
9.62	2.7978515625
9.621	2.7978515625
9.622	2.79296875
9.623	2.79296875
9.624	2.7880859375
9.625	2.7880859375
9.626	2.7880859375
9.627	2.7880859375
9.628	2.7880859375
9.629	2.7880859375
9.629996	2.7880859375
9.631004	2.7880859375
9.632004	2.783203125
9.633004	2.783203125
9.634004	2.783203125
9.635004	2.7783203125
9.636004	2.7685546875
9.637	2.7783203125
9.638	2.7783203125
9.639	2.783203125
9.64	2.7783203125
9.641	2.7734375
9.642	2.7734375
9.643	2.7734375
9.644	2.7783203125
9.645	2.7734375
9.646	2.7734375
9.647	2.7734375
9.648	2.7783203125
9.649	2.7734375
9.65	2.7734375
9.651	2.7783203125
9.652	2.7783203125
9.653	2.7783203125
9.654	2.7783203125
9.655	2.7783203125
9.656	2.7880859375
9.657	2.7783203125
9.658	2.783203125
9.659	2.7880859375
9.66	2.783203125
9.661	2.7880859375
9.662	2.7880859375
9.663	2.79296875
9.664	2.7978515625
9.665	2.79296875
9.666	2.79296875
9.667	2.7880859375
9.668	2.79296875
9.669	2.7978515625
9.67	2.79296875
9.671	2.7978515625
9.671996	2.7978515625
9.673004	2.7978515625
9.674	2.7978515625
9.675004	2.79296875
9.676004	2.79296875
9.677004	2.7978515625
9.678004	2.7880859375
9.679	2.7880859375
9.68	2.79296875
9.681	2.783203125
9.682	2.7978515625
9.683	2.79296875
9.684	2.7880859375
9.685	2.7783203125
9.686	2.7880859375
9.687	2.783203125
9.688	2.783203125
9.689	2.7783203125
9.69	2.783203125
9.691	2.783203125
9.692	2.7783203125
9.693	2.7783203125
9.694	2.7734375
9.695	2.7783203125
9.696	2.7734375
9.697	2.7734375
9.698	2.7783203125
9.699	2.7734375
9.7	2.7685546875
9.701	2.7783203125
9.702	2.7734375
9.703	2.7685546875
9.704	2.7783203125
9.705	2.7734375
9.706	2.7783203125
9.707	2.7783203125
9.708	2.7783203125
9.709	2.7685546875
9.71	2.7734375
9.711	2.7734375
9.712	2.7783203125
9.713	2.7783203125
9.714	2.783203125
9.715004	2.7783203125
9.716	2.783203125
9.717004	2.783203125
9.718004	2.7783203125
9.719004	2.7978515625
9.720004	2.79296875
9.721004	2.7880859375
9.722	2.79296875
9.723	2.7978515625
9.724	2.79296875
9.725	2.7978515625
9.726	2.79296875
9.727	2.7978515625
9.728	2.7978515625
9.729	2.7978515625
9.73	2.79296875
9.731	2.7978515625
9.732	2.79296875
9.733	2.79296875
9.734	2.7880859375
9.735	2.79296875
9.736	2.7880859375
9.737	2.79296875
9.738	2.7880859375
9.739	2.7880859375
9.74	2.7880859375
9.741	2.7783203125
9.742	2.783203125
9.743	2.7880859375
9.744	2.783203125
9.745	2.7783203125
9.746	2.783203125
9.747	2.7880859375
9.748	2.783203125
9.749	2.7783203125
9.75	2.7783203125
9.751	2.7734375
9.752	2.7734375
9.753	2.7783203125
9.754	2.7783203125
9.755	2.7734375
9.756	2.7783203125
9.757	2.7783203125
9.757996	2.7783203125
9.759004	2.7734375
9.760004	2.7734375
9.761004	2.7685546875
9.762004	2.7734375
9.763004	2.7783203125
9.764004	2.7783203125
9.765	2.7783203125
9.766	2.7783203125
9.767	2.783203125
9.768	2.783203125
9.769	2.783203125
9.77	2.783203125
9.771	2.783203125
9.772	2.783203125
9.773	2.783203125
9.774	2.783203125
9.775	2.7880859375
9.776	2.79296875
9.777	2.7880859375
9.778	2.79296875
9.779	2.7880859375
9.78	2.783203125
9.781	2.79296875
9.782	2.7978515625
9.783	2.7978515625
9.784	2.79296875
9.785	2.7978515625
9.786	2.79296875
9.787	2.79296875
9.788	2.79296875
9.789	2.79296875
9.79	2.79296875
9.791	2.7880859375
9.792	2.79296875
9.793	2.783203125
9.794	2.79296875
9.795	2.79296875
9.796	2.7880859375
9.797	2.7783203125
9.798	2.7880859375
9.799	2.783203125
9.799996	2.783203125
9.801004	2.7783203125
9.802	2.7783203125
9.803004	2.7783203125
9.804004	2.7783203125
9.805004	2.7783203125
9.806004	2.7734375
9.807	2.7783203125
9.808	2.7734375
9.809	2.7783203125
9.81	2.7734375
9.811	2.7734375
9.812	2.7734375
9.813	2.7685546875
9.814	2.7685546875
9.815	2.7783203125
9.816	2.7685546875
9.817	2.7783203125
9.818	2.7734375
9.819	2.7783203125
9.82	2.7783203125
9.821	2.7783203125
9.822	2.7783203125
9.823	2.7734375
9.824	2.7783203125
9.825	2.783203125
9.826	2.783203125
9.827	2.7880859375
9.828	2.7880859375
9.829	2.7880859375
9.83	2.7880859375
9.831	2.7880859375
9.832	2.7880859375
9.833	2.783203125
9.834	2.79296875
9.835	2.79296875
9.836	2.783203125
9.837	2.7978515625
9.838	2.7978515625
9.839	2.7978515625
9.84	2.79296875
9.841	2.7978515625
9.842	2.7978515625
9.843004	2.7978515625
9.844	2.802734375
9.845004	2.7978515625
9.846004	2.79296875
9.847004	2.783203125
9.848004	2.79296875
9.849004	2.783203125
9.85	2.79296875
9.851	2.783203125
9.852	2.7880859375
9.853	2.783203125
9.854	2.7783203125
9.855	2.7880859375
9.856	2.7783203125
9.857	2.783203125
9.858	2.783203125
9.859	2.7734375
9.86	2.783203125
9.861	2.7734375
9.862	2.7734375
9.863	2.7685546875
9.864	2.7685546875
9.865	2.7783203125
9.866	2.7783203125
9.867	2.7783203125
9.868	2.7734375
9.869	2.7734375
9.87	2.7734375
9.871	2.7783203125
9.872	2.7734375
9.873	2.7734375
9.874	2.7734375
9.875	2.7783203125
9.876	2.7783203125
9.877	2.7734375
9.878	2.783203125
9.879	2.783203125
9.88	2.7880859375
9.881	2.783203125
9.882	2.783203125
9.883	2.783203125
9.884	2.7880859375
9.885	2.783203125
9.885996	2.7880859375
9.887004	2.7880859375
9.888004	2.79296875
9.889004	2.79296875
9.890004	2.79296875
9.891004	2.7880859375
9.892004	2.783203125
9.893	2.7978515625
9.894	2.7978515625
9.895	2.79296875
9.896	2.7880859375
9.897	2.7880859375
9.898	2.7880859375
9.899	2.7978515625
9.9	2.79296875
9.901	2.7978515625
9.902	2.783203125
9.903	2.7880859375
9.904	2.79296875
9.905	2.79296875
9.906	2.7880859375
9.907	2.7880859375
9.908	2.7783203125
9.909	2.7880859375
9.91	2.783203125
9.911	2.783203125
9.912	2.783203125
9.913	2.783203125
9.914	2.783203125
9.915	2.783203125
9.916	2.7783203125
9.917	2.783203125
9.918	2.7783203125
9.919	2.7734375
9.92	2.7734375
9.921	2.7783203125
9.922	2.7783203125
9.923	2.7734375
9.924	2.7734375
9.925	2.7783203125
9.926	2.7783203125
9.927	2.7734375
9.927996	2.7734375
9.929004	2.7783203125
9.93	2.783203125
9.931004	2.7734375
9.932004	2.7783203125
9.933004	2.7734375
9.934004	2.7783203125
9.935	2.7783203125
9.936	2.783203125
9.937	2.783203125
9.938	2.7783203125
9.939	2.7880859375
9.94	2.7880859375
9.941	2.783203125
9.942	2.7880859375
9.943	2.79296875
9.944	2.7880859375
9.945	2.79296875
9.946	2.7880859375
9.947	2.7880859375
9.948	2.79296875
9.949	2.79296875
9.95	2.79296875
9.951	2.7978515625
9.952	2.79296875
9.953	2.79296875
9.954	2.79296875
9.955	2.7978515625
9.956	2.7978515625
9.957	2.79296875
9.958	2.7880859375
9.959	2.79296875
9.96	2.783203125
9.961	2.783203125
9.962	2.7880859375
9.963	2.783203125
9.964	2.783203125
9.965	2.79296875
9.966	2.783203125
9.967	2.783203125
9.968	2.783203125
9.969	2.7734375
9.97	2.783203125
9.971004	2.7783203125
9.972	2.7783203125
9.973004	2.7734375
9.974004	2.783203125
9.975004	2.7734375
9.976004	2.7734375
9.977004	2.7783203125
9.978	2.7783203125
9.979	2.7734375
9.98	2.7783203125
9.981	2.7783203125
9.982	2.7734375
9.983	2.7734375
9.984	2.783203125
9.985	2.783203125
9.986	2.7783203125
9.987	2.7783203125
9.988	2.783203125
9.989	2.783203125
9.99	2.7783203125
9.991	2.7783203125
9.992	2.7783203125
9.993	2.7783203125
9.994	2.7783203125
9.995	2.7880859375
9.996	2.783203125
9.997	2.79296875
9.998	2.79296875
9.999	2.79296875
10.0	2.7880859375
10.001	2.79296875
10.002	2.79296875
10.003	2.7880859375
10.004	2.79296875
10.005	2.79296875
10.006	2.79296875
10.007	2.7978515625
10.008	2.7978515625
10.009	2.79296875
10.01	2.79296875
10.011	2.79296875
10.012	2.7978515625
10.013	2.79296875
10.013996	2.79296875
10.015004	2.7880859375
10.016004	2.79296875
10.017004	2.7880859375
10.018004	2.7880859375
10.019004	2.7880859375
10.020004	2.7880859375
10.021	2.783203125
10.022	2.7880859375
10.023	2.7880859375
10.024	2.783203125
10.025	2.783203125
10.026	2.7783203125
10.027	2.7734375
10.028	2.7783203125
10.029	2.7734375
10.03	2.7783203125
10.031	2.783203125
10.032	2.7783203125
10.033	2.7783203125
10.034	2.7734375
10.035	2.7783203125
10.036	2.7734375
10.037	2.7685546875
10.038	2.7734375
10.039	2.7685546875
10.04	2.783203125
10.041	2.7783203125
10.042	2.7734375
10.043	2.7783203125
10.044	2.7783203125
10.045	2.7783203125
10.046	2.783203125
10.047	2.7783203125
10.048	2.783203125
10.049	2.7880859375
10.05	2.7783203125
10.051	2.7880859375
10.052	2.7880859375
10.053	2.783203125
10.054	2.7880859375
10.055	2.79296875
10.055996	2.79296875
10.057004	2.7880859375
10.058	2.79296875
10.059004	2.7978515625
10.060004	2.7880859375
10.061004	2.79296875
10.062004	2.79296875
10.063	2.7978515625
10.064	2.79296875
10.065	2.7978515625
10.066	2.79296875
10.067	2.7978515625
10.068	2.783203125
10.069	2.7880859375
10.07	2.7880859375
10.071	2.79296875
10.072	2.783203125
10.073	2.79296875
10.074	2.7880859375
10.075	2.79296875
10.076	2.7880859375
10.077	2.7880859375
10.078	2.7783203125
10.079	2.7880859375
10.08	2.7783203125
10.081	2.783203125
10.082	2.783203125
10.083	2.7783203125
10.084	2.783203125
10.085	2.7783203125
10.086	2.7734375
10.087	2.783203125
10.088	2.783203125
10.089	2.7783203125
10.09	2.7783203125
10.091	2.7685546875
10.092	2.7734375
10.093	2.7734375
10.094	2.7734375
10.095	2.7783203125
10.096	2.7734375
10.097	2.7783203125
10.098	2.7734375
10.099004	2.783203125
10.1	2.7783203125
10.101004	2.7783203125
10.102004	2.783203125
10.103004	2.7880859375
10.104004	2.7880859375
10.105004	2.783203125
10.106	2.7880859375
10.107	2.7880859375
10.108	2.79296875
10.109	2.7880859375
10.11	2.79296875
10.111	2.79296875
10.112	2.7880859375
10.113	2.783203125
10.114	2.783203125
10.115	2.79296875
10.116	2.7880859375
10.117	2.79296875
10.118	2.7978515625
10.119	2.79296875
10.12	2.79296875
10.121	2.7978515625
10.122	2.7880859375
10.123	2.79296875
10.124	2.7880859375
10.125	2.79296875
10.126	2.783203125
10.127	2.7978515625
10.128	2.7880859375
10.129	2.79296875
10.13	2.7978515625
10.131	2.7880859375
10.132	2.7880859375
10.133	2.783203125
10.134	2.783203125
10.135	2.7783203125
10.136	2.7783203125
10.137	2.783203125
10.138	2.7783203125
10.139	2.783203125
10.14	2.783203125
10.141	2.7734375
10.141996	2.7783203125
10.143004	2.7734375
10.144004	2.783203125
10.145004	2.7783203125
10.146004	2.783203125
10.147004	2.7783203125
10.148004	2.783203125
10.149	2.7783203125
10.15	2.7734375
10.151	2.7783203125
10.152	2.783203125
10.153	2.783203125
10.154	2.7783203125
10.155	2.783203125
10.156	2.783203125
10.157	2.783203125
10.158	2.7783203125
10.159	2.7783203125
10.16	2.783203125
10.161	2.7783203125
10.162	2.7783203125
10.163	2.7880859375
10.164	2.79296875
10.165	2.783203125
10.166	2.7880859375
10.167	2.7978515625
10.168	2.783203125
10.169	2.783203125
10.17	2.79296875
10.171	2.783203125
10.172	2.79296875
10.173	2.7880859375
10.174	2.79296875
10.175	2.7978515625
10.176	2.79296875
10.177	2.7880859375
10.178	2.79296875
10.179	2.7880859375
10.18	2.783203125
10.181	2.7880859375
10.182	2.7978515625
10.183	2.7880859375
10.183996	2.783203125
10.185004	2.79296875
10.186	2.7880859375
10.187004	2.7880859375
10.188004	2.7880859375
10.189004	2.7880859375
10.190004	2.7880859375
10.191	2.7783203125
10.192	2.783203125
10.193	2.783203125
10.194	2.783203125
10.195	2.783203125
10.196	2.7783203125
10.197	2.7783203125
10.198	2.7783203125
10.199	2.783203125
10.2	2.7783203125
10.201	2.7783203125
10.202	2.783203125
10.203	2.783203125
10.204	2.7734375
10.205	2.7734375
10.206	2.7734375
10.207	2.7783203125
10.208	2.7783203125
10.209	2.7783203125
10.21	2.783203125
10.211	2.7783203125
10.212	2.783203125
10.213	2.7783203125
10.214	2.783203125
10.215	2.7783203125
10.216	2.783203125
10.217	2.783203125
10.218	2.7783203125
10.219	2.79296875
10.22	2.783203125
10.221	2.7880859375
10.222	2.7880859375
10.223	2.7978515625
10.224	2.7880859375
10.225	2.7880859375
10.226	2.79296875
10.227004	2.79296875
10.228	2.7978515625
10.229004	2.79296875
10.230004	2.79296875
10.231004	2.7978515625
10.232004	2.7978515625
10.233004	2.7880859375
10.234	2.7978515625
10.235	2.79296875
10.236	2.79296875
10.237	2.79296875
10.238	2.7880859375
10.239	2.783203125
10.24	2.79296875
10.241	2.79296875
10.242	2.79296875
10.243	2.7880859375
10.244	2.7880859375
10.245	2.7880859375
10.246	2.7880859375
10.247	2.783203125
10.248	2.783203125
10.249	2.783203125
10.25	2.783203125
10.251	2.7734375
10.252	2.7734375
10.253	2.783203125
10.254	2.7734375
10.255	2.783203125
10.256	2.7734375
10.257	2.7685546875
10.258	2.7783203125
10.259	2.7783203125
10.26	2.7685546875
10.261	2.7783203125
10.262	2.7734375
10.263	2.7783203125
10.264	2.7685546875
10.265	2.7685546875
10.266	2.7783203125
10.267	2.7783203125
10.268	2.7783203125
10.269	2.783203125
10.269996	2.7880859375
10.271004	2.783203125
10.272004	2.783203125
10.273004	2.783203125
10.274004	2.783203125
10.275004	2.783203125
10.276004	2.7880859375
10.277	2.783203125
10.278	2.7880859375
10.279	2.7880859375
10.28	2.79296875
10.281	2.7880859375
10.282	2.783203125
10.283	2.79296875
10.284	2.79296875
10.285	2.79296875
10.286	2.7880859375
10.287	2.79296875
10.288	2.7880859375
10.289	2.79296875
10.29	2.79296875
10.291	2.79296875
10.292	2.79296875
10.293	2.7880859375
10.294	2.7880859375
10.295	2.7880859375
10.296	2.79296875
10.297	2.7880859375
10.298	2.79296875
10.299	2.7880859375
10.3	2.783203125
10.301	2.7783203125
10.302	2.79296875
10.303	2.783203125
10.304	2.783203125
10.305	2.7783203125
10.306	2.783203125
10.307	2.7734375
10.308	2.7783203125
10.309	2.7734375
10.31	2.7734375
10.311	2.7685546875
10.311996	2.7734375
10.313004	2.7783203125
10.314	2.7685546875
10.315004	2.7783203125
10.316004	2.7783203125
10.317004	2.783203125
10.318004	2.7783203125
10.319	2.7734375
10.32	2.783203125
10.321	2.7783203125
10.322	2.7783203125
10.323	2.7783203125
10.324	2.783203125
10.325	2.783203125
10.326	2.783203125
10.327	2.783203125
10.328	2.7880859375
10.329	2.783203125
10.33	2.783203125
10.331	2.7880859375
10.332	2.7880859375
10.333	2.7880859375
10.334	2.7880859375
10.335	2.7880859375
10.336	2.7880859375
10.337	2.79296875
10.338	2.79296875
10.339	2.79296875
10.34	2.79296875
10.341	2.7880859375
10.342	2.79296875
10.343	2.783203125
10.344	2.79296875
10.345	2.7880859375
10.346	2.79296875
10.347	2.7880859375
10.348	2.7880859375
10.349	2.7978515625
10.35	2.79296875
10.351	2.79296875
10.352	2.79296875
10.353	2.7880859375
10.354	2.79296875
10.355004	2.79296875
10.356	2.7880859375
10.357004	2.783203125
10.358004	2.7880859375
10.359004	2.7783203125
10.360004	2.783203125
10.361004	2.783203125
10.362	2.783203125
10.363	2.783203125
10.364	2.7783203125
10.365	2.7783203125
10.366	2.7734375
10.367	2.7783203125
10.368	2.7734375
10.369	2.7783203125
10.37	2.7783203125
10.371	2.7783203125
10.372	2.7734375
10.373	2.7685546875
10.374	2.7783203125
10.375	2.7734375
10.376	2.7734375
10.377	2.7783203125
10.378	2.783203125
10.379	2.7783203125
10.38	2.7734375
10.381	2.783203125
10.382	2.7783203125
10.383	2.783203125
10.384	2.783203125
10.385	2.7783203125
10.386	2.783203125
10.387	2.783203125
10.388	2.7880859375
10.389	2.7880859375
10.39	2.783203125
10.391	2.7978515625
10.392	2.7880859375
10.393	2.7978515625
10.394	2.79296875
10.395	2.7880859375
10.396	2.79296875
10.397	2.7880859375
10.397996	2.7880859375
10.399004	2.7880859375
10.400004	2.79296875
10.401004	2.783203125
10.402004	2.7880859375
10.403004	2.7880859375
10.404004	2.783203125
10.405	2.7880859375
10.406	2.79296875
10.407	2.79296875
10.408	2.79296875
10.409	2.7880859375
10.41	2.7880859375
10.411	2.7880859375
10.412	2.7880859375
10.413	2.7880859375
10.414	2.7880859375
10.415	2.783203125
10.416	2.7880859375
10.417	2.783203125
10.418	2.7783203125
10.419	2.7783203125
10.42	2.7734375
10.421	2.7734375
10.422	2.783203125
10.423	2.7783203125
10.424	2.7734375
10.425	2.7734375
10.426	2.7734375
10.427	2.7734375
10.428	2.7783203125
10.429	2.7783203125
10.43	2.7734375
10.431	2.7783203125
10.432	2.783203125
10.433	2.7783203125
10.434	2.7783203125
10.435	2.7734375
10.436	2.7783203125
10.437	2.7783203125
10.438	2.7783203125
10.439	2.783203125
10.439996	2.783203125
10.441004	2.7880859375
10.442	2.7783203125
10.443004	2.783203125
10.444004	2.7880859375
10.445004	2.79296875
10.446004	2.7880859375
10.447	2.79296875
10.448	2.7880859375
10.449	2.7978515625
10.45	2.7880859375
10.451	2.7880859375
10.452	2.79296875
10.453	2.79296875
10.454	2.7880859375
10.455	2.79296875
10.456	2.7880859375
10.457	2.7880859375
10.458	2.79296875
10.459	2.7880859375
10.46	2.7880859375
10.461	2.783203125
10.462	2.7880859375
10.463	2.79296875
10.464	2.7880859375
10.465	2.7978515625
10.466	2.7880859375
10.467	2.7880859375
10.468	2.783203125
10.469	2.7783203125
10.47	2.7783203125
10.471	2.7783203125
10.472	2.783203125
10.473	2.7783203125
10.474	2.783203125
10.475	2.7783203125
10.476	2.783203125
10.477	2.7783203125
10.478	2.7734375
10.479	2.7734375
10.48	2.7783203125
10.481	2.7783203125
10.482	2.7734375
10.483004	2.7734375
10.484	2.7783203125
10.485004	2.7783203125
10.486004	2.7783203125
10.487004	2.7734375
10.488004	2.7783203125
10.489004	2.7734375
10.49	2.7783203125
10.491	2.7783203125
10.492	2.783203125
10.493	2.783203125
10.494	2.783203125
10.495	2.7783203125
10.496	2.7783203125
10.497	2.7783203125
10.498	2.783203125
10.499	2.783203125
10.5	2.7880859375
10.501	2.7880859375
10.502	2.79296875
10.503	2.79296875
10.504	2.783203125
10.505	2.79296875
10.506	2.7880859375
10.507	2.7880859375
10.508	2.79296875
10.509	2.7880859375
10.51	2.79296875
10.511	2.7880859375
10.512	2.7880859375
10.513	2.783203125
10.514	2.7880859375
10.515	2.7880859375
10.516	2.79296875
10.517	2.7880859375
10.518	2.783203125
10.519	2.783203125
10.52	2.7880859375
10.521	2.7978515625
10.522	2.7880859375
10.523	2.79296875
10.524	2.783203125
10.525	2.7783203125
10.525996	2.783203125
10.527004	2.7783203125
10.528004	2.783203125
10.529004	2.7783203125
10.530004	2.7783203125
10.531004	2.783203125
10.532004	2.7783203125
10.533	2.7783203125
10.534	2.7734375
10.535	2.7734375
10.536	2.7734375
10.537	2.7734375
10.538	2.783203125
10.539	2.7783203125
10.54	2.7783203125
10.541	2.7783203125
10.542	2.7783203125
10.543	2.7783203125
10.544	2.7783203125
10.545	2.783203125
10.546	2.7783203125
10.547	2.7783203125
10.548	2.783203125
10.549	2.7783203125
10.55	2.7880859375
10.551	2.7783203125
10.552	2.7880859375
10.553	2.7783203125
10.554	2.783203125
10.555	2.783203125
10.556	2.783203125
10.557	2.79296875
10.558	2.783203125
10.559	2.79296875
10.56	2.7880859375
10.561	2.79296875
10.562	2.783203125
10.563	2.7880859375
10.564	2.7880859375
10.565	2.79296875
10.566	2.7880859375
10.567	2.7880859375
10.567996	2.79296875
10.569004	2.783203125
10.57	2.7880859375
10.571004	2.79296875
10.572004	2.79296875
10.573004	2.7880859375
10.574004	2.783203125
10.575	2.79296875
10.576	2.7783203125
10.577	2.79296875
10.578	2.783203125
10.579	2.7880859375
10.58	2.7880859375
10.581	2.783203125
10.582	2.783203125
10.583	2.783203125
10.584	2.7783203125
10.585	2.783203125
10.586	2.7783203125
10.587	2.783203125
10.588	2.7734375
10.589	2.7783203125
10.59	2.7783203125
10.591	2.7734375
10.592	2.7783203125
10.593	2.7734375
10.594	2.7783203125
10.595	2.7783203125
10.596	2.7685546875
10.597	2.7880859375
10.598	2.7734375
10.599	2.7734375
10.6	2.7783203125
10.601	2.7783203125
10.602	2.7685546875
10.603	2.783203125
10.604	2.783203125
10.605	2.783203125
10.606	2.783203125
10.607	2.7783203125
10.608	2.783203125
10.609	2.7783203125
10.61	2.783203125
10.611004	2.7783203125
10.612	2.783203125
10.613004	2.7880859375
10.614004	2.7880859375
10.615004	2.7880859375
10.616004	2.7880859375
10.617004	2.79296875
10.618	2.7880859375
10.619	2.783203125
10.62	2.79296875
10.621	2.79296875
10.622	2.7880859375
10.623	2.7880859375
10.624	2.79296875
10.625	2.7880859375
10.626	2.7880859375
10.627	2.79296875
10.628	2.7880859375
10.629	2.783203125
10.63	2.783203125
10.631	2.7978515625
10.632	2.79296875
10.633	2.79296875
10.634	2.783203125
10.635	2.79296875
10.636	2.783203125
10.637	2.783203125
10.638	2.7783203125
10.639	2.783203125
10.64	2.783203125
10.641	2.783203125
10.642	2.7783203125
10.643	2.7783203125
10.644	2.783203125
10.645	2.7783203125
10.646	2.783203125
10.647	2.7734375
10.648	2.7783203125
10.649	2.7783203125
10.65	2.7783203125
10.651	2.783203125
10.652	2.7783203125
10.653	2.783203125
10.653996	2.7783203125
10.655004	2.7783203125
10.656004	2.7734375
10.657004	2.7783203125
10.658004	2.7783203125
10.659004	2.7734375
10.660004	2.7734375
10.661	2.783203125
10.662	2.783203125
10.663	2.7783203125
10.664	2.783203125
10.665	2.783203125
10.666	2.7880859375
10.667	2.7880859375
10.668	2.783203125
10.669	2.7880859375
10.67	2.7880859375
10.671	2.7880859375
10.672	2.7880859375
10.673	2.7978515625
10.674	2.7880859375
10.675	2.79296875
10.676	2.7880859375
10.677	2.79296875
10.678	2.7880859375
10.679	2.7978515625
10.68	2.7880859375
10.681	2.79296875
10.682	2.7978515625
10.683	2.79296875
10.684	2.7880859375
10.685	2.7783203125
10.686	2.783203125
10.687	2.7978515625
10.688	2.79296875
10.689	2.783203125
10.69	2.783203125
10.691	2.7880859375
10.692	2.7880859375
10.693	2.783203125
10.694	2.7734375
10.695	2.7880859375
10.695996	2.783203125
10.697004	2.7783203125
10.698	2.7783203125
10.699004	2.7783203125
10.700004	2.783203125
10.701004	2.7783203125
10.702004	2.7783203125
10.703	2.7783203125
10.704	2.7734375
10.705	2.7783203125
10.706	2.7783203125
10.707	2.7734375
10.708	2.7783203125
10.709	2.7783203125
10.71	2.7783203125
10.711	2.7783203125
10.712	2.7783203125
10.713	2.7734375
10.714	2.7783203125
10.715	2.783203125
10.716	2.7783203125
10.717	2.783203125
10.718	2.783203125
10.719	2.7783203125
10.72	2.783203125
10.721	2.7783203125
10.722	2.7880859375
10.723	2.7783203125
10.724	2.7880859375
10.725	2.7880859375
10.726	2.79296875
10.727	2.7978515625
10.728	2.79296875
10.729	2.7880859375
10.73	2.79296875
10.731	2.7880859375
10.732	2.7880859375
10.733	2.7880859375
10.734	2.79296875
10.735	2.783203125
10.736	2.79296875
10.737	2.79296875
10.738	2.7880859375
10.739004	2.79296875
10.74	2.783203125
10.741004	2.79296875
10.742004	2.783203125
10.743004	2.79296875
10.744004	2.7880859375
10.745004	2.783203125
10.746	2.79296875
10.747	2.7880859375
10.748	2.7880859375
10.749	2.783203125
10.75	2.783203125
10.751	2.7783203125
10.752	2.783203125
10.753	2.7783203125
10.754	2.783203125
10.755	2.783203125
10.756	2.783203125
10.757	2.7783203125
10.758	2.7783203125
10.759	2.7734375
10.76	2.7783203125
10.761	2.7783203125
10.762	2.783203125
10.763	2.7783203125
10.764	2.7783203125
10.765	2.7783203125
10.766	2.7783203125
10.767	2.7734375
10.768	2.7783203125
10.769	2.7734375
10.77	2.7783203125
10.771	2.783203125
10.772	2.783203125
10.773	2.783203125
10.774	2.783203125
10.775	2.7880859375
10.776	2.7880859375
10.777	2.783203125
10.778	2.7880859375
10.779	2.783203125
10.78	2.7880859375
10.781	2.7880859375
10.781996	2.7880859375
10.783004	2.7880859375
10.784004	2.79296875
10.785004	2.7978515625
10.786004	2.7880859375
10.787004	2.7880859375
10.788004	2.7880859375
10.789	2.7880859375
10.79	2.7880859375
10.791	2.79296875
10.792	2.79296875
10.793	2.7880859375
10.794	2.7880859375
10.795	2.7880859375
10.796	2.7880859375
10.797	2.7880859375
10.798	2.783203125
10.799	2.79296875
10.8	2.79296875
10.801	2.7880859375
10.802	2.7880859375
10.803	2.7880859375
10.804	2.7783203125
10.805	2.783203125
10.806	2.783203125
10.807	2.783203125
10.808	2.783203125
10.809	2.7783203125
10.81	2.783203125
10.811	2.7783203125
10.812	2.783203125
10.813	2.7734375
10.814	2.7783203125
10.815	2.7734375
10.816	2.7783203125
10.817	2.7783203125
10.818	2.7783203125
10.819	2.7734375
10.82	2.7783203125
10.821	2.7734375
10.822	2.783203125
10.823	2.783203125
10.823996	2.7734375
10.825004	2.7783203125
10.826	2.7734375
10.827004	2.7783203125
10.828004	2.783203125
10.829004	2.7783203125
10.830004	2.783203125
10.831	2.7783203125
10.832	2.783203125
10.833	2.7783203125
10.834	2.7880859375
10.835	2.783203125
10.836	2.783203125
10.837	2.7880859375
10.838	2.783203125
10.839	2.79296875
10.84	2.783203125
10.841	2.783203125
10.842	2.7880859375
10.843	2.79296875
10.844	2.783203125
10.845	2.7880859375
10.846	2.7978515625
10.847	2.79296875
10.848	2.783203125
10.849	2.7880859375
10.85	2.79296875
10.851	2.783203125
10.852	2.7880859375
10.853	2.7880859375
10.854	2.783203125
10.855	2.7880859375
10.856	2.783203125
10.857	2.7880859375
10.858	2.7880859375
10.859	2.783203125
10.86	2.7880859375
10.861	2.7783203125
10.862	2.7880859375
10.863	2.7783203125
10.864	2.783203125
10.865	2.783203125
10.866	2.783203125
10.867004	2.7783203125
10.868	2.783203125
10.869004	2.7685546875
10.870004	2.7783203125
10.871004	2.7734375
10.872004	2.7783203125
10.873004	2.7783203125
10.874	2.7734375
10.875	2.7783203125
10.876	2.783203125
10.877	2.7783203125
10.878	2.7783203125
10.879	2.7783203125
10.88	2.783203125
10.881	2.7734375
10.882	2.7783203125
10.883	2.783203125
10.884	2.783203125
10.885	2.7734375
10.886	2.7783203125
10.887	2.7880859375
10.888	2.783203125
10.889	2.7783203125
10.89	2.783203125
10.891	2.7880859375
10.892	2.7880859375
10.893	2.7880859375
10.894	2.79296875
10.895	2.7978515625
10.896	2.7880859375
10.897	2.79296875
10.898	2.7880859375
10.899	2.7880859375
10.9	2.79296875
10.901	2.7880859375
10.902	2.7880859375
10.903	2.79296875
10.904	2.79296875
10.905	2.7880859375
10.906	2.79296875
10.907	2.783203125
10.908	2.7880859375
10.909	2.7880859375
10.909996	2.79296875
10.911004	2.7880859375
10.912004	2.7978515625
10.913004	2.7880859375
10.914004	2.783203125
10.915004	2.7880859375
10.916004	2.7880859375
10.917	2.7880859375
10.918	2.7783203125
10.919	2.7880859375
10.92	2.7783203125
10.921	2.783203125
10.922	2.7783203125
10.923	2.783203125
10.924	2.783203125
10.925	2.7783203125
10.926	2.7783203125
10.927	2.7783203125
10.928	2.7783203125
10.929	2.7734375
10.93	2.783203125
10.931	2.7783203125
10.932	2.783203125
10.933	2.7783203125
10.934	2.7734375
10.935	2.7734375
10.936	2.7783203125
10.937	2.7783203125
10.938	2.7734375
10.939	2.7734375
10.94	2.7783203125
10.941	2.7734375
10.942	2.783203125
10.943	2.7783203125
10.944	2.7783203125
10.945	2.783203125
10.946	2.7880859375
10.947	2.783203125
10.948	2.7783203125
10.949	2.783203125
10.95	2.7880859375
10.951	2.79296875
10.951996	2.79296875
10.953004	2.79296875
10.954	2.7880859375
10.955004	2.7880859375
10.956004	2.79296875
10.957004	2.7880859375
10.958004	2.7880859375
10.959	2.79296875
10.96	2.79296875
10.961	2.79296875
10.962	2.7880859375
10.963	2.79296875
10.964	2.79296875
10.965	2.783203125
10.966	2.79296875
10.967	2.79296875
10.968	2.7880859375
10.969	2.7880859375
10.97	2.7880859375
10.971	2.783203125
10.972	2.7880859375
10.973	2.7880859375
10.974	2.7880859375
10.975	2.783203125
10.976	2.7880859375
10.977	2.783203125
10.978	2.783203125
10.979	2.7783203125
10.98	2.783203125
10.981	2.7783203125
10.982	2.783203125
10.983	2.7734375
10.984	2.7783203125
10.985	2.7783203125
10.986	2.7734375
10.987	2.783203125
10.988	2.783203125
10.989	2.7783203125
10.99	2.783203125
10.991	2.7783203125
10.992	2.7734375
10.993	2.7734375
10.994	2.7734375
10.995004	2.7783203125
10.996	2.783203125
10.997004	2.7880859375
10.998004	2.7783203125
10.999004	2.783203125
11.000004	2.783203125
11.001004	2.783203125
11.002	2.7880859375
11.003	2.783203125
11.004	2.7880859375
11.005	2.7880859375
11.006	2.7880859375
11.007	2.7978515625
11.008	2.7880859375
11.009	2.79296875
11.01	2.7880859375
11.011	2.783203125
11.012	2.7880859375
11.013	2.79296875
11.014	2.7880859375
11.015	2.7978515625
11.016	2.7978515625
11.017	2.7880859375
11.018	2.79296875
11.019	2.79296875
11.02	2.7880859375
11.021	2.783203125
11.022	2.7880859375
11.023	2.79296875
11.024	2.783203125
11.025	2.7880859375
11.026	2.7880859375
11.027	2.7880859375
11.028	2.783203125
11.029	2.7880859375
11.03	2.7880859375
11.031	2.783203125
11.032	2.783203125
11.033	2.7783203125
11.034	2.783203125
11.035	2.7783203125
11.036	2.7783203125
11.037	2.7783203125
11.037996	2.783203125
11.039004	2.7783203125
11.040004	2.783203125
11.041004	2.783203125
11.042004	2.783203125
11.043004	2.7783203125
11.044004	2.783203125
11.045	2.7880859375
11.046	2.7734375
11.047	2.7783203125
11.048	2.7783203125
11.049	2.7734375
11.05	2.7783203125
11.051	2.783203125
11.052	2.7783203125
11.053	2.7783203125
11.054	2.7783203125
11.055	2.783203125
11.056	2.783203125
11.057	2.783203125
11.058	2.7783203125
11.059	2.7880859375
11.06	2.7880859375
11.061	2.79296875
11.062	2.79296875
11.063	2.79296875
11.064	2.7880859375
11.065	2.79296875
11.066	2.79296875
11.067	2.79296875
11.068	2.79296875
11.069	2.79296875
11.07	2.7880859375
11.071	2.79296875
11.072	2.79296875
11.073	2.79296875
11.074	2.79296875
11.075	2.79296875
11.076	2.7880859375
11.077	2.79296875
11.078	2.7880859375
11.079	2.7880859375
11.079996	2.79296875
11.081004	2.7880859375
11.082	2.79296875
11.083004	2.783203125
11.084004	2.783203125
11.085004	2.783203125
11.086004	2.7783203125
11.087	2.7783203125
11.088	2.783203125
11.089	2.7783203125
11.09	2.7783203125
11.091	2.783203125
11.092	2.783203125
11.093	2.7734375
11.094	2.7783203125
11.095	2.7685546875
11.096	2.7783203125
11.097	2.7734375
11.098	2.7783203125
11.099	2.7783203125
11.1	2.7734375
11.101	2.7783203125
11.102	2.783203125
11.103	2.7783203125
11.104	2.783203125
11.105	2.7783203125
11.106	2.7783203125
11.107	2.783203125
11.108	2.7783203125
11.109	2.783203125
11.11	2.783203125
11.111	2.783203125
11.112	2.783203125
11.113	2.783203125
11.114	2.7880859375
11.115	2.783203125
11.116	2.7880859375
11.117	2.7880859375
11.118	2.783203125
11.119	2.79296875
11.12	2.7880859375
11.121	2.7880859375
11.122	2.79296875
11.123004	2.7880859375
11.124	2.79296875
11.125004	2.79296875
11.126004	2.7978515625
11.127004	2.79296875
11.128004	2.7880859375
11.129004	2.79296875
11.13	2.79296875
11.131	2.7880859375
11.132	2.7880859375
11.133	2.7978515625
11.134	2.7880859375
11.135	2.79296875
11.136	2.7880859375
11.137	2.7880859375
11.138	2.7880859375
11.139	2.7880859375
11.14	2.783203125
11.141	2.783203125
11.142	2.7783203125
11.143	2.783203125
11.144	2.7783203125
11.145	2.783203125
11.146	2.7783203125
11.147	2.7783203125
11.148	2.7783203125
11.149	2.783203125
11.15	2.783203125
11.151	2.7734375
11.152	2.7783203125
11.153	2.783203125
11.154	2.783203125
11.155	2.783203125
11.156	2.7783203125
11.157	2.7734375
11.158	2.7783203125
11.159	2.7783203125
11.16	2.783203125
11.161	2.7783203125
11.162	2.7783203125
11.163	2.7783203125
11.164	2.783203125
11.165	2.7783203125
11.165996	2.783203125
11.167004	2.7783203125
11.168004	2.783203125
11.169004	2.7880859375
11.170004	2.7880859375
11.171004	2.783203125
11.172004	2.783203125
11.173	2.7880859375
11.174	2.7978515625
11.175	2.802734375
11.176	2.79296875
11.177	2.7880859375
11.178	2.7880859375
11.179	2.79296875
11.18	2.79296875
11.181	2.783203125
11.182	2.7880859375
11.183	2.7880859375
11.184	2.79296875
11.185	2.7880859375
11.186	2.7880859375
11.187	2.7880859375
11.188	2.7880859375
11.189	2.79296875
11.19	2.783203125
11.191	2.79296875
11.192	2.7880859375
11.193	2.7880859375
11.194	2.783203125
11.195	2.783203125
11.196	2.7880859375
11.197	2.7880859375
11.198	2.7783203125
11.199	2.7783203125
11.2	2.7783203125
11.201	2.783203125
11.202	2.7783203125
11.203	2.783203125
11.204	2.783203125
11.205	2.783203125
11.206	2.7734375
11.207	2.783203125
11.207996	2.7783203125
11.209004	2.7783203125
11.21	2.783203125
11.211004	2.7734375
11.212004	2.783203125
11.213004	2.7783203125
11.214004	2.7783203125
11.215	2.7685546875
11.216	2.7734375
11.217	2.783203125
11.218	2.7734375
11.219	2.7783203125
11.22	2.783203125
11.221	2.7734375
11.222	2.7734375
11.223	2.783203125
11.224	2.783203125
11.225	2.7783203125
11.226	2.7783203125
11.227	2.7880859375
11.228	2.7880859375
11.229	2.783203125
11.23	2.7880859375
11.231	2.7880859375
11.232	2.79296875
11.233	2.79296875
11.234	2.79296875
11.235	2.79296875
11.236	2.7880859375
11.237	2.79296875
11.238	2.79296875
11.239	2.7880859375
11.24	2.79296875
11.241	2.79296875
11.242	2.7880859375
11.243	2.79296875
11.244	2.7880859375
11.245	2.783203125
11.246	2.79296875
11.247	2.79296875
11.248	2.79296875
11.249	2.783203125
11.25	2.7880859375
11.251004	2.79296875
11.252	2.783203125
11.253004	2.783203125
11.254004	2.7880859375
11.255004	2.783203125
11.256004	2.783203125
11.257004	2.783203125
11.258	2.7783203125
11.259	2.783203125
11.26	2.7783203125
11.261	2.7783203125
11.262	2.783203125
11.263	2.7783203125
11.264	2.783203125
11.265	2.7783203125
11.266	2.7783203125
11.267	2.7783203125
11.268	2.7783203125
11.269	2.7734375
11.27	2.783203125
11.271	2.7783203125
11.272	2.7734375
11.273	2.783203125
11.274	2.7783203125
11.275	2.7783203125
11.276	2.783203125
11.277	2.7880859375
11.278	2.783203125
11.279	2.783203125
11.28	2.7880859375
11.281	2.7880859375
11.282	2.783203125
11.283	2.7880859375
11.284	2.7880859375
11.285	2.79296875
11.286	2.79296875
11.287	2.79296875
11.288	2.79296875
11.289	2.7978515625
11.29	2.7880859375
11.291	2.7880859375
11.292	2.79296875
11.293	2.79296875
11.293996	2.7880859375
11.295004	2.79296875
11.296004	2.79296875
11.297004	2.7880859375
11.298004	2.7880859375
11.299004	2.7783203125
11.300004	2.783203125
11.301	2.79296875
11.302	2.7880859375
11.303	2.79296875
11.304	2.783203125
11.305	2.7880859375
11.306	2.783203125
11.307	2.783203125
11.308	2.783203125
11.309	2.7880859375
11.31	2.7734375
11.311	2.7783203125
11.312	2.7783203125
11.313	2.7783203125
11.314	2.783203125
11.315	2.7734375
11.316	2.7783203125
11.317	2.7783203125
11.318	2.7734375
11.319	2.7734375
11.32	2.7734375
11.321	2.7685546875
11.322	2.7783203125
11.323	2.7783203125
11.324	2.7734375
11.325	2.7734375
11.326	2.7734375
11.327	2.7734375
11.328	2.7783203125
11.329	2.7783203125
11.33	2.783203125
11.331	2.783203125
11.332	2.783203125
11.333	2.7734375
11.334	2.7783203125
11.335	2.783203125
11.335996	2.7783203125
11.337004	2.783203125
11.338	2.783203125
11.339004	2.783203125
11.340004	2.783203125
11.341004	2.79296875
11.342004	2.79296875
11.343	2.7880859375
11.344	2.79296875
11.345	2.7880859375
11.346	2.7880859375
11.347	2.79296875
11.348	2.783203125
11.349	2.79296875
11.35	2.7880859375
11.351	2.79296875
11.352	2.7880859375
11.353	2.783203125
11.354	2.7978515625
11.355	2.7880859375
11.356	2.79296875
11.357	2.79296875
11.358	2.7978515625
11.359	2.7880859375
11.36	2.783203125
11.361	2.7783203125
11.362	2.7880859375
11.363	2.783203125
11.364	2.7783203125
11.365	2.7783203125
11.366	2.783203125
11.367	2.7783203125
11.368	2.7783203125
11.369	2.7734375
11.37	2.783203125
11.371	2.783203125
11.372	2.783203125
11.373	2.7783203125
11.374	2.7734375
11.375	2.7783203125
11.376	2.7783203125
11.377	2.7783203125
11.378	2.7734375
11.379004	2.7783203125
11.38	2.7783203125
11.381004	2.7783203125
11.382004	2.7783203125
11.383004	2.7734375
11.384004	2.7783203125
11.385004	2.7734375
11.386	2.7734375
11.387	2.7880859375
11.388	2.783203125
11.389	2.783203125
11.39	2.783203125
11.391	2.783203125
11.392	2.783203125
11.393	2.7783203125
11.394	2.7783203125
11.395	2.7880859375
11.396	2.783203125
11.397	2.7880859375
11.398	2.7880859375
11.399	2.783203125
11.4	2.79296875
11.401	2.783203125
11.402	2.7880859375
11.403	2.7880859375
11.404	2.783203125
11.405	2.7880859375
11.406	2.79296875
11.407	2.79296875
11.408	2.7880859375
11.409	2.7880859375
11.41	2.79296875
11.411	2.79296875
11.412	2.79296875
11.413	2.7880859375
11.414	2.79296875
11.415	2.7880859375
11.416	2.783203125
11.417	2.7880859375
11.418	2.783203125
11.419	2.7783203125
11.42	2.783203125
11.421	2.7783203125
11.421996	2.7783203125
11.423004	2.7783203125
11.424004	2.7783203125
11.425004	2.7783203125
11.426004	2.783203125
11.427004	2.783203125
11.428004	2.783203125
11.429	2.783203125
11.43	2.7734375
11.431	2.7783203125
11.432	2.7783203125
11.433	2.7783203125
11.434	2.7783203125
11.435	2.7734375
11.436	2.7783203125
11.437	2.783203125
11.438	2.7783203125
11.439	2.7783203125
11.44	2.7734375
11.441	2.7734375
11.442	2.7783203125
11.443	2.783203125
11.444	2.783203125
11.445	2.783203125
11.446	2.783203125
11.447	2.783203125
11.448	2.7880859375
11.449	2.7880859375
11.45	2.7880859375
11.451	2.7880859375
11.452	2.7880859375
11.453	2.79296875
11.454	2.7880859375
11.455	2.783203125
11.456	2.79296875
11.457	2.7880859375
11.458	2.7880859375
11.459	2.79296875
11.46	2.783203125
11.461	2.783203125
11.462	2.7880859375
11.463	2.79296875
11.463996	2.7880859375
11.465004	2.7880859375
11.466	2.7880859375
11.467004	2.79296875
11.468004	2.7880859375
11.469004	2.7880859375
11.470004	2.783203125
11.471	2.7880859375
11.472	2.7880859375
11.473	2.7880859375
11.474	2.783203125
11.475	2.7880859375
11.476	2.7880859375
11.477	2.7783203125
11.478	2.7880859375
11.479	2.783203125
11.48	2.783203125
11.481	2.7734375
11.482	2.7783203125
11.483	2.7783203125
11.484	2.783203125
11.485	2.7783203125
11.486	2.7734375
11.487	2.7734375
11.488	2.7734375
11.489	2.7783203125
11.49	2.7734375
11.491	2.7783203125
11.492	2.7783203125
11.493	2.7783203125
11.494	2.783203125
11.495	2.7783203125
11.496	2.7783203125
11.497	2.7734375
11.498	2.783203125
11.499	2.7783203125
11.5	2.783203125
11.501	2.7783203125
11.502	2.783203125
11.503	2.783203125
11.504	2.783203125
11.505	2.783203125
11.506	2.7783203125
11.507004	2.7880859375
11.508	2.7880859375
11.509004	2.7880859375
11.510004	2.7880859375
11.511004	2.7978515625
11.512004	2.7880859375
11.513004	2.783203125
11.514	2.7880859375
11.515	2.7978515625
11.516	2.783203125
11.517	2.79296875
11.518	2.783203125
11.519	2.7880859375
11.52	2.783203125
11.521	2.79296875
11.522	2.79296875
11.523	2.7978515625
11.524	2.7880859375
11.525	2.79296875
11.526	2.7978515625
11.527	2.79296875
11.528	2.7880859375
11.529	2.7880859375
11.53	2.7880859375
11.531	2.7880859375
11.532	2.783203125
11.533	2.783203125
11.534	2.7783203125
11.535	2.783203125
11.536	2.7783203125
11.537	2.783203125
11.538	2.7783203125
11.539	2.7734375
11.54	2.7783203125
11.541	2.7783203125
11.542	2.7783203125
11.543	2.7685546875
11.544	2.7734375
11.545	2.7734375
11.546	2.7734375
11.547	2.7734375
11.548	2.7685546875
11.549	2.7783203125
11.549996	2.7734375
11.551004	2.7734375
11.552004	2.7734375
11.553004	2.783203125
11.554004	2.7734375
11.555004	2.7783203125
11.556004	2.7783203125
11.557	2.783203125
11.558	2.783203125
11.559	2.783203125
11.56	2.783203125
11.561	2.783203125
11.562	2.7880859375
11.563	2.7880859375
11.564	2.783203125
11.565	2.7880859375
11.566	2.7880859375
11.567	2.79296875
11.568	2.79296875
11.569	2.79296875
11.57	2.7880859375
11.571	2.79296875
11.572	2.79296875
11.573	2.783203125
11.574	2.7880859375
11.575	2.783203125
11.576	2.783203125
11.577	2.783203125
11.578	2.79296875
11.579	2.79296875
11.58	2.79296875
11.581	2.79296875
11.582	2.79296875
11.583	2.7880859375
11.584	2.79296875
11.585	2.783203125
11.586	2.7880859375
11.587	2.783203125
11.588	2.783203125
11.589	2.783203125
11.59	2.783203125
11.591	2.783203125
11.591996	2.7783203125
11.593004	2.783203125
11.594	2.783203125
11.595004	2.783203125
11.596004	2.783203125
11.597004	2.7783203125
11.598004	2.7783203125
11.599	2.7783203125
11.6	2.7783203125
11.601	2.7734375
11.602	2.7734375
11.603	2.7783203125
11.604	2.7734375
11.605	2.7734375
11.606	2.7783203125
11.607	2.7783203125
11.608	2.7783203125
11.609	2.7783203125
11.61	2.7783203125
11.611	2.783203125
11.612	2.783203125
11.613	2.783203125
11.614	2.7783203125
11.615	2.7783203125
11.616	2.783203125
11.617	2.79296875
11.618	2.7783203125
11.619	2.783203125
11.62	2.7880859375
11.621	2.7880859375
11.622	2.79296875
11.623	2.7880859375
11.624	2.7978515625
11.625	2.79296875
11.626	2.79296875
11.627	2.7880859375
11.628	2.7880859375
11.629	2.783203125
11.63	2.7880859375
11.631	2.783203125
11.632	2.783203125
11.633	2.79296875
11.634	2.7880859375
11.635004	2.7880859375
11.636	2.7880859375
11.637004	2.79296875
11.638004	2.7978515625
11.639004	2.7880859375
11.640004	2.783203125
11.641004	2.7880859375
11.642	2.7880859375
11.643	2.783203125
11.644	2.783203125
11.645	2.7880859375
11.646	2.7880859375
11.647	2.7880859375
11.648	2.783203125
11.649	2.783203125
11.65	2.783203125
11.651	2.783203125
11.652	2.7783203125
11.653	2.783203125
11.654	2.7783203125
11.655	2.783203125
11.656	2.7783203125
11.657	2.7783203125
11.658	2.7734375
11.659	2.783203125
11.66	2.783203125
11.661	2.7783203125
11.662	2.7783203125
11.663	2.7783203125
11.664	2.783203125
11.665	2.7783203125
11.666	2.783203125
11.667	2.783203125
11.668	2.7783203125
11.669	2.7783203125
11.67	2.783203125
11.671	2.7783203125
11.672	2.783203125
11.673	2.783203125
11.674	2.783203125
11.675	2.79296875
11.676	2.7880859375
11.677	2.783203125
11.677996	2.7880859375
11.679004	2.7880859375
11.680004	2.7880859375
11.681004	2.79296875
11.682004	2.79296875
11.683004	2.79296875
11.684004	2.7880859375
11.685	2.783203125
11.686	2.783203125
11.687	2.783203125
11.688	2.783203125
11.689	2.783203125
11.69	2.79296875
11.691	2.79296875
11.692	2.79296875
11.693	2.79296875
11.694	2.79296875
11.695	2.7880859375
11.696	2.783203125
11.697	2.7880859375
11.698	2.7880859375
11.699	2.7880859375
11.7	2.783203125
11.701	2.7734375
11.702	2.7880859375
11.703	2.7783203125
11.704	2.7783203125
11.705	2.7734375
11.706	2.7783203125
11.707	2.7734375
11.708	2.7734375
11.709	2.7734375
11.71	2.7734375
11.711	2.7734375
11.712	2.7734375
11.713	2.7734375
11.714	2.7734375
11.715	2.7734375
11.716	2.7734375
11.717	2.7783203125
11.718	2.7783203125
11.719	2.7783203125
11.719996	2.7783203125
11.721004	2.7783203125
11.722	2.7734375
11.723004	2.783203125
11.724004	2.7783203125
11.725004	2.7783203125
11.726004	2.783203125
11.727	2.783203125
11.728	2.7880859375
11.729	2.783203125
11.73	2.7880859375
11.731	2.783203125
11.732	2.79296875
11.733	2.7880859375
11.734	2.7880859375
11.735	2.79296875
11.736	2.79296875
11.737	2.79296875
11.738	2.7880859375
11.739	2.79296875
11.74	2.7880859375
11.741	2.79296875
11.742	2.7880859375
11.743	2.7880859375
11.744	2.7880859375
11.745	2.79296875
11.746	2.7880859375
11.747	2.79296875
11.748	2.7880859375
11.749	2.79296875
11.75	2.7880859375
11.751	2.7880859375
11.752	2.783203125
11.753	2.783203125
11.754	2.783203125
11.755	2.7783203125
11.756	2.7880859375
11.757	2.783203125
11.758	2.7783203125
11.759	2.7783203125
11.76	2.7783203125
11.761	2.783203125
11.762	2.7783203125
11.763004	2.783203125
11.764	2.7783203125
11.765004	2.7783203125
11.766004	2.783203125
11.767004	2.7783203125
11.768004	2.7734375
11.769004	2.7734375
11.77	2.7783203125
11.771	2.783203125
11.772	2.7783203125
11.773	2.783203125
11.774	2.7783203125
11.775	2.7783203125
11.776	2.7783203125
11.777	2.7783203125
11.778	2.783203125
11.779	2.7783203125
11.78	2.783203125
11.781	2.7783203125
11.782	2.783203125
11.783	2.7783203125
11.784	2.7734375
11.785	2.783203125
11.786	2.7783203125
11.787	2.7880859375
11.788	2.783203125
11.789	2.7880859375
11.79	2.79296875
11.791	2.783203125
11.792	2.7880859375
11.793	2.7880859375
11.794	2.7880859375
11.795	2.7978515625
11.796	2.79296875
11.797	2.7880859375
11.798	2.79296875
11.799	2.7880859375
11.8	2.7880859375
11.801	2.7880859375
11.802	2.7978515625
11.803	2.79296875
11.804	2.79296875
11.805	2.7978515625
11.805996	2.79296875
11.807004	2.783203125
11.808004	2.7880859375
11.809004	2.79296875
11.810004	2.783203125
11.811004	2.7880859375
11.812004	2.783203125
11.813	2.783203125
11.814	2.783203125
11.815	2.783203125
11.816	2.7783203125
11.817	2.783203125
11.818	2.7734375
11.819	2.7783203125
11.82	2.7783203125
11.821	2.7783203125
11.822	2.7783203125
11.823	2.783203125
11.824	2.783203125
11.825	2.783203125
11.826	2.7783203125
11.827	2.783203125
11.828	2.783203125
11.829	2.7734375
11.83	2.7783203125
11.831	2.7734375
11.832	2.783203125
11.833	2.7783203125
11.834	2.7783203125
11.835	2.7783203125
11.836	2.783203125
11.837	2.7783203125
11.838	2.783203125
11.839	2.783203125
11.84	2.783203125
11.841	2.783203125
11.842	2.7880859375
11.843	2.79296875
11.844	2.79296875
11.845	2.7880859375
11.846	2.783203125
11.847	2.7880859375
11.847996	2.7880859375
11.849004	2.783203125
11.85	2.7880859375
11.851004	2.7880859375
11.852004	2.79296875
11.853004	2.7880859375
11.854004	2.79296875
11.855	2.783203125
11.856	2.79296875
11.857	2.7880859375
11.858	2.783203125
11.859	2.7880859375
11.86	2.783203125
11.861	2.79296875
11.862	2.7880859375
11.863	2.7880859375
11.864	2.79296875
11.865	2.7880859375
11.866	2.7880859375
11.867	2.7783203125
11.868	2.783203125
11.869	2.783203125
11.87	2.783203125
11.871	2.7880859375
11.872	2.783203125
11.873	2.783203125
11.874	2.7880859375
11.875	2.783203125
11.876	2.7783203125
11.877	2.7783203125
11.878	2.783203125
11.879	2.7783203125
11.88	2.7734375
11.881	2.7783203125
11.882	2.7783203125
11.883	2.7783203125
11.884	2.7783203125
11.885	2.7734375
11.886	2.7734375
11.887	2.7734375
11.888	2.7783203125
11.889	2.7783203125
11.89	2.783203125
11.891004	2.7783203125
11.892	2.783203125
11.893004	2.7783203125
11.894004	2.7783203125
11.895004	2.7880859375
11.896004	2.7783203125
11.897004	2.7880859375
11.898	2.7880859375
11.899	2.7880859375
11.9	2.7880859375
11.901	2.7880859375
11.902	2.7880859375
11.903	2.79296875
11.904	2.79296875
11.905	2.79296875
11.906	2.7880859375
11.907	2.7978515625
11.908	2.7880859375
11.909	2.7880859375
11.91	2.79296875
11.911	2.79296875
11.912	2.79296875
11.913	2.7880859375
11.914	2.783203125
11.915	2.7880859375
11.916	2.79296875
11.917	2.79296875
11.918	2.7880859375
11.919	2.783203125
11.92	2.7880859375
11.921	2.7880859375
11.922	2.783203125
11.923	2.783203125
11.924	2.783203125
11.925	2.783203125
11.926	2.783203125
11.927	2.7783203125
11.928	2.783203125
11.929	2.7783203125
11.93	2.783203125
11.931	2.7783203125
11.932	2.7783203125
11.933	2.7783203125
11.933996	2.7734375
11.935004	2.7783203125
11.936004	2.7734375
11.937004	2.7734375
11.938004	2.7783203125
11.939004	2.7783203125
11.940004	2.7783203125
11.941	2.7783203125
11.942	2.7734375
11.943	2.783203125
11.944	2.7783203125
11.945	2.783203125
11.946	2.783203125
11.947	2.7734375
11.948	2.783203125
11.949	2.783203125
11.95	2.783203125
11.951	2.7783203125
11.952	2.783203125
11.953	2.7880859375
11.954	2.783203125
11.955	2.7880859375
11.956	2.7783203125
11.957	2.7880859375
11.958	2.783203125
11.959	2.79296875
11.96	2.79296875
11.961	2.79296875
11.962	2.7880859375
11.963	2.79296875
11.964	2.79296875
11.965	2.79296875
11.966	2.79296875
11.967	2.7880859375
11.968	2.7880859375
11.969	2.7880859375
11.97	2.7880859375
11.971	2.7880859375
11.972	2.7978515625
11.973	2.79296875
11.974	2.7880859375
11.975	2.783203125
11.975996	2.7880859375
11.977004	2.7880859375
11.978	2.7880859375
11.979004	2.783203125
11.980004	2.783203125
11.981004	2.783203125
11.982004	2.783203125
11.983	2.7783203125
11.984	2.783203125
11.985	2.7783203125
11.986	2.783203125
11.987	2.783203125
11.988	2.783203125
11.989	2.7783203125
11.99	2.7685546875
11.991	2.7783203125
11.992	2.7783203125
11.993	2.7783203125
11.994	2.783203125
11.995	2.7734375
11.996	2.783203125
11.997	2.7783203125
11.998	2.783203125
11.999	2.7734375
12.0	2.783203125
12.001	2.7783203125
12.002	2.7734375
12.003	2.783203125
12.004	2.7783203125
12.005	2.783203125
12.006	2.7880859375
12.007	2.7880859375
12.008	2.7880859375
12.009	2.7880859375
12.01	2.7880859375
12.011	2.783203125
12.012	2.783203125
12.013	2.7880859375
12.014	2.7880859375
12.015	2.7880859375
12.016	2.7978515625
12.017	2.7880859375
12.018	2.7880859375
12.019004	2.7880859375
12.02	2.7880859375
12.021004	2.79296875
12.022004	2.79296875
12.023004	2.7880859375
12.024004	2.79296875
12.025004	2.7978515625
12.026	2.7880859375
12.027	2.79296875
12.028	2.7978515625
12.029	2.7880859375
12.03	2.7880859375
12.031	2.783203125
12.032	2.7880859375
12.033	2.7880859375
12.034	2.7880859375
12.035	2.783203125
12.036	2.7880859375
12.037	2.783203125
12.038	2.783203125
12.039	2.7880859375
12.04	2.783203125
12.041	2.7783203125
12.042	2.783203125
12.043	2.7783203125
12.044	2.783203125
12.045	2.783203125
12.046	2.7734375
12.047	2.7734375
12.048	2.7734375
12.049	2.7783203125
12.05	2.7783203125
12.051	2.7783203125
12.052	2.7734375
12.053	2.783203125
12.054	2.783203125
12.055	2.783203125
12.056	2.7783203125
12.057	2.783203125
12.058	2.7783203125
12.059	2.783203125
12.06	2.783203125
12.061	2.783203125
12.061996	2.783203125
12.063004	2.783203125
12.064004	2.783203125
12.065004	2.783203125
12.066004	2.7880859375
12.067004	2.7880859375
12.068004	2.7880859375
12.069	2.7783203125
12.07	2.7880859375
12.071	2.79296875
12.072	2.79296875
12.073	2.783203125
12.074	2.7880859375
12.075	2.79296875
12.076	2.7880859375
12.077	2.79296875
12.078	2.79296875
12.079	2.79296875
12.08	2.79296875
12.081	2.7880859375
12.082	2.79296875
12.083	2.79296875
12.084	2.7880859375
12.085	2.7880859375
12.086	2.783203125
12.087	2.79296875
12.088	2.783203125
12.089	2.7880859375
12.09	2.783203125
12.091	2.783203125
12.092	2.783203125
12.093	2.783203125
12.094	2.783203125
12.095	2.7783203125
12.096	2.7783203125
12.097	2.7783203125
12.098	2.783203125
12.099	2.7783203125
12.1	2.783203125
12.101	2.783203125
12.102	2.783203125
12.103	2.7734375
12.103996	2.7734375
12.105004	2.783203125
12.106	2.7734375
12.107004	2.783203125
12.108004	2.783203125
12.109004	2.7783203125
12.110004	2.783203125
12.111	2.7783203125
12.112	2.7734375
12.113	2.7783203125
12.114	2.783203125
12.115	2.783203125
12.116	2.7734375
12.117	2.7783203125
12.118	2.7783203125
12.119	2.7734375
12.12	2.7783203125
12.121	2.7880859375
12.122	2.783203125
12.123	2.7880859375
12.124	2.7880859375
12.125	2.7880859375
12.126	2.7880859375
12.127	2.7880859375
12.128	2.7978515625
12.129	2.7880859375
12.13	2.79296875
12.131	2.79296875
12.132	2.79296875
12.133	2.7880859375
12.134	2.7880859375
12.135	2.79296875
12.136	2.7978515625
12.137	2.79296875
12.138	2.79296875
12.139	2.7978515625
12.14	2.79296875
12.141	2.7880859375
12.142	2.7880859375
12.143	2.783203125
12.144	2.7880859375
12.145	2.783203125
12.146	2.7880859375
12.147004	2.7880859375
12.148	2.7880859375
12.149004	2.7880859375
12.150004	2.783203125
12.151004	2.7734375
12.152004	2.783203125
12.153004	2.783203125
12.154	2.7880859375
12.155	2.7783203125
12.156	2.7783203125
12.157	2.7783203125
12.158	2.783203125
12.159	2.7783203125
12.16	2.7783203125
12.161	2.7783203125
12.162	2.783203125
12.163	2.7783203125
12.164	2.7734375
12.165	2.7734375
12.166	2.7734375
12.167	2.7734375
12.168	2.7880859375
12.169	2.7783203125
12.17	2.783203125
12.171	2.7783203125
12.172	2.7734375
12.173	2.7783203125
12.174	2.783203125
12.175	2.7880859375
12.176	2.783203125
12.177	2.783203125
12.178	2.7783203125
12.179	2.79296875
12.18	2.783203125
12.181	2.7880859375
12.182	2.7880859375
12.183	2.783203125
12.184	2.79296875
12.185	2.783203125
12.186	2.7880859375
12.187	2.7880859375
12.188	2.7880859375
12.189	2.7880859375
12.189996	2.783203125
12.191004	2.79296875
12.192004	2.783203125
12.193004	2.79296875
12.194004	2.783203125
12.195004	2.79296875
12.196004	2.7978515625
12.197	2.783203125
12.198	2.7880859375
12.199	2.7880859375
12.2	2.7783203125
12.201	2.7880859375
12.202	2.7880859375
12.203	2.783203125
12.204	2.783203125
12.205	2.7783203125
12.206	2.7783203125
12.207	2.783203125
12.208	2.783203125
12.209	2.783203125
12.21	2.783203125
12.211	2.7783203125
12.212	2.783203125
12.213	2.7783203125
12.214	2.783203125
12.215	2.7783203125
12.216	2.7783203125
12.217	2.7783203125
12.218	2.7734375
12.219	2.783203125
12.22	2.783203125
12.221	2.7734375
12.222	2.783203125
12.223	2.7783203125
12.224	2.783203125
12.225	2.7880859375
12.226	2.7880859375
12.227	2.783203125
12.228	2.783203125
12.229	2.7880859375
12.23	2.783203125
12.231	2.7783203125
12.231996	2.79296875
12.233004	2.783203125
12.234	2.7880859375
12.235004	2.79296875
12.236004	2.79296875
12.237004	2.7880859375
12.238004	2.7880859375
12.239	2.783203125
12.24	2.7880859375
12.241	2.7978515625
12.242	2.7880859375
12.243	2.7880859375
12.244	2.7880859375
12.245	2.783203125
12.246	2.783203125
12.247	2.7880859375
12.248	2.7880859375
12.249	2.79296875
12.25	2.7880859375
12.251	2.79296875
12.252	2.7880859375
12.253	2.79296875
12.254	2.79296875
12.255	2.783203125
12.256	2.79296875
12.257	2.7783203125
12.258	2.783203125
12.259	2.7783203125
12.26	2.7880859375
12.261	2.783203125
12.262	2.7783203125
12.263	2.783203125
12.264	2.7783203125
12.265	2.783203125
12.266	2.7783203125
12.267	2.7734375
12.268	2.7783203125
12.269	2.7783203125
12.27	2.7783203125
12.271	2.783203125
12.272	2.7783203125
12.273	2.783203125
12.274	2.7734375
12.275004	2.7783203125
12.276	2.7783203125
12.277004	2.7734375
12.278004	2.783203125
12.279004	2.783203125
12.280004	2.783203125
12.281004	2.7880859375
12.282	2.783203125
12.283	2.783203125
12.284	2.7783203125
12.285	2.783203125
12.286	2.783203125
12.287	2.7783203125
12.288	2.783203125
12.289	2.7783203125
12.29	2.7880859375
12.291	2.7880859375
12.292	2.783203125
12.293	2.7880859375
12.294	2.783203125
12.295	2.79296875
12.296	2.7978515625
12.297	2.79296875
12.298	2.79296875
12.299	2.7880859375
12.3	2.783203125
12.301	2.7880859375
12.302	2.7880859375
12.303	2.783203125
12.304	2.783203125
12.305	2.79296875
12.306	2.79296875
12.307	2.79296875
12.308	2.783203125
12.309	2.7880859375
12.31	2.783203125
12.311	2.7880859375
12.312	2.783203125
12.313	2.783203125
12.314	2.7880859375
12.315	2.7783203125
12.316	2.783203125
12.317	2.783203125
12.317996	2.783203125
12.319004	2.7880859375
12.320004	2.783203125
12.321004	2.783203125
12.322004	2.783203125
12.323004	2.783203125
12.324004	2.7734375
12.325	2.7734375
12.326	2.7783203125
12.327	2.7783203125
12.328	2.783203125
12.329	2.7783203125
12.33	2.7734375
12.331	2.7783203125
12.332	2.7783203125
12.333	2.783203125
12.334	2.7783203125
12.335	2.783203125
12.336	2.7783203125
12.337	2.7783203125
12.338	2.783203125
12.339	2.7783203125
12.34	2.783203125
12.341	2.783203125
12.342	2.79296875
12.343	2.7880859375
12.344	2.7880859375
12.345	2.7783203125
12.346	2.7880859375
12.347	2.7783203125
12.348	2.7783203125
12.349	2.79296875
12.35	2.7880859375
12.351	2.7880859375
12.352	2.79296875
12.353	2.79296875
12.354	2.79296875
12.355	2.7880859375
12.356	2.783203125
12.357	2.79296875
12.358	2.7880859375
12.359	2.79296875
12.359996	2.7880859375
12.361004	2.7880859375
12.362	2.7880859375
12.363004	2.7978515625
12.364004	2.7880859375
12.365004	2.7880859375
12.366004	2.783203125
12.367	2.783203125
12.368	2.7880859375
12.369	2.7880859375
12.37	2.783203125
12.371	2.783203125
12.372	2.7880859375
12.373	2.783203125
12.374	2.783203125
12.375	2.7734375
12.376	2.7783203125
12.377	2.783203125
12.378	2.783203125
12.379	2.7783203125
12.38	2.7734375
12.381	2.7783203125
12.382	2.7734375
12.383	2.783203125
12.384	2.783203125
12.385	2.7783203125
12.386	2.7783203125
12.387	2.7783203125
12.388	2.7783203125
12.389	2.7734375
12.39	2.7734375
12.391	2.7783203125
12.392	2.783203125
12.393	2.783203125
12.394	2.7783203125
12.395	2.783203125
12.396	2.7783203125
12.397	2.7880859375
12.398	2.783203125
12.399	2.783203125
12.4	2.7880859375
12.401	2.783203125
12.402	2.7880859375
12.403004	2.7880859375
12.404	2.7880859375
12.405004	2.7880859375
12.406004	2.7880859375
12.407004	2.7880859375
12.408004	2.79296875
12.409004	2.79296875
12.41	2.7880859375
12.411	2.79296875
12.412	2.783203125
12.413	2.7880859375
12.414	2.783203125
12.415	2.79296875
12.416	2.79296875
12.417	2.7880859375
12.418	2.79296875
12.419	2.79296875
12.42	2.7880859375
12.421	2.7880859375
12.422	2.783203125
12.423	2.7880859375
12.424	2.79296875
12.425	2.7880859375
12.426	2.783203125
12.427	2.783203125
12.428	2.7783203125
12.429	2.783203125
12.43	2.7880859375
12.431	2.783203125
12.432	2.7783203125
12.433	2.7783203125
12.434	2.7734375
12.435	2.7783203125
12.436	2.7734375
12.437	2.783203125
12.438	2.7880859375
12.439	2.7783203125
12.44	2.783203125
12.441	2.7783203125
12.442	2.783203125
12.443	2.7734375
12.444	2.7783203125
12.445	2.783203125
12.445996	2.7783203125
12.447004	2.7783203125
12.448004	2.783203125
12.449004	2.783203125
12.450004	2.783203125
12.451004	2.7783203125
12.452004	2.7783203125
12.453	2.783203125
12.454	2.7783203125
12.455	2.7880859375
12.456	2.7880859375
12.457	2.783203125
12.458	2.7783203125
12.459	2.783203125
12.46	2.783203125
12.461	2.783203125
12.462	2.7880859375
12.463	2.783203125
12.464	2.7880859375
12.465	2.7880859375
12.466	2.7880859375
12.467	2.7880859375
12.468	2.79296875
12.469	2.7880859375
12.47	2.79296875
12.471	2.7880859375
12.472	2.79296875
12.473	2.7880859375
12.474	2.7880859375
12.475	2.79296875
12.476	2.7880859375
12.477	2.7880859375
12.478	2.7880859375
12.479	2.783203125
12.48	2.783203125
12.481	2.783203125
12.482	2.783203125
12.483	2.79296875
12.484	2.783203125
12.485	2.7783203125
12.486	2.783203125
12.487	2.783203125
12.487996	2.7783203125
12.489004	2.7880859375
12.49	2.783203125
12.491004	2.783203125
12.492004	2.783203125
12.493004	2.783203125
12.494004	2.783203125
12.495	2.7783203125
12.496	2.7734375
12.497	2.7783203125
12.498	2.7783203125
12.499	2.7783203125
12.5	2.7734375
12.501	2.7734375
12.502	2.783203125
12.503	2.783203125
12.504	2.783203125
12.505	2.783203125
12.506	2.7783203125
12.507	2.7783203125
12.508	2.7783203125
12.509	2.783203125
12.51	2.783203125
12.511	2.783203125
12.512	2.7880859375
12.513	2.783203125
12.514	2.7880859375
12.515	2.7880859375
12.516	2.79296875
12.517	2.7880859375
12.518	2.783203125
12.519	2.7880859375
12.52	2.7880859375
12.521	2.79296875
12.522	2.7880859375
12.523	2.79296875
12.524	2.79296875
12.525	2.7880859375
12.526	2.7880859375
12.527	2.783203125
12.528	2.7880859375
12.529	2.7978515625
12.53	2.79296875
12.531004	2.79296875
12.532	2.783203125
12.533004	2.783203125
12.534004	2.7880859375
12.535004	2.7880859375
12.536004	2.7880859375
12.537004	2.7880859375
12.538	2.7880859375
12.539	2.7880859375
12.54	2.783203125
12.541	2.783203125
12.542	2.783203125
12.543	2.783203125
12.544	2.783203125
12.545	2.7783203125
12.546	2.7734375
12.547	2.783203125
12.548	2.7783203125
12.549	2.783203125
12.55	2.7783203125
12.551	2.7783203125
12.552	2.7734375
12.553	2.7734375
12.554	2.7783203125
12.555	2.7734375
12.556	2.7783203125
12.557	2.7783203125
12.558	2.783203125
12.559	2.783203125
12.56	2.783203125
12.561	2.7783203125
12.562	2.783203125
12.563	2.7734375
12.564	2.7783203125
12.565	2.7783203125
12.566	2.7783203125
12.567	2.7880859375
12.568	2.783203125
12.569	2.783203125
12.57	2.783203125
12.571	2.783203125
12.572	2.7783203125
12.573	2.7978515625
12.573996	2.783203125
12.575004	2.783203125
12.576004	2.783203125
12.577004	2.79296875
12.578004	2.79296875
12.579004	2.79296875
12.580004	2.7880859375
12.581	2.7880859375
12.582	2.7880859375
12.583	2.7880859375
12.584	2.7978515625
12.585	2.79296875
12.586	2.7880859375
12.587	2.79296875
12.588	2.7880859375
12.589	2.7880859375
12.59	2.7880859375
12.591	2.7880859375
12.592	2.7880859375
12.593	2.783203125
12.594	2.7783203125
12.595	2.7880859375
12.596	2.7880859375
12.597	2.7783203125
12.598	2.783203125
12.599	2.7783203125
12.6	2.7783203125
12.601	2.7734375
12.602	2.7783203125
12.603	2.7783203125
12.604	2.783203125
12.605	2.783203125
12.606	2.7783203125
12.607	2.7783203125
12.608	2.7734375
12.609	2.783203125
12.61	2.7783203125
12.611	2.783203125
12.612	2.7734375
12.613	2.7734375
12.614	2.783203125
12.615	2.7734375
12.615996	2.7783203125
12.617004	2.783203125
12.618	2.7880859375
12.619004	2.7783203125
12.620004	2.783203125
12.621004	2.783203125
12.622004	2.7783203125
12.623	2.783203125
12.624	2.783203125
12.625	2.7783203125
12.626	2.7880859375
12.627	2.79296875
12.628	2.7880859375
12.629	2.7880859375
12.63	2.7880859375
12.631	2.7880859375
12.632	2.79296875
12.633	2.7978515625
12.634	2.783203125
12.635	2.79296875
12.636	2.7880859375
12.637	2.783203125
12.638	2.79296875
12.639	2.7880859375
12.64	2.783203125
12.641	2.783203125
12.642	2.79296875
12.643	2.79296875
12.644	2.783203125
12.645	2.783203125
12.646	2.7880859375
12.647	2.7880859375
12.648	2.7880859375
12.649	2.783203125
12.65	2.7783203125
12.651	2.7880859375
12.652	2.7783203125
12.653	2.783203125
12.654	2.783203125
12.655	2.7783203125
12.656	2.7734375
12.657	2.7783203125
12.658	2.7783203125
12.659004	2.783203125
12.66	2.7783203125
12.661004	2.783203125
12.662004	2.7783203125
12.663004	2.783203125
12.664004	2.783203125
12.665004	2.7783203125
12.666	2.7783203125
12.667	2.7783203125
12.668	2.783203125
12.669	2.783203125
12.67	2.783203125
12.671	2.7880859375
12.672	2.7734375
12.673	2.7783203125
12.674	2.783203125
12.675	2.783203125
12.676	2.7880859375
12.677	2.783203125
12.678	2.783203125
12.679	2.783203125
12.68	2.7880859375
12.681	2.7783203125
12.682	2.783203125
12.683	2.783203125
12.684	2.79296875
12.685	2.783203125
12.686	2.783203125
12.687	2.7880859375
12.688	2.7880859375
12.689	2.7880859375
12.69	2.79296875
12.691	2.79296875
12.692	2.7880859375
12.693	2.79296875
12.694	2.79296875
12.695	2.7880859375
12.696	2.79296875
12.697	2.7978515625
12.698	2.79296875
12.699	2.7880859375
12.7	2.7880859375
12.701	2.7880859375
12.701996	2.7880859375
12.703004	2.783203125
12.704004	2.7880859375
12.705004	2.783203125
12.706004	2.7880859375
12.707004	2.783203125
12.708004	2.7783203125
12.709	2.7783203125
12.71	2.783203125
12.711	2.783203125
12.712	2.783203125
12.713	2.7783203125
12.714	2.783203125
12.715	2.7734375
12.716	2.7783203125
12.717	2.7734375
12.718	2.7783203125
12.719	2.783203125
12.72	2.783203125
12.721	2.783203125
12.722	2.7783203125
12.723	2.7783203125
12.724	2.7783203125
12.725	2.783203125
12.726	2.7783203125
12.727	2.783203125
12.728	2.783203125
12.729	2.783203125
12.73	2.7783203125
12.731	2.7783203125
12.732	2.7783203125
12.733	2.7783203125
12.734	2.783203125
12.735	2.783203125
12.736	2.783203125
12.737	2.783203125
12.738	2.783203125
12.739	2.783203125
12.74	2.7880859375
12.741	2.79296875
12.742	2.7880859375
12.743	2.783203125
12.743996	2.7880859375
12.745004	2.7880859375
12.746	2.783203125
12.747004	2.7880859375
12.748004	2.7880859375
12.749004	2.7880859375
12.750004	2.79296875
12.751	2.7880859375
12.752	2.7880859375
12.753	2.79296875
12.754	2.79296875
12.755	2.7880859375
12.756	2.7880859375
12.757	2.783203125
12.758	2.7880859375
12.759	2.7880859375
12.76	2.7783203125
12.761	2.7880859375
12.762	2.7783203125
12.763	2.783203125
12.764	2.783203125
12.765	2.783203125
12.766	2.783203125
12.767	2.7734375
12.768	2.7783203125
12.769	2.783203125
12.77	2.7880859375
12.771	2.783203125
12.772	2.7734375
12.773	2.7783203125
12.774	2.7783203125
12.775	2.7783203125
12.776	2.783203125
12.777	2.7783203125
12.778	2.7783203125
12.779	2.7783203125
12.78	2.783203125
12.781	2.7783203125
12.782	2.783203125
12.783	2.7783203125
12.784	2.7783203125
12.785	2.783203125
12.786	2.783203125
12.787004	2.7783203125
12.788	2.7783203125
12.789004	2.7880859375
12.790004	2.783203125
12.791004	2.783203125
12.792004	2.783203125
12.793004	2.783203125
12.794	2.783203125
12.795	2.783203125
12.796	2.79296875
12.797	2.7880859375
12.798	2.7880859375
12.799	2.783203125
12.8	2.7880859375
12.801	2.7880859375
12.802	2.79296875
12.803	2.7880859375
12.804	2.79296875
12.805	2.7978515625
12.806	2.7978515625
12.807	2.7978515625
12.808	2.7880859375
12.809	2.7978515625
12.81	2.783203125
12.811	2.7880859375
12.812	2.7880859375
12.813	2.7880859375
12.814	2.79296875
12.815	2.7880859375
12.816	2.7880859375
12.817	2.783203125
12.818	2.783203125
12.819	2.783203125
12.82	2.7783203125
12.821	2.783203125
12.822	2.7880859375
12.823	2.783203125
12.824	2.7783203125
12.825	2.783203125
12.826	2.783203125
12.827	2.7783203125
12.828	2.783203125
12.829	2.783203125
12.829996	2.7783203125
12.831004	2.783203125
12.832004	2.783203125
12.833004	2.7734375
12.834004	2.7783203125
12.835004	2.7734375
12.836004	2.783203125
12.837	2.7783203125
12.838	2.783203125
12.839	2.783203125
12.84	2.783203125
12.841	2.783203125
12.842	2.7783203125
12.843	2.7734375
12.844	2.783203125
12.845	2.783203125
12.846	2.783203125
12.847	2.7880859375
12.848	2.783203125
12.849	2.783203125
12.85	2.783203125
12.851	2.7880859375
12.852	2.79296875
12.853	2.7880859375
12.854	2.783203125
12.855	2.7880859375
12.856	2.783203125
12.857	2.79296875
12.858	2.783203125
12.859	2.79296875
12.86	2.79296875
12.861	2.7978515625
12.862	2.7978515625
12.863	2.7978515625
12.864	2.79296875
12.865	2.7880859375
12.866	2.79296875
12.867	2.7880859375
12.868	2.7880859375
12.869	2.7880859375
12.87	2.7880859375
12.871	2.79296875
12.871996	2.7880859375
12.873004	2.7783203125
12.874	2.783203125
12.875004	2.7783203125
12.876004	2.7783203125
12.877004	2.7783203125
12.878004	2.783203125
12.879	2.7783203125
12.88	2.7783203125
12.881	2.7783203125
12.882	2.7734375
12.883	2.783203125
12.884	2.7783203125
12.885	2.7734375
12.886	2.7734375
12.887	2.783203125
12.888	2.7734375
12.889	2.7783203125
12.89	2.783203125
12.891	2.783203125
12.892	2.7734375
12.893	2.783203125
12.894	2.783203125
12.895	2.7783203125
12.896	2.7734375
12.897	2.7783203125
12.898	2.7734375
12.899	2.7783203125
12.9	2.783203125
12.901	2.783203125
12.902	2.7880859375
12.903	2.783203125
12.904	2.783203125
12.905	2.7880859375
12.906	2.7880859375
12.907	2.7880859375
12.908	2.7880859375
12.909	2.783203125
12.91	2.79296875
12.911	2.7880859375
12.912	2.79296875
12.913	2.79296875
12.914	2.7880859375
12.915004	2.79296875
12.916	2.7880859375
12.917004	2.79296875
12.918004	2.7978515625
12.919004	2.7978515625
12.920004	2.7880859375
12.921004	2.79296875
12.922	2.7880859375
12.923	2.783203125
12.924	2.7880859375
12.925	2.7880859375
12.926	2.7880859375
12.927	2.7880859375
12.928	2.7880859375
12.929	2.7783203125
12.93	2.7880859375
12.931	2.7880859375
12.932	2.783203125
12.933	2.7734375
12.934	2.7783203125
12.935	2.7880859375
12.936	2.7783203125
12.937	2.783203125
12.938	2.7783203125
12.939	2.7734375
12.94	2.7734375
12.941	2.783203125
12.942	2.7783203125
12.943	2.783203125
12.944	2.7783203125
12.945	2.7783203125
12.946	2.783203125
12.947	2.7783203125
12.948	2.7783203125
12.949	2.783203125
12.95	2.7783203125
12.951	2.783203125
12.952	2.783203125
12.953	2.7783203125
12.954	2.7783203125
12.955	2.7783203125
12.956	2.7783203125
12.957	2.7783203125
12.957996	2.7783203125
12.959004	2.783203125
12.960004	2.7880859375
12.961004	2.783203125
12.962004	2.783203125
12.963004	2.783203125
12.964004	2.7880859375
12.965	2.7880859375
12.966	2.783203125
12.967	2.79296875
12.968	2.783203125
12.969	2.79296875
12.97	2.7880859375
12.971	2.79296875
12.972	2.7978515625
12.973	2.7978515625
12.974	2.7978515625
12.975	2.7978515625
12.976	2.7880859375
12.977	2.79296875
12.978	2.7880859375
12.979	2.783203125
12.98	2.783203125
12.981	2.783203125
12.982	2.7880859375
12.983	2.7880859375
12.984	2.783203125
12.985	2.7880859375
12.986	2.783203125
12.987	2.783203125
12.988	2.7880859375
12.989	2.783203125
12.99	2.783203125
12.991	2.7783203125
12.992	2.7783203125
12.993	2.783203125
12.994	2.7734375
12.995	2.7783203125
12.996	2.7783203125
12.997	2.783203125
12.998	2.783203125
12.999	2.7783203125
12.999996	2.783203125
13.001004	2.7783203125
13.002	2.783203125
13.003004	2.7783203125
13.004004	2.7783203125
13.005004	2.7783203125
13.006004	2.783203125
13.007	2.783203125
13.008	2.7783203125
13.009	2.783203125
13.01	2.7783203125
13.011	2.7783203125
13.012	2.783203125
13.013	2.783203125
13.014	2.783203125
13.015	2.783203125
13.016	2.7880859375
13.017	2.7880859375
13.018	2.7880859375
13.019	2.7880859375
13.02	2.7880859375
13.021	2.7880859375
13.022	2.783203125
13.023	2.7880859375
13.024	2.7880859375
13.025	2.79296875
13.026	2.79296875
13.027	2.783203125
13.028	2.7880859375
13.029	2.79296875
13.03	2.7880859375
13.031	2.79296875
13.032	2.79296875
13.033	2.783203125
13.034	2.7880859375
13.035	2.783203125
13.036	2.79296875
13.037	2.783203125
13.038	2.7783203125
13.039	2.7880859375
13.04	2.783203125
13.041	2.7880859375
13.042	2.7880859375
13.043004	2.7783203125
13.044	2.7783203125
13.045004	2.7783203125
13.046004	2.783203125
13.047004	2.7734375
13.048004	2.7783203125
13.049004	2.7783203125
13.05	2.783203125
13.051	2.783203125
13.052	2.783203125
13.053	2.7734375
13.054	2.783203125
13.055	2.7783203125
13.056	2.783203125
13.057	2.7783203125
13.058	2.7783203125
13.059	2.7783203125
13.06	2.783203125
13.061	2.7783203125
13.062	2.783203125
13.063	2.7783203125
13.064	2.783203125
13.065	2.783203125
13.066	2.783203125
13.067	2.7734375
13.068	2.783203125
13.069	2.7783203125
13.07	2.7783203125
13.071	2.783203125
13.072	2.783203125
13.073	2.783203125
13.074	2.783203125
13.075	2.783203125
13.076	2.7880859375
13.077	2.7880859375
13.078	2.7880859375
13.079	2.7880859375
13.08	2.79296875
13.081	2.79296875
13.082	2.79296875
13.083	2.79296875
13.084	2.7880859375
13.085	2.7880859375
13.085996	2.7880859375
13.087004	2.79296875
13.088004	2.79296875
13.089004	2.7880859375
13.090004	2.783203125
13.091004	2.783203125
13.092004	2.7880859375
13.093	2.783203125
13.094	2.7880859375
13.095	2.783203125
13.096	2.783203125
13.097	2.783203125
13.098	2.783203125
13.099	2.783203125
13.1	2.7783203125
13.101	2.7783203125
13.102	2.783203125
13.103	2.7734375
13.104	2.783203125
13.105	2.7783203125
13.106	2.783203125
13.107	2.783203125
13.108	2.7783203125
13.109	2.7783203125
13.11	2.7783203125
13.111	2.783203125
13.112	2.7783203125
13.113	2.783203125
13.114	2.7783203125
13.115	2.7734375
13.116	2.783203125
13.117	2.7783203125
13.118	2.783203125
13.119	2.783203125
13.12	2.783203125
13.121	2.7783203125
13.122	2.783203125
13.123	2.7880859375
13.124	2.783203125
13.125	2.783203125
13.126	2.783203125
13.127	2.7880859375
13.127996	2.7880859375
13.129004	2.7880859375
13.13	2.783203125
13.131004	2.7880859375
13.132004	2.783203125
13.133004	2.783203125
13.134004	2.783203125
13.135	2.7880859375
13.136	2.783203125
13.137	2.7880859375
13.138	2.79296875
13.139	2.783203125
13.14	2.79296875
13.141	2.7978515625
13.142	2.783203125
13.143	2.7880859375
13.144	2.783203125
13.145	2.7880859375
13.146	2.7880859375
13.147	2.7880859375
13.148	2.7880859375
13.149	2.7783203125
13.15	2.7880859375
13.151	2.783203125
13.152	2.783203125
13.153	2.7783203125
13.154	2.7783203125
13.155	2.7880859375
13.156	2.7783203125
13.157	2.783203125
13.158	2.783203125
13.159	2.7783203125
13.16	2.7783203125
13.161	2.783203125
13.162	2.783203125
13.163	2.7734375
13.164	2.783203125
13.165	2.7783203125
13.166	2.783203125
13.167	2.783203125
13.168	2.783203125
13.169	2.783203125
13.17	2.7734375
13.171004	2.7783203125
13.172	2.7783203125
13.173004	2.783203125
13.174004	2.7783203125
13.175004	2.7880859375
13.176004	2.7880859375
13.177004	2.7783203125
13.178	2.783203125
13.179	2.7783203125
13.18	2.783203125
13.181	2.783203125
13.182	2.7880859375
13.183	2.7783203125
13.184	2.783203125
13.185	2.7880859375
13.186	2.7880859375
13.187	2.7880859375
13.188	2.783203125
13.189	2.7880859375
13.19	2.783203125
13.191	2.783203125
13.192	2.7880859375
13.193	2.7880859375
13.194	2.7880859375
13.195	2.7880859375
13.196	2.79296875
13.197	2.79296875
13.198	2.79296875
13.199	2.783203125
13.2	2.7880859375
13.201	2.783203125
13.202	2.7880859375
13.203	2.79296875
13.204	2.783203125
13.205	2.783203125
13.206	2.7880859375
13.207	2.7880859375
13.208	2.7783203125
13.209	2.7880859375
13.21	2.7783203125
13.211	2.783203125
13.212	2.7783203125
13.213	2.7783203125
13.213996	2.783203125
13.215004	2.7783203125
13.216004	2.7783203125
13.217004	2.783203125
13.218004	2.783203125
13.219004	2.7783203125
13.220004	2.783203125
13.221	2.783203125
13.222	2.783203125
13.223	2.7783203125
13.224	2.783203125
13.225	2.783203125
13.226	2.783203125
13.227	2.783203125
13.228	2.7783203125
13.229	2.7783203125
13.23	2.7783203125
13.231	2.7783203125
13.232	2.783203125
13.233	2.783203125
13.234	2.783203125
13.235	2.7783203125
13.236	2.783203125
13.237	2.7783203125
13.238	2.783203125
13.239	2.7880859375
13.24	2.7783203125
13.241	2.7880859375
13.242	2.783203125
13.243	2.7880859375
13.244	2.7880859375
13.245	2.7880859375
13.246	2.7783203125
13.247	2.783203125
13.248	2.7880859375
13.249	2.7880859375
13.25	2.7880859375
13.251	2.7880859375
13.252	2.7880859375
13.253	2.7880859375
13.254	2.7880859375
13.255	2.7880859375
13.255996	2.7880859375
13.257004	2.7880859375
13.258	2.7880859375
13.259004	2.7880859375
13.260004	2.7880859375
13.261004	2.7783203125
13.262004	2.783203125
13.263	2.79296875
13.264	2.783203125
13.265	2.7783203125
13.266	2.7783203125
13.267	2.783203125
13.268	2.7783203125
13.269	2.783203125
13.27	2.783203125
13.271	2.783203125
13.272	2.7783203125
13.273	2.783203125
13.274	2.783203125
13.275	2.7783203125
13.276	2.7734375
13.277	2.7783203125
13.278	2.7880859375
13.279	2.783203125
13.28	2.783203125
13.281	2.7783203125
13.282	2.783203125
13.283	2.7734375
13.284	2.783203125
13.285	2.783203125
13.286	2.783203125
13.287	2.783203125
13.288	2.783203125
13.289	2.7783203125
13.29	2.7783203125
13.291	2.7880859375
13.292	2.783203125
13.293	2.7880859375
13.294	2.783203125
13.295	2.7880859375
13.296	2.783203125
13.297	2.7880859375
13.298	2.7880859375
13.299004	2.7880859375
13.3	2.7880859375
13.301004	2.7880859375
13.302004	2.7880859375
13.303004	2.7880859375
13.304004	2.783203125
13.305004	2.79296875
13.306	2.7880859375
13.307	2.7880859375
13.308	2.79296875
13.309	2.79296875
13.31	2.7880859375
13.311	2.783203125
13.312	2.783203125
13.313	2.79296875
13.314	2.79296875
13.315	2.783203125
13.316	2.7880859375
13.317	2.783203125
13.318	2.783203125
13.319	2.7880859375
13.32	2.783203125
13.321	2.783203125
13.322	2.783203125
13.323	2.7783203125
13.324	2.783203125
13.325	2.783203125
13.326	2.7783203125
13.327	2.7783203125
13.328	2.7783203125
13.329	2.783203125
13.33	2.7783203125
13.331	2.7783203125
13.332	2.7783203125
13.333	2.7783203125
13.334	2.783203125
13.335	2.7734375
13.336	2.783203125
13.337	2.783203125
13.338	2.783203125
13.339	2.7734375
13.34	2.783203125
13.341	2.7734375
13.341996	2.7783203125
13.343004	2.7880859375
13.344004	2.7783203125
13.345004	2.7880859375
13.346004	2.7783203125
13.347004	2.7783203125
13.348004	2.783203125
13.349	2.7783203125
13.35	2.783203125
13.351	2.7880859375
13.352	2.783203125
13.353	2.783203125
13.354	2.7880859375
13.355	2.7880859375
13.356	2.79296875
13.357	2.7880859375
13.358	2.79296875
13.359	2.7880859375
13.36	2.7880859375
13.361	2.7880859375
13.362	2.79296875
13.363	2.7880859375
13.364	2.79296875
13.365	2.783203125
13.366	2.79296875
13.367	2.7880859375
13.368	2.7880859375
13.369	2.7880859375
13.37	2.783203125
13.371	2.7880859375
13.372	2.783203125
13.373	2.7783203125
13.374	2.783203125
13.375	2.783203125
13.376	2.783203125
13.377	2.783203125
13.378	2.783203125
13.379	2.783203125
13.38	2.783203125
13.381	2.783203125
13.382	2.7783203125
13.383	2.7783203125
13.383996	2.783203125
13.385004	2.783203125
13.386	2.7880859375
13.387004	2.7783203125
13.388004	2.783203125
13.389004	2.7783203125
13.390004	2.7734375
13.391	2.783203125
13.392	2.7783203125
13.393	2.783203125
13.394	2.7783203125
13.395	2.7734375
13.396	2.7783203125
13.397	2.7783203125
13.398	2.783203125
13.399	2.7734375
13.4	2.783203125
13.401	2.783203125
13.402	2.7783203125
13.403	2.783203125
13.404	2.783203125
13.405	2.783203125
13.406	2.7880859375
13.407	2.783203125
13.408	2.783203125
13.409	2.7880859375
13.41	2.7880859375
13.411	2.7880859375
13.412	2.7880859375
13.413	2.783203125
13.414	2.7880859375
13.415	2.79296875
13.416	2.7880859375
13.417	2.7880859375
13.418	2.783203125
13.419	2.79296875
13.42	2.7880859375
13.421	2.783203125
13.422	2.79296875
13.423	2.7880859375
13.424	2.79296875
13.425	2.7880859375
13.426	2.783203125
13.427004	2.7880859375
13.428	2.783203125
13.429004	2.79296875
13.430004	2.79296875
13.431004	2.7880859375
13.432004	2.7880859375
13.433004	2.7880859375
13.434	2.783203125
13.435	2.783203125
13.436	2.783203125
13.437	2.783203125
13.438	2.7880859375
13.439	2.783203125
13.44	2.7734375
13.441	2.783203125
13.442	2.7783203125
13.443	2.7783203125
13.444	2.7783203125
13.445	2.783203125
13.446	2.783203125
13.447	2.7783203125
13.448	2.7783203125
13.449	2.7783203125
13.45	2.7783203125
13.451	2.783203125
13.452	2.7783203125
13.453	2.7783203125
13.454	2.783203125
13.455	2.7783203125
13.456	2.7734375
13.457	2.7783203125
13.458	2.7783203125
13.459	2.783203125
13.46	2.783203125
13.461	2.783203125
13.462	2.783203125
13.463	2.7783203125
13.464	2.783203125
13.465	2.7783203125
13.466	2.783203125
13.467	2.783203125
13.468	2.783203125
13.469	2.7880859375
13.469996	2.783203125
13.471004	2.783203125
13.472004	2.783203125
13.473004	2.79296875
13.474004	2.7880859375
13.475004	2.7978515625
13.476004	2.783203125
13.477	2.783203125
13.478	2.7880859375
13.479	2.7880859375
13.48	2.7880859375
13.481	2.79296875
13.482	2.7880859375
13.483	2.7880859375
13.484	2.7880859375
13.485	2.783203125
13.486	2.7880859375
13.487	2.783203125
13.488	2.7783203125
13.489	2.7783203125
13.49	2.783203125
13.491	2.7783203125
13.492	2.7783203125
13.493	2.7783203125
13.494	2.783203125
13.495	2.7734375
13.496	2.783203125
13.497	2.7783203125
13.498	2.7734375
13.499	2.7685546875
13.5	2.7783203125
13.501	2.783203125
13.502	2.783203125
13.503	2.7783203125
13.504	2.783203125
13.505	2.783203125
13.506	2.7783203125
13.507	2.783203125
13.508	2.7783203125
13.509	2.783203125
13.51	2.783203125
13.511	2.783203125
13.511996	2.7734375
13.513004	2.7783203125
13.514	2.783203125
13.515004	2.7783203125
13.516004	2.7783203125
13.517004	2.7880859375
13.518004	2.7880859375
13.519	2.783203125
13.52	2.783203125
13.521	2.7880859375
13.522	2.783203125
13.523	2.7880859375
13.524	2.7880859375
13.525	2.7880859375
13.526	2.7880859375
13.527	2.7880859375
13.528	2.7880859375
13.529	2.7880859375
13.53	2.783203125
13.531	2.7880859375
13.532	2.783203125
13.533	2.79296875
13.534	2.7880859375
13.535	2.79296875
13.536	2.79296875
13.537	2.783203125
13.538	2.783203125
13.539	2.7880859375
13.54	2.7880859375
13.541	2.79296875
13.542	2.79296875
13.543	2.783203125
13.544	2.783203125
13.545	2.7880859375
13.546	2.7880859375
13.547	2.7880859375
13.548	2.783203125
13.549	2.7783203125
13.55	2.7783203125
13.551	2.7783203125
13.552	2.7783203125
13.553	2.783203125
13.554	2.7783203125
13.555004	2.783203125
13.556	2.7783203125
13.557004	2.783203125
13.558004	2.7783203125
13.559004	2.7880859375
13.560004	2.7783203125
13.561004	2.7783203125
13.562	2.7783203125
13.563	2.7880859375
13.564	2.7783203125
13.565	2.783203125
13.566	2.7783203125
13.567	2.783203125
13.568	2.7880859375
13.569	2.7783203125
13.57	2.783203125
13.571	2.7880859375
13.572	2.7783203125
13.573	2.783203125
13.574	2.783203125
13.575	2.7880859375
13.576	2.7880859375
13.577	2.7880859375
13.578	2.783203125
13.579	2.783203125
13.58	2.7880859375
13.581	2.79296875
13.582	2.7783203125
13.583	2.79296875
13.584	2.783203125
13.585	2.79296875
13.586	2.783203125
13.587	2.7880859375
13.588	2.79296875
13.589	2.7880859375
13.59	2.7880859375
13.591	2.7783203125
13.592	2.783203125
13.593	2.7880859375
13.594	2.7880859375
13.595	2.7880859375
13.596	2.783203125
13.597	2.7880859375
13.597996	2.7880859375
13.599004	2.783203125
13.600004	2.7783203125
13.601004	2.783203125
13.602004	2.7880859375
13.603004	2.783203125
13.604004	2.7880859375
13.605	2.783203125
13.606	2.783203125
13.607	2.7783203125
13.608	2.7783203125
13.609	2.783203125
13.61	2.783203125
13.611	2.7783203125
13.612	2.783203125
13.613	2.7783203125
13.614	2.7734375
13.615	2.783203125
13.616	2.7783203125
13.617	2.7783203125
13.618	2.7783203125
13.619	2.7783203125
13.62	2.783203125
13.621	2.783203125
13.622	2.783203125
13.623	2.783203125
13.624	2.7783203125
13.625	2.7734375
13.626	2.7880859375
13.627	2.783203125
13.628	2.7880859375
13.629	2.783203125
13.63	2.783203125
13.631	2.783203125
13.632	2.7734375
13.633	2.7880859375
13.634	2.7880859375
13.635	2.7783203125
13.636	2.783203125
13.637	2.79296875
13.638	2.7880859375
13.639	2.783203125
13.639996	2.7880859375
13.641004	2.783203125
13.642	2.783203125
13.643004	2.7880859375
13.644004	2.7880859375
13.645004	2.783203125
13.646004	2.79296875
13.647	2.7880859375
13.648	2.7880859375
13.649	2.7880859375
13.65	2.7880859375
13.651	2.783203125
13.652	2.7880859375
13.653	2.783203125
13.654	2.783203125
13.655	2.7880859375
13.656	2.783203125
13.657	2.7880859375
13.658	2.783203125
13.659	2.783203125
13.66	2.7783203125
13.661	2.783203125
13.662	2.7783203125
13.663	2.7734375
13.664	2.783203125
13.665	2.7734375
13.666	2.783203125
13.667	2.7880859375
13.668	2.783203125
13.669	2.783203125
13.67	2.783203125
13.671	2.783203125
13.672	2.783203125
13.673	2.783203125
13.674	2.7783203125
13.675	2.7783203125
13.676	2.7734375
13.677	2.7880859375
13.678	2.7783203125
13.679	2.783203125
13.68	2.7880859375
13.681	2.7734375
13.682	2.7880859375
13.683004	2.7783203125
13.684	2.783203125
13.685004	2.7880859375
13.686004	2.7734375
13.687004	2.783203125
13.688004	2.7783203125
13.689004	2.7783203125
13.69	2.783203125
13.691	2.783203125
13.692	2.7880859375
13.693	2.7880859375
13.694	2.783203125
13.695	2.7880859375
13.696	2.783203125
13.697	2.7880859375
13.698	2.7880859375
13.699	2.783203125
13.7	2.783203125
13.701	2.783203125
13.702	2.7880859375
13.703	2.7880859375
13.704	2.7880859375
13.705	2.7880859375
13.706	2.7880859375
13.707	2.7880859375
13.708	2.783203125
13.709	2.7880859375
13.71	2.7880859375
13.711	2.7880859375
13.712	2.783203125
13.713	2.783203125
13.714	2.783203125
13.715	2.783203125
13.716	2.783203125
13.717	2.783203125
13.718	2.783203125
13.719	2.7734375
13.72	2.783203125
13.721	2.7783203125
13.722	2.783203125
13.723	2.7880859375
13.724	2.7783203125
13.725	2.783203125
13.725996	2.7783203125
13.727004	2.783203125
13.728004	2.7734375
13.729004	2.783203125
13.730004	2.7783203125
13.731004	2.7880859375
13.732004	2.7783203125
13.733	2.7783203125
13.734	2.783203125
13.735	2.7783203125
13.736	2.783203125
13.737	2.7783203125
13.738	2.7783203125
13.739	2.783203125
13.74	2.7880859375
13.741	2.7880859375
13.742	2.7880859375
13.743	2.783203125
13.744	2.783203125
13.745	2.7880859375
13.746	2.79296875
13.747	2.79296875
13.748	2.783203125
13.749	2.7880859375
13.75	2.783203125
13.751	2.7880859375
13.752	2.7880859375
13.753	2.7880859375
13.754	2.7880859375
13.755	2.783203125
13.756	2.783203125
13.757	2.783203125
13.758	2.783203125
13.759	2.79296875
13.76	2.783203125
13.761	2.7880859375
13.762	2.7880859375
13.763	2.79296875
13.764	2.783203125
13.765	2.7880859375
13.766	2.783203125
13.767	2.783203125
13.767996	2.783203125
13.769004	2.7880859375
13.77	2.783203125
13.771004	2.7783203125
13.772004	2.783203125
13.773004	2.7783203125
13.774004	2.783203125
13.775	2.783203125
13.776	2.7783203125
13.777	2.7783203125
13.778	2.783203125
13.779	2.783203125
13.78	2.783203125
13.781	2.7783203125
13.782	2.7783203125
13.783	2.7783203125
13.784	2.783203125
13.785	2.7783203125
13.786	2.7734375
13.787	2.7783203125
13.788	2.7734375
13.789	2.783203125
13.79	2.7783203125
13.791	2.7734375
13.792	2.7783203125
13.793	2.7783203125
13.794	2.7783203125
13.795	2.7783203125
13.796	2.7783203125
13.797	2.7880859375
13.798	2.7880859375
13.799	2.783203125
13.8	2.783203125
13.801	2.7880859375
13.802	2.7880859375
13.803	2.7880859375
13.804	2.7880859375
13.805	2.79296875
13.806	2.783203125
13.807	2.79296875
13.808	2.7880859375
13.809	2.79296875
13.81	2.79296875
13.811004	2.7880859375
13.812	2.7880859375
13.813004	2.7880859375
13.814004	2.7880859375
13.815004	2.7880859375
13.816004	2.783203125
13.817004	2.7880859375
13.818	2.783203125
13.819	2.79296875
13.82	2.783203125
13.821	2.783203125
13.822	2.7880859375
13.823	2.783203125
13.824	2.7880859375
13.825	2.783203125
13.826	2.7880859375
13.827	2.7880859375
13.828	2.783203125
13.829	2.7783203125
13.83	2.7783203125
13.831	2.783203125
13.832	2.7783203125
13.833	2.783203125
13.834	2.783203125
13.835	2.783203125
13.836	2.7783203125
13.837	2.783203125
13.838	2.7783203125
13.839	2.7783203125
13.84	2.7783203125
13.841	2.783203125
13.842	2.783203125
13.843	2.783203125
13.844	2.7880859375
13.845	2.7880859375
13.846	2.7783203125
13.847	2.783203125
13.848	2.7783203125
13.849	2.7783203125
13.85	2.783203125
13.851	2.7880859375
13.852	2.7783203125
13.853	2.7783203125
13.853996	2.783203125
13.855004	2.783203125
13.856004	2.7783203125
13.857004	2.7880859375
13.858004	2.783203125
13.859004	2.783203125
13.860004	2.783203125
13.861	2.7880859375
13.862	2.783203125
13.863	2.783203125
13.864	2.7880859375
13.865	2.7880859375
13.866	2.79296875
13.867	2.7880859375
13.868	2.7880859375
13.869	2.7880859375
13.87	2.7880859375
13.871	2.7880859375
13.872	2.7880859375
13.873	2.7880859375
13.874	2.7880859375
13.875	2.79296875
13.876	2.783203125
13.877	2.7880859375
13.878	2.783203125
13.879	2.7783203125
13.88	2.7783203125
13.881	2.7880859375
13.882	2.7783203125
13.883	2.7783203125
13.884	2.7880859375
13.885	2.783203125
13.886	2.783203125
13.887	2.783203125
13.888	2.783203125
13.889	2.783203125
13.89	2.7880859375
13.891	2.7783203125
13.892	2.7734375
13.893	2.783203125
13.894	2.7783203125
13.895	2.783203125
13.895996	2.783203125
13.897004	2.7783203125
13.898	2.783203125
13.899004	2.7783203125
13.900004	2.7880859375
13.901004	2.783203125
13.902004	2.783203125
13.903	2.783203125
13.904	2.7783203125
13.905	2.7880859375
13.906	2.7880859375
13.907	2.7783203125
13.908	2.783203125
13.909	2.7880859375
13.91	2.783203125
13.911	2.783203125
13.912	2.783203125
13.913	2.783203125
13.914	2.783203125
13.915	2.783203125
13.916	2.7783203125
13.917	2.7880859375
13.918	2.7880859375
13.919	2.7783203125
13.92	2.7880859375
13.921	2.7880859375
13.922	2.7880859375
13.923	2.7880859375
13.924	2.7880859375
13.925	2.7880859375
13.926	2.783203125
13.927	2.783203125
13.928	2.7880859375
13.929	2.7880859375
13.93	2.7880859375
13.931	2.7880859375
13.932	2.783203125
13.933	2.7880859375
13.934	2.79296875
13.935	2.783203125
13.936	2.7880859375
13.937	2.7880859375
13.938	2.783203125
13.939004	2.7783203125
13.94	2.7783203125
13.941004	2.7734375
13.942004	2.783203125
13.943004	2.783203125
13.944004	2.783203125
13.945004	2.7783203125
13.946	2.7783203125
13.947	2.783203125
13.948	2.7734375
13.949	2.783203125
13.95	2.783203125
13.951	2.7880859375
13.952	2.7783203125
13.953	2.7783203125
13.954	2.7783203125
13.955	2.783203125
13.956	2.7783203125
13.957	2.783203125
13.958	2.7783203125
13.959	2.7783203125
13.96	2.7783203125
13.961	2.7783203125
13.962	2.7783203125
13.963	2.783203125
13.964	2.783203125
13.965	2.7783203125
13.966	2.7880859375
13.967	2.7783203125
13.968	2.783203125
13.969	2.7880859375
13.97	2.79296875
13.971	2.7880859375
13.972	2.7880859375
13.973	2.7880859375
13.974	2.7880859375
13.975	2.7880859375
13.976	2.7880859375
13.977	2.783203125
13.978	2.7880859375
13.979	2.783203125
13.98	2.783203125
13.981	2.7880859375
13.981996	2.7880859375
13.983004	2.7880859375
13.984004	2.7880859375
13.985004	2.783203125
13.986004	2.7880859375
13.987004	2.7880859375
13.988004	2.783203125
13.989	2.783203125
13.99	2.783203125
13.991	2.783203125
13.992	2.783203125
13.993	2.783203125
13.994	2.783203125
13.995	2.783203125
13.996	2.783203125
13.997	2.7880859375
13.998	2.7783203125
13.999	2.783203125
14.0	2.783203125
14.001	2.783203125
14.002	2.7783203125
14.003	2.783203125
14.004	2.783203125
14.005	2.7734375
14.006	2.7734375
14.007	2.783203125
14.008	2.783203125
14.009	2.7880859375
14.01	2.7783203125
14.011	2.783203125
14.012	2.7783203125
14.013	2.7783203125
14.014	2.7783203125
14.015	2.783203125
14.016	2.783203125
14.017	2.783203125
14.018	2.7783203125
14.019	2.7880859375
14.02	2.783203125
14.021	2.783203125
14.022	2.783203125
14.023	2.783203125
14.023996	2.783203125
14.025004	2.7880859375
14.026	2.783203125
14.027004	2.783203125
14.028004	2.79296875
14.029004	2.7880859375
14.030004	2.783203125
14.031	2.7880859375
14.032	2.7880859375
14.033	2.79296875
14.034	2.783203125
14.035	2.79296875
14.036	2.7880859375
14.037	2.783203125
14.038	2.7880859375
14.039	2.7880859375
14.04	2.7880859375
14.041	2.783203125
14.042	2.7880859375
14.043	2.7880859375
14.044	2.7880859375
14.045	2.7783203125
14.046	2.783203125
14.047	2.7783203125
14.048	2.7783203125
14.049	2.783203125
14.05	2.7734375
14.051	2.783203125
14.052	2.7783203125
14.053	2.783203125
14.054	2.7783203125
14.055	2.7734375
14.056	2.783203125
14.057	2.783203125
14.058	2.783203125
14.059	2.783203125
14.06	2.7783203125
14.061	2.783203125
14.062	2.783203125
14.063	2.783203125
14.064	2.783203125
14.065	2.7783203125
14.066	2.783203125
14.067004	2.783203125
14.068	2.783203125
14.069004	2.7783203125
14.070004	2.783203125
14.071004	2.783203125
14.072004	2.7783203125
14.073004	2.783203125
14.074	2.7880859375
14.075	2.7783203125
14.076	2.783203125
14.077	2.783203125
14.078	2.7880859375
14.079	2.783203125
14.08	2.7880859375
14.081	2.7880859375
14.082	2.783203125
14.083	2.7880859375
14.084	2.7880859375
14.085	2.783203125
14.086	2.783203125
14.087	2.7880859375
14.088	2.7880859375
14.089	2.783203125
14.09	2.783203125
14.091	2.7880859375
14.092	2.7880859375
14.093	2.783203125
14.094	2.7880859375
14.095	2.783203125
14.096	2.7880859375
14.097	2.783203125
14.098	2.7880859375
14.099	2.783203125
14.1	2.7880859375
14.101	2.783203125
14.102	2.783203125
14.103	2.7880859375
14.104	2.783203125
14.105	2.7880859375
14.106	2.7880859375
14.107	2.7783203125
14.108	2.783203125
14.109	2.783203125
14.109996	2.7783203125
14.111004	2.783203125
14.112004	2.7783203125
14.113004	2.7783203125
14.114004	2.7734375
14.115004	2.7783203125
14.116004	2.783203125
14.117	2.783203125
14.118	2.7783203125
14.119	2.783203125
14.12	2.7783203125
14.121	2.783203125
14.122	2.7880859375
14.123	2.783203125
14.124	2.7734375
14.125	2.7783203125
14.126	2.783203125
14.127	2.7734375
14.128	2.783203125
14.129	2.783203125
14.13	2.783203125
14.131	2.7783203125
14.132	2.783203125
14.133	2.783203125
14.134	2.7880859375
14.135	2.7783203125
14.136	2.7783203125
14.137	2.7880859375
14.138	2.7783203125
14.139	2.79296875
14.14	2.783203125
14.141	2.7880859375
14.142	2.79296875
14.143	2.7783203125
14.144	2.7880859375
14.145	2.7880859375
14.146	2.783203125
14.147	2.79296875
14.148	2.7880859375
14.149	2.7880859375
14.15	2.783203125
14.151	2.7880859375
14.151996	2.7880859375
14.153004	2.79296875
14.154	2.7880859375
14.155004	2.783203125
14.156004	2.783203125
14.157004	2.7783203125
14.158004	2.7880859375
14.159	2.7783203125
14.16	2.7783203125
14.161	2.7880859375
14.162	2.7880859375
14.163	2.7783203125
14.164	2.7880859375
14.165	2.7783203125
14.166	2.7783203125
14.167	2.783203125
14.168	2.7783203125
14.169	2.7734375
14.17	2.7783203125
14.171	2.783203125
14.172	2.783203125
14.173	2.783203125
14.174	2.783203125
14.175	2.7880859375
14.176	2.783203125
14.177	2.7880859375
14.178	2.7734375
14.179	2.783203125
14.18	2.7783203125
14.181	2.7734375
14.182	2.7783203125
14.183	2.7734375
14.184	2.7734375
14.185	2.7783203125
14.186	2.7783203125
14.187	2.7783203125
14.188	2.7880859375
14.189	2.7880859375
14.19	2.7880859375
14.191	2.7783203125
14.192	2.783203125
14.193	2.783203125
14.194	2.7880859375
14.195004	2.783203125
14.196	2.783203125
14.197004	2.7880859375
14.198004	2.7783203125
14.199004	2.7880859375
14.200004	2.7880859375
14.201004	2.783203125
14.202	2.79296875
14.203	2.7880859375
14.204	2.7880859375
14.205	2.7880859375
14.206	2.7880859375
14.207	2.7880859375
14.208	2.7880859375
14.209	2.79296875
14.21	2.783203125
14.211	2.783203125
14.212	2.7880859375
14.213	2.783203125
14.214	2.7880859375
14.215	2.783203125
14.216	2.7880859375
14.217	2.7783203125
14.218	2.783203125
14.219	2.7783203125
14.22	2.7880859375
14.221	2.783203125
14.222	2.7783203125
14.223	2.7783203125
14.224	2.783203125
14.225	2.783203125
14.226	2.7734375
14.227	2.7783203125
14.228	2.783203125
14.229	2.7783203125
14.23	2.7783203125
14.231	2.7783203125
14.232	2.7783203125
14.233	2.783203125
14.234	2.783203125
14.235	2.783203125
14.236	2.783203125
14.237	2.7783203125
14.237996	2.783203125
14.239004	2.7734375
14.240004	2.7880859375
14.241004	2.7880859375
14.242004	2.7783203125
14.243004	2.7783203125
14.244004	2.7783203125
14.245	2.7783203125
14.246	2.783203125
14.247	2.7783203125
14.248	2.783203125
14.249	2.7880859375
14.25	2.79296875
14.251	2.783203125
14.252	2.7880859375
14.253	2.7880859375
14.254	2.783203125
14.255	2.7880859375
14.256	2.7880859375
14.257	2.7880859375
14.258	2.783203125
14.259	2.783203125
14.26	2.7880859375
14.261	2.783203125
14.262	2.79296875
14.263	2.7880859375
14.264	2.783203125
14.265	2.7880859375
14.266	2.7880859375
14.267	2.7880859375
14.268	2.7880859375
14.269	2.783203125
14.27	2.7880859375
14.271	2.7783203125
14.272	2.7880859375
14.273	2.783203125
14.274	2.7880859375
14.275	2.7880859375
14.276	2.783203125
14.277	2.7783203125
14.278	2.783203125
14.279	2.783203125
14.279996	2.783203125
14.281004	2.7783203125
14.282	2.783203125
14.283004	2.7783203125
14.284004	2.783203125
14.285004	2.7880859375
14.286004	2.7783203125
14.287	2.783203125
14.288	2.783203125
14.289	2.783203125
14.29	2.7783203125
14.291	2.7783203125
14.292	2.7783203125
14.293	2.7783203125
14.294	2.7734375
14.295	2.7783203125
14.296	2.783203125
14.297	2.783203125
14.298	2.7734375
14.299	2.7783203125
14.3	2.783203125
14.301	2.783203125
14.302	2.7880859375
14.303	2.7783203125
14.304	2.7880859375
14.305	2.7880859375
14.306	2.7880859375
14.307	2.79296875
14.308	2.7880859375
14.309	2.7880859375
14.31	2.7880859375
14.311	2.7880859375
14.312	2.783203125
14.313	2.7783203125
14.314	2.7880859375
14.315	2.783203125
14.316	2.7880859375
14.317	2.783203125
14.318	2.7880859375
14.319	2.7783203125
14.32	2.7880859375
14.321	2.7880859375
14.322	2.783203125
14.323004	2.7880859375
14.324	2.7880859375
14.325004	2.7880859375
14.326004	2.7880859375
14.327004	2.783203125
14.328004	2.7880859375
14.329004	2.783203125
14.33	2.7783203125
14.331	2.783203125
14.332	2.783203125
14.333	2.7783203125
14.334	2.7783203125
14.335	2.783203125
14.336	2.783203125
14.337	2.783203125
14.338	2.783203125
14.339	2.7783203125
14.34	2.783203125
14.341	2.7880859375
14.342	2.783203125
14.343	2.783203125
14.344	2.783203125
14.345	2.7880859375
14.346	2.783203125
14.347	2.783203125
14.348	2.7783203125
14.349	2.783203125
14.35	2.783203125
14.351	2.7783203125
14.352	2.7783203125
14.353	2.7880859375
14.354	2.783203125
14.355	2.7783203125
14.356	2.7783203125
14.357	2.783203125
14.358	2.79296875
14.359	2.783203125
14.36	2.783203125
14.361	2.783203125
14.362	2.7880859375
14.363	2.783203125
14.364	2.7880859375
14.365	2.783203125
14.365996	2.7880859375
14.367004	2.7880859375
14.368004	2.7880859375
14.369004	2.7880859375
14.370004	2.783203125
14.371004	2.79296875
14.372004	2.7880859375
14.373	2.79296875
14.374	2.7880859375
14.375	2.7783203125
14.376	2.783203125
14.377	2.7880859375
14.378	2.7783203125
14.379	2.783203125
14.38	2.783203125
14.381	2.7880859375
14.382	2.7880859375
14.383	2.783203125
14.384	2.783203125
14.385	2.7880859375
14.386	2.7783203125
14.387	2.783203125
14.388	2.7880859375
14.389	2.783203125
14.39	2.7880859375
14.391	2.7783203125
14.392	2.7783203125
14.393	2.7783203125
14.394	2.7783203125
14.395	2.783203125
14.396	2.783203125
14.397	2.7783203125
14.398	2.783203125
14.399	2.7783203125
14.4	2.783203125
14.401	2.7734375
14.402	2.783203125
14.403	2.7783203125
14.404	2.7734375
14.405	2.783203125
14.406	2.7880859375
14.407	2.783203125
14.407996	2.783203125
14.409004	2.7880859375
14.41	2.783203125
14.411004	2.783203125
14.412004	2.783203125
14.413004	2.783203125
14.414004	2.7880859375
14.415	2.7880859375
14.416	2.783203125
14.417	2.783203125
14.418	2.7880859375
14.419	2.7880859375
14.42	2.783203125
14.421	2.783203125
14.422	2.79296875
14.423	2.783203125
14.424	2.7880859375
14.425	2.783203125
14.426	2.783203125
14.427	2.7880859375
14.428	2.7880859375
14.429	2.7880859375
14.43	2.7880859375
14.431	2.783203125
14.432	2.783203125
14.433	2.783203125
14.434	2.7783203125
14.435	2.7880859375
14.436	2.783203125
14.437	2.7880859375
14.438	2.7783203125
14.439	2.7880859375
14.44	2.783203125
14.441	2.783203125
14.442	2.7783203125
14.443	2.783203125
14.444	2.783203125
14.445	2.783203125
14.446	2.783203125
14.447	2.7783203125
14.448	2.7783203125
14.449	2.7783203125
14.45	2.783203125
14.451004	2.7783203125
14.452	2.7783203125
14.453004	2.7783203125
14.454004	2.7783203125
14.455004	2.7783203125
14.456004	2.7783203125
14.457004	2.783203125
14.458	2.7783203125
14.459	2.7880859375
14.46	2.783203125
14.461	2.7734375
14.462	2.783203125
14.463	2.783203125
14.464	2.7783203125
14.465	2.783203125
14.466	2.7783203125
14.467	2.7783203125
14.468	2.783203125
14.469	2.7783203125
14.47	2.7880859375
14.471	2.783203125
14.472	2.7880859375
14.473	2.79296875
14.474	2.7880859375
14.475	2.7880859375
14.476	2.783203125
14.477	2.7880859375
14.478	2.79296875
14.479	2.783203125
14.48	2.783203125
14.481	2.783203125
14.482	2.783203125
14.483	2.7880859375
14.484	2.7880859375
14.485	2.7783203125
14.486	2.7880859375
14.487	2.7880859375
14.488	2.7880859375
14.489	2.7880859375
14.49	2.783203125
14.491	2.783203125
14.492	2.7880859375
14.493	2.7880859375
14.493996	2.7880859375
14.495004	2.783203125
14.496004	2.7880859375
14.497004	2.783203125
14.498004	2.7880859375
14.499004	2.7880859375
14.500004	2.7880859375
14.501	2.783203125
14.502	2.783203125
14.503	2.7783203125
14.504	2.7783203125
14.505	2.783203125
14.506	2.7783203125
14.507	2.783203125
14.508	2.783203125
14.509	2.783203125
14.51	2.7783203125
14.511	2.783203125
14.512	2.7783203125
14.513	2.783203125
14.514	2.7783203125
14.515	2.7734375
14.516	2.783203125
14.517	2.7783203125
14.518	2.783203125
14.519	2.7783203125
14.52	2.7880859375
14.521	2.7783203125
14.522	2.783203125
14.523	2.783203125
14.524	2.783203125
14.525	2.7880859375
14.526	2.7880859375
14.527	2.7783203125
14.528	2.7880859375
14.529	2.783203125
14.53	2.783203125
14.531	2.7880859375
14.532	2.783203125
14.533	2.79296875
14.534	2.783203125
14.535	2.783203125
14.535996	2.7880859375
14.537004	2.7880859375
14.538	2.79296875
14.539004	2.783203125
14.540004	2.7880859375
14.541004	2.783203125
14.542004	2.7880859375
14.543	2.79296875
14.544	2.7880859375
14.545	2.79296875
14.546	2.783203125
14.547	2.7880859375
14.548	2.79296875
14.549	2.783203125
14.55	2.7734375
14.551	2.7880859375
14.552	2.783203125
14.553	2.7880859375
14.554	2.7783203125
14.555	2.783203125
14.556	2.7783203125
14.557	2.783203125
14.558	2.783203125
14.559	2.783203125
14.56	2.783203125
14.561	2.783203125
14.562	2.7783203125
14.563	2.7783203125
14.564	2.7783203125
14.565	2.783203125
14.566	2.783203125
14.567	2.783203125
14.568	2.783203125
14.569	2.7880859375
14.57	2.783203125
14.571	2.7734375
14.572	2.783203125
14.573	2.783203125
14.574	2.783203125
14.575	2.7783203125
14.576	2.7783203125
14.577	2.783203125
14.578	2.783203125
14.579004	2.783203125
14.58	2.783203125
14.581004	2.7783203125
14.582004	2.7880859375
14.583004	2.783203125
14.584004	2.7880859375
14.585004	2.7880859375
14.586	2.7880859375
14.587	2.783203125
14.588	2.7880859375
14.589	2.7880859375
14.59	2.783203125
14.591	2.7880859375
14.592	2.783203125
14.593	2.783203125
14.594	2.7880859375
14.595	2.7880859375
14.596	2.7880859375
14.597	2.7880859375
14.598	2.783203125
14.599	2.7880859375
14.6	2.7880859375
14.601	2.7880859375
14.602	2.783203125
14.603	2.7880859375
14.604	2.783203125
14.605	2.7880859375
14.606	2.7783203125
14.607	2.7734375
14.608	2.783203125
14.609	2.7880859375
14.61	2.783203125
14.611	2.7783203125
14.612	2.783203125
14.613	2.783203125
14.614	2.783203125
14.615	2.7783203125
14.616	2.783203125
14.617	2.783203125
14.618	2.7783203125
14.619	2.7734375
14.62	2.7734375
14.621	2.7783203125
14.621996	2.7880859375
14.623004	2.7783203125
14.624004	2.783203125
14.625004	2.783203125
14.626004	2.7734375
14.627004	2.783203125
14.628004	2.7783203125
14.629	2.783203125
14.63	2.783203125
14.631	2.7783203125
14.632	2.783203125
14.633	2.783203125
14.634	2.783203125
14.635	2.783203125
14.636	2.783203125
14.637	2.7880859375
14.638	2.783203125
14.639	2.7783203125
14.64	2.783203125
14.641	2.7880859375
14.642	2.783203125
14.643	2.783203125
14.644	2.783203125
14.645	2.7880859375
14.646	2.7880859375
14.647	2.7880859375
14.648	2.7880859375
14.649	2.7880859375
14.65	2.7880859375
14.651	2.7880859375
14.652	2.7880859375
14.653	2.7880859375
14.654	2.7880859375
14.655	2.79296875
14.656	2.7880859375
14.657	2.783203125
14.658	2.7880859375
14.659	2.7880859375
14.66	2.783203125
14.661	2.7783203125
14.662	2.783203125
14.663	2.783203125
14.663996	2.783203125
14.665004	2.7880859375
14.666	2.7783203125
14.667004	2.7880859375
14.668004	2.783203125
14.669004	2.7783203125
14.670004	2.783203125
14.671	2.783203125
14.672	2.783203125
14.673	2.7783203125
14.674	2.783203125
14.675	2.7783203125
14.676	2.783203125
14.677	2.783203125
14.678	2.783203125
14.679	2.783203125
14.68	2.783203125
14.681	2.783203125
14.682	2.783203125
14.683	2.783203125
14.684	2.7783203125
14.685	2.783203125
14.686	2.783203125
14.687	2.7783203125
14.688	2.7783203125
14.689	2.783203125
14.69	2.7734375
14.691	2.7783203125
14.692	2.7880859375
14.693	2.7880859375
14.694	2.7880859375
14.695	2.783203125
14.696	2.7880859375
14.697	2.7880859375
14.698	2.7783203125
14.699	2.783203125
14.7	2.783203125
14.701	2.7880859375
14.702	2.7880859375
14.703	2.7880859375
14.704	2.783203125
14.705	2.7880859375
14.706	2.783203125
14.707004	2.783203125
14.708	2.7880859375
14.709004	2.7880859375
14.710004	2.783203125
14.711004	2.79296875
14.712004	2.7880859375
14.713004	2.7880859375
14.714	2.783203125
14.715	2.7880859375
14.716	2.7880859375
14.717	2.783203125
14.718	2.783203125
14.719	2.7880859375
14.72	2.783203125
14.721	2.7783203125
14.722	2.783203125
14.723	2.783203125
14.724	2.783203125
14.725	2.783203125
14.726	2.7880859375
14.727	2.7880859375
14.728	2.783203125
14.729	2.7734375
14.73	2.7783203125
14.731	2.783203125
14.732	2.783203125
14.733	2.7783203125
14.734	2.783203125
14.735	2.7783203125
14.736	2.7880859375
14.737	2.783203125
14.738	2.7734375
14.739	2.783203125
14.74	2.783203125
14.741	2.783203125
14.742	2.7783203125
14.743	2.7880859375
14.744	2.783203125
14.745	2.7783203125
14.746	2.783203125
14.747	2.783203125
14.748	2.783203125
14.749	2.7880859375
14.749996	2.783203125
14.751004	2.783203125
14.752004	2.7880859375
14.753004	2.783203125
14.754004	2.783203125
14.755004	2.7880859375
14.756004	2.783203125
14.757	2.7880859375
14.758	2.7880859375
14.759	2.7880859375
14.76	2.783203125
14.761	2.7880859375
14.762	2.7880859375
14.763	2.7880859375
14.764	2.7880859375
14.765	2.7880859375
14.766	2.7880859375
14.767	2.7880859375
14.768	2.783203125
14.769	2.7880859375
14.77	2.7880859375
14.771	2.783203125
14.772	2.783203125
14.773	2.783203125
14.774	2.7783203125
14.775	2.783203125
14.776	2.7783203125
14.777	2.783203125
14.778	2.783203125
14.779	2.7783203125
14.78	2.7783203125
14.781	2.783203125
14.782	2.783203125
14.783	2.783203125
14.784	2.7783203125
14.785	2.783203125
14.786	2.783203125
14.787	2.7734375
14.788	2.7783203125
14.789	2.783203125
14.79	2.783203125
14.791	2.783203125
14.791996	2.7783203125
14.793004	2.7783203125
14.794	2.7783203125
14.795004	2.783203125
14.796004	2.7783203125
14.797004	2.7783203125
14.798004	2.7783203125
14.799	2.7783203125
14.8	2.7734375
14.801	2.7783203125
14.802	2.783203125
14.803	2.783203125
14.804	2.783203125
14.805	2.783203125
14.806	2.7880859375
14.807	2.783203125
14.808	2.783203125
14.809	2.7880859375
14.81	2.7880859375
14.811	2.783203125
14.812	2.79296875
14.813	2.783203125
14.814	2.7880859375
14.815	2.79296875
14.816	2.7880859375
14.817	2.7880859375
14.818	2.79296875
14.819	2.783203125
14.82	2.79296875
14.821	2.7880859375
14.822	2.7880859375
14.823	2.7880859375
14.824	2.783203125
14.825	2.7880859375
14.826	2.783203125
14.827	2.7880859375
14.828	2.783203125
14.829	2.783203125
14.83	2.7880859375
14.831	2.783203125
14.832	2.783203125
14.833	2.783203125
14.834	2.7783203125
14.835004	2.783203125
14.836	2.783203125
14.837004	2.7783203125
14.838004	2.783203125
14.839004	2.7783203125
14.840004	2.7783203125
14.841004	2.783203125
14.842	2.7783203125
14.843	2.7734375
14.844	2.7734375
14.845	2.783203125
14.846	2.783203125
14.847	2.7783203125
14.848	2.7734375
14.849	2.7783203125
14.85	2.783203125
14.851	2.783203125
14.852	2.7783203125
14.853	2.7734375
14.854	2.7783203125
14.855	2.783203125
14.856	2.783203125
14.857	2.7783203125
14.858	2.783203125
14.859	2.783203125
14.86	2.783203125
14.861	2.7880859375
14.862	2.7880859375
14.863	2.7880859375
14.864	2.783203125
14.865	2.7783203125
14.866	2.7880859375
14.867	2.7880859375
14.868	2.783203125
14.869	2.7880859375
14.87	2.7880859375
14.871	2.79296875
14.872	2.7880859375
14.873	2.79296875
14.874	2.783203125
14.875	2.783203125
14.876	2.79296875
14.877	2.79296875
14.877996	2.7880859375
14.879004	2.7880859375
14.880004	2.7880859375
14.881004	2.783203125
14.882004	2.7880859375
14.883004	2.783203125
14.884004	2.7880859375
14.885	2.7880859375
14.886	2.783203125
14.887	2.7880859375
14.888	2.7880859375
14.889	2.7880859375
14.89	2.7783203125
14.891	2.783203125
14.892	2.783203125
14.893	2.783203125
14.894	2.7783203125
14.895	2.7783203125
14.896	2.783203125
14.897	2.7783203125
14.898	2.783203125
14.899	2.783203125
14.9	2.7783203125
14.901	2.783203125
14.902	2.7783203125
14.903	2.7783203125
14.904	2.7783203125
14.905	2.7783203125
14.906	2.783203125
14.907	2.783203125
14.908	2.783203125
14.909	2.783203125
14.91	2.783203125
14.911	2.7783203125
14.912	2.7783203125
14.913	2.7880859375
14.914	2.783203125
14.915	2.783203125
14.916	2.783203125
14.917	2.783203125
14.918	2.7880859375
14.919	2.7880859375
14.919996	2.783203125
14.921004	2.783203125
14.922	2.783203125
14.923004	2.783203125
14.924004	2.783203125
14.925004	2.7880859375
14.926004	2.79296875
14.927	2.783203125
14.928	2.783203125
14.929	2.783203125
14.93	2.7880859375
14.931	2.7783203125
14.932	2.7880859375
14.933	2.7783203125
14.934	2.7880859375
14.935	2.783203125
14.936	2.7880859375
14.937	2.7880859375
14.938	2.79296875
14.939	2.783203125
14.94	2.7880859375
14.941	2.783203125
14.942	2.7880859375
14.943	2.7880859375
14.944	2.79296875
14.945	2.7880859375
14.946	2.783203125
14.947	2.7880859375
14.948	2.783203125
14.949	2.7783203125
14.95	2.783203125
14.951	2.7783203125
14.952	2.7783203125
14.953	2.7783203125
14.954	2.7783203125
14.955	2.783203125
14.956	2.783203125
14.957	2.7783203125
14.958	2.7685546875
14.959	2.7783203125
14.96	2.7783203125
14.961	2.7783203125
14.962	2.7734375
14.963004	2.783203125
14.964	2.7783203125
14.965004	2.783203125
14.966004	2.7783203125
14.967004	2.783203125
14.968004	2.783203125
14.969004	2.7880859375
14.97	2.783203125
14.971	2.7783203125
14.972	2.7783203125
14.973	2.7880859375
14.974	2.7783203125
14.975	2.7880859375
14.976	2.783203125
14.977	2.79296875
14.978	2.7880859375
14.979	2.7880859375
14.98	2.7880859375
14.981	2.7783203125
14.982	2.7880859375
14.983	2.7880859375
14.984	2.783203125
14.985	2.7880859375
14.986	2.783203125
14.987	2.79296875
14.988	2.7880859375
14.989	2.783203125
14.99	2.783203125
14.991	2.7880859375
14.992	2.7783203125
14.993	2.7880859375
14.994	2.7880859375
14.995	2.783203125
14.996	2.7783203125
14.997	2.783203125
14.998	2.783203125
14.999	2.7880859375
15.0	2.783203125
15.001	2.7880859375
15.002	2.783203125
15.003	2.783203125
15.004	2.7783203125
15.005	2.783203125
15.005996	2.783203125
15.007004	2.783203125
15.008004	2.783203125
15.009004	2.7783203125
15.010004	2.7783203125
15.011004	2.7783203125
15.012004	2.7783203125
15.013	2.7734375
15.014	2.7783203125
15.015	2.783203125
15.016	2.783203125
15.017	2.783203125
15.018	2.783203125
15.019	2.783203125
15.02	2.783203125
15.021	2.7783203125
15.022	2.783203125
15.023	2.7783203125
15.024	2.7783203125
15.025	2.783203125
15.026	2.7734375
15.027	2.7783203125
15.028	2.7783203125
15.029	2.7880859375
15.03	2.783203125
15.031	2.783203125
15.032	2.783203125
15.033	2.7880859375
15.034	2.7880859375
15.035	2.7880859375
15.036	2.7783203125
15.037	2.783203125
15.038	2.783203125
15.039	2.783203125
15.04	2.7880859375
15.041	2.79296875
15.042	2.7880859375
15.043	2.783203125
15.044	2.7880859375
15.045	2.7880859375
15.046	2.7880859375
15.047	2.7880859375
15.047996	2.7880859375
15.049004	2.7880859375
15.05	2.783203125
15.051004	2.7880859375
15.052004	2.7783203125
15.053004	2.7880859375
15.054004	2.783203125
15.055	2.7783203125
15.056	2.7880859375
15.057	2.7880859375
15.058	2.7783203125
15.059	2.783203125
15.06	2.7783203125
15.061	2.783203125
15.062	2.7880859375
15.063	2.783203125
15.064	2.783203125
15.065	2.783203125
15.066	2.7783203125
15.067	2.783203125
15.068	2.7783203125
15.069	2.783203125
15.07	2.7783203125
15.071	2.7734375
15.072	2.783203125
15.073	2.7783203125
15.074	2.783203125
15.075	2.7783203125
15.076	2.783203125
15.077	2.783203125
15.078	2.783203125
15.079	2.783203125
15.08	2.783203125
15.081	2.783203125
15.082	2.7783203125
15.083	2.783203125
15.084	2.79296875
15.085	2.79296875
15.086	2.7783203125
15.087	2.783203125
15.088	2.783203125
15.089	2.79296875
15.09	2.783203125
15.091004	2.7880859375
15.092	2.7783203125
15.093004	2.783203125
15.094004	2.7880859375
15.095004	2.79296875
15.096004	2.7880859375
15.097004	2.783203125
15.098	2.783203125
15.099	2.79296875
15.1	2.783203125
15.101	2.7880859375
15.102	2.7880859375
15.103	2.783203125
15.104	2.7880859375
15.105	2.7880859375
15.106	2.7783203125
15.107	2.7783203125
15.108	2.7880859375
15.109	2.783203125
15.11	2.7783203125
15.111	2.7880859375
15.112	2.7880859375
15.113	2.783203125
15.114	2.783203125
15.115	2.7783203125
15.116	2.7880859375
15.117	2.783203125
15.118	2.7783203125
15.119	2.783203125
15.12	2.7783203125
15.121	2.783203125
15.122	2.7783203125
15.123	2.7783203125
15.124	2.783203125
15.125	2.7783203125
15.126	2.783203125
15.127	2.7783203125
15.128	2.783203125
15.129	2.783203125
15.13	2.783203125
15.131	2.7783203125
15.132	2.783203125
15.133	2.783203125
15.133996	2.783203125
15.135004	2.7880859375
15.136004	2.783203125
15.137004	2.7880859375
15.138004	2.783203125
15.139004	2.783203125
15.140004	2.783203125
15.141	2.783203125
15.142	2.7783203125
15.143	2.783203125
15.144	2.783203125
15.145	2.7880859375
15.146	2.7880859375
15.147	2.783203125
15.148	2.79296875
15.149	2.7880859375
15.15	2.7880859375
15.151	2.7880859375
15.152	2.7880859375
15.153	2.7880859375
15.154	2.79296875
15.155	2.7880859375
15.156	2.7880859375
15.157	2.7880859375
15.158	2.7880859375
15.159	2.783203125
15.16	2.79296875
15.161	2.7880859375
15.162	2.7880859375
15.163	2.7880859375
15.164	2.7880859375
15.165	2.783203125
15.166	2.783203125
15.167	2.783203125
15.168	2.7880859375
15.169	2.783203125
15.17	2.7880859375
15.171	2.783203125
15.172	2.7880859375
15.173	2.7880859375
15.174	2.783203125
15.175	2.783203125
15.175996	2.7783203125
15.177004	2.7783203125
15.178	2.783203125
15.179004	2.7783203125
15.180004	2.783203125
15.181004	2.7783203125
15.182004	2.7783203125
15.183	2.7783203125
15.184	2.7783203125
15.185	2.783203125
15.186	2.7783203125
15.187	2.7783203125
15.188	2.783203125
15.189	2.783203125
15.19	2.7783203125
15.191	2.7880859375
15.192	2.7783203125
15.193	2.783203125
15.194	2.783203125
15.195	2.783203125
15.196	2.783203125
15.197	2.7880859375
15.198	2.783203125
15.199	2.783203125
15.2	2.7880859375
15.201	2.783203125
15.202	2.783203125
15.203	2.783203125
15.204	2.7880859375
15.205	2.783203125
15.206	2.7783203125
15.207	2.7880859375
15.208	2.7880859375
15.209	2.7880859375
15.21	2.783203125
15.211	2.783203125
15.212	2.7880859375
15.213	2.7880859375
15.214	2.7880859375
15.215	2.79296875
15.216	2.7880859375
15.217	2.7880859375
15.218	2.7880859375
15.219004	2.7880859375
15.22	2.783203125
15.221004	2.783203125
15.222004	2.783203125
15.223004	2.7880859375
15.224004	2.7783203125
15.225004	2.783203125
15.226	2.783203125
15.227	2.783203125
15.228	2.79296875
15.229	2.7783203125
15.23	2.7783203125
15.231	2.783203125
15.232	2.7783203125
15.233	2.7783203125
15.234	2.7783203125
15.235	2.783203125
15.236	2.783203125
15.237	2.7783203125
15.238	2.7783203125
15.239	2.7783203125
15.24	2.7783203125
15.241	2.783203125
15.242	2.783203125
15.243	2.7734375
15.244	2.783203125
15.245	2.7880859375
15.246	2.783203125
15.247	2.7880859375
15.248	2.7783203125
15.249	2.7783203125
15.25	2.783203125
15.251	2.783203125
15.252	2.783203125
15.253	2.783203125
15.254	2.783203125
15.255	2.7880859375
15.256	2.7783203125
15.257	2.7880859375
15.258	2.7880859375
15.259	2.7880859375
15.26	2.783203125
15.261	2.7880859375
15.261996	2.783203125
15.263004	2.7880859375
15.264004	2.7880859375
15.265004	2.783203125
15.266004	2.783203125
15.267004	2.7880859375
15.268004	2.783203125
15.269	2.79296875
15.27	2.7880859375
15.271	2.7880859375
15.272	2.7880859375
15.273	2.783203125
15.274	2.783203125
15.275	2.7880859375
15.276	2.783203125
15.277	2.7783203125
15.278	2.783203125
15.279	2.7880859375
15.28	2.783203125
15.281	2.7783203125
15.282	2.783203125
15.283	2.7880859375
15.284	2.7880859375
15.285	2.7783203125
15.286	2.7783203125
15.287	2.7783203125
15.288	2.783203125
15.289	2.7783203125
15.29	2.7783203125
15.291	2.783203125
15.292	2.7783203125
15.293	2.7734375
15.294	2.7734375
15.295	2.7783203125
15.296	2.783203125
15.297	2.7734375
15.298	2.783203125
15.299	2.783203125
15.3	2.783203125
15.301	2.783203125
15.302	2.783203125
15.303	2.783203125
15.303996	2.783203125
15.305004	2.783203125
15.306	2.7880859375
15.307004	2.783203125
15.308004	2.7880859375
15.309004	2.7880859375
15.310004	2.783203125
15.311	2.7880859375
15.312	2.7880859375
15.313	2.783203125
15.314	2.7783203125
15.315	2.783203125
15.316	2.783203125
15.317	2.783203125
15.318	2.7880859375
15.319	2.7880859375
15.32	2.7880859375
15.321	2.7880859375
15.322	2.7880859375
15.323	2.7880859375
15.324	2.7880859375
15.325	2.7880859375
15.326	2.783203125
15.327	2.783203125
15.328	2.783203125
15.329	2.7880859375
15.33	2.783203125
15.331	2.7880859375
15.332	2.7880859375
15.333	2.783203125
15.334	2.7880859375
15.335	2.79296875
15.336	2.783203125
15.337	2.7783203125
15.338	2.783203125
15.339	2.783203125
15.34	2.7734375
15.341	2.783203125
15.342	2.783203125
15.343	2.783203125
15.344	2.7783203125
15.345	2.7783203125
15.346	2.7783203125
15.347004	2.783203125
15.348	2.7783203125
15.349004	2.783203125
15.350004	2.783203125
15.351004	2.7734375
15.352004	2.7783203125
15.353004	2.783203125
15.354	2.783203125
15.355	2.7783203125
15.356	2.783203125
15.357	2.7783203125
15.358	2.7783203125
15.359	2.783203125
15.36	2.783203125
15.361	2.7783203125
15.362	2.7783203125
15.363	2.7734375
15.364	2.783203125
15.365	2.783203125
15.366	2.783203125
15.367	2.7880859375
15.368	2.7783203125
15.369	2.7880859375
15.37	2.783203125
15.371	2.783203125
15.372	2.7880859375
15.373	2.7880859375
15.374	2.7880859375
15.375	2.7880859375
15.376	2.783203125
15.377	2.7880859375
15.378	2.783203125
15.379	2.7880859375
15.38	2.7783203125
15.381	2.7783203125
15.382	2.7783203125
15.383	2.7880859375
15.384	2.79296875
15.385	2.7880859375
15.386	2.7880859375
15.387	2.7880859375
15.388	2.783203125
15.389	2.7783203125
15.389996	2.7880859375
15.391004	2.783203125
15.392004	2.783203125
15.393004	2.7783203125
15.394004	2.7783203125
15.395004	2.7783203125
15.396004	2.7783203125
15.397	2.783203125
15.398	2.783203125
15.399	2.7783203125
15.4	2.7783203125
15.401	2.7783203125
15.402	2.783203125
15.403	2.7880859375
15.404	2.7783203125
15.405	2.7734375
15.406	2.7783203125
15.407	2.7783203125
15.408	2.7783203125
15.409	2.783203125
15.41	2.783203125
15.411	2.783203125
15.412	2.783203125
15.413	2.783203125
15.414	2.783203125
15.415	2.7783203125
15.416	2.783203125
15.417	2.7783203125
15.418	2.7880859375
15.419	2.783203125
15.42	2.783203125
15.421	2.783203125
15.422	2.7880859375
15.423	2.7783203125
15.424	2.7880859375
15.425	2.7880859375
15.426	2.783203125
15.427	2.7783203125
15.428	2.7880859375
15.429	2.7880859375
15.43	2.7880859375
15.431	2.783203125
15.431996	2.79296875
15.433004	2.7880859375
15.434	2.7880859375
15.435004	2.7880859375
15.436004	2.7880859375
15.437004	2.7783203125
15.438004	2.7880859375
15.439	2.783203125
15.44	2.7880859375
15.441	2.7880859375
15.442	2.7880859375
15.443	2.783203125
15.444	2.7783203125
15.445	2.783203125
15.446	2.7783203125
15.447	2.783203125
15.448	2.7783203125
15.449	2.7783203125
15.45	2.783203125
15.451	2.783203125
15.452	2.783203125
15.453	2.783203125
15.454	2.783203125
15.455	2.7783203125
15.456	2.783203125
15.457	2.7783203125
15.458	2.7880859375
15.459	2.783203125
15.46	2.783203125
15.461	2.7783203125
15.462	2.783203125
15.463	2.7734375
15.464	2.7783203125
15.465	2.7734375
15.466	2.7734375
15.467	2.783203125
15.468	2.783203125
15.469	2.783203125
15.47	2.783203125
15.471	2.783203125
15.472	2.7880859375
15.473	2.783203125
15.474	2.7783203125
15.475004	2.783203125
15.476	2.7880859375
15.477004	2.783203125
15.478004	2.7783203125
15.479004	2.783203125
15.480004	2.783203125
15.481004	2.7880859375
15.482	2.7783203125
15.483	2.7880859375
15.484	2.7880859375
15.485	2.7783203125
15.486	2.783203125
15.487	2.7880859375
15.488	2.7880859375
15.489	2.79296875
15.49	2.7880859375
15.491	2.7880859375
15.492	2.7880859375
15.493	2.7880859375
15.494	2.7880859375
15.495	2.783203125
15.496	2.79296875
15.497	2.783203125
15.498	2.7880859375
15.499	2.783203125
15.5	2.7734375
15.501	2.7734375
15.502	2.7880859375
15.503	2.7880859375
15.504	2.783203125
15.505	2.7783203125
15.506	2.783203125
15.507	2.783203125
15.508	2.783203125
15.509	2.7734375
15.51	2.7783203125
15.511	2.7880859375
15.512	2.7783203125
15.513	2.7734375
15.514	2.7783203125
15.515	2.783203125
15.516	2.7783203125
15.517	2.7783203125
15.517996	2.7783203125
15.519004	2.7783203125
15.520004	2.7783203125
15.521004	2.7783203125
15.522004	2.7734375
15.523004	2.7783203125
15.524004	2.783203125
15.525	2.7880859375
15.526	2.7880859375
15.527	2.7783203125
15.528	2.783203125
15.529	2.783203125
15.53	2.783203125
15.531	2.7783203125
15.532	2.783203125
15.533	2.783203125
15.534	2.7783203125
15.535	2.783203125
15.536	2.7783203125
15.537	2.7783203125
15.538	2.7880859375
15.539	2.7783203125
15.54	2.7880859375
15.541	2.783203125
15.542	2.783203125
15.543	2.7880859375
15.544	2.7880859375
15.545	2.783203125
15.546	2.7880859375
15.547	2.783203125
15.548	2.783203125
15.549	2.7880859375
15.55	2.7880859375
15.551	2.7880859375
15.552	2.783203125
15.553	2.783203125
15.554	2.783203125
15.555	2.783203125
15.556	2.783203125
15.557	2.7783203125
15.558	2.783203125
15.559	2.783203125
15.559996	2.7880859375
15.561004	2.7783203125
15.562	2.7783203125
15.563004	2.7783203125
15.564004	2.783203125
15.565004	2.7783203125
15.566004	2.783203125
15.567	2.783203125
15.568	2.7783203125
15.569	2.783203125
15.57	2.7783203125
15.571	2.783203125
15.572	2.783203125
15.573	2.7880859375
15.574	2.7783203125
15.575	2.7783203125
15.576	2.7783203125
15.577	2.783203125
15.578	2.783203125
15.579	2.7880859375
15.58	2.7734375
15.581	2.783203125
15.582	2.7880859375
15.583	2.7783203125
15.584	2.7880859375
15.585	2.783203125
15.586	2.7783203125
15.587	2.783203125
15.588	2.7880859375
15.589	2.7880859375
15.59	2.783203125
15.591	2.783203125
15.592	2.783203125
15.593	2.7880859375
15.594	2.7880859375
15.595	2.7880859375
15.596	2.7880859375
15.597	2.7880859375
15.598	2.7880859375
15.599	2.7880859375
15.6	2.783203125
15.601	2.783203125
15.602	2.783203125
15.603004	2.7783203125
15.604	2.783203125
15.605004	2.79296875
15.606004	2.7880859375
15.607004	2.79296875
15.608004	2.7880859375
15.609004	2.7880859375
15.61	2.783203125
15.611	2.7880859375
15.612	2.7783203125
