Channel Accuracy: 10 Bits
Measurement Range 0...5V --> Resolution: 5V/2^10 = 4.9mV
Measured Single Channel at a Frequency of 1000 Hz
Time (s)	Voltage (V)
0	2.4560546875
0.000996	2.4609375
0.002	2.4560546875
0.003	2.4609375
0.004	2.451171875
0.005	2.4609375
0.006	2.4609375
0.007	2.4609375
0.008	2.4658203125
0.009	2.4560546875
0.01	2.4609375
0.011	2.4560546875
0.012	2.4609375
0.013	2.4560546875
0.014	2.451171875
0.015	2.4609375
0.016	2.4560546875
0.017	2.4609375
0.018	2.4609375
0.019	2.4609375
0.02	2.4609375
0.021	2.451171875
0.022	2.4609375
0.023	2.4560546875
0.024	2.451171875
0.025	2.4609375
0.026	2.4609375
0.027	2.4609375
0.028	2.4609375
0.029	2.4560546875
0.030004	2.4609375
0.031	2.4560546875
0.032004	2.451171875
0.033004	2.4609375
0.034004	2.451171875
0.035004	2.4560546875
0.036004	2.4609375
0.037	2.4609375
0.038	2.4609375
0.039	2.4609375
0.04	2.4609375
0.041	2.4560546875
0.042	2.4609375
0.043	2.4609375
0.044	2.4609375
0.045	2.4560546875
0.046	2.4609375
0.047	2.4560546875
0.048	2.4609375
0.049	2.4560546875
0.05	2.4560546875
0.051	2.4609375
0.052	2.4609375
0.053	2.4609375
0.054	2.4609375
0.055	2.4560546875
0.056	2.4609375
0.057	2.4609375
0.058	2.4609375
0.059	2.4560546875
0.06	2.4560546875
0.061	2.4560546875
0.062	2.4560546875
0.063	2.4560546875
0.064	2.4609375
0.065	2.4560546875
0.066	2.4609375
0.067	2.4560546875
0.068	2.4609375
0.069	2.4609375
0.07	2.4609375
0.071	2.4609375
0.072	2.4609375
0.072996	2.4609375
0.074004	2.4609375
0.075004	2.4560546875
0.076004	2.4560546875
0.077004	2.4560546875
0.078004	2.4609375
0.079004	2.4560546875
0.08	2.4609375
0.081	2.4609375
0.082	2.451171875
0.083	2.451171875
0.084	2.4609375
0.085	2.4560546875
0.086	2.4609375
0.087	2.4560546875
0.088	2.4609375
0.089	2.4609375
0.09	2.4609375
0.091	2.4560546875
0.092	2.4560546875
0.093	2.4560546875
0.094	2.4560546875
0.095	2.4560546875
0.096	2.4609375
0.097	2.4560546875
0.098	2.4560546875
0.099	2.4560546875
0.1	2.4560546875
0.101	2.4560546875
0.102	2.4609375
0.103	2.4609375
0.104	2.4560546875
0.105	2.4560546875
0.106	2.4658203125
0.107	2.4609375
0.108	2.4658203125
0.109	2.4609375
0.11	2.4609375
0.111	2.4658203125
0.112	2.4609375
0.113	2.4609375
0.114	2.4609375
0.115008	2.4560546875
0.116	2.4609375
0.117004	2.4609375
0.118004	2.4609375
0.119004	2.4560546875
0.120004	2.4609375
0.121004	2.4609375
0.122	2.4658203125
0.123	2.4560546875
0.124	2.4609375
0.125	2.4560546875
0.126	2.4658203125
0.127	2.4560546875
0.128	2.4609375
0.129	2.4658203125
0.13	2.4609375
0.131	2.4658203125
0.132	2.4609375
0.133	2.4658203125
0.134	2.4560546875
0.135	2.4560546875
0.136	2.4609375
0.137	2.4658203125
0.138	2.4609375
0.139	2.4609375
0.14	2.4560546875
0.141	2.4609375
0.142	2.4560546875
0.143	2.4609375
0.144	2.4560546875
0.145	2.4609375
0.146	2.4560546875
0.147	2.4609375
0.148	2.4560546875
0.149	2.4560546875
0.15	2.4609375
0.151	2.4609375
0.152	2.4609375
0.153	2.4609375
0.154	2.4609375
0.155	2.4560546875
0.156	2.4560546875
0.157	2.4609375
0.158004	2.451171875
0.159	2.4609375
0.160004	2.4609375
0.161004	2.4560546875
0.162004	2.4560546875
0.163004	2.4609375
0.164004	2.4609375
0.165	2.4609375
0.166	2.4609375
0.167	2.451171875
0.168	2.4560546875
0.169	2.4609375
0.17	2.4609375
0.171	2.4609375
0.172	2.4560546875
0.173	2.4609375
0.174	2.4609375
0.175	2.4560546875
0.176	2.4609375
0.177	2.4560546875
0.178	2.4609375
0.179	2.4609375
0.18	2.4560546875
0.181	2.4560546875
0.182	2.4609375
0.183	2.4560546875
0.184	2.4609375
0.185	2.4560546875
0.186	2.4560546875
0.187	2.4560546875
0.188	2.4609375
0.189	2.4560546875
0.19	2.4560546875
0.191	2.451171875
0.192	2.4609375
0.193	2.4560546875
0.194	2.4609375
0.195	2.4609375
0.196	2.4560546875
0.197	2.4609375
0.198	2.4560546875
0.199	2.451171875
0.2	2.4560546875
0.200996	2.4609375
0.202004	2.4560546875
0.203004	2.4560546875
0.204004	2.4609375
0.205004	2.4609375
0.206004	2.4560546875
0.207004	2.4560546875
0.208	2.4609375
0.209	2.4560546875
0.21	2.4560546875
0.211	2.4560546875
0.212	2.451171875
0.213	2.4609375
0.214	2.4609375
0.215	2.4609375
0.216	2.451171875
0.217	2.470703125
0.218	2.4609375
0.219	2.4609375
0.22	2.4609375
0.221	2.4560546875
0.222	2.451171875
0.223	2.4609375
0.224	2.4560546875
0.225	2.4609375
0.226	2.451171875
0.227	2.4609375
0.228	2.451171875
0.229	2.4560546875
0.23	2.4560546875
0.231	2.4609375
0.232	2.4658203125
0.233	2.4560546875
0.234	2.4609375
0.235	2.4658203125
0.236	2.4560546875
0.237	2.4609375
0.238	2.4609375
0.239	2.4560546875
0.24	2.4609375
0.241	2.4560546875
0.242	2.4658203125
0.242996	2.4609375
0.244004	2.4609375
0.245	2.4609375
0.246004	2.4560546875
0.247004	2.4560546875
0.248004	2.4609375
0.249004	2.451171875
0.25	2.4609375
0.251	2.4560546875
0.252	2.451171875
0.253	2.4560546875
0.254	2.4560546875
0.255	2.4609375
0.256	2.4609375
0.257	2.4609375
0.258	2.4658203125
0.259	2.4560546875
0.26	2.4609375
0.261	2.4560546875
0.262	2.4609375
0.263	2.4609375
0.264	2.4560546875
0.265	2.4609375
0.266	2.4609375
0.267	2.4658203125
0.268	2.4609375
0.269	2.4609375
0.27	2.4609375
0.271	2.4609375
0.272	2.4658203125
0.273	2.4609375
0.274	2.4560546875
0.275	2.4609375
0.276	2.4609375
0.277	2.4560546875
0.278	2.4609375
0.279	2.4560546875
0.28	2.4609375
0.281	2.4609375
0.282	2.4609375
0.283	2.4609375
0.284	2.4609375
0.285	2.4658203125
0.286004	2.4609375
0.287	2.451171875
0.288004	2.4609375
0.289004	2.4560546875
0.290004	2.4658203125
0.291004	2.4609375
0.292004	2.4609375
0.293	2.4609375
0.294	2.4658203125
0.295	2.4609375
0.296	2.4609375
0.297	2.4609375
0.298	2.4560546875
0.299	2.4560546875
0.3	2.4609375
0.301	2.4658203125
0.302	2.4609375
0.303	2.4609375
0.304	2.4609375
0.305	2.4609375
0.306	2.4609375
0.307	2.4609375
0.308	2.4609375
0.309	2.4560546875
0.31	2.4609375
0.311	2.4560546875
0.312	2.4609375
0.313	2.4609375
0.314	2.4560546875
0.315	2.4658203125
0.316	2.4609375
0.317	2.4658203125
0.318	2.4560546875
0.319	2.4609375
0.32	2.4560546875
0.321	2.4609375
0.322	2.4609375
0.323	2.4560546875
0.324	2.451171875
0.325	2.4658203125
0.326	2.4609375
0.327	2.4609375
0.328	2.4609375
0.328996	2.4560546875
0.330004	2.4609375
0.331004	2.4560546875
0.332004	2.4609375
0.333004	2.4609375
0.334004	2.4560546875
0.335004	2.4609375
0.336	2.451171875
0.337	2.4560546875
0.338	2.4560546875
0.339	2.4560546875
0.34	2.4560546875
0.341	2.4560546875
0.342	2.4609375
0.343	2.451171875
0.344	2.451171875
0.345	2.4560546875
0.346	2.4560546875
0.347	2.4609375
0.348	2.4560546875
0.349	2.4609375
0.35	2.4560546875
0.351	2.4609375
0.352	2.4609375
0.353	2.4609375
0.354	2.4560546875
0.355	2.4658203125
0.356	2.4560546875
0.357	2.4560546875
0.358	2.4560546875
0.359	2.4560546875
0.36	2.4609375
0.361	2.4560546875
0.362	2.4560546875
0.363	2.4560546875
0.364	2.4658203125
0.365	2.4609375
0.366	2.451171875
0.367	2.4658203125
0.368	2.4609375
0.369	2.4560546875
0.37	2.4609375
0.370996	2.4609375
0.372004	2.4609375
0.373	2.451171875
0.374004	2.4609375
0.375004	2.4609375
0.376004	2.4609375
0.377004	2.4609375
0.378	2.4609375
0.379	2.4609375
0.38	2.4609375
0.381	2.4560546875
0.382	2.4609375
0.383	2.4560546875
0.384	2.451171875
0.385	2.4560546875
0.386	2.4560546875
0.387	2.4609375
0.388	2.4560546875
0.389	2.4609375
0.39	2.4609375
0.391	2.4658203125
0.392	2.4560546875
0.393	2.4609375
0.394	2.4609375
0.395	2.4560546875
0.396	2.4658203125
0.397	2.4658203125
0.398	2.4609375
0.399	2.4560546875
0.4	2.4609375
0.401	2.4609375
0.402	2.4609375
0.403	2.4609375
0.404	2.4658203125
0.405	2.4560546875
0.406	2.4609375
0.407	2.4609375
0.408	2.4560546875
0.409	2.4658203125
0.41	2.4609375
0.411	2.4658203125
0.412	2.4560546875
0.413	2.4609375
0.414004	2.4609375
0.415	2.4560546875
0.416004	2.4609375
0.417004	2.4658203125
0.418004	2.4658203125
0.419004	2.4658203125
0.420004	2.4658203125
0.421	2.4658203125
0.422	2.4560546875
0.423	2.4658203125
0.424	2.4658203125
0.425	2.4658203125
0.426	2.4658203125
0.427	2.470703125
0.428	2.4609375
0.429	2.4609375
0.43	2.4658203125
0.431	2.4609375
0.432	2.4658203125
0.433	2.4609375
0.434	2.4609375
0.435	2.470703125
0.436	2.470703125
0.437	2.4658203125
0.438	2.470703125
0.439	2.4658203125
0.44	2.4755859375
0.441	2.470703125
0.442	2.470703125
0.443	2.470703125
0.444	2.4658203125
0.445	2.4755859375
0.446	2.470703125
0.447	2.4755859375
0.448	2.48046875
0.449	2.48046875
0.45	2.4755859375
0.451	2.48046875
0.452	2.48046875
0.453	2.4853515625
0.454	2.4951171875
0.455	2.490234375
0.456	2.4853515625
0.456996	2.4951171875
0.458004	2.5
0.459004	2.5048828125
0.460004	2.5146484375
0.461004	2.5146484375
0.462004	2.509765625
0.463004	2.51953125
0.464	2.51953125
0.465	2.529296875
0.466	2.529296875
0.467	2.529296875
0.468	2.5341796875
0.469	2.5341796875
0.47	2.5390625
0.471	2.5390625
0.472	2.548828125
0.473	2.548828125
0.474	2.548828125
0.475	2.5537109375
0.476	2.5537109375
0.477	2.55859375
0.478	2.578125
0.479	2.5927734375
0.48	2.6025390625
0.481	2.6220703125
0.482	2.6513671875
0.483	2.685546875
0.484	2.7001953125
0.485	2.734375
0.486	2.7734375
0.487	2.8076171875
0.488	2.8466796875
0.489	2.8662109375
0.49	2.8955078125
0.491	2.9296875
0.492	2.94921875
0.493	2.9736328125
0.494	2.998046875
0.495	3.0078125
0.496	3.017578125
0.497	3.0126953125
0.498	3.0078125
0.498996	2.998046875
0.500004	2.98828125
0.501	2.9833984375
0.502004	2.94921875
0.503004	2.919921875
0.504004	2.890625
0.505004	2.861328125
0.506	2.8271484375
0.507	2.7978515625
0.508	2.7734375
0.509	2.734375
0.51	2.705078125
0.511	2.6904296875
0.512	2.626953125
0.513	2.607421875
0.514	2.6025390625
0.515	2.6025390625
0.516	2.5927734375
0.517	2.5732421875
0.518	2.568359375
0.519	2.578125
0.52	2.587890625
0.521	2.59765625
0.522	2.59765625
0.523	2.607421875
0.524	2.6220703125
0.525	2.6513671875
0.526	2.685546875
0.527	2.7099609375
0.528	2.763671875
0.529	2.7880859375
0.53	2.8125
0.531	2.8466796875
0.532	2.8662109375
0.533	2.900390625
0.534	2.9345703125
0.535	2.9541015625
0.536	2.978515625
0.537	2.98828125
0.538	3.0029296875
0.539	2.9931640625
0.54	3.0078125
0.541	2.998046875
0.542004	2.998046875
0.543	2.9833984375
0.544004	2.9638671875
0.545004	2.9345703125
0.546004	2.9052734375
0.547004	2.8759765625
0.548004	2.8515625
0.549	2.822265625
0.55	2.783203125
0.551	2.7783203125
0.552	2.7197265625
0.553	2.6953125
0.554	2.67578125
0.555	2.6318359375
0.556	2.6123046875
0.557	2.6025390625
0.558	2.607421875
0.559	2.5927734375
0.56	2.587890625
0.561	2.587890625
0.562	2.587890625
0.563	2.5927734375
0.564	2.607421875
0.565	2.6025390625
0.566	2.6123046875
0.567	2.626953125
0.568	2.6904296875
0.569	2.7001953125
0.57	2.734375
0.571	2.763671875
0.572	2.7880859375
0.573	2.802734375
0.574	2.8564453125
0.575	2.880859375
0.576	2.8955078125
0.577	2.939453125
0.578	2.9541015625
0.579	2.96875
0.58	2.98828125
0.581	2.98828125
0.582	3.0029296875
0.583	3.0029296875
0.584	2.98828125
0.584996	2.9833984375
0.586004	2.96875
0.587004	2.94921875
0.588004	2.9248046875
0.589004	2.8955078125
0.590004	2.880859375
0.591004	2.8564453125
0.592	2.802734375
0.593	2.783203125
0.594	2.7587890625
0.595	2.7197265625
0.596	2.6953125
0.597	2.685546875
0.598	2.646484375
0.599	2.6123046875
0.6	2.607421875
0.601	2.607421875
0.602	2.59765625
0.603	2.59765625
0.604	2.59765625
0.605	2.6025390625
0.606	2.6025390625
0.607	2.59765625
0.608	2.6123046875
0.609	2.6220703125
0.61	2.6611328125
0.611	2.6953125
0.612	2.705078125
0.613	2.7294921875
0.614	2.7783203125
0.615	2.7978515625
0.616	2.83203125
0.617	2.8515625
0.618	2.8662109375
0.619	2.9150390625
0.62	2.9296875
0.621	2.94921875
0.622	2.9736328125
0.623	2.9833984375
0.624	2.98828125
0.625	2.98828125
0.626	2.9931640625
0.626996	2.9833984375
0.628004	2.96875
0.629	2.958984375
0.630004	2.9248046875
0.631004	2.9052734375
0.632004	2.8955078125
0.633004	2.8662109375
0.634	2.8271484375
0.635	2.7978515625
0.636	2.783203125
0.637	2.7587890625
0.638	2.724609375
0.639	2.6904296875
0.64	2.65625
0.641	2.6220703125
0.642	2.607421875
0.643	2.607421875
0.644	2.6025390625
0.645	2.6025390625
0.646	2.6025390625
0.647	2.6025390625
0.648	2.59765625
0.649	2.6025390625
0.65	2.6025390625
0.651	2.6123046875
0.652	2.626953125
0.653	2.666015625
0.654	2.6953125
0.655	2.7197265625
0.656	2.7587890625
0.657	2.783203125
0.658	2.79296875
0.659	2.83203125
0.66	2.8564453125
0.661	2.8857421875
0.662	2.91015625
0.663	2.9248046875
0.664	2.94921875
0.665	2.9541015625
0.666	2.9736328125
0.667	2.978515625
0.668	2.9833984375
0.669	2.9833984375
0.670004	2.9736328125
0.671	2.9638671875
0.672004	2.9443359375
0.673004	2.9248046875
0.674004	2.900390625
0.675004	2.880859375
0.676004	2.861328125
0.677	2.8271484375
0.678	2.79296875
0.679	2.7783203125
0.68	2.734375
0.681	2.705078125
0.682	2.6953125
0.683	2.666015625
0.684	2.6220703125
0.685	2.6123046875
0.686	2.6025390625
0.687	2.607421875
0.688	2.6025390625
0.689	2.59765625
0.69	2.6025390625
0.691	2.6025390625
0.692	2.6025390625
0.693	2.6123046875
0.694	2.6220703125
0.695	2.6416015625
0.696	2.6904296875
0.697	2.705078125
0.698	2.724609375
0.699	2.763671875
0.7	2.7880859375
0.701	2.79296875
0.702	2.8271484375
0.703	2.87109375
0.704	2.8955078125
0.705	2.91015625
0.706	2.9248046875
0.707	2.9345703125
0.708	2.9541015625
0.709	2.9638671875
0.71	2.9736328125
0.711	2.9638671875
0.712	2.96875
0.712996	2.958984375
0.714004	2.939453125
0.715004	2.9296875
0.716004	2.9052734375
0.717004	2.880859375
0.718004	2.87109375
0.719004	2.841796875
0.72	2.8076171875
0.721	2.783203125
0.722	2.7685546875
0.723	2.734375
0.724	2.705078125
0.725	2.6904296875
0.726	2.666015625
0.727	2.626953125
0.728	2.6171875
0.729	2.607421875
0.73	2.59765625
0.731	2.607421875
0.732	2.607421875
0.733	2.59765625
0.734	2.6025390625
0.735	2.6025390625
0.736	2.6220703125
0.737	2.6220703125
0.738	2.6708984375
0.739	2.6953125
0.74	2.7099609375
0.741	2.7392578125
0.742	2.763671875
0.743	2.783203125
0.744	2.7978515625
0.745	2.8466796875
0.746	2.8662109375
0.747	2.8857421875
0.748	2.900390625
0.749	2.9296875
0.75	2.939453125
0.751	2.958984375
0.752	2.958984375
0.753	2.9638671875
0.754	2.9638671875
0.754996	2.958984375
0.756004	2.9443359375
0.757	2.9345703125
0.758004	2.9248046875
0.759004	2.8955078125
0.760004	2.8759765625
0.761004	2.8564453125
0.762	2.8271484375
0.763	2.802734375
0.764	2.783203125
0.765	2.763671875
0.766	2.7294921875
0.767	2.705078125
0.768	2.685546875
0.769	2.6708984375
0.77	2.6318359375
0.771	2.6220703125
0.772	2.6123046875
0.773	2.6025390625
0.774	2.607421875
0.775	2.607421875
0.776	2.6025390625
0.777	2.6025390625
0.778	2.6123046875
0.779	2.6220703125
0.78	2.6513671875
0.781	2.685546875
0.782	2.6953125
0.783	2.7197265625
0.784	2.744140625
0.785	2.7734375
0.786	2.7880859375
0.787	2.822265625
0.788	2.8515625
0.789	2.87109375
0.79	2.8857421875
0.791	2.9052734375
0.792	2.9248046875
0.793	2.9443359375
0.794	2.9443359375
0.795	2.958984375
0.796	2.958984375
0.797	2.94921875
0.798004	2.94921875
0.799	2.9443359375
0.800004	2.919921875
0.801004	2.900390625
0.802004	2.890625
0.803004	2.87109375
0.804004	2.8564453125
0.805	2.8271484375
0.806	2.79296875
0.807	2.783203125
0.808	2.75390625
0.809	2.7197265625
0.81	2.7001953125
0.811	2.685546875
0.812	2.666015625
0.813	2.6318359375
0.814	2.6171875
0.815	2.607421875
0.816	2.607421875
0.817	2.6025390625
0.818	2.607421875
0.819	2.607421875
0.82	2.6171875
0.821	2.6220703125
0.822	2.626953125
0.823	2.6806640625
0.824	2.685546875
0.825	2.705078125
0.826	2.7294921875
0.827	2.75390625
0.828	2.7783203125
0.829	2.7978515625
0.83	2.8271484375
0.831	2.8564453125
0.832	2.87109375
0.833	2.890625
0.834	2.91015625
0.835	2.919921875
0.836	2.939453125
0.837	2.9443359375
0.838	2.94921875
0.839	2.94921875
0.84	2.939453125
0.840996	2.939453125
0.842004	2.9296875
0.843004	2.91015625
0.844004	2.9052734375
0.845004	2.8759765625
0.846004	2.8662109375
0.847004	2.8369140625
0.848	2.8125
0.849	2.7880859375
0.85	2.7783203125
0.851	2.744140625
0.852	2.71484375
0.853	2.6953125
0.854	2.685546875
0.855	2.6611328125
0.856	2.6318359375
0.857	2.6220703125
0.858	2.6123046875
0.859	2.607421875
0.86	2.607421875
0.861	2.6025390625
0.862	2.6123046875
0.863	2.6171875
0.864	2.6171875
0.865	2.6513671875
0.866	2.685546875
0.867	2.7001953125
0.868	2.7099609375
0.869	2.7392578125
0.87	2.7685546875
0.871	2.7880859375
0.872	2.7978515625
0.873	2.83203125
0.874	2.861328125
0.875	2.87109375
0.876	2.890625
0.877	2.91015625
0.878	2.9248046875
0.879	2.9248046875
0.88	2.939453125
0.881	2.939453125
0.882	2.9443359375
0.882996	2.9345703125
0.884004	2.9345703125
0.885	2.91015625
0.886004	2.9052734375
0.887004	2.8955078125
0.888004	2.87109375
0.889004	2.8564453125
0.89	2.822265625
0.891	2.7978515625
0.892	2.79296875
0.893	2.763671875
0.894	2.7294921875
0.895	2.705078125
0.896	2.7001953125
0.897	2.685546875
0.898	2.6611328125
0.899	2.63671875
0.9	2.6220703125
0.901	2.6123046875
0.902	2.6123046875
0.903	2.6123046875
0.904	2.6123046875
0.905	2.6171875
0.906	2.6220703125
0.907	2.6416015625
0.908	2.6708984375
0.909	2.6953125
0.91	2.705078125
0.911	2.71484375
0.912	2.7490234375
0.913	2.7685546875
0.914	2.7880859375
0.915	2.802734375
0.916	2.841796875
0.917	2.8564453125
0.918	2.8759765625
0.919	2.890625
0.92	2.91015625
0.921	2.919921875
0.922	2.9296875
0.923	2.9345703125
0.924	2.9345703125
0.925	2.9345703125
0.926004	2.9248046875
0.927	2.9248046875
0.928004	2.91015625
0.929004	2.900390625
0.930004	2.8857421875
0.931004	2.8662109375
0.932004	2.8369140625
0.933	2.8076171875
0.934	2.7978515625
0.935	2.783203125
0.936	2.763671875
0.937	2.744140625
0.938	2.705078125
0.939	2.6953125
0.94	2.6904296875
0.941	2.6611328125
0.942	2.63671875
0.943	2.6220703125
0.944	2.6220703125
0.945	2.6123046875
0.946	2.6220703125
0.947	2.6220703125
0.948	2.6171875
0.949	2.6220703125
0.95	2.6513671875
0.951	2.67578125
0.952	2.7001953125
0.953	2.71484375
0.954	2.7294921875
0.955	2.763671875
0.956	2.7734375
0.957	2.7880859375
0.958	2.822265625
0.959	2.8466796875
0.96	2.861328125
0.961	2.8759765625
0.962	2.8857421875
0.963	2.9052734375
0.964	2.91015625
0.965	2.9248046875
0.966	2.9345703125
0.967	2.9248046875
0.968	2.9248046875
0.968996	2.919921875
0.970004	2.91015625
0.971004	2.900390625
0.972004	2.8857421875
0.973004	2.8662109375
0.974004	2.8662109375
0.975004	2.8271484375
0.976	2.7978515625
0.977	2.7880859375
0.978	2.7734375
0.979	2.75390625
0.98	2.7294921875
0.981	2.705078125
0.982	2.7001953125
0.983	2.685546875
0.984	2.666015625
0.985	2.63671875
0.986	2.6220703125
0.987	2.6220703125
0.988	2.6220703125
0.989	2.6220703125
0.99	2.6220703125
0.991	2.6318359375
0.992	2.6513671875
0.993	2.67578125
0.994	2.6806640625
0.995	2.6904296875
0.996	2.724609375
0.997	2.7392578125
0.998	2.7685546875
0.999	2.7880859375
1.0	2.79296875
1.001	2.8173828125
1.002	2.8515625
1.003	2.8662109375
1.004	2.8759765625
1.005	2.8955078125
1.006	2.900390625
1.007	2.91015625
1.008	2.919921875
1.009	2.9296875
1.01	2.919921875
1.010996	2.919921875
1.012004	2.91015625
1.013	2.9052734375
1.014004	2.890625
1.015004	2.8759765625
1.016004	2.87109375
1.017004	2.8515625
1.018	2.83203125
1.019	2.7978515625
1.02	2.7880859375
1.021	2.763671875
1.022	2.744140625
1.023	2.7197265625
1.024	2.7001953125
1.025	2.6904296875
1.026	2.67578125
1.027	2.666015625
1.028	2.6416015625
1.029	2.6220703125
1.03	2.6220703125
1.031	2.626953125
1.032	2.6171875
1.033	2.6318359375
1.034	2.646484375
1.035	2.6611328125
1.036	2.6806640625
1.037	2.6953125
1.038	2.7001953125
1.039	2.7197265625
1.04	2.763671875
1.041	2.7783203125
1.042	2.7783203125
1.043	2.79296875
1.044	2.8271484375
1.045	2.8466796875
1.046	2.87109375
1.047	2.87109375
1.048	2.8955078125
1.049	2.91015625
1.05	2.91015625
1.051	2.91015625
1.052	2.919921875
1.053	2.9248046875
1.054004	2.9150390625
1.055	2.9052734375
1.056004	2.890625
1.057004	2.8857421875
1.058004	2.87109375
1.059004	2.861328125
1.060004	2.8369140625
1.061	2.8173828125
1.062	2.79296875
1.063	2.783203125
1.064	2.75390625
1.065	2.734375
1.066	2.7197265625
1.067	2.6953125
1.068	2.6904296875
1.069	2.685546875
1.07	2.666015625
1.071	2.6416015625
1.072	2.6318359375
1.073	2.6318359375
1.074	2.626953125
1.075	2.63671875
1.076	2.646484375
1.077	2.6611328125
1.078	2.685546875
1.079	2.685546875
1.08	2.6953125
1.081	2.71484375
1.082	2.734375
1.083	2.75390625
1.084	2.783203125
1.085	2.79296875
1.086	2.8076171875
1.087	2.8271484375
1.088	2.8515625
1.089	2.87109375
1.09	2.880859375
1.091	2.900390625
1.092	2.900390625
1.093	2.91015625
1.094	2.91015625
1.095	2.91015625
1.096	2.91015625
1.096996	2.91015625
1.098004	2.8955078125
1.099004	2.890625
1.100004	2.87109375
1.101004	2.861328125
1.102004	2.8515625
1.103004	2.83203125
1.104	2.7978515625
1.105	2.7880859375
1.106	2.7783203125
1.107	2.763671875
1.108	2.734375
1.109	2.71484375
1.11	2.6953125
1.111	2.685546875
1.112	2.6806640625
1.113	2.666015625
1.114	2.65625
1.115	2.646484375
1.116	2.6416015625
1.117	2.6416015625
1.118	2.646484375
1.119	2.6611328125
1.12	2.67578125
1.121	2.6904296875
1.122	2.6953125
1.123	2.7001953125
1.124	2.71484375
1.125	2.744140625
1.126	2.7685546875
1.127	2.7783203125
1.128	2.7880859375
1.129	2.802734375
1.13	2.8369140625
1.131	2.861328125
1.132	2.8662109375
1.133	2.8759765625
1.134	2.890625
1.135	2.900390625
1.136	2.900390625
1.137	2.91015625
1.138	2.9052734375
1.138996	2.900390625
1.140004	2.8955078125
1.141	2.890625
1.142004	2.8857421875
1.143004	2.8759765625
1.144004	2.8564453125
1.145004	2.841796875
1.146	2.822265625
1.147	2.7978515625
1.148	2.7880859375
1.149	2.7783203125
1.15	2.7490234375
1.151	2.724609375
1.152	2.7099609375
1.153	2.6953125
1.154	2.6904296875
1.155	2.685546875
1.156	2.6708984375
1.157	2.65625
1.158	2.646484375
1.159	2.646484375
1.16	2.6513671875
1.161	2.6513671875
1.162	2.666015625
1.163	2.685546875
1.164	2.6904296875
1.165	2.7001953125
1.166	2.71484375
1.167	2.734375
1.168	2.75390625
1.169	2.7685546875
1.17	2.7880859375
1.171	2.7978515625
1.172	2.8271484375
1.173	2.83203125
1.174	2.8564453125
1.175	2.8759765625
1.176	2.8857421875
1.177	2.890625
1.178	2.8955078125
1.179	2.900390625
1.18	2.9052734375
1.181	2.91015625
1.182004	2.8955078125
1.183	2.8955078125
1.184004	2.880859375
1.185004	2.87109375
1.186004	2.861328125
1.187004	2.8515625
1.188004	2.83203125
1.189	2.8125
1.19	2.7978515625
1.191	2.783203125
1.192	2.7587890625
1.193	2.744140625
1.194	2.724609375
1.195	2.7001953125
1.196	2.7001953125
1.197	2.6953125
1.198	2.67578125
1.199	2.6708984375
1.2	2.6611328125
1.201	2.6513671875
1.202	2.6611328125
1.203	2.65625
1.204	2.67578125
1.205	2.67578125
1.206	2.6806640625
1.207	2.6953125
1.208	2.705078125
1.209	2.724609375
1.21	2.734375
1.211	2.7587890625
1.212	2.7783203125
1.213	2.79296875
1.214	2.802734375
1.215	2.822265625
1.216	2.8369140625
1.217	2.8564453125
1.218	2.8759765625
1.219	2.880859375
1.22	2.890625
1.221	2.890625
1.222	2.900390625
1.223	2.900390625
1.224	2.8955078125
1.224996	2.900390625
1.226004	2.890625
1.227004	2.8759765625
1.228004	2.87109375
1.229004	2.8564453125
1.230004	2.841796875
1.231004	2.822265625
1.232	2.79296875
1.233	2.7880859375
1.234	2.7783203125
1.235	2.7587890625
1.236	2.7392578125
1.237	2.724609375
1.238	2.705078125
1.239	2.6953125
1.24	2.6904296875
1.241	2.6806640625
1.242	2.67578125
1.243	2.6611328125
1.244	2.65625
1.245	2.666015625
1.246	2.6611328125
1.247	2.6806640625
1.248	2.685546875
1.249	2.6904296875
1.25	2.7001953125
1.251	2.7099609375
1.252	2.7294921875
1.253	2.7490234375
1.254	2.7685546875
1.255	2.7880859375
1.256	2.7978515625
1.257	2.8076171875
1.258	2.8271484375
1.259	2.841796875
1.26	2.861328125
1.261	2.8662109375
1.262	2.880859375
1.263	2.8955078125
1.264	2.8955078125
1.265	2.890625
1.266	2.8955078125
1.266996	2.890625
1.268004	2.8955078125
1.269	2.8759765625
1.270004	2.8662109375
1.271004	2.87109375
1.272004	2.8564453125
1.273004	2.8271484375
1.274	2.8125
1.275	2.7978515625
1.276	2.783203125
1.277	2.7734375
1.278	2.75390625
1.279	2.7294921875
1.28	2.705078125
1.281	2.7001953125
1.282	2.7001953125
1.283	2.6904296875
1.284	2.6806640625
1.285	2.6806640625
1.286	2.6708984375
1.287	2.666015625
1.288	2.67578125
1.289	2.6806640625
1.29	2.685546875
1.291	2.6904296875
1.292	2.6904296875
1.293	2.705078125
1.294	2.7197265625
1.295	2.7294921875
1.296	2.763671875
1.297	2.7685546875
1.298	2.783203125
1.299	2.79296875
1.3	2.8125
1.301	2.83203125
1.302	2.8515625
1.303	2.8662109375
1.304	2.8662109375
1.305	2.880859375
1.306	2.8857421875
1.307	2.8955078125
1.308	2.890625
1.309	2.890625
1.310004	2.890625
1.311	2.8857421875
1.312004	2.8759765625
1.313004	2.87109375
1.314004	2.8564453125
1.315004	2.841796875
1.316004	2.822265625
1.317	2.802734375
1.318	2.7880859375
1.319	2.7734375
1.32	2.7685546875
1.321	2.7490234375
1.322	2.7294921875
1.323	2.7099609375
1.324	2.7001953125
1.325	2.6953125
1.326	2.6904296875
1.327	2.6806640625
1.328	2.6806640625
1.329	2.6708984375
1.33	2.6806640625
1.331	2.67578125
1.332	2.6904296875
1.333	2.6904296875
1.334	2.6904296875
1.335	2.6953125
1.336	2.7099609375
1.337	2.7294921875
1.338	2.744140625
1.339	2.763671875
1.34	2.783203125
1.341	2.79296875
1.342	2.802734375
1.343	2.8173828125
1.344	2.83203125
1.345	2.8515625
1.346	2.8662109375
1.347	2.8662109375
1.348	2.880859375
1.349	2.8857421875
1.35	2.8857421875
1.351	2.890625
1.352	2.890625
1.352996	2.880859375
1.354004	2.8759765625
1.355004	2.8759765625
1.356004	2.861328125
1.357004	2.841796875
1.358004	2.8369140625
1.359004	2.8173828125
1.36	2.79296875
1.361	2.79296875
1.362	2.7783203125
1.363	2.7587890625
1.364	2.734375
1.365	2.7197265625
1.366	2.7001953125
1.367	2.705078125
1.368	2.6953125
1.369	2.685546875
1.37	2.6806640625
1.371	2.6806640625
1.372	2.6806640625
1.373	2.67578125
1.374	2.6806640625
1.375	2.6904296875
1.376	2.6953125
1.377	2.6904296875
1.378	2.7001953125
1.379	2.724609375
1.38	2.7294921875
1.381	2.7490234375
1.382	2.7685546875
1.383	2.7783203125
1.384	2.79296875
1.385	2.7978515625
1.386	2.822265625
1.387	2.841796875
1.388	2.8466796875
1.389	2.861328125
1.39	2.8759765625
1.391	2.880859375
1.392	2.880859375
1.393	2.880859375
1.394	2.8759765625
1.394996	2.8759765625
1.396004	2.880859375
1.397	2.8662109375
1.398004	2.87109375
1.399004	2.8662109375
1.400004	2.83203125
1.401004	2.8271484375
1.402	2.7978515625
1.403	2.7880859375
1.404	2.7880859375
1.405	2.7783203125
1.406	2.763671875
1.407	2.7392578125
1.408	2.724609375
1.409	2.7001953125
1.41	2.705078125
1.411	2.6953125
1.412	2.6953125
1.413	2.685546875
1.414	2.685546875
1.415	2.6806640625
1.416	2.6806640625
1.417	2.685546875
1.418	2.6904296875
1.419	2.6953125
1.42	2.7001953125
1.421	2.71484375
1.422	2.7294921875
1.423	2.744140625
1.424	2.763671875
1.425	2.7734375
1.426	2.7880859375
1.427	2.7978515625
1.428	2.802734375
1.429	2.8271484375
1.43	2.841796875
1.431	2.861328125
1.432	2.87109375
1.433	2.8759765625
1.434	2.8759765625
1.435	2.880859375
1.436	2.8759765625
1.437	2.8759765625
1.438004	2.8759765625
1.439	2.8662109375
1.440004	2.87109375
1.441004	2.8564453125
1.442004	2.8564453125
1.443004	2.83203125
1.444004	2.8125
1.445	2.7978515625
1.446	2.7880859375
1.447	2.783203125
1.448	2.7685546875
1.449	2.763671875
1.45	2.724609375
1.451	2.7197265625
1.452	2.705078125
1.453	2.7001953125
1.454	2.6904296875
1.455	2.685546875
1.456	2.6904296875
1.457	2.6904296875
1.458	2.6904296875
1.459	2.685546875
1.46	2.6904296875
1.461	2.6953125
1.462	2.7001953125
1.463	2.705078125
1.464	2.724609375
1.465	2.7392578125
1.466	2.7587890625
1.467	2.7734375
1.468	2.7783203125
1.469	2.79296875
1.47	2.802734375
1.471	2.8173828125
1.472	2.8271484375
1.473	2.841796875
1.474	2.8515625
1.475	2.8662109375
1.476	2.8662109375
1.477	2.8662109375
1.478	2.8759765625
1.479	2.8662109375
1.48	2.8759765625
1.480996	2.8759765625
1.482004	2.8662109375
1.483004	2.861328125
1.484004	2.8564453125
1.485004	2.841796875
1.486004	2.8271484375
1.487004	2.802734375
1.488	2.7978515625
1.489	2.783203125
1.49	2.7783203125
1.491	2.763671875
1.492	2.7490234375
1.493	2.7294921875
1.494	2.7099609375
1.495	2.705078125
1.496	2.7001953125
1.497	2.6953125
1.498	2.6904296875
1.499	2.685546875
1.5	2.6904296875
1.501	2.6904296875
1.502	2.6953125
1.503	2.6953125
1.504	2.6953125
1.505	2.6953125
1.506	2.7099609375
1.507	2.7294921875
1.508	2.744140625
1.509	2.763671875
1.51	2.7685546875
1.511	2.7880859375
1.512	2.7880859375
1.513	2.802734375
1.514	2.822265625
1.515	2.8271484375
1.516	2.8515625
1.517	2.8564453125
1.518	2.8662109375
1.519	2.8662109375
1.52	2.8759765625
1.521	2.87109375
1.522	2.87109375
1.522996	2.8759765625
1.524004	2.87109375
1.525	2.8662109375
1.526004	2.861328125
1.527004	2.8369140625
1.528004	2.83203125
1.529004	2.8173828125
1.53	2.802734375
1.531	2.783203125
1.532	2.7880859375
1.533	2.7734375
1.534	2.7685546875
1.535	2.7392578125
1.536	2.734375
1.537	2.7099609375
1.538	2.7001953125
1.539	2.6953125
1.54	2.6953125
1.541	2.6953125
1.542	2.6953125
1.543	2.6953125
1.544	2.6904296875
1.545	2.6953125
1.546	2.6953125
1.547	2.6953125
1.548	2.705078125
1.549	2.7197265625
1.55	2.734375
1.551	2.7490234375
1.552	2.7685546875
1.553	2.7783203125
1.554	2.783203125
1.555	2.79296875
1.556	2.8125
1.557	2.8173828125
1.558	2.8369140625
1.559	2.8466796875
1.56	2.8564453125
1.561	2.8662109375
1.562	2.87109375
1.563	2.8662109375
1.564	2.87109375
1.565	2.87109375
1.566004	2.8759765625
1.567	2.87109375
1.568004	2.8564453125
1.569004	2.8564453125
1.570004	2.841796875
1.571004	2.8271484375
1.572004	2.8173828125
1.573	2.802734375
1.574	2.79296875
1.575	2.7783203125
1.576	2.7685546875
1.577	2.7587890625
1.578	2.7392578125
1.579	2.7294921875
1.58	2.7099609375
1.581	2.7001953125
1.582	2.6953125
1.583	2.7001953125
1.584	2.7001953125
1.585	2.685546875
1.586	2.685546875
1.587	2.6953125
1.588	2.6953125
1.589	2.6953125
1.59	2.7001953125
1.591	2.7099609375
1.592	2.71484375
1.593	2.7392578125
1.594	2.763671875
1.595	2.7734375
1.596	2.7783203125
1.597	2.7880859375
1.598	2.7978515625
1.599	2.8173828125
1.6	2.822265625
1.601	2.841796875
1.602	2.8466796875
1.603	2.861328125
1.604	2.861328125
1.605	2.8662109375
1.606	2.8662109375
1.607	2.8759765625
1.608	2.8759765625
1.608996	2.87109375
1.610004	2.8564453125
1.611004	2.8515625
1.612004	2.8466796875
1.613004	2.8271484375
1.614004	2.822265625
1.615004	2.8076171875
1.616	2.79296875
1.617	2.79296875
1.618	2.7783203125
1.619	2.7685546875
1.62	2.75390625
1.621	2.734375
1.622	2.7197265625
1.623	2.705078125
1.624	2.705078125
1.625	2.6953125
1.626	2.6904296875
1.627	2.6953125
1.628	2.6953125
1.629	2.6953125
1.63	2.6953125
1.631	2.7001953125
1.632	2.705078125
1.633	2.7099609375
1.634	2.71484375
1.635	2.7294921875
1.636	2.75390625
1.637	2.763671875
1.638	2.7734375
1.639	2.79296875
1.64	2.783203125
1.641	2.79296875
1.642	2.8173828125
1.643	2.822265625
1.644	2.841796875
1.645	2.8466796875
1.646	2.861328125
1.647	2.861328125
1.648	2.8662109375
1.649	2.87109375
1.65	2.8662109375
1.650996	2.8564453125
1.652004	2.861328125
1.653	2.8564453125
1.654004	2.841796875
1.655004	2.8369140625
1.656004	2.822265625
1.657004	2.8076171875
1.658	2.7978515625
1.659	2.79296875
1.66	2.7783203125
1.661	2.7783203125
1.662	2.7587890625
1.663	2.744140625
1.664	2.734375
1.665	2.7197265625
1.666	2.71484375
1.667	2.6953125
1.668	2.6953125
1.669	2.6904296875
1.67	2.6953125
1.671	2.6904296875
1.672	2.6953125
1.673	2.6953125
1.674	2.6953125
1.675	2.705078125
1.676	2.71484375
1.677	2.7294921875
1.678	2.7392578125
1.679	2.7490234375
1.68	2.7734375
1.681	2.783203125
1.682	2.7880859375
1.683	2.7978515625
1.684	2.802734375
1.685	2.8125
1.686	2.83203125
1.687	2.8466796875
1.688	2.8515625
1.689	2.8662109375
1.69	2.861328125
1.691	2.861328125
1.692	2.861328125
1.693	2.8564453125
1.694004	2.861328125
1.695	2.8564453125
1.696004	2.8564453125
1.697004	2.8466796875
1.698004	2.8369140625
1.699004	2.8125
1.700004	2.802734375
1.701	2.79296875
1.702	2.783203125
1.703	2.7783203125
1.704	2.7685546875
1.705	2.75390625
1.706	2.744140625
1.707	2.7294921875
1.708	2.7197265625
1.709	2.705078125
1.71	2.6953125
1.711	2.6953125
1.712	2.6904296875
1.713	2.6904296875
1.714	2.7001953125
1.715	2.7001953125
1.716	2.6953125
1.717	2.6953125
1.718	2.7099609375
1.719	2.7197265625
1.72	2.7392578125
1.721	2.744140625
1.722	2.75390625
1.723	2.7734375
1.724	2.783203125
1.725	2.7880859375
1.726	2.79296875
1.727	2.802734375
1.728	2.8271484375
1.729	2.8369140625
1.73	2.8369140625
1.731	2.8564453125
1.732	2.861328125
1.733	2.861328125
1.734	2.861328125
1.735	2.8662109375
1.736	2.8662109375
1.736996	2.861328125
1.738004	2.8515625
1.739004	2.841796875
1.740004	2.83203125
1.741004	2.8173828125
1.742004	2.8076171875
1.743004	2.79296875
1.744	2.7880859375
1.745	2.7880859375
1.746	2.7783203125
1.747	2.7734375
1.748	2.75390625
1.749	2.7392578125
1.75	2.724609375
1.751	2.71484375
1.752	2.7099609375
1.753	2.7001953125
1.754	2.705078125
1.755	2.7001953125
1.756	2.6953125
1.757	2.6904296875
1.758	2.705078125
1.759	2.6953125
1.76	2.7001953125
1.761	2.71484375
1.762	2.7294921875
1.763	2.7392578125
1.764	2.75390625
1.765	2.7685546875
1.766	2.7783203125
1.767	2.783203125
1.768	2.79296875
1.769	2.7978515625
1.77	2.8173828125
1.771	2.8271484375
1.772	2.8369140625
1.773	2.8466796875
1.774	2.8564453125
1.775	2.8564453125
1.776	2.8662109375
1.777	2.861328125
1.778	2.8662109375
1.778996	2.8564453125
1.780004	2.8564453125
1.781	2.8515625
1.782004	2.841796875
1.783004	2.8271484375
1.784004	2.8173828125
1.785004	2.802734375
1.786	2.7978515625
1.787	2.7880859375
1.788	2.783203125
1.789	2.7734375
1.79	2.763671875
1.791	2.7490234375
1.792	2.7392578125
1.793	2.724609375
1.794	2.71484375
1.795	2.705078125
1.796	2.705078125
1.797	2.705078125
1.798	2.7001953125
1.799	2.7001953125
1.8	2.6953125
1.801	2.7001953125
1.802	2.705078125
1.803	2.71484375
1.804	2.71484375
1.805	2.7392578125
1.806	2.7490234375
1.807	2.7587890625
1.808	2.7685546875
1.809	2.783203125
1.81	2.783203125
1.811	2.7978515625
1.812	2.7978515625
1.813	2.822265625
1.814	2.8271484375
1.815	2.841796875
1.816	2.841796875
1.817	2.8515625
1.818	2.861328125
1.819	2.8662109375
1.82	2.8564453125
1.821	2.8662109375
1.822004	2.8515625
1.823	2.8466796875
1.824004	2.841796875
1.825004	2.8271484375
1.826004	2.822265625
1.827004	2.8076171875
1.828004	2.802734375
1.829	2.79296875
1.83	2.7880859375
1.831	2.7783203125
1.832	2.7685546875
1.833	2.7587890625
1.834	2.7392578125
1.835	2.7294921875
1.836	2.7294921875
1.837	2.71484375
1.838	2.705078125
1.839	2.6953125
1.84	2.6953125
1.841	2.7001953125
1.842	2.7001953125
1.843	2.705078125
1.844	2.7001953125
1.845	2.7099609375
1.846	2.71484375
1.847	2.724609375
1.848	2.734375
1.849	2.7587890625
1.85	2.763671875
1.851	2.783203125
1.852	2.7783203125
1.853	2.79296875
1.854	2.7978515625
1.855	2.802734375
1.856	2.822265625
1.857	2.83203125
1.858	2.8369140625
1.859	2.841796875
1.86	2.8564453125
1.861	2.8564453125
1.862	2.861328125
1.863	2.8564453125
1.864	2.861328125
1.864996	2.8564453125
1.866004	2.8466796875
1.867004	2.8369140625
1.868004	2.83203125
1.869004	2.8173828125
1.870004	2.802734375
1.871004	2.7978515625
1.872	2.7880859375
1.873	2.783203125
1.874	2.7783203125
1.875	2.763671875
1.876	2.75390625
1.877	2.7392578125
1.878	2.734375
1.879	2.724609375
1.88	2.71484375
1.881	2.7001953125
1.882	2.7001953125
1.883	2.6953125
1.884	2.705078125
1.885	2.705078125
1.886	2.705078125
1.887	2.705078125
1.888	2.71484375
1.889	2.7294921875
1.89	2.734375
1.891	2.7490234375
1.892	2.75390625
1.893	2.7734375
1.894	2.783203125
1.895	2.7880859375
1.896	2.79296875
1.897	2.7978515625
1.898	2.8076171875
1.899	2.8271484375
1.9	2.8369140625
1.901	2.8369140625
1.902	2.841796875
1.903	2.8466796875
1.904	2.8564453125
1.905	2.8515625
1.906	2.8515625
1.906996	2.8515625
1.908004	2.8515625
1.909	2.8369140625
1.910004	2.83203125
1.911004	2.8271484375
1.912004	2.8076171875
1.913004	2.802734375
1.914	2.7880859375
1.915	2.7880859375
1.916	2.783203125
1.917	2.7685546875
1.918	2.75390625
1.919	2.7490234375
1.92	2.734375
1.921	2.724609375
1.922	2.724609375
1.923	2.7099609375
1.924	2.705078125
1.925	2.7001953125
1.926	2.705078125
1.927	2.6953125
1.928	2.705078125
1.929	2.7099609375
1.93	2.71484375
1.931	2.724609375
1.932	2.7294921875
1.933	2.7392578125
1.934	2.7587890625
1.935	2.7587890625
1.936	2.7734375
1.937	2.7783203125
1.938	2.783203125
1.939	2.7880859375
1.94	2.802734375
1.941	2.8125
1.942	2.8271484375
1.943	2.83203125
1.944	2.841796875
1.945	2.841796875
1.946	2.8466796875
1.947	2.8515625
1.948	2.8564453125
1.949	2.8515625
1.950004	2.841796875
1.951	2.841796875
1.952004	2.8369140625
1.953004	2.8271484375
1.954004	2.8173828125
1.955004	2.7978515625
1.956004	2.7978515625
1.957	2.7880859375
1.958	2.783203125
1.959	2.783203125
1.96	2.7685546875
1.961	2.7587890625
1.962	2.7490234375
1.963	2.734375
1.964	2.724609375
1.965	2.724609375
1.966	2.71484375
1.967	2.7099609375
1.968	2.7099609375
1.969	2.705078125
1.97	2.7001953125
1.971	2.7001953125
1.972	2.71484375
1.973	2.724609375
1.974	2.724609375
1.975	2.744140625
1.976	2.7392578125
1.977	2.7587890625
1.978	2.7685546875
1.979	2.7734375
1.98	2.7783203125
1.981	2.79296875
1.982	2.7978515625
1.983	2.8076171875
1.984	2.822265625
1.985	2.8271484375
1.986	2.83203125
1.987	2.841796875
1.988	2.8466796875
1.989	2.8515625
1.99	2.8564453125
1.991	2.8564453125
1.992	2.841796875
1.992996	2.8369140625
1.994004	2.83203125
1.995004	2.8369140625
1.996004	2.8173828125
1.997004	2.8125
1.998004	2.7978515625
1.999004	2.7880859375
2.0	2.783203125
2.001	2.783203125
2.002	2.7783203125
2.003	2.763671875
2.004	2.7587890625
2.005	2.744140625
2.006	2.7294921875
2.007	2.724609375
2.008	2.71484375
2.009	2.7099609375
2.01	2.705078125
2.011	2.7099609375
2.012	2.705078125
2.013	2.705078125
2.014	2.71484375
2.015	2.71484375
2.016	2.724609375
2.017	2.7294921875
2.018	2.744140625
2.019	2.7490234375
2.02	2.7587890625
2.021	2.7685546875
2.022	2.7783203125
2.023	2.7880859375
2.024	2.7978515625
2.025	2.79296875
2.026	2.802734375
2.027	2.822265625
2.028	2.8271484375
2.029	2.8369140625
2.03	2.841796875
2.031	2.8466796875
2.032	2.841796875
2.033	2.8515625
2.034	2.8466796875
2.034996	2.841796875
2.036004	2.8369140625
2.037	2.83203125
2.038004	2.8271484375
2.039004	2.822265625
2.040004	2.802734375
2.041004	2.7978515625
2.042	2.783203125
2.043	2.7783203125
2.044	2.783203125
2.045	2.7734375
2.046	2.7587890625
2.047	2.7490234375
2.048	2.734375
2.049	2.7294921875
2.05	2.7197265625
2.051	2.7099609375
2.052	2.7099609375
2.053	2.71484375
2.054	2.705078125
2.055	2.71484375
2.056	2.705078125
2.057	2.71484375
2.058	2.724609375
2.059	2.734375
2.06	2.734375
2.061	2.7490234375
2.062	2.763671875
2.063	2.7685546875
2.064	2.7783203125
2.065	2.7783203125
2.066	2.783203125
2.067	2.79296875
2.068	2.802734375
2.069	2.8076171875
2.07	2.8271484375
2.071	2.83203125
2.072	2.8369140625
2.073	2.8369140625
2.074	2.841796875
2.075	2.841796875
2.076	2.841796875
2.077	2.841796875
2.078004	2.841796875
2.079	2.8369140625
2.080004	2.83203125
2.081004	2.822265625
2.082004	2.8076171875
2.083004	2.802734375
2.084004	2.79296875
2.085	2.79296875
2.086	2.7783203125
2.087	2.7783203125
2.088	2.7685546875
2.089	2.763671875
2.09	2.7392578125
2.091	2.734375
2.092	2.724609375
2.093	2.724609375
2.094	2.7197265625
2.095	2.705078125
2.096	2.7099609375
2.097	2.7099609375
2.098	2.705078125
2.099	2.71484375
2.1	2.724609375
2.101	2.7294921875
2.102	2.734375
2.103	2.7392578125
2.104	2.75390625
2.105	2.763671875
2.106	2.7734375
2.107	2.783203125
2.108	2.783203125
2.109	2.7880859375
2.11	2.7978515625
2.111	2.8076171875
2.112	2.8173828125
2.113	2.822265625
2.114	2.8271484375
2.115	2.83203125
2.116	2.8369140625
2.117	2.8466796875
2.118	2.841796875
2.119	2.8466796875
2.12	2.841796875
2.120996	2.8369140625
2.122004	2.83203125
2.123004	2.822265625
2.124004	2.8125
2.125004	2.8076171875
2.126004	2.7978515625
2.127004	2.7978515625
2.128	2.7880859375
2.129	2.7734375
2.13	2.7734375
2.131	2.7587890625
2.132	2.75390625
2.133	2.744140625
2.134	2.734375
2.135	2.724609375
2.136	2.724609375
2.137	2.7099609375
2.138	2.71484375
2.139	2.71484375
2.14	2.7099609375
2.141	2.7099609375
2.142	2.7197265625
2.143	2.724609375
2.144	2.724609375
2.145	2.734375
2.146	2.744140625
2.147	2.7587890625
2.148	2.7685546875
2.149	2.7783203125
2.15	2.7880859375
2.151	2.7880859375
2.152	2.7880859375
2.153	2.7978515625
2.154	2.7978515625
2.155	2.822265625
2.156	2.822265625
2.157	2.822265625
2.158	2.8369140625
2.159	2.8369140625
2.16	2.841796875
2.161	2.841796875
2.162	2.841796875
2.162996	2.8369140625
2.164004	2.83203125
2.165	2.8271484375
2.166004	2.8271484375
2.167004	2.8076171875
2.168004	2.802734375
2.169004	2.79296875
2.17	2.79296875
2.171	2.783203125
2.172	2.783203125
2.173	2.7685546875
2.174	2.75390625
2.175	2.7490234375
2.176	2.744140625
2.177	2.7294921875
2.178	2.7294921875
2.179	2.71484375
2.18	2.7197265625
2.181	2.7197265625
2.182	2.71484375
2.183	2.7099609375
2.184	2.7197265625
2.185	2.724609375
2.186	2.724609375
2.187	2.7392578125
2.188	2.744140625
2.189	2.75390625
2.19	2.763671875
2.191	2.7734375
2.192	2.7783203125
2.193	2.783203125
2.194	2.7880859375
2.195	2.7978515625
2.196	2.7978515625
2.197	2.802734375
2.198	2.822265625
2.199	2.8271484375
2.2	2.8271484375
2.201	2.83203125
2.202	2.8369140625
2.203	2.83203125
2.204	2.83203125
2.205	2.83203125
2.206004	2.8369140625
2.207	2.83203125
2.208004	2.822265625
2.209004	2.822265625
2.210004	2.7978515625
2.211004	2.7978515625
2.212004	2.7880859375
2.213	2.7880859375
2.214	2.783203125
2.215	2.783203125
2.216	2.7734375
2.217	2.7587890625
2.218	2.7392578125
2.219	2.7392578125
2.22	2.724609375
2.221	2.7294921875
2.222	2.724609375
2.223	2.71484375
2.224	2.7197265625
2.225	2.71484375
2.226	2.724609375
2.227	2.724609375
2.228	2.724609375
2.229	2.7294921875
2.23	2.744140625
2.231	2.744140625
2.232	2.75390625
2.233	2.763671875
2.234	2.7783203125
2.235	2.783203125
2.236	2.79296875
2.237	2.7880859375
2.238	2.79296875
2.239	2.7978515625
2.24	2.8076171875
2.241	2.8271484375
2.242	2.8271484375
2.243	2.83203125
2.244	2.8369140625
2.245	2.83203125
2.246	2.8369140625
2.247	2.83203125
2.248	2.8369140625
2.248996	2.83203125
2.250004	2.8271484375
2.251004	2.822265625
2.252004	2.8125
2.253004	2.7978515625
2.254004	2.7880859375
2.255004	2.7880859375
2.256	2.783203125
2.257	2.783203125
2.258	2.7783203125
2.259	2.7685546875
2.26	2.7587890625
2.261	2.744140625
2.262	2.734375
2.263	2.734375
2.264	2.7294921875
2.265	2.7197265625
2.266	2.724609375
2.267	2.724609375
2.268	2.7197265625
2.269	2.724609375
2.27	2.7197265625
2.271	2.734375
2.272	2.734375
2.273	2.7490234375
2.274	2.7587890625
2.275	2.7587890625
2.276	2.763671875
2.277	2.7783203125
2.278	2.7783203125
2.279	2.7783203125
2.28	2.7978515625
2.281	2.7978515625
2.282	2.8125
2.283	2.822265625
2.284	2.822265625
2.285	2.8271484375
2.286	2.8271484375
2.287	2.8369140625
2.288	2.841796875
2.289	2.8369140625
2.29	2.83203125
2.290996	2.8369140625
2.292004	2.822265625
2.293	2.822265625
2.294004	2.8125
2.295004	2.8076171875
2.296004	2.7978515625
2.297004	2.7880859375
2.298	2.783203125
2.299	2.783203125
2.3	2.7783203125
2.301	2.7685546875
2.302	2.763671875
2.303	2.7587890625
2.304	2.734375
2.305	2.7294921875
2.306	2.724609375
2.307	2.7294921875
2.308	2.7197265625
2.309	2.7197265625
2.31	2.71484375
2.311	2.724609375
2.312	2.724609375
2.313	2.7294921875
2.314	2.7294921875
2.315	2.7392578125
2.316	2.7490234375
2.317	2.7685546875
2.318	2.763671875
2.319	2.7783203125
2.32	2.7783203125
2.321	2.7880859375
2.322	2.783203125
2.323	2.79296875
2.324	2.79296875
2.325	2.8076171875
2.326	2.8173828125
2.327	2.8271484375
2.328	2.822265625
2.329	2.8271484375
2.33	2.83203125
2.331	2.8369140625
2.332	2.83203125
2.333	2.8271484375
2.334004	2.8271484375
2.335	2.8271484375
2.336004	2.8125
2.337004	2.8076171875
2.338004	2.802734375
2.339004	2.7978515625
2.340004	2.79296875
2.341	2.7880859375
2.342	2.783203125
2.343	2.7685546875
2.344	2.7685546875
2.345	2.75390625
2.346	2.75390625
2.347	2.744140625
2.348	2.724609375
2.349	2.7294921875
2.35	2.724609375
2.351	2.724609375
2.352	2.724609375
2.353	2.724609375
2.354	2.7197265625
2.355	2.7294921875
2.356	2.7294921875
2.357	2.734375
2.358	2.7490234375
2.359	2.7587890625
2.36	2.7587890625
2.361	2.7783203125
2.362	2.783203125
2.363	2.783203125
2.364	2.783203125
2.365	2.7880859375
2.366	2.79296875
2.367	2.7978515625
2.368	2.8125
2.369	2.8173828125
2.37	2.8271484375
2.371	2.8271484375
2.372	2.8271484375
2.373	2.8369140625
2.374	2.8271484375
2.375	2.83203125
2.376	2.83203125
2.376996	2.822265625
2.378004	2.822265625
2.379004	2.8125
2.380004	2.802734375
2.381004	2.802734375
2.382004	2.79296875
2.383004	2.79296875
2.384	2.7783203125
2.385	2.7734375
2.386	2.7685546875
2.387	2.7587890625
2.388	2.7587890625
2.389	2.744140625
2.39	2.734375
2.391	2.734375
2.392	2.7294921875
2.393	2.7294921875
2.394	2.7294921875
2.395	2.7197265625
2.396	2.7294921875
2.397	2.7294921875
2.398	2.734375
2.399	2.734375
2.4	2.7392578125
2.401	2.7490234375
2.402	2.763671875
2.403	2.7685546875
2.404	2.7734375
2.405	2.7880859375
2.406	2.783203125
2.407	2.7880859375
2.408	2.79296875
2.409	2.79296875
2.41	2.79296875
2.411	2.8125
2.412	2.822265625
2.413	2.8271484375
2.414	2.8271484375
2.415	2.83203125
2.416	2.8369140625
2.417	2.83203125
2.418	2.83203125
2.418996	2.8271484375
2.420004	2.8271484375
2.421	2.8173828125
2.422004	2.8076171875
2.423004	2.802734375
2.424004	2.79296875
2.425004	2.7880859375
2.426	2.783203125
2.427	2.783203125
2.428	2.7783203125
2.429	2.7685546875
2.43	2.763671875
2.431	2.7587890625
2.432	2.7490234375
2.433	2.734375
2.434	2.734375
2.435	2.7294921875
2.436	2.724609375
2.437	2.724609375
2.438	2.7294921875
2.439	2.724609375
2.44	2.7294921875
2.441	2.734375
2.442	2.744140625
2.443	2.7392578125
2.444	2.75390625
2.445	2.763671875
2.446	2.7685546875
2.447	2.783203125
2.448	2.783203125
2.449	2.79296875
2.45	2.7880859375
2.451	2.79296875
2.452	2.7978515625
2.453	2.8076171875
2.454	2.8173828125
2.455	2.8271484375
2.456	2.8173828125
2.457	2.83203125
2.458	2.83203125
2.459	2.822265625
2.46	2.8271484375
2.461	2.8271484375
2.462004	2.8271484375
2.463	2.8173828125
2.464004	2.8125
2.465004	2.7978515625
2.466004	2.7978515625
2.467004	2.7978515625
2.468004	2.783203125
2.469	2.783203125
2.47	2.7880859375
2.471	2.7685546875
2.472	2.763671875
2.473	2.75390625
2.474	2.744140625
2.475	2.744140625
2.476	2.7392578125
2.477	2.7294921875
2.478	2.7294921875
2.479	2.7294921875
2.48	2.724609375
2.481	2.7294921875
2.482	2.734375
2.483	2.734375
2.484	2.7392578125
2.485	2.744140625
2.486	2.75390625
2.487	2.75390625
2.488	2.763671875
2.489	2.7734375
2.49	2.7734375
2.491	2.7880859375
2.492	2.7880859375
2.493	2.7978515625
2.494	2.7978515625
2.495	2.802734375
2.496	2.8076171875
2.497	2.8173828125
2.498	2.822265625
2.499	2.8271484375
2.5	2.822265625
2.501	2.83203125
2.502	2.8271484375
2.503	2.8271484375
2.504	2.822265625
2.504996	2.822265625
2.506004	2.8125
2.507004	2.802734375
2.508004	2.802734375
2.509004	2.7880859375
2.510004	2.7880859375
2.511004	2.7880859375
2.512	2.783203125
2.513	2.7783203125
2.514	2.7734375
2.515	2.763671875
2.516	2.7587890625
2.517	2.75390625
2.518	2.734375
2.519	2.7294921875
2.52	2.734375
2.521	2.7294921875
2.522	2.724609375
2.523	2.7294921875
2.524	2.734375
2.525	2.7294921875
2.526	2.734375
2.527	2.734375
2.528	2.7490234375
2.529	2.75390625
2.53	2.7685546875
2.531	2.7734375
2.532	2.7734375
2.533	2.7783203125
2.534	2.783203125
2.535	2.7880859375
2.536	2.79296875
2.537	2.7978515625
2.538	2.8076171875
2.539	2.802734375
2.54	2.8173828125
2.541	2.8271484375
2.542	2.822265625
2.543	2.8271484375
2.544	2.822265625
2.545	2.822265625
2.546	2.8271484375
2.546996	2.8173828125
2.548004	2.8173828125
2.549	2.8076171875
2.550004	2.7978515625
2.551004	2.7978515625
2.552004	2.79296875
2.553004	2.7880859375
2.554	2.783203125
2.555	2.783203125
2.556	2.7734375
2.557	2.7685546875
2.558	2.763671875
2.559	2.7587890625
2.56	2.744140625
2.561	2.734375
2.562	2.7392578125
2.563	2.734375
2.564	2.7294921875
2.565	2.7294921875
2.566	2.7294921875
2.567	2.7294921875
2.568	2.734375
2.569	2.7392578125
2.57	2.7490234375
2.571	2.7490234375
2.572	2.75390625
2.573	2.763671875
2.574	2.7734375
2.575	2.7783203125
2.576	2.783203125
2.577	2.7880859375
2.578	2.7978515625
2.579	2.7978515625
2.58	2.79296875
2.581	2.8125
2.582	2.8173828125
2.583	2.8271484375
2.584	2.822265625
2.585	2.822265625
2.586	2.822265625
2.587	2.822265625
2.588	2.8271484375
2.589	2.822265625
2.590004	2.8125
2.591	2.8076171875
2.592004	2.802734375
2.593004	2.79296875
2.594004	2.79296875
2.595004	2.7880859375
2.596004	2.7880859375
2.597	2.783203125
2.598	2.7783203125
2.599	2.7734375
2.6	2.7734375
2.601	2.7587890625
2.602	2.7587890625
2.603	2.744140625
2.604	2.7392578125
2.605	2.7294921875
2.606	2.734375
2.607	2.734375
2.608	2.724609375
2.609	2.734375
2.61	2.7294921875
2.611	2.7392578125
2.612	2.744140625
2.613	2.75390625
2.614	2.763671875
2.615	2.763671875
2.616	2.7734375
2.617	2.7783203125
2.618	2.7880859375
2.619	2.7880859375
2.62	2.783203125
2.621	2.79296875
2.622	2.7880859375
2.623	2.8076171875
2.624	2.802734375
2.625	2.822265625
2.626	2.822265625
2.627	2.8271484375
2.628	2.8271484375
2.629	2.822265625
2.63	2.8271484375
2.631	2.8271484375
2.632	2.822265625
2.632996	2.8125
2.634004	2.8076171875
2.635004	2.7978515625
2.636004	2.7978515625
2.637004	2.7978515625
2.638004	2.7880859375
2.639004	2.783203125
2.64	2.783203125
2.641	2.7783203125
2.642	2.7685546875
2.643	2.7587890625
2.644	2.7587890625
2.645	2.7587890625
2.646	2.7392578125
2.647	2.734375
2.648	2.7294921875
2.649	2.734375
2.65	2.734375
2.651	2.734375
2.652	2.7294921875
2.653	2.734375
2.654	2.7490234375
2.655	2.7490234375
2.656	2.75390625
2.657	2.7587890625
2.658	2.7685546875
2.659	2.7734375
2.66	2.7734375
2.661	2.7783203125
2.662	2.783203125
2.663	2.7880859375
2.664	2.79296875
2.665	2.7978515625
2.666	2.802734375
2.667	2.8173828125
2.668	2.8173828125
2.669	2.822265625
2.67	2.822265625
2.671	2.8271484375
2.672	2.822265625
2.673	2.822265625
2.674	2.8271484375
2.674996	2.8173828125
2.676004	2.8076171875
2.677	2.7978515625
2.678004	2.7978515625
2.679004	2.7978515625
2.680004	2.783203125
2.681004	2.79296875
2.682	2.783203125
2.683	2.783203125
2.684	2.7734375
2.685	2.763671875
2.686	2.7587890625
2.687	2.7587890625
2.688	2.7392578125
2.689	2.744140625
2.69	2.7392578125
2.691	2.7392578125
2.692	2.734375
2.693	2.734375
2.694	2.734375
2.695	2.734375
2.696	2.744140625
2.697	2.7490234375
2.698	2.75390625
2.699	2.7587890625
2.7	2.7685546875
2.701	2.7587890625
2.702	2.7734375
2.703	2.783203125
2.704	2.7880859375
2.705	2.7880859375
2.706	2.7880859375
2.707	2.7978515625
2.708	2.802734375
2.709	2.802734375
2.71	2.8076171875
2.711	2.8173828125
2.712	2.8271484375
2.713	2.822265625
2.714	2.822265625
2.715	2.822265625
2.716	2.8125
2.717	2.8173828125
2.718004	2.8125
2.719	2.802734375
2.720004	2.7978515625
2.721004	2.7978515625
2.722004	2.79296875
2.723004	2.79296875
2.724004	2.783203125
2.725	2.7783203125
2.726	2.7734375
2.727	2.7734375
2.728	2.7685546875
2.729	2.7587890625
2.73	2.75390625
2.731	2.744140625
2.732	2.7392578125
2.733	2.734375
2.734	2.7294921875
2.735	2.734375
2.736	2.7294921875
2.737	2.7392578125
2.738	2.7392578125
2.739	2.7392578125
2.74	2.7490234375
2.741	2.7587890625
2.742	2.7685546875
2.743	2.7685546875
2.744	2.763671875
2.745	2.783203125
2.746	2.783203125
2.747	2.7880859375
2.748	2.79296875
2.749	2.79296875
2.75	2.79296875
2.751	2.802734375
2.752	2.8076171875
2.753	2.8125
2.754	2.8173828125
2.755	2.8271484375
2.756	2.822265625
2.757	2.8173828125
2.758	2.8271484375
2.759	2.8173828125
2.76	2.8173828125
2.760996	2.802734375
2.762004	2.802734375
2.763004	2.7978515625
2.764004	2.7978515625
2.765004	2.79296875
2.766004	2.7880859375
2.767004	2.7880859375
2.768	2.783203125
2.769	2.783203125
2.77	2.7734375
2.771	2.7685546875
2.772	2.763671875
2.773	2.7490234375
2.774	2.7490234375
2.775	2.7392578125
2.776	2.734375
2.777	2.734375
2.778	2.734375
2.779	2.734375
2.78	2.7392578125
2.781	2.7392578125
2.782	2.7490234375
2.783	2.75390625
2.784	2.763671875
2.785	2.763671875
2.786	2.7685546875
2.787	2.7783203125
2.788	2.783203125
2.789	2.783203125
2.79	2.7880859375
2.791	2.79296875
2.792	2.7880859375
2.793	2.802734375
2.794	2.8076171875
2.795	2.802734375
2.796	2.8125
2.797	2.8173828125
2.798	2.8173828125
2.799	2.8173828125
2.8	2.8173828125
2.801	2.8173828125
2.802	2.8173828125
2.802996	2.8076171875
2.804004	2.7978515625
2.805	2.802734375
2.806004	2.79296875
2.807004	2.7978515625
2.808004	2.7880859375
2.809004	2.7783203125
2.81	2.783203125
2.811	2.7734375
2.812	2.7734375
2.813	2.7685546875
2.814	2.7587890625
2.815	2.7587890625
2.816	2.7490234375
2.817	2.7490234375
2.818	2.7392578125
2.819	2.734375
2.82	2.734375
2.821	2.7392578125
2.822	2.7392578125
2.823	2.744140625
2.824	2.7392578125
2.825	2.7490234375
2.826	2.7587890625
2.827	2.763671875
2.828	2.763671875
2.829	2.7734375
2.83	2.7783203125
2.831	2.783203125
2.832	2.783203125
2.833	2.79296875
2.834	2.7978515625
2.835	2.79296875
2.836	2.802734375
2.837	2.7978515625
2.838	2.8076171875
2.839	2.8125
2.84	2.8173828125
2.841	2.8173828125
2.842	2.8125
2.843	2.8173828125
2.844	2.8173828125
2.845	2.8125
2.846004	2.8076171875
2.847	2.7978515625
2.848004	2.802734375
2.849004	2.79296875
2.850004	2.7880859375
2.851004	2.783203125
2.852004	2.7880859375
2.853	2.783203125
2.854	2.7783203125
2.855	2.7587890625
2.856	2.7587890625
2.857	2.7587890625
2.858	2.75390625
2.859	2.7490234375
2.86	2.7392578125
2.861	2.734375
2.862	2.7392578125
2.863	2.734375
2.864	2.7392578125
2.865	2.7392578125
2.866	2.744140625
2.867	2.744140625
2.868	2.7587890625
2.869	2.7587890625
2.87	2.7587890625
2.871	2.763671875
2.872	2.7734375
2.873	2.7783203125
2.874	2.7880859375
2.875	2.7783203125
2.876	2.79296875
2.877	2.79296875
2.878	2.7978515625
2.879	2.802734375
2.88	2.7978515625
2.881	2.802734375
2.882	2.8125
2.883	2.8173828125
2.884	2.8173828125
2.885	2.8173828125
2.886	2.8125
2.887	2.8125
2.888	2.802734375
2.888996	2.802734375
2.890004	2.7880859375
2.891004	2.7978515625
2.892004	2.7978515625
2.893004	2.783203125
2.894004	2.7880859375
2.895004	2.783203125
2.896	2.7734375
2.897	2.7685546875
2.898	2.763671875
2.899	2.763671875
2.9	2.763671875
2.901	2.75390625
2.902	2.7490234375
2.903	2.744140625
2.904	2.7392578125
2.905	2.7392578125
2.906	2.744140625
2.907	2.744140625
2.908	2.744140625
2.909	2.7490234375
2.91	2.7587890625
2.911	2.763671875
2.912	2.763671875
2.913	2.7685546875
2.914	2.7783203125
2.915	2.7783203125
2.916	2.7880859375
2.917	2.7880859375
2.918	2.7880859375
2.919	2.7978515625
2.92	2.79296875
2.921	2.7978515625
2.922	2.802734375
2.923	2.8076171875
2.924	2.8125
2.925	2.8076171875
2.926	2.8125
2.927	2.8125
2.928	2.8076171875
2.929	2.8076171875
2.93	2.8076171875
2.930996	2.802734375
2.932004	2.802734375
2.933	2.7978515625
2.934004	2.783203125
2.935004	2.79296875
2.936004	2.783203125
2.937004	2.7880859375
2.938	2.7783203125
2.939	2.7734375
2.94	2.763671875
2.941	2.7587890625
2.942	2.75390625
2.943	2.75390625
2.944	2.75390625
2.945	2.744140625
2.946	2.744140625
2.947	2.734375
2.948	2.7392578125
2.949	2.734375
2.95	2.744140625
2.951	2.75390625
2.952	2.75390625
2.953	2.7587890625
2.954	2.7587890625
2.955	2.7685546875
2.956	2.7685546875
2.957	2.7734375
2.958	2.783203125
2.959	2.7880859375
2.96	2.783203125
2.961	2.7880859375
2.962	2.79296875
2.963	2.802734375
2.964	2.802734375
2.965	2.802734375
2.966	2.8125
2.967	2.8125
2.968	2.8125
2.969	2.8125
2.97	2.8125
2.971	2.8125
2.972	2.8076171875
2.973	2.8076171875
2.974004	2.79296875
2.975	2.79296875
2.976004	2.79296875
2.977004	2.7978515625
2.978004	2.7880859375
2.979004	2.7880859375
2.980004	2.7880859375
2.981	2.783203125
2.982	2.7734375
2.983	2.763671875
2.984	2.763671875
2.985	2.763671875
2.986	2.75390625
2.987	2.7587890625
2.988	2.744140625
2.989	2.7490234375
2.99	2.7392578125
2.991	2.744140625
2.992	2.7392578125
2.993	2.7490234375
2.994	2.7490234375
2.995	2.75390625
2.996	2.7587890625
2.997	2.763671875
2.998	2.7783203125
2.999	2.7783203125
3.0	2.7783203125
3.001	2.783203125
3.002	2.7880859375
3.003	2.7880859375
3.004	2.79296875
3.005	2.79296875
3.006	2.7978515625
3.007	2.7978515625
3.008	2.7978515625
3.009	2.8076171875
3.01	2.8125
3.011	2.802734375
3.012	2.8076171875
3.013	2.8076171875
3.014	2.8076171875
3.015	2.802734375
3.016	2.802734375
3.016996	2.7978515625
3.018004	2.79296875
3.019004	2.79296875
3.020004	2.79296875
3.021004	2.7880859375
3.022004	2.783203125
3.023004	2.7783203125
3.024	2.7783203125
3.025	2.7734375
3.026	2.7685546875
3.027	2.7587890625
3.028	2.75390625
3.029	2.75390625
3.03	2.75390625
3.031	2.7490234375
3.032	2.744140625
3.033	2.7392578125
3.034	2.7490234375
3.035	2.744140625
3.036	2.7392578125
3.037	2.7490234375
3.038	2.7587890625
3.039	2.7685546875
3.04	2.7685546875
3.041	2.7734375
3.042	2.7734375
3.043	2.783203125
3.044	2.7880859375
3.045	2.7880859375
3.046	2.7880859375
3.047	2.79296875
3.048	2.79296875
3.049	2.802734375
3.05	2.7978515625
3.051	2.7978515625
3.052	2.8125
3.053	2.8076171875
3.054	2.8173828125
3.055	2.8125
3.056	2.8125
3.057	2.8076171875
3.058	2.802734375
3.058996	2.802734375
3.060004	2.7978515625
3.061	2.7978515625
3.062004	2.7978515625
3.063004	2.783203125
3.064004	2.783203125
3.065004	2.783203125
3.066	2.7734375
3.067	2.7734375
3.068	2.763671875
3.069	2.763671875
3.07	2.7587890625
3.071	2.7587890625
3.072	2.744140625
3.073	2.744140625
3.074	2.7490234375
3.075	2.7490234375
3.076	2.744140625
3.077	2.7392578125
3.078	2.744140625
3.079	2.75390625
3.08	2.75390625
3.081	2.75390625
3.082	2.763671875
3.083	2.7685546875
3.084	2.7734375
3.085	2.7783203125
3.086	2.7880859375
3.087	2.783203125
3.088	2.783203125
3.089	2.79296875
3.09	2.79296875
3.091	2.79296875
3.092	2.7880859375
3.093	2.802734375
3.094	2.7978515625
3.095	2.802734375
3.096	2.8125
3.097	2.802734375
3.098	2.8076171875
3.099	2.8076171875
3.1	2.802734375
3.101	2.7978515625
3.102004	2.802734375
3.103	2.79296875
3.104004	2.7978515625
3.105004	2.7880859375
3.106004	2.783203125
3.107004	2.7880859375
3.108004	2.783203125
3.109	2.7734375
3.11	2.7783203125
3.111	2.763671875
3.112	2.763671875
3.113	2.763671875
3.114	2.75390625
3.115	2.7490234375
3.116	2.7490234375
3.117	2.744140625
3.118	2.7392578125
3.119	2.744140625
3.12	2.744140625
3.121	2.75390625
3.122	2.7587890625
3.123	2.7587890625
3.124	2.763671875
3.125	2.763671875
3.126	2.7734375
3.127	2.7783203125
3.128	2.783203125
3.129	2.7880859375
3.13	2.783203125
3.131	2.7880859375
3.132	2.7880859375
3.133	2.7978515625
3.134	2.79296875
3.135	2.7978515625
3.136	2.7978515625
3.137	2.8076171875
3.138	2.8076171875
3.139	2.802734375
3.14	2.802734375
3.141	2.802734375
3.142	2.79296875
3.143	2.7978515625
3.144	2.79296875
3.144996	2.7978515625
3.146004	2.79296875
3.147004	2.79296875
3.148004	2.783203125
3.149004	2.783203125
3.150004	2.79296875
3.151004	2.783203125
3.152	2.7783203125
3.153	2.763671875
3.154	2.763671875
3.155	2.763671875
3.156	2.763671875
3.157	2.7587890625
3.158	2.744140625
3.159	2.7490234375
3.16	2.7490234375
3.161	2.75390625
3.162	2.7490234375
3.163	2.7490234375
3.164	2.7490234375
3.165	2.7587890625
3.166	2.7587890625
3.167	2.763671875
3.168	2.7685546875
3.169	2.7783203125
3.17	2.7734375
3.171	2.783203125
3.172	2.7880859375
3.173	2.7880859375
3.174	2.79296875
3.175	2.79296875
3.176	2.79296875
3.177	2.79296875
3.178	2.7978515625
3.179	2.802734375
3.18	2.7978515625
3.181	2.802734375
3.182	2.8125
3.183	2.8125
3.184	2.8076171875
3.185	2.8076171875
3.186	2.802734375
3.186996	2.7978515625
3.188004	2.7978515625
3.189	2.79296875
3.190004	2.79296875
3.191004	2.783203125
3.192004	2.7783203125
3.193004	2.7880859375
3.194	2.7783203125
3.195	2.7783203125
3.196	2.7685546875
3.197	2.763671875
3.198	2.763671875
3.199	2.75390625
3.2	2.7587890625
3.201	2.75390625
3.202	2.75390625
3.203	2.744140625
3.204	2.744140625
3.205	2.7490234375
3.206	2.75390625
3.207	2.7587890625
3.208	2.763671875
3.209	2.763671875
3.21	2.7685546875
3.211	2.7734375
3.212	2.7783203125
3.213	2.783203125
3.214	2.7880859375
3.215	2.783203125
3.216	2.783203125
3.217	2.79296875
3.218	2.79296875
3.219	2.7978515625
3.22	2.79296875
3.221	2.802734375
3.222	2.802734375
3.223	2.7978515625
3.224	2.8125
3.225	2.8076171875
3.226	2.802734375
3.227	2.802734375
3.228	2.7978515625
3.229	2.79296875
3.230004	2.7978515625
3.231	2.7978515625
3.232004	2.7880859375
3.233004	2.783203125
3.234004	2.7880859375
3.235004	2.7880859375
3.236004	2.783203125
3.237	2.7734375
3.238	2.7783203125
3.239	2.763671875
3.24	2.75390625
3.241	2.7587890625
3.242	2.7587890625
3.243	2.763671875
3.244	2.744140625
3.245	2.75390625
3.246	2.75390625
3.247	2.75390625
3.248	2.75390625
3.249	2.7587890625
3.25	2.763671875
3.251	2.7587890625
3.252	2.7685546875
3.253	2.763671875
3.254	2.7783203125
3.255	2.7734375
3.256	2.783203125
3.257	2.783203125
3.258	2.7880859375
3.259	2.79296875
3.26	2.79296875
3.261	2.7978515625
3.262	2.7978515625
3.263	2.7978515625
3.264	2.802734375
3.265	2.802734375
3.266	2.8076171875
3.267	2.802734375
3.268	2.8076171875
3.269	2.802734375
3.27	2.802734375
3.271	2.802734375
3.272	2.802734375
3.272996	2.79296875
3.274004	2.7880859375
3.275004	2.79296875
3.276004	2.783203125
3.277004	2.7880859375
3.278004	2.783203125
3.279004	2.783203125
3.28	2.7685546875
3.281	2.7685546875
3.282	2.763671875
3.283	2.763671875
3.284	2.7587890625
3.285	2.75390625
3.286	2.7587890625
3.287	2.75390625
3.288	2.7490234375
3.289	2.75390625
3.29	2.7490234375
3.291	2.7587890625
3.292	2.75390625
3.293	2.763671875
3.294	2.763671875
3.295	2.7685546875
3.296	2.7685546875
3.297	2.7685546875
3.298	2.783203125
3.299	2.783203125
3.3	2.7880859375
3.301	2.7880859375
3.302	2.7880859375
3.303	2.79296875
3.304	2.7978515625
3.305	2.7978515625
3.306	2.79296875
3.307	2.802734375
3.308	2.7978515625
3.309	2.7978515625
3.31	2.802734375
3.311	2.802734375
3.312	2.7978515625
3.313	2.802734375
3.314	2.7978515625
3.314996	2.7978515625
3.316004	2.7978515625
3.317	2.7880859375
3.318004	2.7880859375
3.319004	2.783203125
3.320004	2.7880859375
3.321004	2.783203125
3.322	2.7783203125
3.323	2.7783203125
3.324	2.7685546875
3.325	2.7685546875
3.326	2.763671875
3.327	2.7587890625
3.328	2.7587890625
3.329	2.75390625
3.33	2.7490234375
3.331	2.75390625
3.332	2.7490234375
3.333	2.75390625
3.334	2.7587890625
3.335	2.7587890625
3.336	2.763671875
3.337	2.7685546875
3.338	2.7685546875
3.339	2.7734375
3.34	2.7734375
3.341	2.7783203125
3.342	2.783203125
3.343	2.783203125
3.344	2.79296875
3.345	2.79296875
3.346	2.7978515625
3.347	2.79296875
3.348	2.802734375
3.349	2.7978515625
3.35	2.802734375
3.351	2.802734375
3.352	2.7978515625
3.353	2.7978515625
3.354	2.7978515625
3.355	2.79296875
3.356	2.7978515625
3.357	2.7978515625
3.358004	2.7978515625
3.359	2.7880859375
3.360004	2.783203125
3.361004	2.7880859375
3.362004	2.783203125
3.363004	2.7783203125
3.364004	2.7880859375
3.365	2.7783203125
3.366	2.7783203125
3.367	2.7685546875
3.368	2.7587890625
3.369	2.7587890625
3.37	2.763671875
3.371	2.75390625
3.372	2.7490234375
3.373	2.75390625
3.374	2.75390625
3.375	2.75390625
3.376	2.75390625
3.377	2.763671875
3.378	2.7587890625
3.379	2.763671875
3.38	2.7685546875
3.381	2.7734375
3.382	2.7734375
3.383	2.7783203125
3.384	2.7783203125
3.385	2.783203125
3.386	2.7880859375
3.387	2.7880859375
3.388	2.7880859375
3.389	2.7978515625
3.39	2.79296875
3.391	2.802734375
3.392	2.7978515625
3.393	2.7978515625
3.394	2.802734375
3.395	2.802734375
3.396	2.8076171875
3.397	2.7978515625
3.398	2.7978515625
3.399	2.79296875
3.4	2.7978515625
3.400996	2.79296875
3.402004	2.7880859375
3.403004	2.7880859375
3.404004	2.7880859375
3.405004	2.7880859375
3.406004	2.7783203125
3.407004	2.783203125
3.408	2.7734375
3.409	2.7685546875
3.41	2.7685546875
3.411	2.7685546875
3.412	2.7587890625
3.413	2.7587890625
3.414	2.7587890625
3.415	2.7587890625
3.416	2.7587890625
3.417	2.7490234375
3.418	2.7490234375
3.419	2.7587890625
3.42	2.763671875
3.421	2.763671875
3.422	2.763671875
3.423	2.7734375
3.424	2.7783203125
3.425	2.7783203125
3.426	2.783203125
3.427	2.783203125
3.428	2.783203125
3.429	2.783203125
3.43	2.783203125
3.431	2.7978515625
3.432	2.7978515625
3.433	2.7978515625
3.434	2.802734375
3.435	2.802734375
3.436	2.802734375
3.437	2.802734375
3.438	2.7978515625
3.439	2.7978515625
3.44	2.7978515625
3.441	2.7978515625
3.442	2.7978515625
3.442996	2.79296875
3.444004	2.7978515625
3.445	2.7880859375
3.446004	2.7783203125
3.447004	2.783203125
3.448004	2.7783203125
3.449004	2.783203125
3.45	2.7783203125
3.451	2.7734375
3.452	2.7685546875
3.453	2.7685546875
3.454	2.763671875
3.455	2.763671875
3.456	2.75390625
3.457	2.75390625
3.458	2.7587890625
3.459	2.75390625
3.46	2.7587890625
3.461	2.7587890625
3.462	2.7587890625
3.463	2.763671875
3.464	2.7587890625
3.465	2.7587890625
3.466	2.7685546875
3.467	2.7783203125
3.468	2.7783203125
3.469	2.783203125
3.47	2.7880859375
3.471	2.783203125
3.472	2.783203125
3.473	2.7978515625
3.474	2.7978515625
3.475	2.7978515625
3.476	2.7978515625
3.477	2.802734375
3.478	2.802734375
3.479	2.802734375
3.48	2.7978515625
3.481	2.802734375
3.482	2.802734375
3.483	2.7978515625
3.484	2.7978515625
3.485	2.7978515625
3.486004	2.7978515625
3.487	2.79296875
3.488004	2.7783203125
3.489004	2.7880859375
3.490004	2.7880859375
3.491004	2.783203125
3.492004	2.7783203125
3.493	2.7685546875
3.494	2.7734375
3.495	2.763671875
3.496	2.763671875
3.497	2.75390625
3.498	2.763671875
3.499	2.7587890625
3.5	2.75390625
3.501	2.75390625
3.502	2.7490234375
3.503	2.7587890625
3.504	2.7587890625
3.505	2.763671875
3.506	2.763671875
3.507	2.763671875
3.508	2.763671875
3.509	2.7734375
3.51	2.7783203125
3.511	2.7880859375
3.512	2.7783203125
3.513	2.783203125
3.514	2.783203125
3.515	2.783203125
3.516	2.79296875
3.517	2.79296875
3.518	2.7978515625
3.519	2.79296875
3.52	2.79296875
3.521	2.802734375
3.522	2.7978515625
3.523	2.802734375
3.524	2.802734375
3.525	2.7978515625
3.526	2.7978515625
3.527	2.7880859375
3.528	2.79296875
3.528996	2.7978515625
3.530004	2.7880859375
3.531004	2.7880859375
3.532004	2.7880859375
3.533004	2.7880859375
3.534004	2.7783203125
3.535004	2.7734375
3.536	2.7783203125
3.537	2.7734375
3.538	2.7685546875
3.539	2.763671875
3.54	2.7587890625
3.541	2.7587890625
3.542	2.75390625
3.543	2.7587890625
3.544	2.75390625
3.545	2.763671875
3.546	2.75390625
3.547	2.75390625
3.548	2.7587890625
3.549	2.763671875
3.55	2.7685546875
3.551	2.7685546875
3.552	2.7734375
3.553	2.7783203125
3.554	2.7783203125
3.555	2.7880859375
3.556	2.7880859375
3.557	2.783203125
3.558	2.7880859375
3.559	2.79296875
3.56	2.7978515625
3.561	2.7978515625
3.562	2.79296875
3.563	2.802734375
3.564	2.7978515625
3.565	2.802734375
3.566	2.7978515625
3.567	2.802734375
3.568	2.802734375
3.569	2.7978515625
3.57	2.7978515625
3.570996	2.79296875
3.572004	2.7783203125
3.573	2.79296875
3.574004	2.7880859375
3.575004	2.783203125
3.576004	2.783203125
3.577004	2.7783203125
3.578	2.7734375
3.579	2.7734375
3.58	2.7685546875
3.581	2.7685546875
3.582	2.7587890625
3.583	2.763671875
3.584	2.763671875
3.585	2.75390625
3.586	2.7587890625
3.587	2.7587890625
3.588	2.7587890625
3.589	2.75390625
3.59	2.7587890625
3.591	2.7685546875
3.592	2.763671875
3.593	2.7783203125
3.594	2.7783203125
3.595	2.783203125
3.596	2.783203125
3.597	2.7880859375
3.598	2.783203125
3.599	2.7880859375
3.6	2.79296875
3.601	2.7880859375
3.602	2.7880859375
3.603	2.79296875
3.604	2.7978515625
3.605	2.79296875
3.606	2.79296875
3.607	2.802734375
3.608	2.79296875
3.609	2.802734375
3.61	2.79296875
3.611	2.7978515625
3.612	2.7978515625
3.613	2.79296875
3.614004	2.79296875
3.615	2.7880859375
3.616004	2.7880859375
3.617004	2.783203125
3.618004	2.783203125
3.619004	2.7783203125
3.620004	2.7734375
3.621	2.7734375
3.622	2.7685546875
3.623	2.7685546875
3.624	2.75390625
3.625	2.763671875
3.626	2.763671875
3.627	2.7587890625
3.628	2.763671875
3.629	2.763671875
3.63	2.763671875
3.631	2.7587890625
3.632	2.7685546875
3.633	2.763671875
3.634	2.7685546875
3.635	2.7734375
3.636	2.7685546875
3.637	2.7783203125
3.638	2.7783203125
3.639	2.7880859375
3.64	2.7880859375
3.641	2.783203125
3.642	2.7880859375
3.643	2.7880859375
3.644	2.7880859375
3.645	2.79296875
3.646	2.7978515625
3.647	2.7978515625
3.648	2.7978515625
3.649	2.7978515625
3.65	2.7978515625
3.651	2.802734375
3.652	2.79296875
3.653	2.7978515625
3.654	2.7978515625
3.655	2.7978515625
3.656	2.79296875
3.656996	2.7880859375
3.658004	2.7880859375
3.659004	2.7880859375
3.660004	2.783203125
3.661004	2.783203125
3.662004	2.783203125
3.663004	2.7783203125
3.664	2.7783203125
3.665	2.7734375
3.666	2.7685546875
3.667	2.763671875
3.668	2.7587890625
3.669	2.7587890625
3.67	2.75390625
3.671	2.75390625
3.672	2.75390625
3.673	2.763671875
3.674	2.763671875
3.675	2.7587890625
3.676	2.763671875
3.677	2.7685546875
3.678	2.7685546875
3.679	2.7783203125
3.68	2.783203125
3.681	2.783203125
3.682	2.7783203125
3.683	2.783203125
3.684	2.7880859375
3.685	2.79296875
3.686	2.79296875
3.687	2.7880859375
3.688	2.7978515625
3.689	2.79296875
3.69	2.7978515625
3.691	2.7978515625
3.692	2.79296875
3.693	2.7978515625
3.694	2.7978515625
3.695	2.79296875
3.696	2.7978515625
3.697	2.79296875
3.698	2.7880859375
3.698996	2.7880859375
3.700004	2.79296875
3.701	2.7880859375
3.702004	2.7880859375
3.703004	2.7880859375
3.704004	2.7783203125
3.705004	2.7783203125
3.706	2.7734375
3.707	2.7734375
3.708	2.763671875
3.709	2.7685546875
3.71	2.763671875
3.711	2.7587890625
3.712	2.7587890625
3.713	2.75390625
3.714	2.763671875
3.715	2.763671875
3.716	2.763671875
3.717	2.7685546875
3.718	2.7685546875
3.719	2.7734375
3.72	2.763671875
3.721	2.7685546875
3.722	2.7783203125
3.723	2.783203125
3.724	2.783203125
3.725	2.7880859375
3.726	2.783203125
3.727	2.7880859375
3.728	2.783203125
3.729	2.79296875
3.73	2.79296875
3.731	2.79296875
3.732	2.79296875
3.733	2.802734375
3.734	2.802734375
3.735	2.79296875
3.736	2.7978515625
3.737	2.79296875
3.738	2.7978515625
3.739	2.7978515625
3.74	2.79296875
3.741	2.7880859375
3.742004	2.7880859375
3.743	2.783203125
3.744004	2.783203125
3.745004	2.783203125
3.746004	2.7783203125
3.747004	2.783203125
3.748004	2.7783203125
3.749	2.7783203125
3.75	2.763671875
3.751	2.763671875
3.752	2.763671875
3.753	2.763671875
3.754	2.763671875
3.755	2.763671875
3.756	2.7587890625
3.757	2.7587890625
3.758	2.763671875
3.759	2.7587890625
3.76	2.75390625
3.761	2.7685546875
3.762	2.7685546875
3.763	2.7783203125
3.764	2.7783203125
3.765	2.783203125
3.766	2.7783203125
3.767	2.7783203125
3.768	2.7880859375
3.769	2.7880859375
3.77	2.7783203125
3.771	2.79296875
3.772	2.783203125
3.773	2.7978515625
3.774	2.79296875
3.775	2.79296875
3.776	2.7978515625
3.777	2.7978515625
3.778	2.79296875
3.779	2.802734375
3.78	2.802734375
3.781	2.7978515625
3.782	2.7978515625
3.783	2.7978515625
3.784	2.79296875
3.784996	2.7880859375
3.786004	2.7880859375
3.787004	2.7880859375
3.788004	2.783203125
3.789004	2.783203125
3.790004	2.7783203125
3.791004	2.7734375
3.792	2.7734375
3.793	2.7685546875
3.794	2.7685546875
3.795	2.763671875
3.796	2.7587890625
3.797	2.75390625
3.798	2.75390625
3.799	2.7587890625
3.8	2.75390625
3.801	2.7587890625
3.802	2.7685546875
3.803	2.7685546875
3.804	2.763671875
3.805	2.7734375
3.806	2.7734375
3.807	2.7783203125
3.808	2.783203125
3.809	2.783203125
3.81	2.7783203125
3.811	2.7880859375
3.812	2.7880859375
3.813	2.7880859375
3.814	2.7880859375
3.815	2.7880859375
3.816	2.7880859375
3.817	2.79296875
3.818	2.7978515625
3.819	2.7978515625
3.82	2.7978515625
3.821	2.7978515625
3.822	2.79296875
3.823	2.7978515625
3.824	2.7978515625
3.825	2.7978515625
3.826	2.7880859375
3.826996	2.7880859375
3.828004	2.79296875
3.829	2.79296875
3.830004	2.7880859375
3.831004	2.7783203125
3.832004	2.7783203125
3.833004	2.7685546875
3.834	2.7685546875
3.835	2.7734375
3.836	2.7685546875
3.837	2.7685546875
3.838	2.763671875
3.839	2.763671875
3.84	2.7587890625
3.841	2.7587890625
3.842	2.7587890625
3.843	2.763671875
3.844	2.7587890625
3.845	2.763671875
3.846	2.7685546875
3.847	2.7685546875
3.848	2.7685546875
3.849	2.7783203125
3.85	2.7783203125
3.851	2.7783203125
3.852	2.783203125
3.853	2.7880859375
3.854	2.7880859375
3.855	2.783203125
3.856	2.7880859375
3.857	2.79296875
3.858	2.79296875
3.859	2.7978515625
3.86	2.7978515625
3.861	2.79296875
3.862	2.802734375
3.863	2.7978515625
3.864	2.7978515625
3.865	2.7978515625
3.866	2.7978515625
3.867	2.79296875
3.868	2.7880859375
3.869	2.79296875
3.870004	2.7880859375
3.871	2.79296875
3.872004	2.7880859375
3.873004	2.783203125
3.874004	2.783203125
3.875004	2.7734375
3.876004	2.7685546875
3.877	2.7734375
3.878	2.763671875
3.879	2.7685546875
3.88	2.763671875
3.881	2.7587890625
3.882	2.763671875
3.883	2.7685546875
3.884	2.763671875
3.885	2.7685546875
3.886	2.763671875
3.887	2.7685546875
3.888	2.7587890625
3.889	2.763671875
3.89	2.7685546875
3.891	2.7734375
3.892	2.7783203125
3.893	2.7783203125
3.894	2.7783203125
3.895	2.783203125
3.896	2.7880859375
3.897	2.7880859375
3.898	2.7880859375
3.899	2.7978515625
3.9	2.7978515625
3.901	2.79296875
3.902	2.79296875
3.903	2.79296875
3.904	2.7978515625
3.905	2.7978515625
3.906	2.79296875
3.907	2.7978515625
3.908	2.7978515625
3.909	2.7978515625
3.91	2.7880859375
3.911	2.79296875
3.912	2.783203125
3.912996	2.79296875
3.914004	2.7880859375
3.915004	2.783203125
3.916004	2.7783203125
3.917004	2.783203125
3.918004	2.7734375
3.919004	2.7783203125
3.92	2.7685546875
3.921	2.763671875
3.922	2.7685546875
3.923	2.763671875
3.924	2.763671875
3.925	2.763671875
3.926	2.763671875
3.927	2.7587890625
3.928	2.763671875
3.929	2.763671875
3.93	2.763671875
3.931	2.763671875
3.932	2.7685546875
3.933	2.7783203125
3.934	2.7734375
3.935	2.783203125
3.936	2.7783203125
3.937	2.783203125
3.938	2.7880859375
3.939	2.783203125
3.94	2.783203125
3.941	2.783203125
3.942	2.79296875
3.943	2.79296875
3.944	2.7978515625
3.945	2.79296875
3.946	2.7978515625
3.947	2.7978515625
3.948	2.79296875
3.949	2.802734375
3.95	2.7978515625
3.951	2.7978515625
3.952	2.79296875
3.953	2.79296875
3.954	2.7880859375
3.954996	2.7880859375
3.956004	2.783203125
3.957	2.7880859375
3.958004	2.783203125
3.959004	2.7783203125
3.960004	2.783203125
3.961004	2.783203125
3.962	2.7783203125
3.963	2.7734375
3.964	2.7685546875
3.965	2.7685546875
3.966	2.763671875
3.967	2.75390625
3.968	2.763671875
3.969	2.7587890625
3.97	2.7587890625
3.971	2.7587890625
3.972	2.763671875
3.973	2.763671875
3.974	2.763671875
3.975	2.7734375
3.976	2.7783203125
3.977	2.7734375
3.978	2.783203125
3.979	2.7880859375
3.98	2.7880859375
3.981	2.783203125
3.982	2.7880859375
3.983	2.7880859375
3.984	2.79296875
3.985	2.7880859375
3.986	2.79296875
3.987	2.7978515625
3.988	2.7978515625
3.989	2.79296875
3.99	2.7978515625
3.991	2.7978515625
3.992	2.79296875
3.993	2.79296875
3.994	2.79296875
3.995	2.79296875
3.996	2.7880859375
3.997	2.783203125
3.998004	2.7880859375
3.999	2.7880859375
4.000004	2.783203125
4.001004	2.783203125
4.002004	2.783203125
4.003004	2.7783203125
4.004004	2.7734375
4.005	2.7685546875
4.006	2.763671875
4.007	2.763671875
4.008	2.7685546875
4.009	2.7685546875
4.01	2.7685546875
4.011	2.763671875
4.012	2.7587890625
4.013	2.763671875
4.014	2.763671875
4.015	2.763671875
4.016	2.7685546875
4.017	2.7734375
4.018	2.7783203125
4.019	2.7783203125
4.02	2.7734375
4.021	2.783203125
4.022	2.79296875
4.023	2.7880859375
4.024	2.783203125
4.025	2.783203125
4.026	2.79296875
4.027	2.7978515625
4.028	2.7880859375
4.029	2.79296875
4.03	2.79296875
4.031	2.7978515625
4.032	2.7978515625
4.033	2.802734375
4.034	2.7978515625
4.035	2.79296875
4.036	2.79296875
4.037	2.7978515625
4.038	2.7880859375
4.039	2.79296875
4.04	2.7880859375
4.040996	2.7783203125
4.042004	2.783203125
4.043004	2.783203125
4.044004	2.7783203125
4.045004	2.7783203125
4.046004	2.7783203125
4.047004	2.7783203125
4.048	2.7734375
4.049	2.7685546875
4.05	2.763671875
4.051	2.7685546875
4.052	2.763671875
4.053	2.763671875
4.054	2.763671875
4.055	2.763671875
4.056	2.763671875
4.057	2.7587890625
4.058	2.763671875
4.059	2.7685546875
4.06	2.7734375
4.061	2.7734375
4.062	2.7734375
4.063	2.7783203125
4.064	2.7783203125
4.065	2.7880859375
4.066	2.783203125
4.067	2.7880859375
4.068	2.7880859375
4.069	2.7880859375
4.07	2.7978515625
4.071	2.79296875
4.072	2.7880859375
4.073	2.7978515625
4.074	2.7978515625
4.075	2.7978515625
4.076	2.79296875
4.077	2.79296875
4.078	2.7880859375
4.079	2.79296875
4.08	2.7880859375
4.081	2.7880859375
4.082	2.783203125
4.082996	2.7880859375
4.084004	2.79296875
4.085	2.7783203125
4.086004	2.7783203125
4.087004	2.783203125
4.088004	2.7783203125
4.089004	2.7734375
4.09	2.7734375
4.091	2.7685546875
4.092	2.7685546875
4.093	2.7685546875
4.094	2.763671875
4.095	2.763671875
4.096	2.763671875
4.097	2.763671875
4.098	2.7587890625
4.099	2.763671875
4.1	2.763671875
4.101	2.7685546875
4.102	2.7783203125
4.103	2.7734375
4.104	2.7783203125
4.105	2.783203125
4.106	2.783203125
4.107	2.783203125
4.108	2.7880859375
4.109	2.7880859375
4.11	2.7880859375
4.111	2.79296875
4.112	2.7880859375
4.113	2.7880859375
4.114	2.79296875
4.115	2.7978515625
4.116	2.7978515625
4.117	2.7880859375
4.118	2.7978515625
4.119	2.7978515625
4.12	2.79296875
4.121	2.79296875
4.122	2.79296875
4.123	2.79296875
4.124	2.79296875
4.125	2.7880859375
4.126004	2.7783203125
4.127	2.7783203125
4.128004	2.7880859375
4.129004	2.783203125
4.130004	2.783203125
4.131004	2.7783203125
4.132004	2.7783203125
4.133	2.7734375
4.134	2.763671875
4.135	2.7685546875
4.136	2.7685546875
4.137	2.7685546875
4.138	2.7685546875
4.139	2.763671875
4.14	2.7587890625
4.141	2.7685546875
4.142	2.763671875
4.143	2.7685546875
4.144	2.7734375
4.145	2.7734375
4.146	2.7783203125
4.147	2.7783203125
4.148	2.7783203125
4.149	2.7783203125
4.15	2.7783203125
4.151	2.783203125
4.152	2.7880859375
4.153	2.7880859375
4.154	2.79296875
4.155	2.79296875
4.156	2.79296875
4.157	2.7880859375
4.158	2.79296875
4.159	2.79296875
4.16	2.79296875
4.161	2.7978515625
4.162	2.7978515625
4.163	2.7978515625
4.164	2.7978515625
4.165	2.7978515625
4.166	2.7880859375
4.167	2.7783203125
4.168	2.7880859375
4.168996	2.783203125
4.170004	2.783203125
4.171004	2.7783203125
4.172004	2.783203125
4.173004	2.7685546875
4.174004	2.7734375
4.175004	2.7783203125
4.176	2.7734375
4.177	2.7685546875
4.178	2.763671875
4.179	2.7685546875
4.18	2.7587890625
4.181	2.763671875
4.182	2.763671875
4.183	2.7685546875
4.184	2.763671875
4.185	2.7685546875
4.186	2.7685546875
4.187	2.7783203125
4.188	2.7685546875
4.189	2.7783203125
4.19	2.7783203125
4.191	2.7880859375
4.192	2.783203125
4.193	2.7880859375
4.194	2.7880859375
4.195	2.79296875
4.196	2.79296875
4.197	2.7978515625
4.198	2.7880859375
4.199	2.7978515625
4.2	2.7978515625
4.201	2.7978515625
4.202	2.7978515625
4.203	2.79296875
4.204	2.7880859375
4.205	2.7978515625
4.206	2.7978515625
4.207	2.7880859375
4.208	2.7880859375
4.209	2.7880859375
4.21	2.783203125
4.210996	2.783203125
4.212004	2.7880859375
4.213	2.783203125
4.214004	2.7880859375
4.215004	2.7783203125
4.216004	2.7783203125
4.217004	2.7734375
4.218	2.7734375
4.219	2.763671875
4.22	2.763671875
4.221	2.763671875
4.222	2.763671875
4.223	2.763671875
4.224	2.7685546875
4.225	2.763671875
4.226	2.7685546875
4.227	2.763671875
4.228	2.7685546875
4.229	2.7685546875
4.23	2.7734375
4.231	2.7783203125
4.232	2.7783203125
4.233	2.783203125
4.234	2.783203125
4.235	2.7880859375
4.236	2.783203125
4.237	2.783203125
4.238	2.7880859375
4.239	2.79296875
4.24	2.7880859375
4.241	2.7978515625
4.242	2.79296875
4.243	2.79296875
4.244	2.7978515625
4.245	2.7880859375
4.246	2.7978515625
4.247	2.7978515625
4.248	2.79296875
4.249	2.79296875
4.25	2.7880859375
4.251	2.7880859375
4.252	2.7880859375
4.253	2.783203125
4.254004	2.7880859375
4.255	2.783203125
4.256004	2.783203125
4.257004	2.7734375
4.258004	2.7783203125
4.259004	2.7783203125
4.260004	2.7734375
4.261	2.7734375
4.262	2.7734375
4.263	2.763671875
4.264	2.763671875
4.265	2.7685546875
4.266	2.7685546875
4.267	2.763671875
4.268	2.763671875
4.269	2.763671875
4.27	2.763671875
4.271	2.7685546875
4.272	2.7685546875
4.273	2.7734375
4.274	2.7783203125
4.275	2.7783203125
4.276	2.783203125
4.277	2.783203125
4.278	2.7783203125
4.279	2.783203125
4.28	2.7783203125
4.281	2.783203125
4.282	2.7880859375
4.283	2.7978515625
4.284	2.79296875
4.285	2.7978515625
4.286	2.7978515625
4.287	2.79296875
4.288	2.7978515625
4.289	2.7978515625
4.29	2.79296875
4.291	2.7880859375
4.292	2.7880859375
4.293	2.783203125
4.294	2.783203125
4.295	2.7880859375
4.296	2.7880859375
4.296996	2.783203125
4.298004	2.783203125
4.299004	2.7783203125
4.300004	2.7734375
4.301004	2.7734375
4.302004	2.7783203125
4.303004	2.7734375
4.304	2.763671875
4.305	2.7685546875
4.306	2.7685546875
4.307	2.763671875
4.308	2.7685546875
4.309	2.7685546875
4.31	2.763671875
4.311	2.763671875
4.312	2.7734375
4.313	2.7734375
4.314	2.7685546875
4.315	2.7734375
4.316	2.7783203125
4.317	2.783203125
4.318	2.7783203125
4.319	2.7734375
4.32	2.7880859375
4.321	2.783203125
4.322	2.7880859375
4.323	2.7880859375
4.324	2.783203125
4.325	2.7978515625
4.326	2.79296875
4.327	2.79296875
4.328	2.7978515625
4.329	2.7978515625
4.33	2.79296875
4.331	2.802734375
4.332	2.7978515625
4.333	2.7880859375
4.334	2.79296875
4.335	2.7880859375
4.336	2.7880859375
4.337	2.7880859375
4.338	2.783203125
4.338996	2.783203125
4.340004	2.7783203125
4.341	2.7734375
4.342004	2.783203125
4.343004	2.7783203125
4.344004	2.7685546875
4.345004	2.7783203125
4.346	2.7734375
4.347	2.763671875
4.348	2.763671875
4.349	2.763671875
4.35	2.763671875
4.351	2.763671875
4.352	2.7587890625
4.353	2.7685546875
4.354	2.7587890625
4.355	2.763671875
4.356	2.7734375
4.357	2.7734375
4.358	2.7734375
4.359	2.783203125
4.36	2.783203125
4.361	2.783203125
4.362	2.7880859375
4.363	2.783203125
4.364	2.7783203125
4.365	2.7880859375
4.366	2.7880859375
4.367	2.79296875
4.368	2.79296875
4.369	2.79296875
4.37	2.79296875
4.371	2.7880859375
4.372	2.79296875
4.373	2.7978515625
4.374	2.7880859375
4.375	2.79296875
4.376	2.7978515625
4.377	2.7880859375
4.378	2.7880859375
4.379	2.7880859375
4.38	2.7880859375
4.381	2.7880859375
4.382004	2.7783203125
4.383	2.7880859375
4.384004	2.783203125
4.385004	2.783203125
4.386004	2.7685546875
4.387004	2.7783203125
4.388004	2.7685546875
4.389	2.7734375
4.39	2.7685546875
4.391	2.7587890625
4.392	2.7685546875
4.393	2.7685546875
4.394	2.7734375
4.395	2.763671875
4.396	2.7734375
4.397	2.7685546875
4.398	2.7734375
4.399	2.7734375
4.4	2.7783203125
4.401	2.7783203125
4.402	2.7734375
4.403	2.7783203125
4.404	2.783203125
4.405	2.783203125
4.406	2.783203125
4.407	2.783203125
4.408	2.783203125
4.409	2.79296875
4.41	2.7880859375
4.411	2.7880859375
4.412	2.79296875
4.413	2.7978515625
4.414	2.79296875
4.415	2.79296875
4.416	2.7880859375
4.417	2.7880859375
4.418	2.79296875
4.419	2.7880859375
4.42	2.7880859375
4.421	2.783203125
4.422	2.783203125
4.423	2.783203125
4.424	2.783203125
4.424996	2.7880859375
4.426004	2.7783203125
4.427004	2.7734375
4.428004	2.7783203125
4.429004	2.7734375
4.430004	2.7734375
4.431004	2.7685546875
4.432	2.7685546875
4.433	2.763671875
4.434	2.7685546875
4.435	2.7685546875
4.436	2.7685546875
4.437	2.763671875
4.438	2.7685546875
4.439	2.7734375
4.44	2.7685546875
4.441	2.7685546875
4.442	2.7734375
4.443	2.7783203125
4.444	2.7783203125
4.445	2.7783203125
4.446	2.783203125
4.447	2.783203125
4.448	2.7880859375
4.449	2.7880859375
4.45	2.783203125
4.451	2.7880859375
4.452	2.7880859375
4.453	2.7880859375
4.454	2.7978515625
4.455	2.79296875
4.456	2.783203125
4.457	2.7880859375
4.458	2.79296875
4.459	2.79296875
4.46	2.7978515625
4.461	2.79296875
4.462	2.79296875
4.463	2.7880859375
4.464	2.7880859375
4.465	2.7880859375
4.466	2.7880859375
4.466996	2.7783203125
4.468004	2.783203125
4.469	2.7783203125
4.470004	2.7880859375
4.471004	2.7783203125
4.472004	2.7734375
4.473004	2.7734375
4.474	2.7734375
4.475	2.7734375
4.476	2.7685546875
4.477	2.763671875
4.478	2.7685546875
4.479	2.7685546875
4.48	2.7685546875
4.481	2.7685546875
4.482	2.7685546875
4.483	2.7685546875
4.484	2.7734375
4.485	2.7685546875
4.486	2.7734375
4.487	2.783203125
4.488	2.7783203125
4.489	2.7783203125
4.49	2.7880859375
4.491	2.7880859375
4.492	2.7880859375
4.493	2.7880859375
4.494	2.7880859375
4.495	2.7880859375
4.496	2.79296875
4.497	2.79296875
4.498	2.7880859375
4.499	2.7880859375
4.5	2.7880859375
4.501	2.7880859375
4.502	2.7978515625
4.503	2.79296875
4.504	2.7880859375
4.505	2.7880859375
4.506	2.783203125
4.507	2.7880859375
4.508	2.7880859375
4.509	2.7880859375
4.510004	2.783203125
4.511	2.783203125
4.512004	2.7783203125
4.513004	2.7783203125
4.514004	2.7685546875
4.515004	2.763671875
4.516004	2.7734375
4.517	2.7734375
4.518	2.7734375
4.519	2.763671875
4.52	2.7685546875
4.521	2.7685546875
4.522	2.7685546875
4.523	2.763671875
4.524	2.7685546875
4.525	2.7587890625
4.526	2.7685546875
4.527	2.7783203125
4.528	2.7734375
4.529	2.7783203125
4.53	2.783203125
4.531	2.783203125
4.532	2.7880859375
4.533	2.79296875
4.534	2.7783203125
4.535	2.7880859375
4.536	2.7880859375
4.537	2.7880859375
4.538	2.7783203125
4.539	2.7978515625
4.54	2.7978515625
4.541	2.7880859375
4.542	2.7880859375
4.543	2.79296875
4.544	2.79296875
4.545	2.7880859375
4.546	2.79296875
4.547	2.79296875
4.548	2.79296875
4.549	2.7880859375
4.55	2.7880859375
4.551	2.7880859375
4.552	2.783203125
4.552996	2.783203125
4.554004	2.783203125
4.555004	2.783203125
4.556004	2.7734375
4.557004	2.7734375
4.558004	2.7734375
4.559004	2.7734375
4.56	2.763671875
4.561	2.7734375
4.562	2.763671875
4.563	2.7587890625
4.564	2.7685546875
4.565	2.763671875
4.566	2.7734375
4.567	2.7685546875
4.568	2.7685546875
4.569	2.7734375
4.57	2.7783203125
4.571	2.7783203125
4.572	2.783203125
4.573	2.783203125
4.574	2.7783203125
4.575	2.7783203125
4.576	2.7880859375
4.577	2.783203125
4.578	2.7880859375
4.579	2.783203125
4.58	2.7880859375
4.581	2.79296875
4.582	2.7978515625
4.583	2.79296875
4.584	2.7978515625
4.585	2.7978515625
4.586	2.79296875
4.587	2.7978515625
4.588	2.79296875
4.589	2.79296875
4.59	2.7880859375
4.591	2.7880859375
4.592	2.7880859375
4.593	2.783203125
4.594	2.783203125
4.594996	2.783203125
4.596004	2.7783203125
4.597	2.783203125
4.598004	2.783203125
4.599004	2.7783203125
4.600004	2.7734375
4.601004	2.7734375
4.602	2.763671875
4.603	2.7685546875
4.604	2.7685546875
4.605	2.763671875
4.606	2.7685546875
4.607	2.763671875
4.608	2.7587890625
4.609	2.7685546875
4.61	2.7734375
4.611	2.7685546875
4.612	2.7783203125
4.613	2.783203125
4.614	2.7783203125
4.615	2.783203125
4.616	2.7880859375
4.617	2.783203125
4.618	2.783203125
4.619	2.783203125
4.62	2.7880859375
4.621	2.7783203125
4.622	2.7880859375
4.623	2.7880859375
4.624	2.783203125
4.625	2.79296875
4.626	2.79296875
4.627	2.7978515625
4.628	2.79296875
4.629	2.79296875
4.63	2.7978515625
4.631	2.7978515625
4.632	2.7880859375
4.633	2.7880859375
4.634	2.7880859375
4.635	2.783203125
4.636	2.7880859375
4.637	2.7880859375
4.638004	2.7783203125
4.639	2.783203125
4.640004	2.7734375
4.641004	2.7685546875
4.642004	2.7734375
4.643004	2.7685546875
4.644004	2.7783203125
4.645	2.7685546875
4.646	2.7685546875
4.647	2.763671875
4.648	2.7587890625
4.649	2.763671875
4.65	2.7685546875
4.651	2.7685546875
4.652	2.7734375
4.653	2.7734375
4.654	2.7734375
4.655	2.7783203125
4.656	2.7783203125
4.657	2.783203125
4.658	2.7880859375
4.659	2.783203125
4.66	2.783203125
4.661	2.7880859375
4.662	2.7880859375
4.663	2.7880859375
4.664	2.7880859375
4.665	2.783203125
4.666	2.7880859375
4.667	2.7880859375
4.668	2.79296875
4.669	2.7880859375
4.67	2.783203125
4.671	2.7880859375
4.672	2.7978515625
4.673	2.7880859375
4.674	2.79296875
4.675	2.7880859375
4.676	2.783203125
4.677	2.7880859375
4.678	2.7880859375
4.679	2.783203125
4.68	2.783203125
4.680996	2.7880859375
4.682004	2.783203125
4.683004	2.7734375
4.684004	2.783203125
4.685004	2.7734375
4.686004	2.7685546875
4.687004	2.7734375
4.688	2.7685546875
4.689	2.7734375
4.69	2.7685546875
4.691	2.7734375
4.692	2.7685546875
4.693	2.7685546875
4.694	2.7783203125
4.695	2.7734375
4.696	2.7783203125
4.697	2.7734375
4.698	2.7734375
4.699	2.7783203125
4.7	2.7783203125
4.701	2.7783203125
4.702	2.7783203125
4.703	2.783203125
4.704	2.7783203125
4.705	2.7783203125
4.706	2.7783203125
4.707	2.7880859375
4.708	2.783203125
4.709	2.79296875
4.71	2.79296875
4.711	2.79296875
4.712	2.79296875
4.713	2.79296875
4.714	2.7978515625
4.715	2.7978515625
4.716	2.79296875
4.717	2.79296875
4.718	2.7783203125
4.719	2.7880859375
4.72	2.7880859375
4.721	2.783203125
4.722	2.783203125
4.722996	2.783203125
4.724004	2.7783203125
4.725	2.7783203125
4.726004	2.7685546875
4.727004	2.7685546875
4.728004	2.7685546875
4.729004	2.7685546875
4.73	2.7685546875
4.731	2.763671875
4.732	2.7734375
4.733	2.7734375
4.734	2.7685546875
4.735	2.7685546875
4.736	2.7685546875
4.737	2.7734375
4.738	2.7685546875
4.739	2.7734375
4.74	2.7734375
4.741	2.7783203125
4.742	2.7734375
4.743	2.7783203125
4.744	2.7880859375
4.745	2.783203125
4.746	2.7880859375
4.747	2.783203125
4.748	2.7880859375
4.749	2.7880859375
4.75	2.7880859375
4.751	2.783203125
4.752	2.7978515625
4.753	2.7978515625
4.754	2.79296875
4.755	2.79296875
4.756	2.79296875
4.757	2.7880859375
4.758	2.79296875
4.759	2.7880859375
4.76	2.7880859375
4.761	2.7880859375
4.762	2.783203125
4.763	2.7880859375
4.764	2.783203125
4.765	2.7880859375
4.766004	2.783203125
4.767	2.7783203125
4.768004	2.783203125
4.769004	2.7783203125
4.770004	2.7734375
4.771004	2.7734375
4.772004	2.7685546875
4.773	2.7734375
4.774	2.7734375
4.775	2.7685546875
4.776	2.7685546875
4.777	2.7734375
4.778	2.763671875
4.779	2.7734375
4.78	2.7734375
4.781	2.7783203125
4.782	2.7783203125
4.783	2.7783203125
4.784	2.7783203125
4.785	2.783203125
4.786	2.783203125
4.787	2.783203125
4.788	2.783203125
4.789	2.783203125
4.79	2.783203125
4.791	2.783203125
4.792	2.7880859375
4.793	2.783203125
4.794	2.7880859375
4.795	2.7880859375
4.796	2.7978515625
4.797	2.7880859375
4.798	2.7880859375
4.799	2.7978515625
4.8	2.7880859375
4.801	2.783203125
4.802	2.79296875
4.803	2.79296875
4.804	2.7880859375
4.805	2.7880859375
4.806	2.783203125
4.807	2.783203125
4.808	2.783203125
4.808996	2.7783203125
4.810004	2.7783203125
4.811004	2.7734375
4.812004	2.7783203125
4.813004	2.7734375
4.814004	2.7734375
4.815004	2.7685546875
4.816	2.7734375
4.817	2.7685546875
4.818	2.7783203125
4.819	2.763671875
4.82	2.7685546875
4.821	2.7734375
4.822	2.7734375
4.823	2.7783203125
4.824	2.7783203125
4.825	2.7734375
4.826	2.7783203125
4.827	2.7783203125
4.828	2.7880859375
4.829	2.7783203125
4.83	2.7783203125
4.831	2.7783203125
4.832	2.783203125
4.833	2.7880859375
4.834	2.7880859375
4.835	2.783203125
4.836	2.7880859375
4.837	2.7880859375
4.838	2.7880859375
4.839	2.7978515625
4.84	2.7978515625
4.841	2.7978515625
4.842	2.7880859375
4.843	2.7880859375
4.844	2.7880859375
4.845	2.783203125
4.846	2.783203125
4.847	2.7783203125
4.848	2.783203125
4.849	2.7880859375
4.85	2.7880859375
4.850996	2.7880859375
4.852004	2.783203125
4.853	2.7783203125
4.854004	2.7783203125
4.855004	2.7734375
4.856004	2.7783203125
4.857004	2.7734375
4.858	2.7685546875
4.859	2.763671875
4.86	2.7734375
4.861	2.763671875
4.862	2.7685546875
4.863	2.7734375
4.864	2.7685546875
4.865	2.7783203125
4.866	2.7685546875
4.867	2.7783203125
4.868	2.783203125
4.869	2.7783203125
4.87	2.7783203125
4.871	2.7783203125
4.872	2.7880859375
4.873	2.7783203125
4.874	2.783203125
4.875	2.7880859375
4.876	2.7880859375
4.877	2.7880859375
4.878	2.79296875
4.879	2.783203125
4.88	2.783203125
4.881	2.783203125
4.882	2.7978515625
4.883	2.7880859375
4.884	2.79296875
4.885	2.7880859375
4.886	2.79296875
4.887	2.7880859375
4.888	2.783203125
4.889	2.783203125
4.89	2.783203125
4.891	2.783203125
4.892	2.7880859375
4.893	2.783203125
4.894004	2.783203125
4.895	2.7783203125
4.896004	2.7783203125
4.897004	2.7783203125
4.898004	2.7734375
4.899004	2.7685546875
4.900004	2.7783203125
4.901	2.7685546875
4.902	2.7734375
4.903	2.7685546875
4.904	2.763671875
4.905	2.7734375
4.906	2.7685546875
4.907	2.7734375
4.908	2.7734375
4.909	2.7734375
4.91	2.7685546875
4.911	2.7783203125
4.912	2.7783203125
4.913	2.7880859375
4.914	2.783203125
4.915	2.7880859375
4.916	2.783203125
4.917	2.783203125
4.918	2.783203125
4.919	2.783203125
4.92	2.79296875
4.921	2.7880859375
4.922	2.7880859375
4.923	2.783203125
4.924	2.7978515625
4.925	2.79296875
4.926	2.783203125
4.927	2.7880859375
4.928	2.79296875
4.929	2.783203125
4.93	2.7880859375
4.931	2.7880859375
4.932	2.783203125
4.933	2.7880859375
4.934	2.7880859375
4.935	2.7880859375
4.936	2.7734375
4.936996	2.783203125
4.938004	2.783203125
4.939004	2.7783203125
4.940004	2.7685546875
4.941004	2.7783203125
4.942004	2.7783203125
4.943004	2.7685546875
4.944	2.7685546875
4.945	2.7734375
4.946	2.7685546875
4.947	2.7734375
4.948	2.7734375
4.949	2.7783203125
4.95	2.7734375
4.951	2.7734375
4.952	2.7783203125
4.953	2.7734375
4.954	2.7734375
4.955	2.783203125
4.956	2.7880859375
4.957	2.783203125
4.958	2.783203125
4.959	2.7783203125
4.96	2.783203125
4.961	2.79296875
4.962	2.7880859375
4.963	2.79296875
4.964	2.7880859375
4.965	2.79296875
4.966	2.7880859375
4.967	2.783203125
4.968	2.7880859375
4.969	2.7880859375
4.97	2.79296875
4.971	2.7880859375
4.972	2.783203125
4.973	2.783203125
4.974	2.783203125
4.975	2.7880859375
4.976	2.783203125
4.977	2.783203125
4.978	2.783203125
4.978996	2.783203125
4.980004	2.783203125
4.981	2.7783203125
4.982004	2.7685546875
4.983004	2.7734375
4.984004	2.7783203125
4.985004	2.7734375
4.986	2.7685546875
4.987	2.7783203125
4.988	2.7685546875
4.989	2.763671875
4.99	2.7734375
4.991	2.7734375
4.992	2.7783203125
4.993	2.7734375
4.994	2.7783203125
4.995	2.7783203125
4.996	2.783203125
4.997	2.7783203125
4.998	2.7880859375
4.999	2.783203125
5.0	2.783203125
5.001	2.7880859375
5.002	2.783203125
5.003	2.7783203125
5.004	2.7880859375
5.005	2.7880859375
5.006	2.783203125
5.007	2.79296875
5.008	2.7880859375
5.009	2.79296875
5.01	2.79296875
5.011	2.7880859375
5.012	2.7880859375
5.013	2.79296875
5.014	2.7880859375
5.015	2.7880859375
5.016	2.7880859375
5.017	2.783203125
5.018	2.783203125
5.019	2.783203125
5.02	2.7783203125
5.021	2.783203125
5.022004	2.7783203125
5.023	2.7783203125
5.024004	2.7783203125
5.025004	2.7783203125
5.026004	2.7734375
5.027004	2.7685546875
5.028004	2.7783203125
5.029	2.7734375
5.03	2.7685546875
5.031	2.7734375
5.032	2.7734375
5.033	2.7734375
5.034	2.7685546875
5.035	2.7734375
5.036	2.7783203125
5.037	2.7783203125
5.038	2.783203125
5.039	2.7783203125
5.04	2.783203125
5.041	2.7783203125
5.042	2.7783203125
5.043	2.783203125
5.044	2.783203125
5.045	2.7880859375
5.046	2.7880859375
5.047	2.7880859375
5.048	2.79296875
5.049	2.783203125
5.05	2.7880859375
5.051	2.783203125
5.052	2.783203125
5.053	2.7880859375
5.054	2.79296875
5.055	2.79296875
5.056	2.7880859375
5.057	2.783203125
5.058	2.79296875
5.059	2.783203125
5.06	2.783203125
5.061	2.7880859375
5.062	2.7880859375
5.063	2.783203125
5.064	2.783203125
5.064996	2.7783203125
5.066004	2.7783203125
5.067004	2.7783203125
5.068004	2.7783203125
5.069004	2.7685546875
5.070004	2.7783203125
5.071004	2.7783203125
5.072	2.7734375
5.073	2.7783203125
5.074	2.7734375
5.075	2.7783203125
5.076	2.7783203125
5.077	2.7783203125
5.078	2.7783203125
5.079	2.7734375
5.08	2.7734375
5.081	2.783203125
5.082	2.7783203125
5.083	2.783203125
5.084	2.783203125
5.085	2.7783203125
5.086	2.783203125
5.087	2.7783203125
5.088	2.783203125
5.089	2.7880859375
5.09	2.7880859375
5.091	2.783203125
5.092	2.783203125
5.093	2.783203125
5.094	2.79296875
5.095	2.79296875
5.096	2.7880859375
5.097	2.79296875
5.098	2.79296875
5.099	2.79296875
5.1	2.7880859375
5.101	2.7880859375
5.102	2.7783203125
5.103	2.783203125
5.104	2.7880859375
5.105	2.7880859375
5.106	2.783203125
5.106996	2.783203125
5.108004	2.7783203125
5.109	2.7783203125
5.110004	2.7783203125
5.111004	2.7783203125
5.112004	2.7734375
5.113004	2.7783203125
5.114	2.7783203125
5.115	2.7685546875
5.116	2.7734375
5.117	2.7783203125
5.118	2.7685546875
5.119	2.7783203125
5.12	2.7734375
5.121	2.7734375
5.122	2.7783203125
5.123	2.7734375
5.124	2.7783203125
5.125	2.7783203125
5.126	2.7783203125
5.127	2.783203125
5.128	2.783203125
5.129	2.783203125
5.13	2.7880859375
5.131	2.7880859375
5.132	2.783203125
5.133	2.7880859375
5.134	2.79296875
5.135	2.79296875
5.136	2.7880859375
5.137	2.79296875
5.138	2.7880859375
5.139	2.79296875
5.14	2.783203125
5.141	2.7880859375
5.142	2.7880859375
5.143	2.783203125
5.144	2.783203125
5.145	2.7880859375
5.146	2.783203125
5.147	2.783203125
5.148	2.7783203125
5.149	2.7783203125
5.150004	2.783203125
5.151	2.7783203125
5.152004	2.7685546875
5.153004	2.7685546875
5.154004	2.7685546875
5.155004	2.7734375
5.156004	2.7685546875
5.157	2.7734375
5.158	2.7783203125
5.159	2.7685546875
5.16	2.7734375
5.161	2.7685546875
5.162	2.7783203125
5.163	2.7783203125
5.164	2.7783203125
5.165	2.7783203125
5.166	2.7783203125
5.167	2.7783203125
5.168	2.7880859375
5.169	2.783203125
5.17	2.783203125
5.171	2.783203125
5.172	2.7880859375
5.173	2.7880859375
5.174	2.783203125
5.175	2.783203125
5.176	2.79296875
5.177	2.7880859375
5.178	2.7880859375
5.179	2.79296875
5.18	2.7880859375
5.181	2.79296875
5.182	2.79296875
5.183	2.7880859375
5.184	2.783203125
5.185	2.783203125
5.186	2.7880859375
5.187	2.7880859375
5.188	2.7880859375
5.189	2.783203125
5.19	2.7783203125
5.191	2.783203125
5.192	2.7783203125
5.192996	2.7783203125
5.194004	2.7734375
5.195004	2.7783203125
5.196004	2.7734375
5.197004	2.7685546875
5.198004	2.7734375
5.199004	2.7783203125
5.2	2.7783203125
5.201	2.7685546875
5.202	2.7685546875
5.203	2.7734375
5.204	2.7783203125
5.205	2.7734375
5.206	2.7734375
5.207	2.7783203125
5.208	2.7783203125
5.209	2.783203125
5.21	2.783203125
5.211	2.7880859375
5.212	2.7783203125
5.213	2.7783203125
5.214	2.783203125
5.215	2.7783203125
5.216	2.783203125
5.217	2.7880859375
5.218	2.783203125
5.219	2.7880859375
5.22	2.79296875
5.221	2.79296875
5.222	2.7880859375
5.223	2.7880859375
5.224	2.7880859375
5.225	2.783203125
5.226	2.7880859375
5.227	2.79296875
5.228	2.7880859375
5.229	2.783203125
5.23	2.7880859375
5.231	2.783203125
5.232	2.783203125
5.233	2.783203125
5.234	2.7783203125
5.234996	2.7783203125
5.236004	2.783203125
5.237	2.7783203125
5.238004	2.7685546875
5.239004	2.7734375
5.240004	2.7734375
5.241004	2.7685546875
5.242	2.7783203125
5.243	2.7734375
5.244	2.7734375
5.245	2.7734375
5.246	2.7685546875
5.247	2.7734375
5.248	2.7783203125
5.249	2.7783203125
5.25	2.783203125
5.251	2.783203125
5.252	2.7783203125
5.253	2.783203125
5.254	2.7880859375
5.255	2.783203125
5.256	2.7880859375
5.257	2.7880859375
5.258	2.7880859375
5.259	2.7880859375
5.26	2.7783203125
5.261	2.7880859375
5.262	2.79296875
5.263	2.7880859375
5.264	2.79296875
5.265	2.783203125
5.266	2.7880859375
5.267	2.783203125
5.268	2.783203125
5.269	2.783203125
5.27	2.79296875
5.271	2.7880859375
5.272	2.7880859375
5.273	2.783203125
5.274	2.783203125
5.275	2.7783203125
5.276	2.783203125
5.277	2.7734375
5.278004	2.7734375
5.279	2.7783203125
5.280004	2.7783203125
5.281004	2.7734375
5.282004	2.7685546875
5.283004	2.7783203125
5.284004	2.7734375
5.285	2.7734375
5.286	2.7685546875
5.287	2.7685546875
5.288	2.7734375
5.289	2.7734375
5.29	2.7685546875
5.291	2.7783203125
5.292	2.7783203125
5.293	2.7734375
5.294	2.783203125
5.295	2.7880859375
5.296	2.783203125
5.297	2.783203125
5.298	2.7880859375
5.299	2.7880859375
5.3	2.7880859375
5.301	2.7880859375
5.302	2.783203125
5.303	2.783203125
5.304	2.7880859375
5.305	2.7880859375
5.306	2.7880859375
5.307	2.783203125
5.308	2.79296875
5.309	2.7880859375
5.31	2.783203125
5.311	2.783203125
5.312	2.783203125
5.313	2.7880859375
5.314	2.783203125
5.315	2.7880859375
5.316	2.783203125
5.317	2.783203125
5.318	2.783203125
5.319	2.7783203125
5.32	2.7880859375
5.320996	2.7783203125
5.322004	2.7783203125
5.323004	2.7783203125
5.324004	2.7783203125
5.325004	2.7734375
5.326004	2.7685546875
5.327004	2.7783203125
5.328	2.7685546875
5.329	2.7685546875
5.33	2.7685546875
5.331	2.7734375
5.332	2.7783203125
5.333	2.7783203125
5.334	2.7783203125
5.335	2.7783203125
5.336	2.783203125
5.337	2.783203125
5.338	2.7783203125
5.339	2.783203125
5.34	2.783203125
5.341	2.7880859375
5.342	2.783203125
5.343	2.783203125
5.344	2.7880859375
5.345	2.783203125
5.346	2.7880859375
5.347	2.7880859375
5.348	2.7880859375
5.349	2.7880859375
5.35	2.783203125
5.351	2.79296875
5.352	2.79296875
5.353	2.7880859375
5.354	2.79296875
5.355	2.7880859375
5.356	2.783203125
5.357	2.783203125
5.358	2.7783203125
5.359	2.7880859375
5.36	2.7880859375
5.361	2.783203125
5.362	2.7783203125
5.362996	2.7783203125
5.364004	2.7783203125
5.365	2.7783203125
5.366004	2.7685546875
5.367004	2.7734375
5.368004	2.7734375
5.369004	2.7734375
5.37	2.7783203125
5.371	2.7734375
5.372	2.7783203125
5.373	2.7685546875
5.374	2.7685546875
5.375	2.7734375
5.376	2.7734375
5.377	2.7783203125
5.378	2.783203125
5.379	2.7783203125
5.38	2.7783203125
5.381	2.7880859375
5.382	2.783203125
5.383	2.783203125
5.384	2.783203125
5.385	2.783203125
5.386	2.7880859375
5.387	2.7880859375
5.388	2.7880859375
5.389	2.7880859375
5.39	2.7880859375
5.391	2.7880859375
5.392	2.79296875
5.393	2.79296875
5.394	2.7880859375
5.395	2.7783203125
5.396	2.783203125
5.397	2.7880859375
5.398	2.783203125
5.399	2.783203125
5.4	2.7880859375
5.401	2.783203125
5.402	2.7880859375
5.403	2.783203125
5.404	2.783203125
5.405	2.783203125
5.406004	2.7685546875
5.407	2.7734375
5.408004	2.7734375
5.409004	2.7734375
5.410004	2.7783203125
5.411004	2.7783203125
5.412004	2.7685546875
5.413	2.7685546875
5.414	2.7734375
5.415	2.7783203125
5.416	2.7783203125
5.417	2.7783203125
5.418	2.7734375
5.419	2.7734375
5.42	2.783203125
5.421	2.7783203125
5.422	2.783203125
5.423	2.783203125
5.424	2.7880859375
5.425	2.7880859375
5.426	2.7783203125
5.427	2.783203125
5.428	2.7880859375
5.429	2.7880859375
5.43	2.783203125
5.431	2.783203125
5.432	2.7880859375
5.433	2.7880859375
5.434	2.783203125
5.435	2.783203125
5.436	2.783203125
5.437	2.783203125
5.438	2.7880859375
5.439	2.7880859375
5.44	2.7880859375
5.441	2.783203125
5.442	2.7880859375
5.443	2.7880859375
5.444	2.783203125
5.445	2.783203125
5.446	2.7734375
5.447	2.783203125
5.448	2.7734375
5.448996	2.7783203125
5.450004	2.7783203125
5.451004	2.7685546875
5.452004	2.7783203125
5.453004	2.7783203125
5.454004	2.7734375
5.455004	2.7734375
5.456	2.7734375
5.457	2.7734375
5.458	2.7685546875
5.459	2.7783203125
5.46	2.7734375
5.461	2.7783203125
5.462	2.7783203125
5.463	2.783203125
5.464	2.7783203125
5.465	2.783203125
5.466	2.7783203125
5.467	2.7880859375
5.468	2.783203125
5.469	2.7880859375
5.47	2.783203125
5.471	2.7880859375
5.472	2.7880859375
5.473	2.783203125
5.474	2.783203125
5.475	2.7783203125
5.476	2.7880859375
5.477	2.7880859375
5.478	2.7880859375
5.479	2.783203125
5.48	2.7783203125
5.481	2.7880859375
5.482	2.783203125
5.483	2.7880859375
5.484	2.7880859375
5.485	2.783203125
5.486	2.783203125
5.487	2.7880859375
5.488	2.783203125
5.489	2.7783203125
5.49	2.783203125
5.490996	2.783203125
5.492004	2.7783203125
5.493	2.7734375
5.494004	2.7783203125
5.495004	2.7734375
5.496004	2.7783203125
5.497004	2.7685546875
5.498	2.7734375
5.499	2.7685546875
5.5	2.7734375
5.501	2.7685546875
5.502	2.7783203125
5.503	2.7783203125
5.504	2.783203125
5.505	2.7783203125
5.506	2.7783203125
5.507	2.783203125
5.508	2.783203125
5.509	2.7783203125
5.51	2.783203125
5.511	2.783203125
5.512	2.7783203125
5.513	2.7783203125
5.514	2.7783203125
5.515	2.7880859375
5.516	2.7880859375
5.517	2.79296875
5.518	2.79296875
5.519	2.7880859375
5.52	2.79296875
5.521	2.783203125
5.522	2.7783203125
5.523	2.783203125
5.524	2.7880859375
5.525	2.7783203125
5.526	2.783203125
5.527	2.7880859375
5.528	2.7783203125
5.529	2.7880859375
5.53	2.783203125
5.531	2.783203125
5.532	2.7734375
5.533	2.783203125
5.534004	2.7783203125
5.535	2.7783203125
5.536004	2.7734375
5.537004	2.7685546875
5.538004	2.7734375
5.539004	2.7734375
5.540004	2.7685546875
5.541	2.7783203125
5.542	2.7734375
5.543	2.7685546875
5.544	2.7734375
5.545	2.783203125
5.546	2.7783203125
5.547	2.7734375
5.548	2.783203125
5.549	2.783203125
5.55	2.7783203125
5.551	2.783203125
5.552	2.7783203125
5.553	2.7783203125
5.554	2.783203125
5.555	2.7880859375
5.556	2.7880859375
5.557	2.783203125
5.558	2.7880859375
5.559	2.7880859375
5.56	2.7880859375
5.561	2.783203125
5.562	2.783203125
5.563	2.7880859375
5.564	2.783203125
5.565	2.783203125
5.566	2.7880859375
5.567	2.7880859375
5.568	2.7783203125
5.569	2.783203125
5.57	2.7880859375
5.571	2.783203125
5.572	2.7880859375
5.573	2.783203125
5.574	2.783203125
5.575	2.7783203125
5.576	2.7783203125
5.576996	2.7783203125
5.578004	2.7783203125
5.579004	2.7783203125
5.580004	2.7783203125
5.581004	2.7783203125
5.582004	2.7734375
5.583004	2.7734375
5.584	2.7783203125
5.585	2.7783203125
5.586	2.7734375
5.587	2.7734375
5.588	2.7734375
5.589	2.7783203125
5.59	2.7783203125
5.591	2.7734375
5.592	2.7783203125
5.593	2.7880859375
5.594	2.7783203125
5.595	2.7783203125
5.596	2.7880859375
5.597	2.783203125
5.598	2.7880859375
5.599	2.7880859375
5.6	2.7783203125
5.601	2.7880859375
5.602	2.7880859375
5.603	2.7880859375
5.604	2.79296875
5.605	2.7880859375
5.606	2.79296875
5.607	2.783203125
5.608	2.7880859375
5.609	2.7880859375
5.61	2.7880859375
5.611	2.783203125
5.612	2.7880859375
5.613	2.783203125
5.614	2.783203125
5.615	2.7880859375
5.616	2.783203125
5.617	2.7734375
5.618	2.783203125
5.618996	2.7783203125
5.620004	2.7734375
5.621	2.783203125
5.622004	2.7783203125
5.623004	2.7734375
5.624004	2.7685546875
5.625004	2.7734375
5.626	2.7734375
5.627	2.7734375
5.628	2.7783203125
5.629	2.7783203125
5.63	2.7734375
5.631	2.7783203125
5.632	2.7734375
5.633	2.7783203125
5.634	2.783203125
5.635	2.783203125
5.636	2.7880859375
5.637	2.7880859375
5.638	2.7880859375
5.639	2.7880859375
5.64	2.7880859375
5.641	2.7880859375
5.642	2.783203125
5.643	2.79296875
5.644	2.783203125
5.645	2.7880859375
5.646	2.783203125
5.647	2.783203125
5.648	2.783203125
5.649	2.7880859375
5.65	2.783203125
5.651	2.7880859375
5.652	2.7880859375
5.653	2.783203125
5.654	2.783203125
5.655	2.783203125
5.656	2.7880859375
5.657	2.7880859375
5.658	2.783203125
5.659	2.7734375
5.66	2.783203125
5.661	2.7783203125
5.662004	2.7783203125
5.663	2.7734375
5.664004	2.7783203125
5.665004	2.7734375
5.666004	2.7783203125
5.667004	2.7783203125
5.668004	2.7734375
5.669	2.7783203125
5.67	2.7734375
5.671	2.7783203125
5.672	2.7685546875
5.673	2.7783203125
5.674	2.783203125
5.675	2.783203125
5.676	2.783203125
5.677	2.7880859375
5.678	2.783203125
5.679	2.783203125
5.68	2.783203125
5.681	2.7880859375
5.682	2.7783203125
5.683	2.7880859375
5.684	2.7880859375
5.685	2.7880859375
5.686	2.7880859375
5.687	2.7880859375
5.688	2.79296875
5.689	2.7783203125
5.69	2.783203125
5.691	2.7880859375
5.692	2.783203125
5.693	2.7880859375
5.694	2.7880859375
5.695	2.7880859375
5.696	2.783203125
5.697	2.783203125
5.698	2.7783203125
5.699	2.7880859375
5.7	2.783203125
5.701	2.783203125
5.702	2.783203125
5.703	2.7734375
5.704	2.783203125
5.704996	2.7783203125
5.706004	2.7734375
5.707004	2.7783203125
5.708004	2.7783203125
5.709004	2.7734375
5.710004	2.7734375
5.711004	2.7734375
5.712	2.7734375
5.713	2.7734375
5.714	2.7734375
5.715	2.7734375
5.716	2.7734375
5.717	2.7734375
5.718	2.7734375
5.719	2.783203125
5.72	2.783203125
5.721	2.7880859375
5.722	2.783203125
5.723	2.7880859375
5.724	2.783203125
5.725	2.7783203125
5.726	2.7880859375
5.727	2.783203125
5.728	2.783203125
5.729	2.7880859375
5.73	2.783203125
5.731	2.79296875
5.732	2.783203125
5.733	2.783203125
5.734	2.783203125
5.735	2.7880859375
5.736	2.7880859375
5.737	2.783203125
5.738	2.783203125
5.739	2.7880859375
5.74	2.7880859375
5.741	2.783203125
5.742	2.7783203125
5.743	2.783203125
5.744	2.7783203125
5.745	2.783203125
5.746	2.783203125
5.746996	2.783203125
5.748004	2.7783203125
5.749	2.7783203125
5.750004	2.7734375
5.751004	2.7783203125
5.752004	2.7734375
5.753004	2.7685546875
5.754	2.7783203125
5.755	2.7783203125
5.756	2.7783203125
5.757	2.7783203125
5.758	2.7783203125
5.759	2.783203125
5.76	2.783203125
5.761	2.783203125
5.762	2.783203125
5.763	2.783203125
5.764	2.7783203125
5.765	2.783203125
5.766	2.7880859375
5.767	2.7783203125
5.768	2.783203125
5.769	2.7880859375
5.77	2.7880859375
5.771	2.783203125
5.772	2.7880859375
5.773	2.783203125
5.774	2.7880859375
5.775	2.783203125
5.776	2.783203125
5.777	2.783203125
5.778	2.783203125
5.779	2.7880859375
5.78	2.783203125
5.781	2.7880859375
5.782	2.7880859375
5.783	2.783203125
5.784	2.7783203125
5.785	2.79296875
5.786	2.783203125
5.787	2.7783203125
5.788	2.7783203125
5.789	2.7783203125
5.790004	2.7734375
5.791	2.7734375
5.792004	2.7783203125
5.793004	2.7783203125
5.794004	2.7685546875
5.795004	2.7783203125
5.796004	2.7734375
5.797	2.7685546875
5.798	2.7734375
5.799	2.7783203125
5.8	2.7783203125
5.801	2.7783203125
5.802	2.783203125
5.803	2.783203125
5.804	2.783203125
5.805	2.783203125
5.806	2.7783203125
5.807	2.783203125
5.808	2.783203125
5.809	2.7880859375
5.81	2.783203125
5.811	2.783203125
5.812	2.7880859375
5.813	2.79296875
5.814	2.79296875
5.815	2.783203125
5.816	2.7783203125
5.817	2.7880859375
5.818	2.783203125
5.819	2.783203125
5.82	2.7880859375
5.821	2.7880859375
5.822	2.783203125
5.823	2.7880859375
5.824	2.783203125
5.825	2.7880859375
5.826	2.7783203125
5.827	2.7783203125
5.828	2.783203125
5.829	2.7783203125
5.83	2.7880859375
5.831	2.783203125
5.832	2.7783203125
5.832996	2.7734375
5.834004	2.7734375
5.835004	2.7783203125
5.836004	2.7783203125
5.837004	2.7734375
5.838004	2.7783203125
5.839004	2.7734375
5.84	2.7783203125
5.841	2.7734375
5.842	2.7734375
5.843	2.7783203125
5.844	2.7783203125
5.845	2.783203125
5.846	2.783203125
5.847	2.7783203125
5.848	2.783203125
5.849	2.7880859375
5.85	2.783203125
5.851	2.783203125
5.852	2.783203125
5.853	2.783203125
5.854	2.7880859375
5.855	2.783203125
5.856	2.7880859375
5.857	2.7880859375
5.858	2.7880859375
5.859	2.783203125
5.86	2.7880859375
5.861	2.7880859375
5.862	2.7880859375
5.863	2.783203125
5.864	2.783203125
5.865	2.783203125
5.866	2.7880859375
5.867	2.783203125
5.868	2.7783203125
5.869	2.7880859375
5.87	2.783203125
5.871	2.7783203125
5.872	2.7734375
5.873	2.7783203125
5.874	2.7734375
5.874996	2.7783203125
5.876004	2.7734375
5.877	2.7685546875
5.878004	2.7734375
5.879004	2.7685546875
5.880004	2.7685546875
5.881004	2.7734375
5.882	2.7734375
5.883	2.7783203125
5.884	2.7734375
5.885	2.7783203125
5.886	2.7734375
5.887	2.783203125
5.888	2.7783203125
5.889	2.783203125
5.89	2.7880859375
5.891	2.7783203125
5.892	2.7880859375
5.893	2.7880859375
5.894	2.783203125
5.895	2.783203125
5.896	2.7880859375
5.897	2.783203125
5.898	2.7880859375
5.899	2.7880859375
5.9	2.7880859375
5.901	2.783203125
5.902	2.7880859375
5.903	2.7880859375
5.904	2.783203125
5.905	2.7880859375
5.906	2.783203125
5.907	2.7880859375
5.908	2.783203125
5.909	2.7880859375
5.91	2.7880859375
5.911	2.7880859375
5.912	2.783203125
5.913	2.783203125
5.914	2.7783203125
5.915	2.7734375
5.916	2.7783203125
5.917	2.7734375
5.918004	2.7783203125
5.919	2.7783203125
5.920004	2.7734375
5.921004	2.7734375
5.922004	2.7734375
5.923004	2.7783203125
5.924004	2.7734375
5.925	2.7685546875
5.926	2.7734375
5.927	2.7783203125
5.928	2.783203125
5.929	2.7734375
5.93	2.7783203125
5.931	2.783203125
5.932	2.783203125
5.933	2.7880859375
5.934	2.783203125
5.935	2.7880859375
5.936	2.7880859375
5.937	2.7880859375
5.938	2.7880859375
5.939	2.783203125
5.94	2.7880859375
5.941	2.7880859375
5.942	2.7880859375
5.943	2.7880859375
5.944	2.783203125
5.945	2.7783203125
5.946	2.7880859375
5.947	2.783203125
5.948	2.7880859375
5.949	2.7783203125
5.95	2.7880859375
5.951	2.7880859375
5.952	2.783203125
5.953	2.783203125
5.954	2.783203125
5.955	2.783203125
5.956	2.783203125
5.957	2.783203125
5.958	2.7734375
5.959	2.783203125
5.96	2.7783203125
5.960996	2.7783203125
5.962004	2.7734375
5.963004	2.7685546875
5.964004	2.7685546875
5.965004	2.7685546875
5.966004	2.7783203125
5.967004	2.7685546875
5.968	2.7685546875
5.969	2.7685546875
5.97	2.7783203125
5.971	2.7783203125
5.972	2.7783203125
5.973	2.783203125
5.974	2.783203125
5.975	2.7880859375
5.976	2.7880859375
5.977	2.7783203125
5.978	2.7880859375
5.979	2.7783203125
5.98	2.783203125
5.981	2.7880859375
5.982	2.7880859375
5.983	2.7880859375
5.984	2.783203125
5.985	2.7880859375
5.986	2.7880859375
5.987	2.7880859375
5.988	2.7880859375
5.989	2.7880859375
5.99	2.783203125
5.991	2.79296875
5.992	2.783203125
5.993	2.7880859375
5.994	2.7880859375
5.995	2.783203125
5.996	2.783203125
5.997	2.783203125
5.998	2.7880859375
5.999	2.7783203125
6.0	2.7783203125
6.001	2.7685546875
6.002	2.7783203125
6.002996	2.7734375
6.004004	2.7783203125
6.005	2.763671875
6.006004	2.7734375
6.007004	2.7783203125
6.008004	2.7734375
6.009004	2.7783203125
6.01	2.7783203125
6.011	2.7734375
6.012	2.7734375
6.013	2.7783203125
6.014	2.7783203125
6.015	2.7783203125
6.016	2.783203125
6.017	2.783203125
6.018	2.7880859375
6.019	2.7880859375
6.02	2.783203125
6.021	2.783203125
6.022	2.7783203125
6.023	2.783203125
6.024	2.7880859375
6.025	2.783203125
6.026	2.783203125
6.027	2.7783203125
6.028	2.7880859375
6.029	2.7880859375
6.03	2.783203125
6.031	2.7880859375
6.032	2.7880859375
6.033	2.7880859375
6.034	2.7783203125
6.035	2.7880859375
6.036	2.7880859375
6.037	2.7880859375
6.038	2.783203125
6.039	2.7783203125
6.04	2.783203125
6.041	2.7783203125
6.042	2.7783203125
6.043	2.7734375
6.044	2.7734375
6.045	2.7734375
6.046004	2.7734375
6.047	2.783203125
6.048004	2.7734375
6.049004	2.7734375
6.050004	2.7734375
6.051004	2.7783203125
6.052004	2.7685546875
6.053	2.7734375
6.054	2.7734375
6.055	2.7734375
6.056	2.7783203125
6.057	2.783203125
6.058	2.7880859375
6.059	2.7783203125
6.06	2.783203125
6.061	2.7880859375
6.062	2.7880859375
6.063	2.7880859375
6.064	2.783203125
6.065	2.7783203125
6.066	2.7783203125
6.067	2.7880859375
6.068	2.7880859375
6.069	2.783203125
6.07	2.7880859375
6.071	2.7880859375
6.072	2.783203125
6.073	2.783203125
6.074	2.7880859375
6.075	2.7880859375
6.076	2.783203125
6.077	2.783203125
6.078	2.783203125
6.079	2.7880859375
6.08	2.783203125
6.081	2.7783203125
6.082	2.783203125
6.083	2.7783203125
6.084	2.7783203125
6.085	2.783203125
6.086	2.7734375
6.087	2.7783203125
6.088	2.7783203125
6.088996	2.7734375
6.090004	2.7783203125
6.091004	2.7783203125
6.092004	2.7783203125
6.093004	2.7734375
6.094004	2.7685546875
6.095004	2.7685546875
6.096	2.7783203125
6.097	2.7783203125
6.098	2.7783203125
6.099	2.783203125
6.1	2.7783203125
6.101	2.783203125
6.102	2.783203125
6.103	2.783203125
6.104	2.783203125
6.105	2.7880859375
6.106	2.7880859375
6.107	2.7880859375
6.108	2.783203125
6.109	2.7880859375
6.11	2.79296875
6.111	2.783203125
6.112	2.7880859375
6.113	2.7880859375
6.114	2.783203125
6.115	2.7880859375
6.116	2.7880859375
6.117	2.7880859375
6.118	2.7880859375
6.119	2.7880859375
6.12	2.7880859375
6.121	2.7880859375
6.122	2.783203125
6.123	2.7880859375
6.124	2.7783203125
6.125	2.783203125
6.126	2.783203125
6.127	2.7783203125
6.128	2.783203125
6.129	2.7783203125
6.13	2.7734375
6.130996	2.7783203125
6.132004	2.7783203125
6.133	2.7685546875
6.134004	2.7734375
6.135004	2.7734375
6.136004	2.7685546875
6.137004	2.7734375
6.138	2.7734375
6.139	2.7734375
6.14	2.7734375
6.141	2.783203125
6.142	2.7783203125
6.143	2.783203125
6.144	2.783203125
6.145	2.783203125
6.146	2.783203125
6.147	2.783203125
6.148	2.7880859375
6.149	2.7880859375
6.15	2.7734375
6.151	2.7880859375
6.152	2.783203125
6.153	2.7783203125
6.154	2.783203125
6.155	2.7880859375
6.156	2.7880859375
6.157	2.7880859375
6.158	2.7880859375
6.159	2.7880859375
6.16	2.7880859375
6.161	2.783203125
6.162	2.783203125
6.163	2.7880859375
6.164	2.7783203125
6.165	2.783203125
6.166	2.783203125
6.167	2.783203125
6.168	2.783203125
6.169	2.7783203125
6.17	2.7783203125
6.171	2.783203125
6.172	2.783203125
6.173	2.7783203125
6.174004	2.7783203125
6.175	2.7685546875
6.176004	2.763671875
6.177004	2.7783203125
6.178004	2.7734375
6.179004	2.7783203125
6.180004	2.7783203125
6.181	2.7783203125
6.182	2.783203125
6.183	2.7783203125
6.184	2.7783203125
6.185	2.783203125
6.186	2.7783203125
6.187	2.783203125
6.188	2.7880859375
6.189	2.783203125
6.19	2.7880859375
6.191	2.7880859375
6.192	2.7783203125
6.193	2.783203125
6.194	2.783203125
6.195	2.7880859375
6.196	2.7880859375
6.197	2.783203125
6.198	2.7880859375
6.199	2.783203125
6.2	2.783203125
6.201	2.7880859375
6.202	2.7783203125
6.203	2.783203125
6.204	2.7880859375
6.205	2.783203125
6.206	2.783203125
6.207	2.7783203125
6.208	2.7783203125
6.209	2.7880859375
6.21	2.783203125
6.211	2.7783203125
6.212	2.7783203125
6.213	2.7783203125
6.214	2.7783203125
6.215	2.783203125
6.216	2.7783203125
6.216996	2.7783203125
6.218004	2.7734375
6.219004	2.7734375
6.220004	2.7734375
6.221004	2.7685546875
6.222004	2.7734375
6.223004	2.7685546875
6.224	2.7783203125
6.225	2.7783203125
6.226	2.7783203125
6.227	2.7783203125
6.228	2.7783203125
6.229	2.783203125
6.23	2.7880859375
6.231	2.7880859375
6.232	2.7880859375
6.233	2.79296875
6.234	2.783203125
6.235	2.783203125
6.236	2.783203125
6.237	2.7880859375
6.238	2.7880859375
6.239	2.783203125
6.24	2.7880859375
6.241	2.783203125
6.242	2.783203125
6.243	2.7880859375
6.244	2.7880859375
6.245	2.7880859375
6.246	2.7783203125
6.247	2.783203125
6.248	2.7880859375
6.249	2.783203125
6.25	2.783203125
6.251	2.7880859375
6.252	2.7783203125
6.253	2.7880859375
6.254	2.7783203125
6.255	2.7880859375
6.256	2.7734375
6.257	2.7783203125
6.258	2.7783203125
6.258996	2.7783203125
6.260004	2.7783203125
6.261	2.7783203125
6.262004	2.7783203125
6.263004	2.7734375
6.264004	2.7734375
6.265004	2.7783203125
6.266	2.7734375
6.267	2.783203125
6.268	2.7783203125
6.269	2.7783203125
6.27	2.783203125
6.271	2.7783203125
6.272	2.783203125
6.273	2.7783203125
6.274	2.7734375
6.275	2.7783203125
6.276	2.783203125
6.277	2.7880859375
6.278	2.7880859375
6.279	2.7783203125
6.28	2.7880859375
6.281	2.7880859375
6.282	2.7880859375
6.283	2.783203125
6.284	2.783203125
6.285	2.783203125
6.286	2.783203125
6.287	2.783203125
6.288	2.783203125
6.289	2.783203125
6.29	2.783203125
6.291	2.783203125
6.292	2.783203125
6.293	2.7880859375
6.294	2.7880859375
6.295	2.783203125
6.296	2.7734375
6.297	2.7783203125
6.298	2.7734375
6.299	2.783203125
6.3	2.7734375
6.301	2.7783203125
6.302004	2.7734375
6.303	2.7783203125
6.304004	2.7734375
6.305004	2.7783203125
6.306004	2.7685546875
6.307004	2.7783203125
6.308004	2.7783203125
6.309	2.7783203125
6.31	2.7734375
6.311	2.7783203125
6.312	2.783203125
6.313	2.7734375
6.314	2.7880859375
6.315	2.783203125
6.316	2.783203125
6.317	2.7783203125
6.318	2.7880859375
6.319	2.783203125
6.32	2.783203125
6.321	2.7880859375
6.322	2.7783203125
6.323	2.7880859375
6.324	2.7880859375
6.325	2.783203125
6.326	2.7783203125
6.327	2.7880859375
6.328	2.783203125
6.329	2.7783203125
6.33	2.7783203125
6.331	2.783203125
6.332	2.783203125
6.333	2.7783203125
6.334	2.7783203125
6.335	2.7783203125
6.336	2.7880859375
6.337	2.7783203125
6.338	2.783203125
6.339	2.7734375
6.34	2.783203125
6.341	2.783203125
6.342	2.7783203125
6.343	2.7734375
6.344	2.7734375
6.344996	2.7734375
6.346004	2.7734375
6.347004	2.7734375
6.348004	2.7734375
6.349004	2.7783203125
6.350004	2.7783203125
6.351004	2.7783203125
6.352	2.7734375
6.353	2.7783203125
6.354	2.7783203125
6.355	2.783203125
6.356	2.783203125
6.357	2.783203125
6.358	2.7783203125
6.359	2.7783203125
6.36	2.7783203125
6.361	2.783203125
6.362	2.783203125
6.363	2.7783203125
6.364	2.7880859375
6.365	2.7880859375
6.366	2.7783203125
6.367	2.783203125
6.368	2.783203125
6.369	2.783203125
6.37	2.783203125
6.371	2.783203125
6.372	2.783203125
6.373	2.783203125
6.374	2.7783203125
6.375	2.783203125
6.376	2.7783203125
6.377	2.7783203125
6.378	2.783203125
6.379	2.7880859375
6.38	2.7880859375
6.381	2.7783203125
6.382	2.783203125
6.383	2.7783203125
6.384	2.7783203125
6.385	2.7783203125
6.386	2.7783203125
6.386996	2.7734375
6.388004	2.7734375
6.389	2.7685546875
6.390004	2.7783203125
6.391004	2.7685546875
6.392004	2.7783203125
6.393004	2.7734375
6.394	2.7783203125
6.395	2.7734375
6.396	2.7783203125
6.397	2.7783203125
6.398	2.783203125
6.399	2.7880859375
6.4	2.7880859375
6.401	2.7783203125
6.402	2.783203125
6.403	2.7880859375
6.404	2.7880859375
6.405	2.783203125
6.406	2.783203125
6.407	2.783203125
6.408	2.7880859375
6.409	2.783203125
6.41	2.783203125
6.411	2.7880859375
6.412	2.7880859375
6.413	2.783203125
6.414	2.7880859375
6.415	2.7783203125
6.416	2.783203125
6.417	2.7880859375
6.418	2.7880859375
6.419	2.7880859375
6.42	2.7783203125
6.421	2.783203125
6.422	2.7734375
6.423	2.7783203125
6.424	2.783203125
6.425	2.783203125
6.426	2.783203125
6.427	2.7783203125
6.428	2.7734375
6.429	2.7783203125
6.430004	2.7734375
6.431	2.783203125
6.432004	2.7783203125
6.433004	2.7783203125
6.434004	2.7685546875
6.435004	2.7734375
6.436004	2.7783203125
6.437	2.7734375
6.438	2.7783203125
6.439	2.7734375
6.44	2.7734375
6.441	2.783203125
6.442	2.7783203125
6.443	2.7880859375
6.444	2.783203125
6.445	2.7880859375
6.446	2.7880859375
6.447	2.7880859375
6.448	2.783203125
6.449	2.783203125
6.45	2.783203125
6.451	2.7783203125
6.452	2.7880859375
6.453	2.783203125
6.454	2.7880859375
6.455	2.783203125
6.456	2.7880859375
6.457	2.783203125
6.458	2.783203125
6.459	2.7783203125
6.46	2.7880859375
6.461	2.783203125
6.462	2.783203125
6.463	2.783203125
6.464	2.783203125
6.465	2.783203125
6.466	2.7783203125
6.467	2.7783203125
6.468	2.7734375
6.469	2.7783203125
6.47	2.7783203125
6.471	2.7734375
6.472	2.7783203125
6.472996	2.783203125
6.474004	2.7685546875
6.475004	2.783203125
6.476004	2.7783203125
6.477004	2.7685546875
6.478004	2.783203125
6.479004	2.783203125
6.48	2.7783203125
6.481	2.7783203125
6.482	2.783203125
6.483	2.7783203125
6.484	2.783203125
6.485	2.783203125
6.486	2.7880859375
6.487	2.7783203125
6.488	2.7783203125
6.489	2.7880859375
6.49	2.7783203125
6.491	2.7880859375
6.492	2.783203125
6.493	2.7880859375
6.494	2.7880859375
6.495	2.79296875
6.496	2.783203125
6.497	2.783203125
6.498	2.7783203125
6.499	2.7783203125
6.5	2.783203125
6.501	2.783203125
6.502	2.7783203125
6.503	2.7783203125
6.504	2.7783203125
6.505	2.783203125
6.506	2.783203125
6.507	2.783203125
6.508	2.7783203125
6.509	2.783203125
6.51	2.7783203125
6.511	2.7783203125
6.512	2.783203125
6.513	2.7783203125
6.514	2.7783203125
6.514996	2.7783203125
6.516004	2.7734375
6.517	2.7783203125
6.518004	2.7734375
6.519004	2.7783203125
6.520004	2.7783203125
6.521004	2.783203125
6.522	2.7783203125
6.523	2.7783203125
6.524	2.7734375
6.525	2.7783203125
6.526	2.783203125
6.527	2.783203125
6.528	2.783203125
6.529	2.783203125
6.53	2.7880859375
6.531	2.7880859375
6.532	2.7783203125
6.533	2.7783203125
6.534	2.7783203125
6.535	2.7880859375
6.536	2.7880859375
6.537	2.7880859375
6.538	2.7880859375
6.539	2.7880859375
6.54	2.7880859375
6.541	2.783203125
6.542	2.7783203125
6.543	2.783203125
6.544	2.7880859375
6.545	2.783203125
6.546	2.7880859375
6.547	2.783203125
6.548	2.783203125
6.549	2.7783203125
6.55	2.7783203125
6.551	2.7734375
6.552	2.7783203125
6.553	2.783203125
6.554	2.783203125
6.555	2.7783203125
6.556	2.7685546875
6.557	2.783203125
6.558004	2.7734375
6.559	2.7734375
6.560004	2.7783203125
6.561004	2.7734375
6.562004	2.783203125
6.563004	2.783203125
6.564004	2.7783203125
6.565	2.7783203125
6.566	2.7783203125
6.567	2.7734375
6.568	2.7783203125
6.569	2.7783203125
6.57	2.783203125
6.571	2.7734375
6.572	2.7880859375
6.573	2.7880859375
6.574	2.783203125
6.575	2.7783203125
6.576	2.783203125
6.577	2.783203125
6.578	2.783203125
6.579	2.783203125
6.58	2.783203125
6.581	2.783203125
6.582	2.7880859375
6.583	2.7880859375
6.584	2.783203125
6.585	2.7783203125
6.586	2.783203125
6.587	2.783203125
6.588	2.783203125
6.589	2.7783203125
6.59	2.79296875
6.591	2.783203125
6.592	2.7734375
6.593	2.7783203125
6.594	2.783203125
6.595	2.783203125
6.596	2.7734375
6.597	2.7783203125
6.598	2.7783203125
6.599	2.7783203125
6.6	2.783203125
6.600996	2.7783203125
6.602004	2.7685546875
6.603004	2.7783203125
6.604004	2.783203125
6.605004	2.7734375
6.606004	2.7783203125
6.607004	2.7783203125
6.608	2.7734375
6.609	2.783203125
6.61	2.7783203125
6.611	2.783203125
6.612	2.7783203125
6.613	2.7783203125
6.614	2.783203125
6.615	2.7880859375
6.616	2.7783203125
6.617	2.7880859375
6.618	2.7783203125
6.619	2.7880859375
6.62	2.783203125
6.621	2.783203125
6.622	2.7880859375
6.623	2.7783203125
6.624	2.783203125
6.625	2.783203125
6.626	2.783203125
6.627	2.7880859375
6.628	2.783203125
6.629	2.7880859375
6.63	2.7880859375
6.631	2.7783203125
6.632	2.783203125
6.633	2.783203125
6.634	2.7880859375
6.635	2.7783203125
6.636	2.7734375
6.637	2.7783203125
6.638	2.7783203125
6.639	2.7783203125
6.64	2.783203125
6.641	2.7734375
6.642	2.7734375
6.642996	2.783203125
6.644004	2.7783203125
6.645	2.7783203125
6.646004	2.783203125
6.647004	2.783203125
6.648004	2.7783203125
6.649004	2.7734375
6.65	2.7734375
6.651	2.7734375
6.652	2.7783203125
6.653	2.783203125
6.654	2.783203125
6.655	2.7880859375
6.656	2.7880859375
6.657	2.783203125
6.658	2.7880859375
6.659	2.783203125
6.66	2.783203125
6.661	2.783203125
6.662	2.7880859375
6.663	2.783203125
6.664	2.783203125
6.665	2.7880859375
6.666	2.7783203125
6.667	2.783203125
6.668	2.783203125
6.669	2.783203125
6.67	2.783203125
6.671	2.783203125
6.672	2.7880859375
6.673	2.7880859375
6.674	2.7783203125
6.675	2.7880859375
6.676	2.7880859375
6.677	2.783203125
6.678	2.783203125
6.679	2.783203125
6.68	2.7734375
6.681	2.7734375
6.682	2.783203125
6.683	2.7734375
6.684	2.7783203125
6.685	2.7734375
6.686004	2.7734375
6.687	2.7734375
6.688004	2.7783203125
6.689004	2.7783203125
6.690004	2.783203125
6.691004	2.783203125
6.692004	2.783203125
6.693	2.7783203125
6.694	2.7880859375
6.695	2.7880859375
6.696	2.783203125
6.697	2.7783203125
6.698	2.7880859375
6.699	2.783203125
6.7	2.7880859375
6.701	2.783203125
6.702	2.7880859375
6.703	2.7783203125
6.704	2.7783203125
6.705	2.783203125
6.706	2.783203125
6.707	2.783203125
6.708	2.783203125
6.709	2.783203125
6.71	2.783203125
6.711	2.7783203125
6.712	2.7783203125
6.713	2.7880859375
6.714	2.7880859375
6.715	2.7880859375
6.716	2.7783203125
6.717	2.783203125
6.718	2.783203125
6.719	2.7783203125
6.72	2.783203125
6.721	2.7685546875
6.722	2.7734375
6.723	2.7734375
6.724	2.783203125
6.725	2.7734375
6.726	2.7783203125
6.727	2.783203125
6.728	2.7734375
6.728996	2.7734375
6.730004	2.7783203125
6.731004	2.7734375
6.732004	2.7783203125
6.733004	2.7734375
6.734004	2.7734375
6.735004	2.783203125
6.736	2.7734375
6.737	2.7880859375
6.738	2.7783203125
6.739	2.783203125
6.74	2.783203125
6.741	2.783203125
6.742	2.783203125
6.743	2.783203125
6.744	2.7880859375
6.745	2.783203125
6.746	2.7734375
6.747	2.7783203125
6.748	2.783203125
6.749	2.7783203125
6.75	2.7783203125
6.751	2.7880859375
6.752	2.7783203125
6.753	2.7880859375
6.754	2.783203125
6.755	2.783203125
6.756	2.783203125
6.757	2.7783203125
6.758	2.7783203125
6.759	2.7880859375
6.76	2.7880859375
6.761	2.7783203125
6.762	2.783203125
6.763	2.7734375
6.764	2.7734375
6.765	2.783203125
6.766	2.783203125
6.767	2.7783203125
6.768	2.7734375
6.769	2.7783203125
6.77	2.7734375
6.770996	2.7783203125
6.772004	2.7783203125
6.773	2.7783203125
6.774004	2.7783203125
6.775004	2.7734375
6.776004	2.7783203125
6.777004	2.7783203125
6.778	2.7783203125
6.779	2.783203125
6.78	2.7783203125
6.781	2.783203125
6.782	2.783203125
6.783	2.7783203125
6.784	2.783203125
6.785	2.783203125
6.786	2.7783203125
6.787	2.7880859375
6.788	2.783203125
6.789	2.7880859375
6.79	2.7880859375
6.791	2.7880859375
6.792	2.7783203125
6.793	2.7880859375
6.794	2.783203125
6.795	2.7783203125
6.796	2.783203125
6.797	2.783203125
6.798	2.7880859375
6.799	2.7783203125
6.8	2.7783203125
6.801	2.783203125
6.802	2.783203125
6.803	2.783203125
6.804	2.783203125
6.805	2.7783203125
6.806	2.783203125
6.807	2.783203125
6.808	2.783203125
6.809	2.7734375
6.81	2.7783203125
6.811	2.783203125
6.812	2.7783203125
6.813	2.7783203125
6.814004	2.7734375
6.815	2.7783203125
6.816004	2.783203125
6.817004	2.7734375
6.818004	2.7734375
6.819004	2.783203125
6.820004	2.7783203125
6.821	2.7783203125
6.822	2.7783203125
6.823	2.783203125
6.824	2.783203125
6.825	2.783203125
6.826	2.783203125
6.827	2.783203125
6.828	2.7880859375
6.829	2.783203125
6.83	2.783203125
6.831	2.783203125
6.832	2.7783203125
6.833	2.783203125
6.834	2.7880859375
6.835	2.79296875
6.836	2.7783203125
6.837	2.7880859375
6.838	2.783203125
6.839	2.783203125
6.84	2.7880859375
6.841	2.783203125
6.842	2.7880859375
6.843	2.783203125
6.844	2.7783203125
6.845	2.783203125
6.846	2.7783203125
6.847	2.783203125
6.848	2.783203125
6.849	2.7783203125
6.85	2.7783203125
6.851	2.7783203125
6.852	2.783203125
6.853	2.783203125
6.854	2.783203125
6.855	2.7734375
6.856	2.7783203125
6.856996	2.7734375
6.858004	2.783203125
6.859004	2.7734375
6.860004	2.7734375
6.861004	2.7783203125
6.862004	2.7783203125
6.863004	2.7783203125
6.864	2.783203125
6.865	2.783203125
6.866	2.783203125
6.867	2.783203125
6.868	2.7783203125
6.869	2.7880859375
6.87	2.7783203125
6.871	2.7783203125
6.872	2.783203125
6.873	2.783203125
6.874	2.783203125
6.875	2.7880859375
6.876	2.7783203125
6.877	2.7880859375
6.878	2.783203125
6.879	2.7880859375
6.88	2.7880859375
6.881	2.7880859375
6.882	2.7783203125
6.883	2.783203125
6.884	2.7880859375
6.885	2.7880859375
6.886	2.7783203125
6.887	2.783203125
6.888	2.7880859375
6.889	2.7880859375
6.89	2.7783203125
6.891	2.7734375
6.892	2.7734375
6.893	2.7783203125
6.894	2.7734375
6.895	2.7783203125
6.896	2.783203125
6.897	2.7783203125
6.898	2.7734375
6.898996	2.7734375
6.900004	2.7783203125
6.901	2.7783203125
6.902004	2.7734375
6.903004	2.783203125
6.904004	2.783203125
6.905004	2.783203125
6.906	2.7734375
6.907	2.7783203125
6.908	2.783203125
6.909	2.7880859375
6.91	2.7880859375
6.911	2.783203125
6.912	2.7783203125
6.913	2.7880859375
6.914	2.783203125
6.915	2.7783203125
6.916	2.7783203125
6.917	2.783203125
6.918	2.783203125
6.919	2.7880859375
6.92	2.7783203125
6.921	2.783203125
6.922	2.783203125
6.923	2.783203125
6.924	2.783203125
6.925	2.7880859375
6.926	2.7880859375
6.927	2.783203125
6.928	2.783203125
6.929	2.783203125
6.93	2.7880859375
6.931	2.7880859375
6.932	2.7783203125
6.933	2.7734375
6.934	2.7783203125
6.935	2.7783203125
6.936	2.7734375
6.937	2.7783203125
6.938	2.7783203125
6.939	2.783203125
6.94	2.7783203125
6.941	2.783203125
6.942004	2.783203125
6.943	2.783203125
6.944004	2.7783203125
6.945004	2.7783203125
6.946004	2.783203125
6.947004	2.783203125
6.948004	2.783203125
6.949	2.7783203125
6.95	2.7783203125
6.951	2.783203125
6.952	2.7880859375
6.953	2.7783203125
6.954	2.7783203125
6.955	2.783203125
6.956	2.783203125
6.957	2.783203125
6.958	2.783203125
6.959	2.7783203125
6.96	2.7783203125
6.961	2.783203125
6.962	2.7783203125
6.963	2.783203125
6.964	2.7783203125
6.965	2.783203125
6.966	2.783203125
6.967	2.783203125
6.968	2.783203125
6.969	2.783203125
6.97	2.783203125
6.971	2.7783203125
6.972	2.783203125
6.973	2.783203125
6.974	2.783203125
6.975	2.783203125
6.976	2.783203125
6.977	2.783203125
6.978	2.783203125
6.979	2.783203125
6.98	2.783203125
6.981	2.7783203125
6.982	2.783203125
6.983	2.7734375
6.984	2.7734375
6.984996	2.783203125
6.986004	2.7783203125
6.987004	2.783203125
6.988004	2.7783203125
6.989004	2.7734375
6.990004	2.7783203125
6.991004	2.7734375
6.992	2.783203125
6.993	2.7734375
6.994	2.7880859375
6.995	2.783203125
6.996	2.783203125
6.997	2.783203125
6.998	2.7880859375
6.999	2.7880859375
7.0	2.7880859375
7.001	2.783203125
7.002	2.7783203125
7.003	2.7880859375
7.004	2.783203125
7.005	2.783203125
7.006	2.7880859375
7.007	2.7880859375
7.008	2.7783203125
7.009	2.783203125
7.01	2.7880859375
7.011	2.7880859375
7.012	2.783203125
7.013	2.7880859375
7.014	2.7880859375
7.015	2.7734375
7.016	2.7783203125
7.017	2.783203125
7.018	2.7783203125
7.019	2.7783203125
7.02	2.783203125
7.021	2.7734375
7.022	2.7783203125
7.023	2.783203125
7.024	2.783203125
7.025	2.7783203125
7.026	2.7734375
7.026996	2.783203125
7.028004	2.7734375
7.029	2.7783203125
7.030004	2.7734375
7.031004	2.7783203125
7.032004	2.7783203125
7.033004	2.7783203125
7.034	2.7880859375
7.035	2.7783203125
7.036	2.783203125
7.037	2.7783203125
7.038	2.7783203125
7.039	2.7783203125
7.04	2.783203125
7.041	2.7880859375
7.042	2.783203125
7.043	2.783203125
7.044	2.7880859375
7.045	2.7880859375
7.046	2.7783203125
7.047	2.7783203125
7.048	2.7880859375
7.049	2.7783203125
7.05	2.7880859375
7.051	2.783203125
7.052	2.7880859375
7.053	2.7783203125
7.054	2.7734375
7.055	2.7734375
7.056	2.783203125
7.057	2.783203125
7.058	2.7880859375
7.059	2.783203125
7.06	2.783203125
7.061	2.7783203125
7.062	2.783203125
7.063	2.783203125
7.064	2.7783203125
7.065	2.783203125
7.066	2.7783203125
7.067	2.783203125
7.068	2.783203125
7.069	2.783203125
7.070004	2.7783203125
7.071	2.7783203125
7.072004	2.7783203125
7.073004	2.7734375
7.074004	2.7783203125
7.075004	2.7783203125
7.076004	2.7783203125
7.077	2.783203125
7.078	2.7880859375
7.079	2.7880859375
7.08	2.7783203125
7.081	2.7783203125
7.082	2.783203125
7.083	2.7880859375
7.084	2.7880859375
7.085	2.7734375
7.086	2.783203125
7.087	2.7783203125
7.088	2.7880859375
7.089	2.7880859375
7.09	2.7783203125
7.091	2.783203125
7.092	2.7783203125
7.093	2.7880859375
7.094	2.783203125
7.095	2.783203125
7.096	2.7880859375
7.097	2.783203125
7.098	2.7880859375
7.099	2.783203125
7.1	2.783203125
7.101	2.7783203125
7.102	2.7783203125
7.103	2.783203125
7.104	2.7783203125
7.105	2.7783203125
7.106	2.7783203125
7.107	2.783203125
7.108	2.783203125
7.109	2.783203125
7.11	2.7783203125
7.111	2.7734375
7.112	2.783203125
7.112996	2.7734375
7.114004	2.7734375
7.115004	2.783203125
7.116004	2.783203125
7.117004	2.783203125
7.118004	2.7783203125
7.119004	2.7783203125
7.12	2.7880859375
7.121	2.7783203125
7.122	2.783203125
7.123	2.7880859375
7.124	2.783203125
7.125	2.7880859375
7.126	2.783203125
7.127	2.7880859375
7.128	2.783203125
7.129	2.7880859375
7.13	2.783203125
7.131	2.7880859375
7.132	2.7880859375
7.133	2.783203125
7.134	2.7880859375
7.135	2.7783203125
7.136	2.783203125
7.137	2.783203125
7.138	2.7880859375
7.139	2.7880859375
7.14	2.783203125
7.141	2.7783203125
7.142	2.7880859375
7.143	2.783203125
7.144	2.7880859375
7.145	2.783203125
7.146	2.7783203125
7.147	2.7783203125
7.148	2.7783203125
7.149	2.7734375
7.15	2.7783203125
7.151	2.783203125
7.152	2.783203125
7.153	2.783203125
7.154	2.7734375
7.154996	2.7734375
7.156004	2.7783203125
7.157	2.783203125
7.158004	2.7783203125
7.159004	2.7734375
7.160004	2.783203125
7.161004	2.783203125
7.162	2.7783203125
7.163	2.7880859375
7.164	2.783203125
7.165	2.7783203125
7.166	2.7880859375
7.167	2.7880859375
7.168	2.7880859375
7.169	2.7880859375
7.17	2.783203125
7.171	2.7783203125
7.172	2.7783203125
7.173	2.783203125
7.174	2.783203125
7.175	2.7783203125
7.176	2.783203125
7.177	2.7783203125
7.178	2.7880859375
7.179	2.7880859375
7.18	2.7880859375
7.181	2.783203125
7.182	2.7783203125
7.183	2.783203125
7.184	2.7880859375
7.185	2.7880859375
7.186	2.7783203125
7.187	2.7783203125
7.188	2.7783203125
7.189	2.783203125
7.19	2.783203125
7.191	2.7783203125
7.192	2.7783203125
7.193	2.783203125
7.194	2.7783203125
7.195	2.7734375
7.196	2.7783203125
7.197	2.7734375
7.198004	2.7734375
7.199	2.7734375
7.200004	2.7783203125
7.201004	2.7783203125
7.202004	2.7783203125
7.203004	2.7783203125
7.204004	2.7783203125
7.205	2.7880859375
7.206	2.7783203125
7.207	2.783203125
7.208	2.783203125
7.209	2.7880859375
7.21	2.7880859375
7.211	2.7880859375
7.212	2.7880859375
7.213	2.7783203125
7.214	2.783203125
7.215	2.783203125
7.216	2.7880859375
7.217	2.7880859375
7.218	2.7880859375
7.219	2.7880859375
7.22	2.783203125
7.221	2.7880859375
7.222	2.7880859375
7.223	2.7880859375
7.224	2.7880859375
7.225	2.7880859375
7.226	2.783203125
7.227	2.783203125
7.228	2.783203125
7.229	2.783203125
7.23	2.7783203125
7.231	2.7783203125
7.232	2.7783203125
7.233	2.783203125
7.234	2.7783203125
7.235	2.783203125
7.236	2.783203125
7.237	2.7734375
7.238	2.7783203125
7.239	2.7783203125
7.24	2.7783203125
7.240996	2.783203125
7.242004	2.783203125
7.243004	2.7783203125
7.244004	2.7734375
7.245004	2.7783203125
7.246004	2.7783203125
7.247004	2.783203125
7.248	2.7783203125
7.249	2.7783203125
7.25	2.783203125
7.251	2.783203125
7.252	2.7880859375
7.253	2.783203125
7.254	2.7880859375
7.255	2.7783203125
7.256	2.7880859375
7.257	2.7880859375
7.258	2.783203125
7.259	2.7783203125
7.26	2.783203125
7.261	2.7880859375
7.262	2.7783203125
7.263	2.783203125
7.264	2.7783203125
7.265	2.7880859375
7.266	2.7880859375
7.267	2.783203125
7.268	2.7783203125
7.269	2.7880859375
7.27	2.783203125
7.271	2.783203125
7.272	2.783203125
7.273	2.7734375
7.274	2.7734375
7.275	2.783203125
7.276	2.783203125
7.277	2.7734375
7.278	2.7783203125
7.279	2.7783203125
7.28	2.783203125
7.281	2.783203125
7.282	2.7734375
7.282996	2.783203125
7.284004	2.7734375
7.285	2.7783203125
7.286004	2.7783203125
7.287004	2.783203125
7.288004	2.783203125
7.289004	2.783203125
7.29	2.7783203125
7.291	2.7880859375
7.292	2.783203125
7.293	2.7783203125
7.294	2.783203125
7.295	2.7880859375
7.296	2.7880859375
7.297	2.783203125
7.298	2.7880859375
7.299	2.783203125
7.3	2.7783203125
7.301	2.783203125
7.302	2.783203125
7.303	2.7880859375
7.304	2.783203125
7.305	2.7880859375
7.306	2.7783203125
7.307	2.7783203125
7.308	2.783203125
7.309	2.7783203125
7.31	2.7783203125
7.311	2.7783203125
7.312	2.7783203125
7.313	2.783203125
7.314	2.7783203125
7.315	2.783203125
7.316	2.7783203125
7.317	2.7783203125
7.318	2.783203125
7.319	2.7783203125
7.32	2.783203125
7.321	2.7783203125
7.322	2.783203125
7.323	2.7734375
7.324	2.7734375
7.325	2.783203125
7.326004	2.7783203125
7.327	2.783203125
7.328004	2.7734375
7.329004	2.7783203125
7.330004	2.783203125
7.331004	2.7783203125
7.332004	2.7880859375
7.333	2.783203125
7.334	2.7880859375
7.335	2.783203125
7.336	2.783203125
7.337	2.7783203125
7.338	2.783203125
7.339	2.7880859375
7.34	2.783203125
7.341	2.783203125
7.342	2.7783203125
7.343	2.783203125
7.344	2.783203125
7.345	2.7783203125
7.346	2.783203125
7.347	2.7783203125
7.348	2.7783203125
7.349	2.7880859375
7.35	2.7880859375
7.351	2.783203125
7.352	2.783203125
7.353	2.7783203125
7.354	2.783203125
7.355	2.7880859375
7.356	2.7880859375
7.357	2.7783203125
7.358	2.783203125
7.359	2.783203125
7.36	2.7783203125
7.361	2.783203125
7.362	2.783203125
7.363	2.7734375
7.364	2.7734375
7.365	2.7734375
7.366	2.7783203125
7.367	2.7783203125
7.368	2.7783203125
7.368996	2.7783203125
7.370004	2.7783203125
7.371004	2.7734375
7.372004	2.783203125
7.373004	2.7880859375
7.374004	2.783203125
7.375004	2.783203125
7.376	2.7783203125
7.377	2.783203125
7.378	2.7880859375
7.379	2.7783203125
7.38	2.7880859375
7.381	2.7880859375
7.382	2.7880859375
7.383	2.783203125
7.384	2.783203125
7.385	2.7880859375
7.386	2.783203125
7.387	2.783203125
7.388	2.783203125
7.389	2.783203125
7.39	2.783203125
7.391	2.783203125
7.392	2.7880859375
7.393	2.7880859375
7.394	2.7783203125
7.395	2.7783203125
7.396	2.7783203125
7.397	2.7783203125
7.398	2.7734375
7.399	2.7734375
7.4	2.783203125
7.401	2.783203125
7.402	2.7734375
7.403	2.7734375
7.404	2.7783203125
7.405	2.7734375
7.406	2.783203125
7.407	2.7783203125
7.408	2.783203125
7.409	2.7783203125
7.41	2.7734375
7.410996	2.783203125
7.412004	2.7783203125
7.413	2.783203125
7.414004	2.7783203125
7.415004	2.7783203125
7.416004	2.783203125
7.417004	2.7783203125
7.418	2.7783203125
7.419	2.783203125
7.42	2.783203125
7.421	2.7783203125
7.422	2.7783203125
7.423	2.7880859375
7.424	2.7783203125
7.425	2.7880859375
7.426	2.783203125
7.427	2.783203125
7.428	2.783203125
7.429	2.7783203125
7.43	2.7880859375
7.431	2.7783203125
7.432	2.7783203125
7.433	2.783203125
7.434	2.7783203125
7.435	2.7880859375
7.436	2.7783203125
7.437	2.783203125
7.438	2.7783203125
7.439	2.7783203125
7.44	2.7783203125
7.441	2.783203125
7.442	2.7783203125
7.443	2.7783203125
7.444	2.7783203125
7.445	2.7783203125
7.446	2.7880859375
7.447	2.783203125
7.448	2.7783203125
7.449	2.7734375
7.45	2.7783203125
7.451	2.7783203125
7.452	2.783203125
7.453	2.7783203125
7.454004	2.7783203125
7.455	2.7783203125
7.456004	2.7783203125
7.457004	2.7783203125
7.458004	2.7880859375
7.459004	2.7880859375
7.460004	2.7880859375
7.461	2.7880859375
7.462	2.7783203125
7.463	2.7783203125
7.464	2.783203125
7.465	2.7880859375
7.466	2.7880859375
7.467	2.783203125
7.468	2.783203125
7.469	2.783203125
7.47	2.783203125
7.471	2.7880859375
7.472	2.783203125
7.473	2.783203125
7.474	2.783203125
7.475	2.7880859375
7.476	2.783203125
7.477	2.7783203125
7.478	2.7880859375
7.479	2.783203125
7.48	2.783203125
7.481	2.783203125
7.482	2.7880859375
7.483	2.7783203125
7.484	2.783203125
7.485	2.7734375
7.486	2.7783203125
7.487	2.7783203125
7.488	2.7783203125
7.489	2.7783203125
7.49	2.7783203125
7.491	2.7783203125
7.492	2.7734375
7.493	2.783203125
7.494	2.783203125
7.495	2.7783203125
7.496	2.7783203125
7.496996	2.7783203125
7.498004	2.7734375
7.499004	2.7783203125
7.500004	2.783203125
7.501004	2.7880859375
7.502004	2.7783203125
7.503004	2.783203125
7.504	2.783203125
7.505	2.7734375
7.506	2.783203125
7.507	2.7783203125
7.508	2.7783203125
7.509	2.7783203125
7.51	2.7880859375
7.511	2.7880859375
7.512	2.783203125
7.513	2.783203125
7.514	2.7783203125
7.515	2.783203125
7.516	2.7880859375
7.517	2.783203125
7.518	2.79296875
7.519	2.7880859375
7.52	2.7783203125
7.521	2.783203125
7.522	2.783203125
7.523	2.783203125
7.524	2.783203125
7.525	2.7783203125
7.526	2.7880859375
7.527	2.783203125
7.528	2.783203125
7.529	2.7783203125
7.53	2.783203125
7.531	2.7734375
7.532	2.7783203125
7.533	2.7783203125
7.534	2.7783203125
7.535	2.7783203125
7.536	2.7783203125
7.537	2.7734375
7.538	2.7734375
7.538996	2.7783203125
7.540004	2.7783203125
7.541	2.783203125
7.542004	2.783203125
7.543004	2.7783203125
7.544004	2.783203125
7.545004	2.783203125
7.546	2.783203125
7.547	2.783203125
7.548	2.783203125
7.549	2.7783203125
7.55	2.783203125
7.551	2.7880859375
7.552	2.7880859375
7.553	2.783203125
7.554	2.7880859375
7.555	2.7880859375
7.556	2.783203125
7.557	2.783203125
7.558	2.7880859375
7.559	2.7783203125
7.56	2.7880859375
7.561	2.7880859375
7.562	2.783203125
7.563	2.783203125
7.564	2.7783203125
7.565	2.783203125
7.566	2.783203125
7.567	2.783203125
7.568	2.783203125
7.569	2.783203125
7.57	2.7783203125
7.571	2.7783203125
7.572	2.783203125
7.573	2.7880859375
7.574	2.7783203125
7.575	2.783203125
7.576	2.7783203125
7.577	2.7783203125
7.578	2.7734375
7.579	2.7734375
7.58	2.783203125
7.581	2.783203125
7.582004	2.783203125
7.583	2.7734375
7.584004	2.783203125
7.585004	2.783203125
7.586004	2.783203125
7.587004	2.7783203125
7.588004	2.783203125
7.589	2.7880859375
7.59	2.7880859375
7.591	2.783203125
7.592	2.783203125
7.593	2.7880859375
7.594	2.7880859375
7.595	2.783203125
7.596	2.7783203125
7.597	2.783203125
7.598	2.783203125
7.599	2.783203125
7.6	2.783203125
7.601	2.7880859375
7.602	2.7783203125
7.603	2.7783203125
7.604	2.783203125
7.605	2.7783203125
7.606	2.783203125
7.607	2.7880859375
7.608	2.7783203125
7.609	2.7783203125
7.61	2.783203125
7.611	2.7880859375
7.612	2.783203125
7.613	2.7734375
7.614	2.7783203125
7.615	2.7783203125
7.616	2.7783203125
7.617	2.7783203125
7.618	2.783203125
7.619	2.7734375
7.62	2.7734375
7.621	2.7783203125
7.622	2.783203125
7.623	2.783203125
7.624	2.7783203125
7.624996	2.7783203125
7.626004	2.7783203125
7.627004	2.783203125
7.628004	2.783203125
7.629004	2.783203125
7.630004	2.783203125
7.631004	2.7783203125
7.632	2.7783203125
7.633	2.7880859375
7.634	2.7783203125
7.635	2.7880859375
7.636	2.783203125
7.637	2.783203125
7.638	2.7783203125
7.639	2.7783203125
7.64	2.7880859375
7.641	2.7880859375
7.642	2.7880859375
7.643	2.7880859375
7.644	2.7880859375
7.645	2.7783203125
7.646	2.7880859375
7.647	2.7880859375
7.648	2.7783203125
7.649	2.7783203125
7.65	2.783203125
7.651	2.7783203125
7.652	2.7880859375
7.653	2.783203125
7.654	2.783203125
7.655	2.7783203125
7.656	2.7783203125
7.657	2.783203125
7.658	2.783203125
7.659	2.783203125
7.66	2.783203125
7.661	2.7783203125
7.662	2.783203125
7.663	2.7880859375
7.664	2.783203125
7.665	2.7734375
7.666	2.7783203125
7.666996	2.783203125
7.668004	2.7734375
7.669	2.7783203125
7.670004	2.7783203125
7.671004	2.7783203125
7.672004	2.7783203125
7.673004	2.7783203125
7.674	2.783203125
7.675	2.7783203125
7.676	2.7880859375
7.677	2.7880859375
7.678	2.7783203125
7.679	2.783203125
7.68	2.7880859375
7.681	2.7880859375
7.682	2.783203125
7.683	2.783203125
7.684	2.783203125
7.685	2.783203125
7.686	2.7880859375
7.687	2.7880859375
7.688	2.7880859375
7.689	2.7783203125
7.69	2.7783203125
7.691	2.783203125
7.692	2.7880859375
7.693	2.7880859375
7.694	2.7783203125
7.695	2.783203125
7.696	2.783203125
7.697	2.7783203125
7.698	2.7783203125
7.699	2.7783203125
7.7	2.7783203125
7.701	2.783203125
7.702	2.7734375
7.703	2.7783203125
7.704	2.783203125
7.705	2.7783203125
7.706	2.783203125
7.707	2.783203125
7.708	2.7783203125
7.709	2.783203125
7.710004	2.7734375
7.711	2.783203125
7.712004	2.783203125
7.713004	2.7783203125
7.714004	2.7734375
7.715004	2.783203125
7.716004	2.783203125
7.717	2.7783203125
7.718	2.7880859375
7.719	2.783203125
7.72	2.7880859375
7.721	2.783203125
7.722	2.79296875
7.723	2.7880859375
7.724	2.783203125
7.725	2.7880859375
7.726	2.783203125
7.727	2.783203125
7.728	2.783203125
7.729	2.7783203125
7.73	2.7880859375
7.731	2.783203125
7.732	2.7783203125
7.733	2.7734375
7.734	2.783203125
7.735	2.783203125
7.736	2.7880859375
7.737	2.7783203125
7.738	2.7783203125
7.739	2.7783203125
7.74	2.7783203125
7.741	2.7783203125
7.742	2.7783203125
7.743	2.783203125
7.744	2.7783203125
7.745	2.7783203125
7.746	2.7783203125
7.747	2.7783203125
7.748	2.7783203125
7.749	2.7734375
7.75	2.7783203125
7.751	2.783203125
7.752	2.783203125
7.752996	2.783203125
7.754004	2.783203125
7.755004	2.783203125
7.756004	2.7783203125
7.757004	2.783203125
7.758004	2.7783203125
7.759004	2.7783203125
7.76	2.7880859375
7.761	2.7880859375
7.762	2.7880859375
7.763	2.783203125
7.764	2.79296875
7.765	2.79296875
7.766	2.7880859375
7.767	2.7880859375
7.768	2.7880859375
7.769	2.7783203125
7.77	2.7880859375
7.771	2.7880859375
7.772	2.7880859375
7.773	2.7783203125
7.774	2.783203125
7.775	2.7880859375
7.776	2.7783203125
7.777	2.7880859375
7.778	2.783203125
7.779	2.7783203125
7.78	2.783203125
7.781	2.7783203125
7.782	2.7783203125
7.783	2.783203125
7.784	2.7783203125
7.785	2.7783203125
7.786	2.783203125
7.787	2.783203125
7.788	2.7783203125
7.789	2.783203125
7.79	2.783203125
7.791	2.7783203125
7.792	2.783203125
7.793	2.7783203125
7.794	2.7783203125
7.794996	2.7783203125
7.796004	2.7783203125
7.797	2.783203125
7.798004	2.7880859375
7.799004	2.7783203125
7.800004	2.7880859375
7.801004	2.783203125
7.802	2.7783203125
7.803	2.783203125
7.804	2.783203125
7.805	2.7880859375
7.806	2.783203125
7.807	2.783203125
7.808	2.7880859375
7.809	2.7880859375
7.81	2.7880859375
7.811	2.79296875
7.812	2.783203125
7.813	2.7880859375
7.814	2.7880859375
7.815	2.7880859375
7.816	2.7880859375
7.817	2.7880859375
7.818	2.7880859375
7.819	2.783203125
7.82	2.783203125
7.821	2.783203125
7.822	2.783203125
7.823	2.783203125
7.824	2.7783203125
7.825	2.7783203125
7.826	2.7783203125
7.827	2.7783203125
7.828	2.7783203125
7.829	2.7783203125
7.83	2.783203125
7.831	2.783203125
7.832	2.783203125
7.833	2.783203125
7.834	2.783203125
7.835	2.7783203125
7.836	2.7783203125
7.837	2.7783203125
7.838004	2.783203125
7.839	2.7880859375
7.840004	2.783203125
7.841004	2.7783203125
7.842004	2.783203125
7.843004	2.783203125
7.844004	2.7880859375
7.845	2.7880859375
7.846	2.7880859375
7.847	2.7880859375
7.848	2.79296875
7.849	2.79296875
7.85	2.783203125
7.851	2.7880859375
7.852	2.7880859375
7.853	2.783203125
7.854	2.7880859375
7.855	2.783203125
7.856	2.783203125
7.857	2.783203125
7.858	2.7880859375
7.859	2.783203125
7.86	2.7880859375
7.861	2.7783203125
7.862	2.783203125
7.863	2.7783203125
7.864	2.7880859375
7.865	2.7783203125
7.866	2.783203125
7.867	2.7880859375
7.868	2.7783203125
7.869	2.783203125
7.87	2.7783203125
7.871	2.783203125
7.872	2.7783203125
7.873	2.783203125
7.874	2.7783203125
7.875	2.7783203125
7.876	2.7783203125
7.877	2.783203125
7.878	2.783203125
7.879	2.7734375
7.88	2.7783203125
7.880996	2.7783203125
7.882004	2.7783203125
7.883004	2.7880859375
7.884004	2.7880859375
7.885004	2.7880859375
7.886004	2.783203125
7.887004	2.7880859375
7.888	2.7880859375
7.889	2.783203125
7.89	2.7880859375
7.891	2.7880859375
7.892	2.79296875
7.893	2.7880859375
7.894	2.783203125
7.895	2.79296875
7.896	2.7880859375
7.897	2.783203125
7.898	2.783203125
7.899	2.79296875
7.9	2.7783203125
7.901	2.783203125
7.902	2.783203125
7.903	2.7783203125
7.904	2.7783203125
7.905	2.7783203125
7.906	2.7734375
7.907	2.783203125
7.908	2.7783203125
7.909	2.783203125
7.91	2.7783203125
7.911	2.783203125
7.912	2.7783203125
7.913	2.7783203125
7.914	2.7783203125
7.915	2.7783203125
7.916	2.783203125
7.917	2.783203125
7.918	2.783203125
7.919	2.783203125
7.92	2.783203125
7.921	2.783203125
7.922	2.783203125
7.922996	2.7734375
7.924004	2.7880859375
7.925	2.7734375
7.926004	2.7880859375
7.927004	2.7783203125
7.928004	2.7880859375
7.929004	2.7783203125
7.93	2.7783203125
7.931	2.7783203125
7.932	2.7880859375
7.933	2.79296875
7.934	2.783203125
7.935	2.7880859375
7.936	2.7880859375
7.937	2.7880859375
7.938	2.7880859375
7.939	2.79296875
7.94	2.7880859375
7.941	2.7880859375
7.942	2.7783203125
7.943	2.783203125
7.944	2.783203125
7.945	2.783203125
7.946	2.783203125
7.947	2.783203125
7.948	2.7783203125
7.949	2.783203125
7.95	2.783203125
7.951	2.7734375
7.952	2.783203125
7.953	2.7734375
7.954	2.7783203125
7.955	2.7734375
7.956	2.7783203125
7.957	2.783203125
7.958	2.783203125
7.959	2.7783203125
7.96	2.783203125
7.961	2.783203125
7.962	2.7783203125
7.963	2.7783203125
7.964	2.7734375
7.965	2.783203125
7.966004	2.783203125
7.967	2.7734375
7.968004	2.7783203125
7.969004	2.7783203125
7.970004	2.7783203125
7.971004	2.7783203125
7.972004	2.7880859375
7.973	2.783203125
7.974	2.7880859375
7.975	2.7880859375
7.976	2.783203125
7.977	2.783203125
7.978	2.783203125
7.979	2.783203125
7.98	2.783203125
7.981	2.783203125
7.982	2.79296875
7.983	2.7880859375
7.984	2.7880859375
7.985	2.783203125
7.986	2.783203125
7.987	2.783203125
7.988	2.783203125
7.989	2.7880859375
7.99	2.783203125
7.991	2.7880859375
7.992	2.7734375
7.993	2.7880859375
7.994	2.7783203125
7.995	2.7783203125
7.996	2.783203125
7.997	2.783203125
7.998	2.7880859375
7.999	2.783203125
8.0	2.7783203125
8.001	2.783203125
8.002	2.783203125
8.003	2.783203125
8.004	2.7783203125
8.005	2.783203125
8.006	2.7783203125
8.007	2.7783203125
8.008	2.7783203125
8.008996	2.783203125
8.010004	2.783203125
8.011004	2.783203125
8.012004	2.783203125
8.013004	2.783203125
8.014004	2.7783203125
8.015004	2.783203125
8.016	2.7880859375
8.017	2.7880859375
8.018	2.783203125
8.019	2.783203125
8.02	2.7880859375
8.021	2.783203125
8.022	2.7783203125
8.023	2.7880859375
8.024	2.7880859375
8.025	2.79296875
8.026	2.7880859375
8.027	2.7880859375
8.028	2.7880859375
8.029	2.7880859375
8.03	2.783203125
8.031	2.7880859375
8.032	2.7783203125
8.033	2.783203125
8.034	2.783203125
8.035	2.7783203125
8.036	2.7734375
8.037	2.7783203125
8.038	2.7783203125
8.039	2.7783203125
8.04	2.783203125
8.041	2.783203125
8.042	2.783203125
8.043	2.783203125
8.044	2.783203125
8.045	2.7783203125
8.046	2.783203125
8.047	2.7734375
8.048	2.7783203125
8.049	2.783203125
8.05	2.783203125
8.050996	2.7783203125
8.052004	2.783203125
8.053	2.7734375
8.054004	2.7880859375
8.055004	2.783203125
8.056004	2.7783203125
8.057004	2.7783203125
8.058	2.7880859375
8.059	2.7783203125
8.06	2.783203125
8.061	2.7880859375
8.062	2.7880859375
8.063	2.7880859375
8.064	2.7783203125
8.065	2.783203125
8.066	2.7880859375
8.067	2.783203125
8.068	2.7880859375
8.069	2.783203125
8.07	2.7783203125
8.071	2.7880859375
8.072	2.7783203125
8.073	2.7783203125
8.074	2.783203125
8.075	2.7880859375
8.076	2.7783203125
8.077	2.7734375
8.078	2.783203125
8.079	2.7783203125
8.08	2.783203125
8.081	2.7734375
8.082	2.7783203125
8.083	2.7783203125
8.084	2.783203125
8.085	2.783203125
8.086	2.7734375
8.087	2.783203125
8.088	2.7734375
8.089	2.7783203125
8.09	2.783203125
8.091	2.7880859375
8.092	2.783203125
8.093	2.79296875
8.094004	2.783203125
8.095	2.7880859375
8.096004	2.783203125
8.097004	2.783203125
8.098004	2.7783203125
8.099004	2.783203125
8.100004	2.7783203125
8.101	2.7783203125
8.102	2.783203125
8.103	2.7783203125
8.104	2.7880859375
8.105	2.783203125
8.106	2.7880859375
8.107	2.79296875
8.108	2.7880859375
8.109	2.783203125
8.11	2.7880859375
8.111	2.7783203125
8.112	2.7880859375
8.113	2.783203125
8.114	2.783203125
8.115	2.783203125
8.116	2.7880859375
8.117	2.7880859375
8.118	2.7880859375
8.119	2.7783203125
8.12	2.7783203125
8.121	2.783203125
8.122	2.783203125
8.123	2.783203125
8.124	2.7783203125
8.125	2.7783203125
8.126	2.7783203125
8.127	2.7783203125
8.128	2.783203125
8.129	2.7783203125
8.13	2.7783203125
8.131	2.7783203125
8.132	2.7783203125
8.133	2.7734375
8.134	2.7783203125
8.135	2.7783203125
8.136	2.783203125
8.136996	2.7880859375
8.138004	2.7880859375
8.139004	2.7880859375
8.140004	2.7880859375
8.141004	2.783203125
8.142004	2.783203125
8.143004	2.783203125
8.144	2.7880859375
8.145	2.783203125
8.146	2.783203125
8.147	2.7880859375
8.148	2.7880859375
8.149	2.7880859375
8.15	2.7880859375
8.151	2.783203125
8.152	2.783203125
8.153	2.7880859375
8.154	2.783203125
8.155	2.783203125
8.156	2.783203125
8.157	2.7783203125
8.158	2.783203125
8.159	2.783203125
8.16	2.783203125
8.161	2.7880859375
8.162	2.783203125
8.163	2.783203125
8.164	2.783203125
8.165	2.7734375
8.166	2.783203125
8.167	2.7734375
8.168	2.7783203125
8.169	2.7783203125
8.17	2.783203125
8.171	2.783203125
8.172	2.783203125
8.173	2.7783203125
8.174	2.783203125
8.175	2.783203125
8.176	2.783203125
8.177	2.7783203125
8.178	2.783203125
8.178996	2.783203125
8.180004	2.7880859375
8.181	2.7880859375
8.182004	2.783203125
8.183004	2.7880859375
8.184004	2.783203125
8.185004	2.7880859375
8.186	2.783203125
8.187	2.783203125
8.188	2.7880859375
8.189	2.7880859375
8.19	2.7880859375
8.191	2.7880859375
8.192	2.7880859375
8.193	2.7880859375
8.194	2.7880859375
8.195	2.7880859375
8.196	2.7783203125
8.197	2.7783203125
8.198	2.783203125
8.199	2.783203125
8.2	2.783203125
8.201	2.7880859375
8.202	2.783203125
8.203	2.783203125
8.204	2.7783203125
8.205	2.7880859375
8.206	2.7783203125
8.207	2.7783203125
8.208	2.783203125
8.209	2.783203125
8.21	2.783203125
8.211	2.783203125
8.212	2.7783203125
8.213	2.7783203125
8.214	2.783203125
8.215	2.7734375
8.216	2.783203125
8.217	2.7783203125
8.218	2.7783203125
8.219	2.7783203125
8.22	2.783203125
8.221	2.7783203125
8.222004	2.7880859375
8.223	2.7880859375
8.224004	2.783203125
8.225004	2.783203125
8.226004	2.7880859375
8.227004	2.783203125
8.228004	2.7880859375
8.229	2.783203125
8.23	2.783203125
8.231	2.783203125
8.232	2.7880859375
8.233	2.783203125
8.234	2.7880859375
8.235	2.783203125
8.236	2.783203125
8.237	2.783203125
8.238	2.783203125
8.239	2.7880859375
8.24	2.7880859375
8.241	2.7783203125
8.242	2.7880859375
8.243	2.783203125
8.244	2.7880859375
8.245	2.7783203125
8.246	2.783203125
8.247	2.783203125
8.248	2.783203125
8.249	2.7783203125
8.25	2.7783203125
8.251	2.783203125
8.252	2.7783203125
8.253	2.783203125
8.254	2.783203125
8.255	2.783203125
8.256	2.7783203125
8.257	2.7783203125
8.258	2.783203125
8.259	2.7783203125
8.26	2.7783203125
8.261	2.7783203125
8.262	2.783203125
8.263	2.7783203125
8.264	2.7783203125
8.264996	2.783203125
8.266004	2.7880859375
8.267004	2.7880859375
8.268004	2.7880859375
8.269004	2.7880859375
8.270004	2.7880859375
8.271004	2.7880859375
8.272	2.783203125
8.273	2.7880859375
8.274	2.783203125
8.275	2.783203125
8.276	2.783203125
8.277	2.7880859375
8.278	2.7880859375
8.279	2.783203125
8.28	2.7783203125
8.281	2.783203125
8.282	2.7783203125
8.283	2.7783203125
8.284	2.7783203125
8.285	2.783203125
8.286	2.783203125
8.287	2.783203125
8.288	2.7880859375
8.289	2.783203125
8.29	2.783203125
8.291	2.783203125
8.292	2.783203125
8.293	2.7783203125
8.294	2.783203125
8.295	2.7783203125
8.296	2.7734375
8.297	2.783203125
8.298	2.783203125
8.299	2.783203125
8.3	2.7783203125
8.301	2.7734375
8.302	2.7734375
8.303	2.783203125
8.304	2.7783203125
8.305	2.783203125
8.306	2.783203125
8.306996	2.783203125
8.308004	2.7880859375
8.309	2.783203125
8.310004	2.783203125
8.311004	2.783203125
8.312004	2.7880859375
8.313004	2.7783203125
8.314	2.783203125
8.315	2.7880859375
8.316	2.7880859375
8.317	2.7783203125
8.318	2.7880859375
8.319	2.7880859375
8.32	2.7880859375
8.321	2.783203125
8.322	2.7880859375
8.323	2.783203125
8.324	2.7880859375
8.325	2.783203125
8.326	2.783203125
8.327	2.7783203125
8.328	2.7880859375
8.329	2.7783203125
8.33	2.7880859375
8.331	2.783203125
8.332	2.783203125
8.333	2.7880859375
8.334	2.783203125
8.335	2.7783203125
8.336	2.7783203125
8.337	2.783203125
8.338	2.7734375
8.339	2.783203125
8.34	2.783203125
8.341	2.7783203125
8.342	2.7734375
8.343	2.783203125
8.344	2.7783203125
8.345	2.783203125
8.346	2.783203125
8.347	2.783203125
8.348	2.7880859375
8.349	2.783203125
8.350004	2.783203125
8.351	2.7880859375
8.352004	2.7880859375
8.353004	2.783203125
8.354004	2.7880859375
8.355004	2.783203125
8.356004	2.783203125
8.357	2.7880859375
8.358	2.783203125
8.359	2.783203125
8.36	2.783203125
8.361	2.7880859375
8.362	2.7880859375
8.363	2.7880859375
8.364	2.7880859375
8.365	2.783203125
8.366	2.7880859375
8.367	2.783203125
8.368	2.7783203125
8.369	2.783203125
8.37	2.783203125
8.371	2.7880859375
8.372	2.7783203125
8.373	2.783203125
8.374	2.7783203125
8.375	2.7734375
8.376	2.7880859375
8.377	2.7783203125
8.378	2.783203125
8.379	2.783203125
8.38	2.7783203125
8.381	2.783203125
8.382	2.783203125
8.383	2.783203125
8.384	2.7783203125
8.385	2.7783203125
8.386	2.7783203125
8.387	2.7783203125
8.388	2.783203125
8.389	2.783203125
8.39	2.7783203125
8.391	2.7880859375
8.392	2.7880859375
8.392996	2.7783203125
8.394004	2.7880859375
8.395004	2.7880859375
8.396004	2.783203125
8.397004	2.7880859375
8.398004	2.7880859375
8.399004	2.7880859375
8.4	2.7880859375
8.401	2.7880859375
8.402	2.7880859375
8.403	2.783203125
8.404	2.7880859375
8.405	2.79296875
8.406	2.7880859375
8.407	2.7783203125
8.408	2.7880859375
8.409	2.783203125
8.41	2.783203125
8.411	2.783203125
8.412	2.783203125
8.413	2.7783203125
8.414	2.7880859375
8.415	2.7783203125
8.416	2.7734375
8.417	2.7880859375
8.418	2.783203125
8.419	2.7783203125
8.42	2.7734375
8.421	2.7734375
8.422	2.7783203125
8.423	2.783203125
8.424	2.783203125
8.425	2.7783203125
8.426	2.7734375
8.427	2.783203125
8.428	2.7783203125
8.429	2.783203125
8.43	2.783203125
8.431	2.7783203125
8.432	2.7880859375
8.433	2.783203125
8.434	2.783203125
8.434996	2.7880859375
8.436004	2.7880859375
8.437	2.7880859375
8.438004	2.7783203125
8.439004	2.7880859375
8.440004	2.7783203125
8.441004	2.783203125
8.442	2.7880859375
8.443	2.783203125
8.444	2.7880859375
8.445	2.7880859375
8.446	2.783203125
8.447	2.7880859375
8.448	2.7880859375
8.449	2.783203125
8.45	2.7880859375
8.451	2.7783203125
8.452	2.7880859375
8.453	2.7783203125
8.454	2.7880859375
8.455	2.7880859375
8.456	2.7880859375
8.457	2.7783203125
8.458	2.7880859375
8.459	2.7880859375
8.46	2.783203125
8.461	2.783203125
8.462	2.7783203125
8.463	2.7734375
8.464	2.7783203125
8.465	2.7783203125
8.466	2.7783203125
8.467	2.7783203125
8.468	2.7783203125
8.469	2.7734375
8.47	2.7734375
8.471	2.7734375
8.472	2.783203125
8.473	2.7783203125
8.474	2.783203125
8.475	2.7783203125
8.476	2.7880859375
8.477	2.783203125
8.478004	2.783203125
8.479	2.783203125
8.480004	2.783203125
8.481004	2.783203125
8.482004	2.7783203125
8.483004	2.7880859375
8.484004	2.783203125
8.485	2.7880859375
8.486	2.7783203125
8.487	2.7880859375
8.488	2.7880859375
8.489	2.7880859375
8.49	2.7880859375
8.491	2.7880859375
8.492	2.783203125
8.493	2.783203125
8.494	2.7880859375
8.495	2.7880859375
8.496	2.783203125
8.497	2.783203125
8.498	2.783203125
8.499	2.7783203125
8.5	2.7880859375
8.501	2.7880859375
8.502	2.7880859375
8.503	2.783203125
8.504	2.7783203125
8.505	2.7783203125
8.506	2.7783203125
8.507	2.7783203125
8.508	2.7783203125
8.509	2.7734375
8.51	2.783203125
8.511	2.783203125
8.512	2.7783203125
8.513	2.783203125
8.514	2.7783203125
8.515	2.783203125
8.516	2.783203125
8.517	2.783203125
8.518	2.7880859375
8.519	2.783203125
8.52	2.7880859375
8.520996	2.7880859375
8.522004	2.7880859375
8.523004	2.783203125
8.524004	2.7880859375
8.525004	2.7880859375
8.526004	2.783203125
8.527004	2.7880859375
8.528	2.783203125
8.529	2.7880859375
8.53	2.783203125
8.531	2.7880859375
8.532	2.79296875
8.533	2.7880859375
8.534	2.783203125
8.535	2.783203125
8.536	2.783203125
8.537	2.7880859375
8.538	2.783203125
8.539	2.7880859375
8.54	2.7880859375
8.541	2.7783203125
8.542	2.7880859375
8.543	2.7880859375
8.544	2.783203125
8.545	2.7783203125
8.546	2.783203125
8.547	2.7734375
8.548	2.783203125
8.549	2.783203125
8.55	2.783203125
8.551	2.7783203125
8.552	2.783203125
8.553	2.7734375
8.554	2.7783203125
8.555	2.7783203125
8.556	2.7783203125
8.557	2.7783203125
8.558	2.783203125
8.559	2.7880859375
8.56	2.783203125
8.561	2.783203125
8.562	2.783203125
8.562996	2.783203125
8.564004	2.783203125
8.565	2.783203125
8.566004	2.783203125
8.567004	2.7880859375
8.568004	2.7880859375
8.569004	2.7880859375
8.57	2.783203125
8.571	2.7880859375
8.572	2.7880859375
8.573	2.7880859375
8.574	2.7880859375
8.575	2.79296875
8.576	2.783203125
8.577	2.7783203125
8.578	2.7783203125
8.579	2.783203125
8.58	2.783203125
8.581	2.783203125
8.582	2.783203125
8.583	2.7880859375
8.584	2.7783203125
8.585	2.783203125
8.586	2.7783203125
8.587	2.7880859375
8.588	2.7783203125
8.589	2.783203125
8.59	2.7734375
8.591	2.783203125
8.592	2.7783203125
8.593	2.7783203125
8.594	2.7734375
8.595	2.7783203125
8.596	2.7783203125
8.597	2.783203125
8.598	2.7783203125
8.599	2.7880859375
8.6	2.7783203125
8.601	2.783203125
8.602	2.783203125
8.603	2.7880859375
8.604	2.7880859375
8.605	2.7880859375
8.606004	2.783203125
8.607	2.7880859375
8.608004	2.783203125
8.609004	2.783203125
8.610004	2.7880859375
8.611004	2.7880859375
8.612004	2.7880859375
8.613	2.7880859375
8.614	2.79296875
8.615	2.7880859375
8.616	2.79296875
8.617	2.79296875
8.618	2.7880859375
8.619	2.7783203125
8.62	2.7880859375
8.621	2.783203125
8.622	2.7880859375
8.623	2.783203125
8.624	2.783203125
8.625	2.7880859375
8.626	2.7880859375
8.627	2.783203125
8.628	2.783203125
8.629	2.783203125
8.63	2.7783203125
8.631	2.783203125
8.632	2.7734375
8.633	2.7734375
8.634	2.783203125
8.635	2.783203125
8.636	2.783203125
8.637	2.7783203125
8.638	2.7783203125
8.639	2.7783203125
8.64	2.783203125
8.641	2.783203125
8.642	2.7783203125
8.643	2.783203125
8.644	2.783203125
8.645	2.783203125
8.646	2.783203125
8.647	2.783203125
8.648	2.7880859375
8.648996	2.783203125
8.650004	2.783203125
8.651004	2.783203125
8.652004	2.783203125
8.653004	2.783203125
8.654004	2.7880859375
8.655004	2.783203125
8.656	2.7880859375
8.657	2.783203125
8.658	2.7880859375
8.659	2.783203125
8.66	2.783203125
8.661	2.7880859375
8.662	2.7880859375
8.663	2.783203125
8.664	2.7783203125
8.665	2.7783203125
8.666	2.7880859375
8.667	2.783203125
8.668	2.7880859375
8.669	2.7880859375
8.67	2.783203125
8.671	2.783203125
8.672	2.783203125
8.673	2.783203125
8.674	2.783203125
8.675	2.783203125
8.676	2.783203125
8.677	2.7734375
8.678	2.7734375
8.679	2.7734375
8.68	2.783203125
8.681	2.7734375
8.682	2.7783203125
8.683	2.783203125
8.684	2.7783203125
8.685	2.783203125
8.686	2.7880859375
8.687	2.783203125
8.688	2.783203125
8.689	2.783203125
8.69	2.783203125
8.690996	2.783203125
8.692004	2.7783203125
8.693	2.7783203125
8.694004	2.7783203125
8.695004	2.7880859375
8.696004	2.783203125
8.697004	2.7880859375
8.698	2.7880859375
8.699	2.783203125
8.7	2.79296875
8.701	2.7783203125
8.702	2.7880859375
8.703	2.7880859375
8.704	2.7783203125
8.705	2.7880859375
8.706	2.783203125
8.707	2.783203125
8.708	2.7880859375
8.709	2.7783203125
8.71	2.783203125
8.711	2.7880859375
8.712	2.7880859375
8.713	2.783203125
8.714	2.7880859375
8.715	2.783203125
8.716	2.783203125
8.717	2.7783203125
8.718	2.7783203125
8.719	2.7783203125
8.72	2.783203125
8.721	2.7783203125
8.722	2.7783203125
8.723	2.783203125
8.724	2.783203125
8.725	2.7783203125
8.726	2.783203125
8.727	2.7783203125
8.728	2.7880859375
8.729	2.783203125
8.73	2.7880859375
8.731	2.7880859375
8.732	2.7783203125
8.733	2.7880859375
8.734004	2.7783203125
8.735	2.783203125
8.736004	2.7783203125
8.737004	2.7783203125
8.738004	2.7783203125
8.739004	2.7783203125
8.740004	2.7880859375
8.741	2.7880859375
8.742	2.7880859375
8.743	2.79296875
8.744	2.7880859375
8.745	2.783203125
8.746	2.7880859375
8.747	2.79296875
8.748	2.783203125
8.749	2.7783203125
8.75	2.7880859375
8.751	2.7880859375
8.752	2.7783203125
8.753	2.783203125
8.754	2.7880859375
8.755	2.783203125
8.756	2.783203125
8.757	2.783203125
8.758	2.783203125
8.759	2.7783203125
8.76	2.783203125
8.761	2.7734375
8.762	2.783203125
8.763	2.7783203125
8.764	2.783203125
8.765	2.7783203125
8.766	2.7783203125
8.767	2.783203125
8.768	2.783203125
8.769	2.783203125
8.77	2.783203125
8.771	2.7783203125
8.772	2.783203125
8.773	2.7880859375
8.774	2.7880859375
8.775	2.783203125
8.776	2.7880859375
8.776996	2.7880859375
8.778004	2.783203125
8.779004	2.783203125
8.780004	2.783203125
8.781004	2.783203125
8.782004	2.7880859375
8.783004	2.7880859375
8.784	2.783203125
8.785	2.7880859375
8.786	2.79296875
8.787	2.7880859375
8.788	2.7880859375
8.789	2.7783203125
8.79	2.7880859375
8.791	2.7880859375
8.792	2.7880859375
8.793	2.783203125
8.794	2.7880859375
8.795	2.783203125
8.796	2.783203125
8.797	2.7880859375
8.798	2.783203125
8.799	2.783203125
8.8	2.783203125
8.801	2.7783203125
8.802	2.7734375
8.803	2.7783203125
8.804	2.7734375
8.805	2.7783203125
8.806	2.7783203125
8.807	2.783203125
8.808	2.783203125
8.809	2.7734375
8.81	2.783203125
8.811	2.783203125
8.812	2.783203125
8.813	2.783203125
8.814	2.7880859375
8.815	2.7880859375
8.816	2.7880859375
8.817	2.7880859375
8.818	2.7880859375
8.818996	2.7783203125
8.820004	2.783203125
8.821	2.783203125
8.822004	2.783203125
8.823004	2.7880859375
8.824004	2.7880859375
8.825004	2.783203125
8.826	2.783203125
8.827	2.783203125
8.828	2.7880859375
8.829	2.783203125
8.83	2.783203125
8.831	2.7783203125
8.832	2.783203125
8.833	2.7783203125
8.834	2.783203125
8.835	2.783203125
8.836	2.783203125
8.837	2.7880859375
8.838	2.7734375
8.839	2.7880859375
8.84	2.7880859375
8.841	2.783203125
8.842	2.7783203125
8.843	2.7783203125
8.844	2.7880859375
8.845	2.783203125
8.846	2.783203125
8.847	2.7734375
8.848	2.7734375
8.849	2.7734375
8.85	2.7783203125
8.851	2.7783203125
8.852	2.7783203125
8.853	2.7783203125
8.854	2.7783203125
8.855	2.7783203125
8.856	2.7783203125
8.857	2.783203125
8.858	2.783203125
8.859	2.783203125
8.86	2.7783203125
8.861	2.783203125
8.862004	2.7880859375
8.863	2.7880859375
8.864004	2.7880859375
8.865004	2.783203125
8.866004	2.7783203125
8.867004	2.7783203125
8.868004	2.7783203125
8.869	2.783203125
8.87	2.7880859375
8.871	2.783203125
8.872	2.783203125
8.873	2.783203125
8.874	2.7783203125
8.875	2.783203125
8.876	2.783203125
8.877	2.7783203125
8.878	2.783203125
8.879	2.7783203125
8.88	2.783203125
8.881	2.7783203125
8.882	2.783203125
8.883	2.783203125
8.884	2.783203125
8.885	2.783203125
8.886	2.783203125
8.887	2.783203125
8.888	2.7783203125
8.889	2.7783203125
8.89	2.783203125
8.891	2.7783203125
8.892	2.7734375
8.893	2.783203125
8.894	2.7734375
8.895	2.7783203125
8.896	2.783203125
8.897	2.7880859375
8.898	2.783203125
8.899	2.7880859375
8.9	2.783203125
8.901	2.783203125
8.902	2.7783203125
8.903	2.7783203125
8.904	2.7880859375
8.904996	2.783203125
8.906004	2.7783203125
8.907004	2.7783203125
8.908004	2.783203125
8.909004	2.783203125
8.910004	2.783203125
8.911004	2.7880859375
8.912	2.783203125
8.913	2.7783203125
8.914	2.783203125
8.915	2.7880859375
8.916	2.783203125
8.917	2.783203125
8.918	2.783203125
8.919	2.7783203125
8.92	2.783203125
8.921	2.783203125
8.922	2.7783203125
8.923	2.7783203125
8.924	2.783203125
8.925	2.783203125
8.926	2.7783203125
8.927	2.7783203125
8.928	2.783203125
8.929	2.783203125
8.93	2.7783203125
8.931	2.7783203125
8.932	2.7783203125
8.933	2.7783203125
8.934	2.7734375
8.935	2.7734375
8.936	2.7783203125
8.937	2.783203125
8.938	2.783203125
8.939	2.7783203125
8.94	2.7880859375
8.941	2.783203125
8.942	2.783203125
8.943	2.783203125
8.944	2.783203125
8.945	2.783203125
8.946	2.7783203125
8.946996	2.7734375
8.948004	2.783203125
8.949	2.7783203125
8.950004	2.7783203125
8.951004	2.783203125
8.952004	2.783203125
8.953004	2.783203125
8.954	2.7783203125
8.955	2.7880859375
8.956	2.783203125
8.957	2.7783203125
8.958	2.7783203125
8.959	2.7880859375
8.96	2.783203125
8.961	2.783203125
8.962	2.7880859375
8.963	2.7880859375
8.964	2.783203125
8.965	2.7783203125
8.966	2.7880859375
8.967	2.7880859375
8.968	2.783203125
8.969	2.783203125
8.97	2.783203125
8.971	2.7783203125
8.972	2.783203125
8.973	2.783203125
8.974	2.7734375
8.975	2.7783203125
8.976	2.783203125
8.977	2.7783203125
8.978	2.783203125
8.979	2.7783203125
8.98	2.7783203125
8.981	2.7734375
8.982	2.783203125
8.983	2.783203125
8.984	2.7880859375
8.985	2.783203125
8.986	2.783203125
8.987	2.7880859375
8.988	2.7880859375
8.989	2.7880859375
8.990004	2.783203125
8.991	2.7880859375
8.992004	2.783203125
8.993004	2.7783203125
8.994004	2.783203125
8.995004	2.7783203125
8.996004	2.7880859375
8.997	2.783203125
8.998	2.7880859375
8.999	2.7880859375
9.0	2.7783203125
9.001	2.783203125
9.002	2.7783203125
9.003	2.7880859375
9.004	2.783203125
9.005	2.783203125
9.006	2.783203125
9.007	2.7880859375
9.008	2.783203125
9.009	2.79296875
9.01	2.7783203125
9.011	2.783203125
9.012	2.7880859375
9.013	2.7783203125
9.014	2.783203125
9.015	2.7783203125
9.016	2.783203125
9.017	2.783203125
9.018	2.783203125
9.019	2.783203125
9.02	2.7734375
9.021	2.783203125
9.022	2.783203125
9.023	2.783203125
9.024	2.783203125
9.025	2.783203125
9.026	2.7783203125
9.027	2.783203125
9.028	2.783203125
9.029	2.7880859375
9.03	2.7880859375
9.031	2.783203125
9.032	2.783203125
9.032996	2.7880859375
9.034004	2.783203125
9.035004	2.7880859375
9.036004	2.7880859375
9.037004	2.783203125
9.038004	2.7880859375
9.039004	2.7783203125
9.04	2.7783203125
9.041	2.7783203125
9.042	2.7783203125
9.043	2.7880859375
9.044	2.783203125
9.045	2.7783203125
9.046	2.7880859375
9.047	2.7880859375
9.048	2.7783203125
9.049	2.783203125
9.05	2.783203125
9.051	2.783203125
9.052	2.783203125
9.053	2.783203125
9.054	2.783203125
9.055	2.7783203125
9.056	2.7783203125
9.057	2.7880859375
9.058	2.783203125
9.059	2.783203125
9.06	2.7783203125
9.061	2.7783203125
9.062	2.7880859375
9.063	2.7783203125
9.064	2.783203125
9.065	2.783203125
9.066	2.7734375
9.067	2.7880859375
9.068	2.7734375
9.069	2.7783203125
9.07	2.7783203125
9.071	2.7783203125
9.072	2.783203125
9.073	2.7880859375
9.074	2.783203125
9.074996	2.783203125
9.076004	2.783203125
9.077	2.7880859375
9.078004	2.7880859375
9.079004	2.783203125
9.080004	2.783203125
9.081004	2.783203125
9.082	2.7880859375
9.083	2.783203125
9.084	2.7880859375
9.085	2.783203125
9.086	2.7880859375
9.087	2.7880859375
9.088	2.783203125
9.089	2.7880859375
9.09	2.7880859375
9.091	2.7880859375
9.092	2.783203125
9.093	2.783203125
9.094	2.7880859375
9.095	2.783203125
9.096	2.7880859375
9.097	2.7783203125
9.098	2.7783203125
9.099	2.7783203125
9.1	2.7783203125
9.101	2.7734375
9.102	2.7783203125
9.103	2.7734375
9.104	2.7734375
9.105	2.783203125
9.106	2.7880859375
9.107	2.7880859375
9.108	2.783203125
9.109	2.783203125
9.11	2.783203125
9.111	2.783203125
9.112	2.783203125
9.113	2.783203125
9.114	2.7880859375
9.115	2.7880859375
9.116	2.7783203125
9.117	2.7783203125
9.118004	2.7783203125
9.119	2.7880859375
9.120004	2.7880859375
9.121004	2.7880859375
9.122004	2.783203125
9.123004	2.7880859375
9.124004	2.7880859375
9.125	2.7880859375
9.126	2.783203125
9.127	2.783203125
9.128	2.783203125
9.129	2.783203125
9.13	2.783203125
9.131	2.7783203125
9.132	2.783203125
9.133	2.783203125
9.134	2.7880859375
9.135	2.7783203125
9.136	2.783203125
9.137	2.783203125
9.138	2.7783203125
9.139	2.783203125
9.14	2.783203125
9.141	2.783203125
9.142	2.783203125
9.143	2.783203125
9.144	2.7783203125
9.145	2.783203125
9.146	2.783203125
9.147	2.783203125
9.148	2.7783203125
9.149	2.7783203125
9.15	2.783203125
9.151	2.783203125
9.152	2.783203125
9.153	2.7880859375
9.154	2.783203125
9.155	2.783203125
9.156	2.783203125
9.157	2.7880859375
9.158	2.783203125
9.159	2.783203125
9.16	2.783203125
9.160996	2.7783203125
9.162004	2.7880859375
9.163004	2.7880859375
9.164004	2.783203125
9.165004	2.7783203125
9.166004	2.7880859375
9.167004	2.783203125
9.168	2.783203125
9.169	2.7783203125
9.17	2.7783203125
9.171	2.783203125
9.172	2.783203125
9.173	2.7880859375
9.174	2.7783203125
9.175	2.7880859375
9.176	2.7880859375
9.177	2.783203125
9.178	2.783203125
9.179	2.783203125
9.18	2.783203125
9.181	2.7783203125
9.182	2.783203125
9.183	2.7783203125
9.184	2.783203125
9.185	2.783203125
9.186	2.7734375
9.187	2.783203125
9.188	2.7783203125
9.189	2.7783203125
9.19	2.783203125
9.191	2.7783203125
9.192	2.7783203125
9.193	2.7783203125
9.194	2.7880859375
9.195	2.7783203125
9.196	2.7734375
9.197	2.7783203125
9.198	2.783203125
9.199	2.783203125
9.2	2.783203125
9.201	2.783203125
9.202	2.783203125
9.202996	2.783203125
9.204004	2.7880859375
9.205	2.783203125
9.206004	2.783203125
9.207004	2.783203125
9.208004	2.7783203125
9.209004	2.79296875
9.21	2.7783203125
9.211	2.7783203125
9.212	2.7783203125
9.213	2.7880859375
9.214	2.783203125
9.215	2.783203125
9.216	2.7880859375
9.217	2.783203125
9.218	2.7783203125
9.219	2.7783203125
9.22	2.7880859375
9.221	2.7880859375
9.222	2.783203125
9.223	2.783203125
9.224	2.7783203125
9.225	2.7783203125
9.226	2.7783203125
9.227	2.783203125
9.228	2.7783203125
9.229	2.783203125
9.23	2.7783203125
9.231	2.783203125
9.232	2.7783203125
9.233	2.783203125
9.234	2.783203125
9.235	2.783203125
9.236	2.783203125
9.237	2.783203125
9.238	2.7880859375
9.239	2.7880859375
9.24	2.783203125
9.241	2.783203125
9.242	2.7880859375
9.243	2.783203125
9.244	2.7783203125
9.245	2.783203125
9.246004	2.7880859375
9.247	2.7880859375
9.248004	2.783203125
9.249004	2.783203125
9.250004	2.783203125
9.251004	2.783203125
9.252004	2.7880859375
9.253	2.783203125
9.254	2.783203125
9.255	2.7880859375
9.256	2.7880859375
9.257	2.783203125
9.258	2.7880859375
9.259	2.7880859375
9.26	2.7783203125
9.261	2.783203125
9.262	2.783203125
9.263	2.783203125
9.264	2.783203125
9.265	2.783203125
9.266	2.7783203125
9.267	2.783203125
9.268	2.7734375
9.269	2.7783203125
9.27	2.7783203125
9.271	2.7734375
9.272	2.7734375
9.273	2.783203125
9.274	2.7783203125
9.275	2.783203125
9.276	2.783203125
9.277	2.7783203125
9.278	2.7880859375
9.279	2.7880859375
9.28	2.7734375
9.281	2.7783203125
9.282	2.7880859375
9.283	2.783203125
9.284	2.783203125
9.285	2.7880859375
9.286	2.7783203125
9.287	2.7783203125
9.288	2.7880859375
9.288996	2.783203125
9.290004	2.7880859375
9.291004	2.783203125
9.292004	2.7880859375
9.293004	2.783203125
9.294004	2.783203125
9.295004	2.783203125
9.296	2.783203125
9.297	2.7880859375
9.298	2.7783203125
9.299	2.7880859375
9.3	2.783203125
9.301	2.7783203125
9.302	2.7880859375
9.303	2.7783203125
9.304	2.783203125
9.305	2.783203125
9.306	2.7880859375
9.307	2.7783203125
9.308	2.783203125
9.309	2.783203125
9.31	2.783203125
9.311	2.7783203125
9.312	2.783203125
9.313	2.783203125
9.314	2.7783203125
9.315	2.7783203125
9.316	2.7783203125
9.317	2.783203125
9.318	2.783203125
9.319	2.7783203125
9.32	2.7783203125
9.321	2.7880859375
9.322	2.7734375
9.323	2.7783203125
9.324	2.783203125
9.325	2.7783203125
9.326	2.783203125
9.327	2.783203125
9.328	2.7783203125
9.329	2.783203125
9.33	2.783203125
9.330996	2.783203125
9.332004	2.783203125
9.333	2.7880859375
9.334004	2.783203125
9.335004	2.7783203125
9.336004	2.7880859375
9.337004	2.783203125
9.338	2.783203125
9.339	2.79296875
9.34	2.7783203125
9.341	2.7880859375
9.342	2.783203125
9.343	2.7880859375
9.344	2.783203125
9.345	2.783203125
9.346	2.783203125
9.347	2.7783203125
9.348	2.7880859375
9.349	2.783203125
9.35	2.783203125
9.351	2.783203125
9.352	2.783203125
9.353	2.7880859375
9.354	2.7783203125
9.355	2.7880859375
9.356	2.783203125
9.357	2.7783203125
9.358	2.7783203125
9.359	2.783203125
9.36	2.7783203125
9.361	2.783203125
9.362	2.7783203125
9.363	2.7880859375
9.364	2.783203125
9.365	2.7880859375
9.366	2.783203125
9.367	2.783203125
9.368	2.783203125
9.369	2.7880859375
9.37	2.7880859375
9.371	2.783203125
9.372	2.783203125
9.373	2.783203125
9.374004	2.7783203125
9.375	2.7783203125
9.376004	2.7880859375
9.377004	2.7880859375
9.378004	2.7880859375
9.379004	2.7783203125
9.380004	2.7880859375
9.381	2.7880859375
9.382	2.7880859375
9.383	2.7880859375
9.384	2.783203125
9.385	2.7783203125
9.386	2.783203125
9.387	2.7880859375
9.388	2.783203125
9.389	2.7783203125
9.39	2.7880859375
9.391	2.783203125
9.392	2.7783203125
9.393	2.7880859375
9.394	2.783203125
9.395	2.783203125
9.396	2.7880859375
9.397	2.783203125
9.398	2.7783203125
9.399	2.7783203125
9.4	2.7783203125
9.401	2.7734375
9.402	2.783203125
9.403	2.783203125
9.404	2.783203125
9.405	2.783203125
9.406	2.783203125
9.407	2.783203125
9.408	2.783203125
9.409	2.783203125
9.41	2.7880859375
9.411	2.7880859375
9.412	2.7880859375
9.413	2.7880859375
9.414	2.783203125
9.415	2.7783203125
9.416	2.783203125
9.416996	2.783203125
9.418004	2.7783203125
9.419004	2.783203125
9.420004	2.7880859375
9.421004	2.783203125
9.422004	2.783203125
9.423004	2.783203125
9.424	2.7880859375
9.425	2.783203125
9.426	2.783203125
9.427	2.7880859375
9.428	2.7880859375
9.429	2.783203125
9.43	2.7880859375
9.431	2.7880859375
9.432	2.7880859375
9.433	2.783203125
9.434	2.7783203125
9.435	2.7783203125
9.436	2.783203125
9.437	2.783203125
9.438	2.783203125
9.439	2.783203125
9.44	2.783203125
9.441	2.783203125
9.442	2.7783203125
9.443	2.783203125
9.444	2.7734375
9.445	2.783203125
9.446	2.783203125
9.447	2.783203125
9.448	2.7880859375
9.449	2.7783203125
9.45	2.7880859375
9.451	2.783203125
9.452	2.7783203125
9.453	2.783203125
9.454	2.783203125
9.455	2.783203125
9.456	2.7880859375
9.457	2.783203125
9.458	2.7880859375
9.458996	2.7880859375
9.460004	2.783203125
9.461	2.7880859375
9.462004	2.7880859375
9.463004	2.7880859375
9.464004	2.7880859375
9.465004	2.7880859375
9.466	2.783203125
9.467	2.783203125
9.468	2.7783203125
9.469	2.783203125
9.47	2.7880859375
9.471	2.7880859375
9.472	2.7880859375
9.473	2.7880859375
9.474	2.783203125
9.475	2.783203125
9.476	2.783203125
9.477	2.7783203125
9.478	2.7880859375
9.479	2.783203125
9.48	2.7783203125
9.481	2.783203125
9.482	2.783203125
9.483	2.783203125
9.484	2.783203125
9.485	2.7783203125
9.486	2.783203125
9.487	2.783203125
9.488	2.783203125
9.489	2.7783203125
9.49	2.7880859375
9.491	2.7880859375
9.492	2.7880859375
9.493	2.783203125
9.494	2.7880859375
9.495	2.7880859375
9.496	2.7783203125
9.497	2.7880859375
9.498	2.7880859375
9.499	2.7880859375
9.5	2.783203125
9.501	2.7783203125
9.502004	2.7783203125
9.503	2.783203125
9.504004	2.7880859375
9.505004	2.7783203125
9.506004	2.783203125
9.507004	2.7880859375
9.508004	2.783203125
9.509	2.7880859375
9.51	2.7880859375
9.511	2.7783203125
9.512	2.7880859375
9.513	2.7880859375
9.514	2.79296875
9.515	2.7783203125
9.516	2.783203125
9.517	2.783203125
9.518	2.783203125
9.519	2.783203125
9.52	2.783203125
9.521	2.7880859375
9.522	2.783203125
9.523	2.7783203125
9.524	2.7783203125
9.525	2.783203125
9.526	2.7783203125
9.527	2.7783203125
9.528	2.783203125
9.529	2.783203125
9.53	2.783203125
9.531	2.783203125
9.532	2.783203125
9.533	2.783203125
9.534	2.7880859375
9.535	2.783203125
9.536	2.7783203125
9.537	2.783203125
9.538	2.783203125
9.539	2.7880859375
9.54	2.7783203125
9.541	2.7880859375
9.542	2.7880859375
9.543	2.7783203125
9.544	2.7880859375
9.544996	2.7880859375
9.546004	2.7880859375
9.547004	2.7783203125
9.548004	2.783203125
9.549004	2.783203125
9.550004	2.783203125
9.551004	2.7783203125
9.552	2.783203125
9.553	2.7880859375
9.554	2.783203125
9.555	2.7880859375
9.556	2.7880859375
9.557	2.79296875
9.558	2.7880859375
9.559	2.7880859375
9.56	2.7880859375
9.561	2.7783203125
9.562	2.7783203125
9.563	2.7880859375
9.564	2.7880859375
9.565	2.783203125
9.566	2.7783203125
9.567	2.783203125
9.568	2.7783203125
9.569	2.783203125
9.57	2.783203125
9.571	2.7880859375
9.572	2.783203125
9.573	2.783203125
9.574	2.7880859375
9.575	2.7783203125
9.576	2.783203125
9.577	2.783203125
9.578	2.783203125
9.579	2.783203125
9.58	2.783203125
9.581	2.7880859375
9.582	2.783203125
9.583	2.783203125
9.584	2.783203125
9.585	2.7783203125
9.586	2.783203125
9.586996	2.783203125
9.588004	2.7880859375
9.589	2.7880859375
9.590004	2.7880859375
9.591004	2.7880859375
9.592004	2.7783203125
9.593004	2.783203125
9.594	2.783203125
9.595	2.7783203125
9.596	2.7880859375
9.597	2.7880859375
9.598	2.783203125
9.599	2.783203125
9.6	2.783203125
9.601	2.7880859375
9.602	2.7880859375
9.603	2.7880859375
9.604	2.7734375
9.605	2.783203125
9.606	2.783203125
9.607	2.783203125
9.608	2.7880859375
9.609	2.7783203125
9.61	2.783203125
9.611	2.7783203125
9.612	2.7783203125
9.613	2.783203125
9.614	2.7783203125
9.615	2.783203125
9.616	2.783203125
9.617	2.783203125
9.618	2.783203125
9.619	2.783203125
