Channel Accuracy: 10 Bits
Measurement Range 0...5V --> Resolution: 5V/2^10 = 4.9mV
Measured Single Channel at a Frequency of 1000 Hz
Time (s)	Voltage (V)
0	1.8310546875
0.001	1.8310546875
0.002	1.8310546875
0.003	1.8310546875
0.004	1.8310546875
0.005	1.826171875
0.006	1.8310546875
0.007	1.8359375
0.008	1.8310546875
0.009004	1.8310546875
0.01	1.826171875
0.011004	1.8310546875
0.012004	1.826171875
0.013004	1.8310546875
0.014004	1.826171875
0.015004	1.8212890625
0.016	1.826171875
0.017	1.826171875
0.018	1.8212890625
0.019	1.8310546875
0.02	1.826171875
0.021	1.8212890625
0.022	1.8212890625
0.023	1.8310546875
0.024	1.826171875
0.025	1.826171875
0.026	1.8310546875
0.027	1.8310546875
0.028	1.826171875
0.029	1.826171875
0.03	1.8310546875
0.031	1.8212890625
0.032	1.826171875
0.033	1.826171875
0.034	1.826171875
0.035	1.8310546875
0.036	1.826171875
0.037	1.826171875
0.038	1.8212890625
0.039	1.826171875
0.04	1.8310546875
0.041	1.826171875
0.042	1.826171875
0.043	1.826171875
0.044	1.8212890625
0.045	1.81640625
0.046	1.826171875
0.047	1.8212890625
0.048	1.826171875
0.049	1.81640625
0.05	1.81640625
0.051008	1.81640625
0.052	1.826171875
0.053004	1.826171875
0.054004	1.8212890625
0.055004	1.81640625
0.056004	1.8212890625
0.057004	1.8212890625
0.058	1.826171875
0.059	1.826171875
0.06	1.8212890625
0.061	1.8212890625
0.062	1.8212890625
0.063	1.826171875
0.064	1.826171875
0.065	1.826171875
0.066	1.826171875
0.067	1.81640625
0.068	1.81640625
0.069	1.8115234375
0.07	1.81640625
0.071	1.8212890625
0.072	1.8212890625
0.073	1.81640625
0.074	1.8212890625
0.075	1.81640625
0.076	1.8212890625
0.077	1.8212890625
0.078	1.8212890625
0.079	1.8115234375
0.08	1.81640625
0.081	1.8212890625
0.082	1.81640625
0.083	1.81640625
0.084	1.8212890625
0.085	1.8212890625
0.086	1.8212890625
0.087	1.81640625
0.088	1.8212890625
0.089	1.8212890625
0.09	1.826171875
0.091	1.81640625
0.092	1.81640625
0.093	1.8212890625
0.094004	1.81640625
0.095	1.8115234375
0.096	1.8212890625
0.097004	1.8212890625
0.098004	1.8212890625
0.099004	1.8212890625
0.100004	1.81640625
0.101	1.8212890625
0.102	1.8212890625
0.103	1.81640625
0.104	1.826171875
0.105	1.8212890625
0.106	1.8212890625
0.107	1.8212890625
0.108	1.8212890625
0.109	1.8115234375
0.11	1.81640625
0.111	1.8115234375
0.112	1.81640625
0.113	1.8212890625
0.114	1.8212890625
0.115	1.8115234375
0.116	1.8212890625
0.117	1.8212890625
0.118	1.8212890625
0.119	1.8212890625
0.12	1.8212890625
0.121	1.81640625
0.122	1.8115234375
0.123	1.826171875
0.124	1.8115234375
0.125	1.8212890625
0.126	1.81640625
0.127	1.8212890625
0.128	1.8212890625
0.129	1.81640625
0.13	1.81640625
0.131	1.8115234375
0.132	1.826171875
0.133	1.8212890625
0.134	1.81640625
0.135	1.8212890625
0.136	1.8212890625
0.137004	1.8212890625
0.138	1.8212890625
0.139004	1.8212890625
0.140004	1.81640625
0.141004	1.8115234375
0.142004	1.8115234375
0.143004	1.8212890625
0.144	1.81640625
0.145	1.81640625
0.146	1.81640625
0.147	1.8212890625
0.148	1.8212890625
0.149	1.8212890625
0.15	1.81640625
0.151	1.8212890625
0.152	1.8212890625
0.153	1.8115234375
0.154	1.8115234375
0.155	1.8212890625
0.156	1.8212890625
0.157	1.8212890625
0.158	1.81640625
0.159	1.81640625
0.16	1.8212890625
0.161	1.81640625
0.162	1.8212890625
0.163	1.81640625
0.164	1.8212890625
0.165	1.81640625
0.166	1.8212890625
0.167	1.826171875
0.168	1.826171875
0.169	1.8212890625
0.17	1.8212890625
0.171	1.8212890625
0.172	1.81640625
0.173	1.826171875
0.174	1.826171875
0.175	1.826171875
0.176	1.8212890625
0.177	1.826171875
0.178	1.826171875
0.179008	1.8212890625
0.18	1.8212890625
0.181004	1.8212890625
0.182004	1.81640625
0.183004	1.8212890625
0.184004	1.8212890625
0.185004	1.8212890625
0.186	1.826171875
0.187	1.8212890625
0.188	1.8212890625
0.189	1.8212890625
0.19	1.81640625
0.191	1.8212890625
0.192	1.8212890625
0.193	1.8212890625
0.194	1.826171875
0.195	1.826171875
0.196	1.826171875
0.197	1.826171875
0.198	1.81640625
0.199	1.8212890625
0.2	1.8212890625
0.201	1.826171875
0.202	1.826171875
0.203	1.8310546875
0.204	1.826171875
0.205	1.8212890625
0.206	1.826171875
0.207	1.826171875
0.208	1.826171875
0.209	1.826171875
0.21	1.8212890625
0.211	1.8212890625
0.212	1.8212890625
0.213	1.826171875
0.214	1.8212890625
0.215	1.8212890625
0.216	1.8212890625
0.217	1.826171875
0.218	1.8310546875
0.219	1.826171875
0.22	1.8212890625
0.221	1.826171875
0.222004	1.8310546875
0.223	1.8310546875
0.224004	1.8310546875
0.225004	1.826171875
0.226004	1.8310546875
0.227004	1.8310546875
0.228004	1.8212890625
0.229	1.8310546875
0.23	1.8310546875
0.231	1.8310546875
0.232	1.8310546875
0.233	1.826171875
0.234	1.8310546875
0.235	1.8310546875
0.236	1.826171875
0.237	1.8310546875
0.238	1.826171875
0.239	1.826171875
0.24	1.826171875
0.241	1.81640625
0.242	1.8310546875
0.243	1.826171875
0.244	1.8310546875
0.245	1.8310546875
0.246	1.8310546875
0.247	1.8310546875
0.248	1.8310546875
0.249	1.8310546875
0.25	1.8359375
0.251	1.8359375
0.252	1.8359375
0.253	1.8310546875
0.254	1.8359375
0.255	1.8310546875
0.256	1.826171875
0.257	1.8310546875
0.258	1.8310546875
0.259	1.8359375
0.26	1.8359375
0.261	1.826171875
0.262	1.826171875
0.263	1.8310546875
0.264	1.826171875
0.264996	1.8310546875
0.266004	1.8310546875
0.267004	1.8310546875
0.268004	1.8310546875
0.269004	1.826171875
0.270004	1.826171875
0.271004	1.8310546875
0.272	1.8310546875
0.273	1.8310546875
0.274	1.8359375
0.275	1.8310546875
0.276	1.8310546875
0.277	1.8310546875
0.278	1.8310546875
0.279	1.8310546875
0.28	1.8359375
0.281	1.8310546875
0.282	1.826171875
0.283	1.8310546875
0.284	1.8310546875
0.285	1.8310546875
0.286	1.8310546875
0.287	1.8359375
0.288	1.8310546875
0.289	1.8408203125
0.29	1.8310546875
0.291	1.826171875
0.292	1.826171875
0.293	1.8359375
0.294	1.826171875
0.295	1.8359375
0.296	1.8310546875
0.297	1.8310546875
0.298	1.826171875
0.299	1.826171875
0.3	1.826171875
0.301	1.8359375
0.302	1.8310546875
0.303	1.8359375
0.304	1.8310546875
0.305	1.8310546875
0.306	1.826171875
0.306996	1.8310546875
0.308004	1.8359375
0.309	1.8359375
0.310004	1.8359375
0.311004	1.8408203125
0.312004	1.8310546875
0.313004	1.826171875
0.314	1.826171875
0.315	1.8359375
0.316	1.8359375
0.317	1.8310546875
0.318	1.8359375
0.319	1.8310546875
0.32	1.8359375
0.321	1.8310546875
0.322	1.8359375
0.323	1.8310546875
0.324	1.8310546875
0.325	1.826171875
0.326	1.8310546875
0.327	1.826171875
0.328	1.8359375
0.329	1.8359375
0.33	1.8359375
0.331	1.826171875
0.332	1.826171875
0.333	1.8310546875
0.334	1.8359375
0.335	1.8310546875
0.336	1.8359375
0.337	1.826171875
0.338	1.8310546875
0.339	1.8310546875
0.34	1.8359375
0.341	1.8359375
0.342	1.8359375
0.343	1.8310546875
0.344	1.826171875
0.345	1.8310546875
0.346	1.8310546875
0.347	1.8359375
0.348	1.826171875
0.349	1.8310546875
0.350004	1.8310546875
0.351	1.8359375
0.352004	1.8310546875
0.353004	1.8359375
0.354004	1.8408203125
0.355004	1.8359375
0.356004	1.8310546875
0.357	1.8359375
0.358	1.8310546875
0.359	1.8359375
0.36	1.8359375
0.361	1.8359375
0.362	1.8310546875
0.363	1.8310546875
0.364	1.8310546875
0.365	1.8310546875
0.366	1.826171875
0.367	1.8359375
0.368	1.8359375
0.369	1.8310546875
0.37	1.8310546875
0.371	1.8310546875
0.372	1.8359375
0.373	1.8359375
0.374	1.8310546875
0.375	1.8310546875
0.376	1.8359375
0.377	1.8359375
0.378	1.8310546875
0.379	1.8310546875
0.38	1.8359375
0.381	1.8359375
0.382	1.8359375
0.383	1.8359375
0.384	1.8359375
0.385	1.8310546875
0.386	1.8310546875
0.387	1.8310546875
0.388	1.8359375
0.389	1.8359375
0.39	1.8359375
0.391	1.8359375
0.392	1.8310546875
0.392996	1.8310546875
0.394004	1.8359375
0.395004	1.8408203125
0.396004	1.8359375
0.397004	1.8359375
0.398004	1.8359375
0.399004	1.8408203125
0.4	1.8310546875
0.401	1.8359375
0.402	1.8310546875
0.403	1.8310546875
0.404	1.8408203125
0.405	1.8359375
0.406	1.8408203125
0.407	1.8359375
0.408	1.8310546875
0.409	1.8310546875
0.41	1.8408203125
0.411	1.8359375
0.412	1.8359375
0.413	1.826171875
0.414	1.826171875
0.415	1.8310546875
0.416	1.8359375
0.417	1.826171875
0.418	1.8359375
0.419	1.8310546875
0.42	1.8310546875
0.421	1.8359375
0.422	1.8359375
0.423	1.8359375
0.424	1.8359375
0.425	1.8408203125
0.426	1.8359375
0.427	1.8359375
0.428	1.8359375
0.429	1.8359375
0.43	1.826171875
0.431	1.8359375
0.432	1.8310546875
0.433	1.8359375
0.434	1.8359375
0.434996	1.8359375
0.436004	1.8310546875
0.437	1.8310546875
0.438004	1.8310546875
0.439004	1.8359375
0.440004	1.8310546875
0.441004	1.8408203125
0.442	1.8310546875
0.443	1.8310546875
0.444	1.8359375
0.445	1.8359375
0.446	1.8408203125
0.447	1.8408203125
0.448	1.8359375
0.449	1.8359375
0.45	1.8310546875
0.451	1.8359375
0.452	1.8310546875
0.453	1.8359375
0.454	1.8310546875
0.455	1.8359375
0.456	1.8310546875
0.457	1.8359375
0.458	1.8310546875
0.459	1.826171875
0.46	1.8310546875
0.461	1.8359375
0.462	1.8310546875
0.463	1.8310546875
0.464	1.8359375
0.465	1.8359375
0.466	1.8310546875
0.467	1.8359375
0.468	1.8310546875
0.469	1.8359375
0.47	1.826171875
0.471	1.8359375
0.472	1.8359375
0.473	1.8310546875
0.474	1.8408203125
0.475	1.8310546875
0.476	1.8359375
0.477	1.8310546875
0.478004	1.8310546875
0.479	1.8408203125
0.480004	1.8359375
0.481004	1.8310546875
0.482004	1.8359375
0.483004	1.8310546875
0.484004	1.8359375
0.485	1.8310546875
0.486	1.8408203125
0.487	1.8310546875
0.488	1.8359375
0.489	1.8359375
0.49	1.8359375
0.491	1.8359375
0.492	1.8310546875
0.493	1.8359375
0.494	1.8408203125
0.495	1.8408203125
0.496	1.8359375
0.497	1.8359375
0.498	1.8408203125
0.499	1.8359375
0.5	1.8359375
0.501	1.8359375
0.502	1.8310546875
0.503	1.8408203125
0.504	1.8310546875
0.505	1.8359375
0.506	1.8359375
0.507	1.8310546875
0.508	1.8359375
0.509	1.8359375
0.51	1.8310546875
0.511	1.8408203125
0.512	1.8359375
0.513	1.8359375
0.514	1.8408203125
0.515	1.8310546875
0.516	1.826171875
0.517	1.8310546875
0.518	1.8408203125
0.519	1.8310546875
0.52	1.8359375
0.520996	1.8408203125
0.522004	1.8310546875
0.523004	1.8359375
0.524004	1.8310546875
0.525004	1.8359375
0.526004	1.8359375
0.527004	1.826171875
0.528	1.8310546875
0.529	1.8359375
0.53	1.8359375
0.531	1.8359375
0.532	1.826171875
0.533	1.8359375
0.534	1.8408203125
0.535	1.8359375
0.536	1.8408203125
0.537	1.8359375
0.538	1.8408203125
0.539	1.8408203125
0.54	1.8359375
0.541	1.8310546875
0.542	1.8310546875
0.543	1.8310546875
0.544	1.8359375
0.545	1.8310546875
0.546	1.8359375
0.547	1.8310546875
0.548	1.826171875
0.549	1.8359375
0.55	1.8359375
0.551	1.8310546875
0.552	1.826171875
0.553	1.8310546875
0.554	1.8359375
0.555	1.8310546875
0.556	1.826171875
0.557	1.8359375
0.558	1.8310546875
0.559	1.8310546875
0.56	1.826171875
0.561	1.8310546875
0.562	1.8310546875
0.562996	1.8359375
0.564004	1.826171875
0.565	1.8310546875
0.566004	1.8310546875
0.567004	1.8310546875
0.568004	1.8212890625
0.569004	1.8212890625
0.57	1.8310546875
0.571	1.826171875
0.572	1.826171875
0.573	1.826171875
0.574	1.8310546875
0.575	1.826171875
0.576	1.8212890625
0.577	1.8212890625
0.578	1.826171875
0.579	1.8212890625
0.58	1.8310546875
0.581	1.826171875
0.582	1.8212890625
0.583	1.826171875
0.584	1.826171875
0.585	1.826171875
0.586	1.8212890625
0.587	1.8310546875
0.588	1.826171875
0.589	1.826171875
0.59	1.826171875
0.591	1.8212890625
0.592	1.8212890625
0.593	1.8212890625
0.594	1.826171875
0.595	1.81640625
0.596	1.826171875
0.597	1.8212890625
0.598	1.8212890625
0.599	1.8212890625
0.6	1.8212890625
0.601	1.826171875
0.602	1.81640625
0.603	1.826171875
0.604	1.81640625
0.605	1.826171875
0.606004	1.826171875
0.607	1.826171875
0.608004	1.826171875
0.609004	1.8212890625
0.610004	1.826171875
0.611004	1.826171875
0.612004	1.81640625
0.613	1.826171875
0.614	1.826171875
0.615	1.826171875
0.616	1.826171875
0.617	1.8212890625
0.618	1.8310546875
0.619	1.81640625
0.62	1.826171875
0.621	1.8212890625
0.622	1.81640625
0.623	1.826171875
0.624	1.8310546875
0.625	1.8212890625
0.626	1.81640625
0.627	1.826171875
0.628	1.826171875
0.629	1.826171875
0.63	1.8212890625
0.631	1.826171875
0.632	1.8212890625
0.633	1.81640625
0.634	1.826171875
0.635	1.826171875
0.636	1.826171875
0.637	1.81640625
0.638	1.826171875
0.639	1.826171875
0.64	1.826171875
0.641	1.81640625
0.642	1.826171875
0.643	1.8212890625
0.644	1.826171875
0.645	1.826171875
0.646	1.826171875
0.647	1.8212890625
0.648	1.826171875
0.648996	1.8212890625
0.650004	1.8212890625
0.651004	1.8212890625
0.652004	1.826171875
0.653004	1.8212890625
0.654004	1.8212890625
0.655004	1.8212890625
0.656	1.826171875
0.657	1.8212890625
0.658	1.826171875
0.659	1.8212890625
0.66	1.81640625
0.661	1.826171875
0.662	1.81640625
0.663	1.8212890625
0.664	1.826171875
0.665	1.81640625
0.666	1.8212890625
0.667	1.81640625
0.668	1.826171875
0.669	1.8212890625
0.67	1.8212890625
0.671	1.81640625
0.672	1.826171875
0.673	1.81640625
0.674	1.826171875
0.675	1.8212890625
0.676	1.8212890625
0.677	1.826171875
0.678	1.826171875
0.679	1.8212890625
0.68	1.8310546875
0.681	1.8212890625
0.682	1.826171875
0.683	1.8212890625
0.684	1.81640625
0.685	1.8212890625
0.686	1.826171875
0.687	1.826171875
0.688	1.826171875
0.689	1.8212890625
0.69	1.81640625
0.690996	1.8212890625
0.692004	1.826171875
0.693	1.826171875
0.694004	1.826171875
0.695004	1.8212890625
0.696004	1.826171875
0.697004	1.8212890625
0.698	1.826171875
0.699	1.8212890625
0.7	1.826171875
0.701	1.826171875
0.702	1.8212890625
0.703	1.8310546875
0.704	1.826171875
0.705	1.826171875
0.706	1.826171875
0.707	1.8212890625
0.708	1.826171875
0.709	1.826171875
0.71	1.8310546875
0.711	1.8310546875
0.712	1.8212890625
0.713	1.8212890625
0.714	1.8212890625
0.715	1.8310546875
0.716	1.8310546875
0.717	1.826171875
0.718	1.826171875
0.719	1.8310546875
0.72	1.826171875
0.721	1.826171875
0.722	1.826171875
0.723	1.8359375
0.724	1.8310546875
0.725	1.8310546875
0.726	1.826171875
0.727	1.8310546875
0.728	1.826171875
0.729	1.8310546875
0.73	1.8310546875
0.731	1.8310546875
0.732	1.8310546875
0.733	1.8359375
0.734004	1.8408203125
0.735	1.8359375
0.736004	1.8310546875
0.737004	1.8359375
0.738004	1.8310546875
0.739004	1.8408203125
0.740004	1.8408203125
0.741	1.8408203125
0.742	1.8359375
0.743	1.8408203125
0.744	1.8359375
0.745	1.845703125
0.746	1.8408203125
0.747	1.845703125
0.748	1.8505859375
0.749	1.8505859375
0.75	1.8505859375
0.751	1.8505859375
0.752	1.8505859375
0.753	1.8505859375
0.754	1.8505859375
0.755	1.8603515625
0.756	1.8505859375
0.757	1.865234375
0.758	1.8603515625
0.759	1.865234375
0.76	1.875
0.761	1.8701171875
0.762	1.875
0.763	1.8798828125
0.764	1.875
0.765	1.8798828125
0.766	1.884765625
0.767	1.89453125
0.768	1.8896484375
0.769	1.8994140625
0.77	1.904296875
0.771	1.9091796875
0.772	1.923828125
0.773	1.923828125
0.774	1.943359375
0.775	1.9580078125
0.776	1.9921875
0.776996	2.0166015625
0.778004	2.0556640625
0.779004	2.08984375
0.780004	2.119140625
0.781004	2.16796875
0.782004	2.197265625
0.783004	2.24609375
0.784	2.294921875
0.785	2.333984375
0.786	2.3974609375
0.787	2.44140625
0.788	2.490234375
0.789	2.5537109375
0.79	2.63671875
0.791	2.6904296875
0.792	2.7294921875
0.793	2.83203125
0.794	2.8955078125
0.795	2.939453125
0.796	2.9931640625
0.797	3.0810546875
0.798	3.1298828125
0.799	3.1787109375
0.8	3.251953125
0.801	3.30078125
0.802	3.349609375
0.803	3.41796875
0.804	3.466796875
0.805	3.505859375
0.806	3.57421875
0.807	3.6279296875
0.808	3.671875
0.809	3.69140625
0.81	3.720703125
0.811	3.759765625
0.812	3.779296875
0.813	3.8037109375
0.814	3.8134765625
0.815	3.818359375
0.816	3.8134765625
0.817	3.828125
0.818	3.8330078125
0.818996	3.8330078125
0.820004	3.8330078125
0.821	3.818359375
0.822004	3.80859375
0.823004	3.798828125
0.824004	3.76953125
0.825004	3.7353515625
0.826	3.7158203125
0.827	3.6767578125
0.828	3.6328125
0.829	3.5791015625
0.83	3.525390625
0.831	3.4765625
0.832	3.4326171875
0.833	3.37890625
0.834	3.3154296875
0.835	3.2666015625
0.836	3.2177734375
0.837	3.154296875
0.838	3.095703125
0.839	3.056640625
0.84	2.9638671875
0.841	2.9150390625
0.842	2.8515625
0.843	2.7783203125
0.844	2.7294921875
0.845	2.67578125
0.846	2.59765625
0.847	2.5537109375
0.848	2.490234375
0.849	2.4462890625
0.85	2.412109375
0.851	2.3486328125
0.852	2.3193359375
0.853	2.2900390625
0.854	2.2314453125
0.855	2.2021484375
0.856	2.16796875
0.857	2.119140625
0.858	2.0947265625
0.859	2.0751953125
0.86	2.05078125
0.861	2.0458984375
0.862004	2.0263671875
0.863	2.021484375
0.864004	2.021484375
0.865004	2.0263671875
0.866004	2.0263671875
0.867004	2.041015625
0.868004	2.060546875
0.869	2.0751953125
0.87	2.0947265625
0.871	2.119140625
0.872	2.1533203125
0.873	2.1826171875
0.874	2.20703125
0.875	2.24609375
0.876	2.28515625
0.877	2.32421875
0.878	2.3828125
0.879	2.421875
0.88	2.4609375
0.881	2.5244140625
0.882	2.5927734375
0.883	2.646484375
0.884	2.6953125
0.885	2.734375
0.886	2.7880859375
0.887	2.8662109375
0.888	2.91015625
0.889	2.9833984375
0.89	3.037109375
0.891	3.076171875
0.892	3.154296875
0.893	3.212890625
0.894	3.2568359375
0.895	3.3203125
0.896	3.369140625
0.897	3.427734375
0.898	3.4619140625
0.899	3.515625
0.9	3.5546875
0.901	3.5986328125
0.902	3.6376953125
0.903	3.6572265625
0.904	3.69140625
0.904996	3.7109375
0.906004	3.73046875
0.907004	3.740234375
0.908004	3.75
0.909004	3.76953125
0.910004	3.7744140625
0.911004	3.7939453125
0.912	3.7841796875
0.913	3.7841796875
0.914	3.76953125
0.915	3.759765625
0.916	3.7451171875
0.917	3.720703125
0.918	3.6962890625
0.919	3.6669921875
0.92	3.623046875
0.921	3.5888671875
0.922	3.53515625
0.923	3.5107421875
0.924	3.466796875
0.925	3.4228515625
0.926	3.3642578125
0.927	3.3056640625
0.928	3.2763671875
0.929	3.232421875
0.93	3.154296875
0.931	3.1103515625
0.932	3.046875
0.933	2.9833984375
0.934	2.9296875
0.935	2.8662109375
0.936	2.8076171875
0.937	2.75390625
0.938	2.7099609375
0.939	2.65625
0.94	2.6123046875
0.941	2.548828125
0.942	2.5048828125
0.943	2.4658203125
0.944	2.412109375
0.945	2.3681640625
0.946	2.3291015625
0.946996	2.2802734375
0.948004	2.2412109375
0.949	2.2119140625
0.950004	2.1728515625
0.951004	2.1630859375
0.952004	2.12890625
0.953004	2.1142578125
0.954	2.099609375
0.955	2.08984375
0.956	2.08984375
0.957	2.0849609375
0.958	2.0849609375
0.959	2.08984375
0.96	2.0947265625
0.961	2.1044921875
0.962	2.109375
0.963	2.138671875
0.964	2.158203125
0.965	2.1826171875
0.966	2.197265625
0.967	2.236328125
0.968	2.2705078125
0.969	2.3095703125
0.97	2.3583984375
0.971	2.40234375
0.972	2.4462890625
0.973	2.5048828125
0.974	2.5390625
0.975	2.59765625
0.976	2.63671875
0.977	2.685546875
0.978	2.744140625
0.979	2.7880859375
0.98	2.8173828125
0.981	2.900390625
0.982	2.9638671875
0.983	3.017578125
0.984	3.056640625
0.985	3.1298828125
0.986	3.18359375
0.987	3.232421875
0.988	3.2861328125
0.989	3.330078125
0.990004	3.3740234375
0.991	3.41796875
0.992004	3.4619140625
0.993004	3.5107421875
0.994004	3.53515625
0.995004	3.57421875
0.996004	3.6083984375
0.997	3.642578125
0.998	3.6669921875
0.999	3.6865234375
1.0	3.7060546875
1.001	3.7158203125
1.002	3.7255859375
1.003	3.740234375
1.004	3.7353515625
1.005	3.7353515625
1.006	3.7353515625
1.007	3.7158203125
1.008	3.701171875
1.009	3.69140625
1.01	3.6767578125
1.011	3.6572265625
1.012	3.6328125
1.013	3.6083984375
1.014	3.57421875
1.015	3.53515625
1.016	3.505859375
1.017	3.447265625
1.018	3.3984375
1.019	3.349609375
1.02	3.30078125
1.021	3.2421875
1.022	3.203125
1.023	3.154296875
1.024	3.0859375
1.025	3.0419921875
1.026	2.998046875
1.027	2.9345703125
1.028	2.8857421875
1.029	2.8369140625
1.03	2.7783203125
1.031	2.75390625
1.032	2.685546875
1.032996	2.6416015625
1.034004	2.5830078125
1.035004	2.5439453125
1.036004	2.4853515625
1.037004	2.4462890625
1.038004	2.412109375
1.039004	2.353515625
1.04	2.3291015625
1.041	2.2998046875
1.042	2.255859375
1.043	2.2314453125
1.044	2.20703125
1.045	2.1826171875
1.046	2.177734375
1.047	2.158203125
1.048	2.1484375
1.049	2.1435546875
1.05	2.12890625
1.051	2.12890625
1.052	2.119140625
1.053	2.1337890625
1.054	2.1435546875
1.055	2.158203125
1.056	2.16796875
1.057	2.1826171875
1.058	2.2216796875
1.059	2.24609375
1.06	2.275390625
1.061	2.3095703125
1.062	2.3388671875
1.063	2.3828125
1.064	2.4169921875
1.065	2.4658203125
1.066	2.4951171875
1.067	2.5390625
1.068	2.6025390625
1.069	2.6416015625
1.07	2.67578125
1.071	2.7197265625
1.072	2.7783203125
1.073	2.822265625
1.074	2.8759765625
1.074996	2.94921875
1.076004	3.0029296875
1.077	3.046875
1.078004	3.095703125
1.079004	3.1591796875
1.080004	3.193359375
1.081004	3.251953125
1.082	3.30078125
1.083	3.3251953125
1.084	3.3642578125
1.085	3.427734375
1.086	3.4619140625
1.087	3.4912109375
1.088	3.5205078125
1.089	3.5595703125
1.09	3.5888671875
1.091	3.623046875
1.092	3.642578125
1.093	3.6669921875
1.094	3.681640625
1.095	3.69140625
1.096	3.69140625
1.097	3.6865234375
1.098	3.69140625
1.099	3.6865234375
1.1	3.6767578125
1.101	3.681640625
1.102	3.6572265625
1.103	3.6376953125
1.104	3.6328125
1.105	3.603515625
1.106	3.5791015625
1.107	3.5498046875
1.108	3.49609375
1.109	3.4619140625
1.11	3.4228515625
1.111	3.3837890625
1.112	3.330078125
1.113	3.2763671875
1.114	3.2421875
1.115	3.1982421875
1.116	3.1591796875
1.117	3.10546875
1.118004	3.06640625
1.119	3.017578125
1.120004	2.9541015625
1.121004	2.91015625
1.122004	2.8662109375
1.123004	2.7978515625
1.124004	2.75390625
1.125	2.71484375
1.126	2.65625
1.127	2.6220703125
1.128	2.5634765625
1.129	2.509765625
1.13	2.4755859375
1.131	2.44140625
1.132	2.40234375
1.133	2.373046875
1.134	2.333984375
1.135	2.314453125
1.136	2.2900390625
1.137	2.2607421875
1.138	2.2314453125
1.139	2.2216796875
1.14	2.197265625
1.141	2.1826171875
1.142	2.177734375
1.143	2.1728515625
1.144	2.16796875
1.145	2.1728515625
1.146	2.177734375
1.147	2.1875
1.148	2.1923828125
1.149	2.2119140625
1.15	2.2265625
1.151	2.2607421875
1.152	2.2705078125
1.153	2.314453125
1.154	2.32421875
1.155	2.36328125
1.156	2.40234375
1.157	2.421875
1.158	2.4609375
1.159	2.5244140625
1.16	2.548828125
1.160996	2.5927734375
1.162004	2.63671875
1.163004	2.6904296875
1.164004	2.7392578125
1.165004	2.7734375
1.166004	2.8271484375
1.167004	2.8759765625
1.168	2.9443359375
1.169	2.9833984375
1.17	3.037109375
1.171	3.095703125
1.172	3.125
1.173	3.1689453125
1.174	3.22265625
1.175	3.2666015625
1.176	3.291015625
1.177	3.3544921875
1.178	3.3935546875
1.179	3.4326171875
1.18	3.45703125
1.181	3.4814453125
1.182	3.5302734375
1.183	3.564453125
1.184	3.5888671875
1.185	3.6083984375
1.186	3.6328125
1.187	3.6328125
1.188	3.6474609375
1.189	3.65234375
1.19	3.662109375
1.191	3.6572265625
1.192	3.6572265625
1.193	3.6474609375
1.194	3.6474609375
1.195	3.6279296875
1.196	3.61328125
1.197	3.59375
1.198	3.5791015625
1.199	3.5498046875
1.2	3.515625
1.201	3.4765625
1.202	3.447265625
1.202996	3.4033203125
1.204004	3.369140625
1.205	3.3203125
1.206004	3.2763671875
1.207004	3.2421875
1.208004	3.2080078125
1.209004	3.1494140625
1.21	3.1103515625
1.211	3.06640625
1.212	3.0126953125
1.213	2.96875
1.214	2.919921875
1.215	2.880859375
1.216	2.8271484375
1.217	2.7685546875
1.218	2.7294921875
1.219	2.6904296875
1.22	2.646484375
1.221	2.578125
1.222	2.548828125
1.223	2.5146484375
1.224	2.4609375
1.225	2.4365234375
1.226	2.4072265625
1.227	2.3681640625
1.228	2.3388671875
1.229	2.3193359375
1.23	2.28515625
1.231	2.2705078125
1.232	2.2509765625
1.233	2.2314453125
1.234	2.216796875
1.235	2.20703125
1.236	2.2021484375
1.237	2.2021484375
1.238	2.20703125
1.239	2.2021484375
1.24	2.216796875
1.241	2.2265625
1.242	2.236328125
1.243	2.2607421875
1.244	2.275390625
1.245	2.3046875
1.246004	2.32421875
1.247	2.3486328125
1.248004	2.3779296875
1.249004	2.4072265625
1.250004	2.44140625
1.251004	2.48046875
1.252004	2.51953125
1.253	2.55859375
1.254	2.607421875
1.255	2.646484375
1.256	2.6806640625
1.257	2.724609375
1.258	2.7734375
1.259	2.8369140625
1.26	2.8759765625
1.261	2.91015625
1.262	2.978515625
1.263	3.0126953125
1.264	3.0517578125
1.265	3.095703125
1.266	3.1494140625
1.267	3.193359375
1.268	3.2373046875
1.269	3.2861328125
1.27	3.3154296875
1.271	3.349609375
1.272	3.408203125
1.273	3.4326171875
1.274	3.4521484375
1.275	3.486328125
1.276	3.505859375
1.277	3.525390625
1.278	3.5546875
1.279	3.5791015625
1.28	3.5986328125
1.281	3.6083984375
1.282	3.6181640625
1.283	3.6279296875
1.284	3.6328125
1.285	3.6328125
1.286	3.6279296875
1.287	3.623046875
1.288	3.5986328125
1.288996	3.5791015625
1.290004	3.5546875
1.291004	3.5400390625
1.292004	3.515625
1.293004	3.486328125
1.294004	3.4619140625
1.295004	3.4228515625
1.296	3.3935546875
1.297	3.359375
1.298	3.310546875
1.299	3.28125
1.3	3.251953125
1.301	3.1884765625
1.302	3.1591796875
1.303	3.1201171875
1.304	3.056640625
1.305	3.017578125
1.306	2.9833984375
1.307	2.9150390625
1.308	2.8759765625
1.309	2.822265625
1.31	2.7783203125
1.311	2.7734375
1.312	2.7099609375
1.313	2.65625
1.314	2.6171875
1.315	2.5830078125
1.316	2.5390625
1.317	2.4951171875
1.318	2.4658203125
1.319	2.421875
1.32	2.40234375
1.321	2.3779296875
1.322	2.333984375
1.323	2.3193359375
1.324	2.2998046875
1.325	2.2802734375
1.326	2.2705078125
1.327	2.2607421875
1.328	2.236328125
1.329	2.236328125
1.33	2.2314453125
1.330996	2.2412109375
1.332004	2.2314453125
1.333	2.2412109375
1.334004	2.2607421875
1.335004	2.2705078125
1.336004	2.28515625
1.337004	2.2998046875
1.338	2.3193359375
1.339	2.3388671875
1.34	2.373046875
1.341	2.3876953125
1.342	2.4365234375
1.343	2.4560546875
1.344	2.490234375
1.345	2.529296875
1.346	2.578125
1.347	2.6123046875
1.348	2.6416015625
1.349	2.6953125
1.35	2.7392578125
1.351	2.763671875
1.352	2.8173828125
1.353	2.8515625
1.354	2.9150390625
1.355	2.9541015625
1.356	2.9931640625
1.357	3.0517578125
1.358	3.1005859375
1.359	3.1298828125
1.36	3.1787109375
1.361	3.2177734375
1.362	3.2568359375
1.363	3.2861328125
1.364	3.3349609375
1.365	3.3544921875
1.366	3.4033203125
1.367	3.4326171875
1.368	3.4521484375
1.369	3.4716796875
1.37	3.4912109375
1.371	3.515625
1.372	3.5400390625
1.373	3.564453125
1.374004	3.583984375
1.375	3.59375
1.376004	3.5986328125
1.377004	3.59375
1.378004	3.59375
1.379004	3.59375
1.380004	3.57421875
1.381	3.5595703125
1.382	3.544921875
1.383	3.53515625
1.384	3.5205078125
1.385	3.505859375
1.386	3.4765625
1.387	3.4423828125
1.388	3.4130859375
1.389	3.3837890625
1.39	3.33984375
1.391	3.30078125
1.392	3.2763671875
1.393	3.2275390625
1.394	3.193359375
1.395	3.1494140625
1.396	3.10546875
1.397	3.06640625
1.398	3.02734375
1.399	2.978515625
1.4	2.939453125
1.401	2.900390625
1.402	2.861328125
1.403	2.7880859375
1.404	2.7587890625
1.405	2.724609375
1.406	2.6953125
1.407	2.6416015625
1.408	2.59765625
1.409	2.5634765625
1.41	2.5341796875
1.411	2.490234375
1.412	2.4609375
1.413	2.431640625
1.414	2.392578125
1.415	2.3779296875
1.416	2.34375
1.416996	2.3388671875
1.418004	2.32421875
1.419004	2.294921875
1.420004	2.294921875
1.421004	2.275390625
1.422004	2.275390625
1.423004	2.2705078125
1.424	2.265625
1.425	2.265625
1.426	2.2705078125
1.427	2.2705078125
1.428	2.294921875
1.429	2.3046875
1.43	2.314453125
1.431	2.3388671875
1.432	2.353515625
1.433	2.3828125
1.434	2.421875
1.435	2.4462890625
1.436	2.470703125
1.437	2.5048828125
1.438	2.5439453125
1.439	2.5634765625
1.44	2.6123046875
1.441	2.646484375
1.442	2.6953125
1.443	2.724609375
1.444	2.7490234375
1.445	2.8173828125
1.446	2.8564453125
1.447	2.8955078125
1.448	2.9296875
1.449	2.98828125
1.45	3.02734375
1.451	3.06640625
1.452	3.115234375
1.453	3.1494140625
1.454	3.18359375
1.455	3.232421875
1.456	3.271484375
1.457	3.2958984375
1.458	3.3349609375
1.458996	3.369140625
1.460004	3.3984375
1.461	3.4326171875
1.462004	3.4521484375
1.463004	3.4765625
1.464004	3.5009765625
1.465004	3.515625
1.466	3.525390625
1.467	3.544921875
1.468	3.5546875
1.469	3.5546875
1.47	3.5595703125
1.471	3.5595703125
1.472	3.564453125
1.473	3.5595703125
1.474	3.5498046875
1.475	3.5400390625
1.476	3.505859375
1.477	3.505859375
1.478	3.486328125
1.479	3.45703125
1.48	3.4228515625
1.481	3.3935546875
1.482	3.369140625
1.483	3.3349609375
1.484	3.2958984375
1.485	3.2666015625
1.486	3.2177734375
1.487	3.193359375
1.488	3.154296875
1.489	3.1103515625
1.49	3.06640625
1.491	3.0419921875
1.492	2.9931640625
1.493	2.9541015625
1.494	2.91015625
1.495	2.8662109375
1.496	2.79296875
1.497	2.7734375
1.498	2.75390625
1.499	2.71484375
1.5	2.6611328125
1.501	2.6171875
1.502004	2.5830078125
1.503	2.5439453125
1.504004	2.509765625
1.505004	2.4853515625
1.506004	2.451171875
1.507004	2.431640625
1.508004	2.4072265625
1.509	2.3974609375
1.51	2.3583984375
1.511	2.3388671875
1.512	2.32421875
1.513	2.314453125
1.514	2.3095703125
1.515	2.2998046875
1.516	2.2998046875
1.517	2.294921875
1.518	2.294921875
1.519	2.2998046875
1.52	2.3046875
1.521	2.3095703125
1.522	2.333984375
1.523	2.3388671875
1.524	2.3583984375
1.525	2.3779296875
1.526	2.3974609375
1.527	2.431640625
1.528	2.4462890625
1.529	2.470703125
1.53	2.509765625
1.531	2.5439453125
1.532	2.5732421875
1.533	2.6171875
1.534	2.6416015625
1.535	2.6953125
1.536	2.724609375
1.537	2.7685546875
1.538	2.8125
1.539	2.8515625
1.54	2.8857421875
1.541	2.9345703125
1.542	2.978515625
1.543	3.0126953125
1.544	3.0517578125
1.544996	3.095703125
1.546004	3.1201171875
1.547004	3.1640625
1.548004	3.2080078125
1.549004	3.2470703125
1.550004	3.2861328125
1.551004	3.3056640625
1.552	3.330078125
1.553	3.3740234375
1.554	3.4033203125
1.555	3.4326171875
1.556	3.447265625
1.557	3.4619140625
1.558	3.4814453125
1.559	3.5009765625
1.56	3.505859375
1.561	3.5205078125
1.562	3.5302734375
1.563	3.525390625
1.564	3.5302734375
1.565	3.5205078125
1.566	3.5302734375
1.567	3.515625
1.568	3.505859375
1.569	3.5009765625
1.57	3.4814453125
1.571	3.466796875
1.572	3.4423828125
1.573	3.4228515625
1.574	3.3935546875
1.575	3.3544921875
1.576	3.330078125
1.577	3.30078125
1.578	3.2568359375
1.579	3.2275390625
1.58	3.1884765625
1.581	3.154296875
1.582	3.125
1.583	3.0712890625
1.584	3.0322265625
1.585	3.0078125
1.586	2.96875
1.586996	2.9052734375
1.588004	2.8759765625
1.589	2.83203125
1.590004	2.7783203125
1.591004	2.7587890625
1.592004	2.724609375
1.593004	2.6806640625
1.594	2.65625
1.595	2.607421875
1.596	2.568359375
1.597	2.5537109375
1.598	2.509765625
1.599	2.4755859375
1.6	2.4560546875
1.601	2.4267578125
1.602	2.412109375
1.603	2.3828125
1.604	2.3681640625
1.605	2.3486328125
1.606	2.3388671875
1.607	2.32421875
1.608	2.3291015625
1.609	2.3193359375
1.61	2.3193359375
1.611	2.3095703125
1.612	2.3193359375
1.613	2.3193359375
1.614	2.333984375
1.615	2.34375
1.616	2.3486328125
1.617	2.3681640625
1.618	2.3876953125
1.619	2.4169921875
1.62	2.431640625
1.621	2.4560546875
1.622	2.490234375
1.623	2.509765625
1.624	2.55859375
1.625	2.5830078125
1.626	2.6171875
1.627	2.646484375
1.628	2.6953125
1.629	2.7197265625
1.630004	2.75390625
1.631	2.7880859375
1.632004	2.8466796875
1.633004	2.8857421875
1.634004	2.9248046875
1.635004	2.958984375
1.636004	3.0078125
1.637	3.037109375
1.638	3.06640625
1.639	3.1201171875
1.64	3.154296875
1.641	3.1884765625
1.642	3.232421875
1.643	3.26171875
1.644	3.2958984375
1.645	3.330078125
1.646	3.3447265625
1.647	3.3837890625
1.648	3.408203125
1.649	3.427734375
1.65	3.4423828125
1.651	3.45703125
1.652	3.4765625
1.653	3.486328125
1.654	3.4912109375
1.655	3.5009765625
1.656	3.5009765625
1.657	3.5107421875
1.658	3.515625
1.659	3.515625
1.66	3.5009765625
1.661	3.486328125
1.662	3.4765625
1.663	3.4619140625
1.664	3.4521484375
1.665	3.4228515625
1.666	3.408203125
1.667	3.369140625
1.668	3.3349609375
1.669	3.3203125
1.67	3.2861328125
1.671	3.2666015625
1.672	3.2275390625
1.672996	3.1884765625
1.674004	3.154296875
1.675004	3.1201171875
1.676004	3.076171875
1.677004	3.0419921875
1.678004	3.0126953125
1.679004	2.958984375
1.68	2.9296875
1.681	2.890625
1.682	2.8564453125
1.683	2.79296875
1.684	2.763671875
1.685	2.7392578125
1.686	2.705078125
1.687	2.666015625
1.688	2.6318359375
1.689	2.59765625
1.69	2.568359375
1.691	2.5341796875
1.692	2.509765625
1.693	2.4853515625
1.694	2.451171875
1.695	2.421875
1.696	2.412109375
1.697	2.3876953125
1.698	2.373046875
1.699	2.3583984375
1.7	2.3486328125
1.701	2.34375
1.702	2.3388671875
1.703	2.333984375
1.704	2.3388671875
1.705	2.3388671875
1.706	2.333984375
1.707	2.34375
1.708	2.3583984375
1.709	2.373046875
1.71	2.3876953125
1.711	2.412109375
1.712	2.4267578125
1.713	2.4462890625
1.714	2.470703125
1.714996	2.490234375
1.716004	2.5146484375
1.717	2.55859375
1.718004	2.587890625
1.719004	2.6220703125
1.720004	2.65625
1.721004	2.6953125
1.722	2.7294921875
1.723	2.7490234375
1.724	2.7783203125
1.725	2.8466796875
1.726	2.87109375
1.727	2.91015625
1.728	2.939453125
1.729	2.98828125
1.73	3.02734375
1.731	3.046875
1.732	3.1103515625
1.733	3.134765625
1.734	3.1689453125
1.735	3.203125
1.736	3.2421875
1.737	3.2763671875
1.738	3.291015625
1.739	3.3154296875
1.74	3.349609375
1.741	3.369140625
1.742	3.3935546875
1.743	3.4228515625
1.744	3.4423828125
1.745	3.45703125
1.746	3.466796875
1.747	3.4765625
1.748	3.486328125
1.749	3.4765625
1.75	3.4814453125
1.751	3.4814453125
1.752	3.4912109375
1.753	3.4814453125
1.754	3.4716796875
1.755	3.4619140625
1.756	3.45703125
1.757	3.427734375
1.758004	3.408203125
1.759	3.388671875
1.760004	3.359375
1.761004	3.3349609375
1.762004	3.3154296875
1.763004	3.2861328125
1.764004	3.26171875
1.765	3.2275390625
1.766	3.1884765625
1.767	3.154296875
1.768	3.1298828125
1.769	3.076171875
1.77	3.056640625
1.771	3.0126953125
1.772	2.96875
1.773	2.939453125
1.774	2.9052734375
1.775	2.8515625
1.776	2.8173828125
1.777	2.7783203125
1.778	2.75390625
1.779	2.71484375
1.78	2.67578125
1.781	2.646484375
1.782	2.626953125
1.783	2.578125
1.784	2.55859375
1.785	2.5341796875
1.786	2.490234375
1.787	2.470703125
1.788	2.4560546875
1.789	2.431640625
1.79	2.4169921875
1.791	2.3974609375
1.792	2.3828125
1.793	2.3828125
1.794	2.3681640625
1.795	2.36328125
1.796	2.3583984375
1.797	2.3583984375
1.798	2.353515625
1.799	2.3583984375
1.8	2.3681640625
1.800996	2.3779296875
1.802004	2.392578125
1.803004	2.3974609375
1.804004	2.421875
1.805004	2.44140625
1.806004	2.4609375
1.807004	2.48046875
1.808	2.5
1.809	2.5341796875
1.81	2.5634765625
1.811	2.587890625
1.812	2.6318359375
1.813	2.6513671875
1.814	2.685546875
1.815	2.71484375
1.816	2.75390625
1.817	2.783203125
1.818	2.822265625
1.819	2.8564453125
1.82	2.9052734375
1.821	2.9443359375
1.822	2.9736328125
1.823	3.017578125
1.824	3.0517578125
1.825	3.0908203125
1.826	3.125
1.827	3.1591796875
1.828	3.1884765625
1.829	3.22265625
1.83	3.2470703125
1.831	3.2666015625
1.832	3.30078125
1.833	3.330078125
1.834	3.349609375
1.835	3.37890625
1.836	3.3935546875
1.837	3.41796875
1.838	3.4326171875
1.839	3.447265625
1.84	3.447265625
1.841	3.45703125
1.842	3.466796875
1.842996	3.466796875
1.844004	3.466796875
1.845	3.466796875
1.846004	3.45703125
1.847004	3.4619140625
1.848004	3.4521484375
1.849004	3.4375
1.85	3.408203125
1.851	3.388671875
1.852	3.37890625
1.853	3.3642578125
1.854	3.330078125
1.855	3.3056640625
1.856	3.28125
1.857	3.26171875
1.858	3.212890625
1.859	3.18359375
1.86	3.14453125
1.861	3.1201171875
1.862	3.0908203125
1.863	3.0517578125
1.864	3.017578125
1.865	2.98828125
1.866	2.9345703125
1.867	2.91015625
1.868	2.87109375
1.869	2.8369140625
1.87	2.7978515625
1.871	2.763671875
1.872	2.734375
1.873	2.71484375
1.874	2.666015625
1.875	2.626953125
1.876	2.607421875
1.877	2.5732421875
1.878	2.5439453125
1.879	2.5244140625
1.88	2.490234375
1.881	2.4755859375
1.882	2.4560546875
1.883	2.44140625
1.884	2.421875
1.885	2.412109375
1.886004	2.392578125
1.887	2.392578125
1.888004	2.3828125
1.889004	2.373046875
1.890004	2.373046875
1.891004	2.3779296875
1.892004	2.3779296875
1.893	2.3828125
1.894	2.392578125
1.895	2.4072265625
1.896	2.421875
1.897	2.431640625
1.898	2.451171875
1.899	2.4658203125
1.9	2.4951171875
1.901	2.5048828125
1.902	2.5390625
1.903	2.5634765625
1.904	2.59765625
1.905	2.6220703125
1.906	2.6416015625
1.907	2.685546875
1.908	2.7197265625
1.909	2.7392578125
1.91	2.7783203125
1.911	2.8125
1.912	2.8662109375
1.913	2.8955078125
1.914	2.9248046875
1.915	2.96875
1.916	3.0029296875
1.917	3.0322265625
1.918	3.06640625
1.919	3.1005859375
1.92	3.1396484375
1.921	3.173828125
1.922	3.203125
1.923	3.232421875
1.924	3.2666015625
1.925	3.291015625
1.926	3.3056640625
1.927	3.330078125
1.928	3.359375
1.928996	3.3740234375
1.930004	3.3984375
1.931004	3.408203125
1.932004	3.427734375
1.933004	3.4326171875
1.934004	3.4423828125
1.935004	3.4521484375
1.936	3.4521484375
1.937	3.4521484375
1.938	3.447265625
1.939	3.447265625
1.94	3.4375
1.941	3.427734375
1.942	3.4228515625
1.943	3.3984375
1.944	3.3837890625
1.945	3.359375
1.946	3.349609375
1.947	3.330078125
1.948	3.2861328125
1.949	3.2666015625
1.95	3.251953125
1.951	3.2080078125
1.952	3.18359375
1.953	3.1591796875
1.954	3.125
1.955	3.095703125
1.956	3.06640625
1.957	3.0224609375
1.958	2.98828125
1.959	2.9541015625
1.96	2.91015625
1.961	2.880859375
1.962	2.8466796875
1.963	2.7978515625
1.964	2.783203125
1.965	2.7392578125
1.966	2.71484375
1.967	2.685546875
1.968	2.6513671875
1.969	2.626953125
1.97	2.59765625
1.970996	2.568359375
1.972004	2.5439453125
1.973	2.5146484375
1.974004	2.490234375
1.975004	2.4755859375
1.976004	2.4560546875
1.977004	2.4365234375
1.978	2.4267578125
1.979	2.412109375
1.98	2.40234375
1.981	2.40234375
1.982	2.40234375
1.983	2.3974609375
1.984	2.3974609375
1.985	2.3974609375
1.986	2.40234375
1.987	2.4169921875
1.988	2.421875
1.989	2.4267578125
1.99	2.4462890625
1.991	2.451171875
1.992	2.48046875
1.993	2.4853515625
1.994	2.5146484375
1.995	2.548828125
1.996	2.568359375
1.997	2.59765625
1.998	2.6220703125
1.999	2.65625
2.0	2.6904296875
2.001	2.7099609375
2.002	2.7294921875
2.003	2.7783203125
2.004	2.8125
2.005	2.8466796875
2.006	2.880859375
2.007	2.919921875
2.008	2.9541015625
2.009	2.9833984375
2.01	3.0224609375
2.011	3.056640625
2.012	3.0859375
2.013	3.125
2.014004	3.154296875
2.015	3.1787109375
2.016004	3.22265625
2.017004	3.2421875
2.018004	3.271484375
2.019004	3.291015625
2.020004	3.3056640625
2.021	3.3349609375
2.022	3.349609375
2.023	3.3642578125
2.024	3.3837890625
2.025	3.3984375
2.026	3.408203125
2.027	3.41796875
2.028	3.4326171875
2.029	3.427734375
2.03	3.4375
2.031	3.4375
2.032	3.427734375
2.033	3.4228515625
2.034	3.4130859375
2.035	3.408203125
2.036	3.388671875
2.037	3.369140625
2.038	3.359375
2.039	3.3349609375
2.04	3.310546875
2.041	3.291015625
2.042	3.2666015625
2.043	3.2470703125
2.044	3.2177734375
2.045	3.18359375
2.046	3.1591796875
2.047	3.1298828125
2.048	3.095703125
2.049	3.06640625
2.05	3.0322265625
2.051	3.0029296875
2.052	2.9638671875
2.053	2.9296875
2.054	2.8955078125
2.055	2.861328125
2.056	2.8125
2.056996	2.7880859375
2.058004	2.7685546875
2.059004	2.7392578125
2.060004	2.7001953125
2.061004	2.67578125
2.062004	2.646484375
2.063004	2.6171875
2.064	2.587890625
2.065	2.55859375
2.066	2.5341796875
2.067	2.5048828125
2.068	2.4951171875
2.069	2.4755859375
2.07	2.4609375
2.071	2.451171875
2.072	2.431640625
2.073	2.421875
2.074	2.421875
2.075	2.4072265625
2.076	2.4169921875
2.077	2.412109375
2.078	2.4072265625
2.079	2.421875
2.08	2.431640625
2.081	2.4365234375
2.082	2.4462890625
2.083	2.451171875
2.084	2.4658203125
2.085	2.48046875
2.086	2.5
2.087	2.5341796875
2.088	2.548828125
2.089	2.578125
2.09	2.607421875
2.091	2.6171875
2.092	2.6416015625
2.093	2.6806640625
2.094	2.7099609375
2.095	2.744140625
2.096	2.7587890625
2.097	2.8173828125
2.098	2.8466796875
2.098996	2.8662109375
2.100004	2.900390625
2.101	2.9443359375
2.102004	2.978515625
2.103004	3.0126953125
2.104004	3.046875
2.105004	3.0712890625
2.106	3.1005859375
2.107	3.1396484375
2.108	3.1689453125
2.109	3.1884765625
2.11	3.2275390625
2.111	3.2568359375
2.112	3.2666015625
2.113	3.2861328125
2.114	3.310546875
2.115	3.330078125
2.116	3.349609375
2.117	3.3544921875
2.118	3.37890625
2.119	3.3984375
2.12	3.408203125
2.121	3.4033203125
2.122	3.4130859375
2.123	3.41796875
2.124	3.41796875
2.125	3.4130859375
2.126	3.4130859375
2.127	3.3984375
2.128	3.3837890625
2.129	3.369140625
2.13	3.369140625
2.131	3.3349609375
2.132	3.330078125
2.133	3.2958984375
2.134	3.2861328125
2.135	3.26171875
2.136	3.2568359375
2.137	3.2080078125
2.138	3.1884765625
2.139	3.1591796875
2.14	3.1201171875
2.141	3.1005859375
2.142004	3.06640625
2.143	3.02734375
2.144004	3.0078125
2.145004	2.978515625
2.146004	2.9345703125
2.147004	2.900390625
2.148004	2.87109375
2.149	2.8271484375
2.15	2.7880859375
2.151	2.7685546875
2.152	2.744140625
2.153	2.734375
2.154	2.6904296875
2.155	2.65625
2.156	2.6318359375
2.157	2.5927734375
2.158	2.578125
2.159	2.55859375
2.16	2.529296875
2.161	2.5146484375
2.162	2.4951171875
2.163	2.4755859375
2.164	2.4658203125
2.165	2.4560546875
2.166	2.4462890625
2.167	2.4365234375
2.168	2.4267578125
2.169	2.431640625
2.17	2.4267578125
2.171	2.4267578125
2.172	2.4365234375
2.173	2.431640625
2.174	2.4462890625
2.175	2.451171875
2.176	2.4658203125
2.177	2.4755859375
2.178	2.4853515625
2.179	2.509765625
2.18	2.5341796875
2.181	2.5537109375
2.182	2.5732421875
2.183	2.607421875
2.184	2.6220703125
2.184996	2.6513671875
2.186004	2.685546875
2.187004	2.71484375
2.188004	2.7392578125
2.189004	2.7587890625
2.190004	2.7978515625
2.191004	2.8369140625
2.192	2.861328125
2.193	2.890625
2.194	2.9248046875
2.195	2.9541015625
2.196	2.98828125
2.197	3.037109375
2.198	3.0712890625
2.199	3.0859375
2.2	3.115234375
2.201	3.1494140625
2.202	3.173828125
2.203	3.2080078125
2.204	3.232421875
2.205	3.2568359375
2.206	3.271484375
2.207	3.2861328125
2.208	3.3154296875
2.209	3.3251953125
2.21	3.33984375
2.211	3.359375
2.212	3.369140625
2.213	3.37890625
2.214	3.3984375
2.215	3.3984375
2.216	3.3984375
2.217	3.3984375
2.218	3.3984375
2.219	3.388671875
2.22	3.3837890625
2.221	3.37890625
2.222	3.369140625
2.223	3.3544921875
2.224	3.3251953125
2.225	3.3203125
2.226	3.291015625
2.226996	3.28125
2.228004	3.26171875
2.229	3.232421875
2.230004	3.212890625
2.231004	3.18359375
2.232004	3.154296875
2.233004	3.134765625
2.234	3.10546875
2.235	3.0712890625
2.236	3.037109375
2.237	3.0224609375
2.238	2.978515625
2.239	2.9541015625
2.24	2.9248046875
2.241	2.8857421875
2.242	2.8515625
2.243	2.8076171875
2.244	2.7880859375
2.245	2.75390625
2.246	2.724609375
2.247	2.71484375
2.248	2.6806640625
2.249	2.646484375
2.25	2.6171875
2.251	2.59765625
2.252	2.5634765625
2.253	2.548828125
2.254	2.5390625
2.255	2.509765625
2.256	2.5
2.257	2.48046875
2.258	2.4609375
2.259	2.4609375
2.26	2.4560546875
2.261	2.451171875
2.262	2.44140625
2.263	2.4462890625
2.264	2.44140625
2.265	2.4462890625
2.266	2.451171875
2.267	2.4560546875
2.268	2.4658203125
2.269	2.4755859375
2.270004	2.4853515625
2.271	2.5048828125
2.272004	2.529296875
2.273004	2.5390625
2.274004	2.55859375
2.275004	2.587890625
2.276004	2.607421875
2.277	2.6220703125
2.278	2.6513671875
2.279	2.67578125
2.28	2.7099609375
2.281	2.7294921875
2.282	2.7490234375
2.283	2.79296875
2.284	2.8271484375
2.285	2.8564453125
2.286	2.8759765625
2.287	2.9150390625
2.288	2.9541015625
2.289	2.9736328125
2.29	3.0126953125
2.291	3.046875
2.292	3.0712890625
2.293	3.10546875
2.294	3.1298828125
2.295	3.1591796875
2.296	3.1884765625
2.297	3.212890625
2.298	3.232421875
2.299	3.26171875
2.3	3.2763671875
2.301	3.30078125
2.302	3.3056640625
2.303	3.330078125
2.304	3.3447265625
2.305	3.349609375
2.306	3.3544921875
2.307	3.369140625
2.308	3.37890625
2.309	3.37890625
2.31	3.37890625
2.311	3.3837890625
2.312	3.3740234375
2.312996	3.3740234375
2.314004	3.3642578125
2.315004	3.3544921875
2.316004	3.33984375
2.317004	3.330078125
2.318004	3.310546875
2.319004	3.2958984375
2.32	3.2666015625
2.321	3.251953125
2.322	3.232421875
2.323	3.2080078125
2.324	3.173828125
2.325	3.1640625
2.326	3.134765625
2.327	3.1103515625
2.328	3.0810546875
2.329	3.0419921875
2.33	3.0126953125
2.331	2.98828125
2.332	2.958984375
2.333	2.9150390625
2.334	2.900390625
2.335	2.87109375
2.336	2.8369140625
2.337	2.7978515625
2.338	2.7685546875
2.339	2.7392578125
2.34	2.7294921875
2.341	2.685546875
2.342	2.666015625
2.343	2.646484375
2.344	2.6123046875
2.345	2.587890625
2.346	2.5732421875
2.347	2.5439453125
2.348	2.5390625
2.349	2.51953125
2.35	2.4951171875
2.351	2.4853515625
2.352	2.48046875
2.353	2.4658203125
2.354	2.4658203125
2.354996	2.4609375
2.356004	2.4560546875
2.357	2.4609375
2.358004	2.4560546875
2.359004	2.4609375
2.360004	2.4609375
2.361004	2.4755859375
2.362	2.48046875
2.363	2.4951171875
2.364	2.5146484375
2.365	2.5244140625
2.366	2.5439453125
2.367	2.568359375
2.368	2.578125
2.369	2.6025390625
2.37	2.63671875
2.371	2.6513671875
2.372	2.685546875
2.373	2.7099609375
2.374	2.724609375
2.375	2.7587890625
2.376	2.783203125
2.377	2.822265625
2.378	2.841796875
2.379	2.890625
2.38	2.9150390625
2.381	2.939453125
2.382	2.96875
2.383	3.0126953125
2.384	3.037109375
2.385	3.0517578125
2.386	3.095703125
2.387	3.115234375
2.388	3.1494140625
2.389	3.173828125
2.39	3.1884765625
2.391	3.22265625
2.392	3.2421875
2.393	3.26171875
2.394	3.2763671875
2.395	3.291015625
2.396	3.3056640625
2.397	3.3251953125
2.398004	3.330078125
2.399	3.349609375
2.400004	3.349609375
2.401004	3.359375
2.402004	3.3642578125
2.403004	3.369140625
2.404004	3.3642578125
2.405	3.359375
2.406	3.3544921875
2.407	3.359375
2.408	3.33984375
2.409	3.330078125
2.41	3.310546875
2.411	3.3056640625
2.412	3.291015625
2.413	3.271484375
2.414	3.2470703125
2.415	3.2373046875
2.416	3.203125
2.417	3.1884765625
2.418	3.1591796875
2.419	3.1396484375
2.42	3.1201171875
2.421	3.076171875
2.422	3.056640625
2.423	3.02734375
2.424	2.9931640625
2.425	2.9638671875
2.426	2.939453125
2.427	2.8955078125
2.428	2.8662109375
2.429	2.8515625
2.43	2.802734375
2.431	2.7783203125
2.432	2.75390625
2.433	2.7392578125
2.434	2.71484375
2.435	2.685546875
2.436	2.65625
2.437	2.63671875
2.438	2.6025390625
2.439	2.587890625
2.44	2.5732421875
2.440996	2.548828125
2.442004	2.5390625
2.443004	2.5244140625
2.444004	2.509765625
2.445004	2.4853515625
2.446004	2.48046875
2.447004	2.4755859375
2.448	2.4755859375
2.449	2.470703125
2.45	2.4658203125
2.451	2.4609375
2.452	2.4755859375
2.453	2.4755859375
2.454	2.4853515625
2.455	2.490234375
2.456	2.4951171875
2.457	2.5146484375
2.458	2.5341796875
2.459	2.548828125
2.46	2.568359375
2.461	2.587890625
2.462	2.6123046875
2.463	2.6318359375
2.464	2.6513671875
2.465	2.6904296875
2.466	2.705078125
2.467	2.724609375
2.468	2.7587890625
2.469	2.7783203125
2.47	2.802734375
2.471	2.8466796875
2.472	2.8759765625
2.473	2.900390625
2.474	2.9248046875
2.475	2.9541015625
2.476	2.98828125
2.477	3.0126953125
2.478	3.0419921875
2.479	3.0810546875
2.48	3.10546875
2.481	3.134765625
2.482	3.1494140625
2.482996	3.1787109375
2.484004	3.2080078125
2.485	3.2275390625
2.486004	3.2470703125
2.487004	3.2666015625
2.488004	3.2763671875
2.489004	3.291015625
2.49	3.30078125
2.491	3.3154296875
2.492	3.3349609375
2.493	3.3349609375
2.494	3.33984375
2.495	3.3447265625
2.496	3.349609375
2.497	3.3544921875
2.498	3.3544921875
2.499	3.3447265625
2.5	3.3349609375
2.501	3.3349609375
2.502	3.3154296875
2.503	3.30078125
2.504	3.30078125
2.505	3.2861328125
2.506	3.26171875
2.507	3.26171875
2.508	3.2275390625
2.509	3.203125
2.51	3.18359375
2.511	3.154296875
2.512	3.134765625
2.513	3.115234375
2.514	3.0810546875
2.515	3.06640625
2.516	3.0322265625
2.517	2.998046875
2.518	2.978515625
2.519	2.94921875
2.52	2.9052734375
2.521	2.8857421875
2.522	2.861328125
2.523	2.822265625
2.524	2.7880859375
2.525	2.763671875
2.526004	2.744140625
2.527	2.7294921875
2.528004	2.6953125
2.529004	2.666015625
2.530004	2.65625
2.531004	2.626953125
2.532004	2.607421875
2.533	2.5830078125
2.534	2.5634765625
2.535	2.5537109375
2.536	2.5341796875
2.537	2.5244140625
2.538	2.509765625
2.539	2.5048828125
2.54	2.4951171875
2.541	2.4853515625
2.542	2.48046875
2.543	2.4853515625
2.544	2.48046875
2.545	2.4853515625
2.546	2.4853515625
2.547	2.4951171875
2.548	2.5
2.549	2.509765625
2.55	2.5244140625
2.551	2.548828125
2.552	2.55859375
2.553	2.5732421875
2.554	2.59765625
2.555	2.6123046875
2.556	2.626953125
2.557	2.6611328125
2.558	2.685546875
2.559	2.7001953125
2.56	2.724609375
2.561	2.7490234375
2.562	2.7685546875
2.563	2.8125
2.564	2.8369140625
2.565	2.861328125
2.566	2.8955078125
2.567	2.9248046875
2.568	2.9443359375
2.568996	2.9736328125
2.570004	3.017578125
2.571004	3.037109375
2.572004	3.056640625
2.573004	3.0908203125
2.574004	3.1201171875
2.575004	3.1494140625
2.576	3.1591796875
2.577	3.18359375
2.578	3.2080078125
2.579	3.2275390625
2.58	3.2470703125
2.581	3.271484375
2.582	3.28125
2.583	3.30078125
2.584	3.30078125
2.585	3.3056640625
2.586	3.3203125
2.587	3.3251953125
2.588	3.3349609375
2.589	3.3349609375
2.59	3.330078125
2.591	3.3251953125
2.592	3.330078125
2.593	3.3251953125
2.594	3.3203125
2.595	3.3154296875
2.596	3.291015625
2.597	3.291015625
2.598	3.28125
2.599	3.26171875
2.6	3.251953125
2.601	3.2275390625
2.602	3.203125
2.603	3.1884765625
2.604	3.1640625
2.605	3.134765625
2.606	3.115234375
2.607	3.095703125
2.608	3.0615234375
2.609	3.0419921875
2.61	3.0126953125
2.610996	2.978515625
2.612004	2.958984375
2.613	2.9248046875
2.614004	2.890625
2.615004	2.87109375
2.616004	2.8369140625
2.617004	2.8173828125
2.618	2.7783203125
2.619	2.75390625
2.62	2.734375
2.621	2.7197265625
2.622	2.685546875
2.623	2.65625
2.624	2.63671875
2.625	2.6171875
2.626	2.5927734375
2.627	2.5830078125
2.628	2.568359375
2.629	2.548828125
2.63	2.5439453125
2.631	2.5341796875
2.632	2.51953125
2.633	2.509765625
2.634	2.4951171875
2.635	2.4951171875
2.636	2.490234375
2.637	2.4951171875
2.638	2.490234375
2.639	2.5
2.64	2.5048828125
2.641	2.509765625
2.642	2.509765625
2.643	2.529296875
2.644	2.5537109375
2.645	2.5634765625
2.646	2.5732421875
2.647	2.59765625
2.648	2.6123046875
2.649	2.6318359375
2.65	2.666015625
2.651	2.6708984375
2.652	2.6904296875
2.653	2.7294921875
2.654004	2.7392578125
2.655	2.763671875
2.656004	2.7880859375
2.657004	2.8369140625
2.658004	2.861328125
2.659004	2.8857421875
2.660004	2.900390625
2.661	2.939453125
2.662	2.96875
2.663	2.98828125
2.664	3.02734375
2.665	3.0517578125
2.666	3.0615234375
2.667	3.10546875
2.668	3.125
2.669	3.154296875
2.67	3.1787109375
2.671	3.1884765625
2.672	3.212890625
2.673	3.232421875
2.674	3.251953125
2.675	3.2666015625
2.676	3.2763671875
2.677	3.291015625
2.678	3.291015625
2.679	3.2958984375
2.68	3.310546875
2.681	3.310546875
2.682	3.3154296875
2.683	3.3203125
2.684	3.3251953125
2.685	3.3251953125
2.686	3.3154296875
2.687	3.310546875
2.688	3.3056640625
2.689	3.2861328125
2.69	3.2861328125
2.691	3.26171875
2.692	3.251953125
2.693	3.2421875
2.694	3.22265625
2.695	3.1982421875
2.696	3.18359375
2.696996	3.1689453125
2.698004	3.1298828125
2.699004	3.125
2.700004	3.095703125
2.701004	3.06640625
2.702004	3.0419921875
2.703004	3.017578125
2.704	2.9833984375
2.705	2.9541015625
2.706	2.939453125
2.707	2.91015625
2.708	2.8759765625
2.709	2.841796875
2.71	2.8173828125
2.711	2.7880859375
2.712	2.763671875
2.713	2.744140625
2.714	2.724609375
2.715	2.705078125
2.716	2.6708984375
2.717	2.65625
2.718	2.63671875
2.719	2.6123046875
2.72	2.59765625
2.721	2.578125
2.722	2.568359375
2.723	2.5537109375
2.724	2.548828125
2.725	2.5341796875
2.726	2.5244140625
2.727	2.5146484375
2.728	2.5
2.729	2.5
2.73	2.509765625
2.731	2.5
2.732	2.509765625
2.733	2.5146484375
2.734	2.5146484375
2.735	2.5244140625
2.736	2.548828125
2.737	2.5537109375
2.738	2.5634765625
2.738996	2.5830078125
2.740004	2.5927734375
2.741	2.607421875
2.742004	2.63671875
2.743004	2.6513671875
2.744004	2.685546875
2.745004	2.7099609375
2.746	2.724609375
2.747	2.7392578125
2.748	2.763671875
2.749	2.79296875
2.75	2.8271484375
2.751	2.8515625
2.752	2.87109375
2.753	2.91015625
2.754	2.9296875
2.755	2.94921875
2.756	2.98828125
2.757	3.0126953125
2.758	3.02734375
2.759	3.0615234375
2.76	3.0859375
2.761	3.1005859375
2.762	3.134765625
2.763	3.154296875
2.764	3.173828125
2.765	3.203125
2.766	3.212890625
2.767	3.2421875
2.768	3.2568359375
2.769	3.2568359375
2.77	3.2763671875
2.771	3.28125
2.772	3.2958984375
2.773	3.2958984375
2.774	3.30078125
2.775	3.3154296875
2.776	3.310546875
2.777	3.310546875
2.778	3.310546875
2.779	3.3056640625
2.78	3.291015625
2.781	3.291015625
2.782004	3.2763671875
2.783	3.28125
2.784004	3.26171875
2.785004	3.251953125
2.786004	3.2373046875
2.787004	3.2177734375
2.788004	3.203125
2.789	3.18359375
2.79	3.1591796875
2.791	3.1396484375
2.792	3.125
2.793	3.095703125
2.794	3.06640625
2.795	3.046875
2.796	3.0078125
2.797	2.98828125
2.798	2.9736328125
2.799	2.9443359375
2.8	2.91015625
2.801	2.890625
2.802	2.861328125
2.803	2.8125
2.804	2.79296875
2.805	2.783203125
2.806	2.7587890625
2.807	2.7392578125
2.808	2.7099609375
2.809	2.6953125
2.81	2.6708984375
2.811	2.646484375
2.812	2.626953125
2.813	2.6171875
2.814	2.5927734375
2.815	2.578125
2.816	2.55859375
2.817	2.55859375
2.818	2.5439453125
2.819	2.5390625
2.82	2.5244140625
2.821	2.529296875
2.822	2.51953125
2.823	2.51953125
2.824	2.51953125
2.824996	2.51953125
2.826004	2.529296875
2.827004	2.5341796875
2.828004	2.5390625
2.829004	2.548828125
2.830004	2.5537109375
2.831004	2.568359375
2.832	2.5927734375
2.833	2.6025390625
2.834	2.6220703125
2.835	2.63671875
2.836	2.6513671875
2.837	2.685546875
2.838	2.7099609375
2.839	2.7197265625
2.84	2.734375
2.841	2.7490234375
2.842	2.783203125
2.843	2.8173828125
2.844	2.8466796875
2.845	2.861328125
2.846	2.890625
2.847	2.919921875
2.848	2.939453125
2.849	2.978515625
2.85	2.998046875
2.851	3.0224609375
2.852	3.056640625
2.853	3.06640625
2.854	3.1005859375
2.855	3.125
2.856	3.134765625
2.857	3.1689453125
2.858	3.18359375
2.859	3.203125
2.86	3.2177734375
2.861	3.2421875
2.862	3.251953125
2.863	3.26171875
2.864	3.2666015625
2.865	3.2861328125
2.866	3.291015625
2.866996	3.291015625
2.868004	3.2958984375
2.869	3.30078125
2.870004	3.2958984375
2.871004	3.291015625
2.872004	3.291015625
2.873004	3.291015625
2.874	3.28125
2.875	3.2763671875
2.876	3.2666015625
2.877	3.26171875
2.878	3.251953125
2.879	3.2421875
2.88	3.2177734375
2.881	3.203125
2.882	3.1787109375
2.883	3.1494140625
2.884	3.1396484375
2.885	3.1201171875
2.886	3.1005859375
2.887	3.076171875
2.888	3.046875
2.889	3.017578125
2.89	2.998046875
2.891	2.978515625
2.892	2.9443359375
2.893	2.91015625
2.894	2.8955078125
2.895	2.8759765625
2.896	2.841796875
2.897	2.8125
2.898	2.783203125
2.899	2.7685546875
2.9	2.75390625
2.901	2.7294921875
2.902	2.71484375
2.903	2.685546875
2.904	2.6611328125
2.905	2.6416015625
2.906	2.6220703125
2.907	2.6025390625
2.908	2.59765625
2.909	2.578125
2.910004	2.5634765625
2.911	2.5537109375
2.912004	2.5439453125
2.913004	2.5390625
2.914004	2.5341796875
2.915004	2.5390625
2.916004	2.5390625
2.917	2.529296875
2.918	2.529296875
2.919	2.5390625
2.92	2.5390625
2.921	2.5537109375
2.922	2.5634765625
2.923	2.568359375
2.924	2.5830078125
2.925	2.5830078125
2.926	2.6025390625
2.927	2.6220703125
2.928	2.6318359375
2.929	2.6611328125
2.93	2.666015625
2.931	2.7001953125
2.932	2.71484375
2.933	2.7294921875
2.934	2.75390625
2.935	2.7685546875
2.936	2.8125
2.937	2.8369140625
2.938	2.8564453125
2.939	2.8857421875
2.94	2.9052734375
2.941	2.9345703125
2.942	2.9541015625
2.943	2.9833984375
2.944	3.0126953125
2.945	3.0419921875
2.946	3.056640625
2.947	3.0810546875
2.948	3.10546875
2.949	3.1201171875
2.95	3.14453125
2.951	3.173828125
2.952	3.1884765625
2.952996	3.2080078125
2.954004	3.22265625
2.955004	3.232421875
2.956004	3.251953125
2.957004	3.26171875
2.958004	3.271484375
2.959004	3.2763671875
2.96	3.28125
2.961	3.2861328125
2.962	3.2861328125
2.963	3.2861328125
2.964	3.2958984375
2.965	3.291015625
2.966	3.2861328125
2.967	3.28125
2.968	3.271484375
2.969	3.2666015625
2.97	3.2568359375
2.971	3.2421875
2.972	3.2275390625
2.973	3.212890625
2.974	3.193359375
2.975	3.1787109375
2.976	3.1689453125
2.977	3.134765625
2.978	3.1201171875
2.979	3.095703125
2.98	3.076171875
2.981	3.056640625
2.982	3.0224609375
2.983	2.998046875
2.984	2.978515625
2.985	2.9541015625
2.986	2.9296875
2.987	2.900390625
2.988	2.8857421875
2.989	2.861328125
2.99	2.822265625
2.991	2.802734375
2.992	2.7734375
2.993	2.75390625
2.994	2.744140625
2.994996	2.7099609375
2.996004	2.705078125
2.997	2.685546875
2.998004	2.65625
2.999004	2.6416015625
3.000004	2.6318359375
3.001004	2.6123046875
3.002	2.59765625
3.003	2.578125
3.004	2.5732421875
3.005	2.568359375
3.006	2.55859375
3.007	2.5439453125
3.008	2.5439453125
3.009	2.548828125
3.01	2.5439453125
3.011	2.548828125
3.012	2.5537109375
3.013	2.5537109375
3.014	2.5634765625
3.015	2.5634765625
3.016	2.5732421875
3.017	2.578125
3.018	2.59765625
3.019	2.6025390625
3.02	2.6220703125
3.021	2.646484375
3.022	2.6708984375
3.023	2.6708984375
3.024	2.6904296875
3.025	2.71484375
3.026	2.744140625
3.027	2.75390625
3.028	2.763671875
3.029	2.8125
3.03	2.83203125
3.031	2.861328125
3.032	2.8759765625
3.033	2.9052734375
3.034	2.919921875
3.035	2.9541015625
3.036	2.9833984375
3.037	3.0078125
3.038004	3.02734375
3.039	3.0517578125
3.040004	3.076171875
3.041004	3.095703125
3.042004	3.115234375
3.043004	3.1201171875
3.044004	3.1591796875
3.045	3.1689453125
3.046	3.193359375
3.047	3.2080078125
3.048	3.2177734375
3.049	3.2373046875
3.05	3.251953125
3.051	3.251953125
3.052	3.26171875
3.053	3.2666015625
3.054	3.28125
3.055	3.28125
3.056	3.28125
3.057	3.28125
3.058	3.271484375
3.059	3.271484375
3.06	3.271484375
3.061	3.26171875
3.062	3.251953125
3.063	3.251953125
3.064	3.2373046875
3.065	3.2177734375
3.066	3.2080078125
3.067	3.193359375
3.068	3.1787109375
3.069	3.1591796875
3.07	3.1396484375
3.071	3.1201171875
3.072	3.1103515625
3.073	3.0810546875
3.074	3.06640625
3.075	3.0419921875
3.076	3.0078125
3.077	2.98828125
3.078	2.96875
3.079	2.9443359375
3.08	2.9052734375
3.080996	2.8857421875
3.082004	2.8662109375
3.083004	2.8369140625
3.084004	2.8173828125
3.085004	2.7880859375
3.086004	2.7685546875
3.087004	2.75390625
3.088	2.734375
3.089	2.71484375
3.09	2.685546875
3.091	2.6708984375
3.092	2.65625
3.093	2.6318359375
3.094	2.626953125
3.095	2.6123046875
3.096	2.5927734375
3.097	2.5830078125
3.098	2.568359375
3.099	2.568359375
3.1	2.55859375
3.101	2.55859375
3.102	2.548828125
3.103	2.55859375
3.104	2.55859375
3.105	2.5537109375
3.106	2.5634765625
3.107	2.568359375
3.108	2.568359375
3.109	2.578125
3.11	2.5927734375
3.111	2.607421875
3.112	2.6171875
3.113	2.626953125
3.114	2.6416015625
3.115	2.6513671875
3.116	2.6806640625
3.117	2.705078125
3.118	2.7197265625
3.119	2.724609375
3.12	2.75390625
3.121	2.7685546875
3.122	2.7978515625
3.122996	2.822265625
3.124004	2.8466796875
3.125	2.8759765625
3.126004	2.8955078125
3.127004	2.9052734375
3.128004	2.94921875
3.129004	2.9736328125
3.13	2.98828125
3.131	3.017578125
3.132	3.037109375
3.133	3.056640625
3.134	3.076171875
3.135	3.10546875
3.136	3.1201171875
3.137	3.14453125
3.138	3.1591796875
3.139	3.1787109375
3.14	3.1884765625
3.141	3.2080078125
3.142	3.22265625
3.143	3.232421875
3.144	3.2421875
3.145	3.2568359375
3.146	3.26171875
3.147	3.26171875
3.148	3.2666015625
3.149	3.271484375
3.15	3.2666015625
3.151	3.271484375
3.152	3.271484375
3.153	3.26171875
3.154	3.2568359375
3.155	3.2568359375
3.156	3.2470703125
3.157	3.232421875
3.158	3.22265625
3.159	3.2080078125
3.16	3.1884765625
3.161	3.1787109375
3.162	3.1494140625
3.163	3.14453125
3.164	3.125
3.165	3.095703125
3.166004	3.0859375
3.167	3.06640625
3.168004	3.037109375
3.169004	3.0126953125
3.170004	2.9931640625
3.171004	2.9736328125
3.172004	2.9443359375
3.173	2.9296875
3.174	2.8955078125
3.175	2.87109375
3.176	2.8515625
3.177	2.8369140625
3.178	2.7880859375
3.179	2.7783203125
3.18	2.75390625
3.181	2.7392578125
3.182	2.724609375
3.183	2.705078125
3.184	2.6806640625
3.185	2.67578125
3.186	2.6513671875
3.187	2.6416015625
3.188	2.6171875
3.189	2.6025390625
3.19	2.5927734375
3.191	2.587890625
3.192	2.578125
3.193	2.5732421875
3.194	2.5634765625
3.195	2.5634765625
3.196	2.5634765625
3.197	2.5634765625
3.198	2.568359375
3.199	2.568359375
3.2	2.5732421875
3.201	2.578125
3.202	2.5927734375
3.203	2.6025390625
3.204	2.6025390625
3.205	2.6220703125
3.206	2.6318359375
3.207	2.6416015625
3.208	2.6611328125
3.208996	2.67578125
3.210004	2.6904296875
3.211004	2.705078125
3.212004	2.744140625
3.213004	2.7587890625
3.214004	2.7685546875
3.215004	2.7783203125
3.216	2.8173828125
3.217	2.841796875
3.218	2.861328125
3.219	2.8857421875
3.22	2.91015625
3.221	2.9248046875
3.222	2.94921875
3.223	2.9833984375
3.224	3.0078125
3.225	3.02734375
3.226	3.056640625
3.227	3.0810546875
3.228	3.095703125
3.229	3.1201171875
3.23	3.125
3.231	3.1494140625
3.232	3.1640625
3.233	3.173828125
3.234	3.203125
3.235	3.212890625
3.236	3.212890625
3.237	3.232421875
3.238	3.2470703125
3.239	3.251953125
3.24	3.2568359375
3.241	3.2568359375
3.242	3.251953125
3.243	3.251953125
3.244	3.2568359375
3.245	3.2568359375
3.246	3.26171875
3.247	3.2470703125
3.248	3.2470703125
3.249	3.2470703125
3.25	3.22265625
3.250996	3.212890625
3.252004	3.203125
3.253	3.193359375
3.254004	3.1787109375
3.255004	3.1494140625
3.256004	3.1396484375
3.257004	3.125
3.258	3.10546875
3.259	3.076171875
3.26	3.056640625
3.261	3.037109375
3.262	3.0224609375
3.263	3.0029296875
3.264	2.9736328125
3.265	2.958984375
3.266	2.9296875
3.267	2.9052734375
3.268	2.8857421875
3.269	2.8515625
3.27	2.83203125
3.271	2.8076171875
3.272	2.7880859375
3.273	2.7734375
3.274	2.7490234375
3.275	2.7294921875
3.276	2.71484375
3.277	2.7001953125
3.278	2.6806640625
3.279	2.6611328125
3.28	2.6513671875
3.281	2.626953125
3.282	2.626953125
3.283	2.6123046875
3.284	2.59765625
3.285	2.5927734375
3.286	2.5830078125
3.287	2.578125
3.288	2.568359375
3.289	2.568359375
3.29	2.5732421875
3.291	2.578125
3.292	2.578125
3.293	2.578125
3.294004	2.587890625
3.295	2.587890625
3.296004	2.59765625
3.297004	2.6123046875
3.298004	2.6171875
3.299004	2.63671875
3.300004	2.6513671875
3.301	2.6611328125
3.302	2.6806640625
3.303	2.6904296875
3.304	2.7197265625
3.305	2.7392578125
3.306	2.7490234375
3.307	2.7685546875
3.308	2.7783203125
3.309	2.8173828125
3.31	2.8369140625
3.311	2.861328125
3.312	2.8759765625
3.313	2.91015625
3.314	2.9296875
3.315	2.9443359375
3.316	2.9736328125
3.317	2.9931640625
3.318	3.017578125
3.319	3.0419921875
3.32	3.056640625
3.321	3.0859375
3.322	3.1005859375
3.323	3.115234375
3.324	3.134765625
3.325	3.1591796875
3.326	3.1689453125
3.327	3.1787109375
3.328	3.193359375
3.329	3.2080078125
3.33	3.2275390625
3.331	3.2275390625
3.332	3.232421875
3.333	3.2470703125
3.334	3.2470703125
3.335	3.2568359375
3.336	3.251953125
3.336996	3.2470703125
3.338004	3.251953125
3.339004	3.251953125
3.340004	3.2421875
3.341004	3.2421875
3.342004	3.2275390625
3.343004	3.22265625
3.344	3.203125
3.345	3.193359375
3.346	3.1884765625
3.347	3.1787109375
3.348	3.154296875
3.349	3.1396484375
3.35	3.125
3.351	3.10546875
3.352	3.0908203125
3.353	3.0615234375
3.354	3.0419921875
3.355	3.0224609375
3.356	2.9931640625
3.357	2.98828125
3.358	2.9638671875
3.359	2.939453125
3.36	2.91015625
3.361	2.8857421875
3.362	2.8662109375
3.363	2.841796875
3.364	2.822265625
3.365	2.79296875
3.366	2.7783203125
3.367	2.7587890625
3.368	2.7490234375
3.369	2.724609375
3.37	2.71484375
3.371	2.6953125
3.372	2.67578125
3.373	2.666015625
3.374	2.646484375
3.375	2.626953125
3.376	2.6220703125
3.377	2.6123046875
3.378	2.6025390625
3.378996	2.59765625
3.380004	2.587890625
3.381	2.5927734375
3.382004	2.578125
3.383004	2.578125
3.384004	2.578125
3.385004	2.5830078125
3.386	2.5927734375
3.387	2.59765625
3.388	2.6025390625
3.389	2.607421875
3.39	2.6123046875
3.391	2.626953125
3.392	2.63671875
3.393	2.6513671875
3.394	2.65625
3.395	2.67578125
3.396	2.6953125
3.397	2.7197265625
3.398	2.7294921875
3.399	2.744140625
3.4	2.7587890625
3.401	2.7880859375
3.402	2.8173828125
3.403	2.8369140625
3.404	2.8466796875
3.405	2.8759765625
3.406	2.8955078125
3.407	2.91015625
3.408	2.9443359375
3.409	2.96875
3.41	2.9833984375
3.411	3.0126953125
3.412	3.02734375
3.413	3.046875
3.414	3.076171875
3.415	3.0908203125
3.416	3.1103515625
3.417	3.125
3.418	3.1396484375
3.419	3.1640625
3.42	3.1689453125
3.421	3.18359375
3.422004	3.203125
3.423	3.212890625
3.424004	3.212890625
3.425004	3.22265625
3.426004	3.232421875
3.427004	3.2373046875
3.428004	3.2373046875
3.429	3.2470703125
3.43	3.2421875
3.431	3.2470703125
3.432	3.2421875
3.433	3.232421875
3.434	3.232421875
3.435	3.22265625
3.436	3.212890625
3.437	3.203125
3.438	3.1884765625
3.439	3.18359375
3.44	3.1689453125
3.441	3.154296875
3.442	3.14453125
3.443	3.125
3.444	3.10546875
3.445	3.0908203125
3.446	3.0712890625
3.447	3.0517578125
3.448	3.0224609375
3.449	3.0078125
3.45	2.98828125
3.451	2.9736328125
3.452	2.9443359375
3.453	2.91015625
3.454	2.8955078125
3.455	2.87109375
3.456	2.8515625
3.457	2.83203125
3.458	2.8125
3.459	2.783203125
3.46	2.7587890625
3.461	2.75390625
3.462	2.734375
3.463	2.7197265625
3.464	2.7099609375
3.464996	2.685546875
3.466004	2.67578125
3.467004	2.65625
3.468004	2.646484375
3.469004	2.626953125
3.470004	2.626953125
3.471004	2.6171875
3.472	2.607421875
3.473	2.59765625
3.474	2.6025390625
3.475	2.59765625
3.476	2.5927734375
3.477	2.587890625
3.478	2.5927734375
3.479	2.59765625
3.48	2.59765625
3.481	2.6025390625
3.482	2.607421875
3.483	2.6171875
3.484	2.626953125
3.485	2.6416015625
3.486	2.65625
3.487	2.666015625
3.488	2.67578125
3.489	2.6953125
3.49	2.7197265625
3.491	2.7294921875
3.492	2.7392578125
3.493	2.75390625
3.494	2.783203125
3.495	2.802734375
3.496	2.83203125
3.497	2.841796875
3.498	2.8759765625
3.499	2.8857421875
3.5	2.9052734375
3.501	2.9296875
3.502	2.958984375
3.503	2.9736328125
3.504	3.0029296875
3.505	3.017578125
3.506	3.037109375
3.506996	3.0615234375
3.508004	3.076171875
3.509	3.1005859375
3.510004	3.1201171875
3.511004	3.125
3.512004	3.1396484375
3.513004	3.1591796875
3.514	3.1640625
3.515	3.1787109375
3.516	3.1884765625
3.517	3.212890625
3.518	3.22265625
3.519	3.22265625
3.52	3.2275390625
3.521	3.232421875
3.522	3.232421875
3.523	3.2373046875
3.524	3.2275390625
3.525	3.232421875
3.526	3.232421875
3.527	3.2177734375
3.528	3.2177734375
3.529	3.2080078125
3.53	3.193359375
3.531	3.1884765625
3.532	3.173828125
3.533	3.1640625
3.534	3.154296875
3.535	3.14453125
3.536	3.1298828125
3.537	3.1103515625
3.538	3.0859375
3.539	3.0712890625
3.54	3.056640625
3.541	3.02734375
3.542	3.0078125
3.543	2.9931640625
3.544	2.9638671875
3.545	2.94921875
3.546	2.919921875
3.547	2.900390625
3.548	2.8759765625
3.549	2.861328125
3.550004	2.841796875
3.551	2.8125
3.552004	2.7978515625
3.553004	2.7734375
3.554004	2.75390625
3.555004	2.7392578125
3.556004	2.7294921875
3.557	2.71484375
3.558	2.6953125
3.559	2.6806640625
3.56	2.666015625
3.561	2.6513671875
3.562	2.63671875
3.563	2.63671875
3.564	2.626953125
3.565	2.6123046875
3.566	2.6123046875
3.567	2.6025390625
3.568	2.59765625
3.569	2.59765625
3.57	2.59765625
3.571	2.6025390625
3.572	2.607421875
3.573	2.607421875
3.574	2.607421875
3.575	2.6220703125
3.576	2.6171875
3.577	2.626953125
3.578	2.646484375
3.579	2.65625
3.58	2.666015625
3.581	2.67578125
3.582	2.6953125
3.583	2.71484375
3.584	2.71484375
3.585	2.7490234375
3.586	2.7587890625
3.587	2.7783203125
3.588	2.7880859375
3.589	2.83203125
3.59	2.841796875
3.591	2.8662109375
3.592	2.8857421875
3.592996	2.91015625
3.594004	2.9248046875
3.595004	2.9443359375
3.596004	2.9736328125
3.597004	2.98828125
3.598004	3.017578125
3.599004	3.0322265625
3.6	3.0517578125
3.601	3.0712890625
3.602	3.0908203125
3.603	3.10546875
3.604	3.125
3.605	3.1298828125
3.606	3.154296875
3.607	3.1640625
3.608	3.173828125
3.609	3.1884765625
3.61	3.1982421875
3.611	3.203125
3.612	3.212890625
3.613	3.212890625
3.614	3.2275390625
3.615	3.2275390625
3.616	3.2275390625
3.617	3.22265625
3.618	3.22265625
3.619	3.22265625
3.62	3.212890625
3.621	3.212890625
3.622	3.2080078125
3.623	3.193359375
3.624	3.1884765625
3.625	3.1689453125
3.626	3.1640625
3.627	3.14453125
3.628	3.1396484375
3.629	3.1201171875
3.63	3.1005859375
3.631	3.0908203125
3.632	3.076171875
3.633	3.056640625
3.634	3.0322265625
3.634996	3.0126953125
3.636004	2.98828125
3.637	2.96875
3.638004	2.9541015625
3.639004	2.9296875
3.640004	2.9150390625
3.641004	2.8955078125
3.642	2.87109375
3.643	2.8515625
3.644	2.8271484375
3.645	2.7978515625
3.646	2.783203125
3.647	2.7587890625
3.648	2.7587890625
3.649	2.7490234375
3.65	2.724609375
3.651	2.7001953125
3.652	2.7001953125
3.653	2.6806640625
3.654	2.6611328125
3.655	2.65625
3.656	2.63671875
3.657	2.626953125
3.658	2.626953125
3.659	2.6220703125
3.66	2.607421875
3.661	2.607421875
3.662	2.607421875
3.663	2.607421875
3.664	2.6123046875
3.665	2.6171875
3.666	2.6171875
3.667	2.6220703125
3.668	2.626953125
3.669	2.6220703125
3.67	2.6416015625
3.671	2.63671875
3.672	2.6708984375
3.673	2.6611328125
3.674	2.6904296875
3.675	2.6953125
3.676	2.7197265625
3.677	2.7294921875
3.678004	2.744140625
3.679	2.75390625
3.680004	2.7685546875
3.681004	2.7978515625
3.682004	2.822265625
3.683004	2.8369140625
3.684004	2.861328125
3.685	2.8857421875
3.686	2.9052734375
3.687	2.919921875
3.688	2.939453125
3.689	2.96875
3.69	2.978515625
3.691	3.0029296875
3.692	3.0224609375
3.693	3.037109375
3.694	3.056640625
3.695	3.0810546875
3.696	3.1005859375
3.697	3.10546875
3.698	3.125
3.699	3.14453125
3.7	3.154296875
3.701	3.1591796875
3.702	3.1787109375
3.703	3.1884765625
3.704	3.1982421875
3.705	3.1982421875
3.706	3.2080078125
3.707	3.22265625
3.708	3.2177734375
3.709	3.22265625
3.71	3.2177734375
3.711	3.2080078125
3.712	3.212890625
3.713	3.2080078125
3.714	3.2080078125
3.715	3.203125
3.716	3.1884765625
3.717	3.173828125
3.718	3.173828125
3.719	3.1591796875
3.72	3.1494140625
3.720996	3.1298828125
3.722004	3.1201171875
3.723004	3.10546875
3.724004	3.0908203125
3.725004	3.0810546875
3.726004	3.056640625
3.727004	3.037109375
3.728	3.017578125
3.729	3.0029296875
3.73	2.978515625
3.731	2.9638671875
3.732	2.939453125
3.733	2.91015625
3.734	2.900390625
3.735	2.87109375
3.736	2.8564453125
3.737	2.8369140625
3.738	2.802734375
3.739	2.79296875
3.74	2.7734375
3.741	2.763671875
3.742	2.75390625
3.743	2.724609375
3.744	2.7197265625
3.745	2.705078125
3.746	2.6953125
3.747	2.6708984375
3.748	2.6708984375
3.749	2.6513671875
3.75	2.646484375
3.751	2.6318359375
3.752	2.626953125
3.753	2.6171875
3.754	2.626953125
3.755	2.6171875
3.756	2.6171875
3.757	2.6123046875
3.758	2.6220703125
3.759	2.6220703125
3.76	2.6171875
3.761	2.626953125
3.762	2.626953125
3.762996	2.646484375
3.764004	2.6513671875
3.765	2.6513671875
3.766004	2.67578125
3.767004	2.7001953125
3.768004	2.6904296875
3.769004	2.7099609375
3.77	2.734375
3.771	2.744140625
3.772	2.75390625
3.773	2.7734375
3.774	2.7783203125
3.775	2.8125
3.776	2.8466796875
3.777	2.8515625
3.778	2.87109375
3.779	2.890625
3.78	2.9052734375
3.781	2.9345703125
3.782	2.9541015625
3.783	2.978515625
3.784	2.998046875
3.785	3.0126953125
3.786	3.02734375
3.787	3.0517578125
3.788	3.0712890625
3.789	3.0810546875
3.79	3.1005859375
3.791	3.1103515625
3.792	3.125
3.793	3.1494140625
3.794	3.1591796875
3.795	3.173828125
3.796	3.173828125
3.797	3.18359375
3.798	3.1884765625
3.799	3.1982421875
3.8	3.2080078125
3.801	3.203125
3.802	3.203125
3.803	3.2080078125
3.804	3.203125
3.805	3.203125
3.806004	3.2080078125
3.807	3.1982421875
3.808004	3.1884765625
3.809004	3.1884765625
3.810004	3.1689453125
3.811004	3.1689453125
3.812004	3.1591796875
3.813	3.1494140625
3.814	3.1298828125
3.815	3.1201171875
3.816	3.115234375
3.817	3.0859375
3.818	3.076171875
3.819	3.056640625
3.82	3.0419921875
3.821	3.02734375
3.822	2.998046875
3.823	2.98828125
3.824	2.96875
3.825	2.939453125
3.826	2.9248046875
3.827	2.91015625
3.828	2.8857421875
3.829	2.861328125
3.83	2.8466796875
3.831	2.8271484375
3.832	2.7978515625
3.833	2.7783203125
3.834	2.7734375
3.835	2.763671875
3.836	2.7490234375
3.837	2.7294921875
3.838	2.71484375
3.839	2.7001953125
3.84	2.685546875
3.841	2.6708984375
3.842	2.666015625
3.843	2.65625
3.844	2.6513671875
3.845	2.6416015625
3.846	2.63671875
3.847	2.626953125
3.848	2.6220703125
3.848996	2.6220703125
3.850004	2.6220703125
3.851004	2.6220703125
3.852004	2.626953125
3.853004	2.626953125
3.854004	2.6318359375
3.855004	2.63671875
3.856	2.6416015625
3.857	2.6513671875
3.858	2.65625
3.859	2.6708984375
3.86	2.6953125
3.861	2.7099609375
3.862	2.71484375
3.863	2.7294921875
3.864	2.7392578125
3.865	2.7587890625
3.866	2.7734375
3.867	2.7880859375
3.868	2.8173828125
3.869	2.83203125
3.87	2.8515625
3.871	2.87109375
3.872	2.8955078125
3.873	2.91015625
3.874	2.919921875
3.875	2.9541015625
3.876	2.96875
3.877	2.978515625
3.878	3.0029296875
3.879	3.0224609375
3.88	3.0322265625
3.881	3.0615234375
3.882	3.076171875
3.883	3.095703125
3.884	3.10546875
3.885	3.1201171875
3.886	3.1298828125
3.887	3.14453125
3.888	3.1591796875
3.889	3.1640625
3.89	3.1787109375
3.890996	3.18359375
3.892004	3.1884765625
3.893	3.1884765625
3.894004	3.1982421875
3.895004	3.1982421875
3.896004	3.2080078125
3.897004	3.203125
3.898	3.203125
3.899	3.203125
3.9	3.193359375
3.901	3.18359375
3.902	3.1787109375
3.903	3.1787109375
3.904	3.1640625
3.905	3.1591796875
3.906	3.14453125
3.907	3.125
3.908	3.125
3.909	3.1103515625
3.91	3.0908203125
3.911	3.0810546875
3.912	3.0517578125
3.913	3.037109375
3.914	3.0224609375
3.915	3.0078125
3.916	2.98828125
3.917	2.96875
3.918	2.9443359375
3.919	2.9248046875
3.92	2.9052734375
3.921	2.8857421875
3.922	2.87109375
3.923	2.8515625
3.924	2.8369140625
3.925	2.8125
3.926	2.79296875
3.927	2.7783203125
3.928	2.763671875
3.929	2.7490234375
3.93	2.734375
3.931	2.724609375
3.932	2.71484375
3.933	2.6953125
3.934004	2.6904296875
3.935	2.67578125
3.936004	2.666015625
3.937004	2.65625
3.938004	2.646484375
3.939004	2.63671875
3.940004	2.63671875
3.941	2.6318359375
3.942	2.6318359375
3.943	2.626953125
3.944	2.6318359375
3.945	2.6318359375
3.946	2.63671875
3.947	2.63671875
3.948	2.6416015625
3.949	2.646484375
3.95	2.6611328125
3.951	2.6806640625
3.952	2.6806640625
3.953	2.6953125
3.954	2.705078125
3.955	2.7099609375
3.956	2.7392578125
3.957	2.7392578125
3.958	2.7587890625
3.959	2.763671875
3.96	2.783203125
3.961	2.8125
3.962	2.83203125
3.963	2.8466796875
3.964	2.861328125
3.965	2.880859375
3.966	2.9052734375
3.967	2.9150390625
3.968	2.9345703125
3.969	2.9541015625
3.97	2.9736328125
3.971	2.998046875
3.972	3.0078125
3.973	3.02734375
3.974	3.046875
3.975	3.056640625
3.976	3.0859375
3.976996	3.1005859375
3.978004	3.1103515625
3.979004	3.125
3.980004	3.134765625
3.981004	3.1494140625
3.982004	3.154296875
3.983004	3.1689453125
3.984	3.1689453125
3.985	3.1689453125
3.986	3.1787109375
3.987	3.1884765625
3.988	3.1884765625
3.989	3.193359375
3.99	3.1884765625
3.991	3.193359375
3.992	3.18359375
3.993	3.1884765625
3.994	3.173828125
3.995	3.1689453125
3.996	3.173828125
3.997	3.154296875
3.998	3.154296875
3.999	3.14453125
4.0	3.1298828125
4.001	3.125
4.002	3.1005859375
4.003	3.095703125
4.004	3.0810546875
4.005	3.056640625
4.006	3.046875
4.007	3.02734375
4.008	3.0078125
4.009	2.9833984375
4.01	2.96875
4.011	2.94921875
4.012	2.9345703125
4.013	2.9248046875
4.014	2.8955078125
4.015	2.8759765625
4.016	2.861328125
4.017	2.83203125
4.018	2.8271484375
4.018996	2.802734375
4.020004	2.783203125
4.021	2.763671875
4.022004	2.7587890625
4.023004	2.7392578125
4.024004	2.734375
4.025004	2.7197265625
4.026	2.7099609375
4.027	2.6904296875
4.028	2.6806640625
4.029	2.6708984375
4.03	2.666015625
4.031	2.6513671875
4.032	2.646484375
4.033	2.6513671875
4.034	2.6416015625
4.035	2.646484375
4.036	2.6416015625
4.037	2.6416015625
4.038	2.6416015625
4.039	2.646484375
4.04	2.6513671875
4.041	2.6513671875
4.042	2.65625
4.043	2.6611328125
4.044	2.666015625
4.045	2.6904296875
4.046	2.705078125
4.047	2.7099609375
4.048	2.71484375
4.049	2.7294921875
4.05	2.744140625
4.051	2.7587890625
4.052	2.7734375
4.053	2.7783203125
4.054	2.802734375
4.055	2.8271484375
4.056	2.8515625
4.057	2.861328125
4.058	2.8759765625
4.059	2.8955078125
4.06	2.900390625
4.061	2.9345703125
4.062004	2.94921875
4.063	2.96875
4.064004	2.98828125
4.065004	3.0078125
4.066004	3.0224609375
4.067004	3.037109375
4.068004	3.0517578125
4.069	3.0712890625
4.07	3.0810546875
4.071	3.1005859375
4.072	3.115234375
4.073	3.1201171875
4.074	3.1396484375
4.075	3.154296875
4.076	3.1591796875
4.077	3.1640625
4.078	3.173828125
4.079	3.1689453125
4.08	3.18359375
4.081	3.18359375
4.082	3.193359375
4.083	3.1884765625
4.084	3.1884765625
4.085	3.18359375
4.086	3.18359375
4.087	3.1689453125
4.088	3.1689453125
4.089	3.1689453125
4.09	3.1591796875
4.091	3.1494140625
4.092	3.134765625
4.093	3.1201171875
4.094	3.115234375
4.095	3.1005859375
4.096	3.095703125
4.097	3.0810546875
4.098	3.056640625
4.099	3.046875
4.1	3.02734375
4.101	3.0029296875
4.102	2.98828125
4.103	2.978515625
4.104	2.958984375
4.104996	2.9443359375
4.106004	2.919921875
4.107004	2.900390625
4.108004	2.8857421875
4.109004	2.8662109375
4.110004	2.8369140625
4.111004	2.822265625
4.112	2.8076171875
4.113	2.7880859375
4.114	2.7685546875
4.115	2.763671875
4.116	2.744140625
4.117	2.744140625
4.118	2.724609375
4.119	2.7197265625
4.12	2.7001953125
4.121	2.6953125
4.122	2.6708984375
4.123	2.6708984375
4.124	2.6708984375
4.125	2.6611328125
4.126	2.65625
4.127	2.6513671875
4.128	2.646484375
4.129	2.646484375
4.13	2.646484375
4.131	2.646484375
4.132	2.646484375
4.133	2.646484375
4.134	2.6513671875
4.135	2.6611328125
4.136	2.666015625
4.137	2.6708984375
4.138	2.6806640625
4.139	2.6953125
4.14	2.705078125
4.141	2.71484375
4.142	2.724609375
4.143	2.744140625
4.144	2.75390625
4.145	2.7587890625
4.146	2.7783203125
4.146996	2.7978515625
4.148004	2.8271484375
4.149	2.8466796875
4.150004	2.861328125
4.151004	2.87109375
4.152004	2.900390625
4.153004	2.9052734375
4.154	2.9296875
4.155	2.94921875
4.156	2.9541015625
4.157	2.978515625
4.158	2.998046875
4.159	3.0126953125
4.16	3.0322265625
4.161	3.0419921875
4.162	3.0615234375
4.163	3.076171875
4.164	3.095703125
4.165	3.10546875
4.166	3.1201171875
4.167	3.1298828125
4.168	3.1396484375
4.169	3.1396484375
4.17	3.154296875
4.171	3.1591796875
4.172	3.1640625
4.173	3.173828125
4.174	3.1689453125
4.175	3.173828125
4.176	3.1787109375
4.177	3.173828125
4.178	3.173828125
4.179	3.1689453125
4.18	3.173828125
4.181	3.1689453125
4.182	3.1591796875
4.183	3.154296875
4.184	3.14453125
4.185	3.1396484375
4.186	3.1298828125
4.187	3.1201171875
4.188	3.1005859375
4.189	3.095703125
4.190004	3.076171875
4.191	3.0615234375
4.192004	3.0419921875
4.193004	3.02734375
4.194004	3.0126953125
4.195004	3.0029296875
4.196004	2.978515625
4.197	2.958984375
4.198	2.94921875
4.199	2.9248046875
4.2	2.91015625
4.201	2.8857421875
4.202	2.87109375
4.203	2.8564453125
4.204	2.841796875
4.205	2.8271484375
4.206	2.8076171875
4.207	2.783203125
4.208	2.7734375
4.209	2.7587890625
4.21	2.7392578125
4.211	2.734375
4.212	2.724609375
4.213	2.7099609375
4.214	2.7099609375
4.215	2.685546875
4.216	2.685546875
4.217	2.6806640625
4.218	2.6708984375
4.219	2.6611328125
4.22	2.6513671875
4.221	2.65625
4.222	2.65625
4.223	2.6513671875
4.224	2.65625
4.225	2.646484375
4.226	2.6513671875
4.227	2.6611328125
4.228	2.6611328125
4.229	2.67578125
4.23	2.6806640625
4.231	2.685546875
4.232	2.6904296875
4.232996	2.71484375
4.234004	2.724609375
4.235004	2.734375
4.236004	2.7490234375
4.237004	2.763671875
4.238004	2.763671875
4.239004	2.7783203125
4.24	2.79296875
4.241	2.8271484375
4.242	2.841796875
4.243	2.8515625
4.244	2.8759765625
4.245	2.8857421875
4.246	2.900390625
4.247	2.919921875
4.248	2.939453125
4.249	2.9541015625
4.25	2.978515625
4.251	2.98828125
4.252	3.0126953125
4.253	3.02734375
4.254	3.037109375
4.255	3.0517578125
4.256	3.0712890625
4.257	3.076171875
4.258	3.1005859375
4.259	3.1103515625
4.26	3.1201171875
4.261	3.125
4.262	3.134765625
4.263	3.14453125
4.264	3.1591796875
4.265	3.154296875
4.266	3.1689453125
4.267	3.1689453125
4.268	3.173828125
4.269	3.173828125
4.27	3.173828125
4.271	3.173828125
4.272	3.1689453125
4.273	3.1689453125
4.274	3.1591796875
4.274996	3.1591796875
4.276004	3.154296875
4.277	3.1396484375
4.278004	3.134765625
4.279004	3.1201171875
4.280004	3.1103515625
4.281004	3.1005859375
4.282	3.0859375
4.283	3.076171875
4.284	3.06640625
4.285	3.046875
4.286	3.0322265625
4.287	3.017578125
4.288	3.0029296875
4.289	2.978515625
4.29	2.9638671875
4.291	2.9541015625
4.292	2.9296875
4.293	2.9052734375
4.294	2.890625
4.295	2.8857421875
4.296	2.8564453125
4.297	2.8369140625
4.298	2.822265625
4.299	2.8076171875
4.3	2.79296875
4.301	2.7734375
4.302	2.7685546875
4.303	2.75390625
4.304	2.744140625
4.305	2.734375
4.306	2.7197265625
4.307	2.7099609375
4.308	2.7001953125
4.309	2.6953125
4.31	2.67578125
4.311	2.67578125
4.312	2.6708984375
4.313	2.666015625
4.314	2.666015625
4.315	2.6611328125
4.316	2.6513671875
4.317	2.6513671875
4.318004	2.65625
4.319	2.65625
4.320004	2.666015625
4.321004	2.666015625
4.322004	2.67578125
4.323004	2.6806640625
4.324004	2.6904296875
4.325	2.705078125
4.326	2.7099609375
4.327	2.7197265625
4.328	2.734375
4.329	2.7490234375
4.33	2.75390625
4.331	2.7587890625
4.332	2.7734375
4.333	2.79296875
4.334	2.822265625
4.335	2.8369140625
4.336	2.8564453125
4.337	2.8662109375
4.338	2.8857421875
4.339	2.900390625
4.34	2.9150390625
4.341	2.939453125
4.342	2.9541015625
4.343	2.9736328125
4.344	2.9833984375
4.345	2.998046875
4.346	3.0224609375
4.347	3.037109375
4.348	3.0419921875
4.349	3.0615234375
4.35	3.076171875
4.351	3.0908203125
4.352	3.1103515625
4.353	3.1103515625
4.354	3.1201171875
4.355	3.125
4.356	3.134765625
4.357	3.1494140625
4.358	3.1494140625
4.359	3.1591796875
4.36	3.1591796875
4.360996	3.1689453125
4.362004	3.1689453125
4.363004	3.173828125
4.364004	3.1689453125
4.365004	3.1640625
4.366004	3.1640625
4.367004	3.1591796875
4.368	3.154296875
4.369	3.1396484375
4.37	3.1396484375
4.371	3.1298828125
4.372	3.125
4.373	3.10546875
4.374	3.10546875
4.375	3.0908203125
4.376	3.06640625
4.377	3.056640625
4.378	3.0517578125
4.379	3.0322265625
4.38	3.017578125
4.381	3.0078125
4.382	2.9833984375
4.383	2.9736328125
4.384	2.9541015625
4.385	2.939453125
4.386	2.9150390625
4.387	2.900390625
4.388	2.890625
4.389	2.87109375
4.39	2.8466796875
4.391	2.8271484375
4.392	2.822265625
4.393	2.7978515625
4.394	2.783203125
4.395	2.7734375
4.396	2.7587890625
4.397	2.7490234375
4.398	2.734375
4.399	2.7197265625
4.4	2.724609375
4.401	2.71484375
4.402	2.6953125
4.402996	2.6953125
4.404004	2.6806640625
4.405	2.67578125
4.406004	2.67578125
4.407004	2.67578125
4.408004	2.666015625
4.409004	2.6611328125
4.41	2.6611328125
4.411	2.666015625
4.412	2.6708984375
4.413	2.6611328125
4.414	2.6708984375
4.415	2.6806640625
4.416	2.685546875
4.417	2.7001953125
4.418	2.7001953125
4.419	2.7099609375
4.42	2.724609375
4.421	2.734375
4.422	2.744140625
4.423	2.744140625
4.424	2.763671875
4.425	2.7783203125
4.426	2.7880859375
4.427	2.8125
4.428	2.8271484375
4.429	2.8515625
4.43	2.8662109375
4.431	2.880859375
4.432	2.890625
4.433	2.9150390625
4.434	2.9248046875
4.435	2.939453125
4.436	2.96875
4.437	2.978515625
4.438	3.0029296875
4.439	3.0078125
4.44	3.0224609375
4.441	3.0419921875
4.442	3.0517578125
4.443	3.0615234375
4.444	3.076171875
4.445	3.0908203125
4.446004	3.10546875
4.447	3.115234375
4.448004	3.1201171875
4.449004	3.134765625
4.450004	3.14453125
4.451004	3.1494140625
4.452004	3.154296875
4.453	3.1494140625
4.454	3.1591796875
4.455	3.1494140625
4.456	3.1494140625
4.457	3.154296875
4.458	3.1591796875
4.459	3.154296875
4.46	3.1494140625
4.461	3.154296875
4.462	3.1396484375
4.463	3.134765625
4.464	3.1298828125
4.465	3.1201171875
4.466	3.1103515625
4.467	3.10546875
4.468	3.1005859375
4.469	3.076171875
4.47	3.06640625
4.471	3.056640625
4.472	3.0322265625
4.473	3.0126953125
4.474	3.0029296875
4.475	2.9931640625
4.476	2.96875
4.477	2.958984375
4.478	2.939453125
4.479	2.919921875
4.48	2.9052734375
4.481	2.8857421875
4.482	2.87109375
4.483	2.861328125
4.484	2.841796875
4.485	2.822265625
4.486	2.8125
4.487	2.79296875
4.488	2.7783203125
4.488996	2.7685546875
4.490004	2.763671875
4.491004	2.75390625
4.492004	2.734375
4.493004	2.7294921875
4.494004	2.71484375
4.495004	2.705078125
4.496	2.7001953125
4.497	2.685546875
4.498	2.685546875
4.499	2.67578125
4.5	2.6708984375
4.501	2.67578125
4.502	2.6708984375
4.503	2.67578125
4.504	2.6708984375
4.505	2.6708984375
4.506	2.67578125
4.507	2.6806640625
4.508	2.6806640625
4.509	2.685546875
4.51	2.7001953125
4.511	2.705078125
4.512	2.71484375
4.513	2.7294921875
4.514	2.734375
4.515	2.744140625
4.516	2.7490234375
4.517	2.7685546875
4.518	2.783203125
4.519	2.79296875
4.52	2.8076171875
4.521	2.8271484375
4.522	2.8466796875
4.523	2.8662109375
4.524	2.87109375
4.525	2.890625
4.526	2.9052734375
4.527	2.9150390625
4.528	2.939453125
4.529	2.9541015625
4.53	2.9736328125
4.530996	2.98828125
4.532004	3.0029296875
4.533	3.0224609375
4.534004	3.037109375
4.535004	3.046875
4.536004	3.056640625
4.537004	3.0712890625
4.538	3.0859375
4.539	3.0908203125
4.54	3.1005859375
4.541	3.1103515625
4.542	3.125
4.543	3.1298828125
4.544	3.1396484375
4.545	3.1494140625
4.546	3.14453125
4.547	3.154296875
4.548	3.154296875
4.549	3.154296875
4.55	3.154296875
4.551	3.154296875
4.552	3.1591796875
4.553	3.154296875
4.554	3.14453125
4.555	3.14453125
4.556	3.134765625
4.557	3.125
4.558	3.115234375
4.559	3.10546875
4.56	3.1005859375
4.561	3.0908203125
4.562	3.0810546875
4.563	3.06640625
4.564	3.0517578125
4.565	3.0322265625
4.566	3.0224609375
4.567	3.0029296875
4.568	2.9833984375
4.569	2.978515625
4.57	2.958984375
4.571	2.939453125
4.572	2.9296875
4.573	2.9248046875
4.574004	2.890625
4.575	2.880859375
4.576004	2.8662109375
4.577004	2.841796875
4.578004	2.8271484375
4.579004	2.8125
4.580004	2.802734375
4.581	2.7880859375
4.582	2.763671875
4.583	2.7587890625
4.584	2.75390625
4.585	2.7392578125
4.586	2.7294921875
4.587	2.724609375
4.588	2.7197265625
4.589	2.7099609375
4.59	2.7001953125
4.591	2.685546875
4.592	2.685546875
4.593	2.685546875
4.594	2.67578125
4.595	2.6806640625
4.596	2.67578125
4.597	2.67578125
4.598	2.6806640625
4.599	2.67578125
4.6	2.685546875
4.601	2.685546875
4.602	2.685546875
4.603	2.705078125
4.604	2.705078125
4.605	2.7197265625
4.606	2.724609375
4.607	2.734375
4.608	2.7490234375
4.609	2.7490234375
4.61	2.7685546875
4.611	2.7734375
4.612	2.7880859375
4.613	2.8076171875
4.614	2.822265625
4.615	2.8466796875
4.616	2.8564453125
4.616996	2.87109375
4.618004	2.8857421875
4.619004	2.9052734375
4.620004	2.91015625
4.621004	2.9345703125
4.622004	2.958984375
4.623004	2.96875
4.624	2.98828125
4.625	2.998046875
4.626	3.0078125
4.627	3.02734375
4.628	3.0419921875
4.629	3.0517578125
4.63	3.0615234375
4.631	3.076171875
4.632	3.095703125
4.633	3.095703125
4.634	3.1103515625
4.635	3.115234375
4.636	3.125
4.637	3.1201171875
4.638	3.134765625
4.639	3.1396484375
4.64	3.14453125
4.641	3.1494140625
4.642	3.154296875
4.643	3.154296875
4.644	3.14453125
4.645	3.1494140625
4.646	3.14453125
4.647	3.134765625
4.648	3.134765625
4.649	3.125
4.65	3.125
4.651	3.115234375
4.652	3.1005859375
4.653	3.1005859375
4.654	3.095703125
4.655	3.076171875
4.656	3.0712890625
4.657	3.056640625
4.658	3.02734375
4.658996	3.017578125
4.660004	3.0078125
4.661	2.98828125
4.662004	2.978515625
4.663004	2.96875
4.664004	2.9345703125
4.665004	2.9345703125
4.666	2.919921875
4.667	2.8955078125
4.668	2.890625
4.669	2.87109375
4.67	2.8515625
4.671	2.83203125
4.672	2.8271484375
4.673	2.8125
4.674	2.7880859375
4.675	2.7783203125
4.676	2.763671875
4.677	2.763671875
4.678	2.744140625
4.679	2.734375
4.68	2.7294921875
4.681	2.724609375
4.682	2.7197265625
4.683	2.7099609375
4.684	2.6904296875
4.685	2.6953125
4.686	2.6953125
4.687	2.6806640625
4.688	2.685546875
4.689	2.685546875
4.69	2.6806640625
4.691	2.6806640625
4.692	2.67578125
4.693	2.685546875
4.694	2.6904296875
4.695	2.6953125
4.696	2.7099609375
4.697	2.71484375
4.698	2.7197265625
4.699	2.724609375
4.7	2.7392578125
4.701	2.75390625
4.702004	2.744140625
4.703	2.7685546875
4.704004	2.7783203125
4.705004	2.79296875
4.706004	2.8076171875
4.707004	2.8369140625
4.708004	2.841796875
4.709	2.8564453125
4.71	2.87109375
4.711	2.8857421875
4.712	2.8955078125
4.713	2.9052734375
4.714	2.9296875
4.715	2.9443359375
4.716	2.96875
4.717	2.978515625
4.718	2.9931640625
4.719	3.0078125
4.72	3.017578125
4.721	3.0322265625
4.722	3.046875
4.723	3.0615234375
4.724	3.0712890625
4.725	3.0712890625
4.726	3.095703125
4.727	3.1005859375
4.728	3.10546875
4.729	3.115234375
4.73	3.125
4.731	3.1201171875
4.732	3.134765625
4.733	3.1396484375
4.734	3.14453125
4.735	3.1494140625
4.736	3.1494140625
4.737	3.14453125
4.738	3.14453125
4.739	3.1396484375
4.74	3.1298828125
4.741	3.1298828125
4.742	3.1201171875
4.743	3.1201171875
4.744	3.115234375
4.744996	3.1103515625
4.746004	3.095703125
4.747004	3.0908203125
4.748004	3.0810546875
4.749004	3.0615234375
4.750004	3.046875
4.751004	3.037109375
4.752	3.0224609375
4.753	3.0126953125
4.754	2.9931640625
4.755	2.98828125
4.756	2.9736328125
4.757	2.9541015625
4.758	2.939453125
4.759	2.9150390625
4.76	2.900390625
4.761	2.8857421875
4.762	2.880859375
4.763	2.861328125
4.764	2.8515625
4.765	2.822265625
4.766	2.8076171875
4.767	2.79296875
4.768	2.783203125
4.769	2.7685546875
4.77	2.763671875
4.771	2.75390625
4.772	2.744140625
4.773	2.744140625
4.774	2.7294921875
4.775	2.7197265625
4.776	2.7197265625
4.777	2.71484375
4.778	2.705078125
4.779	2.6904296875
4.78	2.6806640625
4.781	2.6904296875
4.782	2.685546875
4.783	2.685546875
4.784	2.6904296875
4.785	2.685546875
4.786	2.6904296875
4.786996	2.6953125
4.788004	2.7001953125
4.789	2.705078125
4.790004	2.71484375
4.791004	2.724609375
4.792004	2.734375
4.793004	2.744140625
4.794	2.7490234375
4.795	2.7490234375
4.796	2.763671875
4.797	2.7734375
4.798	2.783203125
4.799	2.7978515625
4.8	2.822265625
4.801	2.8369140625
4.802	2.8564453125
4.803	2.861328125
4.804	2.8759765625
4.805	2.8955078125
4.806	2.9052734375
4.807	2.9248046875
4.808	2.939453125
4.809	2.94921875
4.81	2.9736328125
4.811	2.9833984375
4.812	3.0078125
4.813	3.017578125
4.814	3.02734375
4.815	3.046875
4.816	3.056640625
4.817	3.0615234375
4.818	3.0810546875
4.819	3.0859375
4.82	3.1005859375
4.821	3.10546875
4.822	3.1103515625
4.823	3.1201171875
4.824	3.115234375
4.825	3.125
4.826	3.1298828125
4.827	3.1298828125
4.828	3.1396484375
4.829	3.1396484375
4.830004	3.134765625
4.831	3.134765625
4.832004	3.1298828125
4.833004	3.134765625
4.834004	3.125
4.835004	3.1298828125
4.836004	3.1103515625
4.837	3.1103515625
4.838	3.10546875
4.839	3.0908203125
4.84	3.0859375
4.841	3.076171875
4.842	3.06640625
4.843	3.056640625
4.844	3.0322265625
4.845	3.0224609375
4.846	3.0078125
4.847	2.998046875
4.848	2.978515625
4.849	2.96875
4.85	2.9541015625
4.851	2.9443359375
4.852	2.919921875
4.853	2.9052734375
4.854	2.8955078125
4.855	2.87109375
4.856	2.8564453125
4.857	2.841796875
4.858	2.8369140625
4.859	2.822265625
4.86	2.7978515625
4.861	2.79296875
4.862	2.7734375
4.863	2.7734375
4.864	2.7587890625
4.865	2.744140625
4.866	2.7392578125
4.867	2.7294921875
4.868	2.7197265625
4.869	2.724609375
4.87	2.7197265625
4.871	2.705078125
4.872	2.7001953125
4.872996	2.705078125
4.874004	2.6953125
4.875004	2.6904296875
4.876004	2.6904296875
4.877004	2.685546875
4.878004	2.6953125
4.879004	2.685546875
4.88	2.7001953125
4.881	2.7099609375
4.882	2.7099609375
4.883	2.7197265625
4.884	2.7294921875
4.885	2.734375
4.886	2.7392578125
4.887	2.75390625
4.888	2.7490234375
4.889	2.7685546875
4.89	2.7734375
4.891	2.7978515625
4.892	2.802734375
4.893	2.8173828125
4.894	2.8369140625
4.895	2.8515625
4.896	2.8662109375
4.897	2.87109375
4.898	2.890625
4.899	2.9052734375
4.9	2.919921875
4.901	2.939453125
4.902	2.9541015625
4.903	2.96875
4.904	2.9833984375
4.905	2.998046875
4.906	3.0078125
4.907	3.02734375
4.908	3.0419921875
4.909	3.046875
4.91	3.056640625
4.911	3.0712890625
4.912	3.0810546875
4.913	3.0908203125
4.914	3.0908203125
4.914996	3.1103515625
4.916004	3.10546875
4.917	3.115234375
4.918004	3.1201171875
4.919004	3.125
4.920004	3.125
4.921004	3.1298828125
4.922	3.125
4.923	3.1298828125
4.924	3.1298828125
4.925	3.1298828125
4.926	3.1201171875
4.927	3.1201171875
4.928	3.125
4.929	3.1201171875
4.93	3.1005859375
4.931	3.1005859375
4.932	3.095703125
4.933	3.076171875
4.934	3.0810546875
4.935	3.0615234375
4.936	3.046875
4.937	3.0419921875
4.938	3.0224609375
4.939	3.0078125
4.94	2.998046875
4.941	2.978515625
4.942	2.96875
4.943	2.9541015625
4.944	2.939453125
4.945	2.9296875
4.946	2.9150390625
4.947	2.8955078125
4.948	2.8857421875
4.949	2.87109375
4.95	2.8466796875
4.951	2.8466796875
4.952	2.822265625
4.953	2.8076171875
4.954	2.802734375
4.955	2.7783203125
4.956	2.7685546875
4.957	2.7685546875
4.958004	2.7587890625
4.959	2.75390625
4.960004	2.744140625
4.961004	2.7294921875
4.962004	2.7197265625
4.963004	2.7197265625
4.964004	2.7099609375
4.965	2.7099609375
4.966	2.705078125
4.967	2.71484375
4.968	2.7001953125
4.969	2.6953125
4.97	2.7001953125
4.971	2.6904296875
4.972	2.705078125
4.973	2.7001953125
4.974	2.705078125
4.975	2.705078125
4.976	2.7099609375
4.977	2.724609375
4.978	2.7294921875
4.979	2.744140625
4.98	2.75390625
4.981	2.7587890625
4.982	2.763671875
4.983	2.7783203125
4.984	2.783203125
4.985	2.8076171875
4.986	2.822265625
4.987	2.8369140625
4.988	2.8466796875
4.989	2.8564453125
4.99	2.8759765625
4.991	2.890625
4.992	2.8955078125
4.993	2.9150390625
4.994	2.9150390625
4.995	2.94921875
4.996	2.9541015625
4.997	2.978515625
4.998	2.98828125
4.999	2.998046875
5.0	3.0126953125
5.000996	3.02734375
5.002004	3.0419921875
5.003004	3.0517578125
5.004004	3.056640625
5.005004	3.0712890625
5.006004	3.0810546875
5.007004	3.0908203125
5.008	3.1005859375
5.009	3.1103515625
5.01	3.115234375
5.011	3.1201171875
5.012	3.115234375
5.013	3.125
5.014	3.125
5.015	3.1298828125
5.016	3.125
5.017	3.125
5.018	3.125
5.019	3.1201171875
5.02	3.1201171875
5.021	3.1201171875
5.022	3.1103515625
5.023	3.10546875
5.024	3.10546875
5.025	3.0908203125
5.026	3.0810546875
5.027	3.076171875
5.028	3.06640625
5.029	3.0517578125
5.03	3.037109375
5.031	3.0322265625
5.032	3.0078125
5.033	3.0029296875
5.034	2.9833984375
5.035	2.96875
5.036	2.96875
5.037	2.94921875
5.038	2.9296875
5.039	2.9150390625
5.04	2.9052734375
5.041	2.8857421875
5.042	2.8662109375
5.042996	2.861328125
5.044004	2.841796875
5.045	2.83203125
5.046004	2.822265625
5.047004	2.802734375
5.048004	2.7880859375
5.049004	2.7783203125
5.05	2.763671875
5.051	2.7587890625
5.052	2.75390625
5.053	2.75390625
5.054	2.734375
5.055	2.734375
5.056	2.7294921875
5.057	2.724609375
5.058	2.71484375
5.059	2.71484375
5.06	2.705078125
5.061	2.7001953125
5.062	2.705078125
5.063	2.705078125
5.064	2.7001953125
5.065	2.705078125
5.066	2.705078125
5.067	2.7099609375
5.068	2.724609375
5.069	2.7294921875
5.07	2.734375
5.071	2.734375
5.072	2.7392578125
5.073	2.75390625
5.074	2.763671875
5.075	2.7587890625
5.076	2.7783203125
5.077	2.783203125
5.078	2.802734375
5.079	2.8271484375
5.08	2.8271484375
5.081	2.841796875
5.082	2.8564453125
5.083	2.87109375
5.084	2.8857421875
5.085	2.8955078125
5.086004	2.91015625
5.087	2.9296875
5.088004	2.9443359375
5.089004	2.9541015625
5.090004	2.978515625
5.091004	2.9833984375
5.092004	2.9931640625
5.093	3.0126953125
5.094	3.0224609375
5.095	3.037109375
5.096	3.046875
5.097	3.0517578125
5.098	3.0712890625
5.099	3.0712890625
5.1	3.0810546875
5.101	3.1005859375
5.102	3.1005859375
5.103	3.1103515625
5.104	3.10546875
5.105	3.10546875
5.106	3.125
5.107	3.1201171875
5.108	3.125
5.109	3.115234375
5.11	3.125
5.111	3.1201171875
5.112	3.125
5.113	3.1201171875
5.114	3.10546875
5.115	3.10546875
5.116	3.10546875
5.117	3.095703125
5.118	3.095703125
5.119	3.0810546875
5.12	3.06640625
5.121	3.0712890625
5.122	3.046875
5.123	3.0419921875
5.124	3.02734375
5.125	3.0029296875
5.126	2.998046875
5.127	2.98828125
5.128	2.9736328125
5.128996	2.96875
5.130004	2.94921875
5.131004	2.9296875
5.132004	2.9248046875
5.133004	2.8955078125
5.134004	2.8857421875
5.135004	2.880859375
5.136	2.861328125
5.137	2.8515625
5.138	2.83203125
5.139	2.8271484375
5.14	2.8076171875
5.141	2.79296875
5.142	2.7880859375
5.143	2.783203125
5.144	2.7587890625
5.145	2.7587890625
5.146	2.75390625
5.147	2.744140625
5.148	2.734375
5.149	2.734375
5.15	2.7294921875
5.151	2.71484375
5.152	2.724609375
5.153	2.7197265625
5.154	2.7099609375
5.155	2.705078125
5.156	2.705078125
5.157	2.705078125
5.158	2.71484375
5.159	2.7099609375
5.16	2.7197265625
5.161	2.724609375
5.162	2.724609375
5.163	2.734375
5.164	2.7392578125
5.165	2.7490234375
5.166	2.7587890625
5.167	2.7587890625
5.168	2.7685546875
5.169	2.7734375
5.17	2.7880859375
5.170996	2.802734375
5.172004	2.8173828125
5.173	2.83203125
5.174004	2.8515625
5.175004	2.861328125
5.176004	2.87109375
5.177004	2.880859375
5.178	2.900390625
5.179	2.91015625
5.18	2.919921875
5.181	2.9296875
5.182	2.94921875
5.183	2.96875
5.184	2.9833984375
5.185	2.9931640625
5.186	3.0078125
5.187	3.0224609375
5.188	3.0322265625
5.189	3.0419921875
5.19	3.0517578125
5.191	3.056640625
5.192	3.0615234375
5.193	3.076171875
5.194	3.0908203125
5.195	3.095703125
5.196	3.10546875
5.197	3.1103515625
5.198	3.10546875
5.199	3.115234375
5.2	3.1201171875
5.201	3.125
5.202	3.125
5.203	3.125
5.204	3.1201171875
5.205	3.1201171875
5.206	3.115234375
5.207	3.115234375
5.208	3.10546875
5.209	3.10546875
5.21	3.095703125
5.211	3.0859375
5.212	3.0810546875
5.213	3.0712890625
5.214004	3.0615234375
5.215	3.046875
5.216004	3.0419921875
5.217004	3.02734375
5.218004	3.0126953125
5.219004	2.998046875
5.220004	2.9931640625
5.221	2.978515625
5.222	2.9638671875
5.223	2.94921875
5.224	2.939453125
5.225	2.919921875
5.226	2.9052734375
5.227	2.890625
5.228	2.890625
5.229	2.8662109375
5.23	2.861328125
5.231	2.841796875
5.232	2.83203125
5.233	2.8125
5.234	2.7978515625
5.235	2.7880859375
5.236	2.7783203125
5.237	2.763671875
5.238	2.763671875
5.239	2.7587890625
5.24	2.7490234375
5.241	2.744140625
5.242	2.734375
5.243	2.7392578125
5.244	2.7294921875
5.245	2.7294921875
5.246	2.71484375
5.247	2.71484375
5.248	2.7099609375
5.249	2.7099609375
5.25	2.71484375
5.251	2.71484375
5.252	2.7197265625
5.253	2.7294921875
5.254	2.7294921875
5.255	2.7294921875
5.256	2.7392578125
5.256996	2.744140625
5.258004	2.744140625
5.259004	2.75390625
5.260004	2.75390625
5.261004	2.7685546875
5.262004	2.7734375
5.263004	2.7880859375
5.264	2.7978515625
5.265	2.8173828125
5.266	2.83203125
5.267	2.8369140625
5.268	2.861328125
5.269	2.8662109375
5.27	2.87109375
5.271	2.8955078125
5.272	2.9052734375
5.273	2.91015625
5.274	2.9296875
5.275	2.9345703125
5.276	2.958984375
5.277	2.9638671875
5.278	2.98828125
5.279	3.0029296875
5.28	3.0029296875
5.281	3.0224609375
5.282	3.0322265625
5.283	3.0419921875
5.284	3.0517578125
5.285	3.056640625
5.286	3.0712890625
5.287	3.0712890625
5.288	3.0859375
5.289	3.0908203125
5.29	3.10546875
5.291	3.10546875
5.292	3.1005859375
5.293	3.1103515625
5.294	3.115234375
5.295	3.1103515625
5.296	3.115234375
5.297	3.115234375
5.298	3.115234375
5.298996	3.1103515625
5.300004	3.115234375
5.301	3.10546875
5.302004	3.0908203125
5.303004	3.0908203125
5.304004	3.0810546875
5.305004	3.0810546875
5.306	3.0712890625
5.307	3.0615234375
5.308	3.0517578125
5.309	3.037109375
5.31	3.02734375
5.311	3.017578125
5.312	3.0029296875
5.313	2.9931640625
5.314	2.9833984375
5.315	2.96875
5.316	2.958984375
5.317	2.9443359375
5.318	2.9248046875
5.319	2.9150390625
5.32	2.900390625
5.321	2.880859375
5.322	2.87109375
5.323	2.861328125
5.324	2.8515625
5.325	2.841796875
5.326	2.8173828125
5.327	2.802734375
5.328	2.79296875
5.329	2.783203125
5.33	2.7734375
5.331	2.7587890625
5.332	2.75390625
5.333	2.75390625
5.334	2.75390625
5.335	2.734375
5.336	2.734375
5.337	2.734375
5.338	2.724609375
5.339	2.724609375
5.34	2.724609375
5.341	2.71484375
5.342004	2.71484375
5.343	2.724609375
5.344004	2.7197265625
5.345004	2.724609375
5.346004	2.7294921875
5.347004	2.7294921875
5.348004	2.734375
5.349	2.7392578125
5.35	2.744140625
5.351	2.744140625
5.352	2.75390625
5.353	2.7587890625
5.354	2.7685546875
5.355	2.7783203125
5.356	2.783203125
5.357	2.79296875
5.358	2.8125
5.359	2.8271484375
5.36	2.83203125
5.361	2.8564453125
5.362	2.861328125
5.363	2.87109375
5.364	2.890625
5.365	2.900390625
5.366	2.91015625
5.367	2.9296875
5.368	2.9345703125
5.369	2.9541015625
5.37	2.96875
5.371	2.9736328125
5.372	3.0029296875
5.373	3.0078125
5.374	3.0126953125
5.375	3.02734375
5.376	3.037109375
5.377	3.046875
5.378	3.056640625
5.379	3.06640625
5.38	3.076171875
5.381	3.0810546875
5.382	3.0859375
5.383	3.1005859375
5.384	3.1005859375
5.384996	3.10546875
5.386004	3.10546875
5.387004	3.1103515625
5.388004	3.10546875
5.389004	3.1005859375
5.390004	3.1103515625
5.391004	3.1103515625
5.392	3.10546875
5.393	3.1103515625
5.394	3.1005859375
5.395	3.095703125
5.396	3.0859375
5.397	3.0859375
5.398	3.076171875
5.399	3.0712890625
5.4	3.056640625
5.401	3.0517578125
5.402	3.037109375
5.403	3.0224609375
5.404	3.0126953125
5.405	3.0029296875
5.406	3.0029296875
5.407	2.978515625
5.408	2.9736328125
5.409	2.9541015625
5.41	2.94921875
5.411	2.9296875
5.412	2.9150390625
5.413	2.8955078125
5.414	2.8955078125
5.415	2.87109375
5.416	2.8662109375
5.417	2.861328125
5.418	2.8369140625
5.419	2.822265625
5.42	2.8076171875
5.421	2.802734375
5.422	2.79296875
5.423	2.7783203125
5.424	2.7685546875
5.425	2.763671875
5.426	2.7587890625
5.426996	2.7587890625
5.428004	2.7490234375
5.429	2.744140625
5.430004	2.7392578125
5.431004	2.7392578125
5.432004	2.724609375
5.433004	2.7294921875
5.434	2.724609375
5.435	2.7294921875
5.436	2.724609375
5.437	2.724609375
5.438	2.7294921875
5.439	2.7294921875
5.44	2.734375
5.441	2.734375
5.442	2.734375
5.443	2.744140625
5.444	2.7490234375
5.445	2.7490234375
5.446	2.763671875
5.447	2.7734375
5.448	2.7734375
5.449	2.7880859375
5.45	2.7978515625
5.451	2.822265625
5.452	2.822265625
5.453	2.83203125
5.454	2.841796875
5.455	2.861328125
5.456	2.87109375
5.457	2.8857421875
5.458	2.8955078125
5.459	2.9052734375
5.46	2.919921875
5.461	2.939453125
5.462	2.9443359375
5.463	2.9638671875
5.464	2.96875
5.465	2.9931640625
5.466	3.0029296875
5.467	3.0078125
5.468	3.0224609375
5.469	3.0322265625
5.470004	3.0419921875
5.471	3.0517578125
5.472004	3.056640625
5.473004	3.0615234375
5.474004	3.076171875
5.475004	3.0712890625
5.476004	3.0859375
5.477	3.095703125
5.478	3.10546875
5.479	3.095703125
5.48	3.10546875
5.481	3.10546875
5.482	3.10546875
5.483	3.1005859375
5.484	3.1005859375
5.485	3.1005859375
5.486	3.095703125
5.487	3.0908203125
5.488	3.0908203125
5.489	3.0908203125
5.49	3.0859375
5.491	3.076171875
5.492	3.0712890625
5.493	3.056640625
5.494	3.0517578125
5.495	3.0419921875
5.496	3.02734375
5.497	3.017578125
5.498	3.0029296875
5.499	2.998046875
5.5	2.978515625
5.501	2.96875
5.502	2.958984375
5.503	2.9443359375
5.504	2.9296875
5.505	2.9150390625
5.506	2.91015625
5.507	2.890625
5.508	2.8759765625
5.509	2.87109375
5.51	2.861328125
5.511	2.8466796875
5.512	2.83203125
5.512996	2.8271484375
5.514004	2.8173828125
5.515004	2.79296875
5.516004	2.783203125
5.517004	2.7685546875
5.518004	2.7587890625
5.519004	2.7587890625
5.52	2.7587890625
5.521	2.75390625
5.522	2.75390625
5.523	2.734375
5.524	2.7392578125
5.525	2.7392578125
5.526	2.734375
5.527	2.724609375
5.528	2.7294921875
5.529	2.724609375
5.53	2.7294921875
5.531	2.734375
5.532	2.7294921875
5.533	2.7392578125
5.534	2.7392578125
5.535	2.75390625
5.536	2.744140625
5.537	2.7587890625
5.538	2.75390625
5.539	2.7587890625
5.54	2.7734375
5.541	2.7734375
5.542	2.783203125
5.543	2.79296875
5.544	2.8173828125
5.545	2.83203125
5.546	2.8369140625
5.547	2.8515625
5.548	2.8662109375
5.549	2.87109375
5.55	2.8857421875
5.551	2.900390625
5.552	2.9052734375
5.553	2.9248046875
5.554	2.9345703125
5.554996	2.939453125
5.556004	2.9638671875
5.557	2.978515625
5.558004	2.98828125
5.559004	2.9931640625
5.560004	3.0078125
5.561004	3.0224609375
5.562	3.0322265625
5.563	3.0322265625
5.564	3.0517578125
5.565	3.056640625
5.566	3.0615234375
5.567	3.0712890625
5.568	3.076171875
5.569	3.0859375
5.57	3.0908203125
5.571	3.095703125
5.572	3.1005859375
5.573	3.1005859375
5.574	3.10546875
5.575	3.1005859375
5.576	3.1005859375
5.577	3.1005859375
5.578	3.10546875
5.579	3.10546875
5.58	3.1005859375
5.581	3.0859375
5.582	3.0859375
5.583	3.0712890625
5.584	3.076171875
5.585	3.06640625
5.586	3.056640625
5.587	3.0419921875
5.588	3.037109375
5.589	3.02734375
5.59	3.0078125
5.591	3.0029296875
5.592	2.998046875
5.593	2.9833984375
5.594	2.9736328125
5.595	2.9638671875
5.596	2.94921875
5.597	2.9345703125
5.598004	2.9248046875
5.599	2.9052734375
5.600004	2.8955078125
5.601004	2.8857421875
5.602004	2.87109375
5.603004	2.861328125
5.604004	2.8466796875
5.605	2.8369140625
5.606	2.822265625
5.607	2.8076171875
5.608	2.79296875
5.609	2.79296875
5.61	2.7880859375
5.611	2.7734375
5.612	2.763671875
5.613	2.763671875
5.614	2.7587890625
5.615	2.75390625
5.616	2.75390625
5.617	2.744140625
5.618	2.7392578125
5.619	2.7392578125
5.62	2.7392578125
5.621	2.7392578125
5.622	2.7294921875
5.623	2.7392578125
5.624	2.7392578125
5.625	2.7392578125
5.626	2.7392578125
5.627	2.7392578125
5.628	2.7392578125
5.629	2.7490234375
5.63	2.75390625
5.631	2.7587890625
5.632	2.7587890625
5.633	2.7734375
5.634	2.783203125
5.635	2.7880859375
5.636	2.7880859375
5.637	2.8173828125
5.638	2.8173828125
5.639	2.841796875
5.64	2.8466796875
5.640996	2.8564453125
5.642004	2.87109375
5.643004	2.880859375
5.644004	2.8955078125
5.645004	2.91015625
5.646004	2.9248046875
5.647004	2.9248046875
5.648	2.9443359375
5.649	2.958984375
5.65	2.96875
5.651	2.978515625
5.652	2.98828125
5.653	2.998046875
5.654	3.0078125
5.655	3.02734375
5.656	3.02734375
5.657	3.0419921875
5.658	3.0517578125
5.659	3.0517578125
5.66	3.0712890625
5.661	3.0712890625
5.662	3.0859375
5.663	3.0859375
5.664	3.0859375
5.665	3.1005859375
5.666	3.0908203125
5.667	3.10546875
5.668	3.1005859375
5.669	3.1005859375
5.67	3.095703125
5.671	3.095703125
5.672	3.1005859375
5.673	3.095703125
5.674	3.0810546875
5.675	3.0859375
5.676	3.076171875
5.677	3.0712890625
5.678	3.06640625
5.679	3.056640625
5.68	3.056640625
5.681	3.02734375
5.682	3.0224609375
5.682996	3.017578125
5.684004	3.0029296875
5.685	2.998046875
5.686004	2.9931640625
5.687004	2.978515625
5.688004	2.9638671875
5.689004	2.94921875
5.69	2.939453125
5.691	2.9248046875
5.692	2.9052734375
5.693	2.900390625
5.694	2.8857421875
5.695	2.8759765625
5.696	2.87109375
5.697	2.8515625
5.698	2.841796875
5.699	2.8271484375
5.7	2.83203125
5.701	2.8173828125
5.702	2.7978515625
5.703	2.783203125
5.704	2.7783203125
5.705	2.7734375
5.706	2.763671875
5.707	2.75390625
5.708	2.7490234375
5.709	2.75390625
5.71	2.7490234375
5.711	2.744140625
5.712	2.744140625
5.713	2.7392578125
5.714	2.7392578125
5.715	2.7392578125
5.716	2.734375
5.717	2.744140625
5.718	2.7392578125
5.719	2.7392578125
5.72	2.7392578125
5.721	2.75390625
5.722	2.75390625
5.723	2.7587890625
5.724	2.7587890625
5.725	2.763671875
5.726004	2.7734375
5.727	2.7783203125
5.728004	2.783203125
5.729004	2.802734375
5.730004	2.822265625
5.731004	2.822265625
5.732004	2.8369140625
5.733	2.8466796875
5.734	2.8564453125
5.735	2.87109375
5.736	2.880859375
5.737	2.890625
5.738	2.900390625
5.739	2.9150390625
5.74	2.919921875
5.741	2.9248046875
5.742	2.9541015625
5.743	2.9638671875
5.744	2.978515625
5.745	2.9931640625
5.746	2.998046875
5.747	3.017578125
5.748	3.0224609375
5.749	3.02734375
5.75	3.037109375
5.751	3.037109375
5.752	3.0615234375
5.753	3.06640625
5.754	3.076171875
5.755	3.076171875
5.756	3.0810546875
5.757	3.0859375
5.758	3.0908203125
5.759	3.0908203125
5.76	3.1005859375
5.761	3.0908203125
5.762	3.1005859375
5.763	3.0908203125
5.764	3.1005859375
5.765	3.0908203125
5.766	3.0859375
5.767	3.0810546875
5.768	3.076171875
5.768996	3.0712890625
5.770004	3.06640625
5.771004	3.06640625
5.772004	3.0517578125
5.773004	3.056640625
5.774004	3.037109375
5.775004	3.0224609375
5.776	3.017578125
5.777	3.0126953125
5.778	2.998046875
5.779	2.9833984375
5.78	2.9736328125
5.781	2.96875
5.782	2.9541015625
5.783	2.9443359375
5.784	2.919921875
5.785	2.91015625
5.786	2.9052734375
5.787	2.890625
5.788	2.8759765625
5.789	2.8662109375
5.79	2.8662109375
5.791	2.8466796875
5.792	2.8271484375
5.793	2.822265625
5.794	2.822265625
5.795	2.7978515625
5.796	2.783203125
5.797	2.7783203125
5.798	2.7734375
5.799	2.7587890625
5.8	2.7587890625
5.801	2.75390625
5.802	2.75390625
5.803	2.75390625
5.804	2.75390625
5.805	2.744140625
5.806	2.7392578125
5.807	2.744140625
5.808	2.734375
5.809	2.734375
5.81	2.7294921875
5.810996	2.734375
5.812004	2.744140625
5.813	2.7392578125
5.814004	2.75390625
5.815004	2.75390625
5.816004	2.7587890625
5.817004	2.7587890625
5.818	2.763671875
5.819	2.7734375
5.82	2.7783203125
5.821	2.783203125
5.822	2.7978515625
5.823	2.8173828125
5.824	2.822265625
5.825	2.8369140625
5.826	2.8466796875
5.827	2.861328125
5.828	2.861328125
5.829	2.880859375
5.83	2.880859375
5.831	2.9052734375
5.832	2.9150390625
5.833	2.9248046875
5.834	2.9345703125
5.835	2.9541015625
5.836	2.9541015625
5.837	2.9736328125
5.838	2.9833984375
5.839	2.9931640625
5.84	3.0078125
5.841	3.0078125
5.842	3.0224609375
5.843	3.0322265625
5.844	3.0419921875
5.845	3.0517578125
5.846	3.056640625
5.847	3.056640625
5.848	3.06640625
5.849	3.0712890625
5.85	3.076171875
5.851	3.0859375
5.852	3.0810546875
5.853	3.0908203125
5.854004	3.095703125
5.855	3.095703125
5.856004	3.095703125
5.857004	3.0908203125
5.858004	3.0859375
5.859004	3.0859375
5.860004	3.0810546875
5.861	3.076171875
5.862	3.06640625
5.863	3.0712890625
5.864	3.056640625
5.865	3.0517578125
5.866	3.037109375
5.867	3.0322265625
5.868	3.0224609375
5.869	3.017578125
5.87	3.0078125
5.871	2.998046875
5.872	2.9833984375
5.873	2.9736328125
5.874	2.96875
5.875	2.9541015625
5.876	2.94921875
5.877	2.9248046875
5.878	2.9150390625
5.879	2.9052734375
5.88	2.8955078125
5.881	2.880859375
5.882	2.8759765625
5.883	2.8662109375
5.884	2.8515625
5.885	2.8466796875
5.886	2.8271484375
5.887	2.8173828125
5.888	2.8076171875
5.889	2.7978515625
5.89	2.7880859375
5.891	2.7685546875
5.892	2.7685546875
5.893	2.763671875
5.894	2.7685546875
5.895	2.7587890625
5.896	2.7587890625
5.896996	2.75390625
5.898004	2.7490234375
5.899004	2.744140625
5.900004	2.744140625
5.901004	2.7490234375
5.902004	2.744140625
5.903004	2.744140625
5.904	2.7490234375
5.905	2.744140625
5.906	2.744140625
5.907	2.7587890625
5.908	2.7490234375
5.909	2.7587890625
5.91	2.763671875
5.911	2.7734375
5.912	2.7783203125
5.913	2.783203125
5.914	2.783203125
5.915	2.79296875
5.916	2.8125
5.917	2.822265625
5.918	2.8271484375
5.919	2.841796875
5.92	2.8515625
5.921	2.8662109375
5.922	2.87109375
5.923	2.8857421875
5.924	2.890625
5.925	2.9052734375
5.926	2.919921875
5.927	2.9345703125
5.928	2.9443359375
5.929	2.94921875
5.93	2.96875
5.931	2.978515625
5.932	2.98828125
5.933	3.0029296875
5.934	3.0078125
5.935	3.0224609375
5.936	3.0224609375
5.937	3.0322265625
5.938	3.046875
5.938996	3.0517578125
5.940004	3.056640625
5.941	3.0615234375
5.942004	3.06640625
5.943004	3.076171875
5.944004	3.0712890625
5.945004	3.0859375
5.946	3.0859375
5.947	3.0859375
5.948	3.0810546875
5.949	3.0908203125
5.95	3.0859375
5.951	3.0859375
5.952	3.0810546875
5.953	3.076171875
5.954	3.076171875
5.955	3.0712890625
5.956	3.06640625
5.957	3.056640625
5.958	3.056640625
5.959	3.037109375
5.96	3.02734375
5.961	3.02734375
5.962	3.017578125
5.963	3.0126953125
5.964	3.0029296875
5.965	2.978515625
5.966	2.96875
5.967	2.96875
5.968	2.94921875
5.969	2.94921875
5.97	2.9296875
5.971	2.919921875
5.972	2.9052734375
5.973	2.8955078125
5.974	2.8857421875
5.975	2.87109375
5.976	2.87109375
5.977	2.8515625
5.978	2.841796875
5.979	2.8271484375
5.98	2.8173828125
5.981	2.802734375
5.982004	2.802734375
5.983	2.79296875
5.984004	2.783203125
5.985004	2.7734375
5.986004	2.7685546875
5.987004	2.763671875
5.988004	2.7587890625
5.989	2.75390625
5.99	2.7587890625
5.991	2.7490234375
5.992	2.75390625
5.993	2.744140625
5.994	2.744140625
5.995	2.744140625
5.996	2.744140625
5.997	2.7490234375
5.998	2.7490234375
5.999	2.7490234375
6.0	2.75390625
6.001	2.7490234375
6.002	2.7587890625
6.003	2.763671875
6.004	2.7734375
6.005	2.7734375
6.006	2.7783203125
6.007	2.7880859375
6.008	2.7978515625
6.009	2.822265625
6.01	2.822265625
6.011	2.83203125
6.012	2.8515625
6.013	2.8564453125
6.014	2.8662109375
6.015	2.87109375
6.016	2.8857421875
6.017	2.8955078125
6.018	2.900390625
6.019	2.919921875
6.02	2.919921875
6.021	2.9296875
6.022	2.9541015625
6.023	2.96875
6.024	2.9736328125
6.024996	2.978515625
6.026004	2.998046875
6.027004	3.0029296875
6.028004	3.0126953125
6.029004	3.0224609375
6.030004	3.02734375
6.031004	3.037109375
6.032	3.056640625
6.033	3.0517578125
6.034	3.056640625
6.035	3.06640625
6.036	3.06640625
6.037	3.0810546875
6.038	3.0810546875
6.039	3.0810546875
6.04	3.0859375
6.041	3.0810546875
6.042	3.0859375
6.043	3.0859375
6.044	3.0810546875
6.045	3.0712890625
6.046	3.076171875
6.047	3.0712890625
6.048	3.06640625
6.049	3.06640625
6.05	3.056640625
6.051	3.046875
6.052	3.0419921875
6.053	3.0322265625
6.054	3.0224609375
6.055	3.0126953125
6.056	3.0126953125
6.057	3.0029296875
6.058	2.9931640625
6.059	2.9833984375
6.06	2.96875
6.061	2.958984375
6.062	2.939453125
6.063	2.9345703125
6.064	2.9248046875
6.065	2.9150390625
6.066	2.900390625
6.066996	2.8759765625
6.068004	2.880859375
6.069	2.8662109375
6.070004	2.8564453125
6.071004	2.841796875
6.072004	2.8271484375
6.073004	2.822265625
6.074	2.8173828125
6.075	2.802734375
6.076	2.7978515625
6.077	2.783203125
6.078	2.783203125
6.079	2.783203125
6.08	2.7685546875
6.081	2.763671875
6.082	2.763671875
6.083	2.7587890625
6.084	2.7587890625
6.085	2.7587890625
6.086	2.7490234375
6.087	2.75390625
6.088	2.75390625
6.089	2.75390625
6.09	2.75390625
6.091	2.75390625
6.092	2.7587890625
6.093	2.75390625
6.094	2.7587890625
6.095	2.7587890625
6.096	2.7685546875
6.097	2.7734375
6.098	2.7734375
6.099	2.7783203125
6.1	2.783203125
6.101	2.79296875
6.102	2.8076171875
6.103	2.8369140625
6.104	2.8369140625
6.105	2.8466796875
6.106	2.8515625
6.107	2.8662109375
6.108	2.8662109375
6.109	2.8857421875
6.110004	2.890625
6.111	2.9052734375
6.112004	2.919921875
6.113004	2.9248046875
6.114004	2.9443359375
6.115004	2.94921875
6.116004	2.958984375
6.117	2.978515625
6.118	2.9833984375
6.119	2.98828125
6.12	3.0078125
6.121	3.0126953125
6.122	3.0126953125
6.123	3.02734375
6.124	3.0322265625
6.125	3.0419921875
6.126	3.046875
6.127	3.046875
6.128	3.0517578125
6.129	3.0615234375
6.13	3.0615234375
6.131	3.0810546875
6.132	3.0712890625
6.133	3.076171875
6.134	3.0810546875
6.135	3.0810546875
6.136	3.076171875
6.137	3.076171875
6.138	3.076171875
6.139	3.076171875
6.14	3.0712890625
6.141	3.0615234375
6.142	3.056640625
6.143	3.056640625
6.144	3.0517578125
6.145	3.0419921875
6.146	3.02734375
6.147	3.0224609375
6.148	3.017578125
6.149	3.0078125
6.15	2.998046875
6.151	2.9931640625
6.152	2.978515625
6.152996	2.96875
6.154004	2.958984375
6.155004	2.9541015625
6.156004	2.9345703125
6.157004	2.919921875
6.158004	2.9052734375
6.159004	2.900390625
6.16	2.880859375
6.161	2.880859375
6.162	2.87109375
6.163	2.8564453125
6.164	2.841796875
6.165	2.841796875
6.166	2.8173828125
6.167	2.822265625
6.168	2.8125
6.169	2.802734375
6.17	2.7880859375
6.171	2.7880859375
6.172	2.7783203125
6.173	2.7734375
6.174	2.763671875
6.175	2.763671875
6.176	2.7587890625
6.177	2.7587890625
6.178	2.7587890625
6.179	2.7587890625
6.18	2.75390625
6.181	2.7490234375
6.182	2.75390625
6.183	2.7490234375
6.184	2.7587890625
6.185	2.7490234375
6.186	2.7587890625
6.187	2.75390625
6.188	2.7685546875
6.189	2.763671875
6.19	2.7734375
6.191	2.7734375
6.192	2.7880859375
6.193	2.783203125
6.194	2.79296875
6.194996	2.8125
6.196004	2.8271484375
6.197	2.83203125
6.198004	2.841796875
6.199004	2.8466796875
6.200004	2.861328125
6.201004	2.87109375
6.202	2.880859375
6.203	2.8955078125
6.204	2.8955078125
6.205	2.9052734375
6.206	2.9248046875
6.207	2.939453125
6.208	2.939453125
6.209	2.9541015625
6.21	2.96875
6.211	2.9833984375
6.212	2.9833984375
6.213	2.998046875
6.214	3.0078125
6.215	3.0126953125
6.216	3.02734375
6.217	3.02734375
6.218	3.0419921875
6.219	3.0419921875
6.22	3.0517578125
6.221	3.056640625
6.222	3.056640625
6.223	3.0615234375
6.224	3.0615234375
6.225	3.0712890625
6.226	3.076171875
6.227	3.0712890625
6.228	3.076171875
6.229	3.076171875
6.23	3.0810546875
6.231	3.076171875
6.232	3.0712890625
6.233	3.06640625
6.234	3.0615234375
6.235	3.0615234375
6.236	3.056640625
6.237	3.0419921875
6.238004	3.046875
6.239	3.017578125
6.240004	3.02734375
6.241004	3.0126953125
6.242004	3.0078125
6.243004	3.0029296875
6.244004	2.98828125
6.245	2.9833984375
6.246	2.96875
6.247	2.958984375
6.248	2.94921875
6.249	2.939453125
6.25	2.9248046875
6.251	2.9150390625
6.252	2.91015625
6.253	2.8857421875
6.254	2.880859375
6.255	2.880859375
6.256	2.861328125
6.257	2.8466796875
6.258	2.8515625
6.259	2.8369140625
6.26	2.83203125
6.261	2.822265625
6.262	2.802734375
6.263	2.7978515625
6.264	2.7880859375
6.265	2.7783203125
6.266	2.7685546875
6.267	2.7685546875
6.268	2.763671875
6.269	2.763671875
6.27	2.763671875
6.271	2.763671875
6.272	2.7587890625
6.273	2.75390625
6.274	2.7490234375
6.275	2.7587890625
6.276	2.7587890625
6.277	2.7587890625
6.278	2.763671875
6.279	2.7587890625
6.28	2.7685546875
6.280996	2.7587890625
6.282004	2.7685546875
6.283004	2.7783203125
6.284004	2.7734375
6.285004	2.783203125
6.286004	2.79296875
6.287004	2.802734375
6.288	2.8173828125
6.289	2.8271484375
6.29	2.83203125
6.291	2.841796875
6.292	2.8466796875
6.293	2.8564453125
6.294	2.8759765625
6.295	2.8759765625
6.296	2.880859375
6.297	2.900390625
6.298	2.91015625
6.299	2.919921875
6.3	2.9345703125
6.301	2.9443359375
6.302	2.94921875
6.303	2.9638671875
6.304	2.96875
6.305	2.9833984375
6.306	2.98828125
6.307	3.0029296875
6.308	3.0078125
6.309	3.017578125
6.31	3.02734375
6.311	3.037109375
6.312	3.046875
6.313	3.046875
6.314	3.046875
6.315	3.056640625
6.316	3.0615234375
6.317	3.06640625
6.318	3.06640625
6.319	3.06640625
6.32	3.0712890625
6.321	3.0810546875
6.322	3.076171875
6.322996	3.0615234375
6.324004	3.06640625
6.325	3.06640625
6.326004	3.0615234375
6.327004	3.056640625
6.328004	3.056640625
6.329004	3.0517578125
6.33	3.046875
6.331	3.037109375
6.332	3.02734375
6.333	3.017578125
6.334	3.017578125
6.335	3.0126953125
6.336	2.9931640625
6.337	2.9931640625
6.338	2.9736328125
6.339	2.978515625
6.34	2.9541015625
6.341	2.9541015625
6.342	2.9443359375
6.343	2.9248046875
6.344	2.91015625
6.345	2.91015625
6.346	2.8955078125
6.347	2.890625
6.348	2.8759765625
6.349	2.87109375
6.35	2.861328125
6.351	2.8515625
6.352	2.8466796875
6.353	2.8369140625
6.354	2.8271484375
6.355	2.8076171875
6.356	2.7978515625
6.357	2.7880859375
6.358	2.7880859375
6.359	2.7783203125
6.36	2.7783203125
6.361	2.7734375
6.362	2.763671875
6.363	2.7685546875
6.364	2.7587890625
6.365	2.763671875
6.366004	2.763671875
6.367	2.763671875
6.368004	2.75390625
6.369004	2.75390625
6.370004	2.75390625
6.371004	2.763671875
6.372004	2.763671875
6.373	2.763671875
6.374	2.7587890625
6.375	2.763671875
6.376	2.7734375
6.377	2.783203125
6.378	2.7783203125
6.379	2.7978515625
6.38	2.802734375
6.381	2.8125
6.382	2.8271484375
6.383	2.83203125
6.384	2.8515625
6.385	2.8564453125
6.386	2.861328125
6.387	2.87109375
6.388	2.8759765625
6.389	2.880859375
6.39	2.9052734375
6.391	2.9052734375
6.392	2.919921875
6.393	2.9248046875
6.394	2.9296875
6.395	2.9541015625
6.396	2.9638671875
6.397	2.9736328125
6.398	2.9833984375
6.399	2.9833984375
6.4	2.998046875
6.401	3.0078125
6.402	3.0126953125
6.403	3.0224609375
6.404	3.0224609375
6.405	3.037109375
6.406	3.037109375
6.407	3.0517578125
6.408	3.056640625
6.408996	3.056640625
6.410004	3.0615234375
6.411004	3.0615234375
6.412004	3.0712890625
6.413004	3.06640625
6.414004	3.06640625
6.415004	3.06640625
6.416	3.0712890625
6.417	3.0615234375
6.418	3.06640625
6.419	3.056640625
6.42	3.0517578125
6.421	3.0517578125
6.422	3.0517578125
6.423	3.037109375
6.424	3.0322265625
6.425	3.0224609375
6.426	3.0224609375
6.427	3.0126953125
6.428	3.0126953125
6.429	3.0078125
6.43	2.98828125
6.431	2.98828125
6.432	2.9736328125
6.433	2.958984375
6.434	2.9541015625
6.435	2.9345703125
6.436	2.9296875
6.437	2.919921875
6.438	2.9052734375
6.439	2.8955078125
6.44	2.8955078125
6.441	2.880859375
6.442	2.87109375
6.443	2.8662109375
6.444	2.8466796875
6.445	2.83203125
6.446	2.8369140625
6.447	2.822265625
6.448	2.8173828125
6.449	2.802734375
6.45	2.7978515625
6.450996	2.7880859375
6.452004	2.7880859375
6.453	2.7734375
6.454004	2.7783203125
6.455004	2.763671875
6.456004	2.763671875
6.457004	2.7587890625
6.458	2.7587890625
6.459	2.763671875
6.46	2.763671875
6.461	2.763671875
6.462	2.763671875
6.463	2.763671875
6.464	2.763671875
6.465	2.7685546875
6.466	2.763671875
6.467	2.763671875
6.468	2.7734375
6.469	2.7734375
6.47	2.7783203125
6.471	2.7880859375
6.472	2.79296875
6.473	2.802734375
6.474	2.8076171875
6.475	2.822265625
6.476	2.83203125
6.477	2.841796875
6.478	2.8515625
6.479	2.861328125
6.48	2.8662109375
6.481	2.8759765625
6.482	2.890625
6.483	2.8955078125
6.484	2.91015625
6.485	2.9150390625
6.486	2.9248046875
6.487	2.939453125
6.488	2.94921875
6.489	2.958984375
6.49	2.96875
6.491	2.978515625
6.492	2.9833984375
6.493	2.998046875
6.494004	3.0078125
6.495	3.017578125
6.496004	3.017578125
6.497004	3.02734375
6.498004	3.02734375
6.499004	3.037109375
6.500004	3.0419921875
6.501	3.046875
6.502	3.0517578125
6.503	3.046875
6.504	3.056640625
6.505	3.056640625
6.506	3.06640625
6.507	3.0517578125
6.508	3.06640625
6.509	3.0615234375
6.51	3.06640625
6.511	3.06640625
6.512	3.056640625
6.513	3.0517578125
6.514	3.0615234375
6.515	3.046875
6.516	3.0419921875
6.517	3.0322265625
6.518	3.037109375
6.519	3.017578125
6.52	3.0126953125
6.521	3.017578125
6.522	2.9931640625
6.523	2.9931640625
6.524	2.9833984375
6.525	2.978515625
6.526	2.958984375
6.527	2.9541015625
6.528	2.9443359375
6.529	2.9345703125
6.53	2.9248046875
6.531	2.91015625
6.532	2.9052734375
6.533	2.890625
6.534	2.880859375
6.535	2.8759765625
6.536	2.861328125
6.536996	2.8564453125
6.538004	2.8515625
6.539004	2.841796875
6.540004	2.83203125
6.541004	2.822265625
6.542004	2.802734375
6.543004	2.7978515625
6.544	2.7978515625
6.545	2.783203125
6.546	2.783203125
6.547	2.7783203125
6.548	2.7685546875
6.549	2.763671875
6.55	2.763671875
6.551	2.7734375
6.552	2.7587890625
6.553	2.763671875
6.554	2.763671875
6.555	2.7587890625
6.556	2.763671875
6.557	2.7685546875
6.558	2.763671875
6.559	2.763671875
6.56	2.7734375
6.561	2.7734375
6.562	2.7783203125
6.563	2.7783203125
6.564	2.79296875
6.565	2.79296875
6.566	2.8076171875
6.567	2.8076171875
6.568	2.822265625
6.569	2.83203125
6.57	2.8369140625
6.571	2.8466796875
6.572	2.8662109375
6.573	2.8662109375
6.574	2.8759765625
6.575	2.8857421875
6.576	2.8955078125
6.577	2.91015625
6.578	2.91015625
6.578996	2.9248046875
6.580004	2.9296875
6.581	2.9443359375
6.582004	2.94921875
6.583004	2.9638671875
6.584004	2.978515625
6.585004	2.9833984375
6.586	2.98828125
6.587	3.0029296875
6.588	3.0078125
6.589	3.0126953125
6.59	3.0224609375
6.591	3.02734375
6.592	3.02734375
6.593	3.037109375
6.594	3.046875
6.595	3.0419921875
6.596	3.046875
6.597	3.0517578125
6.598	3.056640625
6.599	3.056640625
6.6	3.056640625
6.601	3.0615234375
6.602	3.0615234375
6.603	3.0615234375
6.604	3.0517578125
6.605	3.056640625
6.606	3.0517578125
6.607	3.0517578125
6.608	3.046875
6.609	3.037109375
6.61	3.0322265625
6.611	3.0224609375
6.612	3.0224609375
6.613	3.0126953125
6.614	3.0078125
6.615	3.0029296875
6.616	2.98828125
6.617	2.9833984375
6.618	2.9736328125
6.619	2.9736328125
6.62	2.9541015625
6.621	2.9345703125
6.622004	2.939453125
6.623	2.9296875
6.624004	2.91015625
6.625004	2.900390625
6.626004	2.890625
6.627004	2.8955078125
6.628004	2.87109375
6.629	2.861328125
6.63	2.861328125
6.631	2.8515625
6.632	2.8369140625
6.633	2.8173828125
6.634	2.8173828125
6.635	2.8173828125
6.636	2.802734375
6.637	2.7978515625
6.638	2.7880859375
6.639	2.7880859375
6.64	2.7783203125
6.641	2.7734375
6.642	2.7734375
6.643	2.763671875
6.644	2.7685546875
6.645	2.7685546875
6.646	2.7685546875
6.647	2.763671875
6.648	2.7685546875
6.649	2.7685546875
6.65	2.7685546875
6.651	2.763671875
6.652	2.7734375
6.653	2.7685546875
6.654	2.7783203125
6.655	2.7734375
6.656	2.783203125
6.657	2.783203125
6.658	2.79296875
6.659	2.802734375
6.66	2.822265625
6.661	2.822265625
6.662	2.8271484375
6.663	2.841796875
6.664	2.8466796875
6.664996	2.861328125
6.666004	2.87109375
6.667004	2.880859375
6.668004	2.8857421875
6.669004	2.8955078125
6.670004	2.900390625
6.671004	2.91015625
6.672	2.919921875
6.673	2.9345703125
6.674	2.9443359375
6.675	2.94921875
6.676	2.9638671875
6.677	2.96875
6.678	2.96875
6.679	2.98828125
6.68	2.998046875
6.681	3.0078125
6.682	2.998046875
6.683	3.0126953125
6.684	3.02734375
6.685	3.0322265625
6.686	3.037109375
6.687	3.037109375
6.688	3.0419921875
6.689	3.046875
6.69	3.0517578125
6.691	3.046875
6.692	3.0615234375
6.693	3.0517578125
6.694	3.0517578125
6.695	3.0615234375
6.696	3.056640625
6.697	3.0517578125
6.698	3.0517578125
6.699	3.0517578125
6.7	3.0517578125
6.701	3.046875
6.702	3.037109375
6.703	3.0322265625
6.704	3.0224609375
6.705	3.0224609375
6.706	3.0078125
6.706996	3.0029296875
6.708004	3.0029296875
6.709	2.9931640625
6.710004	2.978515625
6.711004	2.9736328125
6.712004	2.9638671875
6.713004	2.9541015625
6.714	2.9443359375
6.715	2.939453125
6.716	2.9248046875
6.717	2.91015625
6.718	2.91015625
6.719	2.900390625
6.72	2.880859375
6.721	2.880859375
6.722	2.87109375
6.723	2.8662109375
6.724	2.8515625
6.725	2.8515625
6.726	2.83203125
6.727	2.8271484375
6.728	2.8173828125
6.729	2.802734375
6.73	2.802734375
6.731	2.7978515625
6.732	2.7880859375
6.733	2.783203125
6.734	2.7734375
6.735	2.7734375
6.736	2.7783203125
6.737	2.7685546875
6.738	2.7685546875
6.739	2.7587890625
6.74	2.7587890625
6.741	2.763671875
6.742	2.763671875
6.743	2.7685546875
6.744	2.7685546875
6.745	2.7734375
6.746	2.7734375
6.747	2.7734375
6.748	2.783203125
6.749	2.783203125
6.750004	2.79296875
6.751	2.79296875
6.752004	2.8125
6.753004	2.8173828125
6.754004	2.8271484375
6.755004	2.8271484375
6.756004	2.8466796875
6.757	2.8466796875
6.758	2.8564453125
6.759	2.861328125
6.76	2.8759765625
6.761	2.880859375
6.762	2.890625
6.763	2.9052734375
6.764	2.91015625
6.765	2.919921875
6.766	2.9248046875
6.767	2.939453125
6.768	2.9443359375
6.769	2.958984375
6.77	2.96875
6.771	2.96875
6.772	2.9833984375
6.773	2.9931640625
6.774	3.0029296875
6.775	3.0078125
6.776	3.0126953125
6.777	3.02734375
6.778	3.0322265625
6.779	3.037109375
6.78	3.0419921875
6.781	3.046875
6.782	3.046875
6.783	3.046875
6.784	3.046875
6.785	3.056640625
6.786	3.0517578125
6.787	3.0517578125
6.788	3.0517578125
6.789	3.056640625
6.79	3.046875
6.791	3.056640625
6.792	3.0517578125
6.792996	3.0419921875
6.794004	3.0419921875
6.795004	3.0322265625
6.796004	3.02734375
6.797004	3.02734375
6.798004	3.0126953125
6.799004	3.0126953125
6.8	3.0029296875
6.801	3.0029296875
6.802	2.9931640625
6.803	2.9833984375
6.804	2.9736328125
6.805	2.9638671875
6.806	2.958984375
6.807	2.9443359375
6.808	2.939453125
6.809	2.9248046875
6.81	2.919921875
6.811	2.9052734375
6.812	2.8955078125
6.813	2.890625
6.814	2.8857421875
6.815	2.87109375
6.816	2.8662109375
6.817	2.8515625
6.818	2.8466796875
6.819	2.8466796875
6.82	2.83203125
6.821	2.822265625
6.822	2.8173828125
6.823	2.7978515625
6.824	2.7978515625
6.825	2.7978515625
6.826	2.7880859375
6.827	2.7734375
6.828	2.7734375
6.829	2.7734375
6.83	2.7734375
6.831	2.7734375
6.832	2.7685546875
6.833	2.7685546875
6.834	2.7734375
6.834996	2.7734375
6.836004	2.7734375
6.837	2.7685546875
6.838004	2.7734375
6.839004	2.7734375
6.840004	2.783203125
6.841004	2.783203125
6.842	2.7880859375
6.843	2.7978515625
6.844	2.7978515625
6.845	2.8076171875
6.846	2.8125
6.847	2.822265625
6.848	2.8369140625
6.849	2.8369140625
6.85	2.8466796875
6.851	2.861328125
6.852	2.8564453125
6.853	2.87109375
6.854	2.8857421875
6.855	2.880859375
6.856	2.900390625
6.857	2.91015625
6.858	2.9150390625
6.859	2.9296875
6.86	2.939453125
6.861	2.9443359375
6.862	2.9638671875
6.863	2.96875
6.864	2.978515625
6.865	2.9833984375
6.866	2.9931640625
6.867	3.0029296875
6.868	3.0029296875
6.869	3.017578125
6.87	3.0224609375
6.871	3.02734375
6.872	3.0322265625
6.873	3.0322265625
6.874	3.037109375
6.875	3.0419921875
6.876	3.046875
6.877	3.046875
6.878004	3.056640625
6.879	3.0517578125
6.880004	3.046875
6.881004	3.056640625
6.882004	3.056640625
6.883004	3.0517578125
6.884004	3.046875
6.885	3.0419921875
6.886	3.0419921875
6.887	3.037109375
6.888	3.037109375
6.889	3.02734375
6.89	3.017578125
6.891	3.017578125
6.892	3.0126953125
6.893	3.0029296875
6.894	2.998046875
6.895	2.9931640625
6.896	2.9833984375
6.897	2.9736328125
6.898	2.9638671875
6.899	2.9638671875
6.9	2.9541015625
6.901	2.939453125
6.902	2.9248046875
6.903	2.919921875
6.904	2.9052734375
6.905	2.9052734375
6.906	2.8955078125
6.907	2.8759765625
6.908	2.8759765625
6.909	2.861328125
6.91	2.861328125
6.911	2.8515625
6.912	2.841796875
6.913	2.83203125
6.914	2.8271484375
6.915	2.8173828125
6.916	2.8076171875
6.917	2.7978515625
6.918	2.79296875
6.919	2.7880859375
6.92	2.7880859375
6.920996	2.7783203125
6.922004	2.7734375
6.923004	2.7734375
6.924004	2.7734375
6.925004	2.7734375
6.926004	2.7734375
6.927004	2.7734375
6.928	2.7685546875
6.929	2.7734375
6.93	2.7685546875
6.931	2.7685546875
6.932	2.783203125
6.933	2.7734375
6.934	2.7880859375
6.935	2.7880859375
6.936	2.7880859375
6.937	2.802734375
6.938	2.8076171875
6.939	2.8125
6.94	2.822265625
6.941	2.8369140625
6.942	2.8466796875
6.943	2.841796875
6.944	2.8564453125
6.945	2.861328125
6.946	2.87109375
6.947	2.880859375
6.948	2.8857421875
6.949	2.900390625
6.95	2.91015625
6.951	2.919921875
6.952	2.919921875
6.953	2.9345703125
6.954	2.94921875
6.955	2.9541015625
6.956	2.96875
6.957	2.96875
6.958	2.9833984375
6.959	2.98828125
6.96	2.998046875
6.961	3.0029296875
6.962	3.0126953125
6.962996	3.017578125
6.964004	3.02734375
6.965	3.02734375
6.966004	3.0322265625
6.967004	3.02734375
6.968004	3.0419921875
6.969004	3.037109375
6.97	3.0419921875
6.971	3.046875
6.972	3.0517578125
6.973	3.0517578125
6.974	3.0517578125
6.975	3.046875
6.976	3.0517578125
6.977	3.0419921875
6.978	3.0419921875
6.979	3.0419921875
6.98	3.037109375
6.981	3.02734375
6.982	3.02734375
6.983	3.0224609375
6.984	3.017578125
6.985	3.0078125
6.986	3.0029296875
6.987	3.0029296875
6.988	2.98828125
6.989	2.9833984375
6.99	2.9736328125
6.991	2.96875
6.992	2.96875
6.993	2.94921875
6.994	2.9443359375
6.995	2.9296875
6.996	2.919921875
6.997	2.91015625
6.998	2.9052734375
6.999	2.8955078125
7.0	2.890625
7.001	2.8759765625
7.002	2.8662109375
7.003	2.8564453125
7.004	2.8515625
7.005	2.8369140625
7.006004	2.8369140625
7.007	2.8369140625
7.008004	2.8271484375
7.009004	2.8173828125
7.010004	2.802734375
7.011004	2.802734375
7.012004	2.7880859375
7.013	2.7880859375
7.014	2.783203125
7.015	2.7783203125
7.016	2.783203125
7.017	2.783203125
7.018	2.7734375
7.019	2.7734375
7.02	2.7734375
7.021	2.7734375
7.022	2.7783203125
7.023	2.7783203125
7.024	2.7734375
7.025	2.7734375
7.026	2.7783203125
7.027	2.7783203125
7.028	2.7880859375
7.029	2.7880859375
7.03	2.802734375
7.031	2.802734375
7.032	2.822265625
7.033	2.8271484375
7.034	2.8369140625
7.035	2.8369140625
7.036	2.8564453125
7.037	2.8564453125
7.038	2.861328125
7.039	2.87109375
7.04	2.880859375
7.041	2.8857421875
7.042	2.8955078125
7.043	2.9052734375
7.044	2.91015625
7.045	2.919921875
7.046	2.9345703125
7.047	2.939453125
7.048	2.9541015625
7.048996	2.94921875
7.050004	2.9736328125
7.051004	2.96875
7.052004	2.9833984375
7.053004	2.9931640625
7.054004	3.0078125
7.055004	3.0029296875
7.056	3.0126953125
7.057	3.0126953125
7.058	3.017578125
7.059	3.0224609375
7.06	3.0322265625
7.061	3.02734375
7.062	3.037109375
7.063	3.0419921875
7.064	3.0419921875
7.065	3.0517578125
7.066	3.046875
7.067	3.0517578125
7.068	3.046875
7.069	3.046875
7.07	3.037109375
7.071	3.0419921875
7.072	3.037109375
7.073	3.0322265625
7.074	3.0322265625
7.075	3.0224609375
7.076	3.0224609375
7.077	3.0126953125
7.078	3.0078125
7.079	3.0029296875
7.08	2.9931640625
7.081	2.998046875
7.082	2.978515625
7.083	2.96875
7.084	2.96875
7.085	2.958984375
7.086	2.94921875
7.087	2.9345703125
7.088	2.9345703125
7.089	2.919921875
7.09	2.9052734375
7.090996	2.900390625
7.092004	2.890625
7.093	2.8857421875
7.094004	2.87109375
7.095004	2.87109375
7.096004	2.861328125
7.097004	2.8466796875
7.098	2.841796875
7.099	2.8369140625
7.1	2.822265625
7.101	2.8369140625
7.102	2.822265625
7.103	2.8173828125
7.104	2.802734375
7.105	2.79296875
7.106	2.7880859375
7.107	2.783203125
7.108	2.783203125
7.109	2.7783203125
7.11	2.783203125
7.111	2.7783203125
7.112	2.7734375
7.113	2.7734375
7.114	2.7685546875
7.115	2.7783203125
7.116	2.7734375
7.117	2.7783203125
7.118	2.783203125
7.119	2.783203125
7.12	2.783203125
7.121	2.7978515625
7.122	2.7978515625
7.123	2.8076171875
7.124	2.802734375
7.125	2.8173828125
7.126	2.822265625
7.127	2.83203125
7.128	2.8369140625
7.129	2.8466796875
7.13	2.861328125
7.131	2.8564453125
7.132	2.8662109375
7.133	2.880859375
7.134004	2.880859375
7.135	2.8955078125
7.136004	2.900390625
7.137004	2.9052734375
7.138004	2.9248046875
7.139004	2.9296875
7.140004	2.9345703125
7.141	2.9443359375
7.142	2.958984375
7.143	2.9638671875
7.144	2.9736328125
7.145	2.9833984375
7.146	2.9833984375
7.147	2.98828125
7.148	3.0126953125
7.149	3.0078125
7.15	3.0126953125
7.151	3.0126953125
7.152	3.0224609375
7.153	3.0322265625
7.154	3.037109375
7.155	3.02734375
7.156	3.037109375
7.157	3.0419921875
7.158	3.0419921875
7.159	3.046875
7.16	3.037109375
7.161	3.0419921875
7.162	3.0419921875
7.163	3.0419921875
7.164	3.0322265625
7.165	3.0322265625
7.166	3.0224609375
7.167	3.0322265625
7.168	3.0224609375
7.169	3.0224609375
7.17	3.017578125
7.171	3.0029296875
7.172	2.998046875
7.173	2.9931640625
7.174	2.9931640625
7.175	2.978515625
7.176	2.978515625
7.176996	2.96875
7.178004	2.9638671875
7.179004	2.94921875
7.180004	2.9345703125
7.181004	2.9296875
7.182004	2.9296875
7.183004	2.9150390625
7.184	2.9052734375
7.185	2.8955078125
7.186	2.8857421875
7.187	2.8857421875
7.188	2.87109375
7.189	2.87109375
7.19	2.8564453125
7.191	2.8564453125
7.192	2.841796875
7.193	2.8466796875
7.194	2.822265625
7.195	2.8125
7.196	2.8076171875
7.197	2.802734375
7.198	2.7978515625
7.199	2.79296875
7.2	2.783203125
7.201	2.783203125
7.202	2.7783203125
7.203	2.7734375
7.204	2.7783203125
7.205	2.7734375
7.206	2.7734375
7.207	2.7783203125
7.208	2.7734375
7.209	2.7783203125
7.21	2.7685546875
7.211	2.7880859375
7.212	2.7880859375
7.213	2.7880859375
7.214	2.7978515625
7.215	2.802734375
7.216	2.802734375
7.217	2.8125
7.218	2.822265625
7.218996	2.822265625
7.220004	2.8369140625
7.221	2.83203125
7.222004	2.8515625
7.223004	2.8564453125
7.224004	2.8662109375
7.225004	2.87109375
7.226	2.8759765625
7.227	2.8857421875
7.228	2.8955078125
7.229	2.9052734375
7.23	2.9150390625
7.231	2.919921875
7.232	2.919921875
7.233	2.9443359375
7.234	2.939453125
7.235	2.94921875
7.236	2.96875
7.237	2.96875
7.238	2.978515625
7.239	2.9833984375
7.24	2.9931640625
7.241	3.0078125
7.242	3.0078125
7.243	3.0029296875
7.244	3.017578125
7.245	3.0224609375
7.246	3.02734375
7.247	3.0322265625
7.248	3.037109375
7.249	3.0322265625
7.25	3.037109375
7.251	3.037109375
7.252	3.0419921875
7.253	3.0419921875
7.254	3.037109375
7.255	3.0419921875
7.256	3.037109375
7.257	3.0322265625
7.258	3.02734375
7.259	3.02734375
7.26	3.02734375
7.261	3.0224609375
7.262004	3.0078125
7.263	3.0078125
7.264004	3.0078125
7.265004	3.0029296875
7.266004	2.9931640625
7.267004	2.98828125
7.268004	2.9833984375
7.269	2.9736328125
7.27	2.96875
7.271	2.96875
7.272	2.9541015625
7.273	2.9443359375
7.274	2.9296875
7.275	2.9248046875
7.276	2.9150390625
7.277	2.91015625
7.278	2.900390625
7.279	2.890625
7.28	2.880859375
7.281	2.8759765625
7.282	2.87109375
7.283	2.861328125
7.284	2.8466796875
7.285	2.8369140625
7.286	2.8369140625
7.287	2.822265625
7.288	2.822265625
7.289	2.8173828125
7.29	2.8173828125
7.291	2.8076171875
7.292	2.7978515625
7.293	2.7978515625
7.294	2.79296875
7.295	2.7880859375
7.296	2.7783203125
7.297	2.7783203125
7.298	2.783203125
7.299	2.783203125
7.3	2.7783203125
7.301	2.7783203125
7.302	2.7734375
7.303	2.7783203125
7.304	2.783203125
7.304996	2.783203125
7.306004	2.7783203125
7.307004	2.7978515625
7.308004	2.802734375
7.309004	2.8076171875
7.310004	2.822265625
7.311004	2.822265625
7.312	2.83203125
7.313	2.83203125
7.314	2.841796875
7.315	2.8515625
7.316	2.8564453125
7.317	2.8564453125
7.318	2.87109375
7.319	2.8759765625
7.32	2.8759765625
7.321	2.8857421875
7.322	2.9052734375
7.323	2.9052734375
7.324	2.9150390625
7.325	2.919921875
7.326	2.939453125
7.327	2.9443359375
7.328	2.958984375
7.329	2.9638671875
7.33	2.96875
7.331	2.978515625
7.332	2.9736328125
7.333	2.9931640625
7.334	3.0029296875
7.335	2.998046875
7.336	3.0078125
7.337	3.0126953125
7.338	3.017578125
7.339	3.02734375
7.34	3.0224609375
7.341	3.02734375
7.342	3.037109375
7.343	3.0322265625
7.344	3.0419921875
7.345	3.0419921875
7.346	3.0322265625
7.346996	3.0419921875
7.348004	3.0419921875
7.349	3.037109375
7.350004	3.0322265625
7.351004	3.0322265625
7.352004	3.02734375
7.353004	3.02734375
7.354	3.0224609375
7.355	3.017578125
7.356	3.0078125
7.357	3.0078125
7.358	3.0029296875
7.359	2.9931640625
7.36	2.98828125
7.361	2.978515625
7.362	2.978515625
7.363	2.9736328125
7.364	2.96875
7.365	2.958984375
7.366	2.94921875
7.367	2.9345703125
7.368	2.9248046875
7.369	2.9248046875
7.37	2.91015625
7.371	2.9052734375
7.372	2.8955078125
7.373	2.8857421875
7.374	2.8759765625
7.375	2.8662109375
7.376	2.861328125
7.377	2.8466796875
7.378	2.8515625
7.379	2.83203125
7.38	2.822265625
7.381	2.83203125
7.382	2.8271484375
7.383	2.8076171875
7.384	2.8076171875
7.385	2.802734375
7.386	2.79296875
7.387	2.7978515625
7.388	2.7880859375
7.389	2.783203125
7.390004	2.7783203125
7.391	2.7783203125
7.392004	2.783203125
7.393004	2.7783203125
7.394004	2.7880859375
7.395004	2.7783203125
7.396004	2.7783203125
7.397	2.783203125
7.398	2.7880859375
7.399	2.7880859375
7.4	2.7978515625
7.401	2.802734375
7.402	2.8076171875
7.403	2.8125
7.404	2.8173828125
7.405	2.8271484375
7.406	2.8369140625
7.407	2.8369140625
7.408	2.8515625
7.409	2.8515625
7.41	2.861328125
7.411	2.8662109375
7.412	2.87109375
7.413	2.890625
7.414	2.890625
7.415	2.8955078125
7.416	2.900390625
7.417	2.9150390625
7.418	2.919921875
7.419	2.9345703125
7.42	2.9443359375
7.421	2.9443359375
7.422	2.958984375
7.423	2.9638671875
7.424	2.978515625
7.425	2.9736328125
7.426	2.978515625
7.427	2.9931640625
7.428	3.0029296875
7.429	3.0078125
7.43	3.0126953125
7.431	3.0078125
7.432	3.017578125
7.432996	3.02734375
7.434004	3.02734375
7.435004	3.02734375
7.436004	3.0419921875
7.437004	3.0322265625
7.438004	3.0322265625
7.439004	3.0322265625
7.44	3.0419921875
7.441	3.0322265625
7.442	3.0322265625
7.443	3.0224609375
7.444	3.02734375
7.445	3.0224609375
7.446	3.02734375
7.447	3.0224609375
7.448	3.017578125
7.449	3.017578125
7.45	3.0078125
7.451	3.0029296875
7.452	2.9931640625
7.453	2.9931640625
7.454	2.9833984375
7.455	2.9736328125
7.456	2.9736328125
7.457	2.96875
7.458	2.958984375
7.459	2.939453125
7.46	2.9345703125
7.461	2.919921875
7.462	2.9150390625
7.463	2.9052734375
7.464	2.900390625
7.465	2.890625
7.466	2.8857421875
7.467	2.880859375
7.468	2.8759765625
7.469	2.861328125
7.47	2.8564453125
7.471	2.8466796875
7.472	2.8466796875
7.473	2.83203125
7.474	2.8271484375
7.474996	2.8271484375
7.476004	2.8173828125
7.477	2.8125
7.478004	2.8076171875
7.479004	2.79296875
7.480004	2.7978515625
7.481004	2.7978515625
7.482	2.79296875
7.483	2.7880859375
7.484	2.7880859375
7.485	2.783203125
7.486	2.783203125
7.487	2.7880859375
7.488	2.783203125
7.489	2.7880859375
7.49	2.783203125
7.491	2.7880859375
7.492	2.7880859375
7.493	2.802734375
7.494	2.7978515625
7.495	2.802734375
7.496	2.822265625
7.497	2.8173828125
7.498	2.8271484375
7.499	2.841796875
7.5	2.841796875
7.501	2.8515625
7.502	2.861328125
7.503	2.861328125
7.504	2.861328125
7.505	2.87109375
7.506	2.880859375
7.507	2.8857421875
7.508	2.900390625
7.509	2.91015625
7.51	2.9150390625
7.511	2.9248046875
7.512	2.9296875
7.513	2.9443359375
7.514	2.9443359375
7.515	2.9638671875
7.516	2.9638671875
7.517	2.9736328125
7.518004	2.978515625
7.519	2.98828125
7.520004	2.9833984375
7.521004	3.0029296875
7.522004	3.0078125
7.523004	3.0126953125
7.524004	3.0126953125
7.525	3.017578125
7.526	3.017578125
7.527	3.017578125
7.528	3.02734375
7.529	3.02734375
7.53	3.02734375
7.531	3.02734375
7.532	3.02734375
7.533	3.0322265625
7.534	3.02734375
7.535	3.0322265625
7.536	3.02734375
7.537	3.02734375
7.538	3.02734375
7.539	3.0224609375
7.54	3.0224609375
7.541	3.017578125
7.542	3.0078125
7.543	3.0029296875
7.544	3.0029296875
7.545	2.998046875
7.546	2.98828125
7.547	2.9736328125
7.548	2.9736328125
7.549	2.9638671875
7.55	2.958984375
7.551	2.958984375
7.552	2.94921875
7.553	2.9345703125
7.554	2.919921875
7.555	2.919921875
7.556	2.91015625
7.557	2.9052734375
7.558	2.8955078125
7.559	2.890625
7.56	2.880859375
7.560996	2.880859375
7.562004	2.8662109375
7.563004	2.8564453125
7.564004	2.841796875
7.565004	2.841796875
7.566004	2.8271484375
7.567004	2.8271484375
7.568	2.8173828125
7.569	2.8173828125
7.57	2.822265625
7.571	2.8125
7.572	2.802734375
7.573	2.7978515625
7.574	2.79296875
7.575	2.79296875
7.576	2.7880859375
7.577	2.7880859375
7.578	2.7783203125
7.579	2.783203125
7.58	2.7880859375
7.581	2.79296875
7.582	2.783203125
7.583	2.783203125
7.584	2.79296875
7.585	2.7978515625
7.586	2.8076171875
7.587	2.802734375
7.588	2.8125
7.589	2.8173828125
7.59	2.8173828125
7.591	2.8271484375
7.592	2.8369140625
7.593	2.8466796875
7.594	2.8515625
7.595	2.8564453125
7.596	2.861328125
7.597	2.8662109375
7.598	2.87109375
7.599	2.8857421875
7.6	2.8955078125
7.601	2.8955078125
7.602	2.9052734375
7.602996	2.9052734375
7.604004	2.919921875
7.605	2.9296875
7.606004	2.9345703125
7.607004	2.9443359375
7.608004	2.9541015625
7.609004	2.958984375
7.61	2.9736328125
7.611	2.96875
7.612	2.9736328125
7.613	2.9833984375
7.614	2.998046875
7.615	2.998046875
7.616	3.0078125
7.617	3.0078125
7.618	3.0126953125
7.619	3.0224609375
7.62	3.0224609375
7.621	3.0224609375
7.622	3.0322265625
7.623	3.0322265625
7.624	3.0322265625
7.625	3.02734375
7.626	3.0322265625
7.627	3.02734375
7.628	3.0224609375
7.629	3.02734375
7.63	3.02734375
7.631	3.0322265625
7.632	3.0224609375
7.633	3.017578125
7.634	3.0126953125
7.635	3.0078125
7.636	3.0078125
7.637	3.0029296875
7.638	3.0029296875
7.639	2.9931640625
7.64	2.978515625
7.641	2.978515625
7.642	2.96875
7.643	2.958984375
7.644	2.9541015625
7.645	2.94921875
7.646004	2.9443359375
7.647	2.9296875
7.648004	2.9296875
7.649004	2.91015625
7.650004	2.91015625
7.651004	2.9052734375
7.652004	2.8857421875
7.653	2.8857421875
7.654	2.8759765625
7.655	2.8662109375
7.656	2.861328125
7.657	2.8515625
7.658	2.8466796875
7.659	2.841796875
7.66	2.841796875
7.661	2.8369140625
7.662	2.8173828125
7.663	2.8076171875
7.664	2.8076171875
7.665	2.8076171875
7.666	2.802734375
7.667	2.802734375
7.668	2.79296875
7.669	2.79296875
7.67	2.79296875
7.671	2.79296875
7.672	2.783203125
7.673	2.79296875
7.674	2.7880859375
7.675	2.79296875
7.676	2.79296875
7.677	2.7978515625
7.678	2.79296875
7.679	2.802734375
7.68	2.8125
7.681	2.8076171875
7.682	2.8173828125
7.683	2.822265625
7.684	2.8271484375
7.685	2.8369140625
7.686	2.8466796875
7.687	2.841796875
7.688	2.8466796875
7.688996	2.8564453125
7.690004	2.8759765625
7.691004	2.8759765625
7.692004	2.8857421875
7.693004	2.890625
7.694004	2.8955078125
7.695004	2.900390625
7.696	2.9052734375
7.697	2.9150390625
7.698	2.9248046875
7.699	2.939453125
7.7	2.939453125
7.701	2.94921875
7.702	2.9541015625
7.703	2.96875
7.704	2.96875
7.705	2.978515625
7.706	2.98828125
7.707	2.9833984375
7.708	2.998046875
7.709	3.0029296875
7.71	3.0078125
7.711	3.017578125
7.712	3.0126953125
7.713	3.0224609375
7.714	3.02734375
7.715	3.0224609375
7.716	3.02734375
7.717	3.02734375
7.718	3.037109375
7.719	3.0322265625
7.72	3.02734375
7.721	3.02734375
7.722	3.0224609375
7.723	3.017578125
7.724	3.0224609375
7.725	3.0224609375
7.726	3.017578125
7.727	3.0126953125
7.728	3.0078125
7.729	2.998046875
7.73	2.998046875
7.730996	2.998046875
7.732004	2.978515625
7.733	2.9833984375
7.734004	2.978515625
7.735004	2.9736328125
7.736004	2.9638671875
7.737004	2.9541015625
7.738	2.9541015625
7.739	2.939453125
7.74	2.9248046875
7.741	2.9248046875
7.742	2.9150390625
7.743	2.91015625
7.744	2.9052734375
7.745	2.890625
7.746	2.880859375
7.747	2.880859375
7.748	2.8662109375
7.749	2.87109375
7.75	2.8515625
7.751	2.8564453125
7.752	2.8369140625
7.753	2.8369140625
7.754	2.8271484375
7.755	2.83203125
7.756	2.822265625
7.757	2.8173828125
7.758	2.8125
7.759	2.8076171875
7.76	2.802734375
7.761	2.7978515625
7.762	2.79296875
7.763	2.79296875
7.764	2.7978515625
7.765	2.79296875
7.766	2.79296875
7.767	2.79296875
7.768	2.79296875
7.769	2.79296875
7.77	2.7978515625
7.771	2.802734375
7.772	2.7978515625
7.773	2.8125
7.774004	2.8173828125
7.775	2.822265625
7.776004	2.8173828125
7.777004	2.83203125
7.778004	2.8369140625
7.779004	2.841796875
7.780004	2.8564453125
7.781	2.8564453125
7.782	2.8564453125
7.783	2.87109375
7.784	2.87109375
7.785	2.8857421875
7.786	2.880859375
7.787	2.8955078125
7.788	2.9052734375
7.789	2.900390625
7.79	2.9150390625
7.791	2.9248046875
7.792	2.9296875
7.793	2.939453125
7.794	2.9541015625
7.795	2.958984375
7.796	2.96875
7.797	2.978515625
7.798	2.9833984375
7.799	2.9833984375
7.8	2.9931640625
7.801	3.0029296875
7.802	3.0029296875
7.803	3.0078125
7.804	3.0078125
7.805	3.0126953125
7.806	3.017578125
7.807	3.0224609375
7.808	3.0224609375
7.809	3.02734375
7.81	3.0224609375
7.811	3.02734375
7.812	3.02734375
7.813	3.02734375
7.814	3.0224609375
7.815	3.0224609375
7.816	3.0224609375
7.816996	3.0224609375
7.818004	3.017578125
7.819004	3.0224609375
7.820004	3.0078125
7.821004	3.0078125
7.822004	3.0078125
7.823004	3.0029296875
7.824	2.98828125
7.825	2.9931640625
7.826	2.9833984375
7.827	2.978515625
7.828	2.96875
7.829	2.96875
7.83	2.958984375
7.831	2.9541015625
7.832	2.939453125
7.833	2.9248046875
7.834	2.919921875
7.835	2.9150390625
7.836	2.9052734375
7.837	2.9052734375
7.838	2.8857421875
7.839	2.8857421875
7.84	2.8759765625
7.841	2.8662109375
7.842	2.87109375
7.843	2.8564453125
7.844	2.8515625
7.845	2.8466796875
7.846	2.8369140625
7.847	2.822265625
7.848	2.8173828125
7.849	2.8271484375
7.85	2.822265625
7.851	2.8076171875
7.852	2.8125
7.853	2.8076171875
7.854	2.802734375
7.855	2.802734375
7.856	2.7978515625
7.857	2.7880859375
7.858	2.7978515625
7.858996	2.7978515625
7.860004	2.79296875
7.861	2.7978515625
7.862004	2.7978515625
7.863004	2.7978515625
7.864004	2.8076171875
7.865004	2.8076171875
7.866	2.8125
7.867	2.8173828125
7.868	2.8173828125
7.869	2.8271484375
7.87	2.8271484375
7.871	2.8369140625
7.872	2.8369140625
7.873	2.8466796875
7.874	2.8564453125
7.875	2.8662109375
7.876	2.861328125
7.877	2.8759765625
7.878	2.880859375
7.879	2.890625
7.88	2.8955078125
7.881	2.8955078125
7.882	2.9052734375
7.883	2.9150390625
7.884	2.9248046875
7.885	2.9296875
7.886	2.9345703125
7.887	2.94921875
7.888	2.9541015625
7.889	2.958984375
7.89	2.9638671875
7.891	2.9736328125
7.892	2.9833984375
7.893	2.98828125
7.894	2.9833984375
7.895	2.9931640625
7.896	3.0029296875
7.897	3.0126953125
7.898	3.0029296875
7.899	3.0078125
7.9	3.017578125
7.901	3.0224609375
7.902004	3.0224609375
7.903	3.02734375
7.904004	3.0224609375
7.905004	3.02734375
7.906004	3.02734375
7.907004	3.02734375
7.908004	3.0224609375
7.909	3.0224609375
7.91	3.0224609375
7.911	3.017578125
7.912	3.0078125
7.913	3.0029296875
7.914	3.0078125
7.915	2.9931640625
7.916	2.998046875
7.917	2.98828125
7.918	2.9833984375
7.919	2.9833984375
7.92	2.96875
7.921	2.9736328125
7.922	2.9541015625
7.923	2.9541015625
7.924	2.94921875
7.925	2.939453125
7.926	2.9345703125
7.927	2.919921875
7.928	2.919921875
7.929	2.91015625
7.93	2.9052734375
7.931	2.890625
7.932	2.8857421875
7.933	2.8759765625
7.934	2.8662109375
7.935	2.87109375
7.936	2.8564453125
7.937	2.8515625
7.938	2.8466796875
7.939	2.83203125
7.94	2.83203125
7.941	2.8271484375
7.942	2.822265625
7.943	2.8173828125
7.944	2.822265625
7.944996	2.8125
7.946004	2.802734375
7.947004	2.802734375
7.948004	2.802734375
7.949004	2.802734375
7.950004	2.7978515625
7.951004	2.802734375
7.952	2.7978515625
7.953	2.7978515625
7.954	2.79296875
7.955	2.79296875
7.956	2.7978515625
7.957	2.802734375
7.958	2.8076171875
7.959	2.8125
7.96	2.8125
7.961	2.822265625
7.962	2.822265625
7.963	2.8369140625
7.964	2.841796875
7.965	2.841796875
7.966	2.8564453125
7.967	2.8564453125
7.968	2.8662109375
7.969	2.87109375
7.97	2.8662109375
7.971	2.8759765625
7.972	2.880859375
7.973	2.8955078125
7.974	2.900390625
7.975	2.9052734375
7.976	2.9150390625
7.977	2.9248046875
7.978	2.9296875
7.979	2.9443359375
7.98	2.9443359375
7.981	2.9541015625
7.982	2.958984375
7.983	2.96875
7.984	2.9736328125
7.985	2.978515625
7.986	2.98828125
7.986996	2.9931640625
7.988004	2.9931640625
7.989	3.0029296875
7.990004	3.0078125
7.991004	3.0029296875
7.992004	3.0078125
7.993004	3.017578125
7.994	3.017578125
7.995	3.0224609375
7.996	3.017578125
7.997	3.0224609375
7.998	3.02734375
7.999	3.0224609375
8.0	3.0224609375
8.001	3.0126953125
8.002	3.017578125
8.003	3.017578125
8.004	3.017578125
8.005	3.0078125
8.006	3.0126953125
8.007	3.0029296875
8.008	2.998046875
8.009	2.998046875
8.01	2.98828125
8.011	2.9931640625
8.012	2.978515625
8.013	2.9736328125
8.014	2.978515625
8.015	2.9638671875
8.016	2.94921875
8.017	2.9443359375
8.018	2.9345703125
8.019	2.9296875
8.02	2.9296875
8.021	2.9248046875
8.022	2.9052734375
8.023	2.8955078125
8.024	2.8955078125
8.025	2.8857421875
8.026	2.880859375
8.027	2.87109375
8.028	2.87109375
8.029	2.8564453125
8.030004	2.8564453125
8.031	2.8515625
8.032004	2.8369140625
8.033004	2.8369140625
8.034004	2.8271484375
8.035004	2.822265625
8.036004	2.8271484375
8.037	2.822265625
8.038	2.8125
8.039	2.8076171875
8.04	2.802734375
8.041	2.802734375
8.042	2.802734375
8.043	2.802734375
8.044	2.7978515625
8.045	2.7978515625
8.046	2.7978515625
8.047	2.802734375
8.048	2.802734375
8.049	2.7978515625
8.05	2.8076171875
8.051	2.8125
8.052	2.8125
8.053	2.8173828125
8.054	2.822265625
8.055	2.822265625
8.056	2.8271484375
8.057	2.841796875
8.058	2.8466796875
8.059	2.8515625
8.06	2.861328125
8.061	2.861328125
8.062	2.8564453125
8.063	2.8759765625
8.064	2.880859375
8.065	2.890625
8.066	2.890625
8.067	2.9052734375
8.068	2.9150390625
8.069	2.9150390625
8.07	2.919921875
8.071	2.9345703125
8.072	2.9248046875
8.072996	2.9345703125
8.074004	2.9541015625
8.075004	2.9638671875
8.076004	2.96875
8.077004	2.96875
8.078004	2.9833984375
8.079004	2.9833984375
8.08	2.98828125
8.081	2.98828125
8.082	2.998046875
8.083	3.0029296875
8.084	3.017578125
8.085	3.0078125
8.086	3.0029296875
8.087	3.017578125
8.088	3.017578125
8.089	3.0224609375
8.09	3.0224609375
8.091	3.017578125
8.092	3.0224609375
8.093	3.017578125
8.094	3.017578125
8.095	3.017578125
8.096	3.017578125
8.097	3.017578125
8.098	3.0078125
8.099	3.0078125
8.1	3.0078125
8.101	3.0078125
8.102	2.9931640625
8.103	2.98828125
8.104	2.98828125
8.105	2.978515625
8.106	2.9736328125
8.107	2.96875
8.108	2.9638671875
8.109	2.958984375
8.11	2.9443359375
8.111	2.939453125
8.112	2.9345703125
8.113	2.919921875
8.114	2.9150390625
8.114996	2.9052734375
8.116004	2.9052734375
8.117	2.8955078125
8.118004	2.8857421875
8.119004	2.8857421875
8.120004	2.8759765625
8.121004	2.8662109375
8.122	2.861328125
8.123	2.861328125
8.124	2.8466796875
8.125	2.841796875
8.126	2.841796875
8.127	2.8466796875
8.128	2.83203125
8.129	2.8369140625
8.13	2.8173828125
8.131	2.8125
8.132	2.8125
8.133	2.8125
8.134	2.802734375
8.135	2.8076171875
8.136	2.7978515625
8.137	2.79296875
8.138	2.7978515625
8.139	2.802734375
8.14	2.802734375
8.141	2.7978515625
8.142	2.8076171875
8.143	2.8076171875
8.144	2.8125
8.145	2.8125
8.146	2.822265625
8.147	2.822265625
8.148	2.822265625
8.149	2.8369140625
8.15	2.841796875
8.151	2.8466796875
8.152	2.8515625
8.153	2.8564453125
8.154	2.861328125
8.155	2.861328125
8.156	2.87109375
8.157	2.87109375
8.158004	2.890625
8.159	2.890625
8.160004	2.900390625
8.161004	2.9052734375
8.162004	2.91015625
8.163004	2.9248046875
8.164004	2.9248046875
8.165	2.9345703125
8.166	2.939453125
8.167	2.9443359375
8.168	2.9638671875
8.169	2.9638671875
8.17	2.96875
8.171	2.96875
8.172	2.978515625
8.173	2.9833984375
8.174	2.9931640625
8.175	2.9931640625
8.176	2.998046875
8.177	3.0078125
8.178	3.0078125
8.179	3.017578125
8.18	3.017578125
8.181	3.017578125
8.182	3.017578125
8.183	3.017578125
8.184	3.0224609375
8.185	3.0126953125
8.186	3.0126953125
8.187	3.0126953125
8.188	3.017578125
8.189	3.0126953125
8.19	3.0126953125
8.191	3.0029296875
8.192	3.0078125
8.193	3.0078125
8.194	3.0029296875
8.195	2.998046875
8.196	2.98828125
8.197	2.9833984375
8.198	2.9833984375
8.199	2.9736328125
8.2	2.96875
8.200996	2.96875
8.202004	2.9541015625
8.203004	2.9541015625
8.204004	2.9443359375
8.205004	2.9345703125
8.206004	2.9248046875
8.207004	2.919921875
8.208	2.9052734375
8.209	2.91015625
8.21	2.900390625
8.211	2.890625
8.212	2.8857421875
8.213	2.8759765625
8.214	2.8759765625
8.215	2.8662109375
8.216	2.861328125
8.217	2.8515625
8.218	2.8515625
8.219	2.8466796875
8.22	2.8369140625
8.221	2.83203125
8.222	2.822265625
8.223	2.822265625
8.224	2.8125
8.225	2.8076171875
8.226	2.8173828125
8.227	2.8125
8.228	2.8076171875
8.229	2.802734375
8.23	2.802734375
8.231	2.8076171875
8.232	2.7978515625
8.233	2.802734375
8.234	2.802734375
8.235	2.8076171875
8.236	2.8076171875
8.237	2.8173828125
8.238	2.8173828125
8.239	2.8173828125
8.24	2.822265625
8.241	2.8271484375
8.242	2.8369140625
8.242996	2.841796875
8.244004	2.841796875
8.245	2.841796875
8.246004	2.861328125
8.247004	2.8662109375
8.248004	2.861328125
8.249004	2.8759765625
8.25	2.8759765625
8.251	2.8857421875
8.252	2.8955078125
8.253	2.8955078125
8.254	2.91015625
8.255	2.9052734375
8.256	2.9248046875
8.257	2.9248046875
8.258	2.9296875
8.259	2.9443359375
8.26	2.9443359375
8.261	2.958984375
8.262	2.9638671875
8.263	2.96875
8.264	2.96875
8.265	2.9833984375
8.266	2.978515625
8.267	2.9931640625
8.268	2.9931640625
8.269	3.0029296875
8.27	3.0078125
8.271	3.0078125
8.272	3.0078125
8.273	3.0126953125
8.274	3.0126953125
8.275	3.0126953125
8.276	3.0126953125
8.277	3.0126953125
8.278	3.0224609375
8.279	3.017578125
8.28	3.0126953125
8.281	3.0126953125
8.282	3.0126953125
8.283	3.0078125
8.284	3.0126953125
8.285	3.0078125
8.286004	3.0029296875
8.287	2.9931640625
8.288004	2.9931640625
8.289004	2.98828125
8.290004	2.9833984375
8.291004	2.978515625
8.292004	2.978515625
8.293	2.9736328125
8.294	2.958984375
8.295	2.958984375
8.296	2.9541015625
8.297	2.9443359375
8.298	2.939453125
8.299	2.9296875
8.3	2.9248046875
8.301	2.91015625
8.302	2.91015625
8.303	2.900390625
8.304	2.8857421875
8.305	2.8759765625
8.306	2.8857421875
8.307	2.8759765625
8.308	2.87109375
8.309	2.8564453125
8.31	2.8564453125
8.311	2.8466796875
8.312	2.841796875
8.313	2.8466796875
8.314	2.83203125
8.315	2.822265625
8.316	2.8271484375
8.317	2.8173828125
8.318	2.8125
8.319	2.8173828125
8.32	2.822265625
8.321	2.802734375
8.322	2.802734375
8.323	2.8076171875
8.324	2.7978515625
8.325	2.802734375
8.326	2.8076171875
8.327	2.8076171875
8.328	2.8076171875
8.328996	2.8173828125
8.330004	2.8173828125
8.331004	2.822265625
8.332004	2.822265625
8.333004	2.8271484375
8.334004	2.83203125
8.335004	2.83203125
8.336	2.8466796875
8.337	2.8515625
8.338	2.8466796875
8.339	2.8515625
8.34	2.861328125
8.341	2.8662109375
8.342	2.8662109375
8.343	2.8759765625
8.344	2.8857421875
8.345	2.890625
8.346	2.900390625
8.347	2.9052734375
8.348	2.91015625
8.349	2.9150390625
8.35	2.919921875
8.351	2.9296875
8.352	2.9443359375
8.353	2.9443359375
8.354	2.9541015625
8.355	2.9541015625
8.356	2.9638671875
8.357	2.96875
8.358	2.978515625
8.359	2.9736328125
8.36	2.98828125
8.361	2.9833984375
8.362	3.0029296875
8.363	3.0078125
8.364	3.0029296875
8.365	3.0126953125
8.366	3.0029296875
8.367	3.0126953125
8.368	3.0126953125
8.369	3.0126953125
8.37	3.0126953125
8.370996	3.017578125
8.372004	3.017578125
8.373	3.017578125
8.374004	3.0078125
8.375004	3.0126953125
8.376004	3.0078125
8.377004	3.0029296875
8.378	3.0078125
8.379	3.0029296875
8.38	3.0029296875
8.381	2.9931640625
8.382	2.98828125
8.383	2.9833984375
8.384	2.978515625
8.385	2.978515625
8.386	2.9736328125
8.387	2.9638671875
8.388	2.9638671875
8.389	2.9541015625
8.39	2.9443359375
8.391	2.9296875
8.392	2.9296875
8.393	2.919921875
8.394	2.91015625
8.395	2.9150390625
8.396	2.9052734375
8.397	2.8955078125
8.398	2.880859375
8.399	2.8857421875
8.4	2.8759765625
8.401	2.87109375
8.402	2.861328125
8.403	2.8515625
8.404	2.841796875
8.405	2.8466796875
8.406	2.8369140625
8.407	2.8369140625
8.408	2.8271484375
8.409	2.8173828125
8.41	2.8271484375
8.411	2.8271484375
8.412	2.8125
8.413	2.8076171875
8.414004	2.8076171875
8.415	2.8076171875
8.416004	2.8125
8.417004	2.8076171875
8.418004	2.802734375
8.419004	2.8076171875
8.420004	2.8076171875
8.421	2.8125
8.422	2.8076171875
8.423	2.822265625
8.424	2.8173828125
8.425	2.8271484375
8.426	2.8271484375
8.427	2.8369140625
8.428	2.83203125
8.429	2.8466796875
8.43	2.8466796875
8.431	2.8564453125
8.432	2.861328125
8.433	2.861328125
8.434	2.87109375
8.435	2.8759765625
8.436	2.8857421875
8.437	2.8857421875
8.438	2.8857421875
8.439	2.890625
8.44	2.900390625
8.441	2.91015625
8.442	2.91015625
8.443	2.919921875
8.444	2.9296875
8.445	2.939453125
8.446	2.94921875
8.447	2.94921875
8.448	2.9638671875
8.449	2.96875
8.45	2.96875
8.451	2.978515625
8.452	2.9833984375
8.453	2.9833984375
8.454	2.9931640625
8.455	2.998046875
8.456	2.9931640625
8.456996	3.0029296875
8.458004	3.0029296875
8.459004	3.017578125
8.460004	3.017578125
8.461004	3.0078125
8.462004	3.0126953125
8.463004	3.0078125
8.464	3.0078125
8.465	3.0126953125
8.466	3.0126953125
8.467	3.0126953125
8.468	3.0126953125
8.469	3.0029296875
8.47	3.0029296875
8.471	3.0078125
8.472	3.0029296875
8.473	3.0029296875
8.474	2.9931640625
8.475	2.9931640625
8.476	2.98828125
8.477	2.978515625
8.478	2.96875
8.479	2.96875
8.48	2.9541015625
8.481	2.958984375
8.482	2.94921875
8.483	2.9443359375
8.484	2.9345703125
8.485	2.9296875
8.486	2.9248046875
8.487	2.9150390625
8.488	2.91015625
8.489	2.9052734375
8.49	2.900390625
8.491	2.890625
8.492	2.880859375
8.493	2.87109375
8.494	2.87109375
8.495	2.861328125
8.496	2.861328125
8.497	2.8515625
8.498	2.8466796875
8.498996	2.841796875
8.500004	2.841796875
8.501	2.8271484375
8.502004	2.8369140625
8.503004	2.8271484375
8.504004	2.8125
8.505004	2.8076171875
8.506	2.8076171875
8.507	2.8125
8.508	2.8076171875
8.509	2.8125
8.51	2.8076171875
8.511	2.8076171875
8.512	2.8125
8.513	2.8125
8.514	2.8125
8.515	2.8173828125
8.516	2.8125
8.517	2.8173828125
8.518	2.822265625
8.519	2.83203125
8.52	2.83203125
8.521	2.83203125
8.522	2.8466796875
8.523	2.8369140625
8.524	2.8515625
8.525	2.8564453125
8.526	2.861328125
8.527	2.87109375
8.528	2.87109375
8.529	2.8759765625
8.53	2.880859375
8.531	2.880859375
8.532	2.8955078125
8.533	2.9052734375
8.534	2.900390625
8.535	2.9150390625
8.536	2.919921875
8.537	2.9296875
8.538	2.9345703125
8.539	2.939453125
8.54	2.9541015625
8.541	2.958984375
8.542004	2.96875
8.543	2.96875
8.544004	2.96875
8.545004	2.9833984375
8.546004	2.9833984375
8.547004	2.98828125
8.548004	2.98828125
8.549	2.998046875
8.55	3.0078125
8.551	3.0078125
8.552	3.0078125
8.553	3.0029296875
8.554	3.0126953125
8.555	3.0029296875
8.556	3.017578125
8.557	3.0126953125
8.558	3.0126953125
8.559	3.017578125
8.56	3.0078125
8.561	3.0126953125
8.562	3.0126953125
8.563	3.0029296875
8.564	3.0029296875
8.565	2.998046875
8.566	2.998046875
8.567	2.9931640625
8.568	2.9931640625
8.569	2.978515625
8.57	2.978515625
8.571	2.96875
8.572	2.96875
8.573	2.9541015625
8.574	2.9541015625
8.575	2.9541015625
8.576	2.9443359375
8.577	2.9345703125
8.578	2.9345703125
8.579	2.9296875
8.58	2.9150390625
8.581	2.91015625
8.582	2.900390625
8.583	2.900390625
8.584	2.890625
8.584996	2.8857421875
8.586004	2.8662109375
8.587004	2.87109375
8.588004	2.87109375
8.589004	2.861328125
8.590004	2.8564453125
8.591004	2.8515625
8.592	2.8466796875
8.593	2.8369140625
8.594	2.83203125
8.595	2.8271484375
8.596	2.822265625
8.597	2.8271484375
8.598	2.8125
8.599	2.8173828125
8.6	2.8173828125
8.601	2.8173828125
8.602	2.8125
8.603	2.8125
8.604	2.8125
8.605	2.8076171875
8.606	2.8125
8.607	2.8125
8.608	2.822265625
8.609	2.8173828125
8.61	2.822265625
8.611	2.8271484375
8.612	2.8271484375
8.613	2.8369140625
8.614	2.83203125
8.615	2.8369140625
8.616	2.8515625
8.617	2.8466796875
8.618	2.8515625
8.619	2.861328125
8.62	2.8662109375
8.621	2.87109375
8.622	2.8759765625
8.623	2.880859375
8.624	2.8857421875
8.625	2.8955078125
8.626	2.900390625
8.626996	2.900390625
8.628004	2.9052734375
8.629	2.919921875
8.630004	2.9248046875
8.631004	2.9345703125
8.632004	2.9443359375
8.633004	2.9443359375
8.634	2.94921875
8.635	2.958984375
8.636	2.9638671875
8.637	2.9736328125
8.638	2.9736328125
8.639	2.9833984375
8.64	2.98828125
8.641	2.98828125
8.642	2.98828125
8.643	2.998046875
8.644	3.0029296875
8.645	3.0078125
8.646	3.0029296875
8.647	3.0078125
8.648	3.0126953125
8.649	3.0126953125
8.65	3.0078125
8.651	3.0078125
8.652	3.0126953125
8.653	3.0126953125
8.654	3.0029296875
8.655	3.0126953125
8.656	3.0078125
8.657	3.0029296875
8.658	2.998046875
8.659	2.998046875
8.66	2.98828125
8.661	2.98828125
8.662	2.9833984375
8.663	2.978515625
8.664	2.96875
8.665	2.96875
8.666	2.96875
8.667	2.9443359375
8.668	2.94921875
8.669	2.9443359375
8.670004	2.939453125
8.671	2.9248046875
8.672004	2.919921875
8.673004	2.9150390625
8.674004	2.91015625
8.675004	2.900390625
8.676004	2.890625
8.677	2.8955078125
8.678	2.880859375
8.679	2.87109375
8.68	2.8759765625
8.681	2.8662109375
8.682	2.861328125
8.683	2.8564453125
8.684	2.8515625
8.685	2.8466796875
8.686	2.841796875
8.687	2.8369140625
8.688	2.8369140625
8.689	2.8369140625
8.69	2.822265625
8.691	2.822265625
8.692	2.822265625
8.693	2.822265625
8.694	2.8125
8.695	2.822265625
8.696	2.822265625
8.697	2.8173828125
8.698	2.822265625
8.699	2.822265625
8.7	2.8173828125
8.701	2.8173828125
8.702	2.822265625
8.703	2.822265625
8.704	2.822265625
8.705	2.8271484375
8.706	2.8369140625
8.707	2.8369140625
8.708	2.8466796875
8.709	2.8466796875
8.71	2.8515625
8.711	2.861328125
8.712	2.861328125
8.712996	2.87109375
8.714004	2.8759765625
8.715004	2.8759765625
8.716004	2.8857421875
8.717004	2.8857421875
8.718004	2.8955078125
8.719004	2.8955078125
8.72	2.9052734375
8.721	2.9052734375
8.722	2.9150390625
8.723	2.9248046875
8.724	2.9345703125
8.725	2.9345703125
8.726	2.94921875
8.727	2.9541015625
8.728	2.96875
8.729	2.9638671875
8.73	2.9736328125
8.731	2.9736328125
8.732	2.978515625
8.733	2.98828125
8.734	2.9931640625
8.735	2.9931640625
8.736	3.0029296875
8.737	3.0029296875
8.738	2.998046875
8.739	3.0078125
8.74	3.0078125
8.741	3.0078125
8.742	3.017578125
8.743	3.017578125
8.744	3.0126953125
8.745	3.0078125
8.746	3.0078125
8.747	3.0029296875
8.748	3.0078125
8.749	3.0029296875
8.75	3.0078125
8.751	2.9931640625
8.752	2.9931640625
8.753	2.98828125
8.754	2.98828125
8.754996	2.9833984375
8.756004	2.978515625
8.757	2.9736328125
8.758004	2.96875
8.759004	2.9638671875
8.760004	2.958984375
8.761004	2.94921875
8.762	2.939453125
8.763	2.939453125
8.764	2.9345703125
8.765	2.9248046875
8.766	2.919921875
8.767	2.900390625
8.768	2.900390625
8.769	2.8955078125
8.77	2.8955078125
8.771	2.8857421875
8.772	2.880859375
8.773	2.8662109375
8.774	2.87109375
8.775	2.861328125
8.776	2.861328125
8.777	2.8564453125
8.778	2.8466796875
8.779	2.8369140625
8.78	2.8271484375
8.781	2.841796875
8.782	2.8271484375
8.783	2.8271484375
8.784	2.822265625
8.785	2.8173828125
8.786	2.822265625
8.787	2.8173828125
8.788	2.8173828125
8.789	2.8076171875
8.79	2.822265625
8.791	2.8173828125
8.792	2.8125
8.793	2.8173828125
8.794	2.8173828125
8.795	2.8173828125
8.796	2.822265625
8.797	2.822265625
8.798004	2.8271484375
8.799	2.8271484375
8.800004	2.841796875
8.801004	2.8466796875
8.802004	2.8466796875
8.803004	2.8564453125
8.804004	2.8564453125
8.805	2.861328125
8.806	2.87109375
8.807	2.87109375
8.808	2.8759765625
8.809	2.880859375
8.81	2.880859375
8.811	2.900390625
8.812	2.8955078125
8.813	2.900390625
8.814	2.9150390625
8.815	2.9150390625
8.816	2.9296875
8.817	2.9248046875
8.818	2.9443359375
8.819	2.94921875
8.82	2.9541015625
8.821	2.958984375
8.822	2.9638671875
8.823	2.96875
8.824	2.9736328125
8.825	2.9833984375
8.826	2.9833984375
8.827	2.98828125
8.828	2.998046875
8.829	2.9931640625
8.83	2.998046875
8.831	3.0029296875
8.832	3.0029296875
8.833	2.998046875
8.834	3.0126953125
8.835	3.0029296875
8.836	3.0029296875
8.837	3.0078125
8.838	3.0078125
8.839	3.0029296875
8.84	3.0078125
8.840996	3.0078125
8.842004	3.0029296875
8.843004	3.0029296875
8.844004	3.0029296875
8.845004	2.9931640625
8.846004	2.98828125
8.847004	2.9833984375
8.848	2.9833984375
8.849	2.978515625
8.85	2.9736328125
8.851	2.96875
8.852	2.9638671875
8.853	2.9541015625
8.854	2.9541015625
8.855	2.9345703125
8.856	2.939453125
8.857	2.9345703125
8.858	2.9248046875
8.859	2.919921875
8.86	2.9150390625
8.861	2.9052734375
8.862	2.9052734375
8.863	2.890625
8.864	2.8857421875
8.865	2.8857421875
8.866	2.87109375
8.867	2.8759765625
8.868	2.8662109375
8.869	2.861328125
8.87	2.8515625
8.871	2.8466796875
8.872	2.841796875
8.873	2.8369140625
8.874	2.8369140625
8.875	2.83203125
8.876	2.822265625
8.877	2.8125
8.878	2.822265625
8.879	2.822265625
8.88	2.822265625
8.881	2.8173828125
8.882	2.8125
8.882996	2.822265625
8.884004	2.8173828125
8.885	2.822265625
8.886004	2.8173828125
8.887004	2.822265625
8.888004	2.822265625
8.889004	2.8271484375
8.89	2.8271484375
8.891	2.8369140625
8.892	2.8369140625
8.893	2.841796875
8.894	2.8466796875
8.895	2.8564453125
8.896	2.8515625
8.897	2.861328125
8.898	2.8564453125
8.899	2.861328125
8.9	2.87109375
8.901	2.8759765625
8.902	2.8857421875
8.903	2.8857421875
8.904	2.8955078125
8.905	2.8955078125
8.906	2.9052734375
8.907	2.91015625
8.908	2.9248046875
8.909	2.9248046875
8.91	2.9296875
8.911	2.939453125
8.912	2.9443359375
8.913	2.94921875
8.914	2.9541015625
8.915	2.9638671875
8.916	2.9736328125
8.917	2.9736328125
8.918	2.9736328125
8.919	2.978515625
8.92	2.978515625
8.921	2.9833984375
8.922	2.98828125
8.923	2.998046875
8.924	3.0029296875
8.925	2.9931640625
8.926004	3.0029296875
8.927	3.0078125
8.928004	3.0126953125
8.929004	3.0029296875
8.930004	3.0078125
8.931004	3.0078125
8.932004	2.998046875
8.933	3.0029296875
8.934	2.998046875
8.935	3.0029296875
8.936	2.998046875
8.937	2.998046875
8.938	2.98828125
8.939	2.9931640625
8.94	2.978515625
8.941	2.9833984375
8.942	2.978515625
8.943	2.978515625
8.944	2.96875
8.945	2.9638671875
8.946	2.9638671875
8.947	2.94921875
8.948	2.94921875
8.949	2.9345703125
8.95	2.9345703125
8.951	2.9296875
8.952	2.919921875
8.953	2.9150390625
8.954	2.900390625
8.955	2.900390625
8.956	2.8955078125
8.957	2.890625
8.958	2.8857421875
8.959	2.880859375
8.96	2.87109375
8.961	2.8662109375
8.962	2.8662109375
8.963	2.8564453125
8.964	2.8466796875
8.965	2.8466796875
8.966	2.8369140625
8.967	2.841796875
8.968	2.8369140625
8.968996	2.83203125
8.970004	2.8271484375
8.971004	2.8173828125
8.972004	2.8271484375
8.973004	2.8173828125
8.974004	2.822265625
8.975004	2.8173828125
8.976	2.8173828125
8.977	2.822265625
8.978	2.822265625
8.979	2.8271484375
8.98	2.8173828125
8.981	2.8271484375
8.982	2.8271484375
8.983	2.8369140625
8.984	2.8369140625
8.985	2.83203125
8.986	2.841796875
8.987	2.8466796875
8.988	2.8515625
8.989	2.8564453125
8.99	2.8564453125
8.991	2.8662109375
8.992	2.8662109375
8.993	2.8759765625
8.994	2.880859375
8.995	2.880859375
8.996	2.880859375
8.997	2.900390625
8.998	2.9052734375
8.999	2.91015625
9.0	2.9052734375
9.001	2.919921875
9.002	2.9248046875
9.003	2.9296875
9.004	2.9345703125
9.005	2.9443359375
9.006	2.958984375
9.007	2.958984375
9.008	2.958984375
9.009	2.9736328125
9.01	2.96875
9.010996	2.96875
9.012004	2.98828125
9.013	2.978515625
9.014004	2.98828125
9.015004	2.98828125
9.016004	2.998046875
9.017004	2.9931640625
9.018	2.9931640625
9.019	3.0029296875
9.02	3.0029296875
9.021	3.0078125
9.022	3.0126953125
9.023	3.0029296875
9.024	3.0078125
9.025	3.0078125
9.026	3.0029296875
9.027	2.998046875
9.028	2.998046875
9.029	2.9931640625
9.03	2.9931640625
9.031	2.98828125
9.032	2.9833984375
9.033	2.978515625
9.034	2.9833984375
9.035	2.9736328125
9.036	2.9736328125
9.037	2.9638671875
9.038	2.958984375
9.039	2.958984375
9.04	2.9541015625
9.041	2.9443359375
9.042	2.939453125
9.043	2.9345703125
9.044	2.9296875
9.045	2.9248046875
9.046	2.919921875
9.047	2.9052734375
9.048	2.900390625
9.049	2.900390625
9.05	2.880859375
9.051	2.8857421875
9.052	2.880859375
9.053	2.87109375
9.054004	2.8662109375
9.055	2.861328125
9.056004	2.861328125
9.057004	2.8515625
9.058004	2.8466796875
9.059004	2.841796875
9.060004	2.8369140625
9.061	2.83203125
9.062	2.83203125
9.063	2.822265625
9.064	2.822265625
9.065	2.8369140625
9.066	2.822265625
9.067	2.822265625
9.068	2.822265625
9.069	2.822265625
9.07	2.8173828125
9.071	2.8125
9.072	2.8271484375
9.073	2.8271484375
9.074	2.822265625
9.075	2.822265625
9.076	2.83203125
9.077	2.841796875
9.078	2.8369140625
9.079	2.841796875
9.08	2.8515625
9.081	2.8515625
9.082	2.861328125
9.083	2.861328125
9.084	2.8515625
9.085	2.8759765625
9.086	2.8759765625
9.087	2.87109375
9.088	2.880859375
9.089	2.8857421875
9.09	2.8955078125
9.091	2.9052734375
9.092	2.900390625
9.093	2.91015625
9.094	2.9150390625
9.095	2.9248046875
9.096	2.9345703125
9.096996	2.9345703125
9.098004	2.939453125
9.099004	2.94921875
9.100004	2.9541015625
9.101004	2.94921875
9.102004	2.9638671875
9.103004	2.9736328125
9.104	2.96875
9.105	2.9833984375
9.106	2.9736328125
9.107	2.9833984375
9.108	2.9931640625
9.109	2.98828125
9.11	2.9931640625
9.111	2.9931640625
9.112	3.0029296875
9.113	3.0029296875
9.114	3.0078125
9.115	3.0078125
9.116	3.0078125
9.117	2.998046875
9.118	3.0078125
9.119	3.0078125
9.12	2.998046875
9.121	3.0029296875
9.122	2.9931640625
9.123	2.9931640625
9.124	2.9931640625
9.125	2.98828125
9.126	2.9833984375
9.127	2.978515625
9.128	2.978515625
9.129	2.9736328125
9.13	2.96875
9.131	2.96875
9.132	2.9541015625
9.133	2.9541015625
9.134	2.939453125
9.135	2.9345703125
9.136	2.9248046875
9.137	2.9248046875
9.138	2.9248046875
9.138996	2.91015625
9.140004	2.91015625
9.141	2.900390625
9.142004	2.890625
9.143004	2.8955078125
9.144004	2.8857421875
9.145004	2.8857421875
9.146	2.87109375
9.147	2.8662109375
9.148	2.8662109375
9.149	2.861328125
9.15	2.8564453125
9.151	2.8515625
9.152	2.841796875
9.153	2.8369140625
9.154	2.8369140625
9.155	2.83203125
9.156	2.8369140625
9.157	2.8271484375
9.158	2.822265625
9.159	2.822265625
9.16	2.822265625
9.161	2.8271484375
9.162	2.8173828125
9.163	2.822265625
9.164	2.822265625
9.165	2.822265625
9.166	2.8271484375
9.167	2.8173828125
9.168	2.8271484375
9.169	2.8369140625
9.17	2.83203125
9.171	2.8271484375
9.172	2.8369140625
9.173	2.8466796875
9.174	2.8466796875
9.175	2.861328125
9.176	2.861328125
9.177	2.8662109375
9.178	2.861328125
9.179	2.8662109375
9.18	2.87109375
9.181	2.8759765625
9.182004	2.8857421875
9.183	2.8955078125
9.184004	2.900390625
9.185004	2.900390625
9.186004	2.91015625
9.187004	2.9150390625
9.188004	2.9248046875
9.189	2.9296875
9.19	2.9296875
9.191	2.939453125
9.192	2.9541015625
9.193	2.94921875
9.194	2.9541015625
9.195	2.9638671875
9.196	2.9638671875
9.197	2.96875
9.198	2.9736328125
9.199	2.978515625
9.2	2.978515625
9.201	2.978515625
9.202	2.9931640625
9.203	2.998046875
9.204	2.98828125
9.205	2.9931640625
9.206	3.0029296875
9.207	2.998046875
9.208	2.998046875
9.209	2.998046875
9.21	2.998046875
9.211	3.0078125
9.212	2.998046875
9.213	3.0029296875
9.214	2.998046875
9.215	2.9931640625
9.216	2.9833984375
9.217	2.98828125
9.218	2.98828125
9.219	2.9833984375
9.22	2.978515625
9.221	2.9736328125
9.222	2.9736328125
9.223	2.9638671875
9.224	2.9638671875
9.224996	2.958984375
9.226004	2.9541015625
9.227004	2.94921875
9.228004	2.9345703125
9.229004	2.9345703125
9.230004	2.919921875
9.231004	2.9248046875
9.232	2.919921875
9.233	2.9150390625
9.234	2.900390625
9.235	2.8955078125
9.236	2.890625
9.237	2.890625
9.238	2.8857421875
9.239	2.8759765625
9.24	2.87109375
9.241	2.8662109375
9.242	2.8662109375
9.243	2.8564453125
9.244	2.8466796875
9.245	2.841796875
9.246	2.841796875
9.247	2.8369140625
9.248	2.8369140625
9.249	2.8369140625
9.25	2.83203125
9.251	2.8271484375
9.252	2.822265625
9.253	2.8271484375
9.254	2.8125
9.255	2.8271484375
9.256	2.822265625
9.257	2.8271484375
9.258	2.8271484375
9.259	2.822265625
9.26	2.8271484375
9.261	2.8271484375
9.262	2.8369140625
9.263	2.83203125
9.264	2.841796875
9.265	2.8466796875
9.266	2.8466796875
9.266996	2.8466796875
9.268004	2.8564453125
9.269	2.8564453125
9.270004	2.8564453125
9.271004	2.8662109375
9.272004	2.8662109375
9.273004	2.87109375
9.274	2.8759765625
9.275	2.880859375
9.276	2.8955078125
9.277	2.900390625
9.278	2.91015625
9.279	2.91015625
9.28	2.91015625
9.281	2.9248046875
9.282	2.919921875
9.283	2.9345703125
9.284	2.939453125
9.285	2.9443359375
9.286	2.9541015625
9.287	2.9541015625
9.288	2.958984375
9.289	2.96875
9.29	2.96875
9.291	2.9736328125
9.292	2.9833984375
9.293	2.978515625
9.294	2.98828125
9.295	2.98828125
9.296	2.9931640625
9.297	2.98828125
9.298	2.998046875
9.299	2.998046875
9.3	2.9931640625
9.301	2.998046875
9.302	3.0029296875
9.303	3.0029296875
9.304	2.998046875
9.305	3.0029296875
9.306	2.9931640625
9.307	3.0029296875
9.308	2.98828125
9.309	2.98828125
9.310004	2.9931640625
9.311	2.98828125
9.312004	2.9833984375
9.313004	2.978515625
9.314004	2.9736328125
9.315004	2.96875
9.316004	2.96875
9.317	2.958984375
9.318	2.9541015625
9.319	2.94921875
9.32	2.939453125
9.321	2.9443359375
9.322	2.9345703125
9.323	2.9248046875
9.324	2.9296875
9.325	2.919921875
9.326	2.91015625
9.327	2.900390625
9.328	2.900390625
9.329	2.8857421875
9.33	2.8857421875
9.331	2.880859375
9.332	2.87109375
9.333	2.87109375
9.334	2.87109375
9.335	2.861328125
9.336	2.8564453125
9.337	2.8564453125
9.338	2.8466796875
9.339	2.841796875
9.34	2.83203125
9.341	2.8369140625
9.342	2.8369140625
9.343	2.841796875
9.344	2.83203125
9.345	2.822265625
9.346	2.8271484375
9.347	2.8173828125
9.348	2.822265625
9.349	2.8271484375
9.35	2.822265625
9.351	2.822265625
9.352	2.8271484375
9.352996	2.8271484375
9.354004	2.8271484375
9.355004	2.83203125
9.356004	2.83203125
9.357004	2.8466796875
9.358004	2.8466796875
9.359004	2.8466796875
9.36	2.8466796875
9.361	2.8515625
9.362	2.861328125
9.363	2.8662109375
9.364	2.8662109375
9.365	2.880859375
9.366	2.8759765625
9.367	2.8759765625
9.368	2.880859375
9.369	2.8955078125
9.37	2.8955078125
9.371	2.9052734375
9.372	2.91015625
9.373	2.9150390625
9.374	2.919921875
9.375	2.9248046875
9.376	2.9296875
9.377	2.939453125
9.378	2.9443359375
9.379	2.94921875
9.38	2.9541015625
9.381	2.9638671875
9.382	2.9736328125
9.383	2.96875
9.384	2.96875
9.385	2.9833984375
9.386	2.978515625
9.387	2.978515625
9.388	2.98828125
9.389	2.9931640625
9.39	2.9833984375
9.391	2.9931640625
9.392	2.9931640625
9.393	3.0029296875
9.394	2.998046875
9.394996	2.998046875
9.396004	2.998046875
9.397	2.9931640625
9.398004	2.998046875
9.399004	3.0029296875
9.400004	2.98828125
9.401004	2.98828125
9.402	2.98828125
9.403	2.9833984375
9.404	2.9833984375
9.405	2.9833984375
9.406	2.978515625
9.407	2.978515625
9.408	2.9736328125
9.409	2.9736328125
9.41	2.96875
9.411	2.958984375
9.412	2.9541015625
9.413	2.9443359375
9.414	2.9443359375
9.415	2.9296875
9.416	2.919921875
9.417	2.919921875
9.418	2.9150390625
9.419	2.91015625
9.42	2.900390625
9.421	2.8955078125
9.422	2.890625
9.423	2.880859375
9.424	2.880859375
9.425	2.87109375
9.426	2.87109375
9.427	2.8759765625
9.428	2.87109375
9.429	2.861328125
9.43	2.8515625
9.431	2.8564453125
9.432	2.841796875
9.433	2.8369140625
9.434	2.8466796875
9.435	2.8369140625
9.436	2.8271484375
9.437	2.822265625
9.438004	2.8271484375
9.439	2.8271484375
9.440004	2.822265625
9.441004	2.822265625
9.442004	2.822265625
9.443004	2.8173828125
9.444004	2.8271484375
9.445	2.8369140625
9.446	2.8271484375
9.447	2.8271484375
9.448	2.8369140625
9.449	2.8369140625
9.45	2.841796875
9.451	2.8466796875
9.452	2.841796875
9.453	2.8515625
9.454	2.8564453125
9.455	2.861328125
9.456	2.861328125
9.457	2.87109375
9.458	2.8759765625
9.459	2.8759765625
9.46	2.8759765625
9.461	2.8857421875
9.462	2.890625
9.463	2.900390625
9.464	2.8955078125
9.465	2.9052734375
9.466	2.9150390625
9.467	2.9150390625
9.468	2.919921875
9.469	2.9345703125
9.47	2.9345703125
9.471	2.9443359375
9.472	2.94921875
9.473	2.9541015625
9.474	2.958984375
9.475	2.96875
9.476	2.9736328125
9.477	2.978515625
9.478	2.9736328125
9.479	2.9736328125
9.48	2.9833984375
9.480996	2.9833984375
9.482004	2.9833984375
9.483004	2.9931640625
9.484004	2.9931640625
9.485004	2.98828125
9.486004	3.0029296875
9.487004	2.9931640625
9.488	2.998046875
9.489	2.998046875
9.49	2.998046875
9.491	2.998046875
9.492	2.98828125
9.493	2.9833984375
9.494	2.9931640625
9.495	2.98828125
9.496	2.9833984375
9.497	2.9833984375
9.498	2.9833984375
9.499	2.96875
9.5	2.96875
9.501	2.9736328125
9.502	2.9638671875
9.503	2.9638671875
9.504	2.9541015625
9.505	2.9541015625
9.506	2.9443359375
9.507	2.939453125
9.508	2.9296875
9.509	2.9248046875
9.51	2.9248046875
9.511	2.9150390625
9.512	2.91015625
9.513	2.91015625
9.514	2.9052734375
9.515	2.8955078125
9.516	2.8857421875
9.517	2.880859375
9.518	2.8759765625
9.519	2.880859375
9.52	2.87109375
9.521	2.861328125
9.522	2.861328125
9.522996	2.8564453125
9.524004	2.8515625
9.525	2.8466796875
9.526004	2.8369140625
9.527004	2.83203125
9.528004	2.83203125
9.529004	2.8369140625
9.53	2.83203125
9.531	2.83203125
9.532	2.822265625
9.533	2.8271484375
9.534	2.83203125
9.535	2.83203125
9.536	2.83203125
9.537	2.822265625
9.538	2.8271484375
9.539	2.83203125
9.54	2.8271484375
9.541	2.841796875
9.542	2.841796875
9.543	2.8466796875
9.544	2.8515625
9.545	2.8515625
9.546	2.8564453125
9.547	2.8564453125
9.548	2.861328125
9.549	2.8662109375
9.55	2.8662109375
9.551	2.8662109375
9.552	2.8759765625
9.553	2.880859375
9.554	2.880859375
9.555	2.8955078125
9.556	2.8955078125
9.557	2.8955078125
9.558	2.91015625
9.559	2.91015625
9.56	2.919921875
9.561	2.919921875
9.562	2.9345703125
9.563	2.939453125
9.564	2.9443359375
9.565	2.9541015625
9.566004	2.94921875
9.567	2.9541015625
9.568004	2.9638671875
9.569004	2.9638671875
9.570004	2.9736328125
9.571004	2.978515625
9.572004	2.978515625
9.573	2.9833984375
9.574	2.978515625
9.575	2.98828125
9.576	2.98828125
9.577	2.9833984375
9.578	2.98828125
9.579	2.98828125
9.58	2.9931640625
9.581	2.998046875
9.582	2.998046875
9.583	2.9931640625
9.584	2.9931640625
9.585	2.98828125
9.586	2.98828125
9.587	2.9833984375
9.588	2.98828125
9.589	2.978515625
9.59	2.9833984375
9.591	2.978515625
9.592	2.96875
9.593	2.978515625
9.594	2.96875
9.595	2.9638671875
9.596	2.958984375
9.597	2.9541015625
9.598	2.94921875
9.599	2.9443359375
9.6	2.939453125
9.601	2.9296875
9.602	2.9248046875
9.603	2.9150390625
9.604	2.9150390625
9.605	2.91015625
9.606	2.9052734375
9.607	2.91015625
9.608	2.8955078125
9.608996	2.8857421875
9.610004	2.880859375
9.611004	2.8759765625
9.612004	2.8759765625
9.613004	2.8759765625
9.614004	2.861328125
9.615004	2.861328125
9.616	2.861328125
9.617	2.8466796875
9.618	2.8515625
9.619	2.8466796875
9.62	2.8466796875
9.621	2.841796875
9.622	2.8369140625
9.623	2.8369140625
9.624	2.822265625
9.625	2.83203125
9.626	2.8271484375
9.627	2.8271484375
9.628	2.8271484375
9.629	2.83203125
9.63	2.8271484375
9.631	2.8369140625
9.632	2.8369140625
9.633	2.8369140625
9.634	2.841796875
9.635	2.841796875
9.636	2.841796875
9.637	2.8466796875
9.638	2.8515625
9.639	2.8564453125
9.64	2.8515625
9.641	2.8564453125
9.642	2.8662109375
9.643	2.87109375
9.644	2.8662109375
9.645	2.8759765625
9.646	2.880859375
9.647	2.8857421875
9.648	2.8955078125
9.649	2.8955078125
9.65	2.900390625
9.650996	2.9052734375
9.652004	2.9052734375
9.653	2.919921875
9.654004	2.9296875
9.655004	2.9248046875
9.656004	2.9345703125
9.657004	2.939453125
9.658	2.94921875
9.659	2.9541015625
9.66	2.9541015625
9.661	2.9541015625
9.662	2.9638671875
9.663	2.9736328125
9.664	2.9736328125
9.665	2.978515625
9.666	2.9736328125
9.667	2.978515625
9.668	2.978515625
9.669	2.9833984375
9.67	2.98828125
9.671	2.98828125
9.672	2.98828125
9.673	2.98828125
9.674	2.98828125
9.675	2.98828125
9.676	2.9931640625
9.677	3.0029296875
9.678	2.9833984375
9.679	2.98828125
9.68	2.9833984375
9.681	2.98828125
9.682	2.98828125
9.683	2.9833984375
9.684	2.978515625
9.685	2.9736328125
9.686	2.9736328125
9.687	2.9638671875
9.688	2.96875
9.689	2.9541015625
9.69	2.9541015625
9.691	2.9541015625
9.692	2.939453125
9.693	2.939453125
9.694004	2.939453125
9.695	2.919921875
9.696004	2.919921875
9.697004	2.9150390625
9.698004	2.91015625
9.699004	2.91015625
9.700004	2.9052734375
9.701	2.890625
9.702	2.880859375
9.703	2.8857421875
9.704	2.8759765625
9.705	2.8759765625
9.706	2.87109375
9.707	2.87109375
9.708	2.8662109375
9.709	2.861328125
9.71	2.8515625
9.711	2.8515625
9.712	2.8466796875
9.713	2.841796875
9.714	2.8466796875
9.715	2.8369140625
9.716	2.8369140625
9.717	2.8369140625
9.718	2.83203125
9.719	2.83203125
9.72	2.83203125
9.721	2.83203125
9.722	2.8271484375
9.723	2.83203125
9.724	2.8369140625
9.725	2.8369140625
9.726	2.841796875
9.727	2.841796875
9.728	2.841796875
9.729	2.8466796875
9.73	2.8515625
9.731	2.8466796875
9.732	2.8564453125
9.733	2.861328125
9.734	2.861328125
9.735	2.861328125
9.736	2.8662109375
9.736996	2.8662109375
9.738004	2.87109375
9.739004	2.880859375
9.740004	2.8759765625
9.741004	2.8857421875
9.742004	2.890625
9.743004	2.900390625
9.744	2.91015625
9.745	2.91015625
9.746	2.919921875
9.747	2.9248046875
9.748	2.9248046875
9.749	2.939453125
9.75	2.939453125
9.751	2.9443359375
9.752	2.94921875
9.753	2.94921875
9.754	2.958984375
9.755	2.96875
9.756	2.96875
9.757	2.978515625
9.758	2.96875
9.759	2.978515625
9.76	2.9833984375
9.761	2.9833984375
9.762	2.9833984375
9.763	2.98828125
9.764	2.98828125
9.765	2.9833984375
9.766	2.98828125
9.767	2.9833984375
9.768	2.9931640625
9.769	2.98828125
9.77	2.98828125
9.771	2.98828125
9.772	2.98828125
9.773	2.98828125
9.774	2.98828125
9.775	2.9833984375
9.776	2.978515625
9.777	2.978515625
9.778	2.96875
9.778996	2.96875
9.780004	2.9736328125
9.781	2.9638671875
9.782004	2.9541015625
9.783004	2.958984375
9.784004	2.94921875
9.785004	2.94921875
9.786	2.9443359375
9.787	2.9296875
9.788	2.9296875
9.789	2.9248046875
9.79	2.919921875
9.791	2.91015625
9.792	2.9052734375
9.793	2.9052734375
9.794	2.8955078125
9.795	2.8955078125
9.796	2.880859375
9.797	2.880859375
9.798	2.880859375
9.799	2.87109375
9.8	2.8662109375
9.801	2.861328125
9.802	2.861328125
9.803	2.8515625
9.804	2.8515625
9.805	2.8515625
9.806	2.8369140625
9.807	2.841796875
9.808	2.8466796875
9.809	2.8271484375
9.81	2.8369140625
9.811	2.83203125
9.812	2.83203125
9.813	2.83203125
9.814	2.8369140625
9.815	2.83203125
9.816	2.8369140625
9.817	2.8369140625
9.818	2.8369140625
9.819	2.841796875
9.82	2.841796875
9.821	2.841796875
9.822004	2.8515625
9.823	2.8515625
9.824004	2.8515625
9.825004	2.861328125
9.826004	2.861328125
9.827004	2.8662109375
9.828004	2.8662109375
9.829	2.87109375
9.83	2.87109375
9.831	2.8759765625
9.832	2.880859375
9.833	2.880859375
9.834	2.890625
9.835	2.890625
9.836	2.900390625
9.837	2.900390625
9.838	2.9052734375
9.839	2.919921875
9.84	2.919921875
9.841	2.9248046875
9.842	2.9296875
9.843	2.9443359375
9.844	2.939453125
9.845	2.94921875
9.846	2.94921875
9.847	2.958984375
9.848	2.96875
9.849	2.96875
9.85	2.96875
9.851	2.96875
9.852	2.96875
9.853	2.9736328125
9.854	2.978515625
9.855	2.98828125
9.856	2.98828125
9.857	2.9833984375
9.858	2.9931640625
9.859	2.9931640625
9.86	2.9931640625
9.861	2.9931640625
9.862	2.9931640625
9.863	2.9931640625
9.864	2.9931640625
9.864996	2.98828125
9.866004	2.98828125
9.867004	2.98828125
9.868004	2.9833984375
9.869004	2.978515625
9.870004	2.9736328125
9.871004	2.96875
9.872	2.9736328125
9.873	2.96875
9.874	2.9541015625
9.875	2.958984375
9.876	2.9541015625
9.877	2.94921875
9.878	2.939453125
9.879	2.9443359375
9.88	2.939453125
9.881	2.9296875
9.882	2.9248046875
9.883	2.919921875
9.884	2.9052734375
9.885	2.91015625
9.886	2.900390625
9.887	2.900390625
9.888	2.8955078125
9.889	2.8955078125
9.89	2.8759765625
9.891	2.880859375
9.892	2.87109375
9.893	2.861328125
9.894	2.861328125
9.895	2.8564453125
9.896	2.8515625
9.897	2.8515625
9.898	2.8466796875
9.899	2.8466796875
9.9	2.8466796875
9.901	2.83203125
9.902	2.841796875
9.903	2.8271484375
9.904	2.8369140625
9.905	2.83203125
9.906	2.83203125
9.906996	2.83203125
9.908004	2.8369140625
9.909	2.8369140625
9.910004	2.8369140625
9.911004	2.841796875
9.912004	2.8369140625
9.913004	2.841796875
9.914	2.8466796875
9.915	2.8515625
9.916	2.8564453125
9.917	2.8564453125
9.918	2.8515625
9.919	2.861328125
9.92	2.8564453125
9.921	2.8662109375
9.922	2.8759765625
9.923	2.87109375
9.924	2.8759765625
9.925	2.880859375
9.926	2.8955078125
9.927	2.8857421875
9.928	2.8955078125
9.929	2.8955078125
9.93	2.900390625
9.931	2.9150390625
9.932	2.919921875
9.933	2.919921875
9.934	2.9296875
9.935	2.9296875
9.936	2.9345703125
9.937	2.9443359375
9.938	2.9541015625
9.939	2.9541015625
9.94	2.9638671875
9.941	2.958984375
9.942	2.96875
9.943	2.9736328125
9.944	2.96875
9.945	2.96875
9.946	2.978515625
9.947	2.978515625
9.948	2.978515625
9.949	2.98828125
9.950004	2.98828125
9.951	2.9931640625
9.952004	2.98828125
9.953004	2.9931640625
9.954004	2.9931640625
9.955004	2.98828125
9.956004	2.9931640625
9.957	2.98828125
9.958	2.98828125
9.959	2.98828125
9.96	2.9833984375
9.961	2.978515625
9.962	2.9736328125
9.963	2.978515625
9.964	2.96875
9.965	2.96875
9.966	2.9638671875
9.967	2.958984375
9.968	2.958984375
9.969	2.94921875
9.97	2.939453125
9.971	2.9443359375
9.972	2.939453125
9.973	2.939453125
9.974	2.9248046875
9.975	2.919921875
9.976	2.919921875
9.977	2.91015625
9.978	2.91015625
9.979	2.9052734375
9.98	2.900390625
9.981	2.890625
9.982	2.8857421875
9.983	2.8759765625
9.984	2.8759765625
9.985	2.8662109375
9.986	2.8662109375
9.987	2.87109375
9.988	2.8564453125
9.989	2.861328125
9.99	2.8515625
9.991	2.8515625
9.992	2.8515625
9.992996	2.8369140625
9.994004	2.841796875
9.995004	2.8369140625
9.996004	2.8369140625
9.997004	2.841796875
9.998004	2.8369140625
9.999004	2.83203125
10.0	2.8271484375
10.001	2.8369140625
10.002	2.8271484375
10.003	2.83203125
10.004	2.8369140625
10.005	2.83203125
10.006	2.8466796875
10.007	2.8515625
10.008	2.8515625
10.009	2.8564453125
10.01	2.8515625
10.011	2.8564453125
10.012	2.8662109375
10.013	2.8662109375
10.014	2.87109375
10.015	2.87109375
10.016	2.8759765625
10.017	2.880859375
10.018	2.8759765625
10.019	2.890625
10.02	2.8857421875
10.021	2.890625
10.022	2.900390625
10.023	2.9052734375
10.024	2.9052734375
10.025	2.91015625
10.026	2.919921875
10.027	2.9296875
10.028	2.9248046875
10.029	2.939453125
10.03	2.939453125
10.031	2.9443359375
10.032	2.94921875
10.033	2.94921875
10.034	2.958984375
10.034996	2.96875
10.036004	2.9736328125
10.037	2.978515625
10.038004	2.96875
10.039004	2.96875
10.040004	2.9833984375
10.041004	2.978515625
10.042	2.9833984375
10.043	2.9931640625
10.044	2.9833984375
10.045	2.9833984375
10.046	2.9833984375
10.047	2.9833984375
10.048	2.98828125
10.049	2.98828125
10.05	2.98828125
10.051	2.9833984375
10.052	2.98828125
10.053	2.978515625
10.054	2.9833984375
10.055	2.978515625
10.056	2.978515625
10.057	2.96875
10.058	2.9638671875
10.059	2.9736328125
10.06	2.94921875
10.061	2.958984375
10.062	2.958984375
10.063	2.94921875
10.064	2.939453125
10.065	2.939453125
10.066	2.939453125
10.067	2.9296875
10.068	2.9150390625
10.069	2.9248046875
10.07	2.9150390625
10.071	2.91015625
10.072	2.9052734375
10.073	2.9052734375
10.074	2.8955078125
10.075	2.8857421875
10.076	2.8857421875
10.077	2.880859375
10.078004	2.87109375
10.079	2.8662109375
10.080004	2.87109375
10.081004	2.8564453125
10.082004	2.861328125
10.083004	2.861328125
10.084004	2.861328125
10.085	2.8466796875
10.086	2.8466796875
10.087	2.841796875
10.088	2.8369140625
10.089	2.841796875
10.09	2.841796875
10.091	2.8369140625
10.092	2.8369140625
10.093	2.8369140625
10.094	2.8369140625
10.095	2.8369140625
10.096	2.83203125
10.097	2.8369140625
10.098	2.8369140625
10.099	2.8466796875
10.1	2.8466796875
10.101	2.8466796875
10.102	2.8466796875
10.103	2.8466796875
10.104	2.8564453125
10.105	2.861328125
10.106	2.8662109375
10.107	2.87109375
10.108	2.8662109375
10.109	2.87109375
10.11	2.880859375
10.111	2.8759765625
10.112	2.890625
10.113	2.8857421875
10.114	2.900390625
10.115	2.9052734375
10.116	2.9052734375
10.117	2.91015625
10.118	2.9150390625
10.119	2.919921875
10.12	2.9248046875
10.120996	2.9296875
10.122004	2.939453125
10.123004	2.9345703125
10.124004	2.939453125
10.125004	2.9541015625
10.126004	2.9541015625
10.127004	2.9541015625
10.128	2.9638671875
10.129	2.9736328125
10.13	2.9736328125
10.131	2.9736328125
10.132	2.9736328125
10.133	2.9833984375
10.134	2.9833984375
10.135	2.9833984375
10.136	2.978515625
10.137	2.98828125
10.138	2.9833984375
10.139	2.98828125
10.14	2.98828125
10.141	2.9833984375
10.142	2.9833984375
10.143	2.9833984375
10.144	2.9833984375
10.145	2.978515625
10.146	2.978515625
10.147	2.9736328125
10.148	2.978515625
10.149	2.9736328125
10.15	2.9736328125
10.151	2.9736328125
10.152	2.9638671875
10.153	2.958984375
10.154	2.9541015625
10.155	2.9541015625
10.156	2.958984375
10.157	2.939453125
10.158	2.939453125
10.159	2.9443359375
10.16	2.9296875
10.161	2.9248046875
10.162	2.9150390625
10.162996	2.91015625
10.164004	2.91015625
10.165	2.8955078125
10.166004	2.9052734375
10.167004	2.8955078125
10.168004	2.890625
10.169004	2.8759765625
10.17	2.8759765625
10.171	2.87109375
10.172	2.87109375
10.173	2.87109375
10.174	2.8662109375
10.175	2.861328125
10.176	2.8564453125
10.177	2.8564453125
10.178	2.8466796875
10.179	2.8466796875
10.18	2.841796875
10.181	2.8466796875
10.182	2.8369140625
10.183	2.83203125
10.184	2.83203125
10.185	2.841796875
10.186	2.8369140625
10.187	2.8369140625
10.188	2.8369140625
10.189	2.83203125
10.19	2.841796875
10.191	2.8369140625
10.192	2.841796875
10.193	2.8466796875
10.194	2.8515625
10.195	2.8564453125
10.196	2.8564453125
10.197	2.8515625
10.198	2.861328125
10.199	2.8662109375
10.2	2.8662109375
10.201	2.8662109375
10.202	2.87109375
10.203	2.8759765625
10.204	2.880859375
10.205	2.8857421875
10.206004	2.890625
10.207	2.890625
10.208004	2.8955078125
10.209004	2.9052734375
10.210004	2.9150390625
10.211004	2.91015625
10.212004	2.919921875
10.213	2.919921875
10.214	2.9296875
10.215	2.9345703125
10.216	2.9443359375
10.217	2.939453125
10.218	2.94921875
10.219	2.9541015625
10.22	2.958984375
10.221	2.958984375
10.222	2.9638671875
10.223	2.9736328125
10.224	2.9833984375
10.225	2.9736328125
10.226	2.9833984375
10.227	2.9833984375
10.228	2.9833984375
10.229	2.9833984375
10.23	2.978515625
10.231	2.98828125
10.232	2.98828125
10.233	2.98828125
10.234	2.98828125
10.235	2.98828125
10.236	2.9833984375
10.237	2.9833984375
10.238	2.978515625
10.239	2.978515625
10.24	2.978515625
10.241	2.978515625
10.242	2.978515625
10.243	2.9736328125
10.244	2.96875
10.245	2.9638671875
10.246	2.958984375
10.247	2.958984375
10.248	2.9541015625
10.248996	2.94921875
10.250004	2.94921875
10.251004	2.939453125
10.252004	2.939453125
10.253004	2.9248046875
10.254004	2.9248046875
10.255004	2.919921875
10.256	2.91015625
10.257	2.9150390625
10.258	2.91015625
10.259	2.900390625
10.26	2.890625
10.261	2.880859375
10.262	2.8857421875
10.263	2.880859375
10.264	2.87109375
10.265	2.87109375
10.266	2.87109375
10.267	2.87109375
10.268	2.8662109375
10.269	2.861328125
10.27	2.8515625
10.271	2.8515625
10.272	2.8466796875
10.273	2.8515625
10.274	2.841796875
10.275	2.841796875
10.276	2.83203125
10.277	2.8369140625
10.278	2.8369140625
10.279	2.8369140625
10.28	2.8369140625
10.281	2.83203125
10.282	2.8369140625
10.283	2.8466796875
10.284	2.841796875
10.285	2.8466796875
10.286	2.841796875
10.287	2.8564453125
10.288	2.8564453125
10.289	2.8515625
10.29	2.8564453125
10.290996	2.8662109375
10.292004	2.861328125
10.293	2.861328125
10.294004	2.8662109375
10.295004	2.8662109375
10.296004	2.8759765625
10.297004	2.8759765625
10.298	2.880859375
10.299	2.8857421875
10.3	2.8955078125
10.301	2.900390625
10.302	2.9052734375
10.303	2.9052734375
10.304	2.9150390625
10.305	2.9150390625
10.306	2.919921875
10.307	2.9296875
10.308	2.9296875
10.309	2.939453125
10.31	2.9443359375
10.311	2.9541015625
10.312	2.94921875
10.313	2.94921875
10.314	2.9638671875
10.315	2.96875
10.316	2.96875
10.317	2.9736328125
10.318	2.9736328125
10.319	2.9736328125
10.32	2.978515625
10.321	2.978515625
10.322	2.9833984375
10.323	2.978515625
10.324	2.9833984375
10.325	2.9833984375
10.326	2.98828125
10.327	2.9833984375
10.328	2.978515625
10.329	2.9833984375
10.33	2.98828125
10.331	2.9833984375
10.332	2.9736328125
10.333	2.978515625
10.334004	2.9736328125
10.335	2.96875
10.336004	2.96875
10.337004	2.96875
10.338004	2.9638671875
10.339004	2.958984375
10.340004	2.9638671875
10.341	2.94921875
10.342	2.94921875
10.343	2.9443359375
10.344	2.9443359375
10.345	2.939453125
10.346	2.9345703125
10.347	2.919921875
10.348	2.91015625
10.349	2.9052734375
10.35	2.91015625
10.351	2.9052734375
10.352	2.900390625
10.353	2.8955078125
10.354	2.890625
10.355	2.880859375
10.356	2.8759765625
10.357	2.87109375
10.358	2.8759765625
10.359	2.8662109375
10.36	2.8662109375
10.361	2.8662109375
10.362	2.861328125
10.363	2.8564453125
10.364	2.8466796875
10.365	2.8466796875
10.366	2.8515625
10.367	2.8466796875
10.368	2.8466796875
10.369	2.841796875
10.37	2.841796875
10.371	2.841796875
10.372	2.841796875
10.373	2.83203125
10.374	2.83203125
10.375	2.841796875
10.376	2.8466796875
10.376996	2.841796875
10.378004	2.841796875
10.379004	2.8515625
10.380004	2.8466796875
10.381004	2.8564453125
10.382004	2.8564453125
10.383004	2.861328125
10.384	2.8662109375
10.385	2.8662109375
10.386	2.87109375
10.387	2.87109375
10.388	2.8759765625
10.389	2.8759765625
10.39	2.8857421875
10.391	2.8857421875
10.392	2.8955078125
10.393	2.900390625
10.394	2.900390625
10.395	2.91015625
10.396	2.9052734375
10.397	2.9150390625
10.398	2.9150390625
10.399	2.919921875
10.4	2.9248046875
10.401	2.9345703125
10.402	2.9296875
10.403	2.9443359375
10.404	2.94921875
10.405	2.94921875
10.406	2.9541015625
10.407	2.9638671875
10.408	2.9638671875
10.409	2.9638671875
10.41	2.9736328125
10.411	2.9736328125
10.412	2.96875
10.413	2.9736328125
10.414	2.9833984375
10.415	2.98828125
10.416	2.978515625
10.417	2.978515625
10.418	2.9833984375
10.418996	2.98828125
10.420004	2.978515625
10.421	2.978515625
10.422004	2.9833984375
10.423004	2.978515625
10.424004	2.9833984375
10.425004	2.9736328125
10.426	2.978515625
10.427	2.96875
10.428	2.96875
10.429	2.9736328125
10.43	2.96875
10.431	2.9638671875
10.432	2.958984375
10.433	2.9541015625
10.434	2.9443359375
10.435	2.94921875
10.436	2.9443359375
10.437	2.9443359375
10.438	2.9443359375
10.439	2.9345703125
10.44	2.9248046875
10.441	2.919921875
10.442	2.919921875
10.443	2.9052734375
10.444	2.9052734375
10.445	2.900390625
10.446	2.890625
10.447	2.8955078125
10.448	2.890625
10.449	2.880859375
10.45	2.87109375
10.451	2.87109375
10.452	2.8662109375
10.453	2.861328125
10.454	2.8662109375
10.455	2.861328125
10.456	2.8515625
10.457	2.8515625
10.458	2.8466796875
10.459	2.8466796875
10.46	2.8515625
10.461	2.8466796875
10.462004	2.841796875
10.463	2.841796875
10.464004	2.83203125
10.465004	2.83203125
10.466004	2.8369140625
10.467004	2.841796875
10.468004	2.8369140625
10.469	2.8369140625
10.47	2.841796875
10.471	2.8466796875
10.472	2.8564453125
10.473	2.8466796875
10.474	2.8564453125
10.475	2.8515625
10.476	2.861328125
10.477	2.8564453125
10.478	2.861328125
10.479	2.8662109375
10.48	2.8662109375
10.481	2.87109375
10.482	2.8759765625
10.483	2.8857421875
10.484	2.880859375
10.485	2.890625
10.486	2.890625
10.487	2.900390625
10.488	2.9052734375
10.489	2.900390625
10.49	2.91015625
10.491	2.9248046875
10.492	2.9248046875
10.493	2.9248046875
10.494	2.9296875
10.495	2.9345703125
10.496	2.9443359375
10.497	2.9443359375
10.498	2.9541015625
10.499	2.9541015625
10.5	2.9541015625
10.501	2.958984375
10.502	2.9638671875
10.503	2.9638671875
10.504	2.96875
10.504996	2.9736328125
10.506004	2.9736328125
10.507004	2.978515625
10.508004	2.9833984375
10.509004	2.9833984375
10.510004	2.9833984375
10.511004	2.978515625
10.512	2.98828125
10.513	2.9833984375
10.514	2.978515625
10.515	2.9833984375
10.516	2.9833984375
10.517	2.978515625
10.518	2.9736328125
10.519	2.9736328125
10.52	2.978515625
10.521	2.96875
10.522	2.96875
10.523	2.9736328125
10.524	2.96875
10.525	2.958984375
10.526	2.94921875
10.527	2.958984375
10.528	2.94921875
10.529	2.9443359375
10.53	2.939453125
10.531	2.939453125
10.532	2.9296875
10.533	2.9248046875
10.534	2.9150390625
10.535	2.91015625
10.536	2.91015625
10.537	2.900390625
10.538	2.9052734375
10.539	2.900390625
10.54	2.900390625
10.541	2.890625
10.542	2.880859375
10.543	2.8759765625
10.544	2.8759765625
10.545	2.8662109375
10.546	2.87109375
10.546996	2.861328125
10.548004	2.861328125
10.549	2.8515625
10.550004	2.8515625
10.551004	2.8515625
10.552004	2.8515625
10.553004	2.8515625
10.554	2.8466796875
10.555	2.841796875
10.556	2.841796875
10.557	2.841796875
10.558	2.8466796875
10.559	2.8369140625
10.56	2.8369140625
10.561	2.8466796875
10.562	2.8466796875
10.563	2.8466796875
10.564	2.8466796875
10.565	2.8515625
10.566	2.8564453125
10.567	2.8564453125
10.568	2.8564453125
10.569	2.8564453125
10.57	2.861328125
10.571	2.87109375
10.572	2.8662109375
10.573	2.8662109375
10.574	2.8759765625
10.575	2.880859375
10.576	2.8857421875
10.577	2.880859375
10.578	2.890625
10.579	2.8955078125
10.58	2.900390625
10.581	2.91015625
10.582	2.91015625
10.583	2.91015625
10.584	2.9150390625
10.585	2.9248046875
10.586	2.9248046875
10.587	2.9345703125
10.588	2.9345703125
10.589	2.9443359375
10.590004	2.94921875
10.591	2.9541015625
10.592004	2.9541015625
10.593004	2.9541015625
10.594004	2.9638671875
10.595004	2.9638671875
10.596004	2.9638671875
10.597	2.978515625
10.598	2.9736328125
10.599	2.978515625
10.6	2.978515625
10.601	2.9833984375
10.602	2.9736328125
10.603	2.9833984375
10.604	2.9833984375
10.605	2.978515625
10.606	2.978515625
10.607	2.9833984375
10.608	2.978515625
10.609	2.9736328125
10.61	2.978515625
10.611	2.9833984375
10.612	2.96875
10.613	2.978515625
10.614	2.9736328125
10.615	2.9736328125
10.616	2.96875
10.617	2.9638671875
10.618	2.9541015625
10.619	2.94921875
10.62	2.94921875
10.621	2.9541015625
10.622	2.9443359375
10.623	2.9443359375
10.624	2.939453125
10.625	2.9248046875
10.626	2.9248046875
10.627	2.919921875
10.628	2.9150390625
10.629	2.900390625
10.63	2.91015625
10.631	2.9052734375
10.632	2.900390625
10.632996	2.8955078125
10.634004	2.8857421875
10.635004	2.890625
10.636004	2.87109375
10.637004	2.8759765625
10.638004	2.8759765625
10.639004	2.8662109375
10.64	2.87109375
10.641	2.861328125
10.642	2.8564453125
10.643	2.861328125
10.644	2.8466796875
10.645	2.8466796875
10.646	2.8466796875
10.647	2.841796875
10.648	2.8466796875
10.649	2.841796875
10.65	2.8466796875
10.651	2.8369140625
10.652	2.8466796875
10.653	2.8466796875
10.654	2.841796875
10.655	2.8466796875
10.656	2.8466796875
10.657	2.8564453125
10.658	2.8564453125
10.659	2.8515625
10.66	2.8564453125
10.661	2.8564453125
10.662	2.861328125
10.663	2.861328125
10.664	2.8662109375
10.665	2.87109375
10.666	2.8662109375
10.667	2.87109375
10.668	2.880859375
10.669	2.880859375
10.67	2.8857421875
10.671	2.890625
10.672	2.8857421875
10.673	2.900390625
10.674	2.9052734375
10.674996	2.91015625
10.676004	2.91015625
10.677	2.91015625
10.678004	2.919921875
10.679004	2.9248046875
10.680004	2.919921875
10.681004	2.9345703125
10.682	2.939453125
10.683	2.94921875
10.684	2.9541015625
10.685	2.94921875
10.686	2.9638671875
10.687	2.958984375
10.688	2.958984375
10.689	2.9638671875
10.69	2.96875
10.691	2.96875
10.692	2.96875
10.693	2.978515625
10.694	2.978515625
10.695	2.9833984375
10.696	2.9736328125
10.697	2.978515625
10.698	2.9833984375
10.699	2.9833984375
10.7	2.9833984375
10.701	2.9833984375
10.702	2.9833984375
10.703	2.978515625
10.704	2.9736328125
10.705	2.96875
10.706	2.9736328125
10.707	2.978515625
10.708	2.96875
10.709	2.9736328125
10.71	2.958984375
10.711	2.9638671875
10.712	2.94921875
10.713	2.94921875
10.714	2.9443359375
10.715	2.9345703125
10.716	2.9443359375
10.717	2.939453125
10.718004	2.939453125
10.719	2.9248046875
10.720004	2.919921875
10.721004	2.9150390625
10.722004	2.9052734375
10.723004	2.9052734375
10.724004	2.9052734375
10.725	2.8955078125
10.726	2.8955078125
10.727	2.8857421875
10.728	2.8857421875
10.729	2.880859375
10.73	2.87109375
10.731	2.87109375
10.732	2.87109375
10.733	2.87109375
10.734	2.8564453125
10.735	2.861328125
10.736	2.8564453125
10.737	2.8515625
10.738	2.8564453125
10.739	2.8466796875
10.74	2.8515625
10.741	2.8515625
10.742	2.8466796875
10.743	2.841796875
10.744	2.841796875
10.745	2.8466796875
10.746	2.841796875
10.747	2.8466796875
10.748	2.8466796875
10.749	2.8466796875
10.75	2.8515625
10.751	2.8515625
10.752	2.8515625
10.753	2.8564453125
10.754	2.8564453125
10.755	2.8662109375
10.756	2.861328125
10.757	2.8662109375
10.758	2.8662109375
10.759	2.87109375
10.76	2.8759765625
10.760996	2.87109375
10.762004	2.880859375
10.763004	2.8857421875
10.764004	2.890625
10.765004	2.8955078125
10.766004	2.890625
10.767004	2.900390625
10.768	2.91015625
10.769	2.900390625
10.77	2.919921875
10.771	2.9248046875
10.772	2.9150390625
10.773	2.9296875
10.774	2.9345703125
10.775	2.9345703125
10.776	2.939453125
10.777	2.9541015625
10.778	2.9541015625
10.779	2.9541015625
10.78	2.9541015625
10.781	2.96875
10.782	2.958984375
10.783	2.96875
10.784	2.978515625
10.785	2.96875
10.786	2.9736328125
10.787	2.9736328125
10.788	2.9833984375
10.789	2.978515625
10.79	2.978515625
10.791	2.978515625
10.792	2.9736328125
10.793	2.9833984375
10.794	2.9833984375
10.795	2.9833984375
10.796	2.978515625
10.797	2.9736328125
10.798	2.9736328125
10.799	2.9833984375
10.8	2.9638671875
10.801	2.9638671875
10.802	2.9638671875
10.802996	2.9541015625
10.804004	2.9541015625
10.805	2.958984375
10.806004	2.94921875
10.807004	2.94921875
10.808004	2.94921875
10.809004	2.9345703125
10.81	2.9345703125
10.811	2.9296875
10.812	2.919921875
10.813	2.9248046875
10.814	2.9150390625
10.815	2.9052734375
10.816	2.9052734375
10.817	2.900390625
10.818	2.900390625
10.819	2.890625
10.82	2.8857421875
10.821	2.8759765625
10.822	2.880859375
10.823	2.8759765625
10.824	2.87109375
10.825	2.87109375
10.826	2.87109375
10.827	2.861328125
10.828	2.861328125
10.829	2.8564453125
10.83	2.861328125
10.831	2.8515625
10.832	2.8466796875
10.833	2.841796875
10.834	2.841796875
10.835	2.841796875
10.836	2.841796875
10.837	2.841796875
10.838	2.841796875
10.839	2.841796875
10.84	2.8466796875
10.841	2.8515625
10.842	2.8466796875
10.843	2.8466796875
10.844	2.8466796875
10.845	2.861328125
10.846004	2.8564453125
10.847	2.861328125
10.848004	2.861328125
10.849004	2.861328125
10.850004	2.8662109375
10.851004	2.87109375
10.852004	2.87109375
10.853	2.8662109375
10.854	2.8759765625
10.855	2.880859375
10.856	2.880859375
10.857	2.8857421875
10.858	2.890625
10.859	2.8955078125
10.86	2.900390625
10.861	2.9052734375
10.862	2.9052734375
10.863	2.919921875
10.864	2.919921875
10.865	2.919921875
10.866	2.9296875
10.867	2.939453125
10.868	2.9443359375
10.869	2.9443359375
10.87	2.94921875
10.871	2.94921875
10.872	2.94921875
10.873	2.958984375
10.874	2.9541015625
10.875	2.96875
10.876	2.9736328125
10.877	2.9736328125
10.878	2.978515625
10.879	2.96875
10.88	2.96875
10.881	2.9736328125
10.882	2.978515625
10.883	2.9833984375
10.884	2.9736328125
10.885	2.978515625
10.886	2.9736328125
10.887	2.978515625
10.888	2.9736328125
10.888996	2.978515625
10.890004	2.9736328125
10.891004	2.9736328125
10.892004	2.9736328125
10.893004	2.96875
10.894004	2.96875
10.895004	2.958984375
10.896	2.9638671875
10.897	2.9638671875
10.898	2.958984375
10.899	2.9541015625
10.9	2.94921875
10.901	2.9443359375
10.902	2.9443359375
10.903	2.939453125
10.904	2.9345703125
10.905	2.9248046875
10.906	2.9150390625
10.907	2.9150390625
10.908	2.91015625
10.909	2.91015625
10.91	2.8955078125
10.911	2.900390625
10.912	2.8955078125
10.913	2.8955078125
10.914	2.8857421875
10.915	2.8857421875
10.916	2.8857421875
10.917	2.8759765625
10.918	2.8662109375
10.919	2.87109375
10.92	2.8662109375
10.921	2.87109375
10.922	2.8662109375
10.923	2.861328125
10.924	2.8515625
10.925	2.8515625
10.926	2.8466796875
10.927	2.8466796875
10.928	2.8466796875
10.929	2.8515625
10.93	2.8515625
10.930996	2.8515625
10.932004	2.8515625
10.933	2.8515625
10.934004	2.8466796875
10.935004	2.8515625
10.936004	2.8515625
10.937004	2.8515625
10.938	2.861328125
10.939	2.861328125
10.94	2.8662109375
10.941	2.8564453125
10.942	2.861328125
10.943	2.8662109375
10.944	2.8662109375
10.945	2.8759765625
10.946	2.87109375
10.947	2.880859375
10.948	2.8857421875
10.949	2.880859375
10.95	2.8857421875
10.951	2.890625
10.952	2.890625
10.953	2.900390625
10.954	2.900390625
10.955	2.9150390625
10.956	2.9150390625
10.957	2.9248046875
10.958	2.9150390625
10.959	2.9296875
10.96	2.9296875
10.961	2.939453125
10.962	2.9443359375
10.963	2.9541015625
10.964	2.94921875
10.965	2.958984375
10.966	2.958984375
10.967	2.9638671875
10.968	2.96875
10.969	2.9638671875
10.97	2.96875
10.971	2.9736328125
10.972	2.96875
10.973	2.9736328125
10.974004	2.9736328125
10.975	2.9833984375
10.976004	2.9833984375
10.977004	2.96875
10.978004	2.978515625
10.979004	2.9833984375
10.980004	2.978515625
10.981	2.9736328125
10.982	2.978515625
10.983	2.9736328125
10.984	2.96875
10.985	2.96875
10.986	2.96875
10.987	2.9638671875
10.988	2.958984375
10.989	2.96875
10.99	2.9541015625
10.991	2.958984375
10.992	2.9541015625
10.993	2.94921875
10.994	2.939453125
10.995	2.9443359375
10.996	2.9345703125
10.997	2.9296875
10.998	2.9248046875
10.999	2.9150390625
11.0	2.9150390625
11.001	2.9052734375
11.002	2.91015625
11.003	2.900390625
11.004	2.900390625
11.005	2.8955078125
11.006	2.8955078125
11.007	2.880859375
11.008	2.880859375
11.009	2.8759765625
11.01	2.87109375
11.011	2.8759765625
11.012	2.87109375
11.013	2.8662109375
11.014	2.8662109375
11.015	2.87109375
11.016	2.861328125
11.016996	2.8515625
11.018004	2.8515625
11.019004	2.8515625
11.020004	2.8466796875
11.021004	2.8466796875
11.022004	2.841796875
11.023004	2.8466796875
11.024	2.841796875
11.025	2.8515625
11.026	2.8466796875
11.027	2.8466796875
11.028	2.8515625
11.029	2.8515625
11.03	2.8515625
11.031	2.8564453125
11.032	2.861328125
11.033	2.861328125
11.034	2.8564453125
11.035	2.8662109375
11.036	2.8662109375
11.037	2.8662109375
11.038	2.8759765625
11.039	2.8759765625
11.04	2.880859375
11.041	2.880859375
11.042	2.880859375
11.043	2.8955078125
11.044	2.8857421875
11.045	2.900390625
11.046	2.9052734375
11.047	2.91015625
11.048	2.91015625
11.049	2.919921875
11.05	2.9150390625
11.051	2.919921875
11.052	2.9150390625
11.053	2.9296875
11.054	2.9345703125
11.055	2.9345703125
11.056	2.9443359375
11.057	2.958984375
11.058	2.9541015625
11.058996	2.96875
11.060004	2.958984375
11.061	2.9638671875
11.062004	2.96875
11.063004	2.96875
11.064004	2.9736328125
11.065004	2.9736328125
11.066	2.9736328125
11.067	2.96875
11.068	2.96875
11.069	2.978515625
11.07	2.978515625
11.071	2.96875
11.072	2.978515625
11.073	2.9736328125
11.074	2.9736328125
11.075	2.9736328125
11.076	2.9736328125
11.077	2.9736328125
11.078	2.9736328125
11.079	2.9736328125
11.08	2.9638671875
11.081	2.9638671875
11.082	2.96875
11.083	2.9638671875
11.084	2.958984375
11.085	2.958984375
11.086	2.9443359375
11.087	2.939453125
11.088	2.9345703125
11.089	2.9345703125
11.09	2.9345703125
11.091	2.919921875
11.092	2.9248046875
11.093	2.91015625
11.094	2.9150390625
11.095	2.900390625
11.096	2.900390625
11.097	2.900390625
11.098	2.8955078125
11.099	2.8857421875
11.1	2.890625
11.101	2.8857421875
11.102004	2.880859375
11.103	2.880859375
11.104004	2.87109375
11.105004	2.8759765625
11.106004	2.87109375
11.107004	2.8662109375
11.108004	2.8662109375
11.109	2.8564453125
11.11	2.861328125
11.111	2.8515625
11.112	2.8515625
11.113	2.8515625
11.114	2.8466796875
11.115	2.8466796875
11.116	2.8515625
11.117	2.8466796875
11.118	2.841796875
11.119	2.8466796875
11.12	2.8466796875
11.121	2.8466796875
11.122	2.8515625
11.123	2.8515625
11.124	2.8466796875
11.125	2.861328125
11.126	2.861328125
11.127	2.8564453125
11.128	2.861328125
11.129	2.87109375
11.13	2.8662109375
11.131	2.8759765625
11.132	2.8759765625
11.133	2.8759765625
11.134	2.8759765625
11.135	2.8857421875
11.136	2.890625
11.137	2.900390625
11.138	2.900390625
11.139	2.9052734375
11.14	2.8955078125
11.141	2.91015625
11.142	2.9150390625
11.143	2.919921875
11.144	2.9248046875
11.144996	2.9296875
11.146004	2.9296875
11.147004	2.9345703125
11.148004	2.9345703125
11.149004	2.939453125
11.150004	2.94921875
11.151004	2.94921875
11.152	2.94921875
11.153	2.9638671875
11.154	2.96875
11.155	2.96875
11.156	2.958984375
11.157	2.96875
11.158	2.96875
11.159	2.96875
11.16	2.9736328125
11.161	2.9736328125
11.162	2.96875
11.163	2.9736328125
11.164	2.978515625
11.165	2.9736328125
11.166	2.9736328125
11.167	2.9736328125
11.168	2.9736328125
11.169	2.9736328125
11.17	2.9736328125
11.171	2.9736328125
11.172	2.9736328125
11.173	2.96875
11.174	2.9638671875
11.175	2.958984375
11.176	2.958984375
11.177	2.9541015625
11.178	2.9541015625
11.179	2.9541015625
11.18	2.9443359375
11.181	2.939453125
11.182	2.9296875
11.183	2.9296875
11.184	2.9248046875
11.185	2.919921875
11.186	2.9150390625
11.186996	2.91015625
11.188004	2.91015625
11.189	2.900390625
11.190004	2.900390625
11.191004	2.8955078125
11.192004	2.8857421875
11.193004	2.8857421875
11.194	2.8857421875
11.195	2.8759765625
11.196	2.8759765625
11.197	2.880859375
11.198	2.8662109375
11.199	2.8662109375
11.2	2.8662109375
11.201	2.8564453125
11.202	2.8662109375
11.203	2.8515625
11.204	2.8564453125
11.205	2.8515625
11.206	2.8515625
11.207	2.8515625
11.208	2.8466796875
11.209	2.8466796875
11.21	2.8466796875
11.211	2.8466796875
11.212	2.8515625
11.213	2.8515625
11.214	2.8515625
11.215	2.8564453125
11.216	2.861328125
11.217	2.861328125
11.218	2.8564453125
11.219	2.861328125
11.22	2.8662109375
11.221	2.87109375
11.222	2.87109375
11.223	2.880859375
11.224	2.8759765625
11.225	2.87109375
11.226	2.880859375
11.227	2.880859375
11.228	2.8857421875
11.229	2.8857421875
11.230004	2.8857421875
11.231	2.9052734375
11.232004	2.900390625
11.233004	2.9052734375
11.234004	2.91015625
11.235004	2.9150390625
11.236004	2.9248046875
11.237	2.9248046875
11.238	2.919921875
11.239	2.9296875
11.24	2.9296875
11.241	2.9443359375
11.242	2.94921875
11.243	2.94921875
11.244	2.9541015625
11.245	2.9541015625
11.246	2.958984375
11.247	2.958984375
11.248	2.9638671875
11.249	2.96875
11.25	2.9736328125
11.251	2.96875
11.252	2.96875
11.253	2.9736328125
11.254	2.978515625
11.255	2.9736328125
11.256	2.9736328125
11.257	2.9736328125
11.258	2.96875
11.259	2.98828125
11.26	2.96875
11.261	2.978515625
11.262	2.978515625
11.263	2.978515625
11.264	2.9736328125
11.265	2.9736328125
11.266	2.9638671875
11.267	2.9638671875
11.268	2.9541015625
11.269	2.958984375
11.27	2.958984375
11.271	2.9541015625
11.272	2.939453125
11.272996	2.9443359375
11.274004	2.939453125
11.275004	2.939453125
11.276004	2.939453125
11.277004	2.9296875
11.278004	2.9150390625
11.279004	2.919921875
11.28	2.91015625
11.281	2.9052734375
11.282	2.91015625
11.283	2.9052734375
11.284	2.900390625
11.285	2.8857421875
11.286	2.8857421875
11.287	2.890625
11.288	2.880859375
11.289	2.880859375
11.29	2.87109375
11.291	2.8662109375
11.292	2.8662109375
11.293	2.8564453125
11.294	2.8515625
11.295	2.8564453125
11.296	2.861328125
11.297	2.8564453125
11.298	2.8564453125
11.299	2.8466796875
11.3	2.8515625
11.301	2.8515625
11.302	2.841796875
11.303	2.8564453125
11.304	2.8515625
11.305	2.8466796875
11.306	2.8466796875
11.307	2.8515625
11.308	2.8564453125
11.309	2.8515625
11.31	2.8564453125
11.311	2.861328125
11.312	2.861328125
11.313	2.861328125
11.314	2.8564453125
11.314996	2.87109375
11.316004	2.8662109375
11.317	2.8759765625
11.318004	2.87109375
11.319004	2.8759765625
11.320004	2.880859375
11.321004	2.8857421875
11.322	2.890625
11.323	2.8955078125
11.324	2.890625
11.325	2.9052734375
11.326	2.91015625
11.327	2.9150390625
11.328	2.9150390625
11.329	2.9248046875
11.33	2.919921875
11.331	2.9248046875
11.332	2.9345703125
11.333	2.9345703125
11.334	2.939453125
11.335	2.939453125
11.336	2.9443359375
11.337	2.9541015625
11.338	2.94921875
11.339	2.94921875
11.34	2.96875
11.341	2.9638671875
11.342	2.9638671875
11.343	2.9638671875
11.344	2.9736328125
11.345	2.978515625
11.346	2.9736328125
11.347	2.9736328125
11.348	2.96875
11.349	2.978515625
11.35	2.978515625
11.351	2.978515625
11.352	2.9736328125
11.353	2.9736328125
11.354	2.9736328125
11.355	2.978515625
11.356	2.9736328125
11.357	2.9638671875
11.358004	2.9736328125
11.359	2.9638671875
11.360004	2.96875
11.361004	2.94921875
11.362004	2.9541015625
11.363004	2.94921875
11.364004	2.94921875
11.365	2.939453125
11.366	2.939453125
11.367	2.9443359375
11.368	2.9296875
11.369	2.9345703125
11.37	2.9248046875
11.371	2.919921875
11.372	2.91015625
11.373	2.91015625
11.374	2.91015625
11.375	2.9052734375
11.376	2.9052734375
11.377	2.900390625
11.378	2.890625
11.379	2.8857421875
11.38	2.890625
11.381	2.8759765625
11.382	2.880859375
11.383	2.87109375
11.384	2.87109375
11.385	2.87109375
11.386	2.87109375
11.387	2.8662109375
11.388	2.8564453125
11.389	2.8564453125
11.39	2.8564453125
11.391	2.8564453125
11.392	2.8466796875
11.393	2.8466796875
11.394	2.8564453125
11.395	2.8515625
11.396	2.8515625
11.397	2.8515625
11.398	2.8466796875
11.399	2.8515625
11.4	2.8515625
11.400996	2.8564453125
11.402004	2.8564453125
11.403004	2.8564453125
11.404004	2.8564453125
11.405004	2.861328125
11.406004	2.8662109375
11.407004	2.8662109375
11.408	2.8662109375
11.409	2.8662109375
11.41	2.87109375
11.411	2.8759765625
11.412	2.8857421875
11.413	2.880859375
11.414	2.8857421875
11.415	2.890625
11.416	2.900390625
11.417	2.8955078125
11.418	2.8955078125
11.419	2.900390625
11.42	2.9052734375
11.421	2.91015625
11.422	2.9248046875
11.423	2.919921875
11.424	2.9248046875
11.425	2.9296875
11.426	2.939453125
11.427	2.9345703125
11.428	2.939453125
11.429	2.94921875
11.43	2.94921875
11.431	2.9541015625
11.432	2.9541015625
11.433	2.9638671875
11.434	2.9638671875
11.435	2.9638671875
11.436	2.96875
11.437	2.9736328125
11.438	2.9736328125
11.439	2.9736328125
11.44	2.978515625
11.441	2.9736328125
11.442	2.96875
11.442996	2.9736328125
11.444004	2.96875
11.445	2.9736328125
11.446004	2.96875
11.447004	2.978515625
11.448004	2.96875
11.449004	2.9638671875
11.45	2.96875
11.451	2.958984375
11.452	2.9638671875
11.453	2.9541015625
11.454	2.9541015625
11.455	2.958984375
11.456	2.9541015625
11.457	2.94921875
11.458	2.9541015625
11.459	2.9443359375
11.46	2.9443359375
11.461	2.939453125
11.462	2.9345703125
11.463	2.9248046875
11.464	2.919921875
11.465	2.91015625
11.466	2.91015625
11.467	2.9052734375
11.468	2.91015625
11.469	2.8955078125
11.47	2.890625
11.471	2.8955078125
11.472	2.8955078125
11.473	2.880859375
11.474	2.880859375
11.475	2.8759765625
11.476	2.8759765625
11.477	2.8759765625
11.478	2.87109375
11.479	2.8759765625
11.48	2.8662109375
11.481	2.8662109375
11.482	2.8662109375
11.483	2.861328125
11.484	2.8564453125
11.485	2.8515625
11.486004	2.8515625
11.487	2.8515625
11.488004	2.8466796875
11.489004	2.8515625
11.490004	2.8515625
11.491004	2.8515625
11.492004	2.8515625
11.493	2.8515625
11.494	2.8564453125
11.495	2.8564453125
11.496	2.8564453125
11.497	2.861328125
11.498	2.861328125
11.499	2.8662109375
11.5	2.8662109375
11.501	2.8662109375
11.502	2.8662109375
11.503	2.8759765625
11.504	2.87109375
11.505	2.880859375
11.506	2.8857421875
11.507	2.890625
11.508	2.890625
11.509	2.890625
11.51	2.900390625
11.511	2.900390625
11.512	2.900390625
11.513	2.91015625
11.514	2.91015625
11.515	2.9150390625
11.516	2.9248046875
11.517	2.9248046875
11.518	2.9296875
11.519	2.939453125
11.52	2.9345703125
11.521	2.9443359375
11.522	2.9443359375
11.523	2.9541015625
11.524	2.9541015625
11.525	2.94921875
11.526	2.9541015625
11.527	2.9638671875
11.528	2.9638671875
11.528996	2.96875
11.530004	2.96875
11.531004	2.9736328125
11.532004	2.9736328125
11.533004	2.96875
11.534004	2.978515625
11.535004	2.96875
11.536	2.96875
11.537	2.96875
11.538	2.978515625
11.539	2.978515625
11.54	2.978515625
11.541	2.96875
11.542	2.96875
11.543	2.96875
11.544	2.96875
11.545	2.96875
11.546	2.9638671875
11.547	2.9638671875
11.548	2.958984375
11.549	2.94921875
11.55	2.9541015625
11.551	2.9443359375
11.552	2.939453125
11.553	2.939453125
11.554	2.939453125
11.555	2.9345703125
11.556	2.9248046875
11.557	2.9248046875
11.558	2.91015625
11.559	2.900390625
11.56	2.91015625
11.561	2.900390625
11.562	2.8955078125
11.563	2.890625
11.564	2.8955078125
11.565	2.8955078125
11.566	2.8857421875
11.567	2.8857421875
11.568	2.87109375
11.569	2.87109375
11.57	2.87109375
11.570996	2.8759765625
11.572004	2.8662109375
11.573	2.87109375
11.574004	2.8662109375
11.575004	2.8564453125
11.576004	2.861328125
11.577004	2.861328125
11.578	2.8515625
11.579	2.8564453125
11.58	2.8466796875
11.581	2.8515625
11.582	2.8515625
11.583	2.8466796875
11.584	2.8466796875
11.585	2.8564453125
11.586	2.8515625
11.587	2.861328125
11.588	2.861328125
11.589	2.861328125
11.59	2.8564453125
11.591	2.8662109375
11.592	2.87109375
11.593	2.87109375
11.594	2.87109375
11.595	2.87109375
11.596	2.8759765625
11.597	2.8759765625
11.598	2.880859375
11.599	2.880859375
11.6	2.8857421875
11.601	2.890625
11.602	2.890625
11.603	2.8955078125
11.604	2.8955078125
11.605	2.9052734375
11.606	2.91015625
11.607	2.9150390625
11.608	2.919921875
11.609	2.9248046875
11.61	2.9248046875
11.611	2.9296875
11.612	2.9296875
11.613	2.939453125
11.614004	2.939453125
11.615	2.9443359375
11.616004	2.94921875
11.617004	2.94921875
11.618004	2.94921875
11.619004	2.958984375
11.620004	2.9638671875
11.621	2.9638671875
11.622	2.96875
11.623	2.96875
11.624	2.9638671875
11.625	2.96875
11.626	2.9736328125
11.627	2.978515625
11.628	2.978515625
11.629	2.978515625
11.63	2.9833984375
11.631	2.9736328125
11.632	2.9736328125
11.633	2.978515625
11.634	2.96875
11.635	2.9638671875
11.636	2.9638671875
11.637	2.96875
11.638	2.9541015625
11.639	2.9638671875
11.64	2.958984375
11.641	2.9541015625
11.642	2.9541015625
11.643	2.94921875
11.644	2.939453125
11.645	2.9443359375
11.646	2.9345703125
11.647	2.939453125
11.648	2.9248046875
11.649	2.9248046875
11.65	2.919921875
11.651	2.9150390625
11.652	2.9150390625
11.653	2.9052734375
11.654	2.9052734375
11.655	2.900390625
11.656	2.8955078125
11.656996	2.890625
11.658004	2.890625
11.659004	2.8955078125
11.660004	2.8857421875
11.661004	2.880859375
11.662004	2.8759765625
11.663004	2.8759765625
11.664	2.87109375
11.665	2.87109375
11.666	2.87109375
11.667	2.861328125
11.668	2.861328125
11.669	2.8564453125
11.67	2.861328125
11.671	2.8564453125
11.672	2.8515625
11.673	2.8515625
11.674	2.8515625
11.675	2.8515625
11.676	2.8564453125
11.677	2.8564453125
11.678	2.8564453125
11.679	2.8564453125
11.68	2.861328125
11.681	2.8564453125
11.682	2.8662109375
11.683	2.8662109375
11.684	2.861328125
11.685	2.861328125
11.686	2.87109375
11.687	2.87109375
11.688	2.8759765625
11.689	2.8662109375
11.69	2.8759765625
11.691	2.8759765625
11.692	2.8857421875
11.693	2.880859375
11.694	2.8955078125
11.695	2.900390625
11.696	2.900390625
11.697	2.900390625
11.698	2.91015625
11.698996	2.9052734375
11.700004	2.91015625
11.701	2.9150390625
11.702004	2.9150390625
11.703004	2.9248046875
11.704004	2.919921875
11.705004	2.9345703125
11.706	2.939453125
11.707	2.9443359375
11.708	2.939453125
11.709	2.94921875
11.71	2.94921875
11.711	2.94921875
11.712	2.9638671875
11.713	2.9638671875
11.714	2.958984375
11.715	2.96875
11.716	2.9638671875
11.717	2.96875
11.718	2.9736328125
11.719	2.9736328125
11.72	2.9736328125
11.721	2.978515625
11.722	2.9736328125
11.723	2.978515625
11.724	2.9736328125
11.725	2.9736328125
11.726	2.9736328125
11.727	2.96875
11.728	2.9736328125
11.729	2.9638671875
11.73	2.958984375
11.731	2.9541015625
11.732	2.9541015625
11.733	2.958984375
11.734	2.94921875
11.735	2.9443359375
11.736	2.94921875
11.737	2.9443359375
11.738	2.9443359375
11.739	2.939453125
11.74	2.939453125
11.741	2.9296875
11.742004	2.9248046875
11.743	2.919921875
11.744004	2.91015625
11.745004	2.91015625
11.746004	2.9150390625
11.747004	2.91015625
11.748004	2.8955078125
11.749	2.900390625
11.75	2.8955078125
11.751	2.8955078125
11.752	2.890625
11.753	2.8955078125
11.754	2.880859375
11.755	2.8759765625
11.756	2.8759765625
11.757	2.8662109375
11.758	2.8662109375
11.759	2.87109375
11.76	2.8662109375
11.761	2.8662109375
11.762	2.861328125
11.763	2.8564453125
11.764	2.8564453125
11.765	2.8564453125
11.766	2.8466796875
11.767	2.8564453125
11.768	2.8466796875
11.769	2.8564453125
11.77	2.8564453125
11.771	2.8515625
11.772	2.8515625
11.773	2.861328125
11.774	2.8564453125
11.775	2.8564453125
11.776	2.8564453125
11.777	2.8662109375
11.778	2.861328125
11.779	2.8662109375
11.78	2.87109375
11.781	2.87109375
11.782	2.87109375
11.783	2.880859375
11.784	2.8759765625
11.784996	2.8857421875
11.786004	2.8857421875
11.787004	2.8955078125
11.788004	2.890625
11.789004	2.900390625
11.790004	2.900390625
11.791004	2.9052734375
11.792	2.9052734375
11.793	2.9150390625
11.794	2.91015625
11.795	2.919921875
11.796	2.9150390625
11.797	2.9248046875
11.798	2.9345703125
11.799	2.939453125
11.8	2.939453125
11.801	2.939453125
11.802	2.9443359375
11.803	2.94921875
11.804	2.94921875
11.805	2.9541015625
11.806	2.958984375
11.807	2.9638671875
11.808	2.96875
11.809	2.9638671875
11.81	2.96875
11.811	2.96875
11.812	2.9736328125
11.813	2.96875
11.814	2.9736328125
11.815	2.9736328125
11.816	2.9736328125
11.817	2.96875
11.818	2.96875
11.819	2.96875
11.82	2.96875
11.821	2.96875
11.822	2.9638671875
11.823	2.96875
11.824	2.958984375
11.825	2.9541015625
11.826	2.9541015625
11.826996	2.958984375
11.828004	2.9541015625
11.829	2.94921875
11.830004	2.9443359375
11.831004	2.9443359375
11.832004	2.939453125
11.833004	2.9345703125
11.834	2.9296875
11.835	2.9296875
11.836	2.919921875
11.837	2.9150390625
11.838	2.91015625
11.839	2.9052734375
11.84	2.91015625
11.841	2.900390625
11.842	2.9052734375
11.843	2.8955078125
11.844	2.8955078125
11.845	2.890625
11.846	2.8857421875
11.847	2.8759765625
11.848	2.8759765625
11.849	2.87109375
11.85	2.8662109375
11.851	2.8662109375
11.852	2.8759765625
11.853	2.87109375
11.854	2.861328125
11.855	2.861328125
11.856	2.8662109375
11.857	2.8564453125
11.858	2.8515625
11.859	2.8564453125
11.86	2.8564453125
11.861	2.8466796875
11.862	2.8515625
11.863	2.8564453125
11.864	2.8564453125
11.865	2.8564453125
11.866	2.8564453125
11.867	2.861328125
11.868	2.8662109375
11.869	2.861328125
11.870004	2.8662109375
11.871	2.87109375
11.872004	2.8662109375
11.873004	2.87109375
11.874004	2.87109375
11.875004	2.87109375
11.876004	2.8759765625
11.877	2.8857421875
11.878	2.8759765625
11.879	2.880859375
11.88	2.890625
11.881	2.8955078125
11.882	2.9052734375
11.883	2.9052734375
11.884	2.9052734375
11.885	2.91015625
11.886	2.91015625
11.887	2.9150390625
11.888	2.919921875
11.889	2.919921875
11.89	2.919921875
11.891	2.9248046875
11.892	2.939453125
11.893	2.9345703125
11.894	2.9443359375
11.895	2.939453125
11.896	2.94921875
11.897	2.9541015625
11.898	2.9541015625
11.899	2.9541015625
11.9	2.9638671875
11.901	2.958984375
11.902	2.96875
11.903	2.96875
11.904	2.96875
11.905	2.9638671875
11.906	2.96875
11.907	2.96875
11.908	2.9736328125
11.909	2.96875
11.91	2.9736328125
11.911	2.9736328125
11.912	2.96875
11.912996	2.978515625
11.914004	2.9638671875
11.915004	2.9736328125
11.916004	2.9638671875
11.917004	2.9638671875
11.918004	2.9541015625
11.919004	2.9541015625
11.92	2.9541015625
11.921	2.9541015625
11.922	2.9443359375
11.923	2.94921875
11.924	2.9443359375
11.925	2.939453125
11.926	2.9345703125
11.927	2.9248046875
11.928	2.9296875
11.929	2.9150390625
11.93	2.919921875
11.931	2.91015625
11.932	2.91015625
11.933	2.91015625
11.934	2.900390625
11.935	2.8955078125
11.936	2.900390625
11.937	2.8955078125
11.938	2.8857421875
11.939	2.8857421875
11.94	2.880859375
11.941	2.880859375
11.942	2.87109375
11.943	2.8759765625
11.944	2.8662109375
11.945	2.87109375
11.946	2.87109375
11.947	2.8662109375
11.948	2.861328125
11.949	2.861328125
11.95	2.861328125
11.951	2.8564453125
11.952	2.8515625
11.953	2.8515625
11.954	2.8515625
11.954996	2.8515625
11.956004	2.861328125
11.957	2.861328125
11.958004	2.861328125
11.959004	2.861328125
11.960004	2.8662109375
11.961004	2.8564453125
11.962	2.8662109375
11.963	2.87109375
11.964	2.87109375
11.965	2.87109375
11.966	2.8662109375
11.967	2.87109375
11.968	2.8759765625
11.969	2.8759765625
11.97	2.880859375
11.971	2.8857421875
11.972	2.890625
11.973	2.8955078125
11.974	2.8955078125
11.975	2.900390625
11.976	2.8955078125
11.977	2.91015625
11.978	2.900390625
11.979	2.9150390625
11.98	2.9150390625
11.981	2.919921875
11.982	2.9248046875
11.983	2.9296875
11.984	2.9345703125
11.985	2.9296875
11.986	2.939453125
11.987	2.939453125
11.988	2.94921875
11.989	2.9443359375
11.99	2.94921875
11.991	2.958984375
11.992	2.958984375
11.993	2.958984375
11.994	2.958984375
11.995	2.9638671875
11.996	2.96875
11.997	2.9736328125
11.998004	2.96875
11.999	2.9736328125
12.000004	2.9736328125
12.001004	2.96875
12.002004	2.9736328125
12.003004	2.96875
12.004004	2.96875
12.005	2.9736328125
12.006	2.96875
12.007	2.9638671875
12.008	2.96875
12.009	2.9638671875
12.01	2.9638671875
12.011	2.9638671875
12.012	2.958984375
12.013	2.94921875
12.014	2.94921875
12.015	2.9541015625
12.016	2.9443359375
12.017	2.9443359375
12.018	2.939453125
12.019	2.9296875
12.02	2.9248046875
12.021	2.9296875
12.022	2.9248046875
12.023	2.919921875
12.024	2.9052734375
12.025	2.9052734375
12.026	2.91015625
12.027	2.900390625
12.028	2.900390625
12.029	2.890625
12.03	2.890625
12.031	2.8857421875
12.032	2.8857421875
12.033	2.8857421875
12.034	2.8759765625
12.035	2.8759765625
12.036	2.87109375
12.037	2.8662109375
12.038	2.8759765625
12.039	2.8662109375
12.04	2.8662109375
12.040996	2.861328125
12.042004	2.8564453125
12.043004	2.87109375
12.044004	2.861328125
12.045004	2.8564453125
12.046004	2.861328125
12.047004	2.8564453125
12.048	2.8515625
12.049	2.8564453125
12.05	2.861328125
12.051	2.861328125
12.052	2.861328125
12.053	2.861328125
12.054	2.861328125
12.055	2.861328125
12.056	2.87109375
12.057	2.87109375
12.058	2.87109375
12.059	2.8662109375
12.06	2.87109375
12.061	2.8759765625
12.062	2.880859375
12.063	2.880859375
12.064	2.880859375
12.065	2.8857421875
12.066	2.890625
12.067	2.8955078125
12.068	2.8955078125
12.069	2.8955078125
12.07	2.9052734375
12.071	2.9052734375
12.072	2.9052734375
12.073	2.9150390625
12.074	2.919921875
12.075	2.9248046875
12.076	2.919921875
12.077	2.9296875
12.078	2.9443359375
12.079	2.9345703125
12.08	2.939453125
12.081	2.939453125
12.082	2.94921875
12.082996	2.9443359375
12.084004	2.94921875
12.085	2.9541015625
12.086004	2.9541015625
12.087004	2.9541015625
12.088004	2.958984375
12.089004	2.9638671875
12.09	2.96875
12.091	2.96875
12.092	2.96875
12.093	2.96875
12.094	2.9736328125
12.095	2.96875
12.096	2.96875
12.097	2.9638671875
12.098	2.96875
12.099	2.96875
12.1	2.96875
12.101	2.96875
12.102	2.9638671875
12.103	2.958984375
12.104	2.9638671875
12.105	2.958984375
12.106	2.958984375
12.107	2.9541015625
12.108	2.9541015625
12.109	2.939453125
12.11	2.939453125
12.111	2.939453125
12.112	2.9296875
12.113	2.9296875
12.114	2.919921875
12.115	2.919921875
12.116	2.9150390625
12.117	2.9052734375
12.118	2.9052734375
12.119	2.91015625
12.12	2.900390625
12.121	2.9052734375
12.122	2.8955078125
12.123	2.890625
12.124	2.8857421875
12.125	2.880859375
12.126004	2.8857421875
12.127	2.880859375
12.128004	2.880859375
12.129004	2.8759765625
12.130004	2.8759765625
12.131004	2.87109375
12.132004	2.87109375
12.133	2.8662109375
12.134	2.861328125
12.135	2.8662109375
12.136	2.861328125
12.137	2.8564453125
12.138	2.861328125
12.139	2.8662109375
12.14	2.8564453125
12.141	2.8564453125
12.142	2.8515625
12.143	2.861328125
12.144	2.861328125
12.145	2.8662109375
12.146	2.861328125
12.147	2.861328125
12.148	2.8564453125
12.149	2.8662109375
12.15	2.87109375
12.151	2.87109375
12.152	2.8662109375
12.153	2.87109375
12.154	2.880859375
12.155	2.880859375
12.156	2.8857421875
12.157	2.8857421875
12.158	2.8857421875
12.159	2.890625
12.16	2.900390625
12.161	2.900390625
12.162	2.9052734375
12.163	2.91015625
12.164	2.9052734375
12.165	2.91015625
12.166	2.91015625
12.167	2.9150390625
12.168	2.9150390625
12.168996	2.919921875
12.170004	2.9345703125
12.171004	2.9248046875
12.172004	2.939453125
12.173004	2.9296875
12.174004	2.939453125
12.175004	2.94921875
12.176	2.9541015625
12.177	2.9541015625
12.178	2.9541015625
12.179	2.9541015625
12.18	2.9638671875
12.181	2.96875
12.182	2.9638671875
12.183	2.9638671875
12.184	2.96875
12.185	2.9638671875
12.186	2.96875
12.187	2.9638671875
12.188	2.9638671875
12.189	2.96875
12.19	2.9638671875
12.191	2.96875
12.192	2.96875
12.193	2.958984375
12.194	2.9638671875
12.195	2.96875
12.196	2.958984375
12.197	2.9638671875
12.198	2.9541015625
12.199	2.9541015625
12.2	2.9541015625
12.201	2.9443359375
12.202	2.94921875
12.203	2.939453125
12.204	2.9443359375
12.205	2.939453125
12.206	2.9345703125
12.207	2.9296875
12.208	2.9150390625
12.209	2.919921875
12.21	2.91015625
12.210996	2.9150390625
12.212004	2.9052734375
12.213	2.900390625
12.214004	2.900390625
12.215004	2.900390625
12.216004	2.890625
12.217004	2.8857421875
12.218	2.890625
12.219	2.890625
12.22	2.8759765625
12.221	2.8759765625
12.222	2.87109375
12.223	2.87109375
12.224	2.87109375
12.225	2.8662109375
12.226	2.87109375
12.227	2.8662109375
12.228	2.8662109375
12.229	2.8564453125
12.23	2.8662109375
12.231	2.861328125
12.232	2.861328125
12.233	2.861328125
12.234	2.8564453125
12.235	2.861328125
12.236	2.861328125
12.237	2.8564453125
12.238	2.8662109375
12.239	2.8662109375
12.24	2.8662109375
12.241	2.8662109375
12.242	2.87109375
12.243	2.87109375
12.244	2.8662109375
12.245	2.8759765625
12.246	2.8759765625
12.247	2.8759765625
12.248	2.8857421875
12.249	2.8857421875
12.25	2.880859375
12.251	2.8857421875
12.252	2.890625
12.253	2.890625
12.254004	2.900390625
12.255	2.9052734375
12.256004	2.9052734375
12.257004	2.91015625
12.258004	2.91015625
12.259004	2.9150390625
12.260004	2.9150390625
12.261	2.9296875
12.262	2.9248046875
12.263	2.9248046875
12.264	2.9345703125
12.265	2.9296875
12.266	2.939453125
12.267	2.939453125
12.268	2.9541015625
12.269	2.958984375
12.27	2.9541015625
12.271	2.958984375
12.272	2.958984375
12.273	2.958984375
12.274	2.958984375
12.275	2.958984375
12.276	2.9638671875
12.277	2.9638671875
12.278	2.9638671875
12.279	2.9638671875
12.28	2.9638671875
12.281	2.9638671875
12.282	2.96875
12.283	2.9736328125
12.284	2.96875
12.285	2.9638671875
12.286	2.9638671875
12.287	2.958984375
12.288	2.9638671875
12.289	2.9541015625
12.29	2.9541015625
12.291	2.958984375
12.292	2.94921875
12.293	2.9541015625
12.294	2.9443359375
12.295	2.939453125
12.296	2.9443359375
12.296996	2.9345703125
12.298004	2.9345703125
12.299004	2.9296875
12.300004	2.9248046875
12.301004	2.919921875
12.302004	2.9150390625
12.303004	2.91015625
12.304	2.91015625
12.305	2.91015625
12.306	2.9052734375
12.307	2.8955078125
12.308	2.900390625
12.309	2.8955078125
12.31	2.890625
12.311	2.880859375
12.312	2.8857421875
12.313	2.880859375
12.314	2.87109375
12.315	2.87109375
12.316	2.8759765625
12.317	2.8662109375
12.318	2.87109375
12.319	2.87109375
12.32	2.8662109375
12.321	2.8662109375
12.322	2.861328125
12.323	2.8564453125
12.324	2.861328125
12.325	2.861328125
12.326	2.861328125
12.327	2.861328125
12.328	2.8564453125
12.329	2.87109375
12.33	2.8662109375
12.331	2.861328125
12.332	2.8662109375
12.333	2.861328125
12.334	2.861328125
12.335	2.8759765625
12.336	2.8662109375
12.337	2.861328125
12.338	2.8662109375
12.338996	2.8759765625
12.340004	2.87109375
12.341	2.880859375
12.342004	2.880859375
12.343004	2.8857421875
12.344004	2.8857421875
12.345004	2.890625
12.346	2.8955078125
12.347	2.8955078125
12.348	2.9052734375
12.349	2.91015625
12.35	2.9052734375
12.351	2.9052734375
12.352	2.91015625
12.353	2.91015625
12.354	2.9248046875
12.355	2.9248046875
12.356	2.9296875
12.357	2.9296875
12.358	2.9345703125
12.359	2.939453125
12.36	2.9443359375
12.361	2.94921875
12.362	2.94921875
12.363	2.9541015625
12.364	2.9541015625
12.365	2.958984375
12.366	2.958984375
12.367	2.9638671875
12.368	2.958984375
12.369	2.9638671875
12.37	2.96875
12.371	2.96875
12.372	2.9638671875
12.373	2.96875
12.374	2.9638671875
12.375	2.96875
12.376	2.9638671875
12.377	2.9638671875
12.378	2.96875
12.379	2.9638671875
12.38	2.958984375
12.381	2.9541015625
12.382004	2.958984375
12.383	2.9541015625
12.384004	2.9541015625
12.385004	2.9541015625
12.386004	2.94921875
12.387004	2.9443359375
12.388004	2.939453125
12.389	2.939453125
12.39	2.939453125
12.391	2.9345703125
12.392	2.9345703125
12.393	2.9248046875
12.394	2.9296875
12.395	2.9150390625
12.396	2.91015625
12.397	2.91015625
12.398	2.9052734375
12.399	2.9052734375
12.4	2.9052734375
12.401	2.8955078125
12.402	2.8955078125
12.403	2.8857421875
12.404	2.8857421875
12.405	2.880859375
12.406	2.880859375
12.407	2.8857421875
12.408	2.8759765625
12.409	2.8759765625
12.41	2.8759765625
12.411	2.8662109375
12.412	2.87109375
12.413	2.8662109375
12.414	2.861328125
12.415	2.861328125
12.416	2.8662109375
12.417	2.8564453125
12.418	2.8662109375
12.419	2.861328125
12.42	2.861328125
12.421	2.861328125
12.422	2.8662109375
12.423	2.8662109375
12.424	2.861328125
12.424996	2.861328125
12.426004	2.8662109375
12.427004	2.87109375
12.428004	2.861328125
12.429004	2.8662109375
12.430004	2.87109375
12.431004	2.8759765625
12.432	2.8662109375
12.433	2.8759765625
12.434	2.87109375
12.435	2.880859375
12.436	2.8857421875
12.437	2.890625
12.438	2.8955078125
12.439	2.8955078125
12.44	2.8955078125
12.441	2.900390625
12.442	2.900390625
12.443	2.900390625
12.444	2.9150390625
12.445	2.9150390625
12.446	2.919921875
12.447	2.9248046875
12.448	2.919921875
12.449	2.9345703125
12.45	2.9248046875
12.451	2.939453125
12.452	2.9345703125
12.453	2.9345703125
12.454	2.939453125
12.455	2.94921875
12.456	2.9541015625
12.457	2.958984375
12.458	2.9541015625
12.459	2.9541015625
12.46	2.9638671875
12.461	2.9638671875
12.462	2.9638671875
12.463	2.9638671875
12.464	2.96875
12.465	2.9638671875
12.466	2.9638671875
12.466996	2.96875
12.468004	2.9638671875
12.469	2.96875
12.470004	2.958984375
12.471004	2.96875
12.472004	2.9638671875
12.473004	2.958984375
12.474	2.9541015625
12.475	2.958984375
12.476	2.9541015625
12.477	2.9443359375
12.478	2.958984375
12.479	2.9541015625
12.48	2.939453125
12.481	2.94921875
12.482	2.9443359375
12.483	2.939453125
12.484	2.9296875
12.485	2.9296875
12.486	2.919921875
12.487	2.9150390625
12.488	2.9248046875
12.489	2.91015625
12.49	2.91015625
12.491	2.91015625
12.492	2.9052734375
12.493	2.8955078125
12.494	2.8955078125
12.495	2.8955078125
12.496	2.8955078125
12.497	2.880859375
12.498	2.8857421875
12.499	2.8759765625
12.5	2.880859375
12.501	2.880859375
12.502	2.87109375
12.503	2.87109375
12.504	2.8662109375
12.505	2.87109375
12.506	2.8662109375
12.507	2.8662109375
12.508	2.861328125
12.509	2.8564453125
12.510004	2.8564453125
12.511	2.861328125
12.512004	2.8662109375
12.513004	2.8564453125
12.514004	2.861328125
12.515004	2.8564453125
12.516004	2.8564453125
12.517	2.8662109375
12.518	2.8662109375
12.519	2.8662109375
12.52	2.8662109375
12.521	2.8662109375
12.522	2.87109375
12.523	2.87109375
12.524	2.8759765625
12.525	2.8759765625
12.526	2.880859375
12.527	2.880859375
12.528	2.8759765625
12.529	2.890625
12.53	2.8857421875
12.531	2.900390625
12.532	2.900390625
12.533	2.890625
12.534	2.9052734375
12.535	2.9052734375
12.536	2.9052734375
12.537	2.9052734375
12.538	2.91015625
12.539	2.9248046875
12.54	2.9248046875
12.541	2.9150390625
12.542	2.9345703125
12.543	2.9345703125
12.544	2.9345703125
12.545	2.9443359375
12.546	2.939453125
12.547	2.9443359375
12.548	2.94921875
12.549	2.958984375
12.55	2.9443359375
12.551	2.94921875
12.552	2.958984375
12.552996	2.9541015625
12.554004	2.96875
12.555004	2.958984375
12.556004	2.9638671875
12.557004	2.9638671875
12.558004	2.958984375
12.559004	2.9638671875
12.56	2.96875
12.561	2.9736328125
12.562	2.958984375
12.563	2.96875
12.564	2.9638671875
12.565	2.9541015625
12.566	2.96875
12.567	2.958984375
12.568	2.9638671875
12.569	2.9541015625
12.57	2.9541015625
12.571	2.94921875
12.572	2.94921875
12.573	2.9443359375
12.574	2.9443359375
12.575	2.9443359375
12.576	2.939453125
12.577	2.939453125
12.578	2.9296875
12.579	2.9248046875
12.58	2.9296875
12.581	2.919921875
12.582	2.919921875
12.583	2.91015625
12.584	2.91015625
12.585	2.900390625
12.586	2.900390625
12.587	2.8955078125
12.588	2.8857421875
12.589	2.8857421875
12.59	2.8857421875
12.591	2.890625
12.592	2.8857421875
12.593	2.880859375
12.594	2.8759765625
12.594996	2.8662109375
12.596004	2.87109375
12.597	2.87109375
12.598004	2.8662109375
12.599004	2.8662109375
12.600004	2.861328125
12.601004	2.8662109375
12.602	2.8662109375
12.603	2.8662109375
12.604	2.861328125
12.605	2.8662109375
12.606	2.861328125
12.607	2.8564453125
12.608	2.8564453125
12.609	2.8662109375
12.61	2.861328125
12.611	2.8662109375
12.612	2.8662109375
12.613	2.87109375
12.614	2.87109375
12.615	2.8662109375
12.616	2.8759765625
12.617	2.8662109375
12.618	2.8759765625
12.619	2.880859375
12.62	2.8857421875
12.621	2.8857421875
12.622	2.880859375
12.623	2.8857421875
12.624	2.890625
12.625	2.8955078125
12.626	2.900390625
12.627	2.9052734375
12.628	2.9052734375
12.629	2.91015625
12.63	2.9052734375
12.631	2.91015625
12.632	2.91015625
12.633	2.9248046875
12.634	2.9248046875
12.635	2.9296875
12.636	2.9296875
12.637	2.9248046875
12.638004	2.9345703125
12.639	2.9443359375
12.640004	2.9345703125
12.641004	2.9443359375
12.642004	2.9541015625
12.643004	2.958984375
12.644004	2.9541015625
12.645	2.9638671875
12.646	2.9541015625
12.647	2.958984375
12.648	2.9638671875
12.649	2.9638671875
12.65	2.958984375
12.651	2.96875
12.652	2.9638671875
12.653	2.9638671875
12.654	2.96875
12.655	2.96875
12.656	2.958984375
12.657	2.958984375
12.658	2.958984375
12.659	2.9638671875
12.66	2.94921875
12.661	2.958984375
12.662	2.958984375
12.663	2.9541015625
12.664	2.9541015625
12.665	2.9541015625
12.666	2.939453125
12.667	2.939453125
12.668	2.939453125
12.669	2.9345703125
12.67	2.9296875
12.671	2.9296875
12.672	2.9248046875
12.673	2.9248046875
12.674	2.919921875
12.675	2.91015625
12.676	2.91015625
12.677	2.91015625
12.678	2.91015625
12.679	2.9052734375
12.68	2.8955078125
12.680996	2.900390625
12.682004	2.8857421875
12.683004	2.880859375
12.684004	2.880859375
12.685004	2.880859375
12.686004	2.880859375
12.687004	2.87109375
12.688	2.880859375
12.689	2.8759765625
12.69	2.87109375
12.691	2.87109375
12.692	2.87109375
12.693	2.87109375
12.694	2.8662109375
12.695	2.8662109375
12.696	2.87109375
12.697	2.8662109375
12.698	2.861328125
12.699	2.87109375
12.7	2.861328125
12.701	2.87109375
12.702	2.8662109375
12.703	2.8662109375
12.704	2.8662109375
12.705	2.8662109375
12.706	2.87109375
12.707	2.87109375
12.708	2.87109375
12.709	2.87109375
12.71	2.8759765625
12.711	2.87109375
12.712	2.8759765625
12.713	2.880859375
12.714	2.8857421875
12.715	2.8857421875
12.716	2.8857421875
12.717	2.8955078125
12.718	2.8955078125
12.719	2.900390625
12.72	2.900390625
12.721	2.9052734375
12.722	2.9052734375
12.722996	2.9052734375
12.724004	2.91015625
12.725	2.9150390625
12.726004	2.9248046875
12.727004	2.919921875
12.728004	2.919921875
12.729004	2.9296875
12.73	2.9345703125
12.731	2.9345703125
12.732	2.939453125
12.733	2.939453125
12.734	2.94921875
12.735	2.9541015625
12.736	2.94921875
12.737	2.9638671875
12.738	2.958984375
12.739	2.958984375
12.74	2.958984375
12.741	2.96875
12.742	2.9638671875
12.743	2.9638671875
12.744	2.9541015625
12.745	2.958984375
12.746	2.9638671875
12.747	2.9638671875
12.748	2.96875
12.749	2.9638671875
12.75	2.958984375
12.751	2.9638671875
12.752	2.9541015625
12.753	2.96875
12.754	2.958984375
12.755	2.9541015625
12.756	2.9541015625
12.757	2.9541015625
12.758	2.9541015625
12.759	2.94921875
12.76	2.939453125
12.761	2.939453125
12.762	2.939453125
12.763	2.9296875
12.764	2.9296875
12.765	2.9248046875
12.766004	2.9248046875
12.767	2.9150390625
12.768004	2.9150390625
12.769004	2.9150390625
12.770004	2.9150390625
12.771004	2.9052734375
12.772004	2.9052734375
12.773	2.900390625
12.774	2.8857421875
12.775	2.890625
12.776	2.8857421875
12.777	2.8857421875
12.778	2.880859375
12.779	2.8759765625
12.78	2.87109375
12.781	2.8759765625
12.782	2.8662109375
12.783	2.8662109375
12.784	2.87109375
12.785	2.8662109375
12.786	2.8662109375
12.787	2.87109375
12.788	2.8662109375
12.789	2.8662109375
12.79	2.8662109375
12.791	2.8662109375
12.792	2.861328125
12.793	2.8662109375
12.794	2.8662109375
12.795	2.8662109375
12.796	2.861328125
12.797	2.8662109375
12.798	2.8662109375
12.799	2.87109375
12.8	2.8662109375
12.801	2.87109375
12.802	2.87109375
12.803	2.8662109375
12.804	2.87109375
12.805	2.880859375
12.806	2.8857421875
12.807	2.880859375
12.808	2.8857421875
12.808996	2.8857421875
12.810004	2.8955078125
12.811004	2.890625
12.812004	2.900390625
12.813004	2.900390625
12.814004	2.900390625
12.815004	2.900390625
12.816	2.9052734375
12.817	2.9052734375
12.818	2.9150390625
12.819	2.919921875
12.82	2.919921875
12.821	2.9248046875
12.822	2.919921875
12.823	2.9296875
12.824	2.9345703125
12.825	2.939453125
12.826	2.9443359375
12.827	2.9443359375
12.828	2.94921875
12.829	2.94921875
12.83	2.9541015625
12.831	2.94921875
12.832	2.958984375
12.833	2.958984375
12.834	2.958984375
12.835	2.958984375
12.836	2.9638671875
12.837	2.9638671875
12.838	2.958984375
12.839	2.9736328125
12.84	2.9638671875
12.841	2.9638671875
12.842	2.9541015625
12.843	2.9638671875
12.844	2.958984375
12.845	2.9541015625
12.846	2.9541015625
12.847	2.94921875
12.848	2.94921875
12.849	2.9541015625
12.85	2.94921875
12.850996	2.94921875
12.852004	2.9541015625
12.853	2.939453125
12.854004	2.939453125
12.855004	2.9345703125
12.856004	2.9248046875
12.857004	2.9296875
12.858	2.919921875
12.859	2.9296875
12.86	2.9150390625
12.861	2.9052734375
12.862	2.91015625
12.863	2.9052734375
12.864	2.9052734375
12.865	2.9052734375
12.866	2.900390625
12.867	2.8857421875
12.868	2.8955078125
12.869	2.890625
12.87	2.8857421875
12.871	2.880859375
12.872	2.8759765625
12.873	2.8857421875
12.874	2.87109375
12.875	2.8759765625
12.876	2.87109375
12.877	2.8662109375
12.878	2.87109375
12.879	2.87109375
12.88	2.861328125
12.881	2.8662109375
12.882	2.87109375
12.883	2.8662109375
12.884	2.87109375
12.885	2.87109375
12.886	2.87109375
12.887	2.861328125
12.888	2.861328125
12.889	2.87109375
12.89	2.8662109375
12.891	2.8662109375
12.892	2.8662109375
12.893	2.8662109375
12.894004	2.8662109375
12.895	2.8759765625
12.896004	2.87109375
12.897004	2.87109375
12.898004	2.880859375
12.899004	2.880859375
12.900004	2.8857421875
12.901	2.890625
12.902	2.880859375
12.903	2.8857421875
12.904	2.8955078125
12.905	2.9052734375
12.906	2.900390625
12.907	2.900390625
12.908	2.91015625
12.909	2.9052734375
12.91	2.91015625
12.911	2.9150390625
12.912	2.919921875
12.913	2.9248046875
12.914	2.9296875
12.915	2.9345703125
12.916	2.9345703125
12.917	2.939453125
12.918	2.939453125
12.919	2.9345703125
12.92	2.94921875
12.921	2.94921875
12.922	2.9443359375
12.923	2.94921875
12.924	2.9541015625
12.925	2.9638671875
12.926	2.9541015625
12.927	2.958984375
12.928	2.9638671875
12.929	2.9541015625
12.93	2.9638671875
12.931	2.958984375
12.932	2.958984375
12.933	2.9541015625
12.934	2.9638671875
12.935	2.958984375
12.936	2.96875
12.936996	2.9638671875
12.938004	2.958984375
12.939004	2.958984375
12.940004	2.94921875
12.941004	2.9541015625
12.942004	2.94921875
12.943004	2.94921875
12.944	2.94921875
12.945	2.9443359375
12.946	2.9345703125
12.947	2.9443359375
12.948	2.9443359375
12.949	2.9248046875
12.95	2.919921875
12.951	2.9296875
12.952	2.9248046875
12.953	2.919921875
12.954	2.91015625
12.955	2.91015625
12.956	2.91015625
12.957	2.9052734375
12.958	2.9052734375
12.959	2.9052734375
12.96	2.8955078125
12.961	2.890625
12.962	2.890625
12.963	2.8857421875
12.964	2.890625
12.965	2.8759765625
12.966	2.880859375
12.967	2.8759765625
12.968	2.87109375
12.969	2.87109375
12.97	2.87109375
12.971	2.87109375
12.972	2.87109375
12.973	2.8759765625
12.974	2.87109375
12.975	2.8662109375
12.976	2.87109375
12.977	2.87109375
12.978	2.861328125
12.978996	2.8662109375
12.980004	2.8662109375
12.981	2.87109375
12.982004	2.8662109375
12.983004	2.8662109375
12.984004	2.87109375
12.985004	2.87109375
12.986	2.8759765625
12.987	2.87109375
12.988	2.8759765625
12.989	2.8759765625
12.99	2.87109375
12.991	2.8857421875
12.992	2.880859375
12.993	2.890625
12.994	2.890625
12.995	2.890625
12.996	2.8955078125
12.997	2.900390625
12.998	2.900390625
12.999	2.8955078125
13.0	2.9052734375
13.001	2.9052734375
13.002	2.9052734375
13.003	2.91015625
13.004	2.9150390625
13.005	2.9248046875
13.006	2.9248046875
13.007	2.9248046875
13.008	2.9296875
13.009	2.9296875
13.01	2.9443359375
13.011	2.9443359375
13.012	2.9443359375
13.013	2.94921875
13.014	2.94921875
13.015	2.94921875
13.016	2.94921875
13.017	2.958984375
13.018	2.958984375
13.019	2.9638671875
13.02	2.9541015625
13.021	2.958984375
13.022004	2.958984375
13.023	2.96875
13.024004	2.958984375
13.025004	2.96875
13.026004	2.9638671875
13.027004	2.9638671875
13.028004	2.9638671875
13.029	2.9638671875
13.03	2.9541015625
13.031	2.9638671875
13.032	2.9541015625
13.033	2.9541015625
13.034	2.94921875
13.035	2.958984375
13.036	2.9541015625
13.037	2.9443359375
13.038	2.94921875
13.039	2.939453125
13.04	2.9443359375
13.041	2.939453125
13.042	2.9296875
13.043	2.9248046875
13.044	2.9296875
13.045	2.919921875
13.046	2.9248046875
13.047	2.9150390625
13.048	2.91015625
13.049	2.9052734375
13.05	2.9052734375
13.051	2.900390625
13.052	2.900390625
13.053	2.8955078125
13.054	2.8955078125
13.055	2.890625
13.056	2.8857421875
13.057	2.8857421875
13.058	2.8857421875
13.059	2.880859375
13.06	2.880859375
13.061	2.87109375
13.062	2.8759765625
13.063	2.8662109375
13.064	2.8759765625
13.064996	2.8759765625
13.066004	2.87109375
13.067004	2.8662109375
13.068004	2.861328125
13.069004	2.861328125
13.070004	2.861328125
13.071004	2.861328125
13.072	2.8662109375
13.073	2.8662109375
13.074	2.861328125
13.075	2.87109375
13.076	2.8662109375
13.077	2.8662109375
13.078	2.87109375
13.079	2.87109375
13.08	2.8759765625
13.081	2.8759765625
13.082	2.87109375
13.083	2.8662109375
13.084	2.880859375
13.085	2.8857421875
13.086	2.880859375
13.087	2.8857421875
13.088	2.890625
13.089	2.890625
13.09	2.8955078125
13.091	2.900390625
13.092	2.890625
13.093	2.900390625
13.094	2.91015625
13.095	2.9052734375
13.096	2.9150390625
13.097	2.919921875
13.098	2.9248046875
13.099	2.9248046875
13.1	2.9248046875
13.101	2.9345703125
13.102	2.9345703125
13.103	2.939453125
13.104	2.939453125
13.105	2.939453125
13.106	2.939453125
13.106996	2.9443359375
13.108004	2.94921875
13.109	2.9443359375
13.110004	2.9638671875
13.111004	2.958984375
13.112004	2.9638671875
13.113004	2.958984375
13.114	2.9541015625
13.115	2.958984375
13.116	2.9541015625
13.117	2.9638671875
13.118	2.9638671875
13.119	2.958984375
13.12	2.958984375
13.121	2.9638671875
13.122	2.958984375
13.123	2.9638671875
13.124	2.9638671875
13.125	2.9541015625
13.126	2.94921875
13.127	2.94921875
13.128	2.9541015625
13.129	2.94921875
13.13	2.9443359375
13.131	2.9443359375
13.132	2.939453125
13.133	2.9345703125
13.134	2.939453125
13.135	2.9296875
13.136	2.9248046875
13.137	2.9296875
13.138	2.9248046875
13.139	2.9248046875
13.14	2.919921875
13.141	2.9150390625
13.142	2.9052734375
13.143	2.900390625
13.144	2.900390625
13.145	2.900390625
13.146	2.8955078125
13.147	2.890625
13.148	2.8857421875
13.149	2.8759765625
13.150004	2.880859375
13.151	2.880859375
13.152004	2.87109375
13.153004	2.87109375
13.154004	2.8662109375
13.155004	2.87109375
13.156004	2.87109375
13.157	2.87109375
13.158	2.87109375
13.159	2.87109375
13.16	2.87109375
13.161	2.8662109375
13.162	2.87109375
13.163	2.8662109375
13.164	2.87109375
13.165	2.8662109375
13.166	2.8662109375
13.167	2.8662109375
13.168	2.8662109375
13.169	2.87109375
13.17	2.87109375
13.171	2.87109375
13.172	2.87109375
13.173	2.87109375
13.174	2.8759765625
13.175	2.87109375
13.176	2.880859375
13.177	2.880859375
13.178	2.8857421875
13.179	2.8759765625
13.18	2.880859375
13.181	2.890625
13.182	2.890625
13.183	2.8955078125
13.184	2.900390625
13.185	2.900390625
13.186	2.900390625
13.187	2.91015625
13.188	2.9150390625
13.189	2.9150390625
13.19	2.9248046875
13.191	2.9248046875
13.192	2.919921875
13.192996	2.9248046875
13.194004	2.9296875
13.195004	2.9296875
13.196004	2.9345703125
13.197004	2.939453125
13.198004	2.939453125
13.199004	2.939453125
13.2	2.9443359375
13.201	2.94921875
13.202	2.9541015625
13.203	2.94921875
13.204	2.9541015625
13.205	2.9541015625
13.206	2.9541015625
13.207	2.9541015625
13.208	2.958984375
13.209	2.958984375
13.21	2.9638671875
13.211	2.9638671875
13.212	2.96875
13.213	2.958984375
13.214	2.958984375
13.215	2.9541015625
13.216	2.9541015625
13.217	2.958984375
13.218	2.94921875
13.219	2.94921875
13.22	2.9541015625
13.221	2.9541015625
13.222	2.9541015625
13.223	2.939453125
13.224	2.9443359375
13.225	2.9443359375
13.226	2.939453125
13.227	2.9443359375
13.228	2.9296875
13.229	2.9248046875
13.23	2.9296875
13.231	2.9296875
13.232	2.9150390625
13.233	2.9150390625
13.234	2.9150390625
13.234996	2.91015625
13.236004	2.9052734375
13.237	2.8955078125
13.238004	2.900390625
13.239004	2.8955078125
13.240004	2.8955078125
13.241004	2.890625
13.242	2.880859375
13.243	2.8857421875
13.244	2.880859375
13.245	2.880859375
13.246	2.880859375
13.247	2.87109375
13.248	2.880859375
13.249	2.8662109375
13.25	2.87109375
13.251	2.8662109375
13.252	2.8662109375
13.253	2.8662109375
13.254	2.87109375
13.255	2.8662109375
13.256	2.87109375
13.257	2.87109375
13.258	2.87109375
13.259	2.861328125
13.26	2.87109375
13.261	2.87109375
13.262	2.87109375
13.263	2.8759765625
13.264	2.8662109375
13.265	2.87109375
13.266	2.8662109375
13.267	2.87109375
13.268	2.8759765625
13.269	2.880859375
13.27	2.880859375
13.271	2.8759765625
13.272	2.880859375
13.273	2.8857421875
13.274	2.890625
13.275	2.8955078125
13.276	2.8955078125
13.277	2.8955078125
13.278004	2.9052734375
13.279	2.9052734375
13.280004	2.9052734375
13.281004	2.9052734375
13.282004	2.91015625
13.283004	2.91015625
13.284004	2.919921875
13.285	2.919921875
13.286	2.9296875
13.287	2.9248046875
13.288	2.9296875
13.289	2.939453125
13.29	2.9443359375
13.291	2.939453125
13.292	2.939453125
13.293	2.94921875
13.294	2.94921875
13.295	2.94921875
13.296	2.94921875
13.297	2.9443359375
13.298	2.9541015625
13.299	2.9541015625
13.3	2.94921875
13.301	2.958984375
13.302	2.94921875
13.303	2.958984375
13.304	2.9638671875
13.305	2.9541015625
13.306	2.958984375
13.307	2.9541015625
13.308	2.958984375
13.309	2.958984375
13.31	2.9541015625
13.311	2.94921875
13.312	2.9541015625
13.313	2.9541015625
13.314	2.94921875
13.315	2.9443359375
13.316	2.939453125
13.317	2.9443359375
13.318	2.939453125
13.319	2.9443359375
13.32	2.9443359375
13.320996	2.9345703125
13.322004	2.9296875
13.323004	2.9296875
13.324004	2.9248046875
13.325004	2.919921875
13.326004	2.91015625
13.327004	2.91015625
13.328	2.91015625
13.329	2.9052734375
13.33	2.900390625
13.331	2.900390625
13.332	2.8955078125
13.333	2.890625
13.334	2.890625
13.335	2.8759765625
13.336	2.8955078125
13.337	2.880859375
13.338	2.8759765625
13.339	2.8857421875
13.34	2.8759765625
13.341	2.8759765625
13.342	2.8759765625
13.343	2.87109375
13.344	2.8662109375
13.345	2.87109375
13.346	2.87109375
13.347	2.8759765625
13.348	2.8662109375
13.349	2.8662109375
13.35	2.87109375
13.351	2.8662109375
13.352	2.87109375
13.353	2.87109375
13.354	2.87109375
13.355	2.87109375
13.356	2.8759765625
13.357	2.87109375
13.358	2.8662109375
13.359	2.87109375
13.36	2.880859375
13.361	2.8759765625
13.362	2.880859375
13.362996	2.880859375
13.364004	2.8857421875
13.365	2.880859375
13.366004	2.8857421875
13.367004	2.8857421875
13.368004	2.890625
13.369004	2.8955078125
13.37	2.9052734375
13.371	2.8955078125
13.372	2.9052734375
13.373	2.9150390625
13.374	2.9052734375
13.375	2.9150390625
13.376	2.919921875
13.377	2.9248046875
13.378	2.9248046875
13.379	2.919921875
13.38	2.9345703125
13.381	2.9296875
13.382	2.9296875
13.383	2.9345703125
13.384	2.939453125
13.385	2.939453125
13.386	2.9443359375
13.387	2.94921875
13.388	2.958984375
13.389	2.9541015625
13.39	2.958984375
13.391	2.9541015625
13.392	2.9541015625
13.393	2.9638671875
13.394	2.958984375
13.395	2.9638671875
13.396	2.958984375
13.397	2.9541015625
13.398	2.9541015625
13.399	2.9541015625
13.4	2.958984375
13.401	2.958984375
13.402	2.9638671875
13.403	2.9541015625
13.404	2.958984375
13.405	2.9541015625
13.406004	2.94921875
13.407	2.9541015625
13.408004	2.94921875
13.409004	2.94921875
13.410004	2.9443359375
13.411004	2.9443359375
13.412004	2.9345703125
13.413	2.9296875
13.414	2.9248046875
13.415	2.9248046875
13.416	2.919921875
13.417	2.9296875
13.418	2.919921875
13.419	2.9150390625
13.42	2.91015625
13.421	2.91015625
13.422	2.91015625
13.423	2.9052734375
13.424	2.9052734375
13.425	2.900390625
13.426	2.890625
13.427	2.890625
13.428	2.890625
13.429	2.8857421875
13.43	2.8857421875
13.431	2.8759765625
13.432	2.8759765625
13.433	2.8662109375
13.434	2.87109375
13.435	2.8759765625
13.436	2.87109375
13.437	2.8662109375
13.438	2.8662109375
13.439	2.8759765625
13.44	2.87109375
13.441	2.87109375
13.442	2.8662109375
13.443	2.87109375
13.444	2.87109375
13.445	2.87109375
13.446	2.87109375
13.447	2.87109375
13.448	2.87109375
13.448996	2.87109375
13.450004	2.87109375
13.451004	2.87109375
13.452004	2.8759765625
13.453004	2.87109375
13.454004	2.87109375
13.455004	2.880859375
13.456	2.8759765625
13.457	2.8857421875
13.458	2.8857421875
13.459	2.8857421875
13.46	2.890625
13.461	2.890625
13.462	2.8955078125
13.463	2.890625
13.464	2.900390625
13.465	2.900390625
13.466	2.9052734375
13.467	2.9150390625
13.468	2.91015625
13.469	2.9150390625
13.47	2.9150390625
13.471	2.919921875
13.472	2.919921875
13.473	2.9248046875
13.474	2.9296875
13.475	2.9248046875
13.476	2.939453125
13.477	2.9443359375
13.478	2.9443359375
13.479	2.9443359375
13.48	2.94921875
13.481	2.94921875
13.482	2.9541015625
13.483	2.9541015625
13.484	2.9541015625
13.485	2.94921875
13.486	2.958984375
13.487	2.9638671875
13.488	2.958984375
13.489	2.958984375
13.49	2.958984375
13.490996	2.958984375
13.492004	2.958984375
13.493	2.9541015625
13.494004	2.958984375
13.495004	2.958984375
13.496004	2.94921875
13.497004	2.94921875
13.498	2.9541015625
13.499	2.94921875
13.5	2.9541015625
13.501	2.939453125
13.502	2.9443359375
13.503	2.94921875
13.504	2.9443359375
13.505	2.9443359375
13.506	2.9248046875
13.507	2.9248046875
13.508	2.9248046875
13.509	2.919921875
13.51	2.9345703125
13.511	2.919921875
13.512	2.9150390625
13.513	2.91015625
13.514	2.91015625
13.515	2.900390625
13.516	2.900390625
13.517	2.900390625
13.518	2.8955078125
13.519	2.8955078125
13.52	2.890625
13.521	2.8857421875
13.522	2.8857421875
13.523	2.8857421875
13.524	2.8759765625
13.525	2.8759765625
13.526	2.87109375
13.527	2.880859375
13.528	2.8662109375
13.529	2.8759765625
13.53	2.87109375
13.531	2.87109375
13.532	2.8662109375
13.533	2.87109375
13.534004	2.87109375
13.535	2.8759765625
13.536004	2.8662109375
13.537004	2.8759765625
13.538004	2.87109375
13.539004	2.8662109375
13.540004	2.8662109375
13.541	2.87109375
13.542	2.87109375
13.543	2.87109375
13.544	2.8662109375
13.545	2.87109375
13.546	2.880859375
13.547	2.87109375
13.548	2.8759765625
13.549	2.87109375
13.55	2.8955078125
13.551	2.880859375
13.552	2.8857421875
13.553	2.8857421875
13.554	2.8955078125
13.555	2.900390625
13.556	2.890625
13.557	2.900390625
13.558	2.900390625
13.559	2.9052734375
13.56	2.9052734375
13.561	2.91015625
13.562	2.9150390625
13.563	2.919921875
13.564	2.9248046875
13.565	2.9150390625
13.566	2.9296875
13.567	2.9296875
13.568	2.939453125
13.569	2.9345703125
13.57	2.939453125
13.571	2.9443359375
13.572	2.939453125
13.573	2.9443359375
13.574	2.9443359375
13.575	2.94921875
13.576	2.9541015625
13.576996	2.94921875
13.578004	2.9541015625
13.579004	2.94921875
13.580004	2.9541015625
13.581004	2.958984375
13.582004	2.958984375
13.583004	2.9541015625
13.584	2.958984375
13.585	2.958984375
13.586	2.9638671875
13.587	2.9541015625
13.588	2.9541015625
13.589	2.958984375
13.59	2.94921875
13.591	2.9541015625
13.592	2.9541015625
13.593	2.9443359375
13.594	2.939453125
13.595	2.94921875
13.596	2.9443359375
13.597	2.9345703125
13.598	2.939453125
13.599	2.9345703125
13.6	2.9296875
13.601	2.9248046875
13.602	2.9296875
13.603	2.9296875
13.604	2.9248046875
13.605	2.919921875
13.606	2.91015625
13.607	2.9052734375
13.608	2.900390625
13.609	2.900390625
13.61	2.9052734375
13.611	2.900390625
13.612	2.890625
13.613	2.8955078125
13.614	2.890625
13.615	2.8857421875
13.616	2.880859375
13.617	2.8857421875
13.618	2.880859375
13.618996	2.8759765625
13.620004	2.87109375
13.621	2.880859375
13.622004	2.8662109375
13.623004	2.8759765625
13.624004	2.87109375
13.625004	2.8759765625
13.626	2.87109375
13.627	2.8662109375
13.628	2.87109375
13.629	2.8759765625
13.63	2.87109375
13.631	2.87109375
13.632	2.87109375
13.633	2.87109375
13.634	2.87109375
13.635	2.8759765625
13.636	2.8759765625
13.637	2.87109375
13.638	2.8759765625
13.639	2.8759765625
13.64	2.8857421875
13.641	2.8857421875
13.642	2.880859375
13.643	2.8857421875
13.644	2.880859375
13.645	2.880859375
13.646	2.8955078125
13.647	2.890625
13.648	2.8955078125
13.649	2.890625
13.65	2.900390625
13.651	2.9052734375
13.652	2.91015625
13.653	2.9052734375
13.654	2.9052734375
13.655	2.9150390625
13.656	2.9150390625
13.657	2.9248046875
13.658	2.919921875
13.659	2.9248046875
13.66	2.9345703125
13.661	2.9345703125
13.662004	2.9345703125
13.663	2.9345703125
13.664004	2.939453125
13.665004	2.939453125
13.666004	2.939453125
13.667004	2.94921875
13.668004	2.9541015625
13.669	2.9541015625
13.67	2.958984375
13.671	2.9541015625
13.672	2.9541015625
13.673	2.9541015625
13.674	2.94921875
13.675	2.9638671875
13.676	2.9638671875
13.677	2.9638671875
13.678	2.9638671875
13.679	2.958984375
13.68	2.9541015625
13.681	2.94921875
13.682	2.9541015625
13.683	2.94921875
13.684	2.9541015625
13.685	2.9541015625
13.686	2.9541015625
13.687	2.939453125
13.688	2.939453125
13.689	2.9443359375
13.69	2.939453125
13.691	2.939453125
13.692	2.939453125
13.693	2.9345703125
13.694	2.9248046875
13.695	2.9248046875
13.696	2.9248046875
13.697	2.9248046875
13.698	2.91015625
13.699	2.900390625
13.7	2.9052734375
13.701	2.900390625
13.702	2.8955078125
13.703	2.900390625
13.704	2.900390625
13.704996	2.8955078125
13.706004	2.8955078125
13.707004	2.8955078125
13.708004	2.890625
13.709004	2.890625
13.710004	2.880859375
13.711004	2.8759765625
13.712	2.8759765625
13.713	2.87109375
13.714	2.8759765625
13.715	2.87109375
13.716	2.8662109375
13.717	2.8662109375
13.718	2.8662109375
13.719	2.87109375
13.72	2.8662109375
13.721	2.8662109375
13.722	2.8662109375
13.723	2.8662109375
13.724	2.87109375
13.725	2.8662109375
13.726	2.8759765625
13.727	2.87109375
13.728	2.8759765625
13.729	2.8759765625
13.73	2.87109375
13.731	2.880859375
13.732	2.87109375
13.733	2.880859375
13.734	2.880859375
13.735	2.8857421875
13.736	2.890625
13.737	2.880859375
13.738	2.8857421875
13.739	2.8857421875
13.74	2.890625
13.741	2.8955078125
13.742	2.890625
13.743	2.8955078125
13.744	2.9052734375
13.745	2.900390625
13.746	2.91015625
13.746996	2.91015625
13.748004	2.9150390625
13.749	2.9150390625
13.750004	2.9248046875
13.751004	2.9248046875
13.752004	2.9296875
13.753004	2.9296875
13.754	2.9296875
13.755	2.9248046875
13.756	2.9443359375
13.757	2.9443359375
13.758	2.939453125
13.759	2.939453125
13.76	2.94921875
13.761	2.9541015625
13.762	2.9541015625
13.763	2.9541015625
13.764	2.9541015625
13.765	2.9541015625
13.766	2.9541015625
13.767	2.9541015625
13.768	2.958984375
13.769	2.958984375
13.77	2.958984375
13.771	2.958984375
13.772	2.9541015625
13.773	2.958984375
13.774	2.958984375
13.775	2.9541015625
13.776	2.9541015625
13.777	2.9541015625
13.778	2.9443359375
13.779	2.94921875
13.78	2.939453125
13.781	2.9443359375
13.782	2.9345703125
13.783	2.9443359375
13.784	2.939453125
13.785	2.9296875
13.786	2.9296875
13.787	2.9296875
13.788	2.9248046875
13.789	2.9296875
13.790004	2.9248046875
13.791	2.9150390625
13.792004	2.91015625
13.793004	2.9052734375
13.794004	2.9052734375
13.795004	2.900390625
13.796004	2.900390625
13.797	2.890625
13.798	2.890625
13.799	2.890625
13.8	2.890625
13.801	2.8857421875
13.802	2.8857421875
13.803	2.8857421875
13.804	2.880859375
13.805	2.880859375
13.806	2.87109375
13.807	2.8759765625
13.808	2.8759765625
13.809	2.8759765625
13.81	2.87109375
13.811	2.8662109375
13.812	2.8662109375
13.813	2.8662109375
13.814	2.87109375
13.815	2.87109375
13.816	2.87109375
13.817	2.87109375
13.818	2.8662109375
13.819	2.8662109375
13.82	2.87109375
13.821	2.87109375
13.822	2.8759765625
13.823	2.87109375
13.824	2.8759765625
13.825	2.87109375
13.826	2.880859375
13.827	2.8759765625
13.828	2.880859375
13.829	2.890625
13.83	2.8857421875
13.831	2.890625
13.832	2.890625
13.832996	2.900390625
13.834004	2.890625
13.835004	2.8955078125
13.836004	2.900390625
13.837004	2.9052734375
13.838004	2.91015625
13.839004	2.91015625
13.84	2.9052734375
13.841	2.91015625
13.842	2.9248046875
13.843	2.919921875
13.844	2.919921875
13.845	2.919921875
13.846	2.9248046875
13.847	2.9296875
13.848	2.9345703125
13.849	2.9345703125
13.85	2.939453125
13.851	2.9345703125
13.852	2.9443359375
13.853	2.94921875
13.854	2.9541015625
13.855	2.958984375
13.856	2.9541015625
13.857	2.9541015625
13.858	2.9541015625
13.859	2.94921875
13.86	2.9541015625
13.861	2.958984375
13.862	2.958984375
13.863	2.958984375
13.864	2.94921875
13.865	2.9541015625
13.866	2.9541015625
13.867	2.958984375
13.868	2.958984375
13.869	2.9541015625
13.87	2.94921875
13.871	2.94921875
13.872	2.9443359375
13.873	2.939453125
13.874	2.9443359375
13.874996	2.939453125
13.876004	2.9443359375
13.877	2.9345703125
13.878004	2.9345703125
13.879004	2.9296875
13.880004	2.9296875
13.881004	2.9248046875
13.882	2.919921875
13.883	2.919921875
13.884	2.919921875
13.885	2.9052734375
13.886	2.9052734375
13.887	2.9052734375
13.888	2.900390625
13.889	2.9052734375
13.89	2.890625
13.891	2.890625
13.892	2.8955078125
13.893	2.890625
13.894	2.8857421875
13.895	2.890625
13.896	2.880859375
13.897	2.8759765625
13.898	2.8759765625
13.899	2.87109375
13.9	2.880859375
13.901	2.8759765625
13.902	2.87109375
13.903	2.87109375
13.904	2.8662109375
13.905	2.87109375
13.906	2.8662109375
13.907	2.8662109375
13.908	2.87109375
13.909	2.87109375
13.91	2.8759765625
13.911	2.87109375
13.912	2.87109375
13.913	2.87109375
13.914	2.8662109375
13.915	2.8662109375
13.916	2.8759765625
13.917	2.880859375
13.918004	2.87109375
13.919	2.880859375
13.920004	2.8759765625
13.921004	2.880859375
13.922004	2.880859375
13.923004	2.8857421875
13.924004	2.890625
13.925	2.890625
13.926	2.8857421875
13.927	2.890625
13.928	2.8955078125
13.929	2.900390625
13.93	2.900390625
13.931	2.91015625
13.932	2.9052734375
13.933	2.91015625
13.934	2.9150390625
13.935	2.9150390625
13.936	2.919921875
13.937	2.9248046875
13.938	2.9296875
13.939	2.9296875
13.94	2.9296875
13.941	2.9345703125
13.942	2.9296875
13.943	2.939453125
13.944	2.939453125
13.945	2.9443359375
13.946	2.94921875
13.947	2.9541015625
13.948	2.9541015625
13.949	2.9541015625
13.95	2.9541015625
13.951	2.9541015625
13.952	2.94921875
13.953	2.94921875
13.954	2.9541015625
13.955	2.9541015625
13.956	2.958984375
13.957	2.958984375
13.958	2.9541015625
13.959	2.9541015625
13.96	2.958984375
13.960996	2.9541015625
13.962004	2.9541015625
13.963004	2.9541015625
13.964004	2.94921875
13.965004	2.9541015625
13.966004	2.9443359375
13.967004	2.939453125
13.968	2.939453125
13.969	2.939453125
13.97	2.9443359375
13.971	2.9345703125
13.972	2.9345703125
13.973	2.9296875
13.974	2.9248046875
13.975	2.9248046875
13.976	2.9150390625
13.977	2.919921875
13.978	2.9150390625
13.979	2.9052734375
13.98	2.9052734375
13.981	2.9052734375
13.982	2.900390625
13.983	2.900390625
13.984	2.900390625
13.985	2.8955078125
13.986	2.8955078125
13.987	2.8857421875
13.988	2.880859375
13.989	2.8857421875
13.99	2.880859375
13.991	2.880859375
13.992	2.880859375
13.993	2.87109375
13.994	2.8759765625
13.995	2.87109375
13.996	2.87109375
13.997	2.8662109375
13.998	2.8662109375
13.999	2.8662109375
14.0	2.8662109375
14.001	2.8759765625
14.002	2.87109375
14.002996	2.87109375
14.004004	2.87109375
14.005	2.87109375
14.006004	2.8662109375
14.007004	2.8662109375
14.008004	2.8759765625
14.009004	2.8759765625
14.01	2.87109375
14.011	2.8662109375
14.012	2.87109375
14.013	2.8759765625
14.014	2.8857421875
14.015	2.8857421875
14.016	2.8857421875
14.017	2.890625
14.018	2.8955078125
14.019	2.890625
14.02	2.8955078125
14.021	2.9052734375
14.022	2.9052734375
14.023	2.9052734375
14.024	2.9052734375
14.025	2.9052734375
14.026	2.91015625
14.027	2.9052734375
14.028	2.91015625
14.029	2.919921875
14.03	2.919921875
14.031	2.9248046875
14.032	2.9296875
14.033	2.9296875
14.034	2.9345703125
14.035	2.9443359375
14.036	2.939453125
14.037	2.939453125
14.038	2.939453125
14.039	2.9541015625
14.04	2.94921875
14.041	2.9541015625
14.042	2.9541015625
14.043	2.9541015625
14.044	2.958984375
14.045	2.94921875
14.046004	2.9541015625
14.047	2.958984375
14.048004	2.94921875
14.049004	2.9443359375
14.050004	2.9541015625
14.051004	2.9541015625
14.052004	2.958984375
14.053	2.9541015625
14.054	2.9541015625
14.055	2.94921875
14.056	2.9541015625
14.057	2.9443359375
14.058	2.939453125
14.059	2.9443359375
14.06	2.9443359375
14.061	2.939453125
14.062	2.9345703125
14.063	2.939453125
14.064	2.939453125
14.065	2.9296875
14.066	2.9345703125
14.067	2.9248046875
14.068	2.9296875
14.069	2.919921875
14.07	2.919921875
14.071	2.91015625
14.072	2.9150390625
14.073	2.900390625
14.074	2.8955078125
14.075	2.9052734375
14.076	2.9052734375
14.077	2.8955078125
14.078	2.890625
14.079	2.8955078125
14.08	2.890625
14.081	2.890625
14.082	2.880859375
14.083	2.8759765625
14.084	2.8857421875
14.085	2.87109375
14.086	2.8759765625
14.087	2.87109375
14.088	2.8759765625
14.088996	2.8759765625
14.090004	2.8759765625
14.091004	2.8662109375
14.092004	2.87109375
14.093004	2.8759765625
14.094004	2.8759765625
14.095004	2.8662109375
14.096	2.87109375
14.097	2.8662109375
14.098	2.87109375
14.099	2.87109375
14.1	2.87109375
14.101	2.87109375
14.102	2.87109375
14.103	2.880859375
14.104	2.8759765625
14.105	2.880859375
14.106	2.8857421875
14.107	2.8857421875
14.108	2.880859375
14.109	2.8857421875
14.11	2.880859375
14.111	2.900390625
14.112	2.890625
14.113	2.8955078125
14.114	2.900390625
14.115	2.890625
14.116	2.9052734375
14.117	2.91015625
14.118	2.91015625
14.119	2.91015625
14.12	2.919921875
14.121	2.9150390625
14.122	2.919921875
14.123	2.9248046875
14.124	2.9248046875
14.125	2.9248046875
14.126	2.9345703125
14.127	2.9296875
14.128	2.939453125
14.129	2.939453125
14.13	2.939453125
14.130996	2.939453125
14.132004	2.939453125
14.133	2.9443359375
14.134004	2.9541015625
14.135004	2.9541015625
14.136004	2.94921875
14.137004	2.9541015625
14.138	2.958984375
14.139	2.958984375
14.14	2.958984375
14.141	2.9541015625
14.142	2.958984375
14.143	2.958984375
14.144	2.94921875
14.145	2.958984375
14.146	2.9541015625
14.147	2.9541015625
14.148	2.94921875
14.149	2.94921875
14.15	2.9443359375
14.151	2.9443359375
14.152	2.9443359375
14.153	2.9443359375
14.154	2.939453125
14.155	2.9443359375
14.156	2.939453125
14.157	2.9345703125
14.158	2.9296875
14.159	2.9296875
14.16	2.9296875
14.161	2.9248046875
14.162	2.9248046875
14.163	2.919921875
14.164	2.91015625
14.165	2.900390625
14.166	2.91015625
14.167	2.9052734375
14.168	2.900390625
14.169	2.900390625
14.17	2.900390625
14.171	2.8955078125
14.172	2.890625
14.173	2.8857421875
14.174004	2.8857421875
14.175	2.890625
14.176004	2.880859375
14.177004	2.880859375
14.178004	2.880859375
14.179004	2.880859375
14.180004	2.8759765625
14.181	2.87109375
14.182	2.8662109375
14.183	2.880859375
14.184	2.8662109375
14.185	2.87109375
14.186	2.87109375
14.187	2.87109375
14.188	2.87109375
14.189	2.8759765625
14.19	2.8662109375
14.191	2.87109375
14.192	2.8662109375
14.193	2.8759765625
14.194	2.87109375
14.195	2.87109375
14.196	2.8662109375
14.197	2.8759765625
14.198	2.8759765625
14.199	2.8759765625
14.2	2.8759765625
14.201	2.8857421875
14.202	2.880859375
14.203	2.8857421875
14.204	2.8857421875
14.205	2.8857421875
14.206	2.890625
14.207	2.9052734375
14.208	2.9052734375
14.209	2.9052734375
14.21	2.9052734375
14.211	2.900390625
14.212	2.91015625
14.213	2.9150390625
14.214	2.919921875
14.215	2.919921875
14.216	2.9248046875
14.216996	2.9296875
14.218004	2.9248046875
14.219004	2.9296875
14.220004	2.9345703125
14.221004	2.939453125
14.222004	2.939453125
14.223004	2.9443359375
14.224	2.939453125
14.225	2.9345703125
14.226	2.94921875
14.227	2.94921875
14.228	2.9541015625
14.229	2.94921875
14.23	2.94921875
14.231	2.94921875
14.232	2.9541015625
14.233	2.9541015625
14.234	2.958984375
14.235	2.94921875
14.236	2.9541015625
14.237	2.9541015625
14.238	2.94921875
14.239	2.9541015625
14.24	2.94921875
14.241	2.94921875
14.242	2.94921875
14.243	2.9443359375
14.244	2.9443359375
14.245	2.94921875
14.246	2.9345703125
14.247	2.939453125
14.248	2.9345703125
14.249	2.939453125
14.25	2.9345703125
14.251	2.9248046875
14.252	2.9248046875
14.253	2.9296875
14.254	2.919921875
14.255	2.9248046875
14.256	2.9248046875
14.257	2.9150390625
14.258	2.91015625
14.258996	2.91015625
14.260004	2.9052734375
14.261	2.8955078125
14.262004	2.8955078125
14.263004	2.8955078125
14.264004	2.8955078125
14.265004	2.890625
14.266	2.8857421875
14.267	2.8857421875
14.268	2.890625
14.269	2.8857421875
14.27	2.8857421875
14.271	2.880859375
14.272	2.8759765625
14.273	2.87109375
14.274	2.87109375
14.275	2.8759765625
14.276	2.8759765625
14.277	2.87109375
14.278	2.87109375
14.279	2.8759765625
14.28	2.8662109375
14.281	2.8662109375
14.282	2.87109375
14.283	2.87109375
14.284	2.87109375
14.285	2.8759765625
14.286	2.87109375
14.287	2.87109375
14.288	2.87109375
14.289	2.8759765625
14.29	2.880859375
14.291	2.880859375
14.292	2.8857421875
14.293	2.880859375
14.294	2.8857421875
14.295	2.880859375
14.296	2.8857421875
14.297	2.890625
14.298	2.890625
14.299	2.8955078125
14.3	2.900390625
14.301	2.900390625
14.302004	2.9052734375
14.303	2.9052734375
14.304004	2.91015625
14.305004	2.91015625
14.306004	2.91015625
14.307004	2.91015625
14.308004	2.9248046875
14.309	2.9248046875
14.31	2.9248046875
14.311	2.9248046875
14.312	2.919921875
14.313	2.9345703125
14.314	2.9345703125
14.315	2.9443359375
14.316	2.9443359375
14.317	2.9443359375
14.318	2.9443359375
14.319	2.9541015625
14.32	2.94921875
14.321	2.9541015625
14.322	2.9541015625
14.323	2.9541015625
14.324	2.9541015625
14.325	2.94921875
14.326	2.9541015625
14.327	2.958984375
14.328	2.9541015625
14.329	2.94921875
14.33	2.9541015625
14.331	2.958984375
14.332	2.94921875
14.333	2.9541015625
14.334	2.9443359375
14.335	2.9541015625
14.336	2.9443359375
14.337	2.9443359375
14.338	2.939453125
14.339	2.9443359375
14.34	2.939453125
14.341	2.939453125
14.342	2.939453125
14.343	2.9345703125
14.344	2.9296875
14.344996	2.9296875
14.346004	2.919921875
14.347004	2.919921875
14.348004	2.919921875
14.349004	2.9150390625
14.350004	2.91015625
14.351004	2.91015625
14.352	2.9052734375
14.353	2.900390625
14.354	2.9052734375
14.355	2.900390625
14.356	2.8955078125
14.357	2.890625
14.358	2.8955078125
14.359	2.8955078125
14.36	2.890625
14.361	2.8857421875
14.362	2.880859375
14.363	2.880859375
14.364	2.880859375
14.365	2.880859375
14.366	2.8759765625
14.367	2.87109375
14.368	2.8759765625
14.369	2.8662109375
14.37	2.8759765625
14.371	2.87109375
14.372	2.87109375
14.373	2.87109375
14.374	2.8662109375
14.375	2.8759765625
14.376	2.87109375
14.377	2.8759765625
14.378	2.8759765625
14.379	2.87109375
14.38	2.8759765625
14.381	2.8759765625
14.382	2.8759765625
14.383	2.8759765625
14.384	2.880859375
14.385	2.880859375
14.386	2.890625
14.386996	2.8857421875
14.388004	2.8857421875
14.389	2.8955078125
14.390004	2.890625
14.391004	2.8955078125
14.392004	2.8955078125
14.393004	2.900390625
14.394	2.8955078125
14.395	2.91015625
14.396	2.91015625
14.397	2.91015625
14.398	2.91015625
14.399	2.9150390625
14.4	2.9150390625
14.401	2.919921875
14.402	2.9248046875
14.403	2.919921875
14.404	2.9296875
14.405	2.9296875
14.406	2.9248046875
14.407	2.939453125
14.408	2.9443359375
14.409	2.94921875
14.41	2.939453125
14.411	2.9443359375
14.412	2.94921875
14.413	2.94921875
14.414	2.94921875
14.415	2.9541015625
14.416	2.9541015625
14.417	2.958984375
14.418	2.9541015625
14.419	2.958984375
14.42	2.9541015625
14.421	2.94921875
14.422	2.94921875
14.423	2.9541015625
14.424	2.9541015625
14.425	2.94921875
14.426	2.94921875
14.427	2.9541015625
14.428	2.94921875
14.429	2.9443359375
14.430004	2.9443359375
14.431	2.9443359375
14.432004	2.9443359375
14.433004	2.9443359375
14.434004	2.9443359375
14.435004	2.939453125
14.436004	2.9296875
14.437	2.9248046875
14.438	2.9248046875
14.439	2.919921875
14.44	2.9150390625
14.441	2.9150390625
14.442	2.919921875
14.443	2.9052734375
14.444	2.91015625
14.445	2.9052734375
14.446	2.8955078125
14.447	2.8955078125
14.448	2.9052734375
14.449	2.890625
14.45	2.8955078125
14.451	2.8857421875
14.452	2.8857421875
14.453	2.880859375
14.454	2.890625
14.455	2.8857421875
14.456	2.880859375
14.457	2.880859375
14.458	2.880859375
14.459	2.8759765625
14.46	2.87109375
14.461	2.8759765625
14.462	2.8759765625
14.463	2.87109375
14.464	2.8759765625
14.465	2.8662109375
14.466	2.87109375
14.467	2.87109375
14.468	2.87109375
14.469	2.87109375
14.47	2.880859375
14.471	2.87109375
14.472	2.8759765625
14.472996	2.8759765625
14.474004	2.8759765625
14.475004	2.8759765625
14.476004	2.880859375
14.477004	2.8759765625
14.478004	2.8759765625
14.479004	2.8857421875
14.48	2.880859375
14.481	2.880859375
14.482	2.8955078125
14.483	2.8955078125
14.484	2.890625
14.485	2.890625
14.486	2.890625
14.487	2.900390625
14.488	2.9052734375
14.489	2.9052734375
14.49	2.91015625
14.491	2.91015625
14.492	2.9150390625
14.493	2.919921875
14.494	2.9248046875
14.495	2.919921875
14.496	2.9150390625
14.497	2.9248046875
14.498	2.9296875
14.499	2.9296875
14.5	2.9345703125
14.501	2.939453125
14.502	2.9443359375
14.503	2.939453125
14.504	2.9345703125
14.505	2.9443359375
14.506	2.9443359375
14.507	2.94921875
14.508	2.94921875
14.509	2.9443359375
14.51	2.9541015625
14.511	2.94921875
14.512	2.958984375
14.513	2.958984375
14.514	2.94921875
14.514996	2.94921875
14.516004	2.94921875
14.517	2.9541015625
14.518004	2.9541015625
14.519004	2.94921875
14.520004	2.9443359375
14.521004	2.9443359375
14.522	2.9443359375
14.523	2.94921875
14.524	2.939453125
14.525	2.9443359375
14.526	2.9345703125
14.527	2.9345703125
14.528	2.9345703125
14.529	2.9296875
14.53	2.9345703125
14.531	2.919921875
14.532	2.9248046875
14.533	2.9248046875
14.534	2.9248046875
14.535	2.919921875
14.536	2.9150390625
14.537	2.9052734375
14.538	2.9052734375
14.539	2.900390625
14.54	2.9052734375
14.541	2.900390625
14.542	2.8955078125
14.543	2.8955078125
14.544	2.890625
14.545	2.8857421875
14.546	2.8857421875
14.547	2.8857421875
14.548	2.890625
14.549	2.8857421875
14.55	2.880859375
14.551	2.8759765625
14.552	2.8759765625
14.553	2.87109375
14.554	2.8759765625
14.555	2.87109375
14.556	2.8662109375
14.557	2.87109375
14.558004	2.87109375
14.559	2.8662109375
14.560004	2.87109375
14.561004	2.8662109375
14.562004	2.8759765625
14.563004	2.87109375
14.564004	2.87109375
14.565	2.8662109375
14.566	2.8759765625
14.567	2.87109375
14.568	2.880859375
14.569	2.87109375
14.57	2.880859375
14.571	2.880859375
14.572	2.8857421875
14.573	2.8857421875
14.574	2.8857421875
14.575	2.890625
14.576	2.890625
14.577	2.900390625
14.578	2.900390625
14.579	2.900390625
14.58	2.9052734375
14.581	2.9052734375
14.582	2.91015625
14.583	2.91015625
14.584	2.9052734375
14.585	2.91015625
14.586	2.9248046875
14.587	2.919921875
14.588	2.919921875
14.589	2.9248046875
14.59	2.9296875
14.591	2.9248046875
14.592	2.9296875
14.593	2.939453125
14.594	2.9296875
14.595	2.9443359375
14.596	2.939453125
14.597	2.9443359375
14.598	2.939453125
14.599	2.94921875
14.6	2.9443359375
14.600996	2.9443359375
14.602004	2.94921875
14.603004	2.94921875
14.604004	2.9541015625
14.605004	2.94921875
14.606004	2.94921875
14.607004	2.9541015625
14.608	2.9541015625
14.609	2.9541015625
14.61	2.9541015625
14.611	2.94921875
14.612	2.9541015625
14.613	2.94921875
14.614	2.9443359375
14.615	2.9443359375
14.616	2.94921875
14.617	2.9443359375
14.618	2.9443359375
14.619	2.9443359375
14.62	2.9345703125
14.621	2.9345703125
14.622	2.9296875
14.623	2.9296875
14.624	2.9296875
14.625	2.919921875
14.626	2.9248046875
14.627	2.9150390625
14.628	2.9150390625
14.629	2.91015625
14.63	2.91015625
14.631	2.91015625
14.632	2.91015625
14.633	2.8955078125
14.634	2.900390625
14.635	2.890625
14.636	2.890625
14.637	2.900390625
14.638	2.890625
14.639	2.8857421875
14.64	2.8857421875
14.641	2.880859375
14.642	2.8857421875
14.642996	2.880859375
14.644004	2.880859375
14.645	2.880859375
14.646004	2.87109375
14.647004	2.8759765625
14.648004	2.8759765625
14.649004	2.8759765625
14.65	2.8662109375
14.651	2.87109375
14.652	2.8759765625
14.653	2.880859375
14.654	2.8759765625
14.655	2.880859375
14.656	2.8662109375
14.657	2.87109375
14.658	2.8662109375
14.659	2.880859375
14.66	2.8759765625
14.661	2.880859375
14.662	2.880859375
14.663	2.880859375
14.664	2.8759765625
14.665	2.8857421875
14.666	2.880859375
14.667	2.890625
14.668	2.8955078125
14.669	2.8955078125
14.67	2.8955078125
14.671	2.900390625
14.672	2.900390625
14.673	2.9052734375
14.674	2.9052734375
14.675	2.9052734375
14.676	2.91015625
14.677	2.91015625
14.678	2.9052734375
14.679	2.919921875
14.68	2.919921875
14.681	2.9150390625
14.682	2.9248046875
14.683	2.9248046875
14.684	2.9296875
14.685	2.9296875
14.686004	2.939453125
14.687	2.9443359375
14.688004	2.9443359375
14.689004	2.9443359375
14.690004	2.9443359375
14.691004	2.939453125
14.692004	2.94921875
14.693	2.9541015625
14.694	2.94921875
14.695	2.9541015625
14.696	2.94921875
14.697	2.9541015625
14.698	2.94921875
14.699	2.9541015625
14.7	2.9443359375
14.701	2.9541015625
14.702	2.958984375
14.703	2.9541015625
14.704	2.94921875
14.705	2.94921875
14.706	2.94921875
14.707	2.94921875
14.708	2.9345703125
14.709	2.9443359375
14.71	2.9443359375
14.711	2.9443359375
14.712	2.9345703125
14.713	2.9345703125
14.714	2.9296875
14.715	2.939453125
14.716	2.9296875
14.717	2.9296875
14.718	2.9296875
14.719	2.9248046875
14.72	2.919921875
14.721	2.91015625
14.722	2.91015625
14.723	2.9052734375
14.724	2.9052734375
14.725	2.900390625
14.726	2.8955078125
14.727	2.890625
14.728	2.900390625
14.728996	2.8955078125
14.730004	2.890625
14.731004	2.8955078125
14.732004	2.880859375
14.733004	2.880859375
14.734004	2.890625
14.735004	2.8857421875
14.736	2.8759765625
14.737	2.880859375
14.738	2.880859375
14.739	2.87109375
14.74	2.8759765625
14.741	2.8759765625
14.742	2.87109375
14.743	2.8759765625
14.744	2.8662109375
14.745	2.87109375
14.746	2.8662109375
14.747	2.8662109375
14.748	2.8759765625
14.749	2.87109375
14.75	2.8759765625
14.751	2.87109375
14.752	2.87109375
14.753	2.880859375
14.754	2.8759765625
14.755	2.880859375
14.756	2.8759765625
14.757	2.8857421875
14.758	2.8857421875
14.759	2.8857421875
14.76	2.8857421875
14.761	2.890625
14.762	2.890625
14.763	2.8955078125
14.764	2.8955078125
14.765	2.890625
14.766	2.9052734375
14.767	2.91015625
14.768	2.91015625
14.769	2.9052734375
14.77	2.9052734375
14.770996	2.9150390625
14.772004	2.919921875
14.773	2.919921875
14.774004	2.9248046875
14.775004	2.919921875
14.776004	2.9248046875
14.777004	2.9248046875
14.778	2.9296875
14.779	2.9296875
14.78	2.939453125
14.781	2.939453125
14.782	2.9443359375
14.783	2.94921875
14.784	2.939453125
14.785	2.9443359375
14.786	2.9443359375
14.787	2.9443359375
14.788	2.9541015625
14.789	2.9541015625
14.79	2.94921875
14.791	2.958984375
14.792	2.9541015625
14.793	2.94921875
14.794	2.9541015625
14.795	2.9443359375
14.796	2.94921875
14.797	2.94921875
14.798	2.94921875
14.799	2.9541015625
14.8	2.94921875
14.801	2.9443359375
14.802	2.9443359375
14.803	2.9345703125
14.804	2.939453125
14.805	2.939453125
14.806	2.9443359375
14.807	2.9345703125
14.808	2.9296875
14.809	2.9248046875
14.81	2.919921875
14.811	2.9248046875
14.812	2.9248046875
14.813	2.919921875
14.814004	2.9150390625
14.815	2.919921875
14.816004	2.91015625
14.817004	2.9052734375
14.818004	2.91015625
14.819004	2.9052734375
14.820004	2.9052734375
14.821	2.8955078125
14.822	2.8955078125
14.823	2.8857421875
14.824	2.890625
14.825	2.8759765625
14.826	2.8857421875
14.827	2.8857421875
14.828	2.8857421875
14.829	2.880859375
14.83	2.880859375
14.831	2.8759765625
14.832	2.87109375
14.833	2.87109375
14.834	2.880859375
14.835	2.8662109375
14.836	2.8759765625
14.837	2.8759765625
14.838	2.8662109375
14.839	2.87109375
14.84	2.87109375
14.841	2.8759765625
14.842	2.8759765625
14.843	2.8662109375
14.844	2.8759765625
14.845	2.87109375
14.846	2.8662109375
14.847	2.880859375
14.848	2.880859375
14.849	2.880859375
14.85	2.8857421875
14.851	2.890625
14.852	2.8857421875
14.853	2.880859375
14.854	2.8955078125
14.855	2.890625
14.856	2.890625
14.856996	2.900390625
14.858004	2.900390625
14.859004	2.900390625
14.860004	2.9052734375
14.861004	2.9052734375
14.862004	2.91015625
14.863004	2.9052734375
14.864	2.91015625
14.865	2.919921875
14.866	2.919921875
14.867	2.9248046875
14.868	2.919921875
14.869	2.919921875
14.87	2.9248046875
14.871	2.9345703125
14.872	2.939453125
14.873	2.939453125
14.874	2.939453125
14.875	2.9345703125
14.876	2.9443359375
14.877	2.939453125
14.878	2.9443359375
14.879	2.94921875
14.88	2.9443359375
14.881	2.94921875
14.882	2.9443359375
14.883	2.94921875
14.884	2.9541015625
14.885	2.9541015625
14.886	2.9541015625
14.887	2.958984375
14.888	2.94921875
14.889	2.94921875
14.89	2.9443359375
14.891	2.9541015625
14.892	2.9443359375
14.893	2.939453125
14.894	2.9443359375
14.895	2.9443359375
14.896	2.939453125
14.897	2.9345703125
14.898	2.9296875
14.898996	2.9296875
14.900004	2.9296875
14.901	2.9345703125
14.902004	2.9296875
14.903004	2.9248046875
14.904004	2.9248046875
14.905004	2.919921875
14.906	2.9248046875
14.907	2.919921875
14.908	2.9150390625
14.909	2.91015625
14.91	2.9052734375
14.911	2.9052734375
14.912	2.900390625
14.913	2.900390625
14.914	2.890625
14.915	2.8955078125
14.916	2.890625
14.917	2.8955078125
14.918	2.8857421875
14.919	2.8857421875
14.92	2.880859375
14.921	2.880859375
14.922	2.8857421875
14.923	2.8857421875
14.924	2.8857421875
14.925	2.8857421875
14.926	2.8759765625
14.927	2.8759765625
14.928	2.8759765625
14.929	2.87109375
14.93	2.87109375
14.931	2.8759765625
14.932	2.8759765625
14.933	2.8662109375
14.934	2.87109375
14.935	2.8759765625
14.936	2.87109375
14.937	2.8759765625
14.938	2.8759765625
14.939	2.880859375
14.94	2.8857421875
14.941	2.8857421875
14.942004	2.880859375
14.943	2.8857421875
14.944004	2.8857421875
14.945004	2.8857421875
14.946004	2.8857421875
14.947004	2.8955078125
14.948004	2.8955078125
14.949	2.890625
14.95	2.900390625
14.951	2.900390625
14.952	2.9052734375
14.953	2.91015625
14.954	2.91015625
14.955	2.9052734375
14.956	2.91015625
14.957	2.919921875
14.958	2.91015625
14.959	2.9150390625
14.96	2.9248046875
14.961	2.9150390625
14.962	2.9248046875
14.963	2.9296875
14.964	2.9296875
14.965	2.9296875
14.966	2.9345703125
14.967	2.9443359375
14.968	2.9443359375
14.969	2.9443359375
14.97	2.9443359375
14.971	2.939453125
14.972	2.94921875
14.973	2.9443359375
14.974	2.94921875
14.975	2.9541015625
14.976	2.9541015625
14.977	2.9541015625
14.978	2.9541015625
14.979	2.94921875
14.98	2.9541015625
14.981	2.9541015625
14.982	2.94921875
14.983	2.9443359375
14.984	2.9443359375
14.984996	2.9541015625
14.986004	2.939453125
14.987004	2.9443359375
14.988004	2.94921875
14.989004	2.9345703125
14.990004	2.9443359375
14.991004	2.939453125
14.992	2.9345703125
14.993	2.939453125
14.994	2.9345703125
14.995	2.9248046875
14.996	2.9248046875
14.997	2.9150390625
14.998	2.9248046875
14.999	2.919921875
15.0	2.9150390625
15.001	2.91015625
15.002	2.9052734375
15.003	2.9150390625
15.004	2.9052734375
15.005	2.8955078125
15.006	2.8955078125
15.007	2.8955078125
15.008	2.8955078125
15.009	2.8857421875
15.01	2.8955078125
15.011	2.8857421875
15.012	2.880859375
15.013	2.8857421875
15.014	2.8857421875
15.015	2.880859375
15.016	2.880859375
15.017	2.880859375
15.018	2.880859375
15.019	2.87109375
15.02	2.8759765625
15.021	2.87109375
15.022	2.87109375
15.023	2.87109375
15.024	2.87109375
15.025	2.8662109375
15.026	2.87109375
15.026996	2.87109375
15.028004	2.87109375
15.029	2.8759765625
15.030004	2.8662109375
15.031004	2.87109375
15.032004	2.87109375
15.033004	2.8759765625
15.034	2.8857421875
15.035	2.880859375
15.036	2.880859375
15.037	2.890625
15.038	2.880859375
15.039	2.890625
15.04	2.890625
15.041	2.8955078125
15.042	2.8955078125
15.043	2.890625
15.044	2.9052734375
15.045	2.900390625
15.046	2.91015625
15.047	2.900390625
15.048	2.900390625
15.049	2.9052734375
15.05	2.9150390625
15.051	2.9150390625
15.052	2.919921875
15.053	2.919921875
15.054	2.9248046875
15.055	2.9248046875
15.056	2.9248046875
15.057	2.9296875
15.058	2.9345703125
15.059	2.9296875
15.06	2.939453125
15.061	2.9443359375
15.062	2.9443359375
15.063	2.9443359375
15.064	2.9443359375
15.065	2.9443359375
15.066	2.94921875
15.067	2.9541015625
15.068	2.9541015625
15.069	2.9541015625
15.070004	2.9541015625
15.071	2.958984375
15.072004	2.9541015625
15.073004	2.9541015625
15.074004	2.94921875
15.075004	2.94921875
15.076004	2.94921875
15.077	2.94921875
15.078	2.9443359375
15.079	2.9443359375
15.08	2.939453125
15.081	2.9345703125
15.082	2.939453125
15.083	2.9345703125
15.084	2.939453125
15.085	2.939453125
15.086	2.9345703125
15.087	2.9296875
15.088	2.9345703125
15.089	2.9248046875
15.09	2.9248046875
15.091	2.919921875
15.092	2.9248046875
15.093	2.9150390625
15.094	2.9150390625
15.095	2.91015625
15.096	2.9150390625
15.097	2.9052734375
15.098	2.900390625
15.099	2.91015625
15.1	2.900390625
15.101	2.8955078125
15.102	2.890625
15.103	2.890625
15.104	2.890625
15.105	2.8857421875
15.106	2.8857421875
15.107	2.890625
15.108	2.8759765625
15.109	2.8759765625
15.11	2.880859375
15.111	2.880859375
15.112	2.8662109375
15.112996	2.8759765625
15.114004	2.880859375
15.115004	2.8759765625
15.116004	2.8759765625
15.117004	2.87109375
15.118004	2.8759765625
15.119004	2.8759765625
15.12	2.880859375
15.121	2.8759765625
15.122	2.8759765625
15.123	2.8759765625
15.124	2.880859375
15.125	2.880859375
15.126	2.880859375
15.127	2.880859375
15.128	2.8759765625
15.129	2.8857421875
15.13	2.8857421875
15.131	2.880859375
15.132	2.8857421875
15.133	2.890625
15.134	2.8955078125
15.135	2.8955078125
15.136	2.8955078125
15.137	2.9052734375
15.138	2.9052734375
15.139	2.9052734375
15.14	2.9052734375
15.141	2.91015625
15.142	2.9150390625
15.143	2.9150390625
15.144	2.91015625
15.145	2.9150390625
15.146	2.9248046875
15.147	2.9248046875
15.148	2.919921875
15.149	2.9345703125
15.15	2.9345703125
15.151	2.9345703125
15.152	2.9345703125
15.153	2.939453125
15.154	2.9443359375
15.154996	2.939453125
15.156004	2.9443359375
15.157	2.94921875
15.158004	2.939453125
15.159004	2.9443359375
15.160004	2.94921875
15.161004	2.94921875
15.162	2.94921875
15.163	2.94921875
15.164	2.94921875
15.165	2.94921875
15.166	2.9443359375
15.167	2.9443359375
15.168	2.94921875
15.169	2.94921875
15.17	2.94921875
15.171	2.94921875
15.172	2.94921875
15.173	2.9443359375
15.174	2.9443359375
15.175	2.939453125
15.176	2.939453125
15.177	2.939453125
15.178	2.9296875
15.179	2.9345703125
15.18	2.9296875
15.181	2.9248046875
15.182	2.9296875
15.183	2.919921875
15.184	2.9150390625
15.185	2.9150390625
15.186	2.9150390625
15.187	2.9150390625
15.188	2.91015625
15.189	2.9052734375
15.19	2.91015625
15.191	2.900390625
15.192	2.9052734375
15.193	2.900390625
15.194	2.8955078125
15.195	2.8955078125
15.196	2.890625
15.197	2.8857421875
15.198004	2.8857421875
15.199	2.890625
15.200004	2.8857421875
15.201004	2.8857421875
15.202004	2.880859375
15.203004	2.880859375
15.204004	2.8759765625
15.205	2.8759765625
15.206	2.8759765625
15.207	2.8759765625
15.208	2.87109375
15.209	2.8662109375
15.21	2.8662109375
15.211	2.8759765625
15.212	2.87109375
15.213	2.8759765625
15.214	2.880859375
15.215	2.8759765625
15.216	2.8759765625
15.217	2.880859375
15.218	2.880859375
15.219	2.8857421875
15.22	2.8759765625
15.221	2.8857421875
15.222	2.8857421875
15.223	2.880859375
15.224	2.890625
15.225	2.890625
15.226	2.8857421875
15.227	2.8955078125
15.228	2.8955078125
15.229	2.8955078125
15.23	2.9052734375
15.231	2.900390625
15.232	2.900390625
15.233	2.9052734375
15.234	2.900390625
15.235	2.91015625
15.236	2.9052734375
15.237	2.91015625
15.238	2.919921875
15.239	2.9248046875
15.24	2.9248046875
15.240996	2.919921875
15.242004	2.9296875
15.243004	2.9296875
15.244004	2.939453125
15.245004	2.939453125
15.246004	2.939453125
15.247004	2.939453125
15.248	2.9443359375
15.249	2.9443359375
15.25	2.94921875
15.251	2.94921875
15.252	2.94921875
15.253	2.9443359375
15.254	2.94921875
15.255	2.9443359375
15.256	2.94921875
15.257	2.9541015625
15.258	2.9443359375
15.259	2.94921875
15.26	2.94921875
15.261	2.9541015625
15.262	2.9541015625
15.263	2.94921875
15.264	2.9443359375
15.265	2.94921875
15.266	2.9443359375
15.267	2.939453125
15.268	2.939453125
15.269	2.939453125
15.27	2.9345703125
15.271	2.9345703125
15.272	2.9345703125
15.273	2.9248046875
15.274	2.9248046875
15.275	2.9248046875
15.276	2.9248046875
15.277	2.919921875
15.278	2.919921875
15.279	2.91015625
15.28	2.9150390625
15.281	2.900390625
15.282	2.91015625
15.282996	2.91015625
15.284004	2.900390625
15.285	2.9052734375
15.286004	2.8955078125
15.287004	2.890625
15.288004	2.8955078125
15.289004	2.890625
15.29	2.8857421875
15.291	2.8857421875
15.292	2.8857421875
15.293	2.8857421875
15.294	2.8857421875
15.295	2.8759765625
15.296	2.880859375
15.297	2.880859375
15.298	2.880859375
15.299	2.87109375
15.3	2.8759765625
15.301	2.8759765625
15.302	2.87109375
15.303	2.8759765625
15.304	2.87109375
15.305	2.880859375
15.306	2.87109375
15.307	2.87109375
15.308	2.87109375
15.309	2.87109375
15.31	2.880859375
15.311	2.8759765625
15.312	2.8759765625
15.313	2.880859375
15.314	2.8857421875
15.315	2.890625
15.316	2.8857421875
15.317	2.8857421875
15.318	2.890625
15.319	2.8857421875
15.32	2.900390625
15.321	2.890625
15.322	2.900390625
15.323	2.9052734375
15.324	2.8955078125
15.325	2.9052734375
15.326004	2.9052734375
15.327	2.9052734375
15.328004	2.9150390625
15.329004	2.9150390625
15.330004	2.9150390625
15.331004	2.919921875
15.332004	2.9248046875
15.333	2.9296875
15.334	2.9248046875
15.335	2.9296875
15.336	2.9296875
15.337	2.9345703125
15.338	2.939453125
15.339	2.9443359375
15.34	2.939453125
15.341	2.9443359375
15.342	2.939453125
15.343	2.939453125
15.344	2.9443359375
15.345	2.94921875
15.346	2.94921875
15.347	2.94921875
15.348	2.9541015625
15.349	2.9541015625
15.35	2.94921875
15.351	2.9443359375
15.352	2.9443359375
15.353	2.94921875
15.354	2.9443359375
15.355	2.9443359375
15.356	2.9443359375
15.357	2.9443359375
15.358	2.9443359375
15.359	2.9443359375
15.36	2.9443359375
15.361	2.9345703125
15.362	2.939453125
15.363	2.9345703125
15.364	2.9248046875
15.365	2.9296875
15.366	2.9248046875
15.367	2.9248046875
15.368	2.9248046875
15.368996	2.9248046875
15.370004	2.919921875
15.371004	2.919921875
15.372004	2.91015625
15.373004	2.91015625
15.374004	2.9150390625
15.375004	2.91015625
15.376	2.91015625
15.377	2.9052734375
15.378	2.9052734375
15.379	2.9052734375
15.38	2.8955078125
15.381	2.8955078125
15.382	2.8955078125
15.383	2.890625
15.384	2.890625
15.385	2.880859375
15.386	2.8857421875
15.387	2.890625
15.388	2.8759765625
15.389	2.880859375
15.39	2.8857421875
15.391	2.880859375
15.392	2.880859375
15.393	2.87109375
15.394	2.8759765625
15.395	2.87109375
15.396	2.87109375
15.397	2.8759765625
15.398	2.8759765625
15.399	2.8759765625
15.4	2.8662109375
15.401	2.8857421875
15.402	2.880859375
15.403	2.880859375
15.404	2.8759765625
15.405	2.880859375
15.406	2.880859375
15.407	2.880859375
15.408	2.8857421875
15.409	2.880859375
15.41	2.890625
15.410996	2.890625
15.412004	2.890625
15.413	2.8955078125
15.414004	2.8857421875
15.415004	2.9052734375
15.416004	2.9052734375
15.417004	2.9052734375
15.418	2.9052734375
15.419	2.9150390625
15.42	2.91015625
15.421	2.91015625
15.422	2.91015625
15.423	2.919921875
15.424	2.919921875
15.425	2.9248046875
15.426	2.9296875
15.427	2.919921875
15.428	2.9248046875
15.429	2.9248046875
15.43	2.9248046875
15.431	2.9296875
15.432	2.939453125
15.433	2.939453125
15.434	2.9443359375
15.435	2.9443359375
15.436	2.9443359375
15.437	2.94921875
15.438	2.9443359375
15.439	2.94921875
15.44	2.9443359375
15.441	2.94921875
15.442	2.94921875
15.443	2.94921875
15.444	2.9443359375
15.445	2.9541015625
15.446	2.94921875
15.447	2.94921875
15.448	2.94921875
15.449	2.94921875
15.45	2.94921875
15.451	2.939453125
15.452	2.939453125
15.453	2.939453125
15.454004	2.939453125
15.455	2.9345703125
15.456004	2.9345703125
15.457004	2.9345703125
15.458004	2.9296875
15.459004	2.9296875
15.460004	2.9248046875
15.461	2.919921875
15.462	2.9248046875
15.463	2.9150390625
15.464	2.919921875
15.465	2.9150390625
15.466	2.91015625
15.467	2.9150390625
15.468	2.900390625
15.469	2.91015625
15.47	2.9052734375
15.471	2.91015625
15.472	2.9052734375
15.473	2.890625
15.474	2.8955078125
15.475	2.8955078125
15.476	2.890625
15.477	2.8857421875
15.478	2.880859375
15.479	2.890625
15.48	2.8857421875
15.481	2.8759765625
15.482	2.880859375
15.483	2.8857421875
15.484	2.880859375
15.485	2.880859375
15.486	2.8759765625
15.487	2.87109375
15.488	2.8759765625
15.489	2.87109375
15.49	2.87109375
15.491	2.87109375
15.492	2.880859375
15.493	2.8759765625
15.494	2.880859375
15.495	2.8759765625
15.496	2.8759765625
15.496996	2.87109375
15.498004	2.8857421875
15.499004	2.8857421875
15.500004	2.8857421875
15.501004	2.8857421875
15.502004	2.8857421875
15.503004	2.8857421875
15.504	2.890625
15.505	2.8955078125
15.506	2.8857421875
15.507	2.8955078125
15.508	2.900390625
15.509	2.900390625
15.51	2.8955078125
15.511	2.9052734375
15.512	2.9052734375
15.513	2.9052734375
15.514	2.9052734375
15.515	2.9150390625
15.516	2.91015625
15.517	2.919921875
15.518	2.9248046875
15.519	2.9248046875
15.52	2.9248046875
15.521	2.9296875
15.522	2.9296875
15.523	2.9345703125
15.524	2.939453125
15.525	2.9443359375
15.526	2.939453125
15.527	2.9443359375
15.528	2.9345703125
15.529	2.939453125
15.53	2.9443359375
15.531	2.9443359375
15.532	2.939453125
15.533	2.9443359375
15.534	2.9443359375
15.535	2.9541015625
15.536	2.9541015625
15.537	2.9443359375
15.538	2.94921875
15.538996	2.9541015625
15.540004	2.9443359375
15.541	2.9443359375
15.542004	2.9443359375
15.543004	2.9443359375
15.544004	2.939453125
15.545004	2.939453125
15.546	2.939453125
15.547	2.939453125
15.548	2.939453125
15.549	2.939453125
15.55	2.939453125
15.551	2.9248046875
15.552	2.9296875
15.553	2.9248046875
15.554	2.9296875
15.555	2.9248046875
15.556	2.9248046875
15.557	2.919921875
15.558	2.91015625
15.559	2.9150390625
15.56	2.91015625
15.561	2.91015625
15.562	2.9052734375
15.563	2.8955078125
15.564	2.9052734375
15.565	2.900390625
15.566	2.8955078125
15.567	2.8955078125
15.568	2.890625
15.569	2.8955078125
15.57	2.8857421875
15.571	2.890625
15.572	2.8857421875
15.573	2.8857421875
15.574	2.8857421875
15.575	2.880859375
15.576	2.880859375
15.577	2.8759765625
15.578	2.880859375
15.579	2.880859375
15.58	2.87109375
15.581	2.87109375
15.582004	2.880859375
15.583	2.87109375
15.584004	2.8759765625
15.585004	2.87109375
15.586004	2.8759765625
15.587004	2.880859375
15.588004	2.880859375
15.589	2.8759765625
15.59	2.8759765625
15.591	2.8759765625
15.592	2.8759765625
15.593	2.8857421875
15.594	2.8857421875
15.595	2.8857421875
15.596	2.8857421875
15.597	2.890625
15.598	2.890625
15.599	2.890625
15.6	2.900390625
15.601	2.900390625
15.602	2.900390625
15.603	2.900390625
15.604	2.8955078125
15.605	2.9052734375
15.606	2.9052734375
15.607	2.9150390625
15.608	2.91015625
15.609	2.919921875
15.61	2.9150390625
15.611	2.919921875
15.612	2.9248046875
15.613	2.919921875
15.614	2.9296875
15.615	2.9248046875
15.616	2.9345703125
15.617	2.939453125
15.618	2.939453125
15.619	2.939453125
15.62	2.9443359375
15.621	2.939453125
15.622	2.9443359375
15.623	2.939453125
15.624	2.939453125
15.624996	2.9443359375
15.626004	2.9443359375
15.627004	2.94921875
15.628004	2.94921875
15.629004	2.9443359375
15.630004	2.94921875
15.631004	2.9443359375
15.632	2.94921875
15.633	2.9443359375
15.634	2.94921875
15.635	2.9443359375
15.636	2.94921875
15.637	2.9443359375
15.638	2.9443359375
15.639	2.9443359375
15.64	2.9443359375
15.641	2.939453125
15.642	2.9345703125
15.643	2.9345703125
15.644	2.9345703125
15.645	2.9248046875
15.646	2.919921875
15.647	2.919921875
15.648	2.9248046875
15.649	2.919921875
15.65	2.919921875
15.651	2.9150390625
15.652	2.9150390625
15.653	2.9052734375
15.654	2.9052734375
15.655	2.91015625
15.656	2.91015625
15.657	2.900390625
15.658	2.900390625
15.659	2.900390625
15.66	2.890625
15.661	2.890625
15.662	2.8857421875
15.663	2.880859375
15.664	2.8857421875
15.665	2.8857421875
15.666	2.8857421875
15.666996	2.890625
15.668004	2.8759765625
15.669	2.8857421875
15.670004	2.87109375
15.671004	2.8759765625
15.672004	2.87109375
15.673004	2.8759765625
15.674	2.8759765625
15.675	2.8759765625
15.676	2.8759765625
15.677	2.880859375
15.678	2.8759765625
15.679	2.8759765625
15.68	2.8759765625
15.681	2.8759765625
15.682	2.87109375
15.683	2.880859375
15.684	2.8759765625
15.685	2.8857421875
15.686	2.8857421875
15.687	2.8857421875
15.688	2.880859375
15.689	2.880859375
15.69	2.890625
15.691	2.890625
15.692	2.8955078125
15.693	2.8955078125
15.694	2.900390625
15.695	2.9052734375
15.696	2.8955078125
15.697	2.9052734375
15.698	2.9052734375
15.699	2.9150390625
15.7	2.9052734375
15.701	2.919921875
15.702	2.91015625
15.703	2.919921875
15.704	2.919921875
15.705	2.9296875
15.706	2.9248046875
15.707	2.9248046875
15.708	2.9296875
15.709	2.9345703125
15.710004	2.9296875
15.711	2.9296875
15.712004	2.9345703125
15.713004	2.939453125
15.714004	2.9345703125
15.715004	2.939453125
15.716004	2.9345703125
15.717	2.939453125
15.718	2.9443359375
15.719	2.9443359375
15.72	2.9541015625
15.721	2.94921875
15.722	2.9541015625
15.723	2.94921875
15.724	2.9443359375
15.725	2.9443359375
15.726	2.9443359375
15.727	2.9443359375
15.728	2.9443359375
15.729	2.94921875
15.73	2.939453125
15.731	2.9443359375
15.732	2.9345703125
15.733	2.9345703125
15.734	2.939453125
15.735	2.9345703125
15.736	2.939453125
15.737	2.9296875
15.738	2.9248046875
15.739	2.919921875
15.74	2.9248046875
15.741	2.9248046875
15.742	2.9248046875
15.743	2.919921875
15.744	2.91015625
15.745	2.9052734375
15.746	2.9052734375
15.747	2.9052734375
15.748	2.9052734375
15.749	2.900390625
15.75	2.900390625
15.751	2.900390625
15.752	2.8955078125
15.752996	2.890625
15.754004	2.8955078125
15.755004	2.8955078125
15.756004	2.8955078125
15.757004	2.8857421875
15.758004	2.880859375
15.759004	2.890625
15.76	2.880859375
15.761	2.8857421875
15.762	2.880859375
15.763	2.880859375
15.764	2.880859375
15.765	2.880859375
15.766	2.880859375
15.767	2.880859375
15.768	2.880859375
15.769	2.880859375
15.77	2.8759765625
15.771	2.8759765625
15.772	2.8759765625
15.773	2.880859375
15.774	2.8857421875
15.775	2.880859375
15.776	2.8759765625
15.777	2.8759765625
15.778	2.8857421875
15.779	2.880859375
15.78	2.880859375
15.781	2.880859375
15.782	2.890625
15.783	2.8857421875
15.784	2.890625
15.785	2.890625
15.786	2.900390625
15.787	2.900390625
15.788	2.900390625
15.789	2.900390625
15.79	2.91015625
15.791	2.91015625
15.792	2.91015625
15.793	2.91015625
15.794	2.91015625
15.794996	2.9150390625
15.796004	2.9150390625
15.797	2.919921875
15.798004	2.919921875
15.799004	2.9248046875
15.800004	2.9296875
15.801004	2.9345703125
15.802	2.9296875
15.803	2.9296875
15.804	2.939453125
15.805	2.939453125
15.806	2.939453125
15.807	2.9345703125
15.808	2.9345703125
15.809	2.939453125
15.81	2.939453125
15.811	2.9443359375
15.812	2.9443359375
15.813	2.939453125
15.814	2.94921875
15.815	2.9443359375
15.816	2.94921875
15.817	2.9443359375
15.818	2.939453125
15.819	2.939453125
15.82	2.9443359375
15.821	2.94921875
15.822	2.9443359375
15.823	2.939453125
15.824	2.94921875
15.825	2.939453125
15.826	2.9345703125
15.827	2.9443359375
15.828	2.9296875
15.829	2.9345703125
15.83	2.9248046875
15.831	2.919921875
15.832	2.9248046875
15.833	2.919921875
15.834	2.9248046875
15.835	2.9248046875
15.836	2.919921875
15.837	2.91015625
15.838004	2.9052734375
15.839	2.900390625
15.840004	2.9052734375
15.841004	2.9052734375
15.842004	2.900390625
15.843004	2.9052734375
15.844004	2.9052734375
15.845	2.8955078125
15.846	2.890625
15.847	2.8955078125
15.848	2.8955078125
15.849	2.890625
15.85	2.890625
15.851	2.880859375
15.852	2.880859375
15.853	2.880859375
15.854	2.880859375
15.855	2.880859375
15.856	2.880859375
15.857	2.880859375
15.858	2.87109375
15.859	2.8759765625
15.86	2.8759765625
15.861	2.8857421875
15.862	2.8759765625
15.863	2.8759765625
15.864	2.8759765625
15.865	2.880859375
15.866	2.880859375
15.867	2.880859375
15.868	2.8857421875
15.869	2.880859375
15.87	2.8857421875
15.871	2.880859375
15.872	2.880859375
15.873	2.880859375
15.874	2.8857421875
15.875	2.890625
15.876	2.890625
15.877	2.8955078125
15.878	2.890625
15.879	2.900390625
15.88	2.8955078125
15.880996	2.900390625
15.882004	2.9052734375
15.883004	2.900390625
15.884004	2.900390625
15.885004	2.900390625
15.886004	2.91015625
15.887004	2.9150390625
15.888	2.91015625
15.889	2.9150390625
15.89	2.9248046875
15.891	2.919921875
15.892	2.9150390625
15.893	2.9296875
15.894	2.9296875
15.895	2.939453125
15.896	2.9296875
15.897	2.939453125
15.898	2.9443359375
15.899	2.939453125
15.9	2.939453125
15.901	2.9443359375
15.902	2.9443359375
15.903	2.9443359375
15.904	2.94921875
15.905	2.9443359375
15.906	2.9443359375
15.907	2.9443359375
15.908	2.939453125
15.909	2.939453125
15.91	2.9443359375
15.911	2.939453125
15.912	2.94921875
15.913	2.9443359375
15.914	2.9443359375
15.915	2.9443359375
15.916	2.939453125
15.917	2.9443359375
15.918	2.9443359375
15.919	2.939453125
15.92	2.939453125
15.921	2.939453125
15.922	2.9296875
15.922996	2.9248046875
15.924004	2.9345703125
15.925	2.919921875
15.926004	2.9248046875
15.927004	2.9296875
15.928004	2.919921875
15.929004	2.9150390625
15.93	2.9150390625
15.931	2.91015625
15.932	2.9052734375
15.933	2.9052734375
15.934	2.91015625
15.935	2.9052734375
15.936	2.9052734375
15.937	2.900390625
15.938	2.8955078125
15.939	2.900390625
15.94	2.8955078125
15.941	2.880859375
15.942	2.890625
15.943	2.880859375
15.944	2.8857421875
15.945	2.8857421875
15.946	2.8857421875
15.947	2.880859375
15.948	2.8857421875
15.949	2.880859375
15.95	2.880859375
15.951	2.880859375
15.952	2.87109375
15.953	2.8759765625
15.954	2.880859375
15.955	2.87109375
15.956	2.880859375
15.957	2.8759765625
15.958	2.87109375
15.959	2.8759765625
15.96	2.8857421875
15.961	2.880859375
15.962	2.880859375
15.963	2.880859375
15.964	2.8857421875
15.965	2.890625
15.966004	2.8857421875
15.967	2.8857421875
15.968004	2.890625
15.969004	2.890625
15.970004	2.890625
15.971004	2.890625
15.972004	2.8955078125
15.973	2.900390625
15.974	2.9052734375
15.975	2.900390625
15.976	2.9052734375
15.977	2.900390625
15.978	2.9052734375
15.979	2.9052734375
15.98	2.91015625
15.981	2.91015625
15.982	2.9248046875
15.983	2.9248046875
15.984	2.9248046875
15.985	2.919921875
15.986	2.9296875
15.987	2.9345703125
15.988	2.9345703125
15.989	2.939453125
15.99	2.9443359375
15.991	2.9443359375
15.992	2.939453125
15.993	2.9443359375
15.994	2.9345703125
15.995	2.939453125
15.996	2.939453125
15.997	2.9443359375
15.998	2.9443359375
15.999	2.9443359375
16.0	2.9443359375
16.001	2.94921875
16.002	2.939453125
16.003	2.9443359375
16.004	2.9443359375
16.005	2.939453125
16.006	2.939453125
16.007	2.9443359375
16.008	2.9345703125
16.008996	2.939453125
16.010004	2.9345703125
16.011004	2.9345703125
16.012004	2.9345703125
16.013004	2.9345703125
16.014004	2.9345703125
16.015004	2.9296875
16.016	2.9296875
16.017	2.919921875
16.018	2.919921875
16.019	2.919921875
16.02	2.9248046875
16.021	2.919921875
16.022	2.919921875
16.023	2.9150390625
16.024	2.9150390625
16.025	2.9052734375
16.026	2.91015625
16.027	2.9052734375
16.028	2.8955078125
16.029	2.900390625
16.03	2.890625
16.031	2.900390625
16.032	2.890625
16.033	2.890625
16.034	2.890625
16.035	2.890625
16.036	2.8759765625
16.037	2.8857421875
16.038	2.8857421875
16.039	2.8857421875
16.04	2.8857421875
16.041	2.8759765625
16.042	2.880859375
16.043	2.880859375
16.044	2.8857421875
16.045	2.880859375
16.046	2.880859375
16.047	2.8759765625
16.048	2.880859375
16.049	2.880859375
16.05	2.87109375
16.050996	2.8759765625
16.052004	2.8759765625
16.053	2.8759765625
16.054004	2.8759765625
16.055004	2.8857421875
16.056004	2.880859375
16.057004	2.8857421875
16.058	2.890625
16.059	2.8857421875
16.06	2.880859375
16.061	2.8857421875
16.062	2.890625
16.063	2.8955078125
16.064	2.890625
16.065	2.8955078125
16.066	2.8955078125
16.067	2.8955078125
16.068	2.8955078125
16.069	2.900390625
16.07	2.91015625
16.071	2.91015625
16.072	2.91015625
16.073	2.9150390625
16.074	2.919921875
16.075	2.919921875
16.076	2.919921875
16.077	2.919921875
16.078	2.919921875
16.079	2.9248046875
16.08	2.9248046875
16.081	2.9296875
16.082	2.939453125
16.083	2.9296875
16.084	2.939453125
16.085	2.939453125
16.086	2.939453125
16.087	2.939453125
16.088	2.9443359375
16.089	2.9443359375
16.09	2.939453125
16.091	2.9443359375
16.092	2.9443359375
16.093	2.9443359375
16.094004	2.9443359375
16.095	2.9443359375
16.096004	2.9345703125
16.097004	2.94921875
16.098004	2.9443359375
16.099004	2.9443359375
16.100004	2.94921875
16.101	2.9443359375
16.102	2.939453125
16.103	2.9345703125
16.104	2.9443359375
16.105	2.939453125
16.106	2.9296875
16.107	2.9248046875
16.108	2.9345703125
16.109	2.9248046875
16.11	2.9248046875
16.111	2.9248046875
16.112	2.9248046875
16.113	2.9248046875
16.114	2.919921875
16.115	2.9248046875
16.116	2.9150390625
16.117	2.91015625
16.118	2.9052734375
16.119	2.9052734375
16.12	2.91015625
16.121	2.900390625
16.122	2.900390625
16.123	2.900390625
16.124	2.890625
16.125	2.8955078125
16.126	2.8955078125
16.127	2.890625
16.128	2.8955078125
16.129	2.8857421875
16.13	2.880859375
16.131	2.8857421875
16.132	2.8857421875
16.133	2.8857421875
16.134	2.8759765625
16.135	2.880859375
16.136	2.8759765625
16.136996	2.880859375
16.138004	2.8857421875
16.139004	2.8759765625
16.140004	2.880859375
16.141004	2.880859375
16.142004	2.880859375
16.143004	2.8759765625
16.144	2.880859375
16.145	2.880859375
16.146	2.87109375
16.147	2.880859375
16.148	2.8759765625
16.149	2.880859375
16.15	2.8857421875
16.151	2.880859375
16.152	2.890625
16.153	2.8857421875
16.154	2.8955078125
16.155	2.8857421875
16.156	2.890625
16.157	2.8955078125
16.158	2.8955078125
16.159	2.8955078125
16.16	2.8955078125
16.161	2.900390625
16.162	2.91015625
16.163	2.900390625
16.164	2.9052734375
16.165	2.9052734375
16.166	2.9150390625
16.167	2.9150390625
16.168	2.919921875
16.169	2.919921875
16.17	2.9248046875
16.171	2.919921875
16.172	2.9248046875
16.173	2.9296875
16.174	2.9296875
16.175	2.939453125
16.176	2.9345703125
16.177	2.9345703125
16.178	2.9443359375
16.178996	2.9345703125
16.180004	2.9443359375
16.181	2.9443359375
16.182004	2.939453125
16.183004	2.9443359375
16.184004	2.939453125
16.185004	2.939453125
16.186	2.94921875
16.187	2.9345703125
16.188	2.9443359375
16.189	2.9443359375
16.19	2.9443359375
16.191	2.9443359375
16.192	2.9443359375
16.193	2.9443359375
16.194	2.9345703125
16.195	2.9443359375
16.196	2.9443359375
16.197	2.939453125
16.198	2.939453125
16.199	2.9345703125
16.2	2.9296875
16.201	2.9296875
16.202	2.9345703125
16.203	2.9248046875
16.204	2.9296875
16.205	2.9296875
16.206	2.9248046875
16.207	2.919921875
16.208	2.919921875
16.209	2.9150390625
16.21	2.9150390625
16.211	2.9052734375
16.212	2.9052734375
16.213	2.900390625
16.214	2.9052734375
16.215	2.900390625
16.216	2.900390625
16.217	2.8955078125
16.218	2.890625
16.219	2.8857421875
16.22	2.8857421875
16.221	2.890625
16.222004	2.880859375
16.223	2.8857421875
16.224004	2.890625
16.225004	2.880859375
16.226004	2.890625
16.227004	2.8759765625
16.228004	2.8857421875
16.229	2.8759765625
16.23	2.880859375
16.231	2.880859375
16.232	2.880859375
16.233	2.87109375
16.234	2.8759765625
16.235	2.880859375
16.236	2.880859375
16.237	2.880859375
16.238	2.8759765625
16.239	2.8759765625
16.24	2.880859375
16.241	2.8857421875
16.242	2.8857421875
16.243	2.8857421875
16.244	2.8857421875
16.245	2.8857421875
16.246	2.8857421875
16.247	2.890625
16.248	2.890625
16.249	2.890625
16.25	2.900390625
16.251	2.8955078125
16.252	2.900390625
16.253	2.900390625
16.254	2.900390625
16.255	2.9052734375
16.256	2.900390625
16.257	2.91015625
16.258	2.91015625
16.259	2.91015625
16.26	2.9150390625
16.261	2.919921875
16.262	2.9248046875
16.263	2.9296875
16.264	2.9248046875
16.264996	2.9296875
16.266004	2.9296875
16.267004	2.9296875
16.268004	2.9345703125
16.269004	2.939453125
16.270004	2.939453125
16.271004	2.939453125
16.272	2.9443359375
16.273	2.939453125
16.274	2.9443359375
16.275	2.9443359375
16.276	2.939453125
16.277	2.939453125
16.278	2.9443359375
16.279	2.939453125
16.28	2.9443359375
16.281	2.9443359375
16.282	2.94921875
16.283	2.9443359375
16.284	2.9443359375
16.285	2.94921875
16.286	2.9443359375
16.287	2.939453125
16.288	2.939453125
16.289	2.9443359375
16.29	2.939453125
16.291	2.9345703125
16.292	2.9296875
16.293	2.9345703125
16.294	2.9296875
16.295	2.9248046875
16.296	2.919921875
16.297	2.919921875
16.298	2.9248046875
16.299	2.919921875
16.3	2.9248046875
16.301	2.9150390625
16.302	2.919921875
16.303	2.91015625
16.304	2.9150390625
16.305	2.9150390625
16.306	2.900390625
16.306996	2.9052734375
16.308004	2.9052734375
16.309	2.8955078125
16.310004	2.8955078125
16.311004	2.8955078125
16.312004	2.890625
16.313004	2.8857421875
16.314	2.890625
16.315	2.880859375
16.316	2.890625
16.317	2.880859375
16.318	2.890625
16.319	2.890625
16.32	2.8759765625
16.321	2.880859375
16.322	2.8857421875
16.323	2.880859375
16.324	2.8857421875
16.325	2.8857421875
16.326	2.880859375
16.327	2.8759765625
16.328	2.880859375
16.329	2.880859375
16.33	2.880859375
16.331	2.880859375
16.332	2.8759765625
16.333	2.880859375
16.334	2.8857421875
16.335	2.890625
16.336	2.880859375
16.337	2.8857421875
16.338	2.8857421875
16.339	2.890625
16.34	2.890625
16.341	2.890625
16.342	2.890625
16.343	2.8955078125
16.344	2.900390625
16.345	2.900390625
16.346	2.8955078125
16.347	2.9052734375
16.348	2.900390625
16.349	2.9052734375
16.350004	2.91015625
16.351	2.9150390625
16.352004	2.9052734375
16.353004	2.9150390625
16.354004	2.919921875
16.355004	2.9248046875
16.356004	2.9248046875
16.357	2.919921875
16.358	2.9248046875
16.359	2.9248046875
16.36	2.9296875
16.361	2.9345703125
16.362	2.9345703125
16.363	2.9296875
16.364	2.9443359375
16.365	2.939453125
16.366	2.9345703125
16.367	2.9345703125
16.368	2.939453125
16.369	2.9443359375
16.37	2.9443359375
16.371	2.9443359375
16.372	2.939453125
16.373	2.9443359375
16.374	2.94921875
16.375	2.9443359375
16.376	2.939453125
16.377	2.939453125
16.378	2.939453125
16.379	2.9345703125
16.38	2.9443359375
16.381	2.9443359375
16.382	2.9443359375
16.383	2.939453125
16.384	2.9443359375
16.385	2.9345703125
16.386	2.939453125
16.387	2.9248046875
16.388	2.9248046875
16.389	2.9296875
16.39	2.9296875
16.391	2.919921875
16.392	2.919921875
16.392996	2.9150390625
16.394004	2.9248046875
16.395004	2.9150390625
16.396004	2.9052734375
16.397004	2.91015625
16.398004	2.91015625
16.399004	2.91015625
16.4	2.900390625
16.401	2.9052734375
16.402	2.900390625
16.403	2.9052734375
16.404	2.890625
16.405	2.890625
16.406	2.890625
16.407	2.880859375
16.408	2.8857421875
16.409	2.8857421875
16.41	2.880859375
16.411	2.880859375
16.412	2.8857421875
16.413	2.8857421875
16.414	2.8759765625
16.415	2.880859375
16.416	2.880859375
16.417	2.880859375
16.418	2.880859375
16.419	2.880859375
16.42	2.8857421875
16.421	2.8857421875
16.422	2.880859375
16.423	2.880859375
16.424	2.87109375
16.425	2.880859375
16.426	2.8857421875
16.427	2.8857421875
16.428	2.8857421875
16.429	2.8857421875
16.43	2.8857421875
16.431	2.8857421875
16.432	2.880859375
16.433	2.8955078125
16.434	2.890625
16.434996	2.8955078125
16.436004	2.8955078125
16.437	2.890625
16.438004	2.900390625
16.439004	2.900390625
16.440004	2.8955078125
16.441004	2.900390625
16.442	2.9052734375
16.443	2.91015625
16.444	2.91015625
16.445	2.91015625
16.446	2.9150390625
16.447	2.9150390625
16.448	2.919921875
16.449	2.9296875
16.45	2.9296875
16.451	2.919921875
16.452	2.9296875
16.453	2.9296875
16.454	2.9296875
16.455	2.9345703125
16.456	2.9345703125
16.457	2.9296875
16.458	2.9345703125
16.459	2.9443359375
16.46	2.9443359375
16.461	2.939453125
16.462	2.939453125
16.463	2.9443359375
16.464	2.939453125
16.465	2.9443359375
16.466	2.94921875
16.467	2.9541015625
16.468	2.939453125
16.469	2.939453125
16.47	2.9443359375
16.471	2.9345703125
16.472	2.939453125
16.473	2.9443359375
16.474	2.939453125
16.475	2.9345703125
16.476	2.94921875
16.477	2.939453125
16.478004	2.939453125
16.479	2.9345703125
16.480004	2.9345703125
16.481004	2.9296875
16.482004	2.9248046875
16.483004	2.9248046875
16.484004	2.9248046875
16.485	2.919921875
16.486	2.9248046875
16.487	2.9150390625
16.488	2.91015625
16.489	2.91015625
16.49	2.9150390625
16.491	2.91015625
16.492	2.900390625
16.493	2.8955078125
16.494	2.9052734375
16.495	2.900390625
16.496	2.8955078125
16.497	2.8955078125
16.498	2.900390625
16.499	2.8955078125
16.5	2.8955078125
16.501	2.8857421875
16.502	2.8857421875
16.503	2.880859375
16.504	2.8857421875
16.505	2.880859375
16.506	2.8857421875
16.507	2.8759765625
16.508	2.880859375
16.509	2.880859375
16.51	2.8857421875
16.511	2.8857421875
16.512	2.880859375
16.513	2.880859375
16.514	2.8857421875
16.515	2.8759765625
16.516	2.880859375
16.517	2.8759765625
16.518	2.880859375
16.519	2.880859375
16.52	2.8857421875
16.520996	2.890625
16.522004	2.8857421875
16.523004	2.8857421875
16.524004	2.8857421875
16.525004	2.8857421875
16.526004	2.8857421875
16.527004	2.890625
16.528	2.8955078125
16.529	2.890625
16.53	2.8955078125
16.531	2.900390625
16.532	2.9052734375
16.533	2.8955078125
16.534	2.9052734375
16.535	2.900390625
16.536	2.91015625
16.537	2.9150390625
16.538	2.9150390625
16.539	2.9150390625
16.54	2.9248046875
16.541	2.9150390625
16.542	2.9296875
16.543	2.9248046875
16.544	2.9248046875
16.545	2.9296875
16.546	2.9248046875
16.547	2.9296875
16.548	2.9248046875
16.549	2.939453125
16.55	2.939453125
16.551	2.9443359375
16.552	2.9443359375
16.553	2.939453125
16.554	2.939453125
16.555	2.939453125
16.556	2.939453125
16.557	2.9443359375
16.558	2.94921875
16.559	2.9443359375
16.56	2.9443359375
16.561	2.9443359375
16.562	2.9443359375
16.562996	2.939453125
16.564004	2.9443359375
16.565	2.939453125
16.566004	2.939453125
16.567004	2.939453125
16.568004	2.939453125
16.569004	2.9443359375
16.57	2.9345703125
16.571	2.939453125
16.572	2.939453125
16.573	2.9345703125
16.574	2.9248046875
16.575	2.9248046875
16.576	2.9296875
16.577	2.9296875
16.578	2.9296875
16.579	2.9150390625
16.58	2.9150390625
16.581	2.9150390625
16.582	2.9150390625
16.583	2.9052734375
16.584	2.91015625
16.585	2.900390625
16.586	2.9052734375
16.587	2.91015625
16.588	2.9052734375
16.589	2.9052734375
16.59	2.8955078125
16.591	2.8955078125
16.592	2.8955078125
16.593	2.890625
16.594	2.890625
16.595	2.8857421875
16.596	2.880859375
16.597	2.8857421875
16.598	2.8857421875
16.599	2.8857421875
16.6	2.8857421875
16.601	2.8857421875
16.602	2.8857421875
16.603	2.8759765625
16.604	2.8857421875
16.605	2.8857421875
16.606004	2.8857421875
16.607	2.880859375
16.608004	2.8857421875
16.609004	2.8857421875
16.610004	2.8857421875
16.611004	2.8857421875
16.612004	2.8857421875
16.613	2.8857421875
16.614	2.8857421875
16.615	2.8857421875
16.616	2.8857421875
16.617	2.8857421875
16.618	2.890625
16.619	2.8857421875
16.62	2.890625
16.621	2.8955078125
16.622	2.8857421875
16.623	2.900390625
16.624	2.9052734375
16.625	2.900390625
16.626	2.9052734375
16.627	2.9052734375
16.628	2.91015625
16.629	2.91015625
16.63	2.9052734375
16.631	2.9150390625
16.632	2.9150390625
16.633	2.9150390625
16.634	2.9248046875
16.635	2.9248046875
16.636	2.9248046875
16.637	2.9248046875
16.638	2.9248046875
16.639	2.9345703125
16.64	2.9248046875
16.641	2.9345703125
16.642	2.939453125
16.643	2.9345703125
16.644	2.939453125
16.645	2.9345703125
16.646	2.9296875
16.647	2.939453125
16.648	2.939453125
16.648996	2.939453125
16.650004	2.939453125
16.651004	2.9345703125
16.652004	2.9345703125
16.653004	2.9443359375
16.654004	2.939453125
16.655004	2.939453125
16.656	2.939453125
16.657	2.94921875
16.658	2.939453125
16.659	2.9443359375
16.66	2.9443359375
16.661	2.939453125
16.662	2.9296875
16.663	2.9345703125
16.664	2.9345703125
16.665	2.9296875
16.666	2.9296875
16.667	2.9296875
16.668	2.9248046875
16.669	2.9248046875
16.67	2.9248046875
16.671	2.9248046875
16.672	2.919921875
16.673	2.9150390625
16.674	2.919921875
16.675	2.9052734375
16.676	2.91015625
16.677	2.9052734375
16.678	2.9052734375
16.679	2.8955078125
16.68	2.9052734375
16.681	2.9052734375
16.682	2.8955078125
16.683	2.8955078125
16.684	2.8955078125
16.685	2.890625
16.686	2.8955078125
16.687	2.8857421875
16.688	2.8857421875
16.689	2.880859375
16.69	2.880859375
16.690996	2.8857421875
16.692004	2.8857421875
16.693	2.880859375
16.694004	2.8759765625
16.695004	2.8759765625
16.696004	2.8759765625
16.697004	2.880859375
16.698	2.880859375
16.699	2.880859375
16.7	2.880859375
16.701	2.880859375
16.702	2.8759765625
16.703	2.8759765625
16.704	2.8857421875
16.705	2.880859375
16.706	2.8857421875
16.707	2.880859375
16.708	2.880859375
16.709	2.880859375
16.71	2.880859375
16.711	2.8857421875
16.712	2.8857421875
16.713	2.8955078125
16.714	2.890625
16.715	2.890625
16.716	2.900390625
16.717	2.900390625
16.718	2.8955078125
16.719	2.9052734375
16.72	2.900390625
16.721	2.91015625
16.722	2.9052734375
16.723	2.91015625
16.724	2.91015625
16.725	2.919921875
16.726	2.919921875
16.727	2.9248046875
16.728	2.9248046875
16.729	2.9248046875
16.73	2.9248046875
16.731	2.9296875
16.732	2.9296875
16.733	2.939453125
16.734004	2.9296875
16.735	2.939453125
16.736004	2.9345703125
16.737004	2.9443359375
16.738004	2.9345703125
16.739004	2.9443359375
16.740004	2.9443359375
16.741	2.939453125
16.742	2.9443359375
16.743	2.939453125
16.744	2.9443359375
16.745	2.939453125
16.746	2.9443359375
16.747	2.939453125
16.748	2.9443359375
16.749	2.9443359375
16.75	2.9443359375
16.751	2.939453125
16.752	2.939453125
16.753	2.9443359375
16.754	2.9443359375
16.755	2.939453125
16.756	2.9345703125
16.757	2.9345703125
16.758	2.9345703125
16.759	2.9345703125
16.76	2.9296875
16.761	2.9296875
16.762	2.919921875
16.763	2.919921875
16.764	2.9248046875
16.765	2.9248046875
16.766	2.9150390625
16.767	2.9150390625
16.768	2.9150390625
16.769	2.91015625
16.77	2.9052734375
16.771	2.9052734375
16.772	2.9052734375
16.773	2.900390625
16.774	2.8955078125
16.775	2.900390625
16.776	2.890625
16.776996	2.890625
16.778004	2.8955078125
16.779004	2.890625
16.780004	2.890625
16.781004	2.8857421875
16.782004	2.8857421875
16.783004	2.8857421875
16.784	2.890625
16.785	2.890625
16.786	2.8857421875
16.787	2.880859375
16.788	2.880859375
16.789	2.880859375
16.79	2.8857421875
16.791	2.8857421875
16.792	2.8857421875
16.793	2.880859375
16.794	2.880859375
16.795	2.880859375
16.796	2.880859375
16.797	2.8857421875
16.798	2.8857421875
16.799	2.8857421875
16.8	2.8857421875
16.801	2.880859375
16.802	2.880859375
16.803	2.880859375
16.804	2.890625
16.805	2.8955078125
16.806	2.890625
16.807	2.900390625
16.808	2.8955078125
16.809	2.900390625
16.81	2.890625
16.811	2.9052734375
16.812	2.9052734375
16.813	2.91015625
16.814	2.91015625
16.815	2.9052734375
16.816	2.91015625
16.817	2.91015625
16.818	2.919921875
16.818996	2.9248046875
16.820004	2.919921875
16.821	2.919921875
16.822004	2.9248046875
16.823004	2.919921875
16.824004	2.9296875
16.825004	2.9296875
16.826	2.9296875
16.827	2.9345703125
16.828	2.9345703125
16.829	2.9296875
16.83	2.9443359375
16.831	2.9443359375
16.832	2.939453125
16.833	2.939453125
16.834	2.939453125
16.835	2.939453125
16.836	2.939453125
16.837	2.939453125
16.838	2.9443359375
16.839	2.9345703125
16.84	2.9443359375
16.841	2.939453125
16.842	2.939453125
16.843	2.939453125
16.844	2.9443359375
16.845	2.939453125
16.846	2.939453125
16.847	2.9443359375
16.848	2.939453125
16.849	2.9345703125
16.85	2.9296875
16.851	2.9345703125
16.852	2.9248046875
16.853	2.9296875
16.854	2.919921875
16.855	2.9248046875
16.856	2.9296875
16.857	2.919921875
16.858	2.9150390625
16.859	2.919921875
16.86	2.9150390625
16.861	2.91015625
16.862004	2.91015625
16.863	2.91015625
16.864004	2.900390625
16.865004	2.91015625
16.866004	2.9052734375
16.867004	2.900390625
16.868004	2.9052734375
16.869	2.900390625
16.87	2.8955078125
16.871	2.8955078125
16.872	2.8857421875
16.873	2.8955078125
16.874	2.8857421875
16.875	2.8857421875
16.876	2.8857421875
16.877	2.8857421875
16.878	2.8857421875
16.879	2.880859375
16.88	2.8857421875
16.881	2.8759765625
16.882	2.880859375
16.883	2.8857421875
16.884	2.880859375
16.885	2.8759765625
16.886	2.880859375
16.887	2.8857421875
16.888	2.880859375
16.889	2.8857421875
16.89	2.8857421875
16.891	2.8857421875
16.892	2.8857421875
16.893	2.880859375
16.894	2.8857421875
16.895	2.8759765625
16.896	2.8857421875
16.897	2.890625
16.898	2.8955078125
16.899	2.890625
16.9	2.8955078125
16.901	2.900390625
16.902	2.900390625
16.903	2.8955078125
16.904	2.9052734375
16.904996	2.900390625
16.906004	2.900390625
16.907004	2.91015625
16.908004	2.9052734375
16.909004	2.91015625
16.910004	2.91015625
16.911004	2.9150390625
16.912	2.9248046875
16.913	2.9248046875
16.914	2.919921875
16.915	2.9296875
16.916	2.9248046875
16.917	2.9248046875
16.918	2.9296875
16.919	2.9345703125
16.92	2.939453125
16.921	2.939453125
16.922	2.9443359375
16.923	2.939453125
16.924	2.9443359375
16.925	2.9345703125
16.926	2.9443359375
16.927	2.939453125
16.928	2.9443359375
16.929	2.9345703125
16.93	2.9443359375
16.931	2.939453125
16.932	2.939453125
16.933	2.939453125
16.934	2.939453125
16.935	2.9443359375
16.936	2.939453125
16.937	2.939453125
16.938	2.939453125
16.939	2.9443359375
16.94	2.939453125
16.941	2.9345703125
16.942	2.939453125
16.943	2.9296875
16.944	2.9296875
16.945	2.9296875
16.946	2.9296875
16.946996	2.9345703125
16.948004	2.9296875
16.949	2.9296875
16.950004	2.919921875
16.951004	2.919921875
16.952004	2.9150390625
16.953004	2.919921875
16.954	2.9052734375
16.955	2.9052734375
16.956	2.9052734375
16.957	2.9052734375
16.958	2.9052734375
16.959	2.9052734375
16.96	2.9052734375
16.961	2.900390625
16.962	2.8955078125
16.963	2.8955078125
16.964	2.8955078125
16.965	2.890625
16.966	2.890625
16.967	2.890625
16.968	2.8857421875
16.969	2.890625
16.97	2.8857421875
16.971	2.880859375
16.972	2.8857421875
16.973	2.890625
16.974	2.880859375
16.975	2.8857421875
16.976	2.880859375
16.977	2.8759765625
16.978	2.8759765625
16.979	2.8857421875
16.98	2.880859375
16.981	2.8857421875
16.982	2.8857421875
16.983	2.880859375
16.984	2.8857421875
16.985	2.890625
16.986	2.8857421875
16.987	2.880859375
16.988	2.8857421875
16.989	2.890625
16.990004	2.890625
16.991	2.8955078125
16.992004	2.8955078125
16.993004	2.8955078125
16.994004	2.900390625
16.995004	2.8955078125
16.996004	2.900390625
16.997	2.9052734375
16.998	2.900390625
16.999	2.9052734375
17.0	2.91015625
17.001	2.91015625
17.002	2.9150390625
17.003	2.9150390625
17.004	2.91015625
17.005	2.9248046875
17.006	2.9248046875
17.007	2.9248046875
17.008	2.9296875
17.009	2.9248046875
17.01	2.9296875
17.011	2.9296875
17.012	2.9248046875
17.013	2.9296875
17.014	2.9345703125
17.015	2.9345703125
17.016	2.939453125
17.017	2.9443359375
17.018	2.9443359375
17.019	2.9443359375
17.02	2.9443359375
17.021	2.9443359375
17.022	2.94921875
17.023	2.939453125
17.024	2.9443359375
17.025	2.9443359375
17.026	2.939453125
17.027	2.9443359375
17.028	2.9345703125
17.029	2.9345703125
17.03	2.939453125
17.031	2.9443359375
17.032	2.939453125
17.032996	2.939453125
17.034004	2.9443359375
17.035004	2.939453125
17.036004	2.9296875
17.037004	2.9345703125
17.038004	2.9345703125
17.039004	2.9296875
17.04	2.9296875
17.041	2.919921875
17.042	2.919921875
17.043	2.9248046875
17.044	2.9248046875
17.045	2.9150390625
17.046	2.91015625
17.047	2.9150390625
17.048	2.9052734375
17.049	2.9052734375
17.05	2.8955078125
17.051	2.9052734375
17.052	2.900390625
17.053	2.9052734375
17.054	2.900390625
17.055	2.900390625
17.056	2.8955078125
17.057	2.8857421875
17.058	2.8955078125
17.059	2.890625
17.06	2.8955078125
17.061	2.890625
17.062	2.8857421875
17.063	2.880859375
17.064	2.890625
17.065	2.880859375
17.066	2.880859375
17.067	2.8857421875
17.068	2.8857421875
17.069	2.880859375
17.07	2.8857421875
17.071	2.8857421875
17.072	2.8759765625
17.073	2.8857421875
17.074	2.880859375
17.074996	2.8857421875
17.076004	2.8857421875
17.077	2.880859375
17.078004	2.880859375
17.079004	2.880859375
17.080004	2.880859375
17.081004	2.8857421875
17.082	2.880859375
17.083	2.8857421875
17.084	2.8955078125
17.085	2.900390625
17.086	2.8955078125
17.087	2.8955078125
17.088	2.8955078125
17.089	2.9052734375
17.09	2.9052734375
17.091	2.9052734375
17.092	2.91015625
17.093	2.91015625
17.094	2.9052734375
17.095	2.9150390625
17.096	2.9150390625
17.097	2.919921875
17.098	2.9150390625
17.099	2.9150390625
17.1	2.9248046875
17.101	2.9248046875
17.102	2.9296875
17.103	2.9296875
17.104	2.9296875
17.105	2.9248046875
17.106	2.9345703125
17.107	2.939453125
17.108	2.939453125
17.109	2.9443359375
17.11	2.939453125
17.111	2.9443359375
17.112	2.9345703125
17.113	2.939453125
17.114	2.939453125
17.115	2.9443359375
17.116	2.9443359375
17.117	2.9443359375
17.118004	2.939453125
17.119	2.939453125
17.120004	2.939453125
17.121004	2.9443359375
17.122004	2.9443359375
17.123004	2.939453125
17.124004	2.939453125
17.125	2.939453125
17.126	2.9345703125
17.127	2.9443359375
17.128	2.9296875
17.129	2.9345703125
17.13	2.9296875
17.131	2.9296875
17.132	2.9248046875
17.133	2.9296875
17.134	2.9296875
17.135	2.919921875
17.136	2.919921875
17.137	2.9150390625
17.138	2.9248046875
17.139	2.91015625
17.14	2.91015625
17.141	2.900390625
17.142	2.91015625
17.143	2.91015625
17.144	2.91015625
17.145	2.900390625
17.146	2.900390625
17.147	2.8955078125
17.148	2.890625
17.149	2.8955078125
17.15	2.890625
17.151	2.890625
17.152	2.8955078125
17.153	2.890625
17.154	2.8857421875
17.155	2.8857421875
17.156	2.8857421875
17.157	2.8857421875
17.158	2.890625
17.159	2.890625
17.16	2.880859375
17.160996	2.880859375
17.162004	2.8857421875
17.163004	2.8857421875
17.164004	2.8857421875
17.165004	2.8857421875
17.166004	2.8857421875
17.167004	2.8857421875
17.168	2.8857421875
17.169	2.8857421875
17.17	2.8857421875
17.171	2.8857421875
17.172	2.890625
17.173	2.890625
17.174	2.890625
17.175	2.890625
17.176	2.8857421875
17.177	2.890625
17.178	2.8955078125
17.179	2.8955078125
17.18	2.900390625
17.181	2.900390625
17.182	2.9052734375
17.183	2.900390625
17.184	2.900390625
17.185	2.9052734375
17.186	2.91015625
17.187	2.9052734375
17.188	2.9150390625
17.189	2.91015625
17.19	2.9150390625
17.191	2.9150390625
17.192	2.919921875
17.193	2.919921875
17.194	2.919921875
17.195	2.9248046875
17.196	2.919921875
17.197	2.9296875
17.198	2.9248046875
17.199	2.9345703125
17.2	2.9345703125
17.201	2.939453125
17.202	2.9443359375
17.202996	2.9443359375
17.204004	2.939453125
17.205	2.9443359375
17.206004	2.9345703125
17.207004	2.939453125
17.208004	2.939453125
17.209004	2.939453125
17.21	2.9443359375
17.211	2.939453125
17.212	2.9443359375
17.213	2.939453125
17.214	2.9443359375
17.215	2.939453125
17.216	2.939453125
17.217	2.9443359375
17.218	2.9443359375
17.219	2.939453125
17.22	2.9345703125
17.221	2.939453125
17.222	2.9296875
17.223	2.9345703125
17.224	2.9248046875
17.225	2.9248046875
17.226	2.9248046875
17.227	2.9296875
17.228	2.9248046875
17.229	2.9248046875
17.23	2.9248046875
17.231	2.9150390625
17.232	2.91015625
17.233	2.91015625
17.234	2.9150390625
17.235	2.91015625
17.236	2.9052734375
17.237	2.900390625
17.238	2.900390625
17.239	2.9052734375
17.24	2.900390625
17.241	2.890625
17.242	2.8857421875
17.243	2.890625
17.244	2.8955078125
17.245	2.890625
17.246004	2.8955078125
17.247	2.8857421875
17.248004	2.8857421875
17.249004	2.8857421875
17.250004	2.880859375
17.251004	2.8857421875
17.252004	2.8857421875
17.253	2.890625
17.254	2.8857421875
17.255	2.8857421875
17.256	2.8857421875
17.257	2.8857421875
17.258	2.890625
17.259	2.8857421875
17.26	2.8857421875
17.261	2.880859375
17.262	2.8857421875
17.263	2.8857421875
17.264	2.890625
17.265	2.880859375
17.266	2.8857421875
17.267	2.890625
17.268	2.890625
17.269	2.8857421875
17.27	2.8955078125
17.271	2.900390625
17.272	2.900390625
17.273	2.900390625
17.274	2.900390625
17.275	2.9052734375
17.276	2.91015625
17.277	2.900390625
17.278	2.9052734375
17.279	2.91015625
17.28	2.900390625
17.281	2.9052734375
17.282	2.9150390625
17.283	2.919921875
17.284	2.9150390625
17.285	2.9296875
17.286	2.9248046875
17.287	2.9296875
17.288	2.9248046875
17.288996	2.9248046875
17.290004	2.9296875
17.291004	2.9345703125
17.292004	2.9296875
17.293004	2.939453125
17.294004	2.939453125
17.295004	2.9443359375
17.296	2.939453125
17.297	2.939453125
17.298	2.9443359375
17.299	2.9345703125
17.3	2.939453125
17.301	2.939453125
17.302	2.939453125
17.303	2.939453125
17.304	2.9443359375
17.305	2.9443359375
17.306	2.9443359375
17.307	2.939453125
17.308	2.939453125
17.309	2.9345703125
17.31	2.9443359375
17.311	2.9345703125
17.312	2.9345703125
17.313	2.939453125
17.314	2.9345703125
17.315	2.9296875
17.316	2.9345703125
17.317	2.9248046875
17.318	2.9296875
17.319	2.9296875
17.32	2.9248046875
17.321	2.9296875
17.322	2.919921875
17.323	2.9248046875
17.324	2.9150390625
17.325	2.9150390625
17.326	2.9150390625
17.327	2.91015625
17.328	2.91015625
17.329	2.9052734375
17.33	2.900390625
17.330996	2.900390625
17.332004	2.9052734375
17.333	2.900390625
17.334004	2.9052734375
17.335004	2.900390625
17.336004	2.890625
17.337004	2.890625
17.338	2.890625
17.339	2.8857421875
17.34	2.8857421875
17.341	2.8857421875
17.342	2.890625
17.343	2.8857421875
17.344	2.880859375
17.345	2.8857421875
17.346	2.880859375
17.347	2.890625
17.348	2.880859375
17.349	2.8857421875
17.35	2.8759765625
17.351	2.8857421875
17.352	2.8759765625
17.353	2.8857421875
17.354	2.880859375
17.355	2.890625
17.356	2.8857421875
17.357	2.880859375
17.358	2.8857421875
17.359	2.890625
17.36	2.890625
17.361	2.890625
17.362	2.8955078125
17.363	2.8955078125
17.364	2.890625
17.365	2.8955078125
17.366	2.8955078125
17.367	2.900390625
17.368	2.9052734375
17.369	2.9052734375
17.37	2.9052734375
17.371	2.91015625
17.372	2.9150390625
17.373	2.91015625
17.374004	2.91015625
17.375	2.91015625
17.376004	2.9150390625
17.377004	2.9248046875
17.378004	2.9150390625
17.379004	2.9296875
17.380004	2.9296875
17.381	2.9296875
17.382	2.9296875
17.383	2.9248046875
17.384	2.9345703125
17.385	2.9296875
17.386	2.9345703125
17.387	2.939453125
17.388	2.9345703125
17.389	2.9345703125
17.39	2.939453125
17.391	2.939453125
17.392	2.9443359375
17.393	2.939453125
17.394	2.9443359375
17.395	2.9443359375
17.396	2.939453125
17.397	2.9345703125
17.398	2.9443359375
17.399	2.9443359375
17.4	2.94921875
17.401	2.939453125
17.402	2.939453125
17.403	2.9443359375
17.404	2.9443359375
17.405	2.939453125
17.406	2.9443359375
17.407	2.9296875
17.408	2.9296875
17.409	2.9296875
17.41	2.9248046875
17.411	2.9296875
17.412	2.9296875
17.413	2.9296875
17.414	2.9248046875
17.415	2.9248046875
17.416	2.919921875
17.416996	2.9150390625
17.418004	2.9150390625
17.419004	2.9150390625
17.420004	2.91015625
17.421004	2.91015625
17.422004	2.91015625
17.423004	2.9052734375
17.424	2.900390625
17.425	2.9052734375
17.426	2.8955078125
17.427	2.900390625
17.428	2.900390625
17.429	2.8857421875
17.43	2.8955078125
17.431	2.890625
17.432	2.890625
17.433	2.890625
17.434	2.8857421875
17.435	2.8857421875
17.436	2.8857421875
17.437	2.880859375
17.438	2.8857421875
17.439	2.880859375
17.44	2.890625
17.441	2.8759765625
17.442	2.8857421875
17.443	2.8857421875
17.444	2.8759765625
17.445	2.8759765625
17.446	2.890625
17.447	2.8857421875
17.448	2.8857421875
17.449	2.8857421875
17.45	2.890625
17.451	2.8857421875
17.452	2.8857421875
17.453	2.890625
17.454	2.890625
17.455	2.8955078125
17.456	2.890625
17.457	2.890625
17.458	2.8955078125
17.458996	2.8955078125
17.460004	2.900390625
17.461	2.900390625
17.462004	2.9052734375
17.463004	2.900390625
17.464004	2.91015625
17.465004	2.9150390625
17.466	2.9150390625
17.467	2.9150390625
17.468	2.9150390625
17.469	2.919921875
17.47	2.919921875
17.471	2.919921875
17.472	2.919921875
17.473	2.9296875
17.474	2.9248046875
17.475	2.9248046875
17.476	2.919921875
17.477	2.9345703125
17.478	2.9296875
17.479	2.9248046875
17.48	2.9345703125
17.481	2.9345703125
17.482	2.9345703125
17.483	2.9345703125
17.484	2.939453125
17.485	2.939453125
17.486	2.9443359375
17.487	2.939453125
17.488	2.9443359375
17.489	2.9345703125
17.49	2.9443359375
17.491	2.939453125
17.492	2.939453125
17.493	2.9345703125
17.494	2.939453125
17.495	2.9345703125
17.496	2.9345703125
17.497	2.939453125
17.498	2.9345703125
17.499	2.9345703125
17.5	2.939453125
17.501	2.9345703125
17.502004	2.9296875
17.503	2.9296875
17.504004	2.9248046875
17.505004	2.9296875
17.506004	2.9248046875
17.507004	2.9296875
17.508004	2.919921875
17.509	2.9248046875
17.51	2.91015625
17.511	2.9150390625
17.512	2.91015625
17.513	2.91015625
17.514	2.91015625
17.515	2.900390625
17.516	2.900390625
17.517	2.9052734375
17.518	2.900390625
17.519	2.9052734375
17.52	2.8955078125
17.521	2.8955078125
17.522	2.8955078125
17.523	2.8955078125
17.524	2.890625
17.525	2.8857421875
17.526	2.8857421875
17.527	2.880859375
17.528	2.890625
17.529	2.8857421875
17.53	2.890625
17.531	2.890625
17.532	2.890625
17.533	2.8857421875
17.534	2.890625
17.535	2.8857421875
17.536	2.880859375
17.537	2.880859375
17.538	2.890625
17.539	2.880859375
17.54	2.880859375
17.541	2.890625
17.542	2.8857421875
17.543	2.880859375
17.544	2.8857421875
17.544996	2.8759765625
17.546004	2.880859375
17.547004	2.890625
17.548004	2.8857421875
17.549004	2.8955078125
17.550004	2.8955078125
17.551004	2.9052734375
17.552	2.900390625
17.553	2.900390625
17.554	2.8955078125
17.555	2.900390625
17.556	2.900390625
17.557	2.900390625
17.558	2.91015625
17.559	2.91015625
17.56	2.9052734375
17.561	2.91015625
17.562	2.9248046875
17.563	2.9150390625
17.564	2.9248046875
17.565	2.919921875
17.566	2.919921875
17.567	2.9296875
17.568	2.9296875
17.569	2.9296875
17.57	2.9345703125
17.571	2.9248046875
17.572	2.9296875
17.573	2.939453125
17.574	2.9345703125
17.575	2.9345703125
17.576	2.9345703125
17.577	2.939453125
17.578	2.9443359375
17.579	2.9443359375
17.58	2.939453125
17.581	2.9443359375
17.582	2.9443359375
17.583	2.9443359375
17.584	2.9443359375
17.585	2.9443359375
17.586	2.9443359375
17.586996	2.939453125
17.588004	2.939453125
17.589	2.9345703125
17.590004	2.9443359375
17.591004	2.939453125
17.592004	2.9345703125
17.593004	2.9345703125
17.594	2.9296875
17.595	2.9296875
17.596	2.9296875
17.597	2.9296875
17.598	2.9296875
17.599	2.9248046875
17.6	2.9248046875
17.601	2.919921875
17.602	2.919921875
17.603	2.919921875
17.604	2.9150390625
17.605	2.91015625
17.606	2.9052734375
17.607	2.9052734375
17.608	2.9052734375
17.609	2.9052734375
17.61	2.9052734375
17.611	2.9052734375
17.612	2.900390625
17.613	2.8955078125
17.614	2.900390625
17.615	2.900390625
17.616	2.8955078125
17.617	2.900390625
17.618	2.890625
17.619	2.890625
17.62	2.880859375
17.621	2.8857421875
17.622	2.880859375
17.623	2.880859375
17.624	2.890625
17.625	2.880859375
17.626	2.880859375
17.627	2.8759765625
17.628	2.8759765625
17.629	2.8857421875
17.630004	2.8857421875
17.631	2.8857421875
17.632004	2.8857421875
17.633004	2.8857421875
17.634004	2.8857421875
17.635004	2.8857421875
17.636004	2.8857421875
17.637	2.8857421875
17.638	2.8857421875
17.639	2.890625
17.64	2.8955078125
17.641	2.8955078125
17.642	2.8955078125
17.643	2.8955078125
17.644	2.900390625
17.645	2.900390625
17.646	2.900390625
17.647	2.900390625
17.648	2.9052734375
17.649	2.900390625
17.65	2.9052734375
17.651	2.9150390625
17.652	2.9052734375
17.653	2.9150390625
17.654	2.9150390625
17.655	2.91015625
17.656	2.9248046875
17.657	2.919921875
17.658	2.9248046875
17.659	2.9248046875
17.66	2.9248046875
17.661	2.9296875
17.662	2.9296875
17.663	2.9296875
17.664	2.9296875
17.665	2.9345703125
17.666	2.9345703125
17.667	2.9443359375
17.668	2.939453125
17.669	2.939453125
17.67	2.9296875
17.671	2.9443359375
17.672	2.9443359375
17.672996	2.939453125
17.674004	2.9443359375
17.675004	2.9443359375
17.676004	2.939453125
17.677004	2.94921875
17.678004	2.9443359375
17.679004	2.9345703125
17.68	2.939453125
17.681	2.9443359375
17.682	2.939453125
17.683	2.9443359375
17.684	2.939453125
17.685	2.939453125
17.686	2.939453125
17.687	2.9296875
17.688	2.9345703125
17.689	2.9296875
17.69	2.9248046875
17.691	2.9248046875
17.692	2.919921875
17.693	2.919921875
17.694	2.919921875
17.695	2.919921875
17.696	2.9150390625
17.697	2.91015625
17.698	2.9150390625
17.699	2.900390625
17.7	2.9052734375
17.701	2.91015625
17.702	2.9052734375
17.703	2.9052734375
17.704	2.9052734375
17.705	2.900390625
17.706	2.900390625
17.707	2.8955078125
17.708	2.8955078125
17.709	2.890625
17.71	2.890625
17.711	2.8857421875
17.712	2.8955078125
17.713	2.880859375
17.714	2.880859375
17.714996	2.8857421875
17.716004	2.8857421875
17.717	2.8759765625
17.718004	2.8857421875
17.719004	2.8857421875
17.720004	2.890625
17.721004	2.8857421875
17.722	2.8857421875
17.723	2.880859375
17.724	2.8857421875
17.725	2.8857421875
17.726	2.880859375
17.727	2.880859375
17.728	2.880859375
17.729	2.8857421875
17.73	2.8857421875
17.731	2.8857421875
17.732	2.8857421875
17.733	2.8857421875
17.734	2.8955078125
17.735	2.890625
17.736	2.8955078125
17.737	2.900390625
17.738	2.900390625
17.739	2.900390625
17.74	2.9052734375
17.741	2.900390625
17.742	2.91015625
17.743	2.9052734375
17.744	2.91015625
17.745	2.9052734375
17.746	2.91015625
17.747	2.9150390625
17.748	2.919921875
17.749	2.9248046875
17.75	2.919921875
17.751	2.9248046875
17.752	2.9296875
17.753	2.9248046875
17.754	2.9296875
17.755	2.9296875
17.756	2.9345703125
17.757	2.9345703125
17.758004	2.9345703125
17.759	2.9296875
17.760004	2.9296875
17.761004	2.939453125
17.762004	2.9443359375
17.763004	2.939453125
17.764004	2.939453125
17.765	2.939453125
17.766	2.9443359375
17.767	2.94921875
17.768	2.939453125
17.769	2.939453125
17.77	2.9443359375
17.771	2.9443359375
17.772	2.939453125
17.773	2.939453125
17.774	2.9443359375
17.775	2.9345703125
17.776	2.9443359375
17.777	2.9345703125
17.778	2.9345703125
17.779	2.9345703125
17.78	2.9345703125
17.781	2.9296875
17.782	2.9248046875
17.783	2.919921875
17.784	2.9296875
17.785	2.9296875
17.786	2.9248046875
17.787	2.9248046875
17.788	2.919921875
17.789	2.919921875
17.79	2.9052734375
17.791	2.919921875
17.792	2.9052734375
17.793	2.9052734375
17.794	2.900390625
17.795	2.91015625
17.796	2.900390625
17.797	2.9052734375
17.798	2.900390625
17.799	2.8955078125
17.8	2.8955078125
17.800996	2.8955078125
17.802004	2.890625
17.803004	2.8955078125
17.804004	2.890625
17.805004	2.890625
17.806004	2.890625
17.807004	2.8857421875
17.808	2.890625
17.809	2.880859375
17.81	2.8857421875
17.811	2.890625
17.812	2.8857421875
17.813	2.8857421875
17.814	2.890625
17.815	2.8857421875
17.816	2.890625
17.817	2.890625
17.818	2.8857421875
17.819	2.8857421875
17.82	2.880859375
17.821	2.8759765625
17.822	2.890625
17.823	2.8857421875
17.824	2.8857421875
17.825	2.8955078125
17.826	2.8955078125
17.827	2.8955078125
17.828	2.8955078125
17.829	2.8955078125
17.83	2.900390625
17.831	2.900390625
17.832	2.900390625
17.833	2.900390625
17.834	2.9052734375
17.835	2.91015625
17.836	2.9052734375
17.837	2.91015625
17.838	2.9052734375
17.839	2.9150390625
17.84	2.919921875
17.841	2.91015625
17.842	2.919921875
17.842996	2.9248046875
17.844004	2.9248046875
17.845	2.9248046875
17.846004	2.9248046875
17.847004	2.9296875
17.848004	2.919921875
17.849004	2.9345703125
17.85	2.939453125
17.851	2.9296875
17.852	2.9345703125
17.853	2.9345703125
17.854	2.9296875
17.855	2.939453125
17.856	2.939453125
17.857	2.9443359375
17.858	2.9345703125
17.859	2.94921875
17.86	2.939453125
17.861	2.9443359375
17.862	2.9443359375
17.863	2.939453125
17.864	2.939453125
17.865	2.9443359375
17.866	2.939453125
17.867	2.939453125
17.868	2.9345703125
17.869	2.939453125
17.87	2.939453125
17.871	2.939453125
17.872	2.9296875
17.873	2.9345703125
17.874	2.9345703125
17.875	2.9248046875
17.876	2.9248046875
17.877	2.9296875
17.878	2.9296875
17.879	2.9296875
17.88	2.9296875
17.881	2.9248046875
17.882	2.919921875
17.883	2.91015625
17.884	2.91015625
17.885	2.91015625
17.886004	2.9150390625
17.887	2.9052734375
17.888004	2.900390625
17.889004	2.9052734375
17.890004	2.900390625
17.891004	2.9052734375
17.892004	2.900390625
17.893	2.8955078125
17.894	2.8955078125
17.895	2.900390625
17.896	2.8955078125
17.897	2.890625
17.898	2.8955078125
17.899	2.8857421875
17.9	2.8857421875
17.901	2.880859375
17.902	2.8857421875
17.903	2.890625
17.904	2.880859375
17.905	2.8857421875
17.906	2.880859375
17.907	2.890625
17.908	2.8857421875
17.909	2.880859375
17.91	2.880859375
17.911	2.8857421875
17.912	2.890625
17.913	2.890625
17.914	2.8857421875
17.915	2.8857421875
17.916	2.8857421875
17.917	2.8857421875
17.918	2.890625
17.919	2.890625
17.92	2.8955078125
17.921	2.890625
17.922	2.8955078125
17.923	2.8955078125
17.924	2.8955078125
17.925	2.8955078125
17.926	2.8955078125
17.927	2.8955078125
17.928	2.91015625
17.928996	2.9052734375
17.930004	2.91015625
17.931004	2.91015625
17.932004	2.9052734375
17.933004	2.9150390625
17.934004	2.9150390625
17.935004	2.919921875
17.936	2.9248046875
17.937	2.9296875
17.938	2.9248046875
17.939	2.9296875
17.94	2.9248046875
17.941	2.9296875
17.942	2.9296875
17.943	2.9345703125
17.944	2.9296875
17.945	2.9345703125
17.946	2.939453125
17.947	2.939453125
17.948	2.9345703125
17.949	2.9345703125
17.95	2.9443359375
17.951	2.939453125
17.952	2.9443359375
17.953	2.939453125
17.954	2.9443359375
17.955	2.939453125
17.956	2.9443359375
17.957	2.9443359375
17.958	2.94921875
17.959	2.9443359375
17.96	2.939453125
17.961	2.939453125
17.962	2.939453125
17.963	2.939453125
17.964	2.9345703125
17.965	2.9345703125
17.966	2.9345703125
17.967	2.9248046875
17.968	2.9296875
17.969	2.9248046875
17.97	2.9296875
17.970996	2.919921875
17.972004	2.9248046875
17.973	2.919921875
17.974004	2.9248046875
17.975004	2.91015625
17.976004	2.91015625
17.977004	2.9150390625
17.978	2.9052734375
17.979	2.91015625
17.98	2.91015625
17.981	2.900390625
17.982	2.9052734375
17.983	2.9052734375
17.984	2.9052734375
17.985	2.8955078125
17.986	2.8955078125
17.987	2.900390625
17.988	2.8955078125
17.989	2.8955078125
17.99	2.890625
17.991	2.8955078125
17.992	2.8955078125
17.993	2.880859375
17.994	2.8857421875
17.995	2.8857421875
17.996	2.880859375
17.997	2.8857421875
17.998	2.8955078125
17.999	2.8857421875
18.0	2.8857421875
18.001	2.890625
18.002	2.8857421875
18.003	2.890625
18.004	2.890625
18.005	2.8857421875
18.006	2.8857421875
18.007	2.890625
18.008	2.890625
18.009	2.890625
18.01	2.890625
18.011	2.8857421875
18.012	2.890625
18.013	2.890625
18.014004	2.890625
18.015	2.8955078125
18.016004	2.900390625
18.017004	2.9052734375
18.018004	2.900390625
18.019004	2.900390625
18.020004	2.8955078125
18.021	2.91015625
18.022	2.9052734375
18.023	2.91015625
18.024	2.91015625
18.025	2.91015625
18.026	2.9150390625
18.027	2.9150390625
18.028	2.919921875
18.029	2.919921875
18.03	2.9296875
18.031	2.9248046875
18.032	2.9296875
18.033	2.9296875
18.034	2.9296875
18.035	2.9248046875
18.036	2.9248046875
18.037	2.9296875
18.038	2.9345703125
18.039	2.939453125
18.04	2.939453125
18.041	2.9345703125
18.042	2.939453125
18.043	2.9345703125
18.044	2.939453125
18.045	2.9443359375
18.046	2.9345703125
18.047	2.9443359375
18.048	2.9443359375
18.049	2.9443359375
18.05	2.9443359375
18.051	2.9345703125
18.052	2.939453125
18.053	2.939453125
18.054	2.939453125
18.055	2.9345703125
18.056	2.939453125
18.056996	2.939453125
18.058004	2.9296875
18.059004	2.9296875
18.060004	2.9296875
18.061004	2.9248046875
18.062004	2.9248046875
18.063004	2.9296875
18.064	2.9248046875
18.065	2.9248046875
18.066	2.919921875
18.067	2.919921875
18.068	2.919921875
18.069	2.91015625
18.07	2.9150390625
18.071	2.9052734375
18.072	2.91015625
18.073	2.9052734375
18.074	2.9052734375
18.075	2.900390625
18.076	2.8955078125
18.077	2.900390625
18.078	2.890625
18.079	2.8955078125
18.08	2.890625
18.081	2.890625
18.082	2.8955078125
18.083	2.8955078125
18.084	2.890625
18.085	2.880859375
18.086	2.880859375
18.087	2.880859375
18.088	2.8857421875
18.089	2.880859375
18.09	2.880859375
18.091	2.8857421875
18.092	2.8955078125
18.093	2.8857421875
18.094	2.890625
18.095	2.890625
18.096	2.8857421875
18.097	2.8857421875
18.098	2.8857421875
18.098996	2.890625
18.100004	2.8857421875
18.101	2.890625
18.102004	2.890625
18.103004	2.890625
18.104004	2.890625
18.105004	2.890625
18.106	2.8857421875
18.107	2.890625
18.108	2.8955078125
18.109	2.900390625
18.11	2.900390625
18.111	2.9052734375
18.112	2.8955078125
18.113	2.8955078125
18.114	2.9052734375
18.115	2.9052734375
18.116	2.91015625
18.117	2.91015625
18.118	2.9150390625
18.119	2.919921875
18.12	2.9150390625
18.121	2.919921875
18.122	2.919921875
18.123	2.9248046875
18.124	2.9296875
18.125	2.919921875
18.126	2.9296875
18.127	2.919921875
18.128	2.9248046875
18.129	2.9345703125
18.13	2.9248046875
18.131	2.9345703125
18.132	2.939453125
18.133	2.939453125
18.134	2.939453125
18.135	2.939453125
18.136	2.9345703125
18.137	2.939453125
18.138	2.939453125
18.139	2.939453125
18.14	2.939453125
18.141	2.9345703125
18.142004	2.939453125
18.143	2.9443359375
18.144004	2.9345703125
18.145004	2.9345703125
18.146004	2.9443359375
18.147004	2.939453125
18.148004	2.939453125
18.149	2.9345703125
18.15	2.9345703125
18.151	2.9296875
18.152	2.9296875
18.153	2.9296875
18.154	2.9248046875
18.155	2.9296875
18.156	2.9296875
18.157	2.919921875
18.158	2.9248046875
18.159	2.919921875
18.16	2.9248046875
18.161	2.919921875
18.162	2.9150390625
18.163	2.9150390625
18.164	2.9052734375
18.165	2.9052734375
18.166	2.9052734375
18.167	2.8955078125
18.168	2.900390625
18.169	2.8955078125
18.17	2.890625
18.171	2.8955078125
18.172	2.900390625
18.173	2.900390625
18.174	2.890625
18.175	2.890625
18.176	2.890625
18.177	2.890625
18.178	2.890625
18.179	2.890625
18.18	2.890625
18.181	2.8857421875
18.182	2.8857421875
18.183	2.8857421875
18.184	2.8857421875
18.184996	2.890625
18.186004	2.890625
18.187004	2.890625
18.188004	2.8857421875
18.189004	2.8857421875
18.190004	2.8857421875
18.191004	2.880859375
18.192	2.880859375
18.193	2.8857421875
18.194	2.8857421875
18.195	2.880859375
18.196	2.890625
18.197	2.8955078125
18.198	2.890625
18.199	2.890625
18.2	2.890625
18.201	2.8955078125
18.202	2.890625
18.203	2.8955078125
18.204	2.9052734375
18.205	2.9052734375
18.206	2.900390625
18.207	2.91015625
18.208	2.9052734375
18.209	2.91015625
18.21	2.91015625
18.211	2.9150390625
18.212	2.9150390625
18.213	2.9150390625
18.214	2.919921875
18.215	2.9150390625
18.216	2.9248046875
18.217	2.9248046875
18.218	2.9248046875
18.219	2.9296875
18.22	2.9296875
18.221	2.9296875
18.222	2.9296875
18.223	2.9296875
18.224	2.9296875
18.225	2.9345703125
18.226	2.9345703125
18.226996	2.9345703125
18.228004	2.9345703125
18.229	2.9345703125
18.230004	2.939453125
18.231004	2.9345703125
18.232004	2.9443359375
18.233004	2.939453125
18.234	2.939453125
18.235	2.9443359375
18.236	2.9443359375
18.237	2.939453125
18.238	2.939453125
18.239	2.939453125
18.24	2.9345703125
18.241	2.9345703125
18.242	2.9248046875
18.243	2.9296875
18.244	2.9296875
18.245	2.9345703125
18.246	2.9248046875
18.247	2.9296875
18.248	2.9296875
18.249	2.9296875
18.25	2.9296875
18.251	2.919921875
18.252	2.919921875
18.253	2.9248046875
18.254	2.9150390625
18.255	2.91015625
18.256	2.91015625
18.257	2.91015625
18.258	2.9052734375
18.259	2.900390625
18.26	2.9052734375
18.261	2.8955078125
18.262	2.9052734375
18.263	2.9052734375
18.264	2.9052734375
18.265	2.900390625
18.266	2.8955078125
18.267	2.8955078125
18.268	2.8955078125
18.269	2.890625
18.270004	2.890625
18.271	2.890625
18.272004	2.890625
18.273004	2.890625
18.274004	2.890625
18.275004	2.8857421875
18.276004	2.8857421875
18.277	2.880859375
18.278	2.8857421875
18.279	2.8857421875
18.28	2.880859375
18.281	2.890625
18.282	2.880859375
18.283	2.8857421875
18.284	2.880859375
18.285	2.8857421875
18.286	2.880859375
18.287	2.880859375
18.288	2.8857421875
18.289	2.8955078125
18.29	2.8955078125
18.291	2.8955078125
18.292	2.8955078125
18.293	2.890625
18.294	2.900390625
18.295	2.9052734375
18.296	2.900390625
18.297	2.900390625
18.298	2.900390625
18.299	2.900390625
18.3	2.91015625
18.301	2.91015625
18.302	2.9052734375
18.303	2.9052734375
18.304	2.91015625
18.305	2.9150390625
18.306	2.9150390625
18.307	2.919921875
18.308	2.9150390625
18.309	2.9248046875
18.31	2.9248046875
18.311	2.9296875
18.312	2.9248046875
18.312996	2.9296875
18.314004	2.9248046875
18.315004	2.9248046875
18.316004	2.9296875
18.317004	2.939453125
18.318004	2.9296875
18.319004	2.9345703125
18.32	2.939453125
18.321	2.9345703125
18.322	2.9345703125
18.323	2.9345703125
18.324	2.9345703125
18.325	2.939453125
18.326	2.939453125
18.327	2.9345703125
18.328	2.939453125
18.329	2.9443359375
18.33	2.939453125
18.331	2.939453125
18.332	2.9443359375
18.333	2.9345703125
18.334	2.9345703125
18.335	2.939453125
18.336	2.9345703125
18.337	2.9296875
18.338	2.9345703125
18.339	2.9345703125
18.34	2.9248046875
18.341	2.9296875
18.342	2.9248046875
18.343	2.919921875
18.344	2.919921875
18.345	2.9150390625
18.346	2.9248046875
18.347	2.919921875
18.348	2.9150390625
18.349	2.91015625
18.35	2.9052734375
18.351	2.91015625
18.352	2.91015625
18.353	2.9052734375
18.354	2.9052734375
18.354996	2.900390625
18.356004	2.900390625
18.357	2.900390625
18.358004	2.8955078125
18.359004	2.900390625
18.360004	2.8955078125
18.361004	2.890625
18.362	2.8955078125
18.363	2.890625
18.364	2.890625
18.365	2.8857421875
18.366	2.8857421875
18.367	2.890625
18.368	2.8857421875
18.369	2.890625
18.37	2.890625
18.371	2.880859375
18.372	2.8857421875
18.373	2.8857421875
18.374	2.8857421875
18.375	2.880859375
18.376	2.8857421875
18.377	2.880859375
18.378	2.8857421875
18.379	2.8857421875
18.38	2.890625
18.381	2.8955078125
18.382	2.890625
18.383	2.890625
18.384	2.890625
18.385	2.890625
18.386	2.8955078125
18.387	2.8955078125
18.388	2.8955078125
18.389	2.900390625
18.39	2.900390625
18.391	2.9052734375
18.392	2.9052734375
18.393	2.900390625
18.394	2.91015625
18.395	2.91015625
18.396	2.91015625
18.397	2.9150390625
18.398004	2.91015625
18.399	2.919921875
18.400004	2.919921875
18.401004	2.9248046875
18.402004	2.919921875
18.403004	2.919921875
18.404004	2.9296875
18.405	2.919921875
18.406	2.9296875
18.407	2.9345703125
18.408	2.9248046875
18.409	2.9296875
18.41	2.9345703125
18.411	2.9296875
18.412	2.9296875
18.413	2.939453125
18.414	2.939453125
18.415	2.9443359375
18.416	2.939453125
18.417	2.939453125
18.418	2.939453125
18.419	2.9443359375
18.42	2.9345703125
18.421	2.939453125
18.422	2.939453125
18.423	2.939453125
18.424	2.939453125
18.425	2.939453125
18.426	2.939453125
18.427	2.9345703125
18.428	2.939453125
18.429	2.9248046875
18.43	2.939453125
18.431	2.9248046875
18.432	2.9248046875
18.433	2.9248046875
18.434	2.9296875
18.435	2.9296875
18.436	2.9296875
18.437	2.919921875
18.438	2.9248046875
18.439	2.9150390625
18.44	2.919921875
18.440996	2.9150390625
18.442004	2.9150390625
18.443004	2.91015625
18.444004	2.91015625
18.445004	2.9052734375
18.446004	2.900390625
18.447004	2.900390625
18.448	2.8955078125
18.449	2.9052734375
18.45	2.900390625
18.451	2.900390625
18.452	2.900390625
18.453	2.8955078125
18.454	2.890625
18.455	2.890625
18.456	2.890625
18.457	2.8955078125
18.458	2.880859375
18.459	2.8857421875
18.46	2.880859375
18.461	2.890625
18.462	2.8857421875
18.463	2.8857421875
18.464	2.880859375
18.465	2.890625
18.466	2.880859375
18.467	2.8857421875
18.468	2.880859375
18.469	2.8857421875
18.47	2.8857421875
18.471	2.880859375
18.472	2.8857421875
18.473	2.8857421875
18.474	2.8955078125
18.475	2.8955078125
18.476	2.8955078125
18.477	2.8857421875
18.478	2.890625
18.479	2.8955078125
18.48	2.900390625
18.481	2.8955078125
18.482	2.900390625
18.482996	2.9052734375
18.484004	2.900390625
18.485	2.8955078125
18.486004	2.91015625
18.487004	2.91015625
18.488004	2.9150390625
18.489004	2.91015625
18.49	2.91015625
18.491	2.91015625
18.492	2.919921875
18.493	2.9150390625
18.494	2.919921875
18.495	2.919921875
18.496	2.919921875
18.497	2.9296875
18.498	2.9248046875
18.499	2.919921875
18.5	2.9296875
18.501	2.9345703125
18.502	2.9345703125
18.503	2.9345703125
18.504	2.9443359375
18.505	2.939453125
18.506	2.939453125
18.507	2.939453125
18.508	2.939453125
18.509	2.939453125
18.51	2.9296875
18.511	2.939453125
18.512	2.9345703125
18.513	2.9296875
18.514	2.9296875
18.515	2.939453125
18.516	2.939453125
18.517	2.9345703125
18.518	2.939453125
18.519	2.939453125
18.52	2.939453125
18.521	2.939453125
18.522	2.9345703125
18.523	2.9345703125
18.524	2.9296875
18.525	2.9345703125
18.526004	2.9296875
18.527	2.9296875
18.528004	2.9296875
18.529004	2.9248046875
18.530004	2.9248046875
18.531004	2.9248046875
18.532004	2.919921875
18.533	2.9150390625
18.534	2.91015625
18.535	2.9150390625
18.536	2.91015625
18.537	2.91015625
18.538	2.9052734375
18.539	2.9052734375
18.54	2.900390625
18.541	2.8955078125
18.542	2.900390625
18.543	2.890625
18.544	2.8955078125
18.545	2.900390625
18.546	2.8955078125
18.547	2.8955078125
18.548	2.890625
18.549	2.8857421875
18.55	2.890625
18.551	2.8857421875
18.552	2.890625
18.553	2.8857421875
18.554	2.8857421875
18.555	2.890625
18.556	2.890625
18.557	2.880859375
18.558	2.8857421875
18.559	2.8857421875
18.56	2.8857421875
18.561	2.8857421875
18.562	2.8857421875
18.563	2.880859375
18.564	2.8857421875
18.565	2.8857421875
18.566	2.890625
18.567	2.8857421875
18.568	2.8857421875
18.568996	2.890625
18.570004	2.890625
18.571004	2.900390625
18.572004	2.8955078125
18.573004	2.8955078125
18.574004	2.8955078125
18.575004	2.900390625
18.576	2.890625
18.577	2.900390625
18.578	2.900390625
18.579	2.91015625
18.58	2.91015625
18.581	2.9052734375
18.582	2.91015625
18.583	2.9150390625
18.584	2.91015625
18.585	2.9150390625
18.586	2.919921875
18.587	2.919921875
18.588	2.919921875
18.589	2.919921875
18.59	2.9248046875
18.591	2.919921875
18.592	2.919921875
18.593	2.9248046875
18.594	2.9296875
18.595	2.9345703125
18.596	2.9296875
18.597	2.9345703125
18.598	2.939453125
18.599	2.9345703125
18.6	2.939453125
18.601	2.939453125
18.602	2.939453125
18.603	2.939453125
18.604	2.939453125
18.605	2.939453125
18.606	2.939453125
18.607	2.939453125
18.608	2.9345703125
18.609	2.9443359375
18.61	2.939453125
18.610996	2.939453125
18.612004	2.9443359375
18.613	2.939453125
18.614004	2.9296875
18.615004	2.9345703125
18.616004	2.9296875
18.617004	2.9345703125
18.618	2.9248046875
18.619	2.9296875
18.62	2.9248046875
18.621	2.9248046875
18.622	2.919921875
18.623	2.919921875
18.624	2.919921875
18.625	2.9150390625
18.626	2.91015625
18.627	2.9150390625
18.628	2.91015625
18.629	2.9052734375
18.63	2.91015625
18.631	2.91015625
18.632	2.91015625
18.633	2.9052734375
18.634	2.900390625
18.635	2.900390625
18.636	2.900390625
18.637	2.8955078125
18.638	2.890625
18.639	2.890625
18.64	2.8955078125
18.641	2.890625
18.642	2.890625
18.643	2.890625
18.644	2.890625
18.645	2.8857421875
18.646	2.8857421875
18.647	2.890625
18.648	2.8857421875
18.649	2.8857421875
18.65	2.8857421875
18.651	2.8857421875
18.652	2.890625
18.653	2.890625
18.654004	2.890625
18.655	2.8857421875
18.656004	2.8857421875
18.657004	2.880859375
18.658004	2.8857421875
18.659004	2.8857421875
18.660004	2.890625
18.661	2.8857421875
18.662	2.8955078125
18.663	2.890625
18.664	2.8955078125
18.665	2.8955078125
18.666	2.8955078125
18.667	2.900390625
18.668	2.890625
18.669	2.900390625
18.67	2.900390625
18.671	2.91015625
18.672	2.91015625
18.673	2.91015625
18.674	2.91015625
18.675	2.91015625
18.676	2.91015625
18.677	2.91015625
18.678	2.9150390625
18.679	2.919921875
18.68	2.9150390625
18.681	2.9248046875
18.682	2.9150390625
18.683	2.9248046875
18.684	2.9296875
18.685	2.9296875
18.686	2.9296875
18.687	2.9248046875
18.688	2.9345703125
18.689	2.9296875
18.69	2.9296875
18.691	2.9345703125
18.692	2.939453125
18.693	2.939453125
18.694	2.9345703125
18.695	2.9345703125
18.696	2.939453125
18.696996	2.939453125
18.698004	2.9345703125
18.699004	2.9345703125
18.700004	2.9443359375
18.701004	2.9345703125
18.702004	2.939453125
18.703004	2.9443359375
18.704	2.939453125
18.705	2.9345703125
18.706	2.9345703125
18.707	2.9296875
18.708	2.9345703125
18.709	2.9296875
18.71	2.9296875
18.711	2.9248046875
18.712	2.9296875
18.713	2.9296875
18.714	2.9248046875
18.715	2.919921875
18.716	2.919921875
18.717	2.9248046875
18.718	2.91015625
18.719	2.91015625
18.72	2.91015625
18.721	2.900390625
18.722	2.9052734375
18.723	2.91015625
18.724	2.91015625
18.725	2.91015625
18.726	2.900390625
18.727	2.900390625
18.728	2.9052734375
18.729	2.9052734375
18.73	2.8955078125
18.731	2.900390625
18.732	2.890625
18.733	2.8955078125
18.734	2.8955078125
18.735	2.8857421875
18.736	2.8955078125
18.737	2.8857421875
18.738	2.8857421875
18.738996	2.8857421875
18.740004	2.890625
18.741	2.8857421875
18.742004	2.880859375
18.743004	2.8857421875
18.744004	2.8857421875
18.745004	2.890625
18.746	2.880859375
18.747	2.890625
18.748	2.8857421875
18.749	2.890625
18.75	2.8759765625
18.751	2.880859375
18.752	2.8955078125
18.753	2.890625
18.754	2.890625
18.755	2.8857421875
18.756	2.890625
18.757	2.890625
18.758	2.8955078125
18.759	2.900390625
18.76	2.900390625
18.761	2.8955078125
18.762	2.8955078125
18.763	2.900390625
18.764	2.900390625
18.765	2.900390625
18.766	2.9052734375
18.767	2.9052734375
18.768	2.91015625
18.769	2.9052734375
18.77	2.9150390625
18.771	2.919921875
18.772	2.919921875
18.773	2.919921875
18.774	2.9248046875
18.775	2.9248046875
18.776	2.919921875
18.777	2.9248046875
18.778	2.9248046875
18.779	2.9296875
18.78	2.9345703125
18.781	2.9345703125
18.782004	2.9248046875
18.783	2.939453125
18.784004	2.9296875
18.785004	2.9345703125
18.786004	2.939453125
18.787004	2.939453125
18.788004	2.939453125
18.789	2.9345703125
18.79	2.939453125
18.791	2.939453125
18.792	2.939453125
18.793	2.939453125
18.794	2.9443359375
18.795	2.939453125
18.796	2.9345703125
18.797	2.939453125
18.798	2.9345703125
18.799	2.9443359375
18.8	2.9345703125
18.801	2.9345703125
18.802	2.9345703125
18.803	2.9296875
18.804	2.9296875
18.805	2.919921875
18.806	2.9296875
18.807	2.9248046875
18.808	2.919921875
18.809	2.919921875
18.81	2.9150390625
18.811	2.9248046875
18.812	2.91015625
18.813	2.91015625
18.814	2.91015625
18.815	2.9052734375
18.816	2.91015625
18.817	2.9052734375
18.818	2.9052734375
18.819	2.9052734375
18.82	2.900390625
18.821	2.9052734375
18.822	2.91015625
18.823	2.8955078125
18.824	2.8955078125
18.824996	2.8955078125
18.826004	2.8955078125
18.827004	2.890625
18.828004	2.8955078125
18.829004	2.890625
18.830004	2.8857421875
18.831004	2.8857421875
18.832	2.8857421875
18.833	2.8857421875
18.834	2.8857421875
18.835	2.890625
18.836	2.8857421875
18.837	2.8857421875
18.838	2.890625
18.839	2.890625
18.84	2.8857421875
18.841	2.8857421875
18.842	2.8857421875
18.843	2.880859375
18.844	2.880859375
18.845	2.8857421875
18.846	2.8857421875
18.847	2.8857421875
18.848	2.890625
18.849	2.890625
18.85	2.8955078125
18.851	2.8955078125
18.852	2.900390625
18.853	2.900390625
18.854	2.8955078125
18.855	2.900390625
18.856	2.91015625
18.857	2.9052734375
18.858	2.9052734375
18.859	2.91015625
18.86	2.9052734375
18.861	2.91015625
18.862	2.9052734375
18.863	2.91015625
18.864	2.9150390625
18.865	2.919921875
18.866	2.9248046875
18.866996	2.9150390625
18.868004	2.9248046875
18.869	2.919921875
18.870004	2.9248046875
18.871004	2.9296875
18.872004	2.9296875
18.873004	2.9296875
18.874	2.9345703125
18.875	2.9296875
18.876	2.9345703125
18.877	2.9345703125
18.878	2.9296875
18.879	2.9345703125
18.88	2.9345703125
18.881	2.9296875
18.882	2.939453125
18.883	2.9443359375
18.884	2.939453125
18.885	2.939453125
18.886	2.939453125
18.887	2.939453125
18.888	2.939453125
18.889	2.9345703125
18.89	2.939453125
18.891	2.939453125
18.892	2.9345703125
18.893	2.9296875
18.894	2.9248046875
18.895	2.9248046875
18.896	2.9248046875
18.897	2.9296875
18.898	2.9248046875
18.899	2.9296875
18.9	2.919921875
18.901	2.9248046875
18.902	2.919921875
18.903	2.919921875
18.904	2.919921875
18.905	2.9150390625
18.906	2.9150390625
18.907	2.919921875
18.908	2.9052734375
18.909	2.900390625
18.910004	2.900390625
18.911	2.91015625
18.912004	2.91015625
18.913004	2.900390625
18.914004	2.9052734375
18.915004	2.91015625
18.916004	2.900390625
18.917	2.890625
18.918	2.890625
18.919	2.8955078125
18.92	2.890625
18.921	2.890625
18.922	2.890625
18.923	2.890625
18.924	2.8955078125
18.925	2.8857421875
18.926	2.8759765625
18.927	2.8857421875
18.928	2.8857421875
18.929	2.880859375
18.93	2.890625
18.931	2.880859375
18.932	2.8857421875
18.933	2.8857421875
18.934	2.880859375
18.935	2.8857421875
18.936	2.880859375
18.937	2.890625
18.938	2.890625
18.939	2.890625
18.94	2.8857421875
18.941	2.890625
18.942	2.8857421875
18.943	2.8857421875
18.944	2.890625
18.945	2.890625
18.946	2.9052734375
18.947	2.9052734375
18.948	2.8955078125
18.949	2.900390625
18.95	2.91015625
18.951	2.91015625
18.952	2.91015625
18.952996	2.9052734375
18.954004	2.9052734375
18.955004	2.91015625
18.956004	2.91015625
18.957004	2.9150390625
18.958004	2.9150390625
18.959004	2.9150390625
18.96	2.919921875
18.961	2.919921875
18.962	2.9248046875
18.963	2.9248046875
18.964	2.9296875
18.965	2.9296875
18.966	2.9296875
18.967	2.9296875
18.968	2.9296875
18.969	2.9345703125
18.97	2.9345703125
18.971	2.939453125
18.972	2.9345703125
18.973	2.939453125
18.974	2.9345703125
18.975	2.9345703125
18.976	2.939453125
18.977	2.9345703125
18.978	2.9345703125
18.979	2.939453125
18.98	2.939453125
18.981	2.9345703125
18.982	2.939453125
18.983	2.9345703125
18.984	2.9248046875
18.985	2.9296875
18.986	2.9248046875
18.987	2.9296875
18.988	2.9296875
18.989	2.9248046875
18.99	2.9248046875
18.991	2.9296875
18.992	2.9248046875
18.993	2.919921875
18.994	2.9248046875
18.994996	2.9248046875
18.996004	2.9150390625
18.997	2.91015625
18.998004	2.9150390625
18.999004	2.91015625
19.000004	2.91015625
19.001004	2.9052734375
19.002	2.9052734375
19.003	2.900390625
19.004	2.900390625
19.005	2.900390625
19.006	2.900390625
19.007	2.890625
19.008	2.900390625
19.009	2.8955078125
19.01	2.8955078125
19.011	2.8955078125
19.012	2.890625
19.013	2.8955078125
19.014	2.8955078125
19.015	2.890625
19.016	2.890625
19.017	2.890625
19.018	2.8857421875
19.019	2.8857421875
19.02	2.880859375
19.021	2.890625
19.022	2.8857421875
19.023	2.8857421875
19.024	2.8857421875
19.025	2.8857421875
19.026	2.8857421875
19.027	2.8857421875
19.028	2.890625
19.029	2.880859375
19.03	2.8857421875
19.031	2.900390625
19.032	2.890625
19.033	2.890625
19.034	2.890625
19.035	2.890625
19.036	2.890625
19.037	2.8955078125
19.038004	2.890625
19.039	2.900390625
19.040004	2.9052734375
19.041004	2.8955078125
19.042004	2.900390625
19.043004	2.9052734375
19.044004	2.91015625
19.045	2.900390625
19.046	2.900390625
19.047	2.91015625
19.048	2.9052734375
19.049	2.91015625
19.05	2.91015625
19.051	2.919921875
19.052	2.9248046875
19.053	2.9248046875
19.054	2.9296875
19.055	2.9296875
19.056	2.9248046875
19.057	2.9248046875
19.058	2.9296875
19.059	2.9248046875
19.06	2.9296875
19.061	2.939453125
19.062	2.9248046875
19.063	2.9296875
19.064	2.939453125
19.065	2.9345703125
19.066	2.939453125
19.067	2.9345703125
19.068	2.939453125
19.069	2.9345703125
19.07	2.9296875
19.071	2.9345703125
19.072	2.939453125
19.073	2.939453125
19.074	2.9296875
19.075	2.939453125
19.076	2.9296875
19.077	2.9345703125
19.078	2.9296875
19.079	2.9296875
19.08	2.9296875
19.080996	2.9248046875
19.082004	2.919921875
19.083004	2.9248046875
19.084004	2.9248046875
19.085004	2.9248046875
19.086004	2.9296875
19.087004	2.9150390625
19.088	2.919921875
19.089	2.919921875
19.09	2.9150390625
19.091	2.9150390625
19.092	2.91015625
19.093	2.9052734375
19.094	2.91015625
19.095	2.91015625
19.096	2.91015625
19.097	2.9052734375
19.098	2.900390625
19.099	2.900390625
19.1	2.8955078125
19.101	2.9052734375
19.102	2.890625
19.103	2.890625
19.104	2.890625
19.105	2.8857421875
19.106	2.8955078125
19.107	2.890625
19.108	2.890625
19.109	2.890625
19.11	2.890625
19.111	2.8857421875
19.112	2.890625
19.113	2.880859375
19.114	2.890625
19.115	2.8857421875
19.116	2.880859375
19.117	2.8857421875
19.118	2.8857421875
19.119	2.8857421875
19.12	2.8857421875
19.121	2.890625
19.122	2.8857421875
19.122996	2.8857421875
19.124004	2.890625
19.125	2.8857421875
19.126004	2.890625
19.127004	2.8955078125
19.128004	2.8955078125
19.129004	2.8955078125
19.13	2.900390625
19.131	2.900390625
19.132	2.8955078125
19.133	2.900390625
19.134	2.9052734375
19.135	2.9052734375
19.136	2.900390625
19.137	2.91015625
19.138	2.91015625
19.139	2.9052734375
19.14	2.9052734375
19.141	2.9150390625
19.142	2.9150390625
19.143	2.9150390625
19.144	2.919921875
19.145	2.919921875
19.146	2.9248046875
19.147	2.9296875
19.148	2.9296875
19.149	2.919921875
19.15	2.9248046875
19.151	2.9248046875
19.152	2.9248046875
19.153	2.9296875
19.154	2.9345703125
19.155	2.9248046875
19.156	2.9296875
19.157	2.9296875
19.158	2.939453125
19.159	2.9345703125
19.16	2.9248046875
19.161	2.939453125
19.162	2.9443359375
19.163	2.9443359375
19.164	2.939453125
19.165	2.939453125
19.166004	2.9345703125
19.167	2.9345703125
19.168004	2.939453125
19.169004	2.939453125
19.170004	2.9345703125
19.171004	2.9345703125
19.172004	2.9345703125
19.173	2.9296875
19.174	2.9296875
19.175	2.9296875
19.176	2.9150390625
19.177	2.9248046875
19.178	2.919921875
19.179	2.9248046875
19.18	2.9248046875
19.181	2.9248046875
19.182	2.919921875
19.183	2.919921875
19.184	2.919921875
19.185	2.919921875
19.186	2.9150390625
19.187	2.900390625
19.188	2.91015625
19.189	2.900390625
19.19	2.9052734375
19.191	2.900390625
19.192	2.9052734375
19.193	2.9052734375
19.194	2.8955078125
19.195	2.900390625
19.196	2.900390625
19.197	2.8955078125
19.198	2.8955078125
19.199	2.8955078125
19.2	2.890625
19.201	2.890625
19.202	2.890625
19.203	2.8955078125
19.204	2.880859375
19.205	2.8857421875
19.206	2.890625
19.207	2.8857421875
19.208	2.8857421875
19.208996	2.880859375
19.210004	2.8857421875
19.211004	2.880859375
19.212004	2.8857421875
19.213004	2.8857421875
19.214004	2.8857421875
19.215004	2.8857421875
19.216	2.8955078125
19.217	2.8857421875
19.218	2.890625
19.219	2.8955078125
19.22	2.8955078125
19.221	2.900390625
19.222	2.900390625
19.223	2.8955078125
19.224	2.900390625
19.225	2.900390625
19.226	2.900390625
19.227	2.9052734375
19.228	2.9052734375
19.229	2.91015625
19.23	2.9052734375
19.231	2.91015625
19.232	2.900390625
19.233	2.91015625
19.234	2.9052734375
19.235	2.9150390625
19.236	2.9150390625
19.237	2.9150390625
19.238	2.9150390625
19.239	2.919921875
19.24	2.9296875
19.241	2.9248046875
19.242	2.9248046875
19.243	2.9248046875
19.244	2.9296875
19.245	2.9345703125
19.246	2.9296875
19.247	2.9345703125
19.248	2.9248046875
19.249	2.9296875
19.25	2.9296875
19.250996	2.9296875
19.252004	2.9296875
19.253	2.9345703125
19.254004	2.9345703125
19.255004	2.9345703125
19.256004	2.939453125
19.257004	2.939453125
19.258	2.9345703125
19.259	2.9345703125
19.26	2.9345703125
19.261	2.9296875
19.262	2.9296875
19.263	2.9345703125
19.264	2.9296875
19.265	2.9345703125
19.266	2.9248046875
19.267	2.9248046875
19.268	2.9296875
19.269	2.9296875
19.27	2.9248046875
19.271	2.9296875
19.272	2.9296875
19.273	2.9248046875
19.274	2.9248046875
19.275	2.9248046875
19.276	2.91015625
19.277	2.91015625
19.278	2.9150390625
19.279	2.9052734375
19.28	2.9052734375
19.281	2.9052734375
19.282	2.900390625
19.283	2.900390625
19.284	2.900390625
19.285	2.900390625
19.286	2.9052734375
19.287	2.9052734375
19.288	2.900390625
19.289	2.900390625
19.29	2.900390625
19.291	2.8955078125
19.292	2.8955078125
19.293	2.8857421875
19.294004	2.8857421875
19.295	2.890625
19.296004	2.890625
19.297004	2.8857421875
19.298004	2.8857421875
19.299004	2.8857421875
19.300004	2.890625
19.301	2.880859375
19.302	2.890625
19.303	2.880859375
19.304	2.8857421875
19.305	2.880859375
19.306	2.8857421875
19.307	2.8857421875
19.308	2.890625
19.309	2.890625
19.31	2.8955078125
19.311	2.8955078125
19.312	2.8955078125
19.313	2.8955078125
19.314	2.9052734375
19.315	2.900390625
19.316	2.900390625
19.317	2.900390625
19.318	2.8955078125
19.319	2.900390625
19.32	2.900390625
19.321	2.900390625
19.322	2.900390625
19.323	2.9052734375
19.324	2.9052734375
19.325	2.9052734375
19.326	2.91015625
19.327	2.91015625
19.328	2.9150390625
19.329	2.91015625
19.33	2.9150390625
19.331	2.9248046875
19.332	2.9248046875
19.333	2.9248046875
19.334	2.919921875
19.335	2.9296875
19.336	2.919921875
19.336996	2.9248046875
19.338004	2.9248046875
19.339004	2.9345703125
19.340004	2.9345703125
19.341004	2.9345703125
19.342004	2.9248046875
19.343004	2.9345703125
19.344	2.9345703125
19.345	2.9345703125
19.346	2.939453125
19.347	2.939453125
19.348	2.939453125
19.349	2.9296875
19.35	2.9345703125
19.351	2.939453125
19.352	2.9345703125
19.353	2.9296875
19.354	2.9345703125
19.355	2.9345703125
19.356	2.9345703125
19.357	2.939453125
19.358	2.9345703125
19.359	2.9296875
19.36	2.9248046875
19.361	2.9296875
19.362	2.9296875
19.363	2.9296875
19.364	2.9248046875
19.365	2.9248046875
19.366	2.9248046875
19.367	2.9248046875
19.368	2.919921875
19.369	2.91015625
19.37	2.9150390625
19.371	2.91015625
19.372	2.91015625
19.373	2.91015625
19.374	2.91015625
19.375	2.91015625
19.376	2.9052734375
19.377	2.8955078125
19.378	2.9052734375
19.378996	2.9052734375
19.380004	2.890625
19.381	2.8955078125
19.382004	2.8955078125
19.383004	2.900390625
19.384004	2.890625
19.385004	2.8955078125
19.386	2.890625
19.387	2.8857421875
19.388	2.890625
19.389	2.890625
19.39	2.8955078125
19.391	2.8857421875
19.392	2.8857421875
19.393	2.8857421875
19.394	2.890625
19.395	2.880859375
19.396	2.880859375
19.397	2.890625
19.398	2.8857421875
19.399	2.880859375
19.4	2.890625
19.401	2.890625
19.402	2.890625
19.403	2.8955078125
19.404	2.8955078125
19.405	2.890625
19.406	2.8955078125
19.407	2.900390625
19.408	2.8955078125
19.409	2.890625
19.41	2.900390625
19.411	2.900390625
19.412	2.9052734375
19.413	2.8955078125
19.414	2.8955078125
19.415	2.9052734375
19.416	2.9052734375
19.417	2.91015625
19.418	2.9052734375
19.419	2.9150390625
19.42	2.91015625
19.421	2.91015625
19.422004	2.919921875
19.423	2.9248046875
19.424004	2.9248046875
19.425004	2.919921875
19.426004	2.9248046875
19.427004	2.9248046875
19.428004	2.9248046875
19.429	2.9296875
19.43	2.9296875
19.431	2.9296875
19.432	2.9345703125
19.433	2.9248046875
19.434	2.9248046875
19.435	2.9345703125
19.436	2.9345703125
19.437	2.939453125
19.438	2.9345703125
19.439	2.9345703125
19.44	2.939453125
19.441	2.939453125
19.442	2.939453125
19.443	2.9345703125
19.444	2.939453125
19.445	2.939453125
19.446	2.939453125
19.447	2.939453125
19.448	2.9296875
19.449	2.9345703125
19.45	2.9248046875
19.451	2.9345703125
19.452	2.9248046875
19.453	2.9248046875
19.454	2.9296875
19.455	2.9296875
19.456	2.919921875
19.457	2.919921875
19.458	2.9248046875
19.459	2.9248046875
19.46	2.9248046875
19.461	2.919921875
19.462	2.9150390625
19.463	2.9150390625
19.464	2.91015625
19.464996	2.9052734375
19.466004	2.91015625
19.467004	2.9052734375
19.468004	2.91015625
19.469004	2.91015625
19.470004	2.900390625
19.471004	2.9052734375
19.472	2.9052734375
19.473	2.900390625
19.474	2.900390625
19.475	2.8955078125
19.476	2.890625
19.477	2.890625
19.478	2.900390625
19.479	2.8857421875
19.48	2.890625
19.481	2.8955078125
19.482	2.890625
19.483	2.890625
19.484	2.8857421875
19.485	2.8857421875
19.486	2.8857421875
19.487	2.8857421875
19.488	2.8857421875
19.489	2.890625
19.49	2.880859375
19.491	2.8857421875
19.492	2.8857421875
19.493	2.8955078125
19.494	2.8955078125
19.495	2.890625
19.496	2.890625
19.497	2.890625
19.498	2.890625
19.499	2.8955078125
19.5	2.900390625
19.501	2.8955078125
19.502	2.900390625
19.503	2.8955078125
19.504	2.900390625
19.505	2.9052734375
19.506	2.900390625
19.506996	2.9052734375
19.508004	2.91015625
19.509	2.9052734375
19.510004	2.91015625
19.511004	2.9052734375
19.512004	2.9150390625
19.513004	2.919921875
19.514	2.91015625
19.515	2.919921875
19.516	2.919921875
19.517	2.919921875
19.518	2.919921875
19.519	2.9248046875
19.52	2.919921875
19.521	2.9248046875
19.522	2.919921875
19.523	2.919921875
19.524	2.9345703125
19.525	2.9345703125
19.526	2.9296875
19.527	2.9345703125
19.528	2.9248046875
19.529	2.9345703125
19.53	2.939453125
19.531	2.939453125
19.532	2.939453125
19.533	2.9345703125
19.534	2.939453125
19.535	2.939453125
19.536	2.939453125
19.537	2.9345703125
19.538	2.939453125
19.539	2.939453125
19.54	2.939453125
19.541	2.9345703125
19.542	2.9248046875
19.543	2.9345703125
19.544	2.9345703125
19.545	2.9248046875
19.546	2.9296875
19.547	2.9248046875
19.548	2.9248046875
19.549	2.9248046875
19.550004	2.9248046875
19.551	2.9248046875
19.552004	2.9248046875
19.553004	2.9248046875
19.554004	2.919921875
19.555004	2.9150390625
19.556004	2.919921875
19.557	2.9150390625
19.558	2.9052734375
19.559	2.9052734375
19.56	2.91015625
19.561	2.91015625
19.562	2.9052734375
19.563	2.900390625
19.564	2.9052734375
19.565	2.9052734375
19.566	2.9052734375
19.567	2.900390625
19.568	2.9052734375
19.569	2.900390625
19.57	2.900390625
19.571	2.8955078125
19.572	2.8955078125
19.573	2.8857421875
19.574	2.890625
19.575	2.8857421875
19.576	2.890625
19.577	2.890625
19.578	2.890625
19.579	2.890625
19.58	2.8955078125
19.581	2.8857421875
19.582	2.890625
19.583	2.8857421875
19.584	2.8857421875
19.585	2.8857421875
19.586	2.8857421875
19.587	2.890625
19.588	2.8857421875
19.589	2.8857421875
19.59	2.8955078125
19.591	2.8955078125
19.592	2.8955078125
19.592996	2.8955078125
19.594004	2.900390625
19.595004	2.900390625
19.596004	2.890625
19.597004	2.900390625
19.598004	2.9052734375
19.599004	2.9052734375
19.6	2.900390625
19.601	2.900390625
19.602	2.91015625
19.603	2.91015625
19.604	2.91015625
19.605	2.91015625
19.606	2.91015625
19.607	2.91015625
19.608	2.9150390625
19.609	2.9150390625
19.61	2.9248046875
19.611	2.9296875
19.612	2.9248046875
19.613	2.9296875
19.614	2.9248046875
19.615	2.9296875
19.616	2.9248046875
19.617	2.9296875
19.618	2.9296875
19.619	2.9248046875
19.62	2.9345703125
19.621	2.9345703125
19.622	2.9248046875
19.623	2.939453125
19.624	2.9345703125
19.625	2.9248046875
19.626	2.9443359375
19.627	2.939453125
19.628	2.9443359375
19.629	2.939453125
19.63	2.9443359375
19.631	2.939453125
19.632	2.9345703125
19.633	2.9345703125
19.634	2.9248046875
19.634996	2.9248046875
19.636004	2.9345703125
19.637	2.9296875
19.638004	2.9248046875
19.639004	2.9248046875
19.640004	2.9296875
19.641004	2.9345703125
19.642	2.919921875
19.643	2.9248046875
19.644	2.9248046875
19.645	2.919921875
19.646	2.9248046875
19.647	2.9248046875
19.648	2.919921875
19.649	2.91015625
19.65	2.91015625
19.651	2.91015625
19.652	2.91015625
19.653	2.9052734375
19.654	2.9052734375
19.655	2.91015625
19.656	2.8955078125
19.657	2.900390625
19.658	2.9052734375
19.659	2.900390625
19.66	2.900390625
19.661	2.900390625
19.662	2.8955078125
19.663	2.8955078125
19.664	2.890625
19.665	2.890625
19.666	2.8857421875
19.667	2.8955078125
19.668	2.890625
19.669	2.8955078125
19.67	2.890625
19.671	2.8857421875
19.672	2.890625
19.673	2.890625
19.674	2.8857421875
19.675	2.8759765625
19.676	2.890625
19.677	2.890625
19.678004	2.890625
19.679	2.890625
19.680004	2.890625
19.681004	2.8857421875
19.682004	2.890625
19.683004	2.8955078125
19.684004	2.900390625
19.685	2.8955078125
19.686	2.8955078125
19.687	2.8955078125
19.688	2.8955078125
19.689	2.8955078125
19.69	2.8955078125
19.691	2.900390625
19.692	2.9052734375
19.693	2.91015625
19.694	2.9052734375
19.695	2.91015625
19.696	2.900390625
19.697	2.9150390625
19.698	2.9150390625
19.699	2.9052734375
19.7	2.9150390625
19.701	2.9150390625
19.702	2.9150390625
19.703	2.9248046875
19.704	2.9150390625
19.705	2.9248046875
19.706	2.9248046875
19.707	2.9296875
19.708	2.9248046875
19.709	2.9248046875
19.71	2.9296875
19.711	2.9248046875
19.712	2.9296875
19.713	2.9296875
19.714	2.9345703125
19.715	2.9296875
19.716	2.939453125
19.717	2.9296875
19.718	2.9296875
19.719	2.939453125
19.72	2.939453125
19.720996	2.939453125
19.722004	2.9345703125
19.723004	2.9345703125
19.724004	2.939453125
19.725004	2.939453125
19.726004	2.9296875
19.727004	2.9345703125
19.728	2.9345703125
19.729	2.9296875
19.73	2.9296875
19.731	2.9248046875
19.732	2.9248046875
19.733	2.9248046875
19.734	2.9248046875
19.735	2.9296875
19.736	2.9248046875
19.737	2.9248046875
19.738	2.9248046875
19.739	2.9150390625
19.74	2.919921875
19.741	2.919921875
19.742	2.9150390625
19.743	2.9150390625
19.744	2.9150390625
19.745	2.9052734375
19.746	2.9052734375
19.747	2.9052734375
19.748	2.9052734375
19.749	2.9052734375
19.75	2.9052734375
19.751	2.9052734375
19.752	2.900390625
19.753	2.900390625
19.754	2.900390625
19.755	2.8955078125
19.756	2.8955078125
19.757	2.8955078125
19.758	2.8955078125
19.759	2.890625
19.76	2.8857421875
19.761	2.8955078125
19.762	2.8955078125
19.762996	2.890625
19.764004	2.890625
19.765	2.890625
19.766004	2.890625
19.767004	2.8857421875
19.768004	2.8857421875
19.769004	2.8857421875
19.77	2.890625
19.771	2.8955078125
19.772	2.890625
19.773	2.890625
19.774	2.8955078125
19.775	2.8857421875
19.776	2.8955078125
19.777	2.8955078125
19.778	2.890625
19.779	2.890625
19.78	2.8955078125
19.781	2.900390625
19.782	2.9052734375
19.783	2.9052734375
19.784	2.900390625
19.785	2.9052734375
19.786	2.9052734375
19.787	2.91015625
19.788	2.91015625
19.789	2.9052734375
19.79	2.9052734375
19.791	2.91015625
19.792	2.9052734375
19.793	2.91015625
19.794	2.91015625
19.795	2.9150390625
19.796	2.919921875
19.797	2.9248046875
19.798	2.9248046875
19.799	2.9296875
19.8	2.9296875
19.801	2.9296875
19.802	2.9248046875
19.803	2.9296875
19.804	2.9248046875
19.805	2.9345703125
19.806004	2.9345703125
19.807	2.9296875
19.808004	2.9248046875
19.809004	2.9345703125
19.810004	2.939453125
19.811004	2.9345703125
19.812004	2.939453125
19.813	2.939453125
19.814	2.939453125
19.815	2.9296875
19.816	2.9345703125
19.817	2.939453125
19.818	2.9345703125
19.819	2.9345703125
19.82	2.9296875
19.821	2.9248046875
19.822	2.9296875
19.823	2.9345703125
19.824	2.9248046875
19.825	2.9296875
19.826	2.919921875
19.827	2.9248046875
19.828	2.919921875
19.829	2.9296875
19.83	2.919921875
19.831	2.91015625
19.832	2.9150390625
19.833	2.9248046875
19.834	2.9150390625
19.835	2.91015625
19.836	2.9150390625
19.837	2.9150390625
19.838	2.9052734375
19.839	2.9052734375
19.84	2.9052734375
19.841	2.91015625
19.842	2.900390625
19.843	2.900390625
19.844	2.900390625
19.845	2.9052734375
19.846	2.900390625
19.847	2.8955078125
19.848	2.900390625
19.848996	2.8955078125
19.850004	2.8955078125
19.851004	2.8955078125
19.852004	2.8955078125
19.853004	2.890625
19.854004	2.8955078125
19.855004	2.890625
19.856	2.890625
19.857	2.890625
19.858	2.8857421875
19.859	2.8955078125
19.86	2.8955078125
19.861	2.8955078125
19.862	2.8857421875
19.863	2.890625
19.864	2.8955078125
19.865	2.8955078125
19.866	2.890625
19.867	2.890625
19.868	2.8955078125
19.869	2.8955078125
19.87	2.890625
19.871	2.900390625
19.872	2.890625
19.873	2.8955078125
19.874	2.8955078125
19.875	2.900390625
19.876	2.900390625
19.877	2.8955078125
19.878	2.9052734375
19.879	2.8955078125
19.88	2.9052734375
19.881	2.9150390625
19.882	2.91015625
19.883	2.9150390625
19.884	2.9150390625
19.885	2.91015625
19.886	2.9150390625
19.887	2.9150390625
19.888	2.919921875
19.889	2.9150390625
19.89	2.919921875
19.890996	2.919921875
19.892004	2.9248046875
19.893	2.9248046875
19.894004	2.9296875
19.895004	2.9248046875
19.896004	2.9296875
19.897004	2.9296875
19.898	2.9296875
19.899	2.9345703125
19.9	2.9296875
19.901	2.9345703125
19.902	2.9345703125
19.903	2.939453125
19.904	2.939453125
19.905	2.9296875
19.906	2.939453125
19.907	2.939453125
19.908	2.9296875
19.909	2.9345703125
19.91	2.9443359375
19.911	2.9345703125
19.912	2.9345703125
19.913	2.9296875
19.914	2.9296875
19.915	2.9296875
19.916	2.9296875
19.917	2.9296875
19.918	2.9296875
19.919	2.9248046875
19.92	2.9296875
19.921	2.919921875
19.922	2.919921875
19.923	2.9248046875
19.924	2.919921875
19.925	2.919921875
19.926	2.9150390625
19.927	2.9150390625
19.928	2.9150390625
19.929	2.91015625
19.93	2.9150390625
19.931	2.9150390625
19.932	2.91015625
19.933	2.9052734375
19.934004	2.9052734375
19.935	2.900390625
19.936004	2.9052734375
19.937004	2.9052734375
19.938004	2.900390625
19.939004	2.900390625
19.940004	2.8955078125
19.941	2.8955078125
19.942	2.890625
19.943	2.890625
19.944	2.890625
19.945	2.890625
19.946	2.8955078125
19.947	2.8955078125
19.948	2.8955078125
19.949	2.890625
19.95	2.890625
19.951	2.8955078125
19.952	2.8955078125
19.953	2.890625
19.954	2.8955078125
19.955	2.8857421875
19.956	2.8955078125
19.957	2.890625
19.958	2.8857421875
19.959	2.8955078125
19.96	2.8955078125
19.961	2.890625
19.962	2.890625
19.963	2.8955078125
19.964	2.8955078125
19.965	2.900390625
19.966	2.900390625
19.967	2.900390625
19.968	2.900390625
19.969	2.9052734375
19.97	2.900390625
19.971	2.900390625
19.972	2.9052734375
19.973	2.91015625
19.974	2.91015625
19.975	2.91015625
19.976	2.9150390625
19.976996	2.9150390625
19.978004	2.9150390625
19.979004	2.91015625
19.980004	2.919921875
19.981004	2.9150390625
19.982004	2.9248046875
19.983004	2.919921875
19.984	2.9248046875
19.985	2.9248046875
19.986	2.9248046875
19.987	2.919921875
19.988	2.919921875
19.989	2.919921875
19.99	2.9296875
19.991	2.9296875
19.992	2.919921875
19.993	2.9345703125
19.994	2.9345703125
19.995	2.939453125
19.996	2.939453125
19.997	2.939453125
19.998	2.939453125
19.999	2.9345703125
20.0	2.939453125
20.001	2.9345703125
20.002	2.939453125
20.003	2.9345703125
20.004	2.9296875
20.005	2.9345703125
20.006	2.9296875
20.007	2.9248046875
20.008	2.9248046875
20.009	2.9296875
20.01	2.9248046875
20.011	2.9248046875
20.012	2.9248046875
20.013	2.9296875
20.014	2.9296875
20.015	2.9296875
20.016	2.919921875
20.017	2.9248046875
20.018	2.919921875
20.018996	2.9248046875
20.020004	2.9150390625
20.021	2.91015625
20.022004	2.9150390625
20.023004	2.91015625
20.024004	2.91015625
20.025004	2.91015625
20.026	2.91015625
20.027	2.9052734375
20.028	2.9052734375
20.029	2.9052734375
20.03	2.9052734375
20.031	2.900390625
20.032	2.900390625
20.033	2.9052734375
20.034	2.890625
20.035	2.900390625
20.036	2.8955078125
20.037	2.890625
20.038	2.8955078125
20.039	2.8955078125
20.04	2.8955078125
20.041	2.890625
20.042	2.890625
20.043	2.8955078125
20.044	2.8955078125
20.045	2.890625
20.046	2.8955078125
20.047	2.890625
20.048	2.890625
20.049	2.8955078125
20.05	2.900390625
20.051	2.890625
20.052	2.890625
20.053	2.890625
20.054	2.900390625
20.055	2.8955078125
20.056	2.8955078125
20.057	2.9052734375
20.058	2.900390625
20.059	2.8955078125
20.06	2.900390625
20.061	2.900390625
20.062004	2.91015625
20.063	2.91015625
20.064004	2.9052734375
20.065004	2.9052734375
20.066004	2.91015625
20.067004	2.9052734375
20.068004	2.9150390625
20.069	2.9150390625
20.07	2.9150390625
20.071	2.91015625
20.072	2.9150390625
20.073	2.91015625
20.074	2.919921875
20.075	2.919921875
20.076	2.9248046875
20.077	2.919921875
20.078	2.9248046875
20.079	2.9296875
20.08	2.919921875
20.081	2.9345703125
20.082	2.9345703125
20.083	2.9296875
20.084	2.9248046875
20.085	2.9296875
20.086	2.939453125
20.087	2.9248046875
20.088	2.9345703125
20.089	2.9345703125
20.09	2.939453125
20.091	2.939453125
20.092	2.939453125
20.093	2.9296875
20.094	2.9345703125
20.095	2.939453125
20.096	2.9345703125
20.097	2.9296875
20.098	2.9345703125
20.099	2.9345703125
20.1	2.9345703125
20.101	2.939453125
20.102	2.9296875
20.103	2.9296875
20.104	2.9296875
20.104996	2.9296875
20.106004	2.9296875
20.107004	2.9248046875
20.108004	2.919921875
20.109004	2.9296875
20.110004	2.9248046875
20.111004	2.919921875
20.112	2.919921875
20.113	2.919921875
20.114	2.9150390625
20.115	2.919921875
20.116	2.9150390625
20.117	2.91015625
20.118	2.91015625
20.119	2.91015625
20.12	2.9150390625
20.121	2.9052734375
20.122	2.91015625
20.123	2.9052734375
20.124	2.9052734375
20.125	2.91015625
20.126	2.8955078125
20.127	2.9052734375
20.128	2.8955078125
20.129	2.900390625
20.13	2.900390625
20.131	2.8857421875
20.132	2.8955078125
20.133	2.890625
20.134	2.890625
20.135	2.890625
20.136	2.890625
20.137	2.8955078125
20.138	2.8955078125
20.139	2.8955078125
20.14	2.8857421875
20.141	2.8955078125
20.142	2.8857421875
20.143	2.890625
20.144	2.8955078125
20.145	2.890625
20.146	2.890625
20.146996	2.8955078125
20.148004	2.890625
20.149	2.890625
20.150004	2.8955078125
20.151004	2.8955078125
20.152004	2.900390625
20.153004	2.900390625
20.154	2.900390625
20.155	2.9052734375
20.156	2.9052734375
20.157	2.900390625
20.158	2.91015625
20.159	2.9052734375
20.16	2.9052734375
20.161	2.9150390625
20.162	2.91015625
20.163	2.9150390625
20.164	2.91015625
20.165	2.9150390625
20.166	2.9150390625
20.167	2.9150390625
20.168	2.919921875
20.169	2.919921875
20.17	2.9248046875
20.171	2.9248046875
20.172	2.9296875
20.173	2.9296875
20.174	2.9248046875
20.175	2.9248046875
20.176	2.9248046875
20.177	2.9248046875
20.178	2.9345703125
20.179	2.9345703125
20.18	2.9296875
20.181	2.9296875
20.182	2.9345703125
20.183	2.939453125
20.184	2.9296875
20.185	2.9296875
20.186	2.9345703125
20.187	2.9345703125
20.188	2.9345703125
20.189	2.9345703125
20.190004	2.9248046875
20.191	2.9345703125
20.192004	2.9345703125
20.193004	2.9345703125
20.194004	2.9248046875
20.195004	2.9345703125
20.196004	2.9296875
20.197	2.9296875
20.198	2.9248046875
20.199	2.9296875
20.2	2.9248046875
20.201	2.919921875
20.202	2.9248046875
20.203	2.9296875
20.204	2.9150390625
20.205	2.91015625
20.206	2.9150390625
20.207	2.9150390625
20.208	2.9150390625
20.209	2.91015625
20.21	2.9052734375
20.211	2.9052734375
20.212	2.91015625
20.213	2.91015625
20.214	2.900390625
20.215	2.9052734375
20.216	2.900390625
20.217	2.900390625
20.218	2.8955078125
20.219	2.8955078125
20.22	2.900390625
20.221	2.8955078125
20.222	2.8955078125
20.223	2.890625
20.224	2.890625
20.225	2.890625
20.226	2.8857421875
20.227	2.890625
20.228	2.8857421875
20.229	2.890625
20.23	2.8955078125
20.231	2.8955078125
20.232	2.890625
20.232996	2.8955078125
20.234004	2.890625
20.235004	2.890625
20.236004	2.8955078125
20.237004	2.890625
20.238004	2.890625
20.239004	2.8955078125
20.24	2.8955078125
20.241	2.890625
20.242	2.8955078125
20.243	2.8955078125
20.244	2.900390625
20.245	2.8955078125
20.246	2.9052734375
20.247	2.900390625
20.248	2.9150390625
20.249	2.91015625
20.25	2.900390625
20.251	2.9150390625
20.252	2.9052734375
20.253	2.91015625
20.254	2.9052734375
20.255	2.9052734375
20.256	2.91015625
20.257	2.91015625
20.258	2.919921875
20.259	2.9150390625
20.26	2.9150390625
20.261	2.9248046875
20.262	2.9296875
20.263	2.919921875
20.264	2.9248046875
20.265	2.9248046875
20.266	2.9296875
20.267	2.9296875
20.268	2.9248046875
20.269	2.9296875
20.27	2.9296875
20.271	2.9296875
20.272	2.9296875
20.273	2.9345703125
20.274	2.9248046875
20.274996	2.9296875
20.276004	2.9296875
20.277	2.9345703125
20.278004	2.9296875
20.279004	2.9296875
20.280004	2.9296875
20.281004	2.939453125
20.282	2.9296875
20.283	2.9345703125
20.284	2.9296875
20.285	2.9248046875
20.286	2.9248046875
20.287	2.9296875
20.288	2.9296875
20.289	2.9296875
20.29	2.9248046875
20.291	2.9248046875
20.292	2.9248046875
20.293	2.9296875
20.294	2.9296875
20.295	2.9296875
20.296	2.9248046875
20.297	2.919921875
20.298	2.9150390625
20.299	2.9150390625
20.3	2.91015625
20.301	2.91015625
20.302	2.9052734375
20.303	2.9052734375
20.304	2.9052734375
20.305	2.9052734375
20.306	2.900390625
20.307	2.9052734375
20.308	2.900390625
20.309	2.900390625
20.31	2.9052734375
20.311	2.900390625
20.312	2.8955078125
20.313	2.8955078125
20.314	2.8955078125
20.315	2.900390625
20.316	2.890625
20.317	2.900390625
20.318004	2.900390625
20.319	2.890625
20.320004	2.8955078125
20.321004	2.890625
20.322004	2.890625
20.323004	2.890625
20.324004	2.8857421875
20.325	2.8955078125
20.326	2.8857421875
20.327	2.890625
20.328	2.8857421875
20.329	2.8857421875
20.33	2.8955078125
20.331	2.8955078125
20.332	2.8955078125
20.333	2.8955078125
20.334	2.8955078125
20.335	2.8955078125
20.336	2.8955078125
20.337	2.8955078125
20.338	2.9052734375
20.339	2.9052734375
20.34	2.9052734375
20.341	2.9052734375
20.342	2.9052734375
20.343	2.9052734375
20.344	2.9052734375
20.345	2.9052734375
20.346	2.9052734375
20.347	2.91015625
20.348	2.9052734375
20.349	2.91015625
20.35	2.91015625
20.351	2.91015625
20.352	2.91015625
20.353	2.9248046875
20.354	2.919921875
20.355	2.9248046875
20.356	2.919921875
20.357	2.9150390625
20.358	2.9248046875
20.359	2.9248046875
20.36	2.9296875
20.360996	2.9296875
20.362004	2.9296875
20.363004	2.9296875
20.364004	2.9296875
20.365004	2.9296875
20.366004	2.9345703125
20.367004	2.9296875
20.368	2.9296875
20.369	2.9296875
20.37	2.9248046875
20.371	2.9296875
20.372	2.9296875
20.373	2.9296875
20.374	2.9345703125
20.375	2.9296875
20.376	2.9296875
20.377	2.9296875
20.378	2.9345703125
20.379	2.9296875
20.38	2.9248046875
20.381	2.9248046875
20.382	2.9248046875
20.383	2.9248046875
20.384	2.9296875
20.385	2.9248046875
20.386	2.919921875
20.387	2.919921875
20.388	2.9248046875
20.389	2.919921875
20.39	2.919921875
20.391	2.9150390625
20.392	2.9150390625
20.393	2.9150390625
20.394	2.9150390625
20.395	2.9150390625
20.396	2.91015625
20.397	2.91015625
20.398	2.900390625
20.399	2.9150390625
20.4	2.900390625
20.401	2.9052734375
20.402	2.900390625
20.402996	2.91015625
20.404004	2.890625
20.405	2.890625
20.406004	2.900390625
20.407004	2.8955078125
20.408004	2.8955078125
20.409004	2.8955078125
20.41	2.900390625
20.411	2.8955078125
20.412	2.8955078125
20.413	2.8955078125
20.414	2.8857421875
20.415	2.890625
20.416	2.8857421875
20.417	2.8857421875
20.418	2.890625
20.419	2.8857421875
20.42	2.8857421875
20.421	2.8955078125
20.422	2.8955078125
20.423	2.8955078125
20.424	2.8955078125
20.425	2.8955078125
20.426	2.890625
20.427	2.8955078125
20.428	2.900390625
20.429	2.8955078125
20.43	2.8955078125
20.431	2.900390625
20.432	2.9052734375
20.433	2.900390625
20.434	2.900390625
20.435	2.9052734375
20.436	2.900390625
20.437	2.91015625
20.438	2.91015625
20.439	2.91015625
20.44	2.91015625
20.441	2.9150390625
20.442	2.91015625
20.443	2.91015625
20.444	2.9150390625
20.445	2.919921875
20.446004	2.9150390625
20.447	2.9248046875
20.448004	2.919921875
20.449004	2.9248046875
20.450004	2.919921875
20.451004	2.9248046875
20.452004	2.919921875
20.453	2.919921875
20.454	2.9248046875
20.455	2.9296875
20.456	2.9296875
20.457	2.9345703125
20.458	2.9296875
20.459	2.9296875
20.46	2.9296875
20.461	2.9296875
20.462	2.9345703125
20.463	2.9345703125
20.464	2.939453125
20.465	2.9345703125
20.466	2.9345703125
20.467	2.9248046875
20.468	2.9296875
20.469	2.9296875
20.47	2.9296875
20.471	2.9248046875
20.472	2.9296875
20.473	2.9296875
20.474	2.9248046875
20.475	2.9296875
20.476	2.9248046875
20.477	2.919921875
20.478	2.919921875
20.479	2.9248046875
20.48	2.9150390625
20.481	2.9248046875
20.482	2.9248046875
20.483	2.9248046875
20.484	2.919921875
20.485	2.9150390625
20.486	2.9052734375
20.487	2.91015625
20.488	2.91015625
20.488996	2.91015625
20.490004	2.91015625
20.491004	2.91015625
20.492004	2.9052734375
20.493004	2.900390625
20.494004	2.9052734375
20.495004	2.9052734375
20.496	2.8955078125
20.497	2.900390625
20.498	2.900390625
20.499	2.900390625
20.5	2.900390625
20.501	2.8955078125
20.502	2.890625
20.503	2.890625
20.504	2.900390625
20.505	2.890625
20.506	2.8857421875
20.507	2.8857421875
20.508	2.890625
20.509	2.8857421875
20.51	2.8857421875
20.511	2.8955078125
20.512	2.8955078125
20.513	2.8955078125
20.514	2.890625
20.515	2.890625
20.516	2.8955078125
20.517	2.8955078125
20.518	2.8955078125
20.519	2.8955078125
20.52	2.8955078125
20.521	2.8955078125
20.522	2.890625
20.523	2.890625
20.524	2.890625
20.525	2.890625
20.526	2.900390625
20.527	2.900390625
20.528	2.9052734375
20.529	2.9052734375
20.53	2.9052734375
20.530996	2.91015625
20.532004	2.9052734375
20.533	2.9150390625
20.534004	2.9052734375
20.535004	2.91015625
20.536004	2.91015625
20.537004	2.919921875
20.538	2.9150390625
20.539	2.9150390625
20.54	2.919921875
20.541	2.919921875
20.542	2.919921875
20.543	2.9248046875
20.544	2.9248046875
20.545	2.919921875
20.546	2.9296875
20.547	2.9248046875
20.548	2.9296875
20.549	2.9296875
20.55	2.9296875
20.551	2.9345703125
20.552	2.9345703125
20.553	2.9345703125
20.554	2.9296875
20.555	2.9248046875
20.556	2.9345703125
20.557	2.9345703125
20.558	2.9296875
20.559	2.9296875
20.56	2.9296875
20.561	2.9296875
20.562	2.939453125
20.563	2.9296875
20.564	2.9248046875
20.565	2.9296875
20.566	2.9248046875
20.567	2.9296875
20.568	2.9248046875
20.569	2.9248046875
20.57	2.9248046875
20.571	2.919921875
20.572	2.9248046875
20.573	2.919921875
20.574004	2.9150390625
20.575	2.919921875
20.576004	2.9150390625
20.577004	2.919921875
20.578004	2.919921875
20.579004	2.9150390625
20.580004	2.91015625
20.581	2.91015625
20.582	2.9150390625
20.583	2.91015625
20.584	2.900390625
20.585	2.91015625
20.586	2.8955078125
20.587	2.9052734375
20.588	2.8955078125
20.589	2.9052734375
20.59	2.900390625
20.591	2.8955078125
20.592	2.900390625
20.593	2.8955078125
20.594	2.890625
20.595	2.8955078125
20.596	2.890625
20.597	2.890625
20.598	2.900390625
20.599	2.8955078125
20.6	2.890625
20.601	2.8857421875
20.602	2.890625
20.603	2.890625
20.604	2.890625
20.605	2.890625
20.606	2.890625
20.607	2.8857421875
20.608	2.8857421875
20.609	2.890625
20.61	2.890625
20.611	2.8955078125
20.612	2.8955078125
20.613	2.900390625
20.614	2.890625
20.615	2.8955078125
20.616	2.900390625
20.616996	2.900390625
20.618004	2.900390625
20.619004	2.900390625
20.620004	2.900390625
20.621004	2.900390625
20.622004	2.9052734375
20.623004	2.9052734375
20.624	2.9052734375
20.625	2.91015625
20.626	2.9052734375
20.627	2.91015625
20.628	2.9150390625
20.629	2.9150390625
20.63	2.919921875
20.631	2.9150390625
20.632	2.919921875
20.633	2.919921875
20.634	2.919921875
20.635	2.919921875
20.636	2.9248046875
20.637	2.919921875
20.638	2.919921875
20.639	2.9296875
20.64	2.9248046875
20.641	2.9296875
20.642	2.9296875
20.643	2.9296875
20.644	2.9296875
20.645	2.9345703125
20.646	2.9345703125
20.647	2.9248046875
20.648	2.9248046875
20.649	2.9345703125
20.65	2.9345703125
20.651	2.9296875
20.652	2.9296875
20.653	2.9248046875
20.654	2.9296875
20.655	2.9296875
20.656	2.9345703125
20.657	2.9296875
20.658	2.9296875
20.658996	2.9296875
20.660004	2.9296875
20.661	2.9248046875
20.662004	2.9248046875
20.663004	2.9248046875
20.664004	2.9248046875
20.665004	2.9248046875
20.666	2.919921875
20.667	2.919921875
20.668	2.9150390625
20.669	2.919921875
20.67	2.9150390625
20.671	2.91015625
20.672	2.9150390625
20.673	2.9150390625
20.674	2.9052734375
20.675	2.9052734375
20.676	2.9052734375
20.677	2.900390625
20.678	2.9052734375
20.679	2.9052734375
20.68	2.9052734375
20.681	2.9052734375
20.682	2.900390625
20.683	2.890625
20.684	2.890625
20.685	2.900390625
20.686	2.8857421875
20.687	2.890625
20.688	2.8955078125
20.689	2.900390625
20.69	2.8955078125
20.691	2.8857421875
20.692	2.8955078125
20.693	2.8955078125
20.694	2.890625
20.695	2.890625
20.696	2.890625
20.697	2.890625
20.698	2.890625
20.699	2.8857421875
20.7	2.8955078125
20.701	2.8955078125
20.702004	2.8955078125
20.703	2.890625
20.704004	2.8955078125
20.705004	2.8955078125
20.706004	2.890625
20.707004	2.890625
20.708004	2.8955078125
20.709	2.8955078125
20.71	2.900390625
20.711	2.8955078125
20.712	2.900390625
20.713	2.900390625
20.714	2.900390625
20.715	2.9052734375
20.716	2.9052734375
20.717	2.9052734375
20.718	2.9052734375
20.719	2.900390625
20.72	2.9052734375
20.721	2.91015625
20.722	2.91015625
20.723	2.9150390625
20.724	2.9150390625
20.725	2.919921875
20.726	2.9150390625
20.727	2.9248046875
20.728	2.9248046875
20.729	2.9248046875
20.73	2.919921875
20.731	2.9248046875
20.732	2.9296875
20.733	2.9296875
20.734	2.9248046875
20.735	2.9248046875
20.736	2.9248046875
20.737	2.9248046875
20.738	2.9345703125
20.739	2.9345703125
20.74	2.9345703125
20.741	2.9296875
20.742	2.9296875
20.743	2.9345703125
20.744	2.9296875
20.744996	2.9296875
20.746004	2.9296875
20.747004	2.9296875
20.748004	2.9296875
20.749004	2.9296875
20.750004	2.9296875
20.751004	2.9296875
20.752	2.9296875
20.753	2.9248046875
20.754	2.919921875
20.755	2.9248046875
