Channel Accuracy: 10 Bits
Measurement Range 0...5V --> Resolution: 5V/2^10 = 4.9mV
Measured Single Channel at a Frequency of 1000 Hz
Time (s)	Voltage (V)
0	1.884765625
0.001004	1.8896484375
0.001996	1.89453125
0.002996	1.89453125
0.003996	1.884765625
0.004996	1.8896484375
0.005996	1.89453125
0.007004	1.8896484375
0.007996	1.884765625
0.009	1.8896484375
0.01	1.8896484375
0.011	1.8896484375
0.012	1.884765625
0.013	1.89453125
0.013996	1.8896484375
0.014996	1.8896484375
0.015996	1.8896484375
0.016996	1.884765625
0.017996	1.8896484375
0.018996	1.8896484375
0.019996	1.8896484375
0.020996	1.8896484375
0.021996	1.884765625
0.022996	1.8896484375
0.023996	1.8896484375
0.024996	1.89453125
0.025996	1.8896484375
0.026996	1.89453125
0.027996	1.8896484375
0.028996	1.884765625
0.029996	1.884765625
0.030996	1.89453125
0.031996	1.884765625
0.032996	1.8896484375
0.033996	1.884765625
0.034996	1.884765625
0.035996	1.884765625
0.036996	1.8896484375
0.037996	1.8896484375
0.038996	1.8896484375
0.039996	1.8896484375
0.040996	1.884765625
0.041996	1.8896484375
0.042996	1.8896484375
0.043996	1.8896484375
0.044996	1.8896484375
0.045996	1.8896484375
0.046996	1.8896484375
0.047996	1.8896484375
0.048996	1.89453125
0.05	1.884765625
0.050996	1.884765625
0.052	1.8896484375
0.053	1.8896484375
0.054	1.8896484375
0.055	1.884765625
0.056	1.8896484375
0.056996	1.8896484375
0.057996	1.8896484375
0.058996	1.8896484375
0.059996	1.8896484375
0.060996	1.8896484375
0.061996	1.8798828125
0.062996	1.884765625
0.063996	1.89453125
0.064996	1.89453125
0.065996	1.8896484375
0.066996	1.884765625
0.067996	1.884765625
0.068996	1.884765625
0.069996	1.884765625
0.070996	1.89453125
0.071996	1.8896484375
0.072996	1.884765625
0.073996	1.8896484375
0.074996	1.89453125
0.075996	1.884765625
0.076996	1.8896484375
0.077996	1.884765625
0.078996	1.8896484375
0.079996	1.8994140625
0.080996	1.8896484375
0.081996	1.8896484375
0.082996	1.8896484375
0.083996	1.89453125
0.084996	1.884765625
0.085996	1.8896484375
0.086996	1.8896484375
0.087996	1.8896484375
0.088996	1.884765625
0.089996	1.89453125
0.090996	1.89453125
0.091996	1.8896484375
0.093	1.8896484375
0.093996	1.8896484375
0.095	1.8896484375
0.096	1.8896484375
0.097	1.89453125
0.098	1.884765625
0.099	1.884765625
0.099996	1.8896484375
0.100996	1.8896484375
0.101996	1.884765625
0.102996	1.8896484375
0.103996	1.89453125
0.104996	1.8896484375
0.105996	1.8896484375
0.106996	1.89453125
0.107996	1.884765625
0.108996	1.89453125
0.109996	1.884765625
0.110996	1.884765625
0.111996	1.884765625
0.112996	1.89453125
0.113996	1.8896484375
0.114996	1.89453125
0.115996	1.89453125
0.116996	1.8896484375
0.117996	1.8896484375
0.118996	1.884765625
0.119996	1.884765625
0.120996	1.8896484375
0.121996	1.8798828125
0.122996	1.884765625
0.123996	1.8896484375
0.124996	1.8896484375
0.125996	1.8896484375
0.126996	1.8896484375
0.127996	1.8798828125
0.128996	1.8896484375
0.129996	1.884765625
0.130996	1.884765625
0.131996	1.8896484375
0.132996	1.8896484375
0.133996	1.884765625
0.135004	1.89453125
0.135996	1.8896484375
0.137	1.884765625
0.138	1.884765625
0.139	1.8896484375
0.14	1.8896484375
0.141	1.8896484375
0.141996	1.8896484375
0.142996	1.8896484375
0.143996	1.8896484375
0.144996	1.89453125
0.145996	1.89453125
0.146996	1.884765625
0.147996	1.884765625
0.148996	1.884765625
0.149996	1.8896484375
0.150996	1.8896484375
0.151996	1.884765625
0.152996	1.8798828125
0.153996	1.8896484375
0.154996	1.8896484375
0.155996	1.8896484375
0.156996	1.884765625
0.157996	1.8896484375
0.158996	1.89453125
0.159996	1.8896484375
0.160996	1.884765625
0.161996	1.8896484375
0.162996	1.8896484375
0.163996	1.884765625
0.164996	1.8896484375
0.165996	1.8896484375
0.166996	1.884765625
0.167996	1.884765625
0.168996	1.8896484375
0.169996	1.8798828125
0.170996	1.884765625
0.171996	1.884765625
0.172996	1.8798828125
0.173996	1.8896484375
0.174996	1.8896484375
0.175996	1.884765625
0.176996	1.884765625
0.178	1.89453125
0.178996	1.8896484375
0.18	1.8896484375
0.181	1.8896484375
0.182	1.8798828125
0.183	1.884765625
0.184	1.8896484375
0.184996	1.8896484375
0.185996	1.884765625
0.186996	1.884765625
0.187996	1.884765625
0.188996	1.8798828125
0.189996	1.8798828125
0.190996	1.884765625
0.191996	1.8896484375
0.192996	1.8798828125
0.193996	1.8896484375
0.194996	1.884765625
0.195996	1.884765625
0.196996	1.8798828125
0.197996	1.8896484375
0.198996	1.884765625
0.199996	1.8896484375
0.200996	1.884765625
0.201996	1.884765625
0.202996	1.884765625
0.203996	1.8798828125
0.204996	1.8896484375
0.205996	1.8798828125
0.206996	1.884765625
0.207996	1.8896484375
0.208996	1.884765625
0.209996	1.8896484375
0.210996	1.884765625
0.211996	1.884765625
0.212996	1.884765625
0.213996	1.8896484375
0.214996	1.8896484375
0.215996	1.884765625
0.216996	1.884765625
0.217996	1.8798828125
0.218996	1.8896484375
0.219996	1.8798828125
0.221	1.884765625
0.221996	1.884765625
0.223	1.89453125
0.224	1.884765625
0.225	1.884765625
0.226	1.884765625
0.227	1.8798828125
0.227996	1.8896484375
0.228996	1.8896484375
0.229996	1.884765625
0.230996	1.884765625
0.231996	1.884765625
0.232996	1.8896484375
0.233996	1.884765625
0.234996	1.8896484375
0.235996	1.884765625
0.236996	1.884765625
0.237996	1.8896484375
0.238996	1.8896484375
0.239996	1.8896484375
0.240996	1.8798828125
0.241996	1.8896484375
0.242996	1.8896484375
0.243996	1.8798828125
0.244996	1.8798828125
0.245996	1.884765625
0.246996	1.884765625
0.247996	1.884765625
0.248996	1.8896484375
0.249996	1.884765625
0.250996	1.884765625
0.251996	1.884765625
0.252996	1.884765625
0.253996	1.884765625
0.254996	1.8896484375
0.255996	1.884765625
0.256996	1.8798828125
0.257996	1.8798828125
0.258996	1.8798828125
0.259996	1.884765625
0.260996	1.884765625
0.261996	1.8896484375
0.263004	1.884765625
0.263996	1.8798828125
0.265	1.8896484375
0.266	1.8896484375
0.267	1.884765625
0.268	1.884765625
0.269	1.8798828125
0.269996	1.884765625
0.270996	1.884765625
0.271996	1.8896484375
0.272996	1.884765625
0.273996	1.8896484375
0.274996	1.8896484375
0.275996	1.8798828125
0.276996	1.884765625
0.277996	1.8896484375
0.278996	1.884765625
0.279996	1.8798828125
0.280996	1.8798828125
0.281996	1.8798828125
0.282996	1.8896484375
0.283996	1.8798828125
0.284996	1.884765625
0.285996	1.884765625
0.286996	1.884765625
0.287996	1.884765625
0.288996	1.8798828125
0.289996	1.884765625
0.290996	1.884765625
0.291996	1.884765625
0.292996	1.884765625
0.293996	1.884765625
0.294996	1.884765625
0.295996	1.8798828125
0.296996	1.8896484375
0.297996	1.8798828125
0.298996	1.884765625
0.299996	1.884765625
0.300996	1.884765625
0.301996	1.8798828125
0.302996	1.8798828125
0.303996	1.884765625
0.304996	1.8896484375
0.306	1.8798828125
0.306996	1.884765625
0.308	1.8798828125
0.309	1.884765625
0.31	1.8798828125
0.311	1.8798828125
0.312	1.884765625
0.312996	1.884765625
0.313996	1.884765625
0.314996	1.884765625
0.315996	1.884765625
0.316996	1.884765625
0.317996	1.8896484375
0.318996	1.8798828125
0.319996	1.8798828125
0.320996	1.8798828125
0.321996	1.884765625
0.322996	1.8896484375
0.323996	1.884765625
0.324996	1.8798828125
0.325996	1.884765625
0.326996	1.8798828125
0.327996	1.884765625
0.328996	1.8798828125
0.329996	1.8896484375
0.330996	1.884765625
0.331996	1.884765625
0.332996	1.8896484375
0.333996	1.8798828125
0.334996	1.884765625
0.335996	1.8798828125
0.336996	1.884765625
0.337996	1.8798828125
0.338996	1.884765625
0.339996	1.884765625
0.340996	1.8798828125
0.341996	1.884765625
0.342996	1.884765625
0.343996	1.8798828125
0.344996	1.884765625
0.345996	1.884765625
0.346996	1.884765625
0.347996	1.8798828125
0.349	1.8896484375
0.349996	1.884765625
0.351	1.8896484375
0.352	1.8896484375
0.353	1.8798828125
0.354	1.8896484375
0.355	1.8798828125
0.355996	1.884765625
0.356996	1.884765625
0.357996	1.884765625
0.358996	1.8798828125
0.359996	1.8896484375
0.360996	1.884765625
0.361996	1.8798828125
0.362996	1.8798828125
0.363996	1.8896484375
0.364996	1.8896484375
0.365996	1.884765625
0.366996	1.8896484375
0.367996	1.8896484375
0.368996	1.875
0.369996	1.884765625
0.370996	1.8798828125
0.371996	1.884765625
0.372996	1.884765625
0.373996	1.884765625
0.374996	1.884765625
0.375996	1.884765625
0.376996	1.8798828125
0.377996	1.884765625
0.378996	1.884765625
0.379996	1.8798828125
0.380996	1.8798828125
0.381996	1.884765625
0.382996	1.8798828125
0.383996	1.8798828125
0.384996	1.884765625
0.385996	1.884765625
0.386996	1.884765625
0.387996	1.8798828125
0.388996	1.8896484375
0.389996	1.884765625
0.391004	1.884765625
0.391996	1.884765625
0.393	1.884765625
0.394	1.884765625
0.395	1.884765625
0.396	1.8896484375
0.397	1.884765625
0.397996	1.884765625
0.398996	1.884765625
0.399996	1.884765625
0.400996	1.884765625
0.401996	1.8798828125
0.402996	1.8896484375
0.403996	1.8798828125
0.404996	1.875
0.405996	1.884765625
0.406996	1.884765625
0.407996	1.884765625
0.408996	1.884765625
0.409996	1.884765625
0.410996	1.8798828125
0.411996	1.8798828125
0.412996	1.884765625
0.413996	1.8798828125
0.414996	1.8896484375
0.415996	1.875
0.416996	1.8798828125
0.417996	1.875
0.418996	1.884765625
0.419996	1.875
0.420996	1.8798828125
0.421996	1.8798828125
0.422996	1.884765625
0.423996	1.884765625
0.424996	1.884765625
0.425996	1.8798828125
0.426996	1.884765625
0.427996	1.8798828125
0.428996	1.884765625
0.429996	1.8798828125
0.430996	1.884765625
0.431996	1.8798828125
0.432996	1.884765625
0.434	1.8798828125
0.434996	1.875
0.436	1.884765625
0.437	1.884765625
0.438	1.8798828125
0.439	1.884765625
0.44	1.8798828125
0.440996	1.884765625
0.441996	1.884765625
0.442996	1.884765625
0.443996	1.884765625
0.444996	1.884765625
0.445996	1.884765625
0.446996	1.884765625
0.447996	1.8798828125
0.448996	1.884765625
0.449996	1.884765625
0.450996	1.8798828125
0.451996	1.884765625
0.452996	1.884765625
0.453996	1.884765625
0.454996	1.884765625
0.455996	1.8896484375
0.456996	1.8896484375
0.457996	1.884765625
0.458996	1.884765625
0.459996	1.8896484375
0.460996	1.884765625
0.461996	1.8896484375
0.462996	1.8798828125
0.463996	1.884765625
0.464996	1.8896484375
0.465996	1.884765625
0.466996	1.8798828125
0.467996	1.8896484375
0.468996	1.8896484375
0.469996	1.8896484375
0.470996	1.8896484375
0.471996	1.884765625
0.472996	1.8896484375
0.473996	1.89453125
0.474996	1.89453125
0.475996	1.89453125
0.477	1.8994140625
0.477996	1.8994140625
0.479	1.904296875
0.48	1.904296875
0.481	1.9091796875
0.482	1.9140625
0.483	1.9140625
0.483996	1.9140625
0.484996	1.9140625
0.485996	1.9189453125
0.486996	1.9287109375
0.487996	1.923828125
0.488996	1.93359375
0.489996	1.943359375
0.490996	1.953125
0.491996	1.953125
0.492996	1.9580078125
0.493996	1.97265625
0.494996	1.9873046875
0.495996	1.9970703125
0.496996	2.0166015625
0.497996	2.0166015625
0.498996	2.0361328125
0.499996	2.0654296875
0.500996	2.08984375
0.501996	2.1044921875
0.502996	2.138671875
0.503996	2.158203125
0.504996	2.177734375
0.505996	2.2021484375
0.506996	2.2216796875
0.507996	2.2509765625
0.508996	2.2900390625
0.509996	2.3095703125
0.510996	2.3291015625
0.511996	2.3681640625
0.512996	2.3974609375
0.513996	2.4267578125
0.514996	2.4658203125
0.515996	2.5
0.516996	2.51953125
0.517996	2.568359375
0.519004	2.607421875
0.519996	2.6318359375
0.521	2.6806640625
0.522	2.6953125
0.523	2.763671875
0.524	2.802734375
0.525	2.8369140625
0.525996	2.8662109375
0.526996	2.919921875
0.527996	2.9345703125
0.528996	2.9833984375
0.529996	3.0419921875
0.530996	3.0712890625
0.531996	3.10546875
0.532996	3.14453125
0.533996	3.1787109375
0.534996	3.203125
0.535996	3.26171875
0.536996	3.28125
0.537996	3.330078125
0.538996	3.3642578125
0.539996	3.3935546875
0.540996	3.4423828125
0.541996	3.4765625
0.542996	3.505859375
0.543996	3.544921875
0.544996	3.5693359375
0.545996	3.6181640625
0.546996	3.65234375
0.547996	3.6767578125
0.548996	3.701171875
0.549996	3.7255859375
0.550996	3.76953125
0.551996	3.7890625
0.552996	3.828125
0.553996	3.8427734375
0.554996	3.876953125
0.555996	3.9306640625
0.556996	3.9453125
0.557996	3.955078125
0.558996	3.974609375
0.559996	3.9794921875
0.560996	4.0087890625
0.562	4.0234375
0.562996	4.0283203125
0.564	4.0380859375
0.565	4.0478515625
0.566	4.0576171875
0.567	4.072265625
0.568	4.0869140625
0.568996	4.0869140625
0.569996	4.1015625
0.570996	4.1015625
0.571996	4.1162109375
0.572996	4.111328125
0.573996	4.1162109375
0.574996	4.0966796875
0.575996	4.091796875
0.576996	4.091796875
0.577996	4.0869140625
0.578996	4.0771484375
0.579996	4.0625
0.580996	4.052734375
0.581996	4.033203125
0.582996	4.0234375
0.583996	3.9990234375
0.584996	3.9794921875
0.585996	3.96484375
0.586996	3.9501953125
0.587996	3.935546875
0.588996	3.9208984375
0.589996	3.8623046875
0.590996	3.8427734375
0.591996	3.80859375
0.592996	3.7841796875
0.593996	3.7451171875
0.594996	3.720703125
0.595996	3.701171875
0.596996	3.6669921875
0.597996	3.642578125
0.598996	3.623046875
0.599996	3.5791015625
0.600996	3.5595703125
0.601996	3.5009765625
0.602996	3.4814453125
0.603996	3.447265625
0.605	3.4033203125
0.605996	3.369140625
0.607	3.3251953125
0.608	3.30078125
0.609	3.2666015625
0.61	3.22265625
0.611	3.193359375
0.611996	3.1591796875
0.612996	3.125
0.613996	3.0908203125
0.614996	3.0615234375
0.615996	3.0224609375
0.616996	2.96875
0.617996	2.939453125
0.618996	2.9052734375
0.619996	2.87109375
0.620996	2.8369140625
0.621996	2.8076171875
0.622996	2.7587890625
0.623996	2.7197265625
0.624996	2.685546875
0.625996	2.6611328125
0.626996	2.6171875
0.627996	2.587890625
0.628996	2.55859375
0.629996	2.5439453125
0.630996	2.490234375
0.631996	2.4755859375
0.632996	2.431640625
0.633996	2.412109375
0.634996	2.3876953125
0.635996	2.3486328125
0.636996	2.3291015625
0.637996	2.3046875
0.638996	2.275390625
0.639996	2.255859375
0.640996	2.2314453125
0.641996	2.216796875
0.642996	2.197265625
0.643996	2.1875
0.644996	2.1630859375
0.645996	2.138671875
0.647004	2.12890625
0.647996	2.1044921875
0.649	2.1044921875
0.65	2.08984375
0.651	2.0751953125
0.652	2.0751953125
0.653	2.0703125
0.653996	2.0556640625
0.654996	2.05078125
0.655996	2.05078125
0.656996	2.0458984375
0.657996	2.0458984375
0.658996	2.05078125
0.659996	2.060546875
0.660996	2.0556640625
0.661996	2.060546875
0.662996	2.080078125
0.663996	2.08984375
0.664996	2.08984375
0.665996	2.099609375
0.666996	2.1044921875
0.667996	2.1142578125
0.668996	2.138671875
0.669996	2.1533203125
0.670996	2.1728515625
0.671996	2.1826171875
0.672996	2.20703125
0.673996	2.2119140625
0.674996	2.24609375
0.675996	2.2607421875
0.676996	2.2802734375
0.677996	2.3046875
0.678996	2.3388671875
0.679996	2.353515625
0.680996	2.3974609375
0.681996	2.4169921875
0.682996	2.4365234375
0.683996	2.4658203125
0.684996	2.5
0.685996	2.5244140625
0.686996	2.548828125
0.687996	2.587890625
0.688996	2.6220703125
0.69	2.646484375
0.690996	2.67578125
0.692	2.7099609375
0.693	2.7392578125
0.694	2.7880859375
0.695	2.8173828125
0.696	2.8369140625
0.696996	2.8857421875
0.697996	2.91015625
0.698996	2.9443359375
0.699996	2.98828125
0.700996	3.02734375
0.701996	3.0615234375
0.702996	3.0908203125
0.703996	3.1298828125
0.704996	3.1591796875
0.705996	3.1982421875
0.706996	3.22265625
0.707996	3.26171875
0.708996	3.28125
0.709996	3.310546875
0.710996	3.33984375
0.711996	3.3837890625
0.712996	3.427734375
0.713996	3.4423828125
0.714996	3.4765625
0.715996	3.5205078125
0.716996	3.544921875
0.717996	3.583984375
0.718996	3.603515625
0.719996	3.623046875
0.720996	3.65234375
0.721996	3.6767578125
0.722996	3.7060546875
0.723996	3.720703125
0.724996	3.7451171875
0.725996	3.76953125
0.726996	3.7939453125
0.727996	3.828125
0.728996	3.8330078125
0.729996	3.857421875
0.730996	3.8671875
0.731996	3.876953125
0.733	3.9111328125
0.733996	3.9208984375
0.735	3.935546875
0.736	3.935546875
0.737	3.955078125
0.738	3.9501953125
0.739	3.96484375
0.739996	3.96484375
0.740996	3.9697265625
0.741996	3.9697265625
0.742996	3.974609375
0.743996	3.974609375
0.744996	3.974609375
0.745996	3.9697265625
0.746996	3.974609375
0.747996	3.9697265625
0.748996	3.9599609375
0.749996	3.9501953125
0.750996	3.9404296875
0.751996	3.92578125
0.752996	3.916015625
0.753996	3.90625
0.754996	3.8916015625
0.755996	3.8623046875
0.756996	3.8525390625
0.757996	3.8330078125
0.758996	3.80859375
0.759996	3.779296875
0.760996	3.7548828125
0.761996	3.7353515625
0.762996	3.7255859375
0.763996	3.69140625
0.764996	3.6767578125
0.765996	3.65234375
0.766996	3.623046875
0.767996	3.6083984375
0.768996	3.5595703125
0.769996	3.5498046875
0.770996	3.5205078125
0.771996	3.4814453125
0.772996	3.4521484375
0.773996	3.41796875
0.775004	3.37890625
0.775996	3.3642578125
0.777	3.310546875
0.778	3.291015625
0.779	3.251953125
0.78	3.2275390625
0.781	3.203125
0.781996	3.1640625
0.782996	3.134765625
0.783996	3.10546875
0.784996	3.0810546875
0.785996	3.046875
0.786996	3.0126953125
0.787996	2.96875
0.788996	2.94921875
0.789996	2.919921875
0.790996	2.8857421875
0.791996	2.861328125
0.792996	2.83203125
0.793996	2.7880859375
0.794996	2.7587890625
0.795996	2.7099609375
0.796996	2.705078125
0.797996	2.666015625
0.798996	2.63671875
0.799996	2.607421875
0.800996	2.578125
0.801996	2.548828125
0.802996	2.529296875
0.803996	2.5048828125
0.804996	2.4658203125
0.805996	2.451171875
0.806996	2.431640625
0.807996	2.4072265625
0.808996	2.3828125
0.809996	2.3681640625
0.810996	2.34375
0.811996	2.3291015625
0.812996	2.314453125
0.813996	2.2900390625
0.814996	2.28515625
0.815996	2.2705078125
0.816996	2.24609375
0.818	2.2314453125
0.818996	2.2265625
0.82	2.216796875
0.821	2.20703125
0.822	2.1875
0.823	2.1875
0.824	2.1875
0.824996	2.177734375
0.825996	2.177734375
0.826996	2.1728515625
0.827996	2.1728515625
0.828996	2.16796875
0.829996	2.16796875
0.830996	2.1728515625
0.831996	2.16796875
0.832996	2.1826171875
0.833996	2.1826171875
0.834996	2.1826171875
0.835996	2.1875
0.836996	2.2021484375
0.837996	2.2119140625
0.838996	2.2216796875
0.839996	2.236328125
0.840996	2.2509765625
0.841996	2.2705078125
0.842996	2.28515625
0.843996	2.3046875
0.844996	2.3193359375
0.845996	2.333984375
0.846996	2.34375
0.847996	2.373046875
0.848996	2.392578125
0.849996	2.412109375
0.850996	2.431640625
0.851996	2.4609375
0.852996	2.48046875
0.853996	2.5
0.854996	2.5341796875
0.855996	2.548828125
0.856996	2.5732421875
0.857996	2.6123046875
0.858996	2.626953125
0.859996	2.65625
0.861	2.685546875
0.861996	2.71484375
0.863	2.734375
0.864	2.783203125
0.865	2.8173828125
0.866	2.8515625
0.867	2.87109375
0.867996	2.8955078125
0.868996	2.9345703125
0.869996	2.96875
0.870996	2.998046875
0.871996	3.0322265625
0.872996	3.0615234375
0.873996	3.0859375
0.874996	3.125
0.875996	3.14453125
0.876996	3.193359375
0.877996	3.2080078125
0.878996	3.232421875
0.879996	3.26171875
0.880996	3.28125
0.881996	3.3056640625
0.882996	3.3349609375
0.883996	3.359375
0.884996	3.4033203125
0.885996	3.4326171875
0.886996	3.45703125
0.887996	3.486328125
0.888996	3.5009765625
0.889996	3.544921875
0.890996	3.5693359375
0.891996	3.5791015625
0.892996	3.6181640625
0.893996	3.6328125
0.894996	3.6572265625
0.895996	3.6669921875
0.896996	3.7060546875
0.897996	3.7158203125
0.898996	3.720703125
0.899996	3.7353515625
0.900996	3.759765625
0.901996	3.779296875
0.903004	3.7890625
0.903996	3.8134765625
0.905	3.818359375
0.906	3.8232421875
0.907	3.8330078125
0.908	3.8232421875
0.909	3.8427734375
0.909996	3.84765625
0.910996	3.8427734375
0.911996	3.8525390625
0.912996	3.8623046875
0.913996	3.8671875
0.914996	3.8671875
0.915996	3.857421875
0.916996	3.8623046875
0.917996	3.8623046875
0.918996	3.857421875
0.919996	3.8525390625
0.920996	3.828125
0.921996	3.828125
0.922996	3.8232421875
0.923996	3.8037109375
0.924996	3.7890625
0.925996	3.779296875
0.926996	3.76953125
0.927996	3.7548828125
0.928996	3.720703125
0.929996	3.7109375
0.930996	3.6962890625
0.931996	3.6767578125
0.932996	3.65234375
0.933996	3.6376953125
0.934996	3.6279296875
0.935996	3.59375
0.936996	3.5791015625
0.937996	3.564453125
0.938996	3.5302734375
0.939996	3.5009765625
0.940996	3.4765625
0.941996	3.4423828125
0.942996	3.4326171875
0.943996	3.3984375
0.944996	3.369140625
0.946	3.3349609375
0.946996	3.3154296875
0.948	3.291015625
0.949	3.2568359375
0.95	3.2373046875
0.951	3.203125
0.952	3.1787109375
0.952996	3.1494140625
0.953996	3.134765625
0.954996	3.095703125
0.955996	3.0712890625
0.956996	3.056640625
0.957996	3.0126953125
0.958996	2.9833984375
0.959996	2.958984375
0.960996	2.919921875
0.961996	2.8857421875
0.962996	2.8759765625
0.963996	2.8369140625
0.964996	2.8076171875
0.965996	2.7880859375
0.966996	2.7587890625
0.967996	2.724609375
0.968996	2.6953125
0.969996	2.67578125
0.970996	2.6513671875
0.971996	2.6220703125
0.972996	2.59765625
0.973996	2.578125
0.974996	2.55859375
0.975996	2.5390625
0.976996	2.5146484375
0.977996	2.490234375
0.978996	2.470703125
0.979996	2.4560546875
0.980996	2.431640625
0.981996	2.412109375
0.982996	2.4072265625
0.983996	2.3779296875
0.984996	2.3681640625
0.985996	2.34375
0.986996	2.3388671875
0.987996	2.32421875
0.989	2.3095703125
0.989996	2.3046875
0.991	2.2900390625
0.992	2.28515625
0.993	2.2705078125
0.994	2.275390625
0.995	2.2607421875
0.995996	2.255859375
0.996996	2.255859375
0.997996	2.255859375
0.998996	2.24609375
0.999996	2.255859375
1.000996	2.255859375
1.001996	2.2509765625
1.002996	2.2607421875
1.003996	2.2607421875
1.004996	2.265625
1.005996	2.2802734375
1.006996	2.2900390625
1.007996	2.294921875
1.008996	2.3046875
1.009996	2.314453125
1.010996	2.3193359375
1.011996	2.32421875
1.012996	2.3388671875
1.013996	2.353515625
1.014996	2.3681640625
1.015996	2.3828125
1.016996	2.3974609375
1.017996	2.421875
1.018996	2.4365234375
1.019996	2.4462890625
1.020996	2.470703125
1.021996	2.4951171875
1.022996	2.509765625
1.023996	2.529296875
1.024996	2.5537109375
1.025996	2.578125
1.026996	2.59765625
1.027996	2.6220703125
1.028996	2.65625
1.029996	2.6806640625
1.031004	2.685546875
1.031996	2.7099609375
1.033	2.7392578125
1.034	2.7978515625
1.035	2.8125
1.036	2.8369140625
1.037	2.861328125
1.037996	2.8857421875
1.038996	2.91015625
1.039996	2.9443359375
1.040996	2.9638671875
1.041996	2.998046875
1.042996	3.0322265625
1.043996	3.046875
1.044996	3.076171875
1.045996	3.1005859375
1.046996	3.134765625
1.047996	3.1591796875
1.048996	3.193359375
1.049996	3.212890625
1.050996	3.2470703125
1.051996	3.2666015625
1.052996	3.28125
1.053996	3.3154296875
1.054996	3.330078125
1.055996	3.369140625
1.056996	3.3984375
1.057996	3.4130859375
1.058996	3.4423828125
1.059996	3.466796875
1.060996	3.4912109375
1.061996	3.515625
1.062996	3.5302734375
1.063996	3.5595703125
1.064996	3.5693359375
1.065996	3.59375
1.066996	3.603515625
1.067996	3.6181640625
1.068996	3.6328125
1.069996	3.6474609375
1.070996	3.6669921875
1.071996	3.6767578125
1.072996	3.6962890625
1.074	3.701171875
1.074996	3.720703125
1.076	3.7255859375
1.077	3.7353515625
1.078	3.740234375
1.079	3.740234375
1.08	3.7548828125
1.080996	3.7548828125
1.081996	3.76953125
1.082996	3.76953125
1.083996	3.7744140625
1.084996	3.76953125
1.085996	3.7744140625
1.086996	3.7744140625
1.087996	3.76953125
1.088996	3.76953125
1.089996	3.75
1.090996	3.7548828125
1.091996	3.75
1.092996	3.7353515625
1.093996	3.73046875
1.094996	3.7255859375
1.095996	3.720703125
1.096996	3.6865234375
1.097996	3.6767578125
1.098996	3.6669921875
1.099996	3.6572265625
1.100996	3.6474609375
1.101996	3.6328125
1.102996	3.6279296875
1.103996	3.603515625
1.104996	3.5888671875
1.105996	3.57421875
1.106996	3.5546875
1.107996	3.525390625
1.108996	3.505859375
1.109996	3.4814453125
1.110996	3.45703125
1.111996	3.4326171875
1.112996	3.41796875
1.113996	3.3837890625
1.114996	3.359375
1.115996	3.3447265625
1.117	3.310546875
1.117996	3.28125
1.119	3.2666015625
1.12	3.2421875
1.121	3.2177734375
1.122	3.1982421875
1.123	3.1689453125
1.123996	3.154296875
1.124996	3.115234375
1.125996	3.1005859375
1.126996	3.076171875
1.127996	3.037109375
1.128996	3.0126953125
1.129996	2.9931640625
1.130996	2.9638671875
1.131996	2.9345703125
1.132996	2.9052734375
1.133996	2.880859375
1.134996	2.87109375
1.135996	2.83203125
1.136996	2.8076171875
1.137996	2.7880859375
1.138996	2.7783203125
1.139996	2.7197265625
1.140996	2.71484375
1.141996	2.685546875
1.142996	2.6611328125
1.143996	2.6416015625
1.144996	2.6171875
1.145996	2.5927734375
1.146996	2.5830078125
1.147996	2.55859375
1.148996	2.5390625
1.149996	2.5244140625
1.150996	2.509765625
1.151996	2.4853515625
1.152996	2.4755859375
1.153996	2.4560546875
1.154996	2.44140625
1.155996	2.431640625
1.156996	2.4169921875
1.157996	2.4072265625
1.159004	2.40234375
1.159996	2.3779296875
1.161	2.3681640625
1.162	2.36328125
1.163	2.3486328125
1.164	2.3486328125
1.165	2.3388671875
1.165996	2.333984375
1.166996	2.333984375
1.167996	2.333984375
1.168996	2.32421875
1.169996	2.3291015625
1.170996	2.32421875
1.171996	2.3291015625
1.172996	2.3291015625
1.173996	2.3291015625
1.174996	2.3291015625
1.175996	2.333984375
1.176996	2.3388671875
1.177996	2.333984375
1.178996	2.353515625
1.179996	2.3583984375
1.180996	2.3681640625
1.181996	2.3876953125
1.182996	2.3974609375
1.183996	2.4072265625
1.184996	2.421875
1.185996	2.431640625
1.186996	2.44140625
1.187996	2.4609375
1.188996	2.4755859375
1.189996	2.4853515625
1.190996	2.5
1.191996	2.5244140625
1.192996	2.5341796875
1.193996	2.568359375
1.194996	2.5732421875
1.195996	2.59765625
1.196996	2.6220703125
1.197996	2.63671875
1.198996	2.6611328125
1.199996	2.666015625
1.200996	2.6953125
1.202	2.71484375
1.202996	2.734375
1.204	2.7783203125
1.205	2.79296875
1.206	2.8271484375
1.207	2.8466796875
1.208	2.8759765625
1.208996	2.8955078125
1.209996	2.919921875
1.210996	2.9541015625
1.211996	2.9736328125
1.212996	2.998046875
1.213996	3.0322265625
1.214996	3.0517578125
1.215996	3.076171875
1.216996	3.1005859375
1.217996	3.115234375
1.218996	3.1494140625
1.219996	3.1787109375
1.220996	3.1982421875
1.221996	3.212890625
1.222996	3.2421875
1.223996	3.26171875
1.224996	3.2861328125
1.225996	3.3056640625
1.226996	3.3154296875
1.227996	3.349609375
1.228996	3.359375
1.229996	3.3984375
1.230996	3.4130859375
1.231996	3.4375
1.232996	3.4521484375
1.233996	3.4716796875
1.234996	3.49609375
1.235996	3.5205078125
1.236996	3.5400390625
1.237996	3.5595703125
1.238996	3.5693359375
1.239996	3.5888671875
1.240996	3.59375
1.241996	3.61328125
1.242996	3.6279296875
1.243996	3.6279296875
1.245	3.6376953125
1.245996	3.642578125
1.247	3.6669921875
1.248	3.6669921875
1.249	3.671875
1.25	3.6767578125
1.251	3.6865234375
1.251996	3.681640625
1.252996	3.6865234375
1.253996	3.701171875
1.254996	3.6962890625
1.255996	3.701171875
1.256996	3.69140625
1.257996	3.701171875
1.258996	3.6962890625
1.259996	3.69140625
1.260996	3.69140625
1.261996	3.6865234375
1.262996	3.6865234375
1.263996	3.6767578125
1.264996	3.662109375
1.265996	3.6572265625
1.266996	3.6474609375
1.267996	3.642578125
1.268996	3.6376953125
1.269996	3.6181640625
1.270996	3.6083984375
1.271996	3.603515625
1.272996	3.5888671875
1.273996	3.5693359375
1.274996	3.5498046875
1.275996	3.5400390625
1.276996	3.5205078125
1.277996	3.49609375
1.278996	3.4716796875
1.279996	3.466796875
1.280996	3.4423828125
1.281996	3.41796875
1.282996	3.3935546875
1.283996	3.3642578125
1.284996	3.349609375
1.285996	3.3251953125
1.287004	3.3056640625
1.287996	3.2958984375
1.289	3.2666015625
1.29	3.2568359375
1.291	3.2373046875
1.292	3.203125
1.293	3.193359375
1.293996	3.1591796875
1.294996	3.134765625
1.295996	3.1201171875
1.296996	3.1005859375
1.297996	3.0712890625
1.298996	3.056640625
1.299996	3.0224609375
1.300996	2.9931640625
1.301996	2.9638671875
1.302996	2.9541015625
1.303996	2.9150390625
1.304996	2.890625
1.305996	2.8857421875
1.306996	2.8515625
1.307996	2.8369140625
1.308996	2.8173828125
1.309996	2.79296875
1.310996	2.7587890625
1.311996	2.7294921875
1.312996	2.7197265625
1.313996	2.705078125
1.314996	2.6806640625
1.315996	2.65625
1.316996	2.6416015625
1.317996	2.6318359375
1.318996	2.6025390625
1.319996	2.587890625
1.320996	2.5732421875
1.321996	2.5537109375
1.322996	2.548828125
1.323996	2.5341796875
1.324996	2.5048828125
1.325996	2.5
1.326996	2.48046875
1.327996	2.4755859375
1.328996	2.4658203125
1.33	2.451171875
1.330996	2.4365234375
1.332	2.431640625
1.333	2.4267578125
1.334	2.412109375
1.335	2.412109375
1.336	2.412109375
1.336996	2.40234375
1.337996	2.3974609375
1.338996	2.3974609375
1.339996	2.392578125
1.340996	2.3828125
1.341996	2.3876953125
1.342996	2.392578125
1.343996	2.392578125
1.344996	2.392578125
1.345996	2.3974609375
1.346996	2.4072265625
1.347996	2.412109375
1.348996	2.4072265625
1.349996	2.421875
1.350996	2.421875
1.351996	2.4267578125
1.352996	2.44140625
1.353996	2.4462890625
1.354996	2.4609375
1.355996	2.4755859375
1.356996	2.470703125
1.357996	2.490234375
1.358996	2.5
1.359996	2.5146484375
1.360996	2.5341796875
1.361996	2.548828125
1.362996	2.5634765625
1.363996	2.5732421875
1.364996	2.59765625
1.365996	2.6123046875
1.366996	2.6318359375
1.367996	2.646484375
1.368996	2.6806640625
1.369996	2.6904296875
1.370996	2.6953125
1.371996	2.7197265625
1.373	2.7490234375
1.373996	2.7783203125
1.375	2.7978515625
1.376	2.822265625
1.377	2.841796875
1.378	2.8662109375
1.379	2.8857421875
1.379996	2.900390625
1.380996	2.9248046875
1.381996	2.9443359375
1.382996	2.9736328125
1.383996	2.9931640625
1.384996	3.017578125
1.385996	3.046875
1.386996	3.0615234375
1.387996	3.076171875
1.388996	3.10546875
1.389996	3.134765625
1.390996	3.14453125
1.391996	3.1787109375
1.392996	3.203125
1.393996	3.212890625
1.394996	3.232421875
1.395996	3.2568359375
1.396996	3.271484375
1.397996	3.291015625
1.398996	3.3154296875
1.399996	3.3251953125
1.400996	3.3544921875
1.401996	3.369140625
1.402996	3.3984375
1.403996	3.41796875
1.404996	3.427734375
1.405996	3.447265625
1.406996	3.45703125
1.407996	3.4765625
1.408996	3.4912109375
1.409996	3.515625
1.410996	3.5205078125
1.411996	3.5400390625
1.412996	3.544921875
1.413996	3.564453125
1.415004	3.583984375
1.415996	3.583984375
1.417	3.59375
1.418	3.6083984375
1.419	3.6083984375
1.42	3.61328125
1.421	3.623046875
1.421996	3.623046875
1.422996	3.6328125
1.423996	3.6376953125
1.424996	3.642578125
1.425996	3.6376953125
1.426996	3.6376953125
1.427996	3.642578125
1.428996	3.642578125
1.429996	3.6376953125
1.430996	3.6376953125
1.431996	3.623046875
1.432996	3.6328125
1.433996	3.6181640625
1.434996	3.6279296875
1.435996	3.6181640625
1.436996	3.603515625
1.437996	3.5986328125
1.438996	3.583984375
1.439996	3.57421875
1.440996	3.564453125
1.441996	3.5546875
1.442996	3.5546875
1.443996	3.5302734375
1.444996	3.5205078125
1.445996	3.5009765625
1.446996	3.4716796875
1.447996	3.4765625
1.448996	3.447265625
1.449996	3.4423828125
1.450996	3.41796875
1.451996	3.4033203125
1.452996	3.3837890625
1.453996	3.359375
1.454996	3.3447265625
1.455996	3.3251953125
1.456996	3.3056640625
1.458	3.291015625
1.458996	3.2666015625
1.46	3.251953125
1.461	3.2373046875
1.462	3.2080078125
1.463	3.1884765625
1.464	3.18359375
1.464996	3.154296875
1.465996	3.1298828125
1.466996	3.10546875
1.467996	3.0810546875
1.468996	3.06640625
1.469996	3.046875
1.470996	3.0224609375
1.471996	3.0029296875
1.472996	2.978515625
1.473996	2.958984375
1.474996	2.9345703125
1.475996	2.91015625
1.476996	2.890625
1.477996	2.8759765625
1.478996	2.841796875
1.479996	2.8369140625
1.480996	2.8173828125
1.481996	2.7978515625
1.482996	2.7783203125
1.483996	2.7490234375
1.484996	2.724609375
1.485996	2.7197265625
1.486996	2.7001953125
1.487996	2.6806640625
1.488996	2.6611328125
1.489996	2.6513671875
1.490996	2.6171875
1.491996	2.6123046875
1.492996	2.59765625
1.493996	2.5830078125
1.494996	2.568359375
1.495996	2.5537109375
1.496996	2.5390625
1.497996	2.5341796875
1.498996	2.5146484375
1.499996	2.5048828125
1.501	2.5048828125
1.501996	2.4951171875
1.503	2.490234375
1.504	2.4755859375
1.505	2.470703125
1.506	2.4609375
1.507	2.451171875
1.507996	2.4560546875
1.508996	2.451171875
1.509996	2.451171875
1.510996	2.451171875
1.511996	2.44140625
1.512996	2.4462890625
1.513996	2.4365234375
1.514996	2.4462890625
1.515996	2.4462890625
1.516996	2.4462890625
1.517996	2.451171875
1.518996	2.451171875
1.519996	2.4609375
1.520996	2.4658203125
1.521996	2.470703125
1.522996	2.4755859375
1.523996	2.4853515625
1.524996	2.4951171875
1.525996	2.5048828125
1.526996	2.509765625
1.527996	2.51953125
1.528996	2.5439453125
1.529996	2.548828125
1.530996	2.568359375
1.531996	2.5732421875
1.532996	2.5830078125
1.533996	2.59765625
1.534996	2.6220703125
1.535996	2.626953125
1.536996	2.646484375
1.537996	2.666015625
1.538996	2.685546875
1.539996	2.6904296875
1.540996	2.7099609375
1.541996	2.7197265625
1.543004	2.7392578125
1.543996	2.7880859375
1.545	2.802734375
1.546	2.822265625
1.547	2.8271484375
1.548	2.8515625
1.549	2.8662109375
1.549996	2.890625
1.550996	2.9150390625
1.551996	2.9248046875
1.552996	2.958984375
1.553996	2.9833984375
1.554996	2.998046875
1.555996	3.02734375
1.556996	3.037109375
1.557996	3.056640625
1.558996	3.0810546875
1.559996	3.1005859375
1.560996	3.1298828125
1.561996	3.1396484375
1.562996	3.1591796875
1.563996	3.1787109375
1.564996	3.1982421875
1.565996	3.2177734375
1.566996	3.232421875
1.567996	3.251953125
1.568996	3.271484375
1.569996	3.28125
1.570996	3.3056640625
1.571996	3.3154296875
1.572996	3.330078125
1.573996	3.3544921875
1.574996	3.3740234375
1.575996	3.3837890625
1.576996	3.408203125
1.577996	3.4130859375
1.578996	3.4326171875
1.579996	3.4521484375
1.580996	3.466796875
1.581996	3.4814453125
1.582996	3.4814453125
1.583996	3.5107421875
1.584996	3.515625
1.586	3.53515625
1.586996	3.544921875
1.588	3.5498046875
1.589	3.5595703125
1.59	3.5595703125
1.591	3.564453125
1.592	3.57421875
1.592996	3.57421875
1.593996	3.583984375
1.594996	3.583984375
1.595996	3.583984375
1.596996	3.5888671875
1.597996	3.583984375
1.598996	3.5888671875
1.599996	3.5791015625
1.600996	3.5888671875
1.601996	3.5888671875
1.602996	3.583984375
1.603996	3.583984375
1.604996	3.5791015625
1.605996	3.564453125
1.606996	3.5595703125
1.607996	3.5595703125
1.608996	3.5546875
1.609996	3.5400390625
1.610996	3.5302734375
1.611996	3.515625
1.612996	3.5107421875
1.613996	3.49609375
1.614996	3.4814453125
1.615996	3.4765625
1.616996	3.466796875
1.617996	3.447265625
1.618996	3.4326171875
1.619996	3.4228515625
1.620996	3.4033203125
1.621996	3.3837890625
1.622996	3.3642578125
1.623996	3.349609375
1.624996	3.330078125
1.625996	3.310546875
1.626996	3.30078125
1.627996	3.28125
1.629	3.2666015625
1.629996	3.251953125
1.631	3.22265625
1.632	3.203125
1.633	3.1884765625
1.634	3.173828125
1.635	3.1591796875
1.635996	3.14453125
1.636996	3.115234375
1.637996	3.10546875
1.638996	3.095703125
1.639996	3.056640625
1.640996	3.0517578125
1.641996	3.0322265625
1.642996	3.0029296875
1.643996	2.98828125
1.644996	2.9736328125
1.645996	2.94921875
1.646996	2.919921875
1.647996	2.91015625
1.648996	2.8857421875
1.649996	2.8662109375
1.650996	2.8564453125
1.651996	2.83203125
1.652996	2.8173828125
1.653996	2.802734375
1.654996	2.783203125
1.655996	2.7490234375
1.656996	2.7294921875
1.657996	2.7197265625
1.658996	2.7001953125
1.659996	2.685546875
1.660996	2.6806640625
1.661996	2.6611328125
1.662996	2.646484375
1.663996	2.63671875
1.664996	2.6220703125
1.665996	2.6025390625
1.666996	2.587890625
1.667996	2.5927734375
1.668996	2.5732421875
1.669996	2.568359375
1.671004	2.5634765625
1.671996	2.5390625
1.673	2.5390625
1.674	2.5244140625
1.675	2.5244140625
1.676	2.5146484375
1.677	2.509765625
1.677996	2.5048828125
1.678996	2.4951171875
1.679996	2.4853515625
1.680996	2.4853515625
1.681996	2.4951171875
1.682996	2.4951171875
1.683996	2.4853515625
1.684996	2.490234375
1.685996	2.4853515625
1.686996	2.490234375
1.687996	2.4951171875
1.688996	2.5
1.689996	2.5048828125
1.690996	2.509765625
1.691996	2.5
1.692996	2.51953125
1.693996	2.529296875
1.694996	2.5341796875
1.695996	2.529296875
1.696996	2.5537109375
1.697996	2.568359375
1.698996	2.55859375
1.699996	2.578125
1.700996	2.587890625
1.701996	2.5927734375
1.702996	2.607421875
1.703996	2.6220703125
1.704996	2.6318359375
1.705996	2.646484375
1.706996	2.6611328125
1.707996	2.666015625
1.708996	2.6904296875
1.709996	2.705078125
1.710996	2.7197265625
1.711996	2.734375
1.712996	2.7587890625
1.714	2.7880859375
1.714996	2.8076171875
1.716	2.8173828125
1.717	2.83203125
1.718	2.861328125
1.719	2.87109375
1.72	2.8857421875
1.720996	2.9052734375
1.721996	2.9150390625
1.722996	2.939453125
1.723996	2.9638671875
1.724996	2.978515625
1.725996	3.0078125
1.726996	3.017578125
1.727996	3.037109375
1.728996	3.0615234375
1.729996	3.0810546875
1.730996	3.0908203125
1.731996	3.1201171875
1.732996	3.125
1.733996	3.154296875
1.734996	3.1689453125
1.735996	3.18359375
1.736996	3.203125
1.737996	3.212890625
1.738996	3.232421875
1.739996	3.2568359375
1.740996	3.2666015625
1.741996	3.28125
1.742996	3.30078125
1.743996	3.310546875
1.744996	3.3251953125
1.745996	3.33984375
1.746996	3.3544921875
1.747996	3.3642578125
1.748996	3.3837890625
1.749996	3.408203125
1.750996	3.41796875
1.751996	3.4228515625
1.752996	3.4375
1.753996	3.4521484375
1.754996	3.45703125
1.755996	3.4619140625
1.757	3.4814453125
1.757996	3.4814453125
1.759	3.4912109375
1.76	3.5009765625
1.761	3.515625
1.762	3.515625
1.763	3.525390625
1.763996	3.5302734375
1.764996	3.5400390625
1.765996	3.544921875
1.766996	3.5498046875
1.767996	3.5400390625
1.768996	3.5400390625
1.769996	3.5400390625
1.770996	3.544921875
1.771996	3.5400390625
1.772996	3.544921875
1.773996	3.53515625
1.774996	3.5400390625
1.775996	3.525390625
1.776996	3.525390625
1.777996	3.5205078125
1.778996	3.5107421875
1.779996	3.505859375
1.780996	3.4912109375
1.781996	3.4814453125
1.782996	3.4765625
1.783996	3.466796875
1.784996	3.4521484375
1.785996	3.447265625
1.786996	3.4375
1.787996	3.4228515625
1.788996	3.408203125
1.789996	3.3984375
1.790996	3.37890625
1.791996	3.3642578125
1.792996	3.349609375
1.793996	3.33984375
1.794996	3.3251953125
1.795996	3.3056640625
1.796996	3.291015625
1.797996	3.2666015625
1.799004	3.2568359375
1.799996	3.2470703125
1.801	3.232421875
1.802	3.2080078125
1.803	3.193359375
1.804	3.1787109375
1.805	3.1689453125
1.805996	3.1494140625
1.806996	3.125
1.807996	3.115234375
1.808996	3.1005859375
1.809996	3.0810546875
1.810996	3.06640625
1.811996	3.0419921875
1.812996	3.0224609375
1.813996	3.0029296875
1.814996	2.98828125
1.815996	2.96875
1.816996	2.94921875
1.817996	2.9296875
1.818996	2.91015625
1.819996	2.880859375
1.820996	2.880859375
1.821996	2.8759765625
1.822996	2.8466796875
1.823996	2.8271484375
1.824996	2.8173828125
1.825996	2.8076171875
1.826996	2.783203125
1.827996	2.763671875
1.828996	2.7392578125
1.829996	2.71484375
1.830996	2.71484375
1.831996	2.705078125
1.832996	2.6953125
1.833996	2.67578125
1.834996	2.65625
1.835996	2.646484375
1.836996	2.63671875
1.837996	2.6171875
1.838996	2.6220703125
1.839996	2.607421875
1.840996	2.5927734375
1.842	2.587890625
1.842996	2.5830078125
1.844	2.568359375
1.845	2.55859375
1.846	2.55859375
1.847	2.55859375
1.848	2.55859375
1.848996	2.5439453125
1.849996	2.5390625
1.850996	2.5390625
1.851996	2.5341796875
1.852996	2.529296875
1.853996	2.5341796875
1.854996	2.529296875
1.855996	2.529296875
1.856996	2.529296875
1.857996	2.5341796875
1.858996	2.5341796875
1.859996	2.5439453125
1.860996	2.548828125
1.861996	2.548828125
1.862996	2.5634765625
1.863996	2.55859375
1.864996	2.5732421875
1.865996	2.568359375
1.866996	2.5830078125
1.867996	2.587890625
1.868996	2.59765625
1.869996	2.6025390625
1.870996	2.6123046875
1.871996	2.626953125
1.872996	2.6318359375
1.873996	2.6416015625
1.874996	2.65625
1.875996	2.6611328125
1.876996	2.67578125
1.877996	2.6806640625
1.878996	2.7099609375
1.879996	2.71484375
1.880996	2.7197265625
1.881996	2.7392578125
1.882996	2.7685546875
1.883996	2.783203125
1.885	2.802734375
1.885996	2.8125
1.887	2.8369140625
1.888	2.8515625
1.889	2.8662109375
1.89	2.880859375
1.891	2.8955078125
1.891996	2.9052734375
1.892996	2.9345703125
1.893996	2.94921875
1.894996	2.9736328125
1.895996	2.98828125
1.896996	2.9931640625
1.897996	3.02734375
1.898996	3.0419921875
1.899996	3.0517578125
1.900996	3.0810546875
1.901996	3.0908203125
1.902996	3.10546875
1.903996	3.125
1.904996	3.1396484375
1.905996	3.1640625
1.906996	3.1689453125
1.907996	3.1884765625
1.908996	3.2080078125
1.909996	3.22265625
1.910996	3.232421875
1.911996	3.2470703125
1.912996	3.26171875
1.913996	3.2763671875
1.914996	3.28125
1.915996	3.3056640625
1.916996	3.310546875
1.917996	3.3203125
1.918996	3.33984375
1.919996	3.349609375
1.920996	3.3740234375
1.921996	3.37890625
1.922996	3.3984375
1.923996	3.408203125
1.924996	3.41796875
1.925996	3.4228515625
1.927004	3.427734375
1.927996	3.4375
1.929	3.4521484375
1.93	3.4619140625
1.931	3.4716796875
1.932	3.4765625
1.933	3.4765625
1.933996	3.4814453125
1.934996	3.4814453125
1.935996	3.4912109375
1.936996	3.4912109375
1.937996	3.5009765625
1.938996	3.49609375
1.939996	3.5009765625
1.940996	3.4912109375
1.941996	3.4912109375
1.942996	3.49609375
1.943996	3.4814453125
1.944996	3.486328125
1.945996	3.486328125
1.946996	3.4814453125
1.947996	3.4765625
1.948996	3.466796875
1.949996	3.45703125
1.950996	3.45703125
1.951996	3.4521484375
1.952996	3.447265625
1.953996	3.4375
1.954996	3.4326171875
1.955996	3.41796875
1.956996	3.408203125
1.957996	3.4033203125
1.958996	3.3837890625
1.959996	3.37890625
1.960996	3.359375
1.961996	3.349609375
1.962996	3.3349609375
1.963996	3.3203125
1.964996	3.310546875
1.965996	3.291015625
1.966996	3.2763671875
1.967996	3.2666015625
1.968996	3.251953125
1.97	3.251953125
1.970996	3.2275390625
1.972	3.2080078125
1.973	3.193359375
1.974	3.1787109375
1.975	3.1640625
1.976	3.1591796875
1.976996	3.14453125
1.977996	3.125
1.978996	3.10546875
1.979996	3.0859375
1.980996	3.076171875
1.981996	3.0615234375
1.982996	3.037109375
1.983996	3.02734375
1.984996	3.0029296875
1.985996	2.9833984375
1.986996	2.9736328125
1.987996	2.958984375
1.988996	2.939453125
1.989996	2.919921875
1.990996	2.8955078125
1.991996	2.8857421875
1.992996	2.87109375
1.993996	2.8662109375
1.994996	2.8369140625
1.995996	2.8271484375
1.996996	2.8076171875
1.997996	2.79296875
1.998996	2.7880859375
1.999996	2.7783203125
2.000996	2.744140625
2.001996	2.7197265625
2.002996	2.724609375
2.003996	2.71484375
2.004996	2.6904296875
2.005996	2.6904296875
2.006996	2.6806640625
2.007996	2.666015625
2.008996	2.65625
2.009996	2.6513671875
2.010996	2.63671875
2.011996	2.626953125
2.013	2.6220703125
2.013996	2.607421875
2.015	2.607421875
2.016	2.6025390625
2.017	2.587890625
2.018	2.587890625
2.019	2.587890625
2.019996	2.5830078125
2.020996	2.5732421875
2.021996	2.5732421875
2.022996	2.5732421875
2.023996	2.5732421875
2.024996	2.5732421875
2.025996	2.568359375
2.026996	2.568359375
2.027996	2.5732421875
2.028996	2.5732421875
2.029996	2.5732421875
2.030996	2.578125
2.031996	2.5830078125
2.032996	2.5927734375
2.033996	2.5927734375
2.034996	2.5927734375
2.035996	2.6025390625
2.036996	2.6025390625
2.037996	2.6123046875
2.038996	2.6220703125
2.039996	2.626953125
2.040996	2.63671875
2.041996	2.6416015625
2.042996	2.646484375
2.043996	2.65625
2.044996	2.6611328125
2.045996	2.685546875
2.046996	2.685546875
2.047996	2.6953125
2.048996	2.7099609375
2.049996	2.7197265625
2.050996	2.724609375
2.051996	2.7490234375
2.052996	2.79296875
2.053996	2.79296875
2.055004	2.8076171875
2.055996	2.8271484375
2.057	2.841796875
2.058	2.8515625
2.059	2.8662109375
2.06	2.87109375
2.061	2.8857421875
2.061996	2.91015625
2.062996	2.919921875
2.063996	2.9443359375
2.064996	2.9541015625
2.065996	2.96875
2.066996	2.9931640625
2.067996	3.0029296875
2.068996	3.0224609375
2.069996	3.0419921875
2.070996	3.0517578125
2.071996	3.06640625
2.072996	3.0810546875
2.073996	3.1005859375
2.074996	3.1103515625
2.075996	3.125
2.076996	3.14453125
2.077996	3.1640625
2.078996	3.1787109375
2.079996	3.193359375
2.080996	3.2080078125
2.081996	3.22265625
2.082996	3.2373046875
2.083996	3.2470703125
2.084996	3.2568359375
2.085996	3.2666015625
2.086996	3.2763671875
2.087996	3.2958984375
2.088996	3.30078125
2.089996	3.310546875
2.090996	3.330078125
2.091996	3.3349609375
2.092996	3.349609375
2.093996	3.3544921875
2.094996	3.369140625
2.095996	3.37890625
2.096996	3.388671875
2.098	3.4033203125
2.098996	3.408203125
2.1	3.4130859375
2.101	3.4228515625
2.102	3.4228515625
2.103	3.4375
2.104	3.4375
2.104996	3.4423828125
2.105996	3.447265625
2.106996	3.4423828125
2.107996	3.447265625
2.108996	3.4521484375
2.109996	3.45703125
2.110996	3.4521484375
2.111996	3.45703125
2.112996	3.45703125
2.113996	3.4619140625
2.114996	3.4521484375
2.115996	3.447265625
2.116996	3.4423828125
2.117996	3.447265625
2.118996	3.4423828125
2.119996	3.4423828125
2.120996	3.4228515625
2.121996	3.41796875
2.122996	3.41796875
2.123996	3.408203125
2.124996	3.408203125
2.125996	3.388671875
2.126996	3.3837890625
2.127996	3.3740234375
2.128996	3.359375
2.129996	3.3447265625
2.130996	3.3349609375
2.131996	3.3251953125
2.132996	3.310546875
2.133996	3.30078125
2.134996	3.3056640625
2.135996	3.28125
2.136996	3.2763671875
2.137996	3.2666015625
2.138996	3.251953125
2.139996	3.2373046875
2.141	3.22265625
2.141996	3.2080078125
2.143	3.203125
2.144	3.18359375
2.145	3.173828125
2.146	3.154296875
2.147	3.14453125
2.147996	3.1298828125
2.148996	3.10546875
2.149996	3.095703125
2.150996	3.095703125
2.151996	3.0712890625
2.152996	3.0615234375
2.153996	3.037109375
2.154996	3.0126953125
2.155996	3.0029296875
2.156996	2.98828125
2.157996	2.9736328125
2.158996	2.958984375
2.159996	2.9443359375
2.160996	2.9248046875
2.161996	2.9150390625
2.162996	2.8955078125
2.163996	2.880859375
2.164996	2.8759765625
2.165996	2.8564453125
2.166996	2.8369140625
2.167996	2.822265625
2.168996	2.8076171875
2.169996	2.8125
2.170996	2.7978515625
2.171996	2.7783203125
2.172996	2.7587890625
2.173996	2.7392578125
2.174996	2.7197265625
2.175996	2.724609375
2.176996	2.7099609375
2.177996	2.6953125
2.178996	2.6953125
2.179996	2.6806640625
2.180996	2.6708984375
2.181996	2.666015625
2.183004	2.65625
2.183996	2.646484375
2.185	2.646484375
2.186	2.646484375
2.187	2.626953125
2.188	2.626953125
2.189	2.6171875
2.189996	2.6171875
2.190996	2.6171875
2.191996	2.6123046875
2.192996	2.6025390625
2.193996	2.607421875
2.194996	2.59765625
2.195996	2.607421875
2.196996	2.6025390625
2.197996	2.6025390625
2.198996	2.607421875
2.199996	2.607421875
2.200996	2.607421875
2.201996	2.607421875
2.202996	2.6171875
2.203996	2.6171875
2.204996	2.6171875
2.205996	2.6220703125
2.206996	2.626953125
2.207996	2.6318359375
2.208996	2.6416015625
2.209996	2.65625
2.210996	2.6513671875
2.211996	2.65625
2.212996	2.685546875
2.213996	2.67578125
2.214996	2.6904296875
2.215996	2.7001953125
2.216996	2.7001953125
2.217996	2.7099609375
2.218996	2.724609375
2.219996	2.7392578125
2.220996	2.75390625
2.221996	2.7783203125
2.222996	2.7734375
2.223996	2.79296875
2.224996	2.8076171875
2.226	2.8173828125
2.226996	2.83203125
2.228	2.8564453125
2.229	2.8662109375
2.23	2.8857421875
2.231	2.8857421875
2.232	2.8955078125
2.232996	2.91015625
2.233996	2.9248046875
2.234996	2.939453125
2.235996	2.958984375
2.236996	2.978515625
2.237996	2.998046875
2.238996	3.0029296875
2.239996	3.017578125
2.240996	3.037109375
2.241996	3.056640625
2.242996	3.0615234375
2.243996	3.0908203125
2.244996	3.1005859375
2.245996	3.1103515625
2.246996	3.1201171875
2.247996	3.1396484375
2.248996	3.154296875
2.249996	3.173828125
2.250996	3.173828125
2.251996	3.1982421875
2.252996	3.203125
2.253996	3.22265625
2.254996	3.232421875
2.255996	3.2470703125
2.256996	3.26171875
2.257996	3.26171875
2.258996	3.28125
2.259996	3.2861328125
2.260996	3.30078125
2.261996	3.2958984375
2.262996	3.3056640625
2.263996	3.330078125
2.264996	3.330078125
2.265996	3.3349609375
2.266996	3.349609375
2.267996	3.359375
2.269	3.3642578125
2.269996	3.3740234375
2.271	3.388671875
2.272	3.3984375
2.273	3.3984375
2.274	3.4130859375
2.275	3.408203125
2.275996	3.4130859375
2.276996	3.4130859375
2.277996	3.41796875
2.278996	3.41796875
2.279996	3.41796875
2.280996	3.4130859375
2.281996	3.41796875
2.282996	3.41796875
2.283996	3.41796875
2.284996	3.41796875
2.285996	3.41796875
2.286996	3.4228515625
2.287996	3.4228515625
2.288996	3.4130859375
2.289996	3.3984375
2.290996	3.4033203125
2.291996	3.4033203125
2.292996	3.3837890625
2.293996	3.3837890625
2.294996	3.37890625
2.295996	3.369140625
2.296996	3.359375
2.297996	3.349609375
2.298996	3.33984375
2.299996	3.330078125
2.300996	3.3251953125
2.301996	3.3154296875
2.302996	3.3056640625
2.303996	3.291015625
2.304996	3.28125
2.305996	3.271484375
2.306996	3.2666015625
2.307996	3.2568359375
2.308996	3.2470703125
2.309996	3.232421875
2.311004	3.2177734375
2.311996	3.2080078125
2.313	3.1982421875
2.314	3.1884765625
2.315	3.1787109375
2.316	3.1591796875
2.317	3.154296875
2.317996	3.1298828125
2.318996	3.125
2.319996	3.10546875
2.320996	3.0908203125
2.321996	3.0712890625
2.322996	3.0712890625
2.323996	3.0615234375
2.324996	3.0322265625
2.325996	3.0224609375
2.326996	3.0029296875
2.327996	2.9931640625
2.328996	2.9833984375
2.329996	2.9638671875
2.330996	2.94921875
2.331996	2.9248046875
2.332996	2.9052734375
2.333996	2.91015625
2.334996	2.8955078125
2.335996	2.8759765625
2.336996	2.8759765625
2.337996	2.861328125
2.338996	2.841796875
2.339996	2.83203125
2.340996	2.8173828125
2.341996	2.8076171875
2.342996	2.7978515625
2.343996	2.7783203125
2.344996	2.7783203125
2.345996	2.7587890625
2.346996	2.7392578125
2.347996	2.7294921875
2.348996	2.724609375
2.349996	2.71484375
2.350996	2.7099609375
2.351996	2.6953125
2.352996	2.6904296875
2.354	2.685546875
2.354996	2.67578125
2.356	2.6611328125
2.357	2.666015625
2.358	2.6611328125
2.359	2.65625
2.36	2.6611328125
2.360996	2.6513671875
2.361996	2.6416015625
2.362996	2.6416015625
2.363996	2.63671875
2.364996	2.6318359375
2.365996	2.6318359375
2.366996	2.626953125
2.367996	2.626953125
2.368996	2.626953125
2.369996	2.63671875
2.370996	2.63671875
2.371996	2.63671875
2.372996	2.63671875
2.373996	2.6416015625
2.374996	2.6416015625
2.375996	2.6416015625
2.376996	2.6513671875
2.377996	2.65625
2.378996	2.6708984375
2.379996	2.666015625
2.380996	2.6708984375
2.381996	2.6904296875
2.382996	2.7001953125
2.383996	2.685546875
2.384996	2.6953125
2.385996	2.7099609375
2.386996	2.71484375
2.387996	2.7197265625
2.388996	2.7294921875
2.389996	2.7490234375
2.390996	2.763671875
2.391996	2.7880859375
2.392996	2.7978515625
2.393996	2.802734375
2.394996	2.8125
2.395996	2.83203125
2.397	2.841796875
2.397996	2.8515625
2.399	2.8662109375
2.4	2.87109375
2.401	2.8857421875
2.402	2.900390625
2.403	2.91015625
2.403996	2.9248046875
2.404996	2.939453125
2.405996	2.9541015625
2.406996	2.9638671875
2.407996	2.9833984375
2.408996	2.998046875
2.409996	3.0126953125
2.410996	3.017578125
2.411996	3.0419921875
2.412996	3.056640625
2.413996	3.0712890625
2.414996	3.0810546875
2.415996	3.0859375
2.416996	3.10546875
2.417996	3.115234375
2.418996	3.1298828125
2.419996	3.1396484375
2.420996	3.1591796875
2.421996	3.173828125
2.422996	3.1787109375
2.423996	3.193359375
2.424996	3.203125
2.425996	3.2080078125
2.426996	3.2275390625
2.427996	3.2421875
2.428996	3.2470703125
2.429996	3.26171875
2.430996	3.2666015625
2.431996	3.271484375
2.432996	3.2861328125
2.433996	3.291015625
2.434996	3.3056640625
2.435996	3.3056640625
2.436996	3.3154296875
2.437996	3.330078125
2.439004	3.33984375
2.439996	3.3447265625
2.441	3.349609375
2.442	3.3544921875
2.443	3.3642578125
2.444	3.3642578125
2.445	3.3740234375
2.445996	3.3740234375
2.446996	3.37890625
2.447996	3.3837890625
2.448996	3.37890625
2.449996	3.3935546875
2.450996	3.3935546875
2.451996	3.3984375
2.452996	3.388671875
2.453996	3.3984375
2.454996	3.3984375
2.455996	3.3935546875
2.456996	3.3935546875
2.457996	3.388671875
2.458996	3.3837890625
2.459996	3.3837890625
2.460996	3.3837890625
2.461996	3.369140625
2.462996	3.3642578125
2.463996	3.359375
2.464996	3.3642578125
2.465996	3.3447265625
2.466996	3.3349609375
2.467996	3.330078125
2.468996	3.3349609375
2.469996	3.3154296875
2.470996	3.310546875
2.471996	3.30078125
2.472996	3.2958984375
2.473996	3.2861328125
2.474996	3.271484375
2.475996	3.2763671875
2.476996	3.2568359375
2.477996	3.2568359375
2.478996	3.2373046875
2.479996	3.232421875
2.480996	3.2177734375
2.482	3.203125
2.482996	3.1982421875
2.484	3.18359375
2.485	3.1689453125
2.486	3.1591796875
2.487	3.1494140625
2.488	3.1396484375
2.488996	3.1298828125
2.489996	3.115234375
2.490996	3.0908203125
2.491996	3.0908203125
2.492996	3.076171875
2.493996	3.0712890625
2.494996	3.056640625
2.495996	3.0322265625
2.496996	3.0126953125
2.497996	2.998046875
2.498996	2.9931640625
2.499996	2.9833984375
2.500996	2.9638671875
2.501996	2.94921875
2.502996	2.9443359375
2.503996	2.9248046875
2.504996	2.91015625
2.505996	2.8955078125
2.506996	2.8857421875
2.507996	2.87109375
2.508996	2.8662109375
2.509996	2.8564453125
2.510996	2.8466796875
2.511996	2.83203125
2.512996	2.822265625
2.513996	2.8125
2.514996	2.8076171875
2.515996	2.783203125
2.516996	2.7783203125
2.517996	2.7783203125
2.518996	2.7587890625
2.519996	2.744140625
2.520996	2.7294921875
2.521996	2.7197265625
2.522996	2.71484375
2.523996	2.705078125
2.525	2.7001953125
2.525996	2.6953125
2.527	2.6953125
2.528	2.6904296875
2.529	2.6904296875
2.53	2.6708984375
2.531	2.67578125
2.531996	2.67578125
2.532996	2.6611328125
2.533996	2.65625
2.534996	2.6611328125
2.535996	2.6708984375
2.536996	2.6611328125
2.537996	2.6611328125
2.538996	2.65625
2.539996	2.666015625
2.540996	2.666015625
2.541996	2.6611328125
2.542996	2.666015625
2.543996	2.666015625
2.544996	2.6611328125
2.545996	2.6708984375
2.546996	2.666015625
2.547996	2.6708984375
2.548996	2.67578125
2.549996	2.6806640625
2.550996	2.6953125
2.551996	2.6953125
2.552996	2.705078125
2.553996	2.705078125
2.554996	2.71484375
2.555996	2.724609375
2.556996	2.7294921875
2.557996	2.7392578125
2.558996	2.7490234375
2.559996	2.7685546875
2.560996	2.783203125
2.561996	2.7880859375
2.562996	2.7978515625
2.563996	2.8125
2.564996	2.822265625
2.565996	2.8271484375
2.567004	2.8369140625
2.567996	2.8466796875
2.569	2.8662109375
2.57	2.8759765625
2.571	2.87109375
2.572	2.8955078125
2.573	2.900390625
2.573996	2.9248046875
2.574996	2.9248046875
2.575996	2.939453125
2.576996	2.958984375
2.577996	2.96875
2.578996	2.9931640625
2.579996	3.0029296875
2.580996	3.0029296875
2.581996	3.02734375
2.582996	3.037109375
2.583996	3.056640625
2.584996	3.0615234375
2.585996	3.076171875
2.586996	3.0908203125
2.587996	3.1005859375
2.588996	3.115234375
2.589996	3.125
2.590996	3.1298828125
2.591996	3.14453125
2.592996	3.1591796875
2.593996	3.1689453125
2.594996	3.1787109375
2.595996	3.18359375
2.596996	3.2080078125
2.597996	3.212890625
2.598996	3.22265625
2.599996	3.2373046875
2.600996	3.2470703125
2.601996	3.251953125
2.602996	3.2666015625
2.603996	3.271484375
2.604996	3.271484375
2.605996	3.2861328125
2.606996	3.291015625
2.607996	3.3056640625
2.608996	3.30078125
2.61	3.3056640625
2.610996	3.310546875
2.612	3.3154296875
2.613	3.330078125
2.614	3.330078125
2.615	3.33984375
2.616	3.3349609375
2.616996	3.33984375
2.617996	3.3447265625
2.618996	3.3544921875
2.619996	3.3544921875
2.620996	3.359375
2.621996	3.359375
2.622996	3.3544921875
2.623996	3.359375
2.624996	3.3544921875
2.625996	3.3544921875
2.626996	3.359375
2.627996	3.3544921875
2.628996	3.349609375
2.629996	3.3447265625
2.630996	3.3447265625
2.631996	3.3447265625
2.632996	3.3447265625
2.633996	3.3349609375
2.634996	3.330078125
2.635996	3.330078125
2.636996	3.3251953125
2.637996	3.3056640625
2.638996	3.310546875
2.639996	3.2958984375
2.640996	3.30078125
2.641996	3.2861328125
2.642996	3.2861328125
2.643996	3.271484375
2.644996	3.271484375
2.645996	3.26171875
2.646996	3.2470703125
2.647996	3.2421875
2.648996	3.2373046875
2.649996	3.2275390625
2.650996	3.2080078125
2.651996	3.203125
2.653	3.1982421875
2.653996	3.1787109375
2.655	3.173828125
2.656	3.154296875
2.657	3.154296875
2.658	3.1396484375
2.659	3.1298828125
2.659996	3.1103515625
2.660996	3.1103515625
2.661996	3.095703125
2.662996	3.0859375
2.663996	3.0712890625
2.664996	3.06640625
2.665996	3.046875
2.666996	3.02734375
2.667996	3.017578125
2.668996	3.0078125
2.669996	2.98828125
2.670996	2.9833984375
2.671996	2.9736328125
2.672996	2.9541015625
2.673996	2.94921875
2.674996	2.9345703125
2.675996	2.919921875
2.676996	2.900390625
2.677996	2.890625
2.678996	2.880859375
2.679996	2.8759765625
2.680996	2.8662109375
2.681996	2.861328125
2.682996	2.8369140625
2.683996	2.8369140625
2.684996	2.8271484375
2.685996	2.8173828125
2.686996	2.8125
2.687996	2.79296875
2.688996	2.783203125
2.689996	2.7880859375
2.690996	2.7734375
2.691996	2.763671875
2.692996	2.744140625
2.693996	2.7294921875
2.695004	2.7294921875
2.695996	2.7197265625
2.697	2.7197265625
2.698	2.71484375
2.699	2.705078125
2.7	2.7001953125
2.701	2.7001953125
2.701996	2.7001953125
2.702996	2.6904296875
2.703996	2.685546875
2.704996	2.685546875
2.705996	2.6806640625
2.706996	2.6904296875
2.707996	2.6806640625
2.708996	2.685546875
2.709996	2.6904296875
2.710996	2.685546875
2.711996	2.685546875
2.712996	2.685546875
2.713996	2.685546875
2.714996	2.685546875
2.715996	2.6904296875
2.716996	2.6904296875
2.717996	2.6953125
2.718996	2.6953125
2.719996	2.7099609375
2.720996	2.7099609375
2.721996	2.71484375
2.722996	2.7197265625
2.723996	2.71484375
2.724996	2.724609375
2.725996	2.7294921875
2.726996	2.7392578125
2.727996	2.763671875
2.728996	2.7734375
2.729996	2.7880859375
2.730996	2.79296875
2.731996	2.79296875
2.732996	2.8173828125
2.733996	2.8173828125
2.734996	2.83203125
2.735996	2.8369140625
2.736996	2.8369140625
2.738	2.861328125
2.738996	2.8662109375
2.74	2.8759765625
2.741	2.8759765625
2.742	2.8955078125
2.743	2.9052734375
2.744	2.9150390625
2.744996	2.9296875
2.745996	2.9345703125
2.746996	2.94921875
2.747996	2.96875
2.748996	2.96875
2.749996	2.9833984375
2.750996	2.998046875
2.751996	3.0078125
2.752996	3.0322265625
2.753996	3.0419921875
2.754996	3.0517578125
2.755996	3.0712890625
2.756996	3.076171875
2.757996	3.0908203125
2.758996	3.095703125
2.759996	3.10546875
2.760996	3.1201171875
2.761996	3.1201171875
2.762996	3.134765625
2.763996	3.1494140625
2.764996	3.1640625
2.765996	3.1689453125
2.766996	3.18359375
2.767996	3.18359375
2.768996	3.1982421875
2.769996	3.2080078125
2.770996	3.22265625
2.771996	3.232421875
2.772996	3.2421875
2.773996	3.2421875
2.774996	3.251953125
2.775996	3.26171875
2.776996	3.2666015625
2.777996	3.2763671875
2.778996	3.28125
2.779996	3.2763671875
2.781	3.291015625
2.781996	3.291015625
2.783	3.30078125
2.784	3.30078125
2.785	3.30078125
2.786	3.310546875
2.787	3.310546875
2.787996	3.3154296875
2.788996	3.3203125
2.789996	3.3203125
2.790996	3.3251953125
2.791996	3.330078125
2.792996	3.3349609375
2.793996	3.3349609375
2.794996	3.3349609375
2.795996	3.33984375
2.796996	3.3349609375
2.797996	3.330078125
2.798996	3.3251953125
2.799996	3.3251953125
2.800996	3.3203125
2.801996	3.3251953125
2.802996	3.3203125
2.803996	3.3203125
2.804996	3.3154296875
2.805996	3.30078125
2.806996	3.30078125
2.807996	3.2958984375
2.808996	3.2958984375
2.809996	3.2861328125
2.810996	3.28125
2.811996	3.271484375
2.812996	3.271484375
2.813996	3.26171875
2.814996	3.2568359375
2.815996	3.2421875
2.816996	3.2470703125
2.817996	3.232421875
2.818996	3.2275390625
2.819996	3.2177734375
2.820996	3.1982421875
2.821996	3.203125
2.823004	3.193359375
2.823996	3.18359375
2.825	3.1689453125
2.826	3.1689453125
2.827	3.1396484375
2.828	3.14453125
2.829	3.125
2.829996	3.1201171875
2.830996	3.1103515625
2.831996	3.1005859375
2.832996	3.0859375
2.833996	3.0810546875
2.834996	3.06640625
2.835996	3.0615234375
2.836996	3.037109375
2.837996	3.017578125
2.838996	3.0126953125
2.839996	3.0029296875
2.840996	2.9931640625
2.841996	2.978515625
2.842996	2.96875
2.843996	2.9541015625
2.844996	2.9443359375
2.845996	2.9345703125
2.846996	2.919921875
2.847996	2.9150390625
2.848996	2.8955078125
2.849996	2.890625
2.850996	2.880859375
2.851996	2.87109375
2.852996	2.87109375
2.853996	2.8515625
2.854996	2.8515625
2.855996	2.8369140625
2.856996	2.8271484375
2.857996	2.8271484375
2.858996	2.8076171875
2.859996	2.8076171875
2.860996	2.7880859375
2.861996	2.79296875
2.862996	2.7880859375
2.863996	2.7734375
2.864996	2.7587890625
2.866	2.75390625
2.866996	2.744140625
2.868	2.7392578125
2.869	2.7294921875
2.87	2.71484375
2.871	2.7197265625
2.872	2.71484375
2.872996	2.71484375
2.873996	2.71484375
2.874996	2.705078125
2.875996	2.705078125
2.876996	2.7099609375
2.877996	2.7001953125
2.878996	2.705078125
2.879996	2.705078125
2.880996	2.705078125
2.881996	2.7001953125
2.882996	2.705078125
2.883996	2.7001953125
2.884996	2.7099609375
2.885996	2.71484375
2.886996	2.7099609375
2.887996	2.71484375
2.888996	2.71484375
2.889996	2.724609375
2.890996	2.724609375
2.891996	2.7294921875
2.892996	2.734375
2.893996	2.7392578125
2.894996	2.744140625
2.895996	2.7587890625
2.896996	2.7734375
2.897996	2.783203125
2.898996	2.783203125
2.899996	2.79296875
2.900996	2.802734375
2.901996	2.8076171875
2.902996	2.8173828125
2.903996	2.822265625
2.904996	2.83203125
2.905996	2.8466796875
2.906996	2.8515625
2.907996	2.861328125
2.909	2.87109375
2.909996	2.87109375
2.911	2.880859375
2.912	2.8955078125
2.913	2.9052734375
2.914	2.91015625
2.915	2.9248046875
2.915996	2.9248046875
2.916996	2.94921875
2.917996	2.958984375
2.918996	2.978515625
2.919996	2.9833984375
2.920996	2.9931640625
2.921996	3.0078125
2.922996	3.017578125
2.923996	3.02734375
2.924996	3.037109375
2.925996	3.0517578125
2.926996	3.0615234375
2.927996	3.076171875
2.928996	3.0810546875
2.929996	3.0908203125
2.930996	3.1005859375
2.931996	3.10546875
2.932996	3.1201171875
2.933996	3.134765625
2.934996	3.1494140625
2.935996	3.154296875
2.936996	3.1689453125
2.937996	3.1787109375
2.938996	3.18359375
2.939996	3.1884765625
2.940996	3.1982421875
2.941996	3.203125
2.942996	3.2177734375
2.943996	3.2275390625
2.944996	3.2373046875
2.945996	3.2470703125
2.946996	3.2470703125
2.947996	3.2470703125
2.948996	3.2568359375
2.949996	3.26171875
2.951004	3.2666015625
2.951996	3.2763671875
2.953	3.2763671875
2.954	3.2861328125
2.955	3.291015625
2.956	3.2958984375
2.957	3.30078125
2.957996	3.2958984375
2.958996	3.30078125
2.959996	3.2958984375
2.960996	3.30078125
2.961996	3.3056640625
2.962996	3.3056640625
2.963996	3.2958984375
2.964996	3.30078125
2.965996	3.30078125
2.966996	3.3056640625
2.967996	3.310546875
2.968996	3.3056640625
2.969996	3.3056640625
2.970996	3.310546875
2.971996	3.2958984375
2.972996	3.30078125
2.973996	3.2958984375
2.974996	3.291015625
2.975996	3.2958984375
2.976996	3.2861328125
2.977996	3.28125
2.978996	3.2763671875
2.979996	3.28125
2.980996	3.271484375
2.981996	3.2568359375
2.982996	3.26171875
2.983996	3.251953125
2.984996	3.2470703125
2.985996	3.2421875
2.986996	3.2421875
2.987996	3.2275390625
2.988996	3.22265625
2.989996	3.2080078125
2.990996	3.203125
2.991996	3.193359375
2.992996	3.193359375
2.994	3.1787109375
2.994996	3.173828125
2.996	3.154296875
2.997	3.14453125
2.998	3.14453125
2.999	3.1298828125
3.0	3.125
3.000996	3.115234375
3.001996	3.1005859375
3.002996	3.0908203125
3.003996	3.0810546875
3.004996	3.0712890625
3.005996	3.0712890625
3.006996	3.056640625
3.007996	3.037109375
3.008996	3.0224609375
3.009996	3.0078125
3.010996	3.0078125
3.011996	2.998046875
3.012996	2.9833984375
3.013996	2.9736328125
3.014996	2.958984375
3.015996	2.9541015625
3.016996	2.939453125
3.017996	2.919921875
3.018996	2.91015625
3.019996	2.9052734375
3.020996	2.8955078125
3.021996	2.8857421875
3.022996	2.8759765625
3.023996	2.861328125
3.024996	2.87109375
3.025996	2.8564453125
3.026996	2.841796875
3.027996	2.8466796875
3.028996	2.8271484375
3.029996	2.822265625
3.030996	2.8076171875
3.031996	2.8125
3.032996	2.802734375
3.033996	2.7880859375
3.034996	2.7978515625
3.035996	2.7880859375
3.037	2.7783203125
3.037996	2.7783203125
3.039	2.7685546875
3.04	2.763671875
3.041	2.75390625
3.042	2.7392578125
3.043	2.7392578125
3.043996	2.7392578125
3.044996	2.7294921875
3.045996	2.724609375
3.046996	2.724609375
3.047996	2.724609375
3.048996	2.724609375
3.049996	2.7294921875
3.050996	2.7197265625
3.051996	2.724609375
3.052996	2.7197265625
3.053996	2.7197265625
3.054996	2.724609375
3.055996	2.7294921875
3.056996	2.7294921875
3.057996	2.7294921875
3.058996	2.7392578125
3.059996	2.734375
3.060996	2.7392578125
3.061996	2.7490234375
3.062996	2.75390625
3.063996	2.763671875
3.064996	2.7783203125
3.065996	2.7734375
3.066996	2.783203125
3.067996	2.79296875
3.068996	2.7978515625
3.069996	2.802734375
3.070996	2.802734375
3.071996	2.822265625
3.072996	2.822265625
3.073996	2.8369140625
3.074996	2.8369140625
3.075996	2.841796875
3.076996	2.861328125
3.077996	2.8662109375
3.079004	2.87109375
3.079996	2.880859375
3.081	2.8857421875
3.082	2.890625
3.083	2.8955078125
3.084	2.9150390625
3.085	2.9150390625
3.085996	2.9345703125
3.086996	2.939453125
3.087996	2.94921875
3.088996	2.9638671875
3.089996	2.978515625
3.090996	2.9931640625
3.091996	3.0029296875
3.092996	3.0078125
3.093996	3.0224609375
3.094996	3.0322265625
3.095996	3.037109375
3.096996	3.0419921875
3.097996	3.056640625
3.098996	3.0712890625
3.099996	3.095703125
3.100996	3.095703125
3.101996	3.10546875
3.102996	3.115234375
3.103996	3.1298828125
3.104996	3.134765625
3.105996	3.1396484375
3.106996	3.1494140625
3.107996	3.1640625
3.108996	3.1689453125
3.109996	3.1787109375
3.110996	3.18359375
3.111996	3.1884765625
3.112996	3.193359375
3.113996	3.1982421875
3.114996	3.212890625
3.115996	3.22265625
3.116996	3.232421875
3.117996	3.232421875
3.118996	3.2373046875
3.119996	3.2470703125
3.120996	3.2568359375
3.122	3.26171875
3.122996	3.2568359375
3.124	3.271484375
3.125	3.2666015625
3.126	3.271484375
3.127	3.271484375
3.128	3.2763671875
3.128996	3.28125
3.129996	3.28125
3.130996	3.28125
3.131996	3.291015625
3.132996	3.291015625
3.133996	3.2958984375
3.134996	3.291015625
3.135996	3.2958984375
3.136996	3.2958984375
3.137996	3.2861328125
3.138996	3.2958984375
3.139996	3.2861328125
3.140996	3.291015625
3.141996	3.2861328125
3.142996	3.2763671875
3.143996	3.2763671875
3.144996	3.271484375
3.145996	3.28125
3.146996	3.271484375
3.147996	3.2763671875
3.148996	3.2666015625
3.149996	3.2568359375
3.150996	3.2568359375
3.151996	3.2568359375
3.152996	3.251953125
3.153996	3.2568359375
3.154996	3.2421875
3.155996	3.232421875
3.156996	3.2275390625
3.157996	3.2177734375
3.158996	3.2080078125
3.159996	3.193359375
3.160996	3.193359375
3.161996	3.1884765625
3.162996	3.18359375
3.163996	3.1787109375
3.165	3.1689453125
3.165996	3.154296875
3.167	3.1494140625
3.168	3.1494140625
3.169	3.1298828125
3.17	3.125
3.171	3.1103515625
3.171996	3.1005859375
3.172996	3.0908203125
3.173996	3.095703125
3.174996	3.0810546875
3.175996	3.0712890625
3.176996	3.0615234375
3.177996	3.0517578125
3.178996	3.0419921875
3.179996	3.02734375
3.180996	3.0029296875
3.181996	3.0029296875
3.182996	2.98828125
3.183996	2.9833984375
3.184996	2.9736328125
3.185996	2.9638671875
3.186996	2.94921875
3.187996	2.939453125
3.188996	2.9345703125
3.189996	2.9248046875
3.190996	2.91015625
3.191996	2.900390625
3.192996	2.8857421875
3.193996	2.880859375
3.194996	2.8759765625
3.195996	2.87109375
3.196996	2.861328125
3.197996	2.8564453125
3.198996	2.8564453125
3.199996	2.8466796875
3.200996	2.83203125
3.201996	2.822265625
3.202996	2.822265625
3.203996	2.822265625
3.204996	2.8125
3.205996	2.802734375
3.207004	2.79296875
3.207996	2.7978515625
3.209	2.7880859375
3.21	2.783203125
3.211	2.783203125
3.212	2.7783203125
3.213	2.7783203125
3.213996	2.763671875
3.214996	2.7587890625
3.215996	2.7587890625
3.216996	2.75390625
3.217996	2.7490234375
3.218996	2.7490234375
3.219996	2.7490234375
3.220996	2.7392578125
3.221996	2.744140625
3.222996	2.744140625
3.223996	2.7490234375
3.224996	2.744140625
3.225996	2.75390625
3.226996	2.7490234375
3.227996	2.7587890625
3.228996	2.763671875
3.229996	2.7734375
3.230996	2.7685546875
3.231996	2.7734375
3.232996	2.7783203125
3.233996	2.7880859375
3.234996	2.7880859375
3.235996	2.7880859375
3.236996	2.7880859375
3.237996	2.8076171875
3.238996	2.8125
3.239996	2.8125
3.240996	2.8271484375
3.241996	2.822265625
3.242996	2.8271484375
3.243996	2.841796875
3.244996	2.8466796875
3.245996	2.861328125
3.246996	2.8564453125
3.247996	2.8662109375
3.248996	2.87109375
3.25	2.880859375
3.250996	2.8857421875
3.252	2.8955078125
3.253	2.91015625
3.254	2.9150390625
3.255	2.9248046875
3.256	2.939453125
3.256996	2.9443359375
3.257996	2.9541015625
3.258996	2.96875
3.259996	2.9638671875
3.260996	2.98828125
3.261996	2.9931640625
3.262996	3.0029296875
3.263996	3.017578125
3.264996	3.0224609375
3.265996	3.0322265625
3.266996	3.0419921875
3.267996	3.0517578125
3.268996	3.0615234375
3.269996	3.076171875
3.270996	3.0810546875
3.271996	3.0908203125
3.272996	3.0908203125
3.273996	3.1005859375
3.274996	3.1298828125
3.275996	3.1201171875
3.276996	3.1396484375
3.277996	3.1494140625
3.278996	3.154296875
3.279996	3.1591796875
3.280996	3.1640625
3.281996	3.1689453125
3.282996	3.18359375
3.283996	3.193359375
3.284996	3.203125
3.285996	3.203125
3.286996	3.203125
3.287996	3.212890625
3.288996	3.22265625
3.289996	3.22265625
3.290996	3.2373046875
3.291996	3.2421875
3.293	3.251953125
3.293996	3.2470703125
3.295	3.2470703125
3.296	3.251953125
3.297	3.2666015625
3.298	3.26171875
3.299	3.271484375
3.299996	3.26171875
3.300996	3.271484375
3.301996	3.271484375
3.302996	3.271484375
3.303996	3.2763671875
3.304996	3.271484375
3.305996	3.28125
3.306996	3.271484375
3.307996	3.2763671875
3.308996	3.2763671875
3.309996	3.271484375
3.310996	3.2763671875
3.311996	3.2763671875
3.312996	3.271484375
3.313996	3.271484375
3.314996	3.26171875
3.315996	3.26171875
3.316996	3.26171875
3.317996	3.26171875
3.318996	3.26171875
3.319996	3.2470703125
3.320996	3.251953125
3.321996	3.2421875
3.322996	3.2421875
3.323996	3.232421875
3.324996	3.232421875
3.325996	3.2275390625
3.326996	3.2177734375
3.327996	3.212890625
3.328996	3.203125
3.329996	3.193359375
3.330996	3.1884765625
3.331996	3.1884765625
3.332996	3.173828125
3.333996	3.1787109375
3.335004	3.1689453125
3.335996	3.1591796875
3.337	3.1494140625
3.338	3.1396484375
3.339	3.134765625
3.34	3.125
3.341	3.1201171875
3.341996	3.10546875
3.342996	3.095703125
3.343996	3.095703125
3.344996	3.0810546875
3.345996	3.0712890625
3.346996	3.0615234375
3.347996	3.056640625
3.348996	3.0419921875
3.349996	3.02734375
3.350996	3.0224609375
3.351996	3.0126953125
3.352996	2.9931640625
3.353996	2.9931640625
3.354996	2.98828125
3.355996	2.9736328125
3.356996	2.958984375
3.357996	2.9443359375
3.358996	2.9443359375
3.359996	2.9296875
3.360996	2.9248046875
3.361996	2.919921875
3.362996	2.91015625
3.363996	2.8955078125
3.364996	2.890625
3.365996	2.8857421875
3.366996	2.880859375
3.367996	2.8759765625
3.368996	2.8662109375
3.369996	2.8564453125
3.370996	2.861328125
3.371996	2.8466796875
3.372996	2.8466796875
3.373996	2.8369140625
3.374996	2.8271484375
3.375996	2.8271484375
3.376996	2.8125
3.378	2.8076171875
3.378996	2.802734375
3.38	2.7978515625
3.381	2.7978515625
3.382	2.7978515625
3.383	2.79296875
3.384	2.7880859375
3.384996	2.783203125
3.385996	2.783203125
3.386996	2.7783203125
3.387996	2.7783203125
3.388996	2.7783203125
3.389996	2.7783203125
3.390996	2.7783203125
3.391996	2.7734375
3.392996	2.7783203125
3.393996	2.7783203125
3.394996	2.7734375
3.395996	2.7783203125
3.396996	2.783203125
3.397996	2.783203125
3.398996	2.7880859375
3.399996	2.7880859375
3.400996	2.783203125
3.401996	2.7978515625
3.402996	2.7880859375
3.403996	2.79296875
3.404996	2.7978515625
3.405996	2.802734375
3.406996	2.8076171875
3.407996	2.8125
3.408996	2.8271484375
3.409996	2.822265625
3.410996	2.83203125
3.411996	2.83203125
3.412996	2.8466796875
3.413996	2.8515625
3.414996	2.8466796875
3.415996	2.8564453125
3.416996	2.8662109375
3.417996	2.8759765625
3.418996	2.8759765625
3.419996	2.880859375
3.421	2.8955078125
3.421996	2.8955078125
3.423	2.9052734375
3.424	2.9150390625
3.425	2.9248046875
3.426	2.9296875
3.427	2.9345703125
3.427996	2.939453125
3.428996	2.9638671875
3.429996	2.9736328125
3.430996	2.9833984375
3.431996	2.98828125
3.432996	2.9931640625
3.433996	3.0029296875
3.434996	3.0126953125
3.435996	3.0224609375
3.436996	3.037109375
3.437996	3.046875
3.438996	3.056640625
3.439996	3.056640625
3.440996	3.0712890625
3.441996	3.0810546875
3.442996	3.0859375
3.443996	3.095703125
3.444996	3.1005859375
3.445996	3.1103515625
3.446996	3.115234375
3.447996	3.1298828125
3.448996	3.1298828125
3.449996	3.14453125
3.450996	3.154296875
3.451996	3.1591796875
3.452996	3.173828125
3.453996	3.1787109375
3.454996	3.18359375
3.455996	3.1884765625
3.456996	3.193359375
3.457996	3.203125
3.458996	3.1982421875
3.459996	3.2080078125
3.460996	3.212890625
3.461996	3.22265625
3.463004	3.232421875
3.463996	3.232421875
3.465	3.2373046875
3.466	3.2373046875
3.467	3.2421875
3.468	3.2470703125
3.469	3.2470703125
3.469996	3.2568359375
3.470996	3.251953125
3.471996	3.2568359375
3.472996	3.26171875
3.473996	3.251953125
3.474996	3.26171875
3.475996	3.2666015625
3.476996	3.2666015625
3.477996	3.2568359375
3.478996	3.26171875
3.479996	3.26171875
3.480996	3.2568359375
3.481996	3.251953125
3.482996	3.26171875
3.483996	3.26171875
3.484996	3.251953125
3.485996	3.251953125
3.486996	3.251953125
3.487996	3.251953125
3.488996	3.2470703125
3.489996	3.2373046875
3.490996	3.2421875
3.491996	3.2421875
3.492996	3.22265625
3.493996	3.2275390625
3.494996	3.22265625
3.495996	3.2177734375
3.496996	3.2080078125
3.497996	3.1982421875
3.498996	3.193359375
3.499996	3.193359375
3.500996	3.193359375
3.501996	3.1787109375
3.502996	3.1787109375
3.503996	3.1689453125
3.504996	3.1591796875
3.506	3.1494140625
3.506996	3.1494140625
3.508	3.1396484375
3.509	3.1298828125
3.51	3.125
3.511	3.1103515625
3.512	3.1005859375
3.512996	3.095703125
3.513996	3.095703125
3.514996	3.0859375
3.515996	3.0810546875
3.516996	3.0712890625
3.517996	3.0615234375
3.518996	3.0517578125
3.519996	3.0322265625
3.520996	3.02734375
3.521996	3.0224609375
3.522996	3.0078125
3.523996	3.0029296875
3.524996	2.9931640625
3.525996	2.978515625
3.526996	2.96875
3.527996	2.958984375
3.528996	2.9541015625
3.529996	2.94921875
3.530996	2.9443359375
3.531996	2.9248046875
3.532996	2.9248046875
3.533996	2.9150390625
3.534996	2.9052734375
3.535996	2.900390625
3.536996	2.8955078125
3.537996	2.8857421875
3.538996	2.880859375
3.539996	2.8662109375
3.540996	2.87109375
3.541996	2.861328125
3.542996	2.8466796875
3.543996	2.8515625
3.544996	2.8466796875
3.545996	2.8369140625
3.546996	2.8369140625
3.547996	2.8125
3.549	2.822265625
3.549996	2.822265625
3.551	2.822265625
3.552	2.8076171875
3.553	2.8076171875
3.554	2.802734375
3.555	2.79296875
3.555996	2.7978515625
3.556996	2.7978515625
3.557996	2.79296875
3.558996	2.79296875
3.559996	2.7880859375
3.560996	2.79296875
3.561996	2.783203125
3.562996	2.7880859375
3.563996	2.783203125
3.564996	2.783203125
3.565996	2.7978515625
3.566996	2.79296875
3.567996	2.7978515625
3.568996	2.7978515625
3.569996	2.79296875
3.570996	2.802734375
3.571996	2.7978515625
3.572996	2.7978515625
3.573996	2.8076171875
3.574996	2.8125
3.575996	2.8125
3.576996	2.8173828125
3.577996	2.822265625
3.578996	2.8271484375
3.579996	2.8369140625
3.580996	2.841796875
3.581996	2.8466796875
3.582996	2.8515625
3.583996	2.861328125
3.584996	2.861328125
3.585996	2.861328125
3.586996	2.87109375
3.587996	2.8759765625
3.588996	2.880859375
3.589996	2.890625
3.591004	2.890625
3.591996	2.900390625
3.593	2.91015625
3.594	2.919921875
3.595	2.9296875
3.596	2.9248046875
3.597	2.939453125
3.597996	2.9541015625
3.598996	2.958984375
3.599996	2.96875
3.600996	2.978515625
3.601996	2.9833984375
3.602996	2.9931640625
3.603996	3.0029296875
3.604996	3.017578125
3.605996	3.0126953125
3.606996	3.02734375
3.607996	3.0419921875
3.608996	3.0517578125
3.609996	3.0615234375
3.610996	3.06640625
3.611996	3.0712890625
3.612996	3.0859375
3.613996	3.0908203125
3.614996	3.0908203125
3.615996	3.10546875
3.616996	3.115234375
3.617996	3.1201171875
3.618996	3.1201171875
3.619996	3.1396484375
3.620996	3.1396484375
3.621996	3.1494140625
3.622996	3.154296875
3.623996	3.154296875
3.624996	3.1689453125
3.625996	3.173828125
3.626996	3.18359375
3.627996	3.18359375
3.628996	3.193359375
3.629996	3.1982421875
3.630996	3.193359375
3.631996	3.1982421875
3.632996	3.212890625
3.634	3.2177734375
3.634996	3.2177734375
3.636	3.22265625
3.637	3.22265625
3.638	3.232421875
3.639	3.2275390625
3.64	3.2373046875
3.640996	3.2421875
3.641996	3.2421875
3.642996	3.2421875
3.643996	3.2421875
3.644996	3.2421875
3.645996	3.251953125
3.646996	3.251953125
3.647996	3.2421875
3.648996	3.251953125
3.649996	3.2470703125
3.650996	3.251953125
3.651996	3.2470703125
3.652996	3.2373046875
3.653996	3.2470703125
3.654996	3.2373046875
3.655996	3.2470703125
3.656996	3.2470703125
3.657996	3.2421875
3.658996	3.2373046875
3.659996	3.2373046875
3.660996	3.2275390625
3.661996	3.2177734375
3.662996	3.2275390625
3.663996	3.212890625
3.664996	3.203125
3.665996	3.2080078125
3.666996	3.1982421875
3.667996	3.1884765625
3.668996	3.1982421875
3.669996	3.1884765625
3.670996	3.18359375
3.671996	3.1787109375
3.672996	3.173828125
3.673996	3.1640625
3.674996	3.154296875
3.675996	3.1494140625
3.677	3.134765625
3.677996	3.1396484375
3.679	3.125
3.68	3.125
3.681	3.10546875
3.682	3.10546875
3.683	3.1005859375
3.683996	3.095703125
3.684996	3.0908203125
3.685996	3.0859375
3.686996	3.076171875
3.687996	3.0615234375
3.688996	3.056640625
3.689996	3.0419921875
3.690996	3.0322265625
3.691996	3.0224609375
3.692996	3.0126953125
3.693996	3.0078125
3.694996	2.998046875
3.695996	2.98828125
3.696996	2.98828125
3.697996	2.9736328125
3.698996	2.9638671875
3.699996	2.958984375
3.700996	2.9443359375
3.701996	2.9443359375
3.702996	2.939453125
3.703996	2.919921875
3.704996	2.919921875
3.705996	2.9052734375
3.706996	2.9052734375
3.707996	2.8955078125
3.708996	2.890625
3.709996	2.8857421875
3.710996	2.8759765625
3.711996	2.8662109375
3.712996	2.8662109375
3.713996	2.861328125
3.714996	2.861328125
3.715996	2.841796875
3.716996	2.8466796875
3.717996	2.83203125
3.719004	2.8369140625
3.719996	2.8369140625
3.721	2.83203125
3.722	2.8271484375
3.723	2.8173828125
3.724	2.8125
3.725	2.8125
3.725996	2.8125
3.726996	2.8125
3.727996	2.8125
3.728996	2.8076171875
3.729996	2.8076171875
3.730996	2.7978515625
3.731996	2.7978515625
3.732996	2.802734375
3.733996	2.802734375
3.734996	2.7978515625
3.735996	2.7978515625
3.736996	2.802734375
3.737996	2.8076171875
3.738996	2.8076171875
3.739996	2.8076171875
3.740996	2.8125
3.741996	2.8076171875
3.742996	2.8173828125
3.743996	2.822265625
3.744996	2.8271484375
3.745996	2.8271484375
3.746996	2.8271484375
3.747996	2.8271484375
3.748996	2.841796875
3.749996	2.841796875
3.750996	2.841796875
3.751996	2.841796875
3.752996	2.8564453125
3.753996	2.8515625
3.754996	2.8662109375
3.755996	2.87109375
3.756996	2.8662109375
3.757996	2.8759765625
3.758996	2.8857421875
3.759996	2.890625
3.760996	2.8955078125
3.762	2.9052734375
3.762996	2.9052734375
3.764	2.9052734375
3.765	2.9248046875
3.766	2.9345703125
3.767	2.9345703125
3.768	2.94921875
3.768996	2.94921875
3.769996	2.958984375
3.770996	2.96875
3.771996	2.9833984375
3.772996	2.9931640625
3.773996	2.998046875
3.774996	3.0029296875
3.775996	3.0224609375
3.776996	3.02734375
3.777996	3.0419921875
3.778996	3.037109375
3.779996	3.046875
3.780996	3.056640625
3.781996	3.056640625
3.782996	3.0810546875
3.783996	3.0810546875
3.784996	3.0908203125
3.785996	3.0859375
3.786996	3.095703125
3.787996	3.10546875
3.788996	3.10546875
3.789996	3.125
3.790996	3.134765625
3.791996	3.134765625
3.792996	3.14453125
3.793996	3.14453125
3.794996	3.1494140625
3.795996	3.154296875
3.796996	3.1689453125
3.797996	3.173828125
3.798996	3.1787109375
3.799996	3.1787109375
3.800996	3.193359375
3.801996	3.1982421875
3.802996	3.203125
3.803996	3.1982421875
3.805	3.2080078125
3.805996	3.212890625
3.807	3.2177734375
3.808	3.2177734375
3.809	3.22265625
3.81	3.2275390625
3.811	3.232421875
3.811996	3.2275390625
3.812996	3.232421875
3.813996	3.232421875
3.814996	3.232421875
3.815996	3.232421875
3.816996	3.2470703125
3.817996	3.2373046875
3.818996	3.2470703125
3.819996	3.2421875
3.820996	3.2373046875
3.821996	3.2373046875
3.822996	3.2373046875
3.823996	3.232421875
3.824996	3.232421875
3.825996	3.2373046875
3.826996	3.232421875
3.827996	3.2275390625
3.828996	3.22265625
3.829996	3.2275390625
3.830996	3.2177734375
3.831996	3.212890625
3.832996	3.203125
3.833996	3.2080078125
3.834996	3.1982421875
3.835996	3.1982421875
3.836996	3.1982421875
3.837996	3.193359375
3.838996	3.18359375
3.839996	3.1787109375
3.840996	3.1787109375
3.841996	3.1689453125
3.842996	3.1640625
3.843996	3.154296875
3.844996	3.154296875
3.845996	3.14453125
3.847004	3.134765625
3.847996	3.1298828125
3.849	3.125
3.85	3.1201171875
3.851	3.115234375
3.852	3.10546875
3.853	3.095703125
3.853996	3.0908203125
3.854996	3.0908203125
3.855996	3.0810546875
3.856996	3.076171875
3.857996	3.0615234375
3.858996	3.056640625
3.859996	3.046875
3.860996	3.037109375
3.861996	3.02734375
3.862996	3.0224609375
3.863996	3.0078125
3.864996	3.0029296875
3.865996	2.998046875
3.866996	2.98828125
3.867996	2.978515625
3.868996	2.9736328125
3.869996	2.9638671875
3.870996	2.9541015625
3.871996	2.9443359375
3.872996	2.939453125
3.873996	2.9345703125
3.874996	2.9296875
3.875996	2.919921875
3.876996	2.91015625
3.877996	2.9052734375
3.878996	2.8955078125
3.879996	2.8857421875
3.880996	2.880859375
3.881996	2.87109375
3.882996	2.8759765625
3.883996	2.87109375
3.884996	2.87109375
3.885996	2.87109375
3.886996	2.861328125
3.887996	2.8515625
3.888996	2.861328125
3.89	2.8466796875
3.890996	2.8466796875
3.892	2.841796875
3.893	2.8271484375
3.894	2.8369140625
3.895	2.822265625
3.896	2.8271484375
3.896996	2.8173828125
3.897996	2.8173828125
3.898996	2.8173828125
3.899996	2.822265625
3.900996	2.8173828125
3.901996	2.822265625
3.902996	2.822265625
3.903996	2.8076171875
3.904996	2.8125
3.905996	2.8125
3.906996	2.8173828125
3.907996	2.822265625
3.908996	2.8173828125
3.909996	2.822265625
3.910996	2.8271484375
3.911996	2.822265625
3.912996	2.822265625
3.913996	2.8369140625
3.914996	2.8369140625
3.915996	2.83203125
3.916996	2.841796875
3.917996	2.8369140625
3.918996	2.841796875
3.919996	2.8515625
3.920996	2.8466796875
3.921996	2.8564453125
3.922996	2.861328125
3.923996	2.861328125
3.924996	2.8759765625
3.925996	2.8759765625
3.926996	2.87109375
3.927996	2.8759765625
3.928996	2.8857421875
3.929996	2.890625
3.930996	2.890625
3.931996	2.91015625
3.933	2.91015625
3.933996	2.919921875
3.935	2.919921875
3.936	2.9248046875
3.937	2.9345703125
3.938	2.939453125
3.939	2.9541015625
3.939996	2.96875
3.940996	2.9736328125
3.941996	2.9833984375
3.942996	2.98828125
3.943996	2.9931640625
3.944996	3.0029296875
3.945996	3.0078125
3.946996	3.0126953125
3.947996	3.0322265625
3.948996	3.037109375
3.949996	3.0419921875
3.950996	3.046875
3.951996	3.0517578125
3.952996	3.056640625
3.953996	3.0712890625
3.954996	3.0810546875
3.955996	3.0810546875
3.956996	3.0908203125
3.957996	3.1005859375
3.958996	3.10546875
3.959996	3.1103515625
3.960996	3.1201171875
3.961996	3.1298828125
3.962996	3.125
3.963996	3.1396484375
3.964996	3.1494140625
3.965996	3.154296875
3.966996	3.1591796875
3.967996	3.1689453125
3.968996	3.173828125
3.969996	3.1787109375
3.970996	3.173828125
3.971996	3.1787109375
3.972996	3.193359375
3.973996	3.193359375
3.975004	3.1982421875
3.975996	3.1982421875
3.977	3.193359375
3.978	3.1982421875
3.979	3.2080078125
3.98	3.212890625
3.981	3.203125
3.981996	3.212890625
3.982996	3.2177734375
3.983996	3.2177734375
3.984996	3.22265625
3.985996	3.2275390625
3.986996	3.2275390625
3.987996	3.232421875
3.988996	3.22265625
3.989996	3.22265625
3.990996	3.2275390625
3.991996	3.232421875
3.992996	3.2275390625
3.993996	3.22265625
3.994996	3.2275390625
3.995996	3.2177734375
3.996996	3.2177734375
3.997996	3.2177734375
3.998996	3.212890625
3.999996	3.203125
4.000996	3.203125
4.001996	3.203125
4.002996	3.1982421875
4.003996	3.193359375
4.004996	3.1982421875
4.005996	3.1884765625
4.006996	3.18359375
4.007996	3.18359375
4.008996	3.1787109375
4.009996	3.173828125
4.010996	3.1689453125
4.011996	3.1591796875
4.012996	3.154296875
4.013996	3.154296875
4.014996	3.1494140625
4.015996	3.134765625
4.016996	3.1396484375
4.018	3.1298828125
4.018996	3.125
4.02	3.115234375
4.021	3.1103515625
4.022	3.115234375
4.023	3.095703125
4.024	3.0859375
4.024996	3.0908203125
4.025996	3.0810546875
4.026996	3.076171875
4.027996	3.0615234375
4.028996	3.0615234375
4.029996	3.0517578125
4.030996	3.037109375
4.031996	3.0322265625
4.032996	3.02734375
4.033996	3.0126953125
4.034996	3.017578125
4.035996	3.0029296875
4.036996	2.98828125
4.037996	2.9931640625
4.038996	2.9833984375
4.039996	2.9736328125
4.040996	2.9638671875
4.041996	2.958984375
4.042996	2.94921875
4.043996	2.94921875
4.044996	2.939453125
4.045996	2.9296875
4.046996	2.9150390625
4.047996	2.9150390625
4.048996	2.900390625
4.049996	2.8955078125
4.050996	2.8955078125
4.051996	2.890625
4.052996	2.880859375
4.053996	2.8759765625
4.054996	2.8857421875
4.055996	2.8759765625
4.056996	2.87109375
4.057996	2.87109375
4.058996	2.8662109375
4.059996	2.8564453125
4.061	2.861328125
4.061996	2.8564453125
4.063	2.8515625
4.064	2.8369140625
4.065	2.8466796875
4.066	2.8466796875
4.067	2.8369140625
4.067996	2.8271484375
4.068996	2.8369140625
4.069996	2.83203125
4.070996	2.83203125
4.071996	2.83203125
4.072996	2.8271484375
4.073996	2.822265625
4.074996	2.8271484375
4.075996	2.83203125
4.076996	2.822265625
4.077996	2.83203125
4.078996	2.83203125
4.079996	2.8369140625
4.080996	2.8271484375
4.081996	2.8369140625
4.082996	2.83203125
4.083996	2.83203125
4.084996	2.8466796875
4.085996	2.841796875
4.086996	2.841796875
4.087996	2.8515625
4.088996	2.861328125
4.089996	2.861328125
4.090996	2.8515625
4.091996	2.861328125
4.092996	2.87109375
4.093996	2.87109375
4.094996	2.8662109375
4.095996	2.880859375
4.096996	2.8759765625
4.097996	2.880859375
4.098996	2.890625
4.099996	2.890625
4.100996	2.9052734375
4.101996	2.900390625
4.103004	2.919921875
4.103996	2.9248046875
4.105	2.9248046875
4.106	2.939453125
4.107	2.9443359375
4.108	2.94921875
4.109	2.9541015625
4.109996	2.958984375
4.110996	2.9736328125
4.111996	2.9736328125
4.112996	2.9833984375
4.113996	2.9931640625
4.114996	2.9931640625
4.115996	3.0078125
4.116996	3.0126953125
4.117996	3.02734375
4.118996	3.0322265625
4.119996	3.0322265625
4.120996	3.046875
4.121996	3.0517578125
4.122996	3.0517578125
4.123996	3.06640625
4.124996	3.076171875
4.125996	3.0908203125
4.126996	3.0908203125
4.127996	3.0908203125
4.128996	3.095703125
4.129996	3.1103515625
4.130996	3.10546875
4.131996	3.1201171875
4.132996	3.125
4.133996	3.1298828125
4.134996	3.1396484375
4.135996	3.14453125
4.136996	3.14453125
4.137996	3.1494140625
4.138996	3.154296875
4.139996	3.1591796875
4.140996	3.1689453125
4.141996	3.173828125
4.142996	3.1787109375
4.143996	3.1787109375
4.144996	3.18359375
4.146	3.1884765625
4.146996	3.1884765625
4.148	3.193359375
4.149	3.1982421875
4.15	3.1982421875
4.151	3.203125
4.152	3.2080078125
4.152996	3.2080078125
4.153996	3.203125
4.154996	3.2080078125
4.155996	3.2080078125
4.156996	3.212890625
4.157996	3.212890625
4.158996	3.2080078125
4.159996	3.2177734375
4.160996	3.2177734375
4.161996	3.203125
4.162996	3.2080078125
4.163996	3.212890625
4.164996	3.2080078125
4.165996	3.2080078125
4.166996	3.2080078125
4.167996	3.2080078125
4.168996	3.1982421875
4.169996	3.203125
4.170996	3.1982421875
4.171996	3.1982421875
4.172996	3.1982421875
4.173996	3.1884765625
4.174996	3.193359375
4.175996	3.1884765625
4.176996	3.1787109375
4.177996	3.173828125
4.178996	3.173828125
4.179996	3.1640625
4.180996	3.1591796875
4.181996	3.1591796875
4.182996	3.154296875
4.183996	3.1494140625
4.184996	3.14453125
4.185996	3.14453125
4.186996	3.1298828125
4.187996	3.1298828125
4.189	3.1201171875
4.189996	3.115234375
4.191	3.1103515625
4.192	3.095703125
4.193	3.1005859375
4.194	3.095703125
4.195	3.095703125
4.195996	3.0810546875
4.196996	3.076171875
4.197996	3.0615234375
4.198996	3.056640625
4.199996	3.056640625
4.200996	3.0419921875
4.201996	3.0419921875
4.202996	3.02734375
4.203996	3.0224609375
4.204996	3.0126953125
4.205996	2.998046875
4.206996	2.998046875
4.207996	2.9931640625
4.208996	2.9833984375
4.209996	2.9736328125
4.210996	2.9736328125
4.211996	2.9638671875
4.212996	2.9638671875
4.213996	2.94921875
4.214996	2.939453125
4.215996	2.9345703125
4.216996	2.9345703125
4.217996	2.919921875
4.218996	2.919921875
4.219996	2.9150390625
4.220996	2.9052734375
4.221996	2.900390625
4.222996	2.8955078125
4.223996	2.890625
4.224996	2.8857421875
4.225996	2.8759765625
4.226996	2.8759765625
4.227996	2.8759765625
4.228996	2.8759765625
4.229996	2.87109375
4.231004	2.87109375
4.231996	2.8662109375
4.233	2.8662109375
4.234	2.8564453125
4.235	2.8564453125
4.236	2.8564453125
4.237	2.8564453125
4.237996	2.8466796875
4.238996	2.8466796875
4.239996	2.83203125
4.240996	2.8369140625
4.241996	2.8369140625
4.242996	2.83203125
4.243996	2.83203125
4.244996	2.841796875
4.245996	2.841796875
4.246996	2.8369140625
4.247996	2.83203125
4.248996	2.8369140625
4.249996	2.841796875
4.250996	2.8466796875
4.251996	2.841796875
4.252996	2.841796875
4.253996	2.841796875
4.254996	2.8515625
4.255996	2.861328125
4.256996	2.8564453125
4.257996	2.861328125
4.258996	2.8662109375
4.259996	2.8662109375
4.260996	2.87109375
4.261996	2.87109375
4.262996	2.87109375
4.263996	2.8759765625
4.264996	2.8759765625
4.265996	2.8857421875
4.266996	2.8857421875
4.267996	2.890625
4.268996	2.890625
4.269996	2.8955078125
4.270996	2.900390625
4.271996	2.91015625
4.272996	2.9150390625
4.274	2.9248046875
4.274996	2.9296875
4.276	2.9345703125
4.277	2.939453125
4.278	2.9541015625
4.279	2.94921875
4.28	2.9638671875
4.280996	2.9736328125
4.281996	2.96875
4.282996	2.98828125
4.283996	2.9931640625
4.284996	2.998046875
4.285996	3.0078125
4.286996	3.0126953125
4.287996	3.0224609375
4.288996	3.02734375
4.289996	3.0224609375
4.290996	3.0419921875
4.291996	3.046875
4.292996	3.056640625
4.293996	3.056640625
4.294996	3.06640625
4.295996	3.076171875
4.296996	3.076171875
4.297996	3.0908203125
4.298996	3.0908203125
4.299996	3.1005859375
4.300996	3.10546875
4.301996	3.1103515625
4.302996	3.125
4.303996	3.125
4.304996	3.125
4.305996	3.134765625
4.306996	3.1396484375
4.307996	3.14453125
4.308996	3.1494140625
4.309996	3.1591796875
4.310996	3.1591796875
4.311996	3.1591796875
4.312996	3.1640625
4.313996	3.1689453125
4.314996	3.1787109375
4.315996	3.1787109375
4.317	3.1884765625
4.317996	3.1884765625
4.319	3.1884765625
4.32	3.1982421875
4.321	3.1884765625
4.322	3.193359375
4.323	3.1982421875
4.323996	3.1982421875
4.324996	3.1982421875
4.325996	3.203125
4.326996	3.1982421875
4.327996	3.203125
4.328996	3.203125
4.329996	3.203125
4.330996	3.193359375
4.331996	3.203125
4.332996	3.203125
4.333996	3.203125
4.334996	3.193359375
4.335996	3.193359375
4.336996	3.193359375
4.337996	3.193359375
4.338996	3.1982421875
4.339996	3.1884765625
4.340996	3.193359375
4.341996	3.1884765625
4.342996	3.193359375
4.343996	3.1884765625
4.344996	3.1787109375
4.345996	3.173828125
4.346996	3.1689453125
4.347996	3.173828125
4.348996	3.1689453125
4.349996	3.1640625
4.350996	3.154296875
4.351996	3.154296875
4.352996	3.154296875
4.353996	3.1494140625
4.354996	3.14453125
4.355996	3.1396484375
4.356996	3.1298828125
4.357996	3.125
4.359004	3.115234375
4.359996	3.10546875
4.361	3.1103515625
4.362	3.10546875
4.363	3.095703125
4.364	3.0859375
4.365	3.0859375
4.365996	3.076171875
4.366996	3.076171875
4.367996	3.06640625
4.368996	3.0615234375
4.369996	3.056640625
4.370996	3.0517578125
4.371996	3.0419921875
4.372996	3.0322265625
4.373996	3.0224609375
4.374996	3.017578125
4.375996	3.0126953125
4.376996	3.0078125
4.377996	2.998046875
4.378996	2.98828125
4.379996	2.9833984375
4.380996	2.9833984375
4.381996	2.9736328125
4.382996	2.9638671875
4.383996	2.9541015625
4.384996	2.94921875
4.385996	2.9443359375
4.386996	2.939453125
4.387996	2.9248046875
4.388996	2.9296875
4.389996	2.9248046875
4.390996	2.919921875
4.391996	2.9052734375
4.392996	2.9052734375
4.393996	2.900390625
4.394996	2.8955078125
4.395996	2.890625
4.396996	2.880859375
4.397996	2.8759765625
4.398996	2.880859375
4.399996	2.8759765625
4.400996	2.87109375
4.402	2.8759765625
4.402996	2.8662109375
4.404	2.8662109375
4.405	2.87109375
4.406	2.861328125
4.407	2.8564453125
4.408	2.861328125
4.408996	2.8564453125
4.409996	2.8515625
4.410996	2.8564453125
4.411996	2.861328125
4.412996	2.8515625
4.413996	2.8515625
4.414996	2.8466796875
4.415996	2.841796875
4.416996	2.8466796875
4.417996	2.841796875
4.418996	2.8515625
4.419996	2.8515625
4.420996	2.8564453125
4.421996	2.8515625
4.422996	2.8564453125
4.423996	2.861328125
4.424996	2.8564453125
4.425996	2.8564453125
4.426996	2.861328125
4.427996	2.8662109375
4.428996	2.861328125
4.429996	2.861328125
4.430996	2.87109375
4.431996	2.8759765625
4.432996	2.8759765625
4.433996	2.880859375
4.434996	2.880859375
4.435996	2.8857421875
4.436996	2.890625
4.437996	2.8955078125
4.438996	2.8955078125
4.439996	2.900390625
4.440996	2.91015625
4.441996	2.9150390625
4.442996	2.919921875
4.443996	2.9150390625
4.445	2.9296875
4.445996	2.9345703125
4.447	2.9443359375
4.448	2.94921875
4.449	2.958984375
4.45	2.958984375
4.451	2.9736328125
4.451996	2.9736328125
4.452996	2.978515625
4.453996	2.98828125
4.454996	2.998046875
4.455996	3.0029296875
4.456996	3.0126953125
4.457996	3.017578125
4.458996	3.0224609375
4.459996	3.0224609375
4.460996	3.037109375
4.461996	3.0419921875
4.462996	3.0517578125
4.463996	3.0517578125
4.464996	3.0615234375
4.465996	3.0712890625
4.466996	3.0712890625
4.467996	3.0859375
4.468996	3.0908203125
4.469996	3.1005859375
4.470996	3.1005859375
4.471996	3.1005859375
4.472996	3.1103515625
4.473996	3.1103515625
4.474996	3.1201171875
4.475996	3.1201171875
4.476996	3.1298828125
4.477996	3.1396484375
4.478996	3.14453125
4.479996	3.1494140625
4.480996	3.1494140625
4.481996	3.154296875
4.482996	3.154296875
4.483996	3.1591796875
4.484996	3.173828125
4.485996	3.1689453125
4.487004	3.1689453125
4.487996	3.1689453125
4.489	3.173828125
4.49	3.173828125
4.491	3.1787109375
4.492	3.1787109375
4.493	3.18359375
4.493996	3.193359375
4.494996	3.193359375
4.495996	3.193359375
4.496996	3.1884765625
4.497996	3.1982421875
4.498996	3.193359375
4.499996	3.193359375
4.500996	3.1982421875
4.501996	3.193359375
4.502996	3.193359375
4.503996	3.203125
4.504996	3.193359375
4.505996	3.193359375
4.506996	3.1982421875
4.507996	3.193359375
4.508996	3.193359375
4.509996	3.193359375
4.510996	3.1787109375
4.511996	3.1787109375
4.512996	3.1787109375
4.513996	3.173828125
4.514996	3.1787109375
4.515996	3.173828125
4.516996	3.1591796875
4.517996	3.1689453125
4.518996	3.1640625
4.519996	3.1494140625
4.520996	3.154296875
4.521996	3.154296875
4.522996	3.14453125
4.523996	3.1396484375
4.524996	3.1396484375
4.525996	3.134765625
4.526996	3.1298828125
4.527996	3.125
4.528996	3.1201171875
4.53	3.10546875
4.530996	3.1103515625
4.532	3.1005859375
4.533	3.0908203125
4.534	3.0908203125
4.535	3.0908203125
4.536	3.0859375
4.536996	3.076171875
4.537996	3.0615234375
4.538996	3.0615234375
4.539996	3.0615234375
4.540996	3.0517578125
4.541996	3.0419921875
4.542996	3.037109375
4.543996	3.02734375
4.544996	3.0224609375
4.545996	3.017578125
4.546996	2.998046875
4.547996	3.0029296875
4.548996	2.9931640625
4.549996	2.98828125
4.550996	2.98828125
4.551996	2.9736328125
4.552996	2.9736328125
4.553996	2.96875
4.554996	2.9541015625
4.555996	2.94921875
4.556996	2.94921875
4.557996	2.9443359375
4.558996	2.9296875
4.559996	2.9248046875
4.560996	2.919921875
4.561996	2.9248046875
4.562996	2.91015625
4.563996	2.900390625
4.564996	2.91015625
4.565996	2.900390625
4.566996	2.890625
4.567996	2.890625
4.568996	2.8857421875
4.569996	2.880859375
4.570996	2.8759765625
4.571996	2.8759765625
4.573	2.87109375
4.573996	2.880859375
4.575	2.87109375
4.576	2.8759765625
4.577	2.8662109375
4.578	2.861328125
4.579	2.8662109375
4.579996	2.861328125
4.580996	2.861328125
4.581996	2.8662109375
4.582996	2.861328125
4.583996	2.8564453125
4.584996	2.8564453125
4.585996	2.8564453125
4.586996	2.861328125
4.587996	2.8564453125
4.588996	2.861328125
4.589996	2.8515625
4.590996	2.8564453125
4.591996	2.861328125
4.592996	2.8662109375
4.593996	2.8564453125
4.594996	2.861328125
4.595996	2.861328125
4.596996	2.861328125
4.597996	2.87109375
4.598996	2.87109375
4.599996	2.8759765625
4.600996	2.8759765625
4.601996	2.8759765625
4.602996	2.880859375
4.603996	2.880859375
4.604996	2.8857421875
4.605996	2.880859375
4.606996	2.8955078125
4.607996	2.890625
4.608996	2.9052734375
4.609996	2.91015625
4.610996	2.9052734375
4.611996	2.9150390625
4.612996	2.9150390625
4.613996	2.919921875
4.615004	2.9296875
4.615996	2.939453125
4.617	2.9443359375
4.618	2.94921875
4.619	2.958984375
4.62	2.9638671875
4.621	2.9736328125
4.621996	2.9736328125
4.622996	2.98828125
4.623996	2.9833984375
4.624996	2.9931640625
4.625996	2.998046875
4.626996	2.998046875
4.627996	3.017578125
4.628996	3.0224609375
4.629996	3.0224609375
4.630996	3.02734375
4.631996	3.0419921875
4.632996	3.046875
4.633996	3.0517578125
4.634996	3.056640625
4.635996	3.0615234375
4.636996	3.06640625
4.637996	3.0810546875
4.638996	3.0859375
4.639996	3.0908203125
4.640996	3.0908203125
4.641996	3.095703125
4.642996	3.1005859375
4.643996	3.10546875
4.644996	3.10546875
4.645996	3.115234375
4.646996	3.1201171875
4.647996	3.125
4.648996	3.125
4.649996	3.134765625
4.650996	3.14453125
4.651996	3.14453125
4.652996	3.154296875
4.653996	3.154296875
4.654996	3.1591796875
4.655996	3.1591796875
4.656996	3.1640625
4.658	3.1591796875
4.658996	3.1689453125
4.66	3.1689453125
4.661	3.1787109375
4.662	3.173828125
4.663	3.1689453125
4.664	3.18359375
4.664996	3.18359375
4.665996	3.18359375
4.666996	3.1787109375
4.667996	3.173828125
4.668996	3.1884765625
4.669996	3.1884765625
4.670996	3.1884765625
4.671996	3.1884765625
4.672996	3.1884765625
4.673996	3.1884765625
4.674996	3.18359375
4.675996	3.18359375
4.676996	3.18359375
4.677996	3.18359375
4.678996	3.173828125
4.679996	3.1787109375
4.680996	3.173828125
4.681996	3.1787109375
4.682996	3.173828125
4.683996	3.1787109375
4.684996	3.173828125
4.685996	3.173828125
4.686996	3.1689453125
4.687996	3.1591796875
4.688996	3.154296875
4.689996	3.154296875
4.690996	3.154296875
4.691996	3.154296875
4.692996	3.1396484375
4.693996	3.134765625
4.694996	3.1396484375
4.695996	3.1298828125
4.696996	3.1298828125
4.697996	3.1298828125
4.698996	3.1201171875
4.699996	3.115234375
4.701	3.1005859375
4.701996	3.1005859375
4.703	3.095703125
4.704	3.0908203125
4.705	3.0908203125
4.706	3.0859375
4.707	3.0810546875
4.707996	3.06640625
4.708996	3.0615234375
4.709996	3.06640625
4.710996	3.056640625
4.711996	3.0419921875
4.712996	3.037109375
4.713996	3.02734375
4.714996	3.02734375
4.715996	3.0224609375
4.716996	3.0126953125
4.717996	3.0029296875
4.718996	3.0029296875
4.719996	2.9931640625
4.720996	2.9833984375
4.721996	2.98828125
4.722996	2.978515625
4.723996	2.9736328125
4.724996	2.958984375
4.725996	2.958984375
4.726996	2.9443359375
4.727996	2.94921875
4.728996	2.939453125
4.729996	2.9248046875
4.730996	2.9248046875
4.731996	2.9296875
4.732996	2.9248046875
4.733996	2.9150390625
4.734996	2.9150390625
4.735996	2.91015625
4.736996	2.9052734375
4.737996	2.8955078125
4.738996	2.890625
4.739996	2.890625
4.740996	2.890625
4.741996	2.880859375
4.743004	2.8759765625
4.743996	2.8759765625
4.745	2.8759765625
4.746	2.8759765625
4.747	2.8759765625
4.748	2.87109375
4.749	2.8662109375
4.749996	2.87109375
4.750996	2.8662109375
4.751996	2.87109375
4.752996	2.87109375
4.753996	2.861328125
4.754996	2.861328125
4.755996	2.861328125
4.756996	2.861328125
4.757996	2.8662109375
4.758996	2.8662109375
4.759996	2.8662109375
4.760996	2.87109375
4.761996	2.8662109375
4.762996	2.8662109375
4.763996	2.8662109375
4.764996	2.8759765625
4.765996	2.87109375
4.766996	2.8662109375
4.767996	2.8759765625
4.768996	2.8662109375
4.769996	2.880859375
4.770996	2.8759765625
4.771996	2.8759765625
4.772996	2.8759765625
4.773996	2.890625
4.774996	2.890625
4.775996	2.890625
4.776996	2.890625
4.777996	2.900390625
4.778996	2.9052734375
4.779996	2.9052734375
4.780996	2.91015625
4.781996	2.919921875
4.782996	2.9248046875
4.783996	2.9296875
4.784996	2.9345703125
4.786	2.939453125
4.786996	2.939453125
4.788	2.9541015625
4.789	2.958984375
4.79	2.96875
4.791	2.9736328125
4.792	2.978515625
4.792996	2.9833984375
4.793996	2.98828125
4.794996	2.9931640625
4.795996	2.998046875
4.796996	2.998046875
4.797996	3.0126953125
4.798996	3.0078125
4.799996	3.017578125
4.800996	3.0322265625
4.801996	3.0322265625
4.802996	3.046875
4.803996	3.0419921875
4.804996	3.046875
4.805996	3.0615234375
4.806996	3.06640625
4.807996	3.056640625
4.808996	3.076171875
4.809996	3.0810546875
4.810996	3.0859375
4.811996	3.0859375
4.812996	3.095703125
4.813996	3.095703125
4.814996	3.10546875
4.815996	3.10546875
4.816996	3.115234375
4.817996	3.1201171875
4.818996	3.125
4.819996	3.125
4.820996	3.134765625
4.821996	3.134765625
4.822996	3.14453125
4.823996	3.14453125
4.824996	3.14453125
4.825996	3.14453125
4.826996	3.154296875
4.827996	3.154296875
4.829	3.1591796875
4.829996	3.1591796875
4.831	3.1640625
4.832	3.1689453125
4.833	3.1787109375
4.834	3.1689453125
4.835	3.1787109375
4.835996	3.173828125
4.836996	3.173828125
4.837996	3.1787109375
4.838996	3.173828125
4.839996	3.18359375
4.840996	3.173828125
4.841996	3.1787109375
4.842996	3.1787109375
4.843996	3.1787109375
4.844996	3.1787109375
4.845996	3.1884765625
4.846996	3.173828125
4.847996	3.173828125
4.848996	3.1787109375
4.849996	3.1689453125
4.850996	3.1787109375
4.851996	3.173828125
4.852996	3.1640625
4.853996	3.1689453125
4.854996	3.1591796875
4.855996	3.1591796875
4.856996	3.1591796875
4.857996	3.154296875
4.858996	3.154296875
4.859996	3.154296875
4.860996	3.14453125
4.861996	3.1494140625
4.862996	3.1396484375
4.863996	3.1396484375
4.864996	3.134765625
4.865996	3.125
4.866996	3.1201171875
4.867996	3.125
4.868996	3.10546875
4.869996	3.1103515625
4.871004	3.095703125
4.871996	3.1005859375
4.873	3.0908203125
4.874	3.0810546875
4.875	3.0908203125
4.876	3.0859375
4.877	3.076171875
4.877996	3.0712890625
4.878996	3.06640625
4.879996	3.0615234375
4.880996	3.0615234375
4.881996	3.0517578125
4.882996	3.0419921875
4.883996	3.037109375
4.884996	3.02734375
4.885996	3.0126953125
4.886996	3.0126953125
4.887996	3.0029296875
4.888996	2.998046875
4.889996	3.0029296875
4.890996	2.9931640625
4.891996	2.98828125
4.892996	2.9833984375
4.893996	2.978515625
4.894996	2.9736328125
4.895996	2.9638671875
4.896996	2.9541015625
4.897996	2.9541015625
4.898996	2.9541015625
4.899996	2.94921875
4.900996	2.9443359375
4.901996	2.939453125
4.902996	2.9296875
4.903996	2.9248046875
4.904996	2.919921875
4.905996	2.91015625
4.906996	2.9052734375
4.907996	2.900390625
4.908996	2.900390625
4.909996	2.890625
4.910996	2.8857421875
4.911996	2.890625
4.912996	2.880859375
4.914	2.880859375
4.914996	2.880859375
4.916	2.880859375
4.917	2.880859375
4.918	2.8759765625
4.919	2.8759765625
4.92	2.8759765625
4.920996	2.8662109375
4.921996	2.8759765625
4.922996	2.8759765625
4.923996	2.87109375
4.924996	2.8662109375
4.925996	2.8759765625
4.926996	2.87109375
4.927996	2.87109375
4.928996	2.8662109375
4.929996	2.87109375
4.930996	2.8662109375
4.931996	2.8662109375
4.932996	2.87109375
4.933996	2.8759765625
4.934996	2.8759765625
4.935996	2.8759765625
4.936996	2.8662109375
4.937996	2.8759765625
4.938996	2.8759765625
4.939996	2.880859375
4.940996	2.8857421875
4.941996	2.8857421875
4.942996	2.880859375
4.943996	2.890625
4.944996	2.8955078125
4.945996	2.8955078125
4.946996	2.8955078125
4.947996	2.9052734375
4.948996	2.9052734375
4.949996	2.91015625
4.950996	2.9150390625
4.951996	2.9248046875
4.952996	2.919921875
4.953996	2.9296875
4.954996	2.9345703125
4.955996	2.9345703125
4.957	2.9541015625
4.957996	2.958984375
4.959	2.9638671875
4.96	2.96875
4.961	2.9736328125
4.962	2.9833984375
4.963	2.978515625
4.963996	2.9833984375
4.964996	2.98828125
4.965996	2.998046875
4.966996	3.0029296875
4.967996	3.0078125
4.968996	3.0078125
4.969996	3.0224609375
4.970996	3.02734375
4.971996	3.02734375
4.972996	3.0322265625
4.973996	3.037109375
4.974996	3.0517578125
4.975996	3.046875
4.976996	3.056640625
4.977996	3.06640625
4.978996	3.0712890625
4.979996	3.0712890625
4.980996	3.0810546875
4.981996	3.0908203125
4.982996	3.0908203125
4.983996	3.1005859375
4.984996	3.095703125
4.985996	3.10546875
4.986996	3.1103515625
4.987996	3.115234375
4.988996	3.125
4.989996	3.125
4.990996	3.1201171875
4.991996	3.1298828125
4.992996	3.1298828125
4.993996	3.1396484375
4.994996	3.134765625
4.995996	3.14453125
4.996996	3.14453125
4.997996	3.1396484375
4.999004	3.154296875
4.999996	3.154296875
5.001	3.154296875
5.002	3.1591796875
5.003	3.1689453125
5.004	3.1640625
5.005	3.1591796875
5.005996	3.173828125
5.006996	3.1689453125
5.007996	3.1689453125
5.008996	3.173828125
5.009996	3.1689453125
5.010996	3.173828125
5.011996	3.173828125
5.012996	3.1640625
5.013996	3.1640625
5.014996	3.1689453125
5.015996	3.1689453125
5.016996	3.1640625
5.017996	3.173828125
5.018996	3.173828125
5.019996	3.1640625
5.020996	3.1689453125
5.021996	3.1640625
5.022996	3.1689453125
5.023996	3.154296875
5.024996	3.1640625
5.025996	3.154296875
5.026996	3.154296875
5.027996	3.154296875
5.028996	3.1396484375
5.029996	3.1396484375
5.030996	3.1494140625
5.031996	3.14453125
5.032996	3.134765625
5.033996	3.1201171875
5.034996	3.125
5.035996	3.1201171875
5.036996	3.1201171875
5.037996	3.1201171875
5.038996	3.1103515625
5.039996	3.10546875
5.040996	3.10546875
5.042	3.1005859375
5.042996	3.0908203125
5.044	3.095703125
5.045	3.095703125
5.046	3.0859375
5.047	3.076171875
5.048	3.06640625
5.048996	3.06640625
5.049996	3.0517578125
5.050996	3.0517578125
5.051996	3.0517578125
5.052996	3.0419921875
5.053996	3.037109375
5.054996	3.0224609375
5.055996	3.02734375
5.056996	3.017578125
5.057996	3.0078125
5.058996	2.998046875
5.059996	2.998046875
5.060996	2.9931640625
5.061996	2.98828125
5.062996	2.9833984375
5.063996	2.9833984375
5.064996	2.978515625
5.065996	2.9638671875
5.066996	2.96875
5.067996	2.96875
5.068996	2.94921875
5.069996	2.94921875
5.070996	2.94921875
5.071996	2.9443359375
5.072996	2.9345703125
5.073996	2.9296875
5.074996	2.9248046875
5.075996	2.9296875
5.076996	2.91015625
5.077996	2.9150390625
5.078996	2.91015625
5.079996	2.9052734375
5.080996	2.8955078125
5.081996	2.900390625
5.082996	2.890625
5.083996	2.890625
5.085	2.8955078125
5.085996	2.8857421875
5.087	2.890625
5.088	2.880859375
5.089	2.8857421875
5.09	2.880859375
5.091	2.8857421875
5.091996	2.880859375
5.092996	2.880859375
5.093996	2.8759765625
5.094996	2.8662109375
5.095996	2.87109375
5.096996	2.8759765625
5.097996	2.8759765625
5.098996	2.8662109375
5.099996	2.87109375
5.100996	2.87109375
5.101996	2.8759765625
5.102996	2.87109375
5.103996	2.880859375
5.104996	2.87109375
5.105996	2.880859375
5.106996	2.880859375
5.107996	2.880859375
5.108996	2.8759765625
5.109996	2.880859375
5.110996	2.890625
5.111996	2.8857421875
5.112996	2.890625
5.113996	2.8955078125
5.114996	2.8955078125
5.115996	2.9052734375
5.116996	2.900390625
5.117996	2.9052734375
5.118996	2.9150390625
5.119996	2.91015625
5.120996	2.9150390625
5.121996	2.9248046875
5.122996	2.9248046875
5.123996	2.9296875
5.124996	2.939453125
5.125996	2.9443359375
5.127004	2.94921875
5.127996	2.9541015625
5.129	2.958984375
5.13	2.9638671875
5.131	2.96875
5.132	2.978515625
5.133	2.978515625
5.133996	2.98828125
5.134996	2.9931640625
5.135996	2.9931640625
5.136996	2.998046875
5.137996	3.0029296875
5.138996	3.017578125
5.139996	3.0126953125
5.140996	3.0224609375
5.141996	3.0322265625
5.142996	3.037109375
5.143996	3.0419921875
5.144996	3.0419921875
5.145996	3.046875
5.146996	3.046875
5.147996	3.0517578125
5.148996	3.06640625
5.149996	3.0712890625
5.150996	3.0859375
5.151996	3.076171875
5.152996	3.0859375
5.153996	3.0908203125
5.154996	3.1005859375
5.155996	3.1005859375
5.156996	3.1005859375
5.157996	3.10546875
5.158996	3.1103515625
5.159996	3.115234375
5.160996	3.125
5.161996	3.125
5.162996	3.125
5.163996	3.125
5.164996	3.1298828125
5.165996	3.1396484375
5.166996	3.1396484375
5.167996	3.1396484375
5.168996	3.14453125
5.17	3.1494140625
5.170996	3.1494140625
5.172	3.154296875
5.173	3.1591796875
5.174	3.154296875
5.175	3.1591796875
5.176	3.1640625
5.176996	3.154296875
5.177996	3.1591796875
5.178996	3.1591796875
5.179996	3.1640625
5.180996	3.173828125
5.181996	3.1689453125
5.182996	3.1689453125
5.183996	3.1689453125
5.184996	3.1591796875
5.185996	3.1689453125
5.186996	3.1591796875
5.187996	3.154296875
5.188996	3.1591796875
5.189996	3.1591796875
5.190996	3.1591796875
5.191996	3.154296875
5.192996	3.1591796875
5.193996	3.154296875
5.194996	3.154296875
5.195996	3.154296875
5.196996	3.1396484375
5.197996	3.14453125
5.198996	3.14453125
5.199996	3.1396484375
5.200996	3.14453125
5.201996	3.1396484375
5.202996	3.125
5.203996	3.1298828125
5.204996	3.1201171875
5.205996	3.115234375
5.206996	3.115234375
5.207996	3.10546875
5.208996	3.115234375
5.209996	3.1005859375
5.210996	3.1005859375
5.211996	3.1005859375
5.213	3.095703125
5.213996	3.0859375
5.215	3.0859375
5.216	3.076171875
5.217	3.0810546875
5.218	3.06640625
5.219	3.0712890625
5.219996	3.0615234375
5.220996	3.0615234375
5.221996	3.056640625
5.222996	3.037109375
5.223996	3.037109375
5.224996	3.0322265625
5.225996	3.017578125
5.226996	3.017578125
5.227996	3.017578125
5.228996	3.0126953125
5.229996	3.0078125
5.230996	2.998046875
5.231996	2.9931640625
5.232996	2.9931640625
5.233996	2.9833984375
5.234996	2.98828125
5.235996	2.96875
5.236996	2.9736328125
5.237996	2.9638671875
5.238996	2.9638671875
5.239996	2.9541015625
5.240996	2.9541015625
5.241996	2.94921875
5.242996	2.9443359375
5.243996	2.9345703125
5.244996	2.9345703125
5.245996	2.9296875
5.246996	2.919921875
5.247996	2.9248046875
5.248996	2.919921875
5.249996	2.9150390625
5.250996	2.9052734375
5.251996	2.900390625
5.252996	2.900390625
5.253996	2.900390625
5.255004	2.8955078125
5.255996	2.890625
5.257	2.8857421875
5.258	2.8857421875
5.259	2.890625
5.26	2.8857421875
5.261	2.8857421875
5.261996	2.880859375
5.262996	2.880859375
5.263996	2.8759765625
5.264996	2.880859375
5.265996	2.8759765625
5.266996	2.880859375
5.267996	2.880859375
5.268996	2.87109375
5.269996	2.880859375
5.270996	2.8759765625
5.271996	2.8759765625
5.272996	2.880859375
5.273996	2.8759765625
5.274996	2.8857421875
5.275996	2.8857421875
5.276996	2.890625
5.277996	2.880859375
5.278996	2.890625
5.279996	2.8857421875
5.280996	2.890625
5.281996	2.8955078125
5.282996	2.900390625
5.283996	2.900390625
5.284996	2.9052734375
5.285996	2.9052734375
5.286996	2.91015625
5.287996	2.9150390625
5.288996	2.9150390625
5.289996	2.9248046875
5.290996	2.9248046875
5.291996	2.9248046875
5.292996	2.9345703125
5.293996	2.9443359375
5.294996	2.9345703125
5.295996	2.9443359375
5.296996	2.9541015625
5.298	2.9541015625
5.298996	2.9638671875
5.3	2.9638671875
5.301	2.978515625
5.302	2.9736328125
5.303	2.978515625
5.304	2.98828125
5.304996	2.998046875
5.305996	2.9931640625
5.306996	3.0029296875
5.307996	3.0078125
5.308996	3.0126953125
5.309996	3.017578125
5.310996	3.017578125
5.311996	3.0322265625
5.312996	3.02734375
5.313996	3.037109375
5.314996	3.0419921875
5.315996	3.046875
5.316996	3.056640625
5.317996	3.056640625
5.318996	3.0615234375
5.319996	3.06640625
5.320996	3.0712890625
5.321996	3.0859375
5.322996	3.0810546875
5.323996	3.0859375
5.324996	3.0859375
5.325996	3.0908203125
5.326996	3.1005859375
5.327996	3.10546875
5.328996	3.10546875
5.329996	3.1103515625
5.330996	3.10546875
5.331996	3.1201171875
5.332996	3.125
5.333996	3.1201171875
5.334996	3.115234375
5.335996	3.125
5.336996	3.1298828125
5.337996	3.134765625
5.338996	3.1396484375
5.339996	3.1396484375
5.341	3.14453125
5.341996	3.134765625
5.343	3.1494140625
5.344	3.1396484375
5.345	3.154296875
5.346	3.154296875
5.347	3.1494140625
5.347996	3.1591796875
5.348996	3.1494140625
5.349996	3.1640625
5.350996	3.154296875
5.351996	3.1640625
5.352996	3.154296875
5.353996	3.1591796875
5.354996	3.1591796875
5.355996	3.1591796875
5.356996	3.1591796875
5.357996	3.1591796875
5.358996	3.154296875
5.359996	3.154296875
5.360996	3.1494140625
5.361996	3.154296875
5.362996	3.14453125
5.363996	3.154296875
5.364996	3.1396484375
5.365996	3.14453125
5.366996	3.14453125
5.367996	3.1396484375
5.368996	3.1396484375
5.369996	3.1396484375
5.370996	3.1396484375
5.371996	3.134765625
5.372996	3.125
5.373996	3.1298828125
5.374996	3.125
5.375996	3.115234375
5.376996	3.1103515625
5.377996	3.1103515625
5.378996	3.10546875
5.379996	3.1005859375
5.380996	3.1005859375
5.381996	3.0908203125
5.383004	3.0908203125
5.383996	3.0908203125
5.385	3.0859375
5.386	3.0859375
5.387	3.0712890625
5.388	3.076171875
5.389	3.06640625
5.389996	3.056640625
5.390996	3.0615234375
5.391996	3.056640625
5.392996	3.046875
5.393996	3.0322265625
5.394996	3.037109375
5.395996	3.0224609375
5.396996	3.02734375
5.397996	3.017578125
5.398996	3.0078125
5.399996	3.0078125
5.400996	3.0029296875
5.401996	3.0029296875
5.402996	2.998046875
5.403996	2.9833984375
5.404996	2.9833984375
5.405996	2.9736328125
5.406996	2.96875
5.407996	2.9736328125
5.408996	2.9638671875
5.409996	2.958984375
5.410996	2.94921875
5.411996	2.94921875
5.412996	2.94921875
5.413996	2.939453125
5.414996	2.9345703125
5.415996	2.939453125
5.416996	2.9296875
5.417996	2.9296875
5.418996	2.9248046875
5.419996	2.9248046875
5.420996	2.919921875
5.421996	2.9150390625
5.422996	2.91015625
5.423996	2.91015625
5.424996	2.9052734375
5.426	2.900390625
5.426996	2.900390625
5.428	2.900390625
5.429	2.8955078125
5.43	2.8857421875
5.431	2.890625
5.432	2.890625
5.432996	2.890625
5.433996	2.8857421875
5.434996	2.880859375
5.435996	2.8857421875
5.436996	2.8857421875
5.437996	2.8857421875
5.438996	2.8857421875
5.439996	2.8857421875
5.440996	2.8857421875
5.441996	2.8857421875
5.442996	2.8857421875
5.443996	2.880859375
5.444996	2.8955078125
5.445996	2.8857421875
5.446996	2.8955078125
5.447996	2.890625
5.448996	2.890625
5.449996	2.900390625
5.450996	2.890625
5.451996	2.9052734375
5.452996	2.900390625
5.453996	2.91015625
5.454996	2.9052734375
5.455996	2.91015625
5.456996	2.9150390625
5.457996	2.9150390625
5.458996	2.9248046875
5.459996	2.919921875
5.460996	2.9296875
5.461996	2.9345703125
5.462996	2.9345703125
5.463996	2.9345703125
5.464996	2.9443359375
5.465996	2.94921875
5.466996	2.9541015625
5.467996	2.958984375
5.469	2.958984375
5.469996	2.9638671875
5.471	2.96875
5.472	2.9833984375
5.473	2.9833984375
5.474	2.98828125
5.475	2.98828125
5.475996	2.998046875
5.476996	3.0078125
5.477996	2.998046875
5.478996	3.0078125
5.479996	3.0126953125
5.480996	3.017578125
5.481996	3.0224609375
5.482996	3.037109375
5.483996	3.037109375
5.484996	3.0419921875
5.485996	3.0419921875
5.486996	3.056640625
5.487996	3.0615234375
5.488996	3.0615234375
5.489996	3.06640625
5.490996	3.06640625
5.491996	3.0712890625
5.492996	3.0810546875
5.493996	3.0810546875
5.494996	3.0908203125
5.495996	3.0859375
5.496996	3.095703125
5.497996	3.1005859375
5.498996	3.1005859375
5.499996	3.1103515625
5.500996	3.1103515625
5.501996	3.1103515625
5.502996	3.125
5.503996	3.1201171875
5.504996	3.1201171875
5.505996	3.115234375
5.506996	3.1298828125
5.507996	3.1298828125
5.508996	3.134765625
5.509996	3.1396484375
5.511004	3.134765625
5.511996	3.134765625
5.513	3.1396484375
5.514	3.14453125
5.515	3.14453125
5.516	3.1396484375
5.517	3.1494140625
5.517996	3.1494140625
5.518996	3.1494140625
5.519996	3.1494140625
5.520996	3.154296875
5.521996	3.154296875
5.522996	3.154296875
5.523996	3.154296875
5.524996	3.154296875
5.525996	3.154296875
5.526996	3.1591796875
5.527996	3.1494140625
5.528996	3.14453125
5.529996	3.154296875
5.530996	3.154296875
5.531996	3.14453125
5.532996	3.1494140625
5.533996	3.14453125
5.534996	3.1396484375
5.535996	3.1396484375
5.536996	3.14453125
5.537996	3.1396484375
5.538996	3.1396484375
5.539996	3.1298828125
5.540996	3.1298828125
5.541996	3.125
5.542996	3.125
5.543996	3.1201171875
5.544996	3.125
5.545996	3.115234375
5.546996	3.115234375
5.547996	3.1103515625
5.548996	3.10546875
5.549996	3.1005859375
5.550996	3.095703125
5.551996	3.0908203125
5.552996	3.0908203125
5.554	3.095703125
5.554996	3.0810546875
5.556	3.0810546875
5.557	3.076171875
5.558	3.0615234375
5.559	3.06640625
5.56	3.056640625
5.560996	3.056640625
5.561996	3.0517578125
5.562996	3.046875
5.563996	3.0419921875
5.564996	3.037109375
5.565996	3.0322265625
5.566996	3.0224609375
5.567996	3.017578125
5.568996	3.017578125
5.569996	3.0126953125
5.570996	3.0078125
5.571996	3.0029296875
5.572996	2.9931640625
5.573996	2.9931640625
5.574996	2.9931640625
5.575996	2.98828125
5.576996	2.978515625
5.577996	2.96875
5.578996	2.9638671875
5.579996	2.9638671875
5.580996	2.9638671875
5.581996	2.94921875
5.582996	2.9541015625
5.583996	2.94921875
5.584996	2.94921875
5.585996	2.9345703125
5.586996	2.9345703125
5.587996	2.9345703125
5.588996	2.919921875
5.589996	2.919921875
5.590996	2.9150390625
5.591996	2.919921875
5.592996	2.919921875
5.593996	2.91015625
5.594996	2.9052734375
5.595996	2.9052734375
5.597	2.91015625
5.597996	2.9052734375
5.599	2.9052734375
5.6	2.900390625
5.601	2.900390625
5.602	2.890625
5.603	2.8955078125
5.603996	2.8955078125
5.604996	2.890625
5.605996	2.8955078125
5.606996	2.890625
5.607996	2.890625
5.608996	2.8857421875
5.609996	2.8857421875
5.610996	2.8857421875
5.611996	2.8955078125
5.612996	2.8857421875
5.613996	2.8857421875
5.614996	2.890625
5.615996	2.8857421875
5.616996	2.8955078125
5.617996	2.8955078125
5.618996	2.8955078125
5.619996	2.8955078125
5.620996	2.9052734375
5.621996	2.91015625
5.622996	2.9052734375
5.623996	2.91015625
5.624996	2.9052734375
5.625996	2.91015625
5.626996	2.9150390625
5.627996	2.919921875
5.628996	2.9248046875
5.629996	2.9296875
5.630996	2.9296875
5.631996	2.9248046875
5.632996	2.939453125
5.633996	2.9443359375
5.634996	2.939453125
5.635996	2.9541015625
5.636996	2.9541015625
5.637996	2.958984375
5.639004	2.9638671875
5.639996	2.96875
5.641	2.978515625
5.642	2.96875
5.643	2.9833984375
5.644	2.9833984375
5.645	2.98828125
5.645996	2.998046875
5.646996	3.0029296875
5.647996	3.0029296875
5.648996	3.0078125
5.649996	3.017578125
5.650996	3.017578125
5.651996	3.02734375
5.652996	3.02734375
5.653996	3.0322265625
5.654996	3.0322265625
5.655996	3.0322265625
5.656996	3.046875
5.657996	3.046875
5.658996	3.0517578125
5.659996	3.056640625
5.660996	3.0615234375
5.661996	3.0712890625
5.662996	3.0712890625
5.663996	3.0810546875
5.664996	3.0810546875
5.665996	3.0810546875
5.666996	3.0859375
5.667996	3.095703125
5.668996	3.1005859375
5.669996	3.1005859375
5.670996	3.10546875
5.671996	3.1103515625
5.672996	3.115234375
5.673996	3.1103515625
5.674996	3.1201171875
5.675996	3.1201171875
5.676996	3.1201171875
5.677996	3.1298828125
5.678996	3.1298828125
5.679996	3.1298828125
5.680996	3.1298828125
5.682	3.1396484375
5.682996	3.134765625
5.684	3.1396484375
5.685	3.134765625
5.686	3.1396484375
5.687	3.14453125
5.688	3.14453125
5.688996	3.1396484375
5.689996	3.1494140625
5.690996	3.14453125
5.691996	3.1396484375
5.692996	3.1494140625
5.693996	3.1494140625
5.694996	3.14453125
5.695996	3.154296875
5.696996	3.134765625
5.697996	3.1396484375
5.698996	3.14453125
5.699996	3.1494140625
5.700996	3.1396484375
5.701996	3.1494140625
5.702996	3.14453125
5.703996	3.14453125
5.704996	3.1396484375
5.705996	3.1396484375
5.706996	3.1396484375
5.707996	3.134765625
5.708996	3.1298828125
5.709996	3.125
5.710996	3.125
5.711996	3.1298828125
5.712996	3.1298828125
5.713996	3.125
5.714996	3.115234375
5.715996	3.1103515625
5.716996	3.1103515625
5.717996	3.1103515625
5.718996	3.095703125
5.719996	3.0908203125
5.720996	3.095703125
5.721996	3.095703125
5.722996	3.0908203125
5.723996	3.0908203125
5.725	3.0859375
5.725996	3.0859375
5.727	3.0712890625
5.728	3.076171875
5.729	3.06640625
5.73	3.056640625
5.731	3.056640625
5.731996	3.056640625
5.732996	3.0517578125
5.733996	3.0419921875
5.734996	3.037109375
5.735996	3.0322265625
5.736996	3.02734375
5.737996	3.0224609375
5.738996	3.0224609375
5.739996	3.0029296875
5.740996	2.998046875
5.741996	3.0078125
5.742996	3.0029296875
5.743996	2.9931640625
5.744996	2.9931640625
5.745996	2.9833984375
5.746996	2.98828125
5.747996	2.9833984375
5.748996	2.96875
5.749996	2.9736328125
5.750996	2.96875
5.751996	2.9541015625
5.752996	2.958984375
5.753996	2.9443359375
5.754996	2.94921875
5.755996	2.94921875
5.756996	2.9443359375
5.757996	2.939453125
5.758996	2.9296875
5.759996	2.9296875
5.760996	2.9296875
5.761996	2.9248046875
5.762996	2.9248046875
5.763996	2.9150390625
5.764996	2.91015625
5.765996	2.919921875
5.767004	2.9150390625
5.767996	2.91015625
5.769	2.91015625
5.77	2.91015625
5.771	2.9052734375
5.772	2.900390625
5.773	2.8955078125
5.773996	2.900390625
5.774996	2.890625
5.775996	2.8955078125
5.776996	2.900390625
5.777996	2.900390625
5.778996	2.890625
5.779996	2.8955078125
5.780996	2.890625
5.781996	2.8955078125
5.782996	2.890625
5.783996	2.900390625
5.784996	2.8955078125
5.785996	2.900390625
5.786996	2.9052734375
5.787996	2.900390625
5.788996	2.91015625
5.789996	2.91015625
5.790996	2.9052734375
5.791996	2.91015625
5.792996	2.91015625
5.793996	2.919921875
5.794996	2.9150390625
5.795996	2.919921875
5.796996	2.919921875
5.797996	2.9248046875
5.798996	2.9248046875
5.799996	2.919921875
5.800996	2.939453125
5.801996	2.9345703125
5.802996	2.9345703125
5.803996	2.9443359375
5.804996	2.94921875
5.805996	2.9541015625
5.806996	2.9541015625
5.807996	2.958984375
5.808996	2.96875
5.81	2.96875
5.810996	2.96875
5.812	2.9833984375
5.813	2.978515625
5.814	2.9833984375
5.815	2.9931640625
5.816	2.98828125
5.816996	3.0029296875
5.817996	3.0029296875
5.818996	3.0126953125
5.819996	3.0126953125
5.820996	3.017578125
5.821996	3.0126953125
5.822996	3.0322265625
5.823996	3.02734375
5.824996	3.0419921875
5.825996	3.037109375
5.826996	3.0419921875
5.827996	3.0517578125
5.828996	3.0517578125
5.829996	3.056640625
5.830996	3.056640625
5.831996	3.0615234375
5.832996	3.06640625
5.833996	3.076171875
5.834996	3.076171875
5.835996	3.076171875
5.836996	3.0859375
5.837996	3.0908203125
5.838996	3.0908203125
5.839996	3.095703125
5.840996	3.1005859375
5.841996	3.095703125
5.842996	3.10546875
5.843996	3.10546875
5.844996	3.1103515625
5.845996	3.1103515625
5.846996	3.1201171875
5.847996	3.115234375
5.848996	3.1201171875
5.849996	3.125
5.850996	3.1298828125
5.851996	3.1298828125
5.853	3.1298828125
5.853996	3.1396484375
5.855	3.1396484375
5.856	3.1396484375
5.857	3.14453125
5.858	3.1396484375
5.859	3.1396484375
5.859996	3.1396484375
5.860996	3.134765625
5.861996	3.14453125
5.862996	3.1396484375
5.863996	3.1494140625
5.864996	3.14453125
5.865996	3.14453125
5.866996	3.1396484375
5.867996	3.14453125
5.868996	3.14453125
5.869996	3.134765625
5.870996	3.1396484375
5.871996	3.134765625
5.872996	3.134765625
5.873996	3.134765625
5.874996	3.14453125
5.875996	3.1396484375
5.876996	3.14453125
5.877996	3.1298828125
5.878996	3.125
5.879996	3.1201171875
5.880996	3.125
5.881996	3.125
5.882996	3.125
5.883996	3.115234375
5.884996	3.1103515625
5.885996	3.10546875
5.886996	3.1103515625
5.887996	3.10546875
5.888996	3.095703125
5.889996	3.095703125
5.890996	3.095703125
5.891996	3.0908203125
5.892996	3.0859375
5.893996	3.0908203125
5.895004	3.076171875
5.895996	3.0810546875
5.897	3.0810546875
5.898	3.0712890625
5.899	3.06640625
5.9	3.06640625
5.901	3.056640625
5.901996	3.056640625
5.902996	3.0517578125
5.903996	3.046875
5.904996	3.0419921875
5.905996	3.037109375
5.906996	3.0224609375
5.907996	3.02734375
5.908996	3.0224609375
5.909996	3.0126953125
5.910996	3.0029296875
5.911996	3.0029296875
5.912996	3.0078125
5.913996	2.998046875
5.914996	2.9931640625
5.915996	2.98828125
5.916996	2.9833984375
5.917996	2.978515625
5.918996	2.978515625
5.919996	2.9736328125
5.920996	2.96875
5.921996	2.9638671875
5.922996	2.9541015625
5.923996	2.9541015625
5.924996	2.9541015625
5.925996	2.9541015625
5.926996	2.9443359375
5.927996	2.939453125
5.928996	2.939453125
5.929996	2.939453125
5.930996	2.9296875
5.931996	2.9296875
5.932996	2.9296875
5.933996	2.9248046875
5.934996	2.9248046875
5.935996	2.9150390625
5.936996	2.9150390625
5.938	2.91015625
5.938996	2.91015625
5.94	2.91015625
5.941	2.91015625
5.942	2.9150390625
5.943	2.9052734375
5.944	2.91015625
5.944996	2.9052734375
5.945996	2.91015625
5.946996	2.9052734375
5.947996	2.900390625
5.948996	2.900390625
5.949996	2.900390625
5.950996	2.8955078125
5.951996	2.8955078125
5.952996	2.9052734375
5.953996	2.900390625
5.954996	2.9052734375
5.955996	2.900390625
5.956996	2.900390625
5.957996	2.9052734375
5.958996	2.91015625
5.959996	2.91015625
5.960996	2.9052734375
5.961996	2.9150390625
5.962996	2.91015625
5.963996	2.91015625
5.964996	2.9248046875
5.965996	2.9296875
5.966996	2.9248046875
5.967996	2.9296875
5.968996	2.919921875
5.969996	2.9296875
5.970996	2.939453125
5.971996	2.9296875
5.972996	2.939453125
5.973996	2.94921875
5.974996	2.94921875
5.975996	2.94921875
5.976996	2.958984375
5.977996	2.9541015625
5.978996	2.96875
5.979996	2.96875
5.981	2.9736328125
5.981996	2.9833984375
5.983	2.98828125
5.984	2.9833984375
5.985	2.998046875
5.986	2.98828125
5.987	2.998046875
5.987996	3.0078125
5.988996	3.0078125
5.989996	3.0126953125
5.990996	3.017578125
5.991996	3.0224609375
5.992996	3.0322265625
5.993996	3.0224609375
5.994996	3.037109375
5.995996	3.037109375
5.996996	3.0419921875
5.997996	3.046875
5.998996	3.0517578125
5.999996	3.056640625
6.000996	3.0517578125
6.001996	3.0615234375
6.002996	3.06640625
6.003996	3.0712890625
6.004996	3.0810546875
6.005996	3.0859375
6.006996	3.0908203125
6.007996	3.0859375
6.008996	3.0908203125
6.009996	3.1005859375
6.010996	3.1005859375
6.011996	3.0908203125
6.012996	3.10546875
6.013996	3.10546875
6.014996	3.10546875
6.015996	3.1103515625
6.016996	3.1103515625
6.017996	3.115234375
6.018996	3.125
6.019996	3.125
6.020996	3.125
6.021996	3.1201171875
6.023004	3.1298828125
6.023996	3.1298828125
6.025	3.125
6.026	3.125
6.027	3.1396484375
6.028	3.134765625
6.029	3.134765625
6.029996	3.134765625
6.030996	3.14453125
6.031996	3.1396484375
6.032996	3.1396484375
6.033996	3.14453125
6.034996	3.1396484375
6.035996	3.1396484375
6.036996	3.1396484375
6.037996	3.1396484375
6.038996	3.134765625
6.039996	3.1396484375
6.040996	3.1396484375
6.041996	3.1396484375
6.042996	3.134765625
6.043996	3.1298828125
6.044996	3.125
6.045996	3.1298828125
6.046996	3.1201171875
6.047996	3.1298828125
6.048996	3.1201171875
6.049996	3.1201171875
6.050996	3.125
6.051996	3.1201171875
6.052996	3.115234375
6.053996	3.10546875
6.054996	3.1103515625
6.055996	3.10546875
6.056996	3.1005859375
6.057996	3.10546875
6.058996	3.1005859375
6.059996	3.095703125
6.060996	3.0908203125
6.061996	3.0908203125
6.062996	3.0908203125
6.063996	3.0810546875
6.064996	3.0859375
6.066	3.0810546875
6.066996	3.076171875
6.068	3.076171875
6.069	3.0615234375
6.07	3.0615234375
6.071	3.0517578125
6.072	3.0517578125
6.072996	3.046875
6.073996	3.0517578125
6.074996	3.037109375
6.075996	3.037109375
6.076996	3.02734375
6.077996	3.0224609375
6.078996	3.0224609375
6.079996	3.017578125
6.080996	3.0078125
6.081996	3.0078125
6.082996	3.0029296875
6.083996	2.998046875
6.084996	2.998046875
6.085996	2.9833984375
6.086996	2.9833984375
6.087996	2.98828125
6.088996	2.9833984375
6.089996	2.978515625
6.090996	2.96875
6.091996	2.9638671875
6.092996	2.9638671875
6.093996	2.9638671875
6.094996	2.958984375
6.095996	2.9541015625
6.096996	2.94921875
6.097996	2.9443359375
6.098996	2.9443359375
6.099996	2.939453125
6.100996	2.9443359375
6.101996	2.9296875
6.102996	2.9345703125
6.103996	2.9248046875
6.104996	2.919921875
6.105996	2.9248046875
6.106996	2.9248046875
6.107996	2.919921875
6.109	2.919921875
6.109996	2.91015625
6.111	2.9052734375
6.112	2.91015625
6.113	2.9052734375
6.114	2.900390625
6.115	2.9052734375
6.115996	2.9052734375
6.116996	2.91015625
6.117996	2.9052734375
6.118996	2.9052734375
6.119996	2.9052734375
6.120996	2.91015625
6.121996	2.9052734375
6.122996	2.9052734375
6.123996	2.900390625
6.124996	2.91015625
6.125996	2.91015625
6.126996	2.9052734375
6.127996	2.91015625
6.128996	2.9052734375
6.129996	2.91015625
6.130996	2.91015625
6.131996	2.919921875
6.132996	2.9248046875
6.133996	2.9248046875
6.134996	2.9248046875
6.135996	2.9248046875
6.136996	2.9296875
6.137996	2.9296875
6.138996	2.939453125
6.139996	2.939453125
6.140996	2.939453125
6.141996	2.9443359375
6.142996	2.9443359375
6.143996	2.9541015625
6.144996	2.94921875
6.145996	2.9541015625
6.146996	2.958984375
6.147996	2.9638671875
6.148996	2.96875
6.149996	2.9638671875
6.151004	2.978515625
6.151996	2.978515625
6.153	2.98828125
6.154	2.9931640625
6.155	2.9833984375
6.156	2.9931640625
6.157	2.998046875
6.157996	3.0029296875
6.158996	3.0029296875
6.159996	3.0126953125
6.160996	3.017578125
6.161996	3.017578125
6.162996	3.017578125
6.163996	3.0322265625
6.164996	3.0322265625
6.165996	3.0419921875
6.166996	3.037109375
6.167996	3.0419921875
6.168996	3.056640625
6.169996	3.046875
6.170996	3.056640625
6.171996	3.0615234375
6.172996	3.06640625
6.173996	3.0712890625
6.174996	3.0712890625
6.175996	3.0810546875
6.176996	3.076171875
6.177996	3.0859375
6.178996	3.0859375
6.179996	3.0859375
6.180996	3.095703125
6.181996	3.095703125
6.182996	3.095703125
6.183996	3.095703125
6.184996	3.10546875
6.185996	3.1103515625
6.186996	3.10546875
6.187996	3.1103515625
6.188996	3.115234375
6.189996	3.125
6.190996	3.1201171875
6.191996	3.125
6.192996	3.125
6.194	3.1201171875
6.194996	3.115234375
6.196	3.125
6.197	3.125
6.198	3.125
6.199	3.1298828125
6.2	3.134765625
6.200996	3.134765625
6.201996	3.1298828125
6.202996	3.134765625
6.203996	3.14453125
6.204996	3.134765625
6.205996	3.1396484375
6.206996	3.134765625
6.207996	3.1396484375
6.208996	3.1396484375
6.209996	3.134765625
6.210996	3.134765625
6.211996	3.134765625
6.212996	3.1298828125
6.213996	3.1201171875
6.214996	3.125
6.215996	3.1298828125
6.216996	3.1201171875
6.217996	3.125
6.218996	3.1201171875
6.219996	3.1201171875
6.220996	3.115234375
6.221996	3.1103515625
6.222996	3.1103515625
6.223996	3.1103515625
6.224996	3.1103515625
6.225996	3.10546875
6.226996	3.1005859375
6.227996	3.1005859375
6.228996	3.1005859375
6.229996	3.0859375
6.230996	3.095703125
6.231996	3.0908203125
6.232996	3.0908203125
6.233996	3.076171875
6.234996	3.0859375
6.235996	3.0810546875
6.237	3.06640625
6.237996	3.06640625
6.239	3.06640625
6.24	3.06640625
6.241	3.056640625
6.242	3.056640625
6.243	3.046875
6.243996	3.0419921875
6.244996	3.0419921875
6.245996	3.0322265625
6.246996	3.037109375
6.247996	3.0224609375
6.248996	3.0224609375
6.249996	3.017578125
6.250996	3.0126953125
6.251996	3.0078125
6.252996	3.0029296875
6.253996	3.0029296875
6.254996	2.998046875
6.255996	2.9931640625
6.256996	2.9931640625
6.257996	2.9833984375
6.258996	2.9833984375
6.259996	2.9833984375
6.260996	2.9736328125
6.261996	2.978515625
6.262996	2.9736328125
6.263996	2.9638671875
6.264996	2.9638671875
6.265996	2.94921875
6.266996	2.958984375
6.267996	2.9541015625
6.268996	2.94921875
6.269996	2.9443359375
6.270996	2.9443359375
6.271996	2.9345703125
6.272996	2.9345703125
6.273996	2.9248046875
6.274996	2.9248046875
6.275996	2.919921875
6.276996	2.9296875
6.277996	2.919921875
6.279004	2.9150390625
6.279996	2.9248046875
6.281	2.919921875
6.282	2.919921875
6.283	2.9150390625
6.284	2.91015625
6.285	2.91015625
6.285996	2.91015625
6.286996	2.91015625
6.287996	2.9052734375
6.288996	2.91015625
6.289996	2.9150390625
6.290996	2.9150390625
6.291996	2.91015625
6.292996	2.9052734375
6.293996	2.91015625
6.294996	2.9052734375
6.295996	2.9150390625
6.296996	2.9150390625
6.297996	2.9150390625
6.298996	2.91015625
6.299996	2.919921875
6.300996	2.9248046875
6.301996	2.919921875
6.302996	2.9150390625
6.303996	2.9248046875
6.304996	2.919921875
6.305996	2.9296875
6.306996	2.9296875
6.307996	2.9296875
6.308996	2.9345703125
6.309996	2.939453125
6.310996	2.9443359375
6.311996	2.939453125
6.312996	2.939453125
6.313996	2.94921875
6.314996	2.94921875
6.315996	2.9541015625
6.316996	2.9541015625
6.317996	2.958984375
6.318996	2.9638671875
6.319996	2.978515625
6.320996	2.96875
6.322	2.9833984375
6.322996	2.98828125
6.324	2.98828125
6.325	2.9931640625
6.326	2.9931640625
6.327	2.998046875
6.328	3.0029296875
6.328996	3.0029296875
6.329996	3.0126953125
6.330996	3.017578125
6.331996	3.017578125
6.332996	3.017578125
6.333996	3.02734375
6.334996	3.02734375
6.335996	3.0322265625
6.336996	3.037109375
6.337996	3.0419921875
6.338996	3.0517578125
6.339996	3.056640625
6.340996	3.0615234375
6.341996	3.0517578125
6.342996	3.0615234375
6.343996	3.0712890625
6.344996	3.06640625
6.345996	3.0712890625
6.346996	3.076171875
6.347996	3.0859375
6.348996	3.0859375
6.349996	3.095703125
6.350996	3.095703125
6.351996	3.0908203125
6.352996	3.095703125
6.353996	3.095703125
6.354996	3.095703125
6.355996	3.095703125
6.356996	3.10546875
6.357996	3.1005859375
6.358996	3.1005859375
6.359996	3.115234375
6.360996	3.115234375
6.361996	3.1103515625
6.362996	3.125
6.363996	3.1201171875
6.365	3.1201171875
6.365996	3.125
6.367	3.1201171875
6.368	3.115234375
6.369	3.1201171875
6.37	3.125
6.371	3.125
6.371996	3.1298828125
6.372996	3.125
6.373996	3.1298828125
6.374996	3.1298828125
6.375996	3.1298828125
6.376996	3.1298828125
6.377996	3.1298828125
6.378996	3.1201171875
6.379996	3.1201171875
6.380996	3.1298828125
6.381996	3.1201171875
6.382996	3.125
6.383996	3.125
6.384996	3.1201171875
6.385996	3.115234375
6.386996	3.125
6.387996	3.125
6.388996	3.115234375
6.389996	3.1201171875
6.390996	3.115234375
6.391996	3.10546875
6.392996	3.1103515625
6.393996	3.1103515625
6.394996	3.10546875
6.395996	3.1103515625
6.396996	3.095703125
6.397996	3.095703125
6.398996	3.095703125
6.399996	3.0908203125
6.400996	3.0908203125
6.401996	3.0908203125
6.402996	3.0810546875
6.403996	3.0810546875
6.404996	3.0859375
6.405996	3.076171875
6.407004	3.06640625
6.407996	3.0712890625
6.409	3.0712890625
6.41	3.0615234375
6.411	3.0615234375
6.412	3.0517578125
6.413	3.0517578125
6.413996	3.046875
6.414996	3.037109375
6.415996	3.0322265625
6.416996	3.0322265625
6.417996	3.02734375
6.418996	3.0224609375
6.419996	3.0224609375
6.420996	3.0126953125
6.421996	3.0029296875
6.422996	3.0078125
6.423996	2.998046875
6.424996	2.998046875
6.425996	2.98828125
6.426996	2.98828125
6.427996	2.98828125
6.428996	2.98828125
6.429996	2.978515625
6.430996	2.9833984375
6.431996	2.9736328125
6.432996	2.9736328125
6.433996	2.96875
6.434996	2.9638671875
6.435996	2.9541015625
6.436996	2.94921875
6.437996	2.94921875
6.438996	2.94921875
6.439996	2.94921875
6.440996	2.9443359375
6.441996	2.939453125
6.442996	2.939453125
6.443996	2.9443359375
6.444996	2.9345703125
6.445996	2.9248046875
6.446996	2.9248046875
6.447996	2.9296875
6.448996	2.9248046875
6.45	2.9296875
6.450996	2.919921875
6.452	2.919921875
6.453	2.9248046875
6.454	2.9248046875
6.455	2.9150390625
6.456	2.919921875
6.456996	2.9150390625
6.457996	2.9150390625
6.458996	2.91015625
6.459996	2.91015625
6.460996	2.91015625
6.461996	2.9150390625
6.462996	2.9150390625
6.463996	2.9150390625
6.464996	2.9150390625
6.465996	2.919921875
6.466996	2.9248046875
6.467996	2.91015625
6.468996	2.9248046875
6.469996	2.919921875
6.470996	2.919921875
6.471996	2.9150390625
6.472996	2.9248046875
6.473996	2.919921875
6.474996	2.9296875
6.475996	2.9296875
6.476996	2.9345703125
6.477996	2.939453125
6.478996	2.939453125
6.479996	2.939453125
6.480996	2.9443359375
6.481996	2.9443359375
6.482996	2.9541015625
6.483996	2.94921875
6.484996	2.9541015625
6.485996	2.9541015625
6.486996	2.958984375
6.487996	2.9638671875
6.488996	2.96875
6.489996	2.9736328125
6.490996	2.978515625
6.491996	2.978515625
6.493	2.978515625
6.493996	2.98828125
6.495	2.98828125
6.496	2.9931640625
6.497	2.998046875
6.498	3.0029296875
6.499	2.998046875
6.499996	3.0126953125
6.500996	3.0078125
6.501996	3.0126953125
6.502996	3.0224609375
6.503996	3.02734375
6.504996	3.0322265625
6.505996	3.037109375
6.506996	3.0419921875
6.507996	3.046875
6.508996	3.056640625
6.509996	3.056640625
6.510996	3.056640625
6.511996	3.0517578125
6.512996	3.06640625
6.513996	3.0615234375
6.514996	3.06640625
6.515996	3.06640625
6.516996	3.0810546875
6.517996	3.076171875
6.518996	3.076171875
6.519996	3.0859375
6.520996	3.0908203125
6.521996	3.0859375
6.522996	3.095703125
6.523996	3.095703125
6.524996	3.1005859375
6.525996	3.0908203125
6.526996	3.1005859375
6.527996	3.10546875
6.528996	3.10546875
6.529996	3.115234375
6.530996	3.1201171875
6.531996	3.1103515625
6.532996	3.1201171875
6.533996	3.1201171875
6.535004	3.115234375
6.535996	3.115234375
6.537	3.1201171875
6.538	3.125
6.539	3.115234375
6.54	3.1201171875
6.541	3.125
6.541996	3.125
6.542996	3.1201171875
6.543996	3.1201171875
6.544996	3.125
6.545996	3.125
6.546996	3.1201171875
6.547996	3.1201171875
6.548996	3.1201171875
6.549996	3.125
6.550996	3.125
6.551996	3.134765625
6.552996	3.125
6.553996	3.125
6.554996	3.125
6.555996	3.125
6.556996	3.115234375
6.557996	3.125
6.558996	3.1103515625
6.559996	3.115234375
6.560996	3.115234375
6.561996	3.1103515625
6.562996	3.1103515625
6.563996	3.1103515625
6.564996	3.10546875
6.565996	3.1005859375
6.566996	3.1005859375
6.567996	3.1005859375
6.568996	3.095703125
6.569996	3.0908203125
6.570996	3.0908203125
6.571996	3.0908203125
6.572996	3.0908203125
6.573996	3.076171875
6.574996	3.0859375
6.575996	3.0810546875
6.576996	3.0712890625
6.578	3.0615234375
6.578996	3.0615234375
6.58	3.0615234375
6.581	3.0615234375
6.582	3.0517578125
6.583	3.056640625
6.584	3.0419921875
6.584996	3.0419921875
6.585996	3.0322265625
6.586996	3.02734375
6.587996	3.02734375
6.588996	3.02734375
6.589996	3.0126953125
6.590996	3.0126953125
6.591996	3.0029296875
6.592996	3.0078125
6.593996	3.0078125
6.594996	3.0029296875
6.595996	2.9931640625
6.596996	2.98828125
6.597996	2.98828125
6.598996	2.98828125
6.599996	2.9833984375
6.600996	2.9833984375
6.601996	2.9736328125
6.602996	2.9736328125
6.603996	2.978515625
6.604996	2.96875
6.605996	2.958984375
6.606996	2.958984375
6.607996	2.9541015625
6.608996	2.94921875
6.609996	2.9541015625
6.610996	2.94921875
6.611996	2.9443359375
6.612996	2.9443359375
6.613996	2.9443359375
6.614996	2.939453125
6.615996	2.939453125
6.616996	2.939453125
6.617996	2.9296875
6.618996	2.9345703125
6.619996	2.919921875
6.621	2.919921875
6.621996	2.9296875
6.623	2.9248046875
6.624	2.9150390625
6.625	2.9248046875
6.626	2.919921875
6.627	2.9248046875
6.627996	2.9150390625
6.628996	2.9248046875
6.629996	2.919921875
6.630996	2.9150390625
6.631996	2.9248046875
6.632996	2.9248046875
6.633996	2.919921875
6.634996	2.9248046875
6.635996	2.9248046875
6.636996	2.919921875
6.637996	2.919921875
6.638996	2.919921875
6.639996	2.919921875
6.640996	2.9296875
6.641996	2.9248046875
6.642996	2.9296875
6.643996	2.9248046875
6.644996	2.9296875
6.645996	2.939453125
6.646996	2.9345703125
6.647996	2.939453125
6.648996	2.9345703125
6.649996	2.9443359375
6.650996	2.94921875
6.651996	2.94921875
6.652996	2.9443359375
6.653996	2.9541015625
6.654996	2.9541015625
6.655996	2.9638671875
6.656996	2.9638671875
6.657996	2.9638671875
6.658996	2.96875
6.659996	2.96875
6.660996	2.9736328125
6.661996	2.978515625
6.663004	2.98828125
6.663996	2.9833984375
6.665	2.98828125
6.666	2.9833984375
6.667	2.998046875
6.668	3.0078125
6.669	3.0029296875
6.669996	3.0029296875
6.670996	3.0126953125
6.671996	3.0126953125
6.672996	3.0224609375
6.673996	3.02734375
6.674996	3.0322265625
6.675996	3.037109375
6.676996	3.0322265625
6.677996	3.0419921875
6.678996	3.046875
6.679996	3.0517578125
6.680996	3.0517578125
6.681996	3.056640625
6.682996	3.0517578125
6.683996	3.056640625
6.684996	3.06640625
6.685996	3.06640625
6.686996	3.06640625
6.687996	3.076171875
6.688996	3.076171875
6.689996	3.076171875
6.690996	3.0908203125
6.691996	3.095703125
6.692996	3.0859375
6.693996	3.095703125
6.694996	3.0908203125
6.695996	3.1005859375
6.696996	3.1005859375
6.697996	3.1005859375
6.698996	3.10546875
6.699996	3.1103515625
6.700996	3.115234375
6.701996	3.1103515625
6.702996	3.1103515625
6.703996	3.1103515625
6.704996	3.1103515625
6.706	3.1201171875
6.706996	3.125
6.708	3.125
6.709	3.125
6.71	3.125
6.711	3.1201171875
6.712	3.125
6.712996	3.134765625
6.713996	3.125
6.714996	3.125
6.715996	3.125
6.716996	3.125
6.717996	3.1201171875
6.718996	3.125
6.719996	3.1298828125
6.720996	3.1201171875
6.721996	3.125
6.722996	3.125
6.723996	3.115234375
6.724996	3.1201171875
6.725996	3.115234375
6.726996	3.115234375
6.727996	3.1103515625
6.728996	3.1103515625
6.729996	3.115234375
6.730996	3.115234375
6.731996	3.1103515625
6.732996	3.1103515625
6.733996	3.1005859375
6.734996	3.10546875
6.735996	3.1005859375
6.736996	3.0908203125
6.737996	3.095703125
6.738996	3.1005859375
6.739996	3.0859375
6.740996	3.0908203125
6.741996	3.076171875
6.742996	3.0810546875
6.743996	3.0810546875
6.744996	3.076171875
6.745996	3.0712890625
6.746996	3.0712890625
6.747996	3.0712890625
6.749	3.0615234375
6.749996	3.0615234375
6.751	3.0615234375
6.752	3.056640625
6.753	3.0517578125
6.754	3.0517578125
6.755	3.0419921875
6.755996	3.037109375
6.756996	3.037109375
6.757996	3.0322265625
6.758996	3.0224609375
6.759996	3.017578125
6.760996	3.0126953125
6.761996	3.0126953125
6.762996	3.0078125
6.763996	3.0078125
6.764996	3.0029296875
6.765996	2.998046875
6.766996	2.998046875
6.767996	2.9931640625
6.768996	2.9833984375
6.769996	2.9833984375
6.770996	2.9833984375
6.771996	2.9833984375
6.772996	2.978515625
6.773996	2.9638671875
6.774996	2.978515625
6.775996	2.958984375
6.776996	2.9638671875
6.777996	2.9638671875
6.778996	2.9541015625
6.779996	2.9541015625
6.780996	2.9541015625
6.781996	2.94921875
6.782996	2.94921875
6.783996	2.9443359375
6.784996	2.9443359375
6.785996	2.939453125
6.786996	2.9345703125
6.787996	2.939453125
6.788996	2.939453125
6.789996	2.9296875
6.791004	2.9296875
6.791996	2.9296875
6.793	2.919921875
6.794	2.9296875
6.795	2.9296875
6.796	2.9296875
6.797	2.919921875
6.797996	2.919921875
6.798996	2.919921875
6.799996	2.9248046875
6.800996	2.919921875
6.801996	2.919921875
6.802996	2.9248046875
6.803996	2.9150390625
6.804996	2.9248046875
6.805996	2.9248046875
6.806996	2.9248046875
6.807996	2.9296875
6.808996	2.9296875
6.809996	2.9296875
6.810996	2.9248046875
6.811996	2.9248046875
6.812996	2.9345703125
6.813996	2.9296875
6.814996	2.9345703125
6.815996	2.9345703125
6.816996	2.939453125
6.817996	2.939453125
6.818996	2.9345703125
6.819996	2.9345703125
6.820996	2.94921875
6.821996	2.958984375
6.822996	2.9541015625
6.823996	2.94921875
6.824996	2.958984375
6.825996	2.9638671875
6.826996	2.9638671875
6.827996	2.96875
6.828996	2.9736328125
6.829996	2.9736328125
6.830996	2.9833984375
6.831996	2.98828125
6.832996	2.9833984375
6.834	2.98828125
6.834996	2.98828125
6.836	2.9931640625
6.837	2.998046875
6.838	3.0078125
6.839	3.0029296875
6.84	3.0029296875
6.840996	3.0126953125
6.841996	3.0126953125
6.842996	3.0224609375
6.843996	3.0224609375
6.844996	3.02734375
6.845996	3.0322265625
6.846996	3.037109375
6.847996	3.037109375
6.848996	3.046875
6.849996	3.046875
6.850996	3.056640625
6.851996	3.056640625
6.852996	3.056640625
6.853996	3.0615234375
6.854996	3.06640625
6.855996	3.06640625
6.856996	3.0712890625
6.857996	3.076171875
6.858996	3.076171875
6.859996	3.0810546875
6.860996	3.0810546875
6.861996	3.0859375
6.862996	3.0908203125
6.863996	3.0908203125
6.864996	3.095703125
6.865996	3.0859375
6.866996	3.1005859375
6.867996	3.1005859375
6.868996	3.1005859375
6.869996	3.10546875
6.870996	3.10546875
6.871996	3.1005859375
6.872996	3.1005859375
6.873996	3.1103515625
6.874996	3.1005859375
6.875996	3.1103515625
6.877	3.115234375
6.877996	3.1103515625
6.879	3.115234375
6.88	3.1201171875
6.881	3.1201171875
6.882	3.125
6.883	3.1201171875
6.883996	3.125
6.884996	3.115234375
6.885996	3.125
6.886996	3.1201171875
6.887996	3.125
6.888996	3.125
6.889996	3.1201171875
6.890996	3.125
6.891996	3.1201171875
6.892996	3.125
6.893996	3.1201171875
6.894996	3.10546875
6.895996	3.115234375
6.896996	3.1103515625
6.897996	3.10546875
6.898996	3.1103515625
6.899996	3.10546875
6.900996	3.1103515625
6.901996	3.1103515625
6.902996	3.10546875
6.903996	3.095703125
6.904996	3.095703125
6.905996	3.1005859375
6.906996	3.095703125
6.907996	3.095703125
6.908996	3.0908203125
6.909996	3.0908203125
6.910996	3.0859375
6.911996	3.0908203125
6.912996	3.076171875
6.913996	3.076171875
6.914996	3.0810546875
6.915996	3.076171875
6.916996	3.0712890625
6.917996	3.06640625
6.919004	3.06640625
6.919996	3.0615234375
6.921	3.056640625
6.922	3.0517578125
6.923	3.0517578125
6.924	3.046875
6.925	3.037109375
6.925996	3.0322265625
6.926996	3.0322265625
6.927996	3.0322265625
6.928996	3.02734375
6.929996	3.02734375
6.930996	3.017578125
6.931996	3.017578125
6.932996	3.0029296875
6.933996	3.0029296875
6.934996	3.0029296875
6.935996	2.998046875
6.936996	2.9931640625
6.937996	2.998046875
6.938996	2.98828125
6.939996	2.9833984375
6.940996	2.9833984375
6.941996	2.9833984375
6.942996	2.978515625
6.943996	2.9736328125
6.944996	2.96875
6.945996	2.96875
6.946996	2.96875
6.947996	2.9638671875
6.948996	2.9736328125
6.949996	2.958984375
6.950996	2.94921875
6.951996	2.958984375
6.952996	2.94921875
6.953996	2.9541015625
6.954996	2.9443359375
6.955996	2.939453125
6.956996	2.939453125
6.957996	2.9345703125
6.958996	2.939453125
6.959996	2.9345703125
6.960996	2.9345703125
6.962	2.9345703125
6.962996	2.9345703125
6.964	2.9248046875
6.965	2.9248046875
6.966	2.9296875
6.967	2.9248046875
6.968	2.9345703125
6.968996	2.919921875
6.969996	2.9248046875
6.970996	2.9296875
6.971996	2.9248046875
6.972996	2.9296875
6.973996	2.919921875
6.974996	2.9296875
6.975996	2.9296875
6.976996	2.9296875
6.977996	2.9248046875
6.978996	2.9296875
6.979996	2.9296875
6.980996	2.9345703125
6.981996	2.9296875
6.982996	2.9248046875
6.983996	2.9345703125
6.984996	2.939453125
6.985996	2.9345703125
6.986996	2.939453125
6.987996	2.939453125
6.988996	2.939453125
6.989996	2.939453125
6.990996	2.9541015625
6.991996	2.94921875
6.992996	2.94921875
6.993996	2.9541015625
6.994996	2.9638671875
6.995996	2.9638671875
6.996996	2.958984375
6.997996	2.9736328125
6.998996	2.9736328125
6.999996	2.96875
7.000996	2.9736328125
7.001996	2.978515625
7.002996	2.9833984375
7.003996	2.98828125
7.005	2.98828125
7.005996	2.998046875
7.007	3.0029296875
7.008	3.0029296875
7.009	2.998046875
7.01	3.0078125
7.011	3.0078125
7.011996	3.0126953125
7.012996	3.0126953125
7.013996	3.0224609375
7.014996	3.0224609375
7.015996	3.02734375
7.016996	3.037109375
7.017996	3.037109375
7.018996	3.0419921875
7.019996	3.0419921875
7.020996	3.046875
7.021996	3.056640625
7.022996	3.0615234375
7.023996	3.0517578125
7.024996	3.0615234375
7.025996	3.056640625
7.026996	3.0615234375
7.027996	3.0712890625
7.028996	3.076171875
7.029996	3.0810546875
7.030996	3.076171875
7.031996	3.0908203125
7.032996	3.0908203125
7.033996	3.095703125
7.034996	3.0908203125
7.035996	3.095703125
7.036996	3.0908203125
7.037996	3.0908203125
7.038996	3.1103515625
7.039996	3.1005859375
7.040996	3.1005859375
7.041996	3.10546875
7.042996	3.10546875
7.043996	3.1103515625
7.044996	3.10546875
7.045996	3.115234375
7.047004	3.115234375
7.047996	3.1103515625
7.049	3.115234375
7.05	3.10546875
7.051	3.1103515625
7.052	3.1103515625
7.053	3.1103515625
7.053996	3.1201171875
7.054996	3.115234375
7.055996	3.115234375
7.056996	3.115234375
7.057996	3.115234375
7.058996	3.1201171875
7.059996	3.115234375
7.060996	3.10546875
7.061996	3.115234375
7.062996	3.115234375
7.063996	3.1103515625
7.064996	3.1103515625
7.065996	3.10546875
7.066996	3.115234375
7.067996	3.115234375
7.068996	3.1103515625
7.069996	3.1103515625
7.070996	3.10546875
7.071996	3.10546875
7.072996	3.1005859375
7.073996	3.1005859375
7.074996	3.1005859375
7.075996	3.0908203125
7.076996	3.095703125
7.077996	3.0859375
7.078996	3.095703125
7.079996	3.0908203125
7.080996	3.0908203125
7.081996	3.0810546875
7.082996	3.0810546875
7.083996	3.0810546875
7.084996	3.076171875
7.085996	3.0810546875
7.086996	3.06640625
7.087996	3.0615234375
7.088996	3.0615234375
7.09	3.06640625
7.090996	3.0615234375
7.092	3.056640625
7.093	3.056640625
7.094	3.046875
7.095	3.037109375
7.096	3.0419921875
7.096996	3.0419921875
7.097996	3.0322265625
7.098996	3.02734375
7.099996	3.02734375
7.100996	3.0126953125
7.101996	3.017578125
7.102996	3.0078125
7.103996	3.0078125
7.104996	3.0029296875
7.105996	2.998046875
7.106996	2.998046875
7.107996	2.9931640625
7.108996	2.998046875
7.109996	2.98828125
7.110996	2.9931640625
7.111996	2.98828125
7.112996	2.98828125
7.113996	2.978515625
7.114996	2.978515625
7.115996	2.978515625
7.116996	2.96875
7.117996	2.96875
7.118996	2.96875
7.119996	2.9638671875
7.120996	2.958984375
7.121996	2.94921875
7.122996	2.958984375
7.123996	2.94921875
7.124996	2.94921875
7.125996	2.9443359375
7.126996	2.9443359375
7.127996	2.9443359375
7.128996	2.94921875
7.129996	2.9345703125
7.130996	2.9345703125
7.131996	2.939453125
7.133	2.939453125
7.133996	2.9345703125
7.135	2.9296875
7.136	2.9345703125
7.137	2.9345703125
7.138	2.9296875
7.139	2.9248046875
7.139996	2.9296875
7.140996	2.9296875
7.141996	2.9248046875
7.142996	2.9296875
7.143996	2.9296875
7.144996	2.9248046875
7.145996	2.9296875
7.146996	2.9248046875
7.147996	2.939453125
7.148996	2.9296875
7.149996	2.9248046875
7.150996	2.9248046875
7.151996	2.9345703125
7.152996	2.9345703125
7.153996	2.939453125
7.154996	2.939453125
7.155996	2.9345703125
7.156996	2.939453125
7.157996	2.9443359375
7.158996	2.9443359375
7.159996	2.9541015625
7.160996	2.9541015625
7.161996	2.94921875
7.162996	2.9638671875
7.163996	2.9638671875
7.164996	2.96875
7.165996	2.9638671875
7.166996	2.9638671875
7.167996	2.978515625
7.168996	2.978515625
7.169996	2.9736328125
7.170996	2.978515625
7.171996	2.98828125
7.172996	2.98828125
7.173996	2.9931640625
7.175004	2.9931640625
7.175996	2.98828125
7.177	2.9931640625
7.178	2.998046875
7.179	3.0029296875
7.18	3.0078125
7.181	3.0029296875
7.181996	3.0126953125
7.182996	3.017578125
7.183996	3.0126953125
7.184996	3.0224609375
7.185996	3.02734375
7.186996	3.0322265625
7.187996	3.0322265625
7.188996	3.0419921875
7.189996	3.037109375
7.190996	3.056640625
7.191996	3.046875
7.192996	3.0517578125
7.193996	3.056640625
7.194996	3.0615234375
7.195996	3.0615234375
7.196996	3.0615234375
7.197996	3.06640625
7.198996	3.0712890625
7.199996	3.076171875
7.200996	3.076171875
7.201996	3.0810546875
7.202996	3.0859375
7.203996	3.0859375
7.204996	3.0908203125
7.205996	3.095703125
7.206996	3.095703125
7.207996	3.095703125
7.208996	3.095703125
7.209996	3.0908203125
7.210996	3.0908203125
7.211996	3.0908203125
7.212996	3.1005859375
7.213996	3.095703125
7.214996	3.10546875
7.215996	3.10546875
7.216996	3.1103515625
7.218	3.1103515625
7.218996	3.10546875
7.22	3.115234375
7.221	3.1103515625
7.222	3.10546875
7.223	3.10546875
7.224	3.10546875
7.224996	3.1103515625
7.225996	3.1103515625
7.226996	3.1103515625
7.227996	3.1103515625
7.228996	3.10546875
7.229996	3.10546875
7.230996	3.10546875
7.231996	3.1103515625
7.232996	3.115234375
7.233996	3.10546875
7.234996	3.1201171875
7.235996	3.1005859375
7.236996	3.10546875
7.237996	3.1103515625
7.238996	3.1103515625
7.239996	3.1005859375
7.240996	3.1005859375
7.241996	3.1005859375
7.242996	3.095703125
7.243996	3.095703125
7.244996	3.095703125
7.245996	3.0908203125
7.246996	3.0908203125
7.247996	3.0859375
7.248996	3.0810546875
7.249996	3.0908203125
7.250996	3.0908203125
7.251996	3.0810546875
7.252996	3.0810546875
7.253996	3.0810546875
7.254996	3.076171875
7.255996	3.0712890625
7.256996	3.06640625
7.257996	3.06640625
7.258996	3.06640625
7.259996	3.056640625
7.261	3.0615234375
7.261996	3.056640625
7.263	3.056640625
7.264	3.0517578125
7.265	3.046875
7.266	3.037109375
7.267	3.0419921875
7.267996	3.0322265625
7.268996	3.02734375
7.269996	3.017578125
7.270996	3.0224609375
7.271996	3.0078125
7.272996	3.017578125
7.273996	3.0078125
7.274996	3.0029296875
7.275996	3.0078125
7.276996	2.998046875
7.277996	2.98828125
7.278996	2.9931640625
7.279996	2.9931640625
7.280996	2.98828125
7.281996	2.98828125
7.282996	2.98828125
7.283996	2.978515625
7.284996	2.9833984375
7.285996	2.96875
7.286996	2.9736328125
7.287996	2.9638671875
7.288996	2.9638671875
7.289996	2.9638671875
7.290996	2.9638671875
7.291996	2.958984375
7.292996	2.9541015625
7.293996	2.94921875
7.294996	2.958984375
7.295996	2.9541015625
7.296996	2.9443359375
7.297996	2.9443359375
7.298996	2.9443359375
7.299996	2.9443359375
7.300996	2.9345703125
7.301996	2.939453125
7.303004	2.9345703125
7.303996	2.9443359375
7.305	2.939453125
7.306	2.939453125
7.307	2.939453125
7.308	2.9296875
7.309	2.9345703125
7.309996	2.9296875
7.310996	2.9248046875
7.311996	2.9248046875
7.312996	2.9296875
7.313996	2.9345703125
7.314996	2.939453125
7.315996	2.9248046875
7.316996	2.939453125
7.317996	2.9345703125
7.318996	2.9443359375
7.319996	2.9345703125
7.320996	2.9443359375
7.321996	2.939453125
7.322996	2.939453125
7.323996	2.9443359375
7.324996	2.9443359375
7.325996	2.9443359375
7.326996	2.939453125
7.327996	2.939453125
7.328996	2.9443359375
7.329996	2.9541015625
7.330996	2.9541015625
7.331996	2.958984375
7.332996	2.958984375
7.333996	2.9638671875
7.334996	2.9638671875
7.335996	2.96875
7.336996	2.9638671875
7.337996	2.9736328125
7.338996	2.978515625
7.339996	2.96875
7.340996	2.9833984375
7.341996	2.9833984375
7.342996	2.98828125
7.343996	2.978515625
7.344996	2.98828125
7.346	2.98828125
7.346996	2.998046875
7.348	2.998046875
7.349	2.998046875
7.35	3.0078125
7.351	3.0126953125
7.352	3.0078125
7.352996	3.017578125
7.353996	3.0224609375
7.354996	3.017578125
7.355996	3.02734375
7.356996	3.02734375
7.357996	3.0419921875
7.358996	3.02734375
7.359996	3.0419921875
7.360996	3.0419921875
7.361996	3.056640625
7.362996	3.0517578125
7.363996	3.056640625
7.364996	3.0615234375
7.365996	3.0615234375
7.366996	3.056640625
7.367996	3.0615234375
7.368996	3.06640625
7.369996	3.0712890625
7.370996	3.0712890625
7.371996	3.0810546875
7.372996	3.0810546875
7.373996	3.0859375
7.374996	3.0810546875
7.375996	3.0859375
7.376996	3.0859375
7.377996	3.0859375
7.378996	3.0908203125
7.379996	3.095703125
7.380996	3.0908203125
7.381996	3.1005859375
7.382996	3.1005859375
7.383996	3.095703125
7.384996	3.1005859375
7.385996	3.1005859375
7.386996	3.10546875
7.387996	3.1103515625
7.389	3.1005859375
7.389996	3.10546875
7.391	3.10546875
7.392	3.1103515625
7.393	3.115234375
7.394	3.10546875
7.395	3.1103515625
7.395996	3.1103515625
7.396996	3.1103515625
7.397996	3.115234375
7.398996	3.1103515625
7.399996	3.115234375
7.400996	3.1103515625
7.401996	3.1103515625
7.402996	3.115234375
7.403996	3.1103515625
7.404996	3.1103515625
7.405996	3.1103515625
7.406996	3.115234375
7.407996	3.10546875
7.408996	3.1005859375
7.409996	3.095703125
7.410996	3.1005859375
7.411996	3.1005859375
7.412996	3.095703125
7.413996	3.095703125
7.414996	3.1005859375
7.415996	3.0908203125
7.416996	3.0908203125
7.417996	3.0859375
7.418996	3.0908203125
7.419996	3.095703125
7.420996	3.0908203125
7.421996	3.0810546875
7.422996	3.0859375
7.423996	3.0810546875
7.424996	3.0810546875
7.425996	3.0712890625
7.426996	3.0615234375
7.427996	3.06640625
7.428996	3.06640625
7.429996	3.0615234375
7.431004	3.0517578125
7.431996	3.056640625
7.433	3.0517578125
7.434	3.0419921875
7.435	3.046875
7.436	3.0419921875
7.437	3.037109375
7.437996	3.02734375
7.438996	3.02734375
7.439996	3.0322265625
7.440996	3.0224609375
7.441996	3.0224609375
7.442996	3.0126953125
7.443996	3.0029296875
7.444996	3.0029296875
7.445996	3.0029296875
7.446996	3.0029296875
7.447996	2.998046875
7.448996	2.9931640625
7.449996	2.998046875
7.450996	2.9931640625
7.451996	2.98828125
7.452996	2.978515625
7.453996	2.98828125
7.454996	2.978515625
7.455996	2.978515625
7.456996	2.9736328125
7.457996	2.9736328125
7.458996	2.96875
7.459996	2.9638671875
7.460996	2.9638671875
7.461996	2.9638671875
7.462996	2.958984375
7.463996	2.958984375
7.464996	2.9541015625
7.465996	2.9443359375
7.466996	2.94921875
7.467996	2.9443359375
7.468996	2.9443359375
7.469996	2.9443359375
7.470996	2.9443359375
7.471996	2.939453125
7.472996	2.9443359375
7.474	2.939453125
7.474996	2.9345703125
7.476	2.9345703125
7.477	2.939453125
7.478	2.939453125
7.479	2.939453125
7.48	2.9345703125
7.480996	2.9296875
7.481996	2.9345703125
7.482996	2.9345703125
7.483996	2.939453125
7.484996	2.9296875
7.485996	2.9296875
7.486996	2.9345703125
7.487996	2.939453125
7.488996	2.9443359375
7.489996	2.9345703125
7.490996	2.939453125
7.491996	2.9443359375
7.492996	2.939453125
7.493996	2.9443359375
7.494996	2.9443359375
7.495996	2.9443359375
7.496996	2.939453125
7.497996	2.94921875
7.498996	2.9541015625
7.499996	2.9541015625
7.500996	2.94921875
7.501996	2.958984375
7.502996	2.9541015625
7.503996	2.96875
7.504996	2.96875
7.505996	2.96875
7.506996	2.96875
7.507996	2.978515625
7.508996	2.96875
7.509996	2.9833984375
7.510996	2.9833984375
7.511996	2.98828125
7.512996	2.9833984375
7.513996	2.9931640625
7.514996	2.9931640625
7.515996	2.9931640625
7.517	2.9931640625
7.517996	3.0078125
7.519	2.998046875
7.52	3.0078125
7.521	3.0078125
7.522	3.0126953125
7.523	3.0078125
7.523996	3.0224609375
7.524996	3.017578125
7.525996	3.02734375
7.526996	3.02734375
7.527996	3.037109375
7.528996	3.0322265625
7.529996	3.0419921875
7.530996	3.0419921875
7.531996	3.046875
7.532996	3.0517578125
7.533996	3.056640625
7.534996	3.056640625
7.535996	3.056640625
7.536996	3.0615234375
7.537996	3.0615234375
7.538996	3.06640625
7.539996	3.0712890625
7.540996	3.0712890625
7.541996	3.0810546875
7.542996	3.0810546875
7.543996	3.0810546875
7.544996	3.0859375
7.545996	3.0859375
7.546996	3.0908203125
7.547996	3.0908203125
7.548996	3.095703125
7.549996	3.0908203125
7.550996	3.095703125
7.551996	3.095703125
7.552996	3.095703125
7.553996	3.095703125
7.554996	3.1005859375
7.555996	3.0908203125
7.556996	3.10546875
7.557996	3.095703125
7.559004	3.10546875
7.559996	3.10546875
7.561	3.10546875
7.562	3.1103515625
7.563	3.10546875
7.564	3.1103515625
7.565	3.10546875
7.565996	3.10546875
7.566996	3.10546875
7.567996	3.10546875
7.568996	3.10546875
7.569996	3.115234375
7.570996	3.1103515625
7.571996	3.1103515625
7.572996	3.10546875
7.573996	3.1103515625
7.574996	3.10546875
7.575996	3.1005859375
7.576996	3.10546875
7.577996	3.1005859375
7.578996	3.1005859375
7.579996	3.1005859375
7.580996	3.095703125
7.581996	3.1005859375
7.582996	3.095703125
7.583996	3.0908203125
7.584996	3.0908203125
7.585996	3.0908203125
7.586996	3.0859375
7.587996	3.0908203125
7.588996	3.0908203125
7.589996	3.0810546875
7.590996	3.076171875
7.591996	3.076171875
7.592996	3.0859375
7.593996	3.0712890625
7.594996	3.0712890625
7.595996	3.0615234375
7.596996	3.0712890625
7.597996	3.0615234375
7.598996	3.0615234375
7.599996	3.0517578125
7.600996	3.06640625
7.602	3.0615234375
7.602996	3.056640625
7.604	3.0517578125
7.605	3.046875
7.606	3.0322265625
7.607	3.0419921875
7.608	3.02734375
7.608996	3.0224609375
7.609996	3.02734375
7.610996	3.0224609375
7.611996	3.0126953125
7.612996	3.0224609375
7.613996	3.0078125
7.614996	3.0078125
7.615996	3.0029296875
7.616996	3.0029296875
7.617996	2.998046875
7.618996	3.0029296875
7.619996	2.998046875
7.620996	2.9931640625
7.621996	2.98828125
7.622996	2.98828125
7.623996	2.98828125
7.624996	2.98828125
7.625996	2.98828125
7.626996	2.9736328125
7.627996	2.9736328125
7.628996	2.9736328125
7.629996	2.96875
7.630996	2.96875
7.631996	2.9638671875
7.632996	2.9638671875
7.633996	2.958984375
7.634996	2.9541015625
7.635996	2.9541015625
7.636996	2.9541015625
7.637996	2.958984375
7.638996	2.9443359375
7.639996	2.9541015625
7.640996	2.9443359375
7.641996	2.9443359375
7.642996	2.94921875
7.643996	2.939453125
7.645	2.939453125
7.645996	2.9443359375
7.647	2.9443359375
7.648	2.939453125
7.649	2.939453125
7.65	2.9345703125
7.651	2.9345703125
7.651996	2.939453125
7.652996	2.939453125
7.653996	2.9248046875
7.654996	2.939453125
7.655996	2.9345703125
7.656996	2.9345703125
7.657996	2.9345703125
7.658996	2.9345703125
7.659996	2.939453125
7.660996	2.939453125
7.661996	2.939453125
7.662996	2.9443359375
7.663996	2.94921875
7.664996	2.939453125
7.665996	2.9443359375
7.666996	2.9541015625
7.667996	2.9541015625
7.668996	2.9541015625
7.669996	2.9541015625
7.670996	2.9541015625
7.671996	2.9638671875
7.672996	2.9638671875
7.673996	2.96875
7.674996	2.96875
7.675996	2.96875
7.676996	2.9736328125
7.677996	2.96875
7.678996	2.9736328125
7.679996	2.978515625
7.680996	2.98828125
7.681996	2.9833984375
7.682996	2.9833984375
7.683996	2.98828125
7.684996	2.9833984375
7.685996	2.9931640625
7.687004	2.998046875
7.687996	3.0078125
7.689	3.0029296875
7.69	3.0029296875
7.691	3.0078125
7.692	3.0078125
7.693	3.0126953125
7.693996	3.0126953125
7.694996	3.0224609375
7.695996	3.02734375
7.696996	3.02734375
7.697996	3.02734375
7.698996	3.0322265625
7.699996	3.0419921875
7.700996	3.0419921875
7.701996	3.0517578125
7.702996	3.0517578125
7.703996	3.056640625
7.704996	3.056640625
7.705996	3.0517578125
7.706996	3.06640625
7.707996	3.06640625
7.708996	3.06640625
7.709996	3.0712890625
7.710996	3.076171875
7.711996	3.0712890625
7.712996	3.0810546875
7.713996	3.0810546875
7.714996	3.0810546875
7.715996	3.0810546875
7.716996	3.0908203125
7.717996	3.0908203125
7.718996	3.0908203125
7.719996	3.0908203125
7.720996	3.0859375
7.721996	3.095703125
7.722996	3.095703125
7.723996	3.095703125
7.724996	3.1005859375
7.725996	3.095703125
7.726996	3.1005859375
7.727996	3.095703125
7.728996	3.095703125
7.73	3.1005859375
7.730996	3.10546875
7.732	3.1005859375
7.733	3.1005859375
7.734	3.115234375
7.735	3.1005859375
7.736	3.1005859375
7.736996	3.1005859375
7.737996	3.1005859375
7.738996	3.1005859375
7.739996	3.1005859375
7.740996	3.10546875
7.741996	3.10546875
7.742996	3.10546875
7.743996	3.1005859375
7.744996	3.10546875
7.745996	3.1005859375
7.746996	3.095703125
7.747996	3.1005859375
7.748996	3.095703125
7.749996	3.095703125
7.750996	3.1005859375
7.751996	3.1005859375
7.752996	3.095703125
7.753996	3.0908203125
7.754996	3.095703125
7.755996	3.095703125
7.756996	3.0908203125
7.757996	3.0908203125
7.758996	3.0859375
7.759996	3.0908203125
7.760996	3.0810546875
7.761996	3.076171875
7.762996	3.0810546875
7.763996	3.0712890625
7.764996	3.0712890625
7.765996	3.0712890625
7.766996	3.06640625
7.767996	3.06640625
7.768996	3.0615234375
7.769996	3.06640625
7.770996	3.0615234375
7.771996	3.0615234375
7.773	3.0517578125
7.773996	3.0517578125
7.775	3.046875
7.776	3.0419921875
7.777	3.037109375
7.778	3.02734375
7.779	3.02734375
7.779996	3.02734375
7.780996	3.0224609375
7.781996	3.0224609375
7.782996	3.0126953125
7.783996	3.0126953125
7.784996	2.998046875
7.785996	2.998046875
7.786996	3.0029296875
7.787996	3.0029296875
7.788996	2.998046875
7.789996	2.98828125
7.790996	2.98828125
7.791996	2.9833984375
7.792996	2.98828125
7.793996	2.98828125
7.794996	2.98828125
7.795996	2.9833984375
7.796996	2.978515625
7.797996	2.9736328125
7.798996	2.978515625
7.799996	2.9736328125
7.800996	2.9736328125
7.801996	2.96875
7.802996	2.958984375
7.803996	2.9638671875
7.804996	2.9638671875
7.805996	2.9638671875
7.806996	2.9638671875
7.807996	2.94921875
7.808996	2.94921875
7.809996	2.9443359375
7.810996	2.94921875
7.811996	2.9541015625
7.812996	2.9443359375
7.813996	2.9443359375
7.815004	2.9443359375
7.815996	2.9443359375
7.817	2.94921875
7.818	2.939453125
7.819	2.939453125
7.82	2.939453125
7.821	2.9345703125
7.821996	2.939453125
7.822996	2.9443359375
7.823996	2.9443359375
7.824996	2.9443359375
7.825996	2.9345703125
7.826996	2.9345703125
7.827996	2.9443359375
7.828996	2.939453125
7.829996	2.9443359375
7.830996	2.939453125
7.831996	2.94921875
7.832996	2.9443359375
7.833996	2.94921875
7.834996	2.94921875
7.835996	2.9541015625
7.836996	2.9541015625
7.837996	2.94921875
7.838996	2.9541015625
7.839996	2.9541015625
7.840996	2.9541015625
7.841996	2.9638671875
7.842996	2.9638671875
7.843996	2.9638671875
7.844996	2.96875
7.845996	2.96875
7.846996	2.978515625
7.847996	2.96875
7.848996	2.9736328125
7.849996	2.978515625
7.850996	2.978515625
7.851996	2.98828125
7.852996	2.9833984375
7.853996	2.9833984375
7.854996	2.9931640625
7.855996	2.998046875
7.856996	2.9931640625
7.858	3.0029296875
7.858996	3.0029296875
7.86	3.0029296875
7.861	3.0126953125
7.862	3.0078125
7.863	3.017578125
7.864	3.0126953125
7.864996	3.017578125
7.865996	3.017578125
7.866996	3.02734375
7.867996	3.0224609375
7.868996	3.037109375
7.869996	3.037109375
7.870996	3.0419921875
7.871996	3.046875
7.872996	3.046875
7.873996	3.0517578125
7.874996	3.056640625
7.875996	3.056640625
7.876996	3.0517578125
7.877996	3.06640625
7.878996	3.06640625
7.879996	3.0712890625
7.880996	3.06640625
7.881996	3.076171875
7.882996	3.0712890625
7.883996	3.0859375
7.884996	3.0810546875
7.885996	3.0859375
7.886996	3.0810546875
7.887996	3.0810546875
7.888996	3.0859375
7.889996	3.095703125
7.890996	3.0859375
7.891996	3.095703125
7.892996	3.0859375
7.893996	3.095703125
7.894996	3.095703125
7.895996	3.1005859375
7.896996	3.1005859375
7.897996	3.0908203125
7.898996	3.10546875
7.899996	3.095703125
7.901	3.095703125
7.901996	3.095703125
7.903	3.1005859375
7.904	3.095703125
7.905	3.1005859375
7.906	3.1005859375
7.907	3.095703125
7.907996	3.1005859375
7.908996	3.1005859375
7.909996	3.1005859375
7.910996	3.10546875
7.911996	3.10546875
7.912996	3.10546875
7.913996	3.1005859375
7.914996	3.1005859375
7.915996	3.10546875
7.916996	3.095703125
7.917996	3.095703125
7.918996	3.1005859375
7.919996	3.095703125
7.920996	3.095703125
7.921996	3.0908203125
7.922996	3.095703125
7.923996	3.0859375
7.924996	3.0859375
7.925996	3.0859375
7.926996	3.0810546875
7.927996	3.0859375
7.928996	3.095703125
7.929996	3.0859375
7.930996	3.0810546875
7.931996	3.0859375
7.932996	3.0810546875
7.933996	3.0712890625
7.934996	3.0712890625
7.935996	3.076171875
7.936996	3.0615234375
7.937996	3.056640625
7.938996	3.0615234375
7.939996	3.0615234375
7.940996	3.0615234375
7.941996	3.056640625
7.943004	3.0517578125
7.943996	3.046875
7.945	3.0419921875
7.946	3.0419921875
7.947	3.037109375
7.948	3.0322265625
7.949	3.0322265625
7.949996	3.02734375
7.950996	3.0224609375
7.951996	3.017578125
7.952996	3.017578125
7.953996	3.017578125
7.954996	3.0078125
7.955996	3.0078125
7.956996	3.0029296875
7.957996	3.0029296875
7.958996	3.0029296875
7.959996	2.998046875
7.960996	2.998046875
7.961996	2.98828125
7.962996	2.98828125
7.963996	2.98828125
7.964996	2.98828125
7.965996	2.9833984375
7.966996	2.9833984375
7.967996	2.978515625
7.968996	2.978515625
7.969996	2.96875
7.970996	2.9736328125
7.971996	2.96875
7.972996	2.96875
7.973996	2.9638671875
7.974996	2.96875
7.975996	2.9638671875
7.976996	2.9638671875
7.977996	2.958984375
7.978996	2.958984375
7.979996	2.9541015625
7.980996	2.9541015625
7.981996	2.9541015625
7.982996	2.9541015625
7.983996	2.94921875
7.984996	2.94921875
7.986	2.939453125
7.986996	2.9443359375
7.988	2.94921875
7.989	2.9443359375
7.99	2.939453125
7.991	2.939453125
7.992	2.9443359375
7.992996	2.9443359375
7.993996	2.9443359375
7.994996	2.939453125
7.995996	2.9443359375
7.996996	2.9443359375
7.997996	2.939453125
7.998996	2.94921875
7.999996	2.9443359375
8.000996	2.9443359375
8.001996	2.9443359375
8.002996	2.9541015625
8.003996	2.9443359375
8.004996	2.9541015625
8.005996	2.94921875
8.006996	2.9541015625
8.007996	2.94921875
8.008996	2.9541015625
8.009996	2.9541015625
8.010996	2.9638671875
8.011996	2.9638671875
8.012996	2.9638671875
8.013996	2.9638671875
8.014996	2.9736328125
8.015996	2.9736328125
8.016996	2.9736328125
8.017996	2.978515625
8.018996	2.978515625
8.019996	2.9833984375
8.020996	2.9833984375
8.021996	2.98828125
8.022996	2.9833984375
8.023996	2.9833984375
8.024996	2.9931640625
8.025996	2.998046875
8.026996	2.98828125
8.027996	2.9931640625
8.029	3.0029296875
8.029996	3.0029296875
8.031	3.0029296875
8.032	3.0078125
8.033	3.0126953125
8.034	3.0224609375
8.035	3.017578125
8.035996	3.017578125
8.036996	3.0322265625
8.037996	3.0322265625
8.038996	3.0322265625
8.039996	3.0322265625
8.040996	3.0322265625
8.041996	3.0419921875
8.042996	3.0419921875
8.043996	3.0517578125
8.044996	3.0517578125
8.045996	3.0517578125
8.046996	3.06640625
8.047996	3.0517578125
8.048996	3.06640625
8.049996	3.0615234375
8.050996	3.0712890625
8.051996	3.0712890625
8.052996	3.0615234375
8.053996	3.0712890625
8.054996	3.0810546875
8.055996	3.076171875
8.056996	3.0810546875
8.057996	3.076171875
8.058996	3.0908203125
8.059996	3.0859375
8.060996	3.095703125
8.061996	3.0908203125
8.062996	3.0908203125
8.063996	3.0908203125
8.064996	3.0908203125
8.065996	3.0908203125
8.066996	3.1005859375
8.067996	3.095703125
8.068996	3.095703125
8.069996	3.1005859375
8.071004	3.095703125
8.071996	3.095703125
8.073	3.1005859375
8.074	3.095703125
8.075	3.1005859375
8.076	3.1005859375
8.077	3.1005859375
8.077996	3.1005859375
8.078996	3.1005859375
8.079996	3.1005859375
8.080996	3.1005859375
8.081996	3.10546875
8.082996	3.1005859375
8.083996	3.1005859375
8.084996	3.1005859375
8.085996	3.0908203125
8.086996	3.0908203125
8.087996	3.095703125
8.088996	3.095703125
8.089996	3.1005859375
8.090996	3.095703125
8.091996	3.0908203125
8.092996	3.095703125
8.093996	3.0859375
8.094996	3.0908203125
8.095996	3.0859375
8.096996	3.0908203125
8.097996	3.0810546875
8.098996	3.0859375
8.099996	3.0810546875
8.100996	3.0810546875
8.101996	3.076171875
8.102996	3.076171875
8.103996	3.0712890625
8.104996	3.0810546875
8.105996	3.0712890625
8.106996	3.06640625
8.107996	3.0615234375
8.108996	3.0615234375
8.109996	3.0517578125
8.110996	3.0615234375
8.111996	3.056640625
8.112996	3.056640625
8.114	3.0517578125
8.114996	3.037109375
8.116	3.046875
8.117	3.0419921875
8.118	3.037109375
8.119	3.0322265625
8.12	3.0322265625
8.120996	3.02734375
8.121996	3.0224609375
8.122996	3.0126953125
8.123996	3.0126953125
8.124996	3.017578125
8.125996	3.0029296875
8.126996	3.0078125
8.127996	3.0078125
8.128996	3.0029296875
8.129996	3.0029296875
8.130996	2.998046875
8.131996	2.9931640625
8.132996	2.9931640625
8.133996	2.9931640625
8.134996	2.98828125
8.135996	2.9833984375
8.136996	2.9833984375
8.137996	2.978515625
8.138996	2.978515625
8.139996	2.978515625
8.140996	2.9736328125
8.141996	2.96875
8.142996	2.96875
8.143996	2.9638671875
8.144996	2.96875
8.145996	2.96875
8.146996	2.9638671875
8.147996	2.9638671875
8.148996	2.958984375
8.149996	2.958984375
8.150996	2.94921875
8.151996	2.958984375
8.152996	2.94921875
8.153996	2.94921875
8.154996	2.9443359375
8.155996	2.9541015625
8.157	2.9541015625
8.157996	2.94921875
8.159	2.94921875
8.16	2.9443359375
8.161	2.939453125
8.162	2.9443359375
8.163	2.94921875
8.163996	2.94921875
8.164996	2.94921875
8.165996	2.9443359375
8.166996	2.9443359375
8.167996	2.94921875
8.168996	2.9443359375
8.169996	2.9443359375
8.170996	2.9541015625
8.171996	2.94921875
8.172996	2.958984375
8.173996	2.9541015625
8.174996	2.958984375
8.175996	2.9541015625
8.176996	2.9541015625
8.177996	2.9541015625
8.178996	2.958984375
8.179996	2.9638671875
8.180996	2.9638671875
8.181996	2.96875
8.182996	2.96875
8.183996	2.9638671875
8.184996	2.9638671875
8.185996	2.978515625
8.186996	2.96875
8.187996	2.96875
8.188996	2.9736328125
8.189996	2.9833984375
8.190996	2.98828125
8.191996	2.9833984375
8.192996	2.98828125
8.193996	2.978515625
8.194996	2.98828125
8.195996	2.9931640625
8.196996	2.998046875
8.197996	3.0029296875
8.199004	3.0029296875
8.199996	2.998046875
8.201	3.0078125
8.202	3.0078125
8.203	3.017578125
8.204	3.017578125
8.205	3.017578125
8.205996	3.017578125
8.206996	3.0224609375
8.207996	3.02734375
8.208996	3.02734375
8.209996	3.0322265625
8.210996	3.0322265625
8.211996	3.037109375
8.212996	3.046875
8.213996	3.046875
8.214996	3.0517578125
8.215996	3.0517578125
8.216996	3.0615234375
8.217996	3.0615234375
8.218996	3.0517578125
8.219996	3.0615234375
8.220996	3.06640625
8.221996	3.0712890625
8.222996	3.0615234375
8.223996	3.0712890625
8.224996	3.076171875
8.225996	3.0712890625
8.226996	3.0810546875
8.227996	3.0859375
8.228996	3.0859375
8.229996	3.0859375
8.230996	3.0908203125
8.231996	3.0908203125
8.232996	3.0859375
8.233996	3.095703125
8.234996	3.0908203125
8.235996	3.0908203125
8.236996	3.095703125
8.237996	3.1005859375
8.238996	3.0908203125
8.239996	3.0859375
8.240996	3.095703125
8.242	3.095703125
8.242996	3.1005859375
8.244	3.1005859375
8.245	3.1005859375
8.246	3.095703125
8.247	3.095703125
8.248	3.1005859375
8.248996	3.1005859375
8.249996	3.1005859375
8.250996	3.095703125
8.251996	3.1005859375
8.252996	3.095703125
8.253996	3.095703125
8.254996	3.095703125
8.255996	3.1005859375
8.256996	3.095703125
8.257996	3.095703125
8.258996	3.0908203125
8.259996	3.095703125
8.260996	3.095703125
8.261996	3.0859375
8.262996	3.095703125
8.263996	3.0859375
8.264996	3.0859375
8.265996	3.095703125
8.266996	3.0859375
8.267996	3.0908203125
8.268996	3.0859375
8.269996	3.0859375
8.270996	3.076171875
8.271996	3.0712890625
8.272996	3.076171875
8.273996	3.0712890625
8.274996	3.06640625
8.275996	3.0712890625
8.276996	3.06640625
8.277996	3.056640625
8.278996	3.056640625
8.279996	3.056640625
8.280996	3.0615234375
8.281996	3.056640625
8.282996	3.056640625
8.283996	3.046875
8.285	3.046875
8.285996	3.037109375
8.287	3.0419921875
8.288	3.037109375
8.289	3.0322265625
8.29	3.0224609375
8.291	3.0322265625
8.291996	3.0224609375
8.292996	3.0126953125
8.293996	3.0224609375
8.294996	3.017578125
8.295996	3.0126953125
8.296996	3.0126953125
8.297996	3.0078125
8.298996	3.0029296875
8.299996	2.998046875
8.300996	2.998046875
8.301996	2.9931640625
8.302996	2.9931640625
8.303996	2.9931640625
8.304996	2.98828125
8.305996	2.9833984375
8.306996	2.978515625
8.307996	2.98828125
8.308996	2.978515625
8.309996	2.978515625
8.310996	2.96875
8.311996	2.9736328125
8.312996	2.9736328125
8.313996	2.9638671875
8.314996	2.96875
8.315996	2.9638671875
8.316996	2.9638671875
8.317996	2.958984375
8.318996	2.958984375
8.319996	2.9638671875
8.320996	2.958984375
8.321996	2.94921875
8.322996	2.9541015625
8.323996	2.9541015625
8.324996	2.94921875
8.325996	2.94921875
8.327004	2.9541015625
8.327996	2.94921875
8.329	2.94921875
8.33	2.94921875
8.331	2.9443359375
8.332	2.94921875
8.333	2.94921875
8.333996	2.94921875
8.334996	2.9443359375
8.335996	2.9443359375
8.336996	2.94921875
8.337996	2.94921875
8.338996	2.9541015625
8.339996	2.94921875
8.340996	2.9541015625
8.341996	2.94921875
8.342996	2.9541015625
8.343996	2.9541015625
8.344996	2.9541015625
8.345996	2.94921875
8.346996	2.9541015625
8.347996	2.9638671875
8.348996	2.958984375
8.349996	2.9638671875
8.350996	2.9638671875
8.351996	2.958984375
8.352996	2.9638671875
8.353996	2.9638671875
8.354996	2.96875
8.355996	2.9736328125
8.356996	2.9736328125
8.357996	2.978515625
8.358996	2.978515625
8.359996	2.978515625
8.360996	2.9931640625
8.361996	2.98828125
8.362996	2.9833984375
8.363996	2.98828125
8.364996	2.998046875
8.365996	2.9931640625
8.366996	2.998046875
8.367996	2.998046875
8.368996	3.0029296875
8.37	3.0078125
8.370996	3.0078125
8.372	3.0078125
8.373	3.0078125
8.374	3.017578125
8.375	3.017578125
8.376	3.0224609375
8.376996	3.0224609375
8.377996	3.0224609375
8.378996	3.02734375
8.379996	3.02734375
8.380996	3.0322265625
8.381996	3.0419921875
8.382996	3.0419921875
8.383996	3.046875
8.384996	3.046875
8.385996	3.056640625
8.386996	3.0517578125
8.387996	3.0615234375
8.388996	3.056640625
8.389996	3.0615234375
8.390996	3.06640625
8.391996	3.06640625
8.392996	3.0712890625
8.393996	3.0712890625
8.394996	3.0810546875
8.395996	3.076171875
8.396996	3.0810546875
8.397996	3.0810546875
8.398996	3.0859375
8.399996	3.076171875
8.400996	3.0908203125
8.401996	3.0859375
8.402996	3.095703125
8.403996	3.0908203125
8.404996	3.0908203125
8.405996	3.0908203125
8.406996	3.0859375
8.407996	3.0908203125
8.408996	3.0908203125
8.409996	3.095703125
8.410996	3.1005859375
8.411996	3.0908203125
8.413	3.095703125
8.413996	3.095703125
8.415	3.095703125
8.416	3.095703125
8.417	3.095703125
8.418	3.095703125
8.419	3.0908203125
8.419996	3.095703125
8.420996	3.095703125
8.421996	3.095703125
8.422996	3.0908203125
8.423996	3.0908203125
8.424996	3.1005859375
8.425996	3.0908203125
8.426996	3.095703125
8.427996	3.095703125
8.428996	3.0908203125
8.429996	3.095703125
8.430996	3.0908203125
8.431996	3.0908203125
8.432996	3.0908203125
8.433996	3.0908203125
8.434996	3.095703125
8.435996	3.0908203125
8.436996	3.0810546875
8.437996	3.095703125
8.438996	3.076171875
8.439996	3.076171875
8.440996	3.0859375
8.441996	3.076171875
8.442996	3.0810546875
8.443996	3.06640625
8.444996	3.06640625
8.445996	3.0712890625
8.446996	3.0615234375
8.447996	3.06640625
8.448996	3.0615234375
8.449996	3.0517578125
8.450996	3.0615234375
8.451996	3.056640625
8.452996	3.0517578125
8.453996	3.046875
8.455004	3.046875
8.455996	3.037109375
8.457	3.037109375
8.458	3.037109375
8.459	3.02734375
8.46	3.02734375
8.461	3.02734375
8.461996	3.02734375
8.462996	3.02734375
8.463996	3.017578125
8.464996	3.017578125
8.465996	3.0078125
8.466996	3.0126953125
8.467996	3.0078125
8.468996	2.998046875
8.469996	2.998046875
8.470996	3.0029296875
8.471996	2.998046875
8.472996	2.998046875
8.473996	2.9931640625
8.474996	2.9833984375
8.475996	2.9833984375
8.476996	2.98828125
8.477996	2.9833984375
8.478996	2.9833984375
8.479996	2.9736328125
8.480996	2.9833984375
8.481996	2.96875
8.482996	2.9736328125
8.483996	2.978515625
8.484996	2.96875
8.485996	2.958984375
8.486996	2.96875
8.487996	2.96875
8.488996	2.9638671875
8.489996	2.958984375
8.490996	2.9541015625
8.491996	2.958984375
8.492996	2.9541015625
8.493996	2.9541015625
8.494996	2.9443359375
8.495996	2.9541015625
8.496996	2.9541015625
8.498	2.9541015625
8.498996	2.958984375
8.5	2.9541015625
8.501	2.9541015625
8.502	2.94921875
8.503	2.94921875
8.504	2.94921875
8.504996	2.94921875
8.505996	2.939453125
8.506996	2.9443359375
8.507996	2.9541015625
8.508996	2.9443359375
8.509996	2.94921875
8.510996	2.9541015625
8.511996	2.9541015625
8.512996	2.9541015625
8.513996	2.9541015625
8.514996	2.958984375
8.515996	2.9541015625
8.516996	2.9541015625
8.517996	2.9541015625
8.518996	2.958984375
8.519996	2.96875
8.520996	2.96875
8.521996	2.9638671875
8.522996	2.9638671875
8.523996	2.9736328125
8.524996	2.9736328125
8.525996	2.9736328125
8.526996	2.9736328125
8.527996	2.978515625
8.528996	2.9833984375
8.529996	2.978515625
8.530996	2.9833984375
8.531996	2.98828125
8.532996	2.9833984375
8.533996	2.98828125
8.534996	2.9931640625
8.535996	2.9931640625
8.536996	2.998046875
8.537996	2.998046875
8.538996	2.998046875
8.539996	3.0029296875
8.541	2.998046875
8.541996	3.0078125
8.543	3.0078125
8.544	3.017578125
8.545	3.0126953125
8.546	3.017578125
8.547	3.0224609375
8.547996	3.037109375
8.548996	3.0322265625
8.549996	3.037109375
8.550996	3.0322265625
8.551996	3.0419921875
8.552996	3.0419921875
8.553996	3.046875
8.554996	3.046875
8.555996	3.0517578125
8.556996	3.056640625
8.557996	3.056640625
8.558996	3.0517578125
8.559996	3.056640625
8.560996	3.056640625
8.561996	3.056640625
8.562996	3.06640625
8.563996	3.0712890625
8.564996	3.0712890625
8.565996	3.0712890625
8.566996	3.0712890625
8.567996	3.0712890625
8.568996	3.076171875
8.569996	3.0859375
8.570996	3.0859375
8.571996	3.0859375
8.572996	3.0908203125
8.573996	3.0810546875
8.574996	3.0859375
8.575996	3.0859375
8.576996	3.0859375
8.577996	3.0859375
8.578996	3.0908203125
8.579996	3.0859375
8.580996	3.0908203125
8.581996	3.095703125
8.583004	3.095703125
8.583996	3.095703125
8.585	3.095703125
8.586	3.0859375
8.587	3.095703125
8.588	3.0908203125
8.589	3.095703125
8.589996	3.095703125
8.590996	3.1005859375
8.591996	3.095703125
8.592996	3.095703125
8.593996	3.095703125
8.594996	3.095703125
8.595996	3.095703125
8.596996	3.0908203125
8.597996	3.0908203125
8.598996	3.0908203125
8.599996	3.0908203125
8.600996	3.0908203125
8.601996	3.0908203125
8.602996	3.0908203125
8.603996	3.0908203125
8.604996	3.0859375
8.605996	3.0859375
8.606996	3.0859375
8.607996	3.076171875
8.608996	3.0810546875
8.609996	3.076171875
8.610996	3.0712890625
8.611996	3.076171875
8.612996	3.06640625
8.613996	3.076171875
8.614996	3.0615234375
8.615996	3.056640625
8.616996	3.0615234375
8.617996	3.0615234375
8.618996	3.0615234375
8.619996	3.0517578125
8.620996	3.0517578125
8.621996	3.0517578125
8.622996	3.056640625
8.623996	3.046875
8.624996	3.0419921875
8.626	3.0419921875
8.626996	3.0419921875
8.628	3.0322265625
8.629	3.037109375
8.63	3.02734375
8.631	3.0224609375
8.632	3.02734375
8.632996	3.017578125
8.633996	3.017578125
8.634996	3.0126953125
8.635996	3.0029296875
8.636996	3.0078125
8.637996	3.0029296875
8.638996	3.0029296875
8.639996	2.998046875
8.640996	2.998046875
8.641996	2.9931640625
8.642996	2.9931640625
8.643996	2.9931640625
8.644996	2.9931640625
8.645996	2.98828125
8.646996	2.9931640625
8.647996	2.98828125
8.648996	2.98828125
8.649996	2.98828125
8.650996	2.9833984375
8.651996	2.9833984375
8.652996	2.978515625
8.653996	2.9736328125
8.654996	2.978515625
8.655996	2.9736328125
8.656996	2.9736328125
8.657996	2.9638671875
8.658996	2.9638671875
8.659996	2.96875
8.660996	2.9638671875
8.661996	2.958984375
8.662996	2.9638671875
8.663996	2.96875
8.664996	2.9541015625
8.665996	2.958984375
8.666996	2.9541015625
8.667996	2.9443359375
8.669	2.94921875
8.669996	2.9443359375
8.671	2.94921875
8.672	2.958984375
8.673	2.94921875
8.674	2.9541015625
8.675	2.9541015625
8.675996	2.9541015625
8.676996	2.9541015625
8.677996	2.958984375
8.678996	2.958984375
8.679996	2.9541015625
8.680996	2.94921875
8.681996	2.9541015625
8.682996	2.94921875
8.683996	2.958984375
8.684996	2.958984375
8.685996	2.9638671875
8.686996	2.9638671875
8.687996	2.9638671875
8.688996	2.958984375
8.689996	2.9638671875
8.690996	2.9638671875
8.691996	2.958984375
8.692996	2.96875
8.693996	2.978515625
8.694996	2.9736328125
8.695996	2.9736328125
8.696996	2.978515625
8.697996	2.9833984375
8.698996	2.978515625
8.699996	2.9833984375
8.700996	2.978515625
8.701996	2.9833984375
8.702996	2.98828125
8.703996	2.998046875
8.704996	2.998046875
8.705996	2.9931640625
8.706996	2.998046875
8.707996	3.0029296875
8.708996	3.0029296875
8.709996	3.0029296875
8.711004	2.998046875
8.711996	3.0078125
8.713	3.0029296875
8.714	3.017578125
8.715	3.017578125
8.716	3.0224609375
8.717	3.0224609375
8.717996	3.02734375
8.718996	3.02734375
8.719996	3.0322265625
8.720996	3.0322265625
8.721996	3.037109375
8.722996	3.0419921875
8.723996	3.046875
8.724996	3.046875
8.725996	3.046875
8.726996	3.056640625
8.727996	3.056640625
8.728996	3.056640625
8.729996	3.056640625
8.730996	3.056640625
8.731996	3.0615234375
8.732996	3.06640625
8.733996	3.06640625
8.734996	3.0712890625
8.735996	3.0712890625
8.736996	3.0712890625
8.737996	3.0712890625
8.738996	3.076171875
8.739996	3.0810546875
8.740996	3.0859375
8.741996	3.076171875
8.742996	3.0859375
8.743996	3.095703125
8.744996	3.0859375
8.745996	3.0859375
8.746996	3.0859375
8.747996	3.0908203125
8.748996	3.095703125
8.749996	3.0859375
8.750996	3.095703125
8.751996	3.095703125
8.752996	3.095703125
8.754	3.0908203125
8.754996	3.095703125
8.756	3.095703125
8.757	3.095703125
8.758	3.0908203125
8.759	3.0908203125
8.76	3.0908203125
8.760996	3.0908203125
8.761996	3.0908203125
8.762996	3.095703125
8.763996	3.095703125
8.764996	3.0908203125
8.765996	3.095703125
8.766996	3.0859375
8.767996	3.0908203125
8.768996	3.0908203125
8.769996	3.095703125
8.770996	3.0908203125
8.771996	3.0908203125
8.772996	3.0908203125
8.773996	3.0908203125
8.774996	3.0859375
8.775996	3.0859375
8.776996	3.0810546875
8.777996	3.0810546875
8.778996	3.0859375
8.779996	3.0810546875
8.780996	3.0810546875
8.781996	3.076171875
8.782996	3.06640625
8.783996	3.0615234375
8.784996	3.0712890625
8.785996	3.0615234375
8.786996	3.06640625
8.787996	3.056640625
8.788996	3.0615234375
8.789996	3.0517578125
8.790996	3.056640625
8.791996	3.0517578125
8.792996	3.056640625
8.793996	3.046875
8.794996	3.0419921875
8.795996	3.0419921875
8.797	3.037109375
8.797996	3.0419921875
8.799	3.0419921875
8.8	3.02734375
8.801	3.02734375
8.802	3.0322265625
8.803	3.02734375
8.803996	3.017578125
8.804996	3.017578125
8.805996	3.0126953125
8.806996	3.0126953125
8.807996	3.0029296875
8.808996	3.0029296875
8.809996	3.0029296875
8.810996	3.0029296875
8.811996	2.998046875
8.812996	2.998046875
8.813996	2.9931640625
8.814996	2.98828125
8.815996	2.9931640625
8.816996	2.9833984375
8.817996	2.9833984375
8.818996	2.978515625
8.819996	2.9833984375
8.820996	2.9833984375
8.821996	2.978515625
8.822996	2.978515625
8.823996	2.978515625
8.824996	2.978515625
8.825996	2.978515625
8.826996	2.978515625
8.827996	2.96875
8.828996	2.96875
8.829996	2.96875
8.830996	2.9638671875
8.831996	2.9638671875
8.832996	2.958984375
8.833996	2.9638671875
8.834996	2.9638671875
8.835996	2.9638671875
8.836996	2.958984375
8.837996	2.9638671875
8.839004	2.958984375
8.839996	2.9541015625
8.841	2.9541015625
8.842	2.94921875
8.843	2.94921875
8.844	2.9541015625
8.845	2.958984375
8.845996	2.94921875
8.846996	2.9541015625
8.847996	2.9541015625
8.848996	2.958984375
8.849996	2.9541015625
8.850996	2.958984375
8.851996	2.958984375
8.852996	2.9541015625
8.853996	2.9638671875
8.854996	2.9638671875
8.855996	2.9638671875
8.856996	2.9638671875
8.857996	2.9638671875
8.858996	2.958984375
8.859996	2.9638671875
8.860996	2.958984375
8.861996	2.96875
8.862996	2.978515625
8.863996	2.978515625
8.864996	2.9736328125
8.865996	2.96875
8.866996	2.978515625
8.867996	2.9833984375
8.868996	2.98828125
8.869996	2.9833984375
8.870996	2.9833984375
8.871996	2.9833984375
8.872996	2.98828125
8.873996	2.98828125
8.874996	2.9931640625
8.875996	2.998046875
8.876996	3.0029296875
8.877996	3.0029296875
8.878996	2.998046875
8.879996	2.998046875
8.880996	3.0078125
8.882	3.0078125
8.882996	3.0078125
8.884	3.017578125
8.885	3.017578125
8.886	3.0224609375
8.887	3.0224609375
8.888	3.02734375
8.888996	3.0224609375
8.889996	3.02734375
8.890996	3.02734375
8.891996	3.037109375
8.892996	3.0322265625
8.893996	3.046875
8.894996	3.0419921875
8.895996	3.046875
8.896996	3.056640625
8.897996	3.0517578125
8.898996	3.056640625
8.899996	3.056640625
8.900996	3.056640625
8.901996	3.06640625
8.902996	3.0615234375
8.903996	3.06640625
8.904996	3.0712890625
8.905996	3.0712890625
8.906996	3.0712890625
8.907996	3.06640625
8.908996	3.0712890625
8.909996	3.0859375
8.910996	3.0859375
8.911996	3.076171875
8.912996	3.0810546875
8.913996	3.0810546875
8.914996	3.0810546875
8.915996	3.0859375
8.916996	3.0908203125
8.917996	3.095703125
8.918996	3.095703125
8.919996	3.0908203125
8.920996	3.0908203125
8.921996	3.0859375
8.922996	3.0908203125
8.923996	3.0908203125
8.925	3.0908203125
8.925996	3.0908203125
8.927	3.0908203125
8.928	3.0908203125
8.929	3.095703125
8.93	3.0908203125
8.931	3.095703125
8.931996	3.095703125
8.932996	3.095703125
8.933996	3.0908203125
8.934996	3.0908203125
8.935996	3.0908203125
8.936996	3.0908203125
8.937996	3.095703125
8.938996	3.0908203125
8.939996	3.095703125
8.940996	3.0859375
8.941996	3.0908203125
8.942996	3.0859375
8.943996	3.0810546875
8.944996	3.0810546875
8.945996	3.0810546875
8.946996	3.076171875
8.947996	3.0859375
8.948996	3.0810546875
8.949996	3.076171875
8.950996	3.076171875
8.951996	3.06640625
8.952996	3.0712890625
8.953996	3.0615234375
8.954996	3.06640625
8.955996	3.0615234375
8.956996	3.06640625
8.957996	3.0615234375
8.958996	3.056640625
8.959996	3.0615234375
8.960996	3.056640625
8.961996	3.056640625
8.962996	3.056640625
8.963996	3.046875
8.964996	3.0419921875
8.965996	3.0419921875
8.967004	3.0322265625
8.967996	3.037109375
8.969	3.037109375
8.97	3.02734375
8.971	3.02734375
8.972	3.0224609375
8.973	3.017578125
8.973996	3.0224609375
8.974996	3.0224609375
8.975996	3.017578125
8.976996	3.0078125
8.977996	3.0126953125
8.978996	3.0029296875
8.979996	3.0029296875
8.980996	3.0029296875
8.981996	3.0029296875
8.982996	3.0029296875
8.983996	2.998046875
8.984996	2.9931640625
8.985996	2.9931640625
8.986996	2.98828125
8.987996	2.98828125
8.988996	2.9833984375
8.989996	2.9833984375
8.990996	2.9833984375
8.991996	2.9736328125
8.992996	2.9833984375
8.993996	2.9833984375
8.994996	2.9736328125
8.995996	2.9736328125
8.996996	2.96875
8.997996	2.9736328125
8.998996	2.9736328125
8.999996	2.9638671875
9.000996	2.96875
9.001996	2.9638671875
9.002996	2.9638671875
9.003996	2.958984375
9.004996	2.958984375
9.005996	2.958984375
9.006996	2.9638671875
9.007996	2.958984375
9.008996	2.9541015625
9.01	2.9541015625
9.010996	2.958984375
9.012	2.9638671875
9.013	2.958984375
9.014	2.94921875
9.015	2.958984375
9.016	2.958984375
9.016996	2.958984375
9.017996	2.9541015625
9.018996	2.9541015625
9.019996	2.9638671875
9.020996	2.958984375
9.021996	2.9541015625
9.022996	2.958984375
9.023996	2.9638671875
9.024996	2.9541015625
9.025996	2.9638671875
9.026996	2.9638671875
9.027996	2.958984375
9.028996	2.96875
9.029996	2.9638671875
9.030996	2.9638671875
9.031996	2.9736328125
9.032996	2.978515625
9.033996	2.96875
9.034996	2.978515625
9.035996	2.98828125
9.036996	2.9736328125
9.037996	2.978515625
9.038996	2.978515625
9.039996	2.98828125
9.040996	2.9833984375
9.041996	2.98828125
9.042996	2.9833984375
9.043996	2.98828125
9.044996	2.98828125
9.045996	2.9931640625
9.046996	2.9931640625
9.047996	2.9931640625
9.048996	3.0029296875
9.049996	3.0029296875
9.050996	2.998046875
9.051996	3.0126953125
9.053	3.0126953125
9.053996	3.017578125
9.055	3.0224609375
9.056	3.0224609375
9.057	3.0224609375
9.058	3.0224609375
9.059	3.02734375
9.059996	3.02734375
9.060996	3.0322265625
9.061996	3.02734375
9.062996	3.0419921875
9.063996	3.046875
9.064996	3.046875
9.065996	3.046875
9.066996	3.046875
9.067996	3.0517578125
9.068996	3.056640625
9.069996	3.0615234375
9.070996	3.0615234375
9.071996	3.0615234375
9.072996	3.0615234375
9.073996	3.056640625
9.074996	3.0615234375
9.075996	3.06640625
9.076996	3.0712890625
9.077996	3.076171875
9.078996	3.0810546875
9.079996	3.076171875
9.080996	3.0810546875
9.081996	3.0810546875
9.082996	3.0810546875
9.083996	3.0859375
9.084996	3.0859375
9.085996	3.0908203125
9.086996	3.0908203125
9.087996	3.0908203125
9.088996	3.095703125
9.089996	3.0859375
9.090996	3.0810546875
9.091996	3.0859375
9.092996	3.0908203125
9.093996	3.0859375
9.095004	3.0908203125
9.095996	3.0859375
9.097	3.095703125
9.098	3.095703125
9.099	3.0908203125
9.1	3.0908203125
9.101	3.095703125
9.101996	3.0859375
9.102996	3.095703125
9.103996	3.0908203125
9.104996	3.0810546875
9.105996	3.0908203125
9.106996	3.095703125
9.107996	3.0859375
9.108996	3.0908203125
9.109996	3.095703125
9.110996	3.095703125
9.111996	3.095703125
9.112996	3.0908203125
9.113996	3.0859375
9.114996	3.0859375
9.115996	3.0859375
9.116996	3.0859375
9.117996	3.0810546875
9.118996	3.076171875
9.119996	3.0810546875
9.120996	3.076171875
9.121996	3.0712890625
9.122996	3.0712890625
9.123996	3.0712890625
9.124996	3.06640625
9.125996	3.06640625
9.126996	3.0615234375
9.127996	3.056640625
9.128996	3.0615234375
9.129996	3.056640625
9.130996	3.0615234375
9.131996	3.0517578125
9.132996	3.0517578125
9.133996	3.0517578125
9.134996	3.037109375
9.135996	3.037109375
9.136996	3.0419921875
9.138	3.037109375
9.138996	3.02734375
9.14	3.02734375
9.141	3.0224609375
9.142	3.02734375
9.143	3.017578125
9.144	3.0224609375
9.144996	3.0224609375
9.145996	3.0126953125
9.146996	3.0126953125
9.147996	3.0078125
9.148996	3.0078125
9.149996	3.0029296875
9.150996	3.0078125
9.151996	3.0029296875
9.152996	2.998046875
9.153996	2.998046875
9.154996	2.998046875
9.155996	2.9931640625
9.156996	2.9833984375
9.157996	2.9833984375
9.158996	2.98828125
9.159996	2.9833984375
9.160996	2.98828125
9.161996	2.978515625
9.162996	2.978515625
9.163996	2.978515625
9.164996	2.9833984375
9.165996	2.96875
9.166996	2.96875
9.167996	2.96875
9.168996	2.9736328125
9.169996	2.9736328125
9.170996	2.9638671875
9.171996	2.9638671875
9.172996	2.96875
9.173996	2.958984375
9.174996	2.958984375
9.175996	2.9638671875
9.176996	2.958984375
9.177996	2.9638671875
9.178996	2.9638671875
9.179996	2.958984375
9.181	2.958984375
9.181996	2.958984375
9.183	2.958984375
9.184	2.9541015625
9.185	2.9541015625
9.186	2.958984375
9.187	2.958984375
9.187996	2.9541015625
9.188996	2.9638671875
9.189996	2.9638671875
9.190996	2.9638671875
9.191996	2.958984375
9.192996	2.96875
9.193996	2.958984375
9.194996	2.9638671875
9.195996	2.9638671875
9.196996	2.9638671875
9.197996	2.96875
9.198996	2.96875
9.199996	2.9736328125
9.200996	2.9736328125
9.201996	2.978515625
9.202996	2.96875
9.203996	2.9736328125
9.204996	2.978515625
9.205996	2.9736328125
9.206996	2.9833984375
9.207996	2.9736328125
9.208996	2.9833984375
9.209996	2.98828125
9.210996	2.9833984375
9.211996	2.9931640625
9.212996	2.9931640625
9.213996	2.9931640625
9.214996	2.9833984375
9.215996	2.9931640625
9.216996	3.0029296875
9.217996	3.0029296875
9.218996	3.0029296875
9.219996	2.998046875
9.220996	2.998046875
9.221996	3.0078125
9.223004	3.0078125
9.223996	3.017578125
9.225	3.0078125
9.226	3.0224609375
9.227	3.017578125
9.228	3.0224609375
9.229	3.0224609375
9.229996	3.02734375
9.230996	3.0322265625
9.231996	3.037109375
9.232996	3.0322265625
9.233996	3.037109375
9.234996	3.046875
9.235996	3.037109375
9.236996	3.0517578125
9.237996	3.0517578125
9.238996	3.056640625
9.239996	3.056640625
9.240996	3.06640625
9.241996	3.0615234375
9.242996	3.0615234375
9.243996	3.056640625
9.244996	3.056640625
9.245996	3.06640625
9.246996	3.0615234375
9.247996	3.06640625
9.248996	3.0712890625
9.249996	3.0712890625
9.250996	3.0712890625
9.251996	3.0810546875
9.252996	3.076171875
9.253996	3.0859375
9.254996	3.076171875
9.255996	3.0859375
9.256996	3.0810546875
9.257996	3.076171875
9.258996	3.0810546875
9.259996	3.0859375
9.260996	3.095703125
9.261996	3.0908203125
9.262996	3.0908203125
9.263996	3.0859375
9.264996	3.0810546875
9.266	3.0859375
9.266996	3.0908203125
9.268	3.0908203125
9.269	3.095703125
9.27	3.095703125
9.271	3.0908203125
9.272	3.0859375
9.272996	3.095703125
9.273996	3.095703125
9.274996	3.0859375
9.275996	3.0908203125
9.276996	3.095703125
9.277996	3.095703125
9.278996	3.095703125
9.279996	3.0908203125
9.280996	3.0859375
9.281996	3.0908203125
9.282996	3.0859375
9.283996	3.0908203125
9.284996	3.0859375
9.285996	3.076171875
9.286996	3.076171875
9.287996	3.0810546875
9.288996	3.0810546875
9.289996	3.0712890625
9.290996	3.076171875
9.291996	3.0712890625
9.292996	3.0712890625
9.293996	3.06640625
9.294996	3.06640625
9.295996	3.06640625
9.296996	3.056640625
9.297996	3.0615234375
9.298996	3.0615234375
9.299996	3.06640625
9.300996	3.0615234375
9.301996	3.056640625
9.302996	3.0517578125
9.303996	3.0517578125
9.304996	3.0517578125
9.305996	3.0419921875
9.306996	3.0419921875
9.307996	3.037109375
9.309	3.037109375
9.309996	3.0322265625
9.311	3.0322265625
9.312	3.02734375
9.313	3.0224609375
9.314	3.017578125
9.315	3.017578125
9.315996	3.0126953125
9.316996	3.0126953125
9.317996	3.0029296875
9.318996	3.0078125
9.319996	2.998046875
9.320996	2.998046875
9.321996	2.998046875
9.322996	2.998046875
9.323996	2.998046875
9.324996	2.98828125
9.325996	2.9931640625
9.326996	2.98828125
9.327996	2.9931640625
9.328996	2.998046875
9.329996	2.9833984375
9.330996	2.9833984375
9.331996	2.9833984375
9.332996	2.978515625
9.333996	2.9736328125
9.334996	2.9736328125
9.335996	2.978515625
9.336996	2.9736328125
9.337996	2.96875
9.338996	2.96875
9.339996	2.9736328125
9.340996	2.96875
9.341996	2.9638671875
9.342996	2.9638671875
9.343996	2.96875
9.344996	2.9638671875
9.345996	2.9638671875
9.346996	2.9638671875
9.347996	2.958984375
9.348996	2.96875
9.349996	2.9638671875
9.351004	2.9638671875
9.351996	2.9638671875
9.353	2.9638671875
9.354	2.958984375
9.355	2.9638671875
9.356	2.9638671875
9.357	2.958984375
9.357996	2.958984375
9.358996	2.9541015625
9.359996	2.9638671875
9.360996	2.9638671875
9.361996	2.9638671875
9.362996	2.958984375
9.363996	2.96875
9.364996	2.96875
9.365996	2.96875
9.366996	2.96875
9.367996	2.96875
9.368996	2.96875
9.369996	2.9736328125
9.370996	2.9736328125
9.371996	2.978515625
9.372996	2.978515625
9.373996	2.96875
9.374996	2.978515625
9.375996	2.978515625
9.376996	2.978515625
9.377996	2.9833984375
9.378996	2.98828125
9.379996	2.9833984375
9.380996	2.98828125
9.381996	2.9833984375
9.382996	2.98828125
9.383996	2.9931640625
9.384996	2.98828125
9.385996	2.998046875
9.386996	3.0029296875
9.387996	3.0029296875
9.388996	3.0029296875
9.389996	2.9931640625
9.390996	3.0029296875
9.391996	3.0029296875
9.392996	3.017578125
9.394	3.017578125
9.394996	3.017578125
9.396	3.017578125
9.397	3.0224609375
9.398	3.0224609375
9.399	3.02734375
9.4	3.0322265625
9.400996	3.0322265625
9.401996	3.0322265625
9.402996	3.037109375
9.403996	3.037109375
9.404996	3.037109375
9.405996	3.0419921875
9.406996	3.0517578125
9.407996	3.0419921875
9.408996	3.0517578125
9.409996	3.0517578125
9.410996	3.056640625
9.411996	3.0517578125
9.412996	3.056640625
9.413996	3.0615234375
9.414996	3.06640625
9.415996	3.0712890625
9.416996	3.0712890625
9.417996	3.0712890625
9.418996	3.06640625
9.419996	3.06640625
9.420996	3.076171875
9.421996	3.076171875
9.422996	3.076171875
9.423996	3.0810546875
9.424996	3.0712890625
9.425996	3.076171875
9.426996	3.0810546875
9.427996	3.0810546875
9.428996	3.0859375
9.429996	3.0908203125
9.430996	3.0859375
9.431996	3.0908203125
9.432996	3.0810546875
9.433996	3.0908203125
9.434996	3.095703125
9.435996	3.0859375
9.437	3.0908203125
9.437996	3.095703125
9.439	3.0908203125
9.44	3.0859375
9.441	3.095703125
9.442	3.0908203125
9.443	3.0859375
9.443996	3.0908203125
9.444996	3.0908203125
9.445996	3.0908203125
9.446996	3.0908203125
9.447996	3.095703125
9.448996	3.0859375
9.449996	3.0859375
9.450996	3.0908203125
9.451996	3.0859375
9.452996	3.0810546875
9.453996	3.0810546875
9.454996	3.0859375
9.455996	3.0859375
9.456996	3.0859375
9.457996	3.076171875
9.458996	3.076171875
9.459996	3.0810546875
9.460996	3.0810546875
9.461996	3.076171875
9.462996	3.06640625
9.463996	3.06640625
9.464996	3.06640625
9.465996	3.0615234375
9.466996	3.06640625
9.467996	3.0615234375
9.468996	3.0615234375
9.469996	3.056640625
9.470996	3.056640625
9.471996	3.056640625
9.472996	3.0517578125
9.473996	3.0517578125
9.474996	3.0419921875
9.475996	3.037109375
9.476996	3.0419921875
9.477996	3.037109375
9.479004	3.0419921875
9.479996	3.0322265625
9.481	3.02734375
9.482	3.0224609375
9.483	3.0224609375
9.484	3.017578125
9.485	3.017578125
9.485996	3.017578125
9.486996	3.017578125
9.487996	3.0078125
9.488996	3.0078125
9.489996	3.0029296875
9.490996	2.998046875
9.491996	2.998046875
9.492996	2.998046875
9.493996	2.998046875
9.494996	2.9931640625
9.495996	2.9931640625
9.496996	2.98828125
9.497996	2.98828125
9.498996	2.98828125
9.499996	2.9833984375
9.500996	2.9833984375
9.501996	2.9833984375
9.502996	2.9833984375
9.503996	2.9833984375
9.504996	2.978515625
9.505996	2.9833984375
9.506996	2.978515625
9.507996	2.9833984375
9.508996	2.96875
9.509996	2.978515625
9.510996	2.978515625
9.511996	2.96875
9.512996	2.9736328125
9.513996	2.96875
9.514996	2.96875
9.515996	2.96875
9.516996	2.9638671875
9.517996	2.96875
9.518996	2.9638671875
9.519996	2.958984375
9.520996	2.958984375
9.522	2.9541015625
9.522996	2.958984375
9.524	2.96875
9.525	2.9638671875
9.526	2.958984375
9.527	2.9638671875
9.528	2.958984375
9.528996	2.96875
9.529996	2.958984375
9.530996	2.9638671875
9.531996	2.9638671875
9.532996	2.9638671875
9.533996	2.9638671875
9.534996	2.96875
9.535996	2.96875
9.536996	2.96875
9.537996	2.9736328125
9.538996	2.9638671875
9.539996	2.96875
9.540996	2.9736328125
9.541996	2.96875
9.542996	2.978515625
9.543996	2.9833984375
9.544996	2.978515625
9.545996	2.978515625
9.546996	2.978515625
9.547996	2.9833984375
9.548996	2.98828125
9.549996	2.9931640625
9.550996	2.98828125
9.551996	2.98828125
9.552996	2.9931640625
9.553996	2.998046875
9.554996	2.98828125
9.555996	2.9931640625
9.556996	2.9931640625
9.557996	2.998046875
9.558996	3.0078125
9.559996	3.0029296875
9.560996	3.0078125
9.561996	3.0126953125
9.562996	3.0078125
9.563996	3.0126953125
9.565	3.0126953125
9.565996	3.017578125
9.567	3.017578125
9.568	3.0224609375
9.569	3.02734375
9.57	3.0224609375
9.571	3.0322265625
9.571996	3.0322265625
9.572996	3.0419921875
9.573996	3.037109375
9.574996	3.0419921875
9.575996	3.037109375
9.576996	3.046875
9.577996	3.0517578125
9.578996	3.056640625
9.579996	3.056640625
9.580996	3.056640625
9.581996	3.056640625
9.582996	3.0517578125
9.583996	3.0517578125
9.584996	3.056640625
9.585996	3.0615234375
9.586996	3.0615234375
9.587996	3.0615234375
9.588996	3.06640625
9.589996	3.0712890625
9.590996	3.06640625
9.591996	3.076171875
9.592996	3.076171875
9.593996	3.0810546875
9.594996	3.0810546875
9.595996	3.0810546875
9.596996	3.0810546875
9.597996	3.0810546875
9.598996	3.0859375
9.599996	3.0859375
9.600996	3.0810546875
9.601996	3.0810546875
9.602996	3.0859375
9.603996	3.0859375
9.604996	3.0859375
9.605996	3.0859375
9.607004	3.0908203125
9.607996	3.0908203125
9.609	3.095703125
9.61	3.0908203125
9.611	3.1005859375
9.612	3.095703125
9.613	3.0908203125
9.613996	3.0908203125
9.614996	3.0908203125
9.615996	3.0859375
9.616996	3.0908203125
9.617996	3.0859375
9.618996	3.095703125
9.619996	3.0859375
9.620996	3.0810546875
9.621996	3.0810546875
9.622996	3.0810546875
9.623996	3.0859375
9.624996	3.0859375
9.625996	3.0810546875
9.626996	3.0810546875
9.627996	3.0810546875
9.628996	3.0712890625
9.629996	3.076171875
9.630996	3.076171875
9.631996	3.0712890625
9.632996	3.0712890625
9.633996	3.0712890625
9.634996	3.056640625
9.635996	3.056640625
9.636996	3.0615234375
9.637996	3.056640625
9.638996	3.0517578125
9.639996	3.056640625
9.640996	3.0517578125
9.641996	3.046875
9.642996	3.0517578125
9.643996	3.0517578125
9.644996	3.0419921875
9.645996	3.037109375
9.646996	3.0322265625
9.647996	3.037109375
9.648996	3.0322265625
9.65	3.02734375
9.650996	3.02734375
9.652	3.02734375
9.653	3.0224609375
9.654	3.0224609375
9.655	3.02734375
9.656	3.0224609375
9.656996	3.0126953125
9.657996	3.0126953125
9.658996	3.0078125
9.659996	3.0126953125
9.660996	3.0078125
9.661996	3.0029296875
9.662996	3.0029296875
9.663996	2.998046875
9.664996	2.998046875
9.665996	2.998046875
9.666996	2.9931640625
9.667996	2.9931640625
9.668996	2.98828125
9.669996	2.978515625
9.670996	2.98828125
9.671996	2.98828125
9.672996	2.9833984375
9.673996	2.98828125
9.674996	2.978515625
9.675996	2.9833984375
9.676996	2.978515625
9.677996	2.978515625
9.678996	2.978515625
9.679996	2.9736328125
9.680996	2.9638671875
9.681996	2.978515625
9.682996	2.978515625
9.683996	2.9736328125
9.684996	2.96875
9.685996	2.96875
9.686996	2.96875
9.687996	2.96875
9.688996	2.96875
9.689996	2.9638671875
9.690996	2.958984375
9.691996	2.96875
9.693	2.958984375
9.693996	2.9638671875
9.695	2.96875
9.696	2.9638671875
9.697	2.9638671875
9.698	2.96875
9.699	2.9638671875
9.699996	2.96875
9.700996	2.9638671875
9.701996	2.9638671875
9.702996	2.96875
9.703996	2.9638671875
9.704996	2.9638671875
9.705996	2.9736328125
9.706996	2.96875
9.707996	2.96875
9.708996	2.9736328125
9.709996	2.96875
9.710996	2.96875
9.711996	2.978515625
9.712996	2.9736328125
9.713996	2.978515625
9.714996	2.9736328125
9.715996	2.978515625
9.716996	2.978515625
9.717996	2.98828125
9.718996	2.98828125
9.719996	2.98828125
9.720996	2.9931640625
9.721996	2.9931640625
9.722996	2.98828125
9.723996	2.98828125
9.724996	2.98828125
9.725996	3.0029296875
9.726996	2.998046875
9.727996	2.998046875
9.728996	3.0029296875
9.729996	3.0029296875
9.730996	3.0029296875
9.731996	3.0078125
9.732996	3.0126953125
9.733996	3.0078125
9.735004	3.0126953125
9.735996	3.0078125
9.737	3.0224609375
9.738	3.0224609375
9.739	3.02734375
9.74	3.0224609375
9.741	3.02734375
9.741996	3.02734375
9.742996	3.0419921875
9.743996	3.037109375
9.744996	3.037109375
9.745996	3.046875
9.746996	3.046875
9.747996	3.046875
9.748996	3.046875
9.749996	3.056640625
9.750996	3.056640625
9.751996	3.056640625
9.752996	3.0615234375
9.753996	3.056640625
9.754996	3.056640625
9.755996	3.0615234375
9.756996	3.056640625
9.757996	3.06640625
9.758996	3.0615234375
9.759996	3.06640625
9.760996	3.0615234375
9.761996	3.0712890625
9.762996	3.0810546875
9.763996	3.0712890625
9.764996	3.076171875
9.765996	3.0810546875
9.766996	3.0859375
9.767996	3.076171875
9.768996	3.0859375
9.769996	3.0810546875
9.770996	3.0859375
9.771996	3.0810546875
9.772996	3.0810546875
9.773996	3.0859375
9.774996	3.0859375
9.775996	3.0859375
9.776996	3.0810546875
9.778	3.0908203125
9.778996	3.095703125
9.78	3.0859375
9.781	3.095703125
9.782	3.0810546875
9.783	3.0859375
9.784	3.0810546875
9.784996	3.0810546875
9.785996	3.0810546875
9.786996	3.0859375
9.787996	3.0810546875
9.788996	3.0810546875
9.789996	3.0859375
9.790996	3.0859375
9.791996	3.0810546875
9.792996	3.076171875
9.793996	3.076171875
9.794996	3.076171875
9.795996	3.0712890625
9.796996	3.0810546875
9.797996	3.0712890625
9.798996	3.076171875
9.799996	3.0712890625
9.800996	3.076171875
9.801996	3.0712890625
9.802996	3.0712890625
9.803996	3.06640625
9.804996	3.0615234375
9.805996	3.06640625
9.806996	3.0615234375
9.807996	3.056640625
9.808996	3.056640625
9.809996	3.0517578125
9.810996	3.056640625
9.811996	3.056640625
9.812996	3.0419921875
9.813996	3.056640625
9.814996	3.046875
9.815996	3.0322265625
9.816996	3.0419921875
9.817996	3.037109375
9.818996	3.037109375
9.819996	3.0322265625
9.821	3.0322265625
9.821996	3.0224609375
9.823	3.0224609375
9.824	3.0126953125
9.825	3.017578125
9.826	3.017578125
9.827	3.017578125
9.827996	3.0126953125
9.828996	3.0126953125
9.829996	3.0126953125
9.830996	3.0078125
9.831996	2.998046875
9.832996	3.0078125
9.833996	3.0078125
9.834996	3.0029296875
9.835996	2.98828125
9.836996	2.9931640625
9.837996	2.9833984375
9.838996	2.9931640625
9.839996	2.9931640625
9.840996	2.9833984375
9.841996	2.9833984375
9.842996	2.98828125
9.843996	2.98828125
9.844996	2.9833984375
9.845996	2.9833984375
9.846996	2.9833984375
9.847996	2.9736328125
9.848996	2.978515625
9.849996	2.9736328125
9.850996	2.978515625
9.851996	2.9736328125
9.852996	2.9736328125
9.853996	2.96875
9.854996	2.9638671875
9.855996	2.96875
9.856996	2.9736328125
9.857996	2.958984375
9.858996	2.9638671875
9.859996	2.9638671875
9.860996	2.9638671875
9.861996	2.9638671875
9.863004	2.9638671875
9.863996	2.9638671875
9.865	2.958984375
9.866	2.9638671875
9.867	2.9638671875
9.868	2.9736328125
9.869	2.96875
9.869996	2.9638671875
9.870996	2.9541015625
9.871996	2.96875
9.872996	2.96875
9.873996	2.958984375
9.874996	2.96875
9.875996	2.96875
9.876996	2.9736328125
9.877996	2.9736328125
9.878996	2.96875
9.879996	2.9736328125
9.880996	2.9736328125
9.881996	2.96875
9.882996	2.978515625
9.883996	2.978515625
9.884996	2.96875
9.885996	2.9833984375
9.886996	2.978515625
9.887996	2.978515625
9.888996	2.98828125
9.889996	2.98828125
9.890996	2.98828125
9.891996	2.9833984375
9.892996	2.9931640625
9.893996	2.98828125
9.894996	3.0029296875
9.895996	2.9931640625
9.896996	3.0029296875
9.897996	2.998046875
9.898996	2.998046875
9.899996	3.0078125
9.900996	3.0029296875
9.901996	3.0078125
9.902996	3.0126953125
9.903996	3.017578125
9.904996	3.0126953125
9.906	3.017578125
9.906996	3.017578125
9.908	3.017578125
9.909	3.02734375
9.91	3.0224609375
9.911	3.0322265625
9.912	3.0322265625
9.912996	3.02734375
9.913996	3.0322265625
9.914996	3.037109375
9.915996	3.046875
9.916996	3.0419921875
9.917996	3.046875
9.918996	3.0419921875
9.919996	3.046875
9.920996	3.0517578125
9.921996	3.056640625
9.922996	3.056640625
9.923996	3.0517578125
9.924996	3.056640625
9.925996	3.0615234375
9.926996	3.046875
9.927996	3.056640625
9.928996	3.0615234375
9.929996	3.0712890625
9.930996	3.06640625
9.931996	3.06640625
9.932996	3.076171875
9.933996	3.0810546875
9.934996	3.076171875
9.935996	3.0810546875
9.936996	3.0810546875
9.937996	3.076171875
9.938996	3.076171875
9.939996	3.0859375
9.940996	3.0810546875
9.941996	3.0859375
9.942996	3.0859375
9.943996	3.076171875
9.944996	3.0859375
9.945996	3.0859375
9.946996	3.0859375
9.947996	3.0859375
9.949	3.0859375
9.949996	3.0859375
9.951	3.0810546875
9.952	3.0810546875
9.953	3.0859375
9.954	3.0810546875
9.955	3.0859375
9.955996	3.0908203125
9.956996	3.0810546875
9.957996	3.0810546875
9.958996	3.0810546875
9.959996	3.0810546875
9.960996	3.0859375
9.961996	3.0810546875
9.962996	3.0859375
9.963996	3.076171875
9.964996	3.076171875
9.965996	3.076171875
9.966996	3.076171875
9.967996	3.0810546875
9.968996	3.0712890625
9.969996	3.0712890625
9.970996	3.076171875
9.971996	3.06640625
9.972996	3.0615234375
9.973996	3.0615234375
9.974996	3.0615234375
9.975996	3.056640625
9.976996	3.0615234375
9.977996	3.056640625
9.978996	3.0615234375
9.979996	3.056640625
9.980996	3.0615234375
9.981996	3.056640625
9.982996	3.0517578125
9.983996	3.0517578125
9.984996	3.0419921875
9.985996	3.0419921875
9.986996	3.0419921875
9.987996	3.037109375
9.988996	3.037109375
9.989996	3.02734375
9.991004	3.0322265625
9.991996	3.0224609375
9.993	3.02734375
9.994	3.02734375
9.995	3.017578125
9.996	3.0126953125
9.997	3.0126953125
9.997996	3.0078125
9.998996	3.0126953125
9.999996	3.0029296875
10.000996	3.0078125
10.001996	3.0029296875
10.002996	3.0078125
10.003996	3.0029296875
10.004996	3.0029296875
10.005996	2.998046875
10.006996	2.9931640625
10.007996	2.998046875
10.008996	2.998046875
10.009996	2.9931640625
10.010996	2.9931640625
10.011996	2.9931640625
10.012996	2.978515625
10.013996	2.98828125
10.014996	2.98828125
10.015996	2.9736328125
10.016996	2.978515625
10.017996	2.9833984375
10.018996	2.9736328125
10.019996	2.978515625
10.020996	2.9736328125
10.021996	2.96875
10.022996	2.9736328125
10.023996	2.9736328125
10.024996	2.978515625
10.025996	2.9638671875
10.026996	2.96875
10.027996	2.9638671875
10.028996	2.9736328125
10.029996	2.96875
10.030996	2.9638671875
10.031996	2.958984375
10.032996	2.9638671875
10.034	2.96875
10.034996	2.9638671875
10.036	2.96875
10.037	2.958984375
10.038	2.96875
10.039	2.9638671875
10.04	2.96875
10.040996	2.9638671875
10.041996	2.9638671875
10.042996	2.96875
10.043996	2.9638671875
10.044996	2.96875
10.045996	2.96875
10.046996	2.978515625
10.047996	2.9736328125
10.048996	2.9736328125
10.049996	2.978515625
10.050996	2.978515625
10.051996	2.9736328125
10.052996	2.9833984375
10.053996	2.98828125
10.054996	2.9833984375
10.055996	2.98828125
10.056996	2.9833984375
10.057996	2.9833984375
10.058996	2.98828125
10.059996	2.98828125
10.060996	2.9931640625
10.061996	2.9931640625
10.062996	2.98828125
10.063996	2.9931640625
10.064996	2.9931640625
10.065996	2.998046875
10.066996	3.0029296875
10.067996	2.998046875
10.068996	3.0078125
10.069996	3.0078125
10.070996	3.0078125
10.071996	3.0126953125
10.072996	3.0126953125
10.073996	3.0078125
10.074996	3.0126953125
10.075996	3.0224609375
10.077	3.017578125
10.077996	3.017578125
10.079	3.02734375
10.08	3.02734375
10.081	3.02734375
10.082	3.0322265625
10.083	3.02734375
10.083996	3.0419921875
10.084996	3.037109375
10.085996	3.0322265625
10.086996	3.037109375
10.087996	3.0419921875
10.088996	3.0419921875
10.089996	3.056640625
10.090996	3.056640625
10.091996	3.056640625
10.092996	3.056640625
10.093996	3.056640625
10.094996	3.0615234375
10.095996	3.056640625
10.096996	3.0615234375
10.097996	3.0615234375
10.098996	3.0712890625
10.099996	3.06640625
10.100996	3.06640625
10.101996	3.0712890625
10.102996	3.0712890625
10.103996	3.0712890625
10.104996	3.076171875
10.105996	3.076171875
10.106996	3.076171875
10.107996	3.0712890625
10.108996	3.0810546875
10.109996	3.0810546875
10.110996	3.0810546875
10.111996	3.0810546875
10.112996	3.0908203125
10.113996	3.0810546875
10.114996	3.0859375
10.115996	3.0810546875
10.116996	3.0810546875
10.117996	3.0859375
10.119004	3.0859375
10.119996	3.0810546875
10.121	3.0810546875
10.122	3.0859375
10.123	3.076171875
10.124	3.0859375
10.125	3.076171875
10.125996	3.0859375
10.126996	3.0859375
10.127996	3.0810546875
10.128996	3.076171875
10.129996	3.0712890625
10.130996	3.076171875
10.131996	3.0859375
10.132996	3.076171875
10.133996	3.0810546875
10.134996	3.0859375
10.135996	3.0712890625
10.136996	3.076171875
10.137996	3.0712890625
10.138996	3.06640625
10.139996	3.06640625
10.140996	3.0712890625
10.141996	3.0712890625
10.142996	3.06640625
10.143996	3.0615234375
10.144996	3.06640625
10.145996	3.0615234375
10.146996	3.0615234375
10.147996	3.056640625
10.148996	3.056640625
10.149996	3.056640625
10.150996	3.056640625
10.151996	3.0517578125
10.152996	3.0517578125
10.153996	3.046875
10.154996	3.0419921875
10.155996	3.0419921875
10.156996	3.0419921875
10.157996	3.0419921875
10.158996	3.037109375
10.159996	3.0322265625
10.160996	3.0322265625
10.162	3.0322265625
10.162996	3.0224609375
10.164	3.02734375
10.165	3.017578125
10.166	3.017578125
10.167	3.0224609375
10.168	3.017578125
10.168996	3.0078125
10.169996	3.0078125
10.170996	3.0078125
10.171996	2.998046875
10.172996	2.998046875
10.173996	2.9931640625
10.174996	2.9931640625
10.175996	2.998046875
10.176996	2.998046875
10.177996	2.998046875
10.178996	2.98828125
10.179996	2.9931640625
10.180996	2.9931640625
10.181996	2.9931640625
10.182996	2.9931640625
10.183996	2.9833984375
10.184996	2.978515625
10.185996	2.9833984375
10.186996	2.98828125
10.187996	2.9833984375
10.188996	2.9833984375
10.189996	2.9833984375
10.190996	2.9736328125
10.191996	2.9833984375
10.192996	2.96875
10.193996	2.978515625
10.194996	2.9736328125
10.195996	2.9736328125
10.196996	2.978515625
10.197996	2.96875
10.198996	2.96875
10.199996	2.96875
10.200996	2.9736328125
10.201996	2.9638671875
10.202996	2.96875
10.203996	2.96875
10.205	2.9638671875
10.205996	2.96875
10.207	2.9638671875
10.208	2.9638671875
10.209	2.96875
10.21	2.9736328125
10.211	2.9638671875
10.211996	2.9638671875
10.212996	2.9638671875
10.213996	2.9736328125
10.214996	2.96875
10.215996	2.978515625
10.216996	2.96875
10.217996	2.9736328125
10.218996	2.96875
10.219996	2.9736328125
10.220996	2.9833984375
10.221996	2.978515625
10.222996	2.978515625
10.223996	2.9833984375
10.224996	2.9833984375
10.225996	2.98828125
10.226996	2.9833984375
10.227996	2.9833984375
10.228996	2.9931640625
10.229996	2.9931640625
10.230996	2.9833984375
10.231996	2.98828125
10.232996	2.998046875
10.233996	2.9931640625
10.234996	2.9931640625
10.235996	2.998046875
10.236996	2.998046875
10.237996	2.998046875
10.238996	3.0078125
10.239996	2.998046875
10.240996	3.0029296875
10.241996	3.0078125
10.242996	3.0126953125
10.243996	3.017578125
10.244996	3.0126953125
10.245996	3.0126953125
10.247004	3.0224609375
10.247996	3.0224609375
10.249	3.02734375
10.25	3.017578125
10.251	3.0224609375
10.252	3.0322265625
10.253	3.037109375
10.253996	3.037109375
10.254996	3.037109375
10.255996	3.037109375
10.256996	3.0419921875
10.257996	3.037109375
10.258996	3.0517578125
10.259996	3.056640625
10.260996	3.056640625
10.261996	3.0517578125
10.262996	3.056640625
10.263996	3.06640625
10.264996	3.056640625
10.265996	3.06640625
10.266996	3.0615234375
10.267996	3.0615234375
10.268996	3.0615234375
10.269996	3.06640625
10.270996	3.0615234375
10.271996	3.0712890625
10.272996	3.0615234375
10.273996	3.0712890625
10.274996	3.0712890625
10.275996	3.076171875
10.276996	3.076171875
10.277996	3.0712890625
10.278996	3.0810546875
10.279996	3.0810546875
10.280996	3.0810546875
10.281996	3.076171875
10.282996	3.0810546875
10.283996	3.0859375
10.284996	3.0810546875
10.285996	3.076171875
10.286996	3.076171875
10.287996	3.0859375
10.288996	3.0859375
10.29	3.076171875
10.290996	3.076171875
10.292	3.0859375
10.293	3.076171875
10.294	3.0810546875
10.295	3.0810546875
10.296	3.0859375
10.296996	3.076171875
10.297996	3.0810546875
10.298996	3.0810546875
10.299996	3.0859375
10.300996	3.0859375
10.301996	3.0810546875
10.302996	3.0810546875
10.303996	3.0810546875
10.304996	3.0712890625
10.305996	3.076171875
10.306996	3.0712890625
10.307996	3.076171875
10.308996	3.06640625
10.309996	3.0810546875
10.310996	3.0712890625
10.311996	3.0712890625
10.312996	3.06640625
10.313996	3.0615234375
10.314996	3.06640625
10.315996	3.06640625
10.316996	3.0615234375
10.317996	3.056640625
10.318996	3.0615234375
10.319996	3.0615234375
10.320996	3.0517578125
10.321996	3.0517578125
10.322996	3.0517578125
10.323996	3.046875
10.324996	3.0419921875
10.325996	3.0419921875
10.326996	3.037109375
10.327996	3.0419921875
10.328996	3.0322265625
10.329996	3.037109375
10.330996	3.037109375
10.331996	3.02734375
10.333	3.0224609375
10.333996	3.0224609375
10.335	3.0224609375
10.336	3.0224609375
10.337	3.0224609375
10.338	3.017578125
10.339	3.0078125
10.339996	3.0126953125
10.340996	3.0029296875
10.341996	3.0029296875
10.342996	3.0078125
10.343996	3.0029296875
10.344996	3.0029296875
10.345996	2.998046875
10.346996	2.998046875
10.347996	2.98828125
10.348996	2.998046875
10.349996	2.998046875
10.350996	2.9931640625
10.351996	2.9833984375
10.352996	2.98828125
10.353996	2.9833984375
10.354996	2.9833984375
10.355996	2.9833984375
10.356996	2.9833984375
10.357996	2.98828125
10.358996	2.9736328125
10.359996	2.9833984375
10.360996	2.978515625
10.361996	2.978515625
10.362996	2.978515625
10.363996	2.9736328125
10.364996	2.9736328125
10.365996	2.978515625
10.366996	2.9736328125
10.367996	2.96875
10.368996	2.9736328125
10.369996	2.96875
10.370996	2.9736328125
10.371996	2.96875
10.372996	2.9736328125
10.373996	2.96875
10.375004	2.96875
10.375996	2.9638671875
10.377	2.9736328125
10.378	2.96875
10.379	2.96875
10.38	2.96875
10.381	2.9736328125
10.381996	2.96875
10.382996	2.9736328125
10.383996	2.978515625
10.384996	2.96875
10.385996	2.96875
10.386996	2.978515625
10.387996	2.9736328125
10.388996	2.978515625
10.389996	2.9736328125
10.390996	2.978515625
10.391996	2.978515625
10.392996	2.9833984375
10.393996	2.9833984375
10.394996	2.9833984375
10.395996	2.98828125
10.396996	2.98828125
10.397996	2.9833984375
10.398996	2.9931640625
10.399996	2.9833984375
10.400996	2.98828125
10.401996	2.9833984375
10.402996	2.998046875
10.403996	2.998046875
10.404996	2.998046875
10.405996	2.998046875
10.406996	2.998046875
10.407996	2.998046875
10.408996	3.0078125
10.409996	3.0078125
10.410996	3.0029296875
10.411996	3.0078125
10.412996	3.0078125
10.413996	3.0078125
10.414996	3.0126953125
10.415996	3.017578125
10.416996	3.02734375
10.418	3.017578125
10.418996	3.0322265625
10.42	3.02734375
10.421	3.02734375
10.422	3.02734375
10.423	3.0322265625
10.424	3.02734375
10.424996	3.037109375
10.425996	3.0322265625
10.426996	3.037109375
10.427996	3.0419921875
10.428996	3.037109375
10.429996	3.0517578125
10.430996	3.046875
10.431996	3.056640625
10.432996	3.056640625
10.433996	3.0517578125
10.434996	3.0615234375
10.435996	3.0615234375
10.436996	3.0615234375
10.437996	3.0615234375
10.438996	3.06640625
10.439996	3.0615234375
10.440996	3.06640625
10.441996	3.06640625
10.442996	3.06640625
10.443996	3.0712890625
10.444996	3.0712890625
10.445996	3.0712890625
10.446996	3.0712890625
10.447996	3.06640625
10.448996	3.06640625
10.449996	3.0810546875
10.450996	3.076171875
10.451996	3.0810546875
10.452996	3.0810546875
10.453996	3.0810546875
10.454996	3.0810546875
10.455996	3.076171875
10.456996	3.0810546875
10.457996	3.076171875
10.458996	3.076171875
10.459996	3.0810546875
10.461	3.0810546875
10.461996	3.0859375
10.463	3.0859375
10.464	3.0859375
10.465	3.076171875
10.466	3.0908203125
10.467	3.0859375
10.467996	3.076171875
10.468996	3.0810546875
10.469996	3.0810546875
10.470996	3.076171875
10.471996	3.076171875
10.472996	3.076171875
10.473996	3.06640625
10.474996	3.06640625
10.475996	3.076171875
10.476996	3.076171875
10.477996	3.0712890625
10.478996	3.076171875
10.479996	3.0712890625
10.480996	3.0712890625
10.481996	3.06640625
10.482996	3.06640625
10.483996	3.0615234375
10.484996	3.06640625
10.485996	3.0615234375
10.486996	3.056640625
10.487996	3.0615234375
10.488996	3.0615234375
10.489996	3.0517578125
10.490996	3.0517578125
10.491996	3.056640625
10.492996	3.046875
10.493996	3.046875
10.494996	3.046875
10.495996	3.046875
10.496996	3.037109375
10.497996	3.0322265625
10.498996	3.0419921875
10.499996	3.037109375
10.500996	3.0322265625
10.501996	3.02734375
10.503004	3.0224609375
10.503996	3.0224609375
10.505	3.0126953125
10.506	3.0126953125
10.507	3.017578125
10.508	3.0126953125
10.509	3.0126953125
10.509996	3.0029296875
10.510996	3.0126953125
10.511996	3.0078125
10.512996	3.0078125
10.513996	3.0029296875
10.514996	2.998046875
10.515996	3.0029296875
10.516996	2.998046875
10.517996	2.998046875
10.518996	2.998046875
10.519996	2.9931640625
10.520996	2.98828125
10.521996	2.98828125
10.522996	2.9833984375
10.523996	2.9931640625
10.524996	2.98828125
10.525996	2.98828125
10.526996	2.98828125
10.527996	2.9833984375
10.528996	2.98828125
10.529996	2.9833984375
10.530996	2.978515625
10.531996	2.9736328125
10.532996	2.978515625
10.533996	2.978515625
10.534996	2.978515625
10.535996	2.9736328125
10.536996	2.9736328125
10.537996	2.96875
10.538996	2.9736328125
10.539996	2.9736328125
10.540996	2.9736328125
10.541996	2.96875
10.542996	2.9736328125
10.543996	2.9736328125
10.544996	2.96875
10.546	2.96875
10.546996	2.9736328125
10.548	2.9736328125
10.549	2.9638671875
10.55	2.978515625
10.551	2.96875
10.552	2.978515625
10.552996	2.978515625
10.553996	2.96875
10.554996	2.96875
10.555996	2.9736328125
10.556996	2.978515625
10.557996	2.9736328125
10.558996	2.978515625
10.559996	2.978515625
10.560996	2.978515625
10.561996	2.9833984375
10.562996	2.9833984375
10.563996	2.9833984375
10.564996	2.9833984375
10.565996	2.98828125
10.566996	2.98828125
10.567996	2.98828125
10.568996	2.9931640625
10.569996	2.9833984375
10.570996	2.98828125
10.571996	2.9931640625
10.572996	2.98828125
10.573996	2.9833984375
10.574996	2.9931640625
10.575996	2.998046875
10.576996	2.998046875
10.577996	2.998046875
10.578996	3.0078125
10.579996	3.0078125
10.580996	3.0078125
10.581996	3.0029296875
10.582996	3.0126953125
10.583996	3.017578125
10.584996	3.0126953125
10.585996	3.017578125
10.586996	3.0224609375
10.587996	3.017578125
10.589	3.0224609375
10.589996	3.0224609375
10.591	3.02734375
10.592	3.0224609375
10.593	3.0322265625
10.594	3.0419921875
10.595	3.0419921875
10.595996	3.0419921875
10.596996	3.0419921875
10.597996	3.0419921875
10.598996	3.0419921875
10.599996	3.046875
10.600996	3.046875
10.601996	3.046875
10.602996	3.056640625
10.603996	3.056640625
10.604996	3.0615234375
10.605996	3.0615234375
10.606996	3.056640625
10.607996	3.0615234375
10.608996	3.0517578125
10.609996	3.0615234375
10.610996	3.0615234375
10.611996	3.0615234375
10.612996	3.0712890625
10.613996	3.0712890625
10.614996	3.0712890625
10.615996	3.0712890625
10.616996	3.0712890625
10.617996	3.076171875
10.618996	3.076171875
10.619996	3.076171875
10.620996	3.0810546875
10.621996	3.0810546875
10.622996	3.0712890625
10.623996	3.0810546875
10.624996	3.0810546875
10.625996	3.0810546875
10.626996	3.0810546875
10.627996	3.0810546875
10.628996	3.076171875
10.629996	3.0859375
10.631004	3.0908203125
10.631996	3.0810546875
10.633	3.0810546875
10.634	3.076171875
10.635	3.0810546875
10.636	3.0810546875
10.637	3.076171875
10.637996	3.076171875
10.638996	3.0859375
10.639996	3.076171875
10.640996	3.076171875
10.641996	3.0810546875
10.642996	3.076171875
10.643996	3.076171875
10.644996	3.0712890625
10.645996	3.0712890625
10.646996	3.06640625
10.647996	3.06640625
10.648996	3.06640625
10.649996	3.06640625
10.650996	3.0712890625
10.651996	3.056640625
10.652996	3.056640625
10.653996	3.056640625
10.654996	3.056640625
10.655996	3.0517578125
10.656996	3.056640625
10.657996	3.0615234375
10.658996	3.0517578125
10.659996	3.0517578125
10.660996	3.056640625
10.661996	3.056640625
10.662996	3.046875
10.663996	3.046875
10.664996	3.0419921875
10.665996	3.0419921875
10.666996	3.037109375
10.667996	3.037109375
10.668996	3.0322265625
10.669996	3.0322265625
10.670996	3.0224609375
10.671996	3.02734375
10.672996	3.02734375
10.674	3.02734375
10.674996	3.02734375
10.676	3.0224609375
10.677	3.0126953125
10.678	3.017578125
10.679	3.0126953125
10.68	3.0029296875
10.680996	3.0029296875
10.681996	3.0078125
10.682996	3.0078125
10.683996	3.0078125
10.684996	3.0029296875
10.685996	3.0029296875
10.686996	3.0029296875
10.687996	2.9931640625
10.688996	2.9931640625
10.689996	2.98828125
10.690996	2.98828125
10.691996	2.98828125
10.692996	2.98828125
10.693996	2.978515625
10.694996	2.98828125
10.695996	2.9833984375
10.696996	2.9833984375
10.697996	2.978515625
10.698996	2.9833984375
10.699996	2.9833984375
10.700996	2.9736328125
10.701996	2.978515625
10.702996	2.98828125
10.703996	2.9833984375
10.704996	2.9736328125
10.705996	2.9833984375
10.706996	2.9736328125
10.707996	2.978515625
10.708996	2.96875
10.709996	2.96875
10.710996	2.9736328125
10.711996	2.978515625
10.712996	2.978515625
10.713996	2.9736328125
10.714996	2.9736328125
10.715996	2.978515625
10.717	2.978515625
10.717996	2.96875
10.719	2.9736328125
10.72	2.9736328125
10.721	2.9736328125
10.722	2.96875
10.723	2.96875
10.723996	2.9736328125
10.724996	2.978515625
10.725996	2.9736328125
10.726996	2.9736328125
10.727996	2.9736328125
10.728996	2.9833984375
10.729996	2.978515625
10.730996	2.9833984375
10.731996	2.978515625
10.732996	2.9833984375
10.733996	2.9833984375
10.734996	2.978515625
10.735996	2.9931640625
10.736996	2.98828125
10.737996	2.98828125
10.738996	2.98828125
10.739996	2.98828125
10.740996	2.98828125
10.741996	2.9931640625
10.742996	2.9931640625
10.743996	2.9931640625
10.744996	2.98828125
10.745996	2.998046875
10.746996	2.998046875
10.747996	2.998046875
10.748996	3.0029296875
10.749996	3.0029296875
10.750996	3.0029296875
10.751996	3.0078125
10.752996	3.0078125
10.753996	3.0078125
10.754996	3.0078125
10.755996	3.017578125
10.756996	3.017578125
10.757996	3.0126953125
10.759004	3.0224609375
10.759996	3.02734375
10.761	3.02734375
10.762	3.0322265625
10.763	3.02734375
10.764	3.0322265625
10.765	3.02734375
10.765996	3.0322265625
10.766996	3.0419921875
10.767996	3.037109375
10.768996	3.046875
10.769996	3.037109375
10.770996	3.046875
10.771996	3.0517578125
10.772996	3.056640625
10.773996	3.056640625
10.774996	3.056640625
10.775996	3.0615234375
10.776996	3.0517578125
10.777996	3.0615234375
10.778996	3.06640625
10.779996	3.0615234375
10.780996	3.056640625
10.781996	3.0615234375
10.782996	3.06640625
10.783996	3.0712890625
10.784996	3.0615234375
10.785996	3.06640625
10.786996	3.076171875
10.787996	3.06640625
10.788996	3.076171875
10.789996	3.0712890625
10.790996	3.0810546875
10.791996	3.076171875
10.792996	3.076171875
10.793996	3.076171875
10.794996	3.0859375
10.795996	3.0810546875
10.796996	3.0810546875
10.797996	3.0810546875
10.798996	3.076171875
10.799996	3.076171875
10.800996	3.0859375
10.802	3.0810546875
10.802996	3.0810546875
10.804	3.076171875
10.805	3.076171875
10.806	3.0859375
10.807	3.0810546875
10.808	3.076171875
10.808996	3.076171875
10.809996	3.0712890625
10.810996	3.076171875
10.811996	3.076171875
10.812996	3.076171875
10.813996	3.076171875
10.814996	3.076171875
10.815996	3.0615234375
10.816996	3.06640625
10.817996	3.0712890625
10.818996	3.0712890625
10.819996	3.0712890625
10.820996	3.056640625
10.821996	3.0615234375
10.822996	3.0615234375
10.823996	3.056640625
10.824996	3.056640625
10.825996	3.056640625
10.826996	3.0517578125
10.827996	3.06640625
10.828996	3.056640625
10.829996	3.0517578125
10.830996	3.056640625
10.831996	3.0517578125
10.832996	3.046875
10.833996	3.037109375
10.834996	3.046875
10.835996	3.037109375
10.836996	3.037109375
10.837996	3.0419921875
10.838996	3.0322265625
10.839996	3.0322265625
10.840996	3.0322265625
10.841996	3.02734375
10.842996	3.02734375
10.843996	3.0224609375
10.845	3.02734375
10.845996	3.0224609375
10.847	3.017578125
10.848	3.0224609375
10.849	3.017578125
10.85	3.017578125
10.851	3.0078125
10.851996	3.0029296875
10.852996	3.0029296875
10.853996	3.0029296875
10.854996	3.0078125
10.855996	2.9931640625
10.856996	3.0029296875
10.857996	2.998046875
10.858996	2.998046875
10.859996	2.9931640625
10.860996	2.98828125
10.861996	2.98828125
10.862996	2.98828125
10.863996	2.9931640625
10.864996	2.9833984375
10.865996	2.98828125
10.866996	2.9833984375
10.867996	2.9833984375
10.868996	2.98828125
10.869996	2.98828125
10.870996	2.9833984375
10.871996	2.9833984375
10.872996	2.978515625
10.873996	2.978515625
10.874996	2.9833984375
10.875996	2.9736328125
10.876996	2.9736328125
10.877996	2.9736328125
10.878996	2.978515625
10.879996	2.96875
10.880996	2.9736328125
10.881996	2.978515625
10.882996	2.96875
10.883996	2.96875
10.884996	2.96875
10.885996	2.9736328125
10.887004	2.96875
10.887996	2.96875
10.889	2.9736328125
10.89	2.96875
10.891	2.978515625
10.892	2.9736328125
10.893	2.978515625
10.893996	2.96875
10.894996	2.9736328125
10.895996	2.9736328125
10.896996	2.96875
10.897996	2.978515625
10.898996	2.9833984375
10.899996	2.9736328125
10.900996	2.9833984375
10.901996	2.978515625
10.902996	2.9833984375
10.903996	2.978515625
10.904996	2.9833984375
10.905996	2.9833984375
10.906996	2.9833984375
10.907996	2.98828125
10.908996	2.9833984375
10.909996	2.98828125
10.910996	2.9833984375
10.911996	2.998046875
10.912996	2.9931640625
10.913996	2.998046875
10.914996	3.0029296875
10.915996	3.0029296875
10.916996	3.0078125
10.917996	2.998046875
10.918996	3.0029296875
10.919996	2.998046875
10.920996	3.0078125
10.921996	3.0078125
10.922996	3.0126953125
10.923996	3.0126953125
10.924996	3.017578125
10.925996	3.0224609375
10.926996	3.017578125
10.927996	3.0224609375
10.928996	3.02734375
10.93	3.0224609375
10.930996	3.02734375
10.932	3.0224609375
10.933	3.02734375
10.934	3.0322265625
10.935	3.037109375
10.936	3.037109375
10.936996	3.0322265625
10.937996	3.0419921875
10.938996	3.0419921875
10.939996	3.0419921875
10.940996	3.0517578125
10.941996	3.056640625
10.942996	3.0517578125
10.943996	3.06640625
10.944996	3.0615234375
10.945996	3.0615234375
10.946996	3.056640625
10.947996	3.06640625
10.948996	3.056640625
10.949996	3.0615234375
10.950996	3.06640625
10.951996	3.0615234375
10.952996	3.056640625
10.953996	3.06640625
10.954996	3.06640625
10.955996	3.0615234375
10.956996	3.0712890625
10.957996	3.0712890625
10.958996	3.0712890625
10.959996	3.0712890625
10.960996	3.0712890625
10.961996	3.076171875
10.962996	3.0712890625
10.963996	3.0712890625
10.964996	3.0810546875
10.965996	3.0810546875
10.966996	3.076171875
10.967996	3.076171875
10.968996	3.076171875
10.969996	3.0810546875
10.970996	3.0810546875
10.971996	3.076171875
10.973	3.0810546875
10.973996	3.0712890625
10.975	3.076171875
10.976	3.076171875
10.977	3.076171875
10.978	3.0810546875
10.979	3.076171875
10.979996	3.076171875
10.980996	3.076171875
10.981996	3.0712890625
10.982996	3.0712890625
10.983996	3.076171875
10.984996	3.06640625
10.985996	3.0712890625
10.986996	3.0712890625
10.987996	3.0615234375
10.988996	3.0712890625
10.989996	3.0615234375
10.990996	3.06640625
10.991996	3.06640625
10.992996	3.0712890625
10.993996	3.0615234375
10.994996	3.056640625
10.995996	3.0615234375
10.996996	3.0517578125
10.997996	3.056640625
10.998996	3.056640625
10.999996	3.0517578125
11.000996	3.056640625
11.001996	3.056640625
11.002996	3.0517578125
11.003996	3.037109375
11.004996	3.0517578125
11.005996	3.037109375
11.006996	3.037109375
11.007996	3.037109375
11.008996	3.0322265625
11.009996	3.037109375
11.010996	3.0322265625
11.011996	3.02734375
11.012996	3.0224609375
11.013996	3.02734375
11.015004	3.0224609375
11.015996	3.017578125
11.017	3.017578125
11.018	3.017578125
11.019	3.017578125
11.02	3.0078125
11.021	3.0126953125
11.021996	3.0126953125
11.022996	3.0078125
11.023996	2.9931640625
11.024996	2.998046875
11.025996	3.0029296875
11.026996	3.0078125
11.027996	2.9931640625
11.028996	3.0029296875
11.029996	2.998046875
11.030996	2.9931640625
11.031996	2.9931640625
11.032996	2.98828125
11.033996	2.9931640625
11.034996	2.9931640625
11.035996	2.9931640625
11.036996	2.98828125
11.037996	2.9833984375
11.038996	2.9833984375
11.039996	2.98828125
11.040996	2.9833984375
11.041996	2.98828125
11.042996	2.978515625
11.043996	2.9833984375
11.044996	2.9833984375
11.045996	2.9736328125
11.046996	2.9736328125
11.047996	2.978515625
11.048996	2.978515625
11.049996	2.978515625
11.050996	2.96875
11.051996	2.96875
11.052996	2.96875
11.053996	2.9736328125
11.054996	2.9736328125
11.055996	2.9736328125
11.056996	2.978515625
11.058	2.9736328125
11.058996	2.978515625
11.06	2.9736328125
11.061	2.9736328125
11.062	2.96875
11.063	2.9736328125
11.064	2.978515625
11.064996	2.96875
11.065996	2.978515625
11.066996	2.978515625
11.067996	2.978515625
11.068996	2.978515625
11.069996	2.9833984375
11.070996	2.978515625
11.071996	2.98828125
11.072996	2.98828125
11.073996	2.9833984375
11.074996	2.9833984375
11.075996	2.9833984375
11.076996	2.98828125
11.077996	2.9931640625
11.078996	2.9833984375
11.079996	2.9931640625
11.080996	2.9931640625
11.081996	2.998046875
11.082996	2.9931640625
11.083996	2.998046875
11.084996	2.998046875
11.085996	2.998046875
11.086996	3.0029296875
11.087996	2.998046875
11.088996	3.0029296875
11.089996	3.0029296875
11.090996	3.0029296875
11.091996	3.0078125
11.092996	3.0126953125
11.093996	3.0078125
11.094996	3.0126953125
11.095996	3.017578125
11.096996	3.0224609375
11.097996	3.017578125
11.098996	3.02734375
11.099996	3.02734375
11.101	3.0322265625
11.101996	3.0322265625
11.103	3.0322265625
11.104	3.037109375
11.105	3.037109375
11.106	3.0322265625
11.107	3.0322265625
11.107996	3.037109375
11.108996	3.037109375
11.109996	3.0419921875
11.110996	3.0517578125
11.111996	3.0517578125
11.112996	3.0517578125
11.113996	3.0517578125
11.114996	3.056640625
11.115996	3.0615234375
11.116996	3.056640625
11.117996	3.046875
11.118996	3.056640625
11.119996	3.056640625
11.120996	3.06640625
11.121996	3.056640625
11.122996	3.06640625
11.123996	3.0615234375
11.124996	3.06640625
11.125996	3.0712890625
11.126996	3.0712890625
11.127996	3.06640625
11.128996	3.0712890625
11.129996	3.06640625
11.130996	3.0712890625
11.131996	3.076171875
11.132996	3.076171875
11.133996	3.0712890625
11.134996	3.06640625
11.135996	3.0712890625
11.136996	3.0810546875
11.137996	3.076171875
11.138996	3.076171875
11.139996	3.0712890625
11.140996	3.0810546875
11.141996	3.076171875
11.143004	3.0810546875
11.143996	3.0712890625
11.145	3.076171875
11.146	3.0810546875
11.147	3.0712890625
11.148	3.0810546875
11.149	3.0712890625
11.149996	3.076171875
11.150996	3.0712890625
11.151996	3.076171875
11.152996	3.0712890625
11.153996	3.06640625
11.154996	3.076171875
11.155996	3.06640625
11.156996	3.06640625
11.157996	3.06640625
11.158996	3.06640625
11.159996	3.0615234375
11.160996	3.06640625
11.161996	3.0615234375
11.162996	3.056640625
11.163996	3.056640625
11.164996	3.0615234375
11.165996	3.0615234375
11.166996	3.056640625
11.167996	3.056640625
11.168996	3.06640625
11.169996	3.0615234375
11.170996	3.056640625
11.171996	3.046875
11.172996	3.0419921875
11.173996	3.037109375
11.174996	3.046875
11.175996	3.0419921875
11.176996	3.037109375
11.177996	3.037109375
11.178996	3.037109375
11.179996	3.037109375
11.180996	3.037109375
11.181996	3.02734375
11.182996	3.0224609375
11.183996	3.02734375
11.184996	3.017578125
11.186	3.0224609375
11.186996	3.017578125
11.188	3.017578125
11.189	3.017578125
11.19	3.017578125
11.191	3.0126953125
11.192	3.0078125
11.192996	3.0029296875
11.193996	3.0029296875
11.194996	2.998046875
11.195996	3.0029296875
11.196996	3.0029296875
11.197996	3.0029296875
11.198996	2.998046875
11.199996	2.9931640625
11.200996	2.9931640625
11.201996	2.9931640625
11.202996	2.998046875
11.203996	2.9931640625
11.204996	2.98828125
11.205996	2.978515625
11.206996	2.9833984375
11.207996	2.98828125
11.208996	2.9833984375
11.209996	2.98828125
11.210996	2.98828125
11.211996	2.9833984375
11.212996	2.98828125
11.213996	2.9833984375
11.214996	2.9833984375
11.215996	2.9833984375
11.216996	2.978515625
11.217996	2.978515625
11.218996	2.978515625
11.219996	2.9833984375
11.220996	2.978515625
11.221996	2.978515625
11.222996	2.9736328125
11.223996	2.978515625
11.224996	2.978515625
11.225996	2.978515625
11.226996	2.978515625
11.227996	2.9736328125
11.229	2.978515625
11.229996	2.9736328125
11.231	2.978515625
11.232	2.96875
11.233	2.978515625
11.234	2.978515625
11.235	2.9833984375
11.235996	2.978515625
11.236996	2.9833984375
11.237996	2.9736328125
11.238996	2.9736328125
11.239996	2.978515625
11.240996	2.9833984375
11.241996	2.98828125
11.242996	2.98828125
11.243996	2.98828125
11.244996	2.98828125
11.245996	2.9833984375
11.246996	2.98828125
11.247996	2.9931640625
11.248996	2.98828125
11.249996	2.98828125
11.250996	2.98828125
11.251996	2.998046875
11.252996	2.9931640625
11.253996	2.98828125
11.254996	2.9931640625
11.255996	2.98828125
11.256996	3.0029296875
11.257996	3.0078125
11.258996	2.998046875
11.259996	3.0078125
11.260996	3.0078125
11.261996	3.0126953125
11.262996	3.0029296875
11.263996	3.0126953125
11.264996	3.017578125
11.265996	3.0126953125
11.266996	3.0224609375
11.267996	3.0224609375
11.268996	3.0224609375
11.269996	3.0224609375
11.271004	3.0224609375
11.271996	3.02734375
11.273	3.0322265625
11.274	3.02734375
11.275	3.0322265625
11.276	3.0322265625
11.277	3.037109375
11.277996	3.037109375
11.278996	3.0419921875
11.279996	3.0419921875
11.280996	3.0419921875
11.281996	3.0517578125
11.282996	3.0517578125
11.283996	3.0517578125
11.284996	3.056640625
11.285996	3.056640625
11.286996	3.046875
11.287996	3.056640625
11.288996	3.0517578125
11.289996	3.046875
11.290996	3.0615234375
11.291996	3.0615234375
11.292996	3.056640625
11.293996	3.0615234375
11.294996	3.056640625
11.295996	3.06640625
11.296996	3.0712890625
11.297996	3.06640625
11.298996	3.0712890625
11.299996	3.0712890625
11.300996	3.076171875
11.301996	3.076171875
11.302996	3.076171875
11.303996	3.06640625
11.304996	3.0712890625
11.305996	3.06640625
11.306996	3.076171875
11.307996	3.076171875
11.308996	3.076171875
11.309996	3.076171875
11.310996	3.0712890625
11.311996	3.0712890625
11.312996	3.0810546875
11.314	3.0810546875
11.314996	3.076171875
11.316	3.076171875
11.317	3.0810546875
11.318	3.076171875
11.319	3.076171875
11.32	3.076171875
11.320996	3.0712890625
11.321996	3.0712890625
11.322996	3.0712890625
11.323996	3.0712890625
11.324996	3.06640625
11.325996	3.0712890625
11.326996	3.0712890625
11.327996	3.06640625
11.328996	3.06640625
11.329996	3.0615234375
11.330996	3.0615234375
11.331996	3.0615234375
11.332996	3.056640625
11.333996	3.0615234375
11.334996	3.06640625
11.335996	3.06640625
11.336996	3.0615234375
11.337996	3.0615234375
11.338996	3.0517578125
11.339996	3.0517578125
11.340996	3.046875
11.341996	3.046875
11.342996	3.0517578125
11.343996	3.0419921875
11.344996	3.046875
11.345996	3.0419921875
11.346996	3.0419921875
11.347996	3.037109375
11.348996	3.037109375
11.349996	3.037109375
11.350996	3.0322265625
11.351996	3.02734375
11.352996	3.02734375
11.353996	3.02734375
11.354996	3.02734375
11.355996	3.017578125
11.357	3.0224609375
11.357996	3.0224609375
11.359	3.017578125
11.36	3.017578125
11.361	3.017578125
11.362	3.0126953125
11.363	3.0029296875
11.363996	3.0078125
11.364996	3.0029296875
11.365996	3.0126953125
11.366996	3.0029296875
11.367996	3.0029296875
11.368996	2.998046875
11.369996	2.9931640625
11.370996	2.9931640625
11.371996	2.9931640625
11.372996	2.9833984375
11.373996	2.9931640625
11.374996	2.9931640625
11.375996	2.9931640625
11.376996	2.9931640625
11.377996	2.98828125
11.378996	2.98828125
11.379996	2.98828125
11.380996	2.98828125
11.381996	2.98828125
11.382996	2.98828125
11.383996	2.9833984375
11.384996	2.9833984375
11.385996	2.978515625
11.386996	2.9833984375
11.387996	2.978515625
11.388996	2.978515625
11.389996	2.978515625
11.390996	2.9833984375
11.391996	2.9833984375
11.392996	2.9736328125
11.393996	2.9736328125
11.394996	2.96875
11.395996	2.9736328125
11.396996	2.9736328125
11.397996	2.978515625
11.399004	2.96875
11.399996	2.978515625
11.401	2.9736328125
11.402	2.9833984375
11.403	2.98828125
11.404	2.9833984375
11.405	2.978515625
11.405996	2.978515625
11.406996	2.9833984375
11.407996	2.978515625
11.408996	2.9833984375
11.409996	2.98828125
11.410996	2.9833984375
11.411996	2.98828125
11.412996	2.98828125
11.413996	2.98828125
11.414996	2.9833984375
11.415996	2.98828125
11.416996	2.9833984375
11.417996	2.98828125
11.418996	2.98828125
11.419996	2.98828125
11.420996	2.998046875
11.421996	2.998046875
11.422996	2.998046875
11.423996	3.0029296875
11.424996	3.0029296875
11.425996	2.9931640625
11.426996	3.0029296875
11.427996	3.0078125
11.428996	3.0078125
11.429996	2.998046875
11.430996	3.0078125
11.431996	3.0126953125
11.432996	3.0078125
11.433996	3.0126953125
11.434996	3.017578125
11.435996	3.0224609375
11.436996	3.017578125
11.437996	3.02734375
11.438996	3.0224609375
11.439996	3.02734375
11.440996	3.02734375
11.442	3.02734375
11.442996	3.02734375
11.444	3.0322265625
11.445	3.0322265625
11.446	3.037109375
11.447	3.037109375
11.448	3.037109375
11.448996	3.0419921875
11.449996	3.046875
11.450996	3.046875
11.451996	3.0517578125
11.452996	3.046875
11.453996	3.046875
11.454996	3.0517578125
11.455996	3.0517578125
11.456996	3.0517578125
11.457996	3.06640625
11.458996	3.056640625
11.459996	3.0615234375
11.460996	3.0615234375
11.461996	3.06640625
11.462996	3.06640625
11.463996	3.0615234375
11.464996	3.06640625
11.465996	3.0615234375
11.466996	3.0615234375
11.467996	3.06640625
11.468996	3.06640625
11.469996	3.06640625
11.470996	3.0712890625
11.471996	3.0615234375
11.472996	3.0712890625
11.473996	3.06640625
11.474996	3.076171875
11.475996	3.076171875
11.476996	3.076171875
11.477996	3.076171875
11.478996	3.0810546875
11.479996	3.076171875
11.480996	3.0712890625
11.481996	3.076171875
11.482996	3.076171875
11.483996	3.076171875
11.485	3.076171875
11.485996	3.0712890625
11.487	3.076171875
11.488	3.076171875
11.489	3.0712890625
11.49	3.0712890625
11.491	3.0712890625
11.491996	3.0712890625
11.492996	3.0712890625
11.493996	3.06640625
11.494996	3.06640625
11.495996	3.0712890625
11.496996	3.06640625
11.497996	3.06640625
11.498996	3.06640625
11.499996	3.0615234375
11.500996	3.056640625
11.501996	3.0615234375
11.502996	3.06640625
11.503996	3.0615234375
11.504996	3.0517578125
11.505996	3.056640625
11.506996	3.056640625
11.507996	3.0517578125
11.508996	3.0615234375
11.509996	3.0517578125
11.510996	3.0517578125
11.511996	3.046875
11.512996	3.0517578125
11.513996	3.0419921875
11.514996	3.0419921875
11.515996	3.0419921875
11.516996	3.037109375
11.517996	3.0419921875
11.518996	3.0322265625
11.519996	3.037109375
11.520996	3.0322265625
11.521996	3.017578125
11.522996	3.02734375
11.523996	3.0224609375
11.524996	3.017578125
11.525996	3.0126953125
11.527004	3.0126953125
11.527996	3.0224609375
11.529	3.0126953125
11.53	3.017578125
11.531	3.0126953125
11.532	3.0029296875
11.533	3.0078125
11.533996	3.0029296875
11.534996	2.998046875
11.535996	3.0029296875
11.536996	3.0029296875
11.537996	2.9931640625
11.538996	2.98828125
11.539996	2.9931640625
11.540996	2.998046875
11.541996	2.9931640625
11.542996	2.9931640625
11.543996	2.9931640625
11.544996	2.98828125
11.545996	2.98828125
11.546996	2.9833984375
11.547996	2.9833984375
11.548996	2.9833984375
11.549996	2.98828125
11.550996	2.9833984375
11.551996	2.98828125
11.552996	2.98828125
11.553996	2.9833984375
11.554996	2.9833984375
11.555996	2.9833984375
11.556996	2.9833984375
11.557996	2.978515625
11.558996	2.978515625
11.559996	2.9833984375
11.560996	2.9736328125
11.561996	2.978515625
11.562996	2.9736328125
11.563996	2.9736328125
11.564996	2.9833984375
11.565996	2.9736328125
11.566996	2.978515625
11.567996	2.9736328125
11.568996	2.978515625
11.57	2.9833984375
11.570996	2.9736328125
11.572	2.96875
11.573	2.978515625
11.574	2.978515625
11.575	2.9833984375
11.576	2.9833984375
11.576996	2.9833984375
11.577996	2.978515625
11.578996	2.9833984375
11.579996	2.978515625
11.580996	2.98828125
11.581996	2.9833984375
11.582996	2.98828125
11.583996	2.98828125
11.584996	2.9833984375
11.585996	2.9931640625
11.586996	2.98828125
11.587996	2.98828125
11.588996	2.98828125
11.589996	2.98828125
11.590996	2.9931640625
11.591996	2.9931640625
11.592996	2.998046875
11.593996	2.998046875
11.594996	2.998046875
11.595996	2.9931640625
11.596996	2.998046875
11.597996	3.0029296875
11.598996	3.0029296875
11.599996	3.0029296875
11.600996	3.0078125
11.601996	3.0126953125
11.602996	3.0078125
11.603996	3.0078125
11.604996	3.017578125
11.605996	3.0126953125
11.606996	3.017578125
11.607996	3.017578125
11.608996	3.017578125
11.609996	3.0224609375
11.610996	3.0224609375
11.611996	3.0224609375
11.613	3.0322265625
11.613996	3.02734375
11.615	3.037109375
11.616	3.037109375
11.617	3.0322265625
11.618	3.0322265625
11.619	3.0419921875
11.619996	3.046875
11.620996	3.046875
11.621996	3.0419921875
11.622996	3.0419921875
11.623996	3.0517578125
11.624996	3.056640625
11.625996	3.046875
11.626996	3.0615234375
11.627996	3.056640625
11.628996	3.0517578125
11.629996	3.0615234375
11.630996	3.0615234375
11.631996	3.0615234375
11.632996	3.056640625
11.633996	3.0615234375
11.634996	3.056640625
11.635996	3.06640625
11.636996	3.0615234375
11.637996	3.06640625
11.638996	3.0712890625
11.639996	3.06640625
11.640996	3.0712890625
11.641996	3.0712890625
11.642996	3.0712890625
11.643996	3.06640625
11.644996	3.076171875
11.645996	3.0615234375
11.646996	3.076171875
11.647996	3.0712890625
11.648996	3.0712890625
11.649996	3.076171875
11.650996	3.076171875
11.651996	3.076171875
11.652996	3.076171875
11.653996	3.0712890625
11.655004	3.0712890625
11.655996	3.0712890625
11.657	3.0712890625
11.658	3.0712890625
11.659	3.0810546875
11.66	3.0615234375
11.661	3.0712890625
11.661996	3.0712890625
11.662996	3.0712890625
11.663996	3.0615234375
11.664996	3.0712890625
11.665996	3.06640625
11.666996	3.0615234375
11.667996	3.0615234375
11.668996	3.06640625
11.669996	3.0615234375
11.670996	3.0615234375
11.671996	3.0615234375
11.672996	3.056640625
11.673996	3.056640625
11.674996	3.0517578125
11.675996	3.056640625
11.676996	3.056640625
11.677996	3.0615234375
11.678996	3.0517578125
11.679996	3.0615234375
11.680996	3.046875
11.681996	3.046875
11.682996	3.0517578125
11.683996	3.037109375
11.684996	3.046875
11.685996	3.037109375
11.686996	3.037109375
11.687996	3.0322265625
11.688996	3.02734375
11.689996	3.037109375
11.690996	3.02734375
11.691996	3.0322265625
11.692996	3.02734375
11.693996	3.0224609375
11.694996	3.0224609375
11.695996	3.0224609375
11.696996	3.017578125
11.698	3.0224609375
11.698996	3.017578125
11.7	3.0126953125
11.701	3.0029296875
11.702	3.0078125
11.703	3.0126953125
11.704	3.0029296875
11.704996	2.998046875
11.705996	2.998046875
11.706996	3.0078125
11.707996	2.998046875
11.708996	3.0029296875
11.709996	2.998046875
11.710996	2.998046875
11.711996	2.9931640625
11.712996	2.98828125
11.713996	2.98828125
11.714996	3.0029296875
11.715996	2.98828125
11.716996	2.98828125
11.717996	2.98828125
11.718996	2.98828125
11.719996	2.9931640625
11.720996	2.98828125
11.721996	2.978515625
11.722996	2.98828125
11.723996	2.98828125
11.724996	2.98828125
11.725996	2.9833984375
11.726996	2.9833984375
11.727996	2.9833984375
11.728996	2.9833984375
11.729996	2.9833984375
11.730996	2.9833984375
11.731996	2.9833984375
11.732996	2.978515625
11.733996	2.9833984375
11.734996	2.9833984375
11.735996	2.978515625
11.736996	2.978515625
11.737996	2.9833984375
11.738996	2.978515625
11.739996	2.978515625
11.741	2.9736328125
11.741996	2.9736328125
11.743	2.978515625
11.744	2.978515625
11.745	2.978515625
11.746	2.978515625
11.747	2.978515625
11.747996	2.9833984375
11.748996	2.9833984375
11.749996	2.9833984375
11.750996	2.98828125
11.751996	2.98828125
11.752996	2.98828125
11.753996	2.9833984375
11.754996	2.98828125
11.755996	2.98828125
11.756996	2.98828125
11.757996	2.9833984375
11.758996	2.98828125
11.759996	2.998046875
11.760996	2.98828125
11.761996	2.9931640625
11.762996	2.9931640625
11.763996	2.998046875
11.764996	2.9931640625
11.765996	3.0029296875
11.766996	2.998046875
11.767996	3.0078125
11.768996	3.0078125
11.769996	3.0029296875
11.770996	3.0029296875
11.771996	3.0078125
11.772996	3.0126953125
11.773996	3.0126953125
11.774996	3.017578125
11.775996	3.017578125
11.776996	3.0224609375
11.777996	3.017578125
11.778996	3.017578125
11.779996	3.02734375
11.780996	3.0224609375
11.781996	3.02734375
11.783004	3.0322265625
11.783996	3.0322265625
11.785	3.037109375
11.786	3.037109375
11.787	3.037109375
11.788	3.0419921875
11.789	3.0419921875
11.789996	3.037109375
11.790996	3.046875
11.791996	3.0419921875
11.792996	3.046875
11.793996	3.0517578125
11.794996	3.0517578125
11.795996	3.056640625
11.796996	3.056640625
11.797996	3.0615234375
11.798996	3.056640625
11.799996	3.056640625
11.800996	3.056640625
11.801996	3.0615234375
11.802996	3.056640625
11.803996	3.0615234375
11.804996	3.0615234375
11.805996	3.0615234375
11.806996	3.06640625
11.807996	3.06640625
11.808996	3.06640625
11.809996	3.0712890625
11.810996	3.0712890625
11.811996	3.0712890625
11.812996	3.06640625
11.813996	3.076171875
11.814996	3.0712890625
11.815996	3.0712890625
11.816996	3.06640625
11.817996	3.0712890625
11.818996	3.0712890625
11.819996	3.0615234375
11.820996	3.06640625
11.821996	3.0712890625
11.822996	3.06640625
11.823996	3.0712890625
11.824996	3.0615234375
11.826	3.076171875
11.826996	3.0712890625
11.828	3.06640625
11.829	3.0712890625
11.83	3.0712890625
11.831	3.0615234375
11.832	3.0712890625
11.832996	3.0712890625
11.833996	3.0615234375
11.834996	3.06640625
11.835996	3.0712890625
11.836996	3.06640625
11.837996	3.06640625
11.838996	3.06640625
11.839996	3.056640625
11.840996	3.06640625
11.841996	3.056640625
11.842996	3.056640625
11.843996	3.0615234375
11.844996	3.0615234375
11.845996	3.056640625
11.846996	3.056640625
11.847996	3.056640625
11.848996	3.056640625
11.849996	3.046875
11.850996	3.056640625
11.851996	3.046875
11.852996	3.046875
11.853996	3.037109375
11.854996	3.0419921875
11.855996	3.037109375
11.856996	3.037109375
11.857996	3.037109375
11.858996	3.037109375
11.859996	3.037109375
11.860996	3.0322265625
11.861996	3.02734375
11.862996	3.0322265625
11.863996	3.0224609375
11.864996	3.02734375
11.865996	3.0224609375
11.866996	3.0224609375
11.867996	3.0224609375
11.869	3.0126953125
11.869996	3.017578125
11.871	3.017578125
11.872	3.0126953125
11.873	3.0078125
11.874	3.0126953125
11.875	3.0029296875
11.875996	3.0029296875
11.876996	3.0078125
11.877996	2.9931640625
11.878996	3.0029296875
11.879996	3.0029296875
11.880996	2.998046875
11.881996	2.998046875
11.882996	2.9931640625
11.883996	2.98828125
11.884996	2.98828125
11.885996	2.9931640625
11.886996	2.98828125
11.887996	2.98828125
11.888996	2.978515625
11.889996	2.9931640625
11.890996	2.9833984375
11.891996	2.98828125
11.892996	2.98828125
11.893996	2.9833984375
11.894996	2.9833984375
11.895996	2.978515625
11.896996	2.9833984375
11.897996	2.9833984375
11.898996	2.9833984375
11.899996	2.978515625
11.900996	2.9833984375
11.901996	2.978515625
11.902996	2.978515625
11.903996	2.978515625
11.904996	2.978515625
11.905996	2.978515625
11.906996	2.9833984375
11.907996	2.9736328125
11.908996	2.9833984375
11.909996	2.9833984375
11.911004	2.9833984375
11.911996	2.9833984375
11.913	2.978515625
11.914	2.9833984375
11.915	2.978515625
11.916	2.978515625
11.917	2.978515625
11.917996	2.978515625
11.918996	2.9833984375
11.919996	2.98828125
11.920996	2.9833984375
11.921996	2.9833984375
11.922996	2.9833984375
11.923996	2.98828125
11.924996	2.98828125
11.925996	2.9931640625
11.926996	2.9833984375
11.927996	2.98828125
11.928996	2.9931640625
11.929996	2.9931640625
11.930996	2.98828125
11.931996	2.998046875
11.932996	2.9931640625
11.933996	2.9931640625
11.934996	2.998046875
11.935996	3.0029296875
11.936996	2.998046875
11.937996	2.998046875
11.938996	2.998046875
11.939996	2.998046875
11.940996	3.0029296875
11.941996	3.0078125
11.942996	3.0078125
11.943996	3.0078125
11.944996	3.017578125
11.945996	3.017578125
11.946996	3.017578125
11.947996	3.0126953125
11.948996	3.0224609375
11.949996	3.017578125
11.950996	3.0224609375
11.951996	3.0224609375
11.952996	3.0322265625
11.954	3.02734375
11.954996	3.02734375
11.956	3.0419921875
11.957	3.037109375
11.958	3.0419921875
11.959	3.0322265625
11.96	3.0419921875
11.960996	3.046875
11.961996	3.046875
11.962996	3.056640625
11.963996	3.0517578125
11.964996	3.0517578125
11.965996	3.056640625
11.966996	3.0517578125
11.967996	3.0615234375
11.968996	3.0615234375
11.969996	3.0615234375
11.970996	3.056640625
11.971996	3.056640625
11.972996	3.0615234375
11.973996	3.0615234375
11.974996	3.0615234375
11.975996	3.056640625
11.976996	3.056640625
11.977996	3.06640625
11.978996	3.0712890625
11.979996	3.0712890625
11.980996	3.06640625
11.981996	3.0712890625
11.982996	3.0712890625
11.983996	3.0615234375
11.984996	3.0712890625
11.985996	3.0615234375
11.986996	3.06640625
11.987996	3.0615234375
11.988996	3.06640625
11.989996	3.0712890625
11.990996	3.06640625
11.991996	3.06640625
11.992996	3.0712890625
11.993996	3.0712890625
11.994996	3.0712890625
11.995996	3.0712890625
11.997	3.0712890625
11.997996	3.076171875
11.999	3.0615234375
12.0	3.06640625
12.001	3.0712890625
12.002	3.06640625
12.003	3.0712890625
12.003996	3.06640625
12.004996	3.06640625
12.005996	3.06640625
12.006996	3.06640625
12.007996	3.0615234375
12.008996	3.0615234375
12.009996	3.06640625
12.010996	3.06640625
12.011996	3.0615234375
12.012996	3.06640625
12.013996	3.056640625
12.014996	3.056640625
12.015996	3.0615234375
12.016996	3.056640625
12.017996	3.0517578125
12.018996	3.056640625
12.019996	3.046875
12.020996	3.046875
12.021996	3.046875
12.022996	3.0419921875
12.023996	3.037109375
12.024996	3.037109375
12.025996	3.046875
12.026996	3.037109375
12.027996	3.0322265625
12.028996	3.02734375
12.029996	3.0322265625
12.030996	3.02734375
12.031996	3.0224609375
12.032996	3.0224609375
12.033996	3.02734375
12.034996	3.0322265625
12.035996	3.0224609375
12.036996	3.0224609375
12.037996	3.0224609375
12.039004	3.0224609375
12.039996	3.017578125
12.041	3.0126953125
12.042	3.0029296875
12.043	3.0078125
12.044	3.0126953125
12.045	3.0029296875
12.045996	3.0029296875
12.046996	3.0078125
12.047996	3.0078125
12.048996	3.0029296875
12.049996	2.998046875
12.050996	2.9931640625
12.051996	2.998046875
12.052996	2.998046875
12.053996	2.9931640625
12.054996	2.9931640625
12.055996	2.998046875
12.056996	2.9931640625
12.057996	2.9931640625
12.058996	2.9833984375
12.059996	2.98828125
12.060996	2.9931640625
12.061996	2.98828125
12.062996	2.9833984375
12.063996	2.98828125
12.064996	2.9833984375
12.065996	2.98828125
12.066996	2.9931640625
12.067996	2.9833984375
12.068996	2.9833984375
12.069996	2.9833984375
12.070996	2.9833984375
12.071996	2.9736328125
12.072996	2.9833984375
12.073996	2.9833984375
12.074996	2.9833984375
12.075996	2.978515625
12.076996	2.9736328125
12.077996	2.9833984375
12.078996	2.9833984375
12.079996	2.98828125
12.080996	2.9833984375
12.082	2.9736328125
12.082996	2.9833984375
12.084	2.98828125
12.085	2.9833984375
12.086	2.98828125
12.087	2.9833984375
12.088	2.978515625
12.088996	2.9833984375
12.089996	2.978515625
12.090996	2.9833984375
12.091996	2.98828125
12.092996	2.98828125
12.093996	2.9931640625
12.094996	2.98828125
12.095996	2.98828125
12.096996	2.98828125
12.097996	2.9931640625
12.098996	2.998046875
12.099996	2.98828125
12.100996	2.98828125
12.101996	2.998046875
12.102996	2.998046875
12.103996	2.9931640625
12.104996	3.0029296875
12.105996	2.998046875
12.106996	3.0029296875
12.107996	2.998046875
12.108996	3.0078125
12.109996	3.0029296875
12.110996	3.0029296875
12.111996	3.0078125
12.112996	3.0126953125
12.113996	3.0126953125
12.114996	3.017578125
12.115996	3.0126953125
12.116996	3.0224609375
12.117996	3.017578125
12.118996	3.0224609375
12.119996	3.02734375
12.120996	3.0224609375
12.121996	3.0224609375
12.122996	3.02734375
12.123996	3.02734375
12.125	3.0322265625
12.125996	3.0322265625
12.127	3.037109375
12.128	3.037109375
12.129	3.037109375
12.13	3.0419921875
12.131	3.037109375
12.131996	3.046875
12.132996	3.046875
12.133996	3.0517578125
12.134996	3.0517578125
12.135996	3.0517578125
12.136996	3.0517578125
12.137996	3.056640625
12.138996	3.0517578125
12.139996	3.0615234375
12.140996	3.0517578125
12.141996	3.056640625
12.142996	3.056640625
12.143996	3.06640625
12.144996	3.06640625
12.145996	3.06640625
12.146996	3.0615234375
12.147996	3.0615234375
12.148996	3.06640625
12.149996	3.0615234375
12.150996	3.06640625
12.151996	3.06640625
12.152996	3.06640625
12.153996	3.0712890625
12.154996	3.0615234375
12.155996	3.0712890625
12.156996	3.06640625
12.157996	3.0712890625
12.158996	3.0712890625
12.159996	3.06640625
12.160996	3.0712890625
12.161996	3.0712890625
12.162996	3.076171875
12.163996	3.0712890625
12.164996	3.076171875
12.165996	3.0712890625
12.167004	3.0712890625
12.167996	3.076171875
12.169	3.06640625
12.17	3.06640625
12.171	3.0712890625
12.172	3.0615234375
12.173	3.0712890625
12.173996	3.06640625
12.174996	3.06640625
12.175996	3.06640625
12.176996	3.0615234375
12.177996	3.06640625
12.178996	3.06640625
12.179996	3.0615234375
12.180996	3.0615234375
12.181996	3.0615234375
12.182996	3.0615234375
12.183996	3.0517578125
12.184996	3.0615234375
12.185996	3.0517578125
12.186996	3.056640625
12.187996	3.056640625
12.188996	3.0517578125
12.189996	3.046875
12.190996	3.0517578125
12.191996	3.046875
12.192996	3.046875
12.193996	3.046875
12.194996	3.0322265625
12.195996	3.0419921875
12.196996	3.037109375
12.197996	3.02734375
12.198996	3.037109375
12.199996	3.02734375
12.200996	3.02734375
12.201996	3.02734375
12.202996	3.02734375
12.203996	3.0224609375
12.204996	3.0224609375
12.205996	3.0224609375
12.206996	3.0224609375
12.207996	3.0224609375
12.208996	3.0078125
12.21	3.017578125
12.210996	3.0126953125
12.212	3.0078125
12.213	3.017578125
12.214	3.0078125
12.215	3.0126953125
12.216	2.998046875
12.216996	3.0029296875
12.217996	3.0078125
12.218996	2.998046875
12.219996	3.0029296875
12.220996	2.998046875
12.221996	2.998046875
12.222996	2.9931640625
12.223996	2.9931640625
12.224996	2.9931640625
12.225996	2.9931640625
12.226996	2.998046875
12.227996	2.98828125
12.228996	2.98828125
12.229996	2.9833984375
12.230996	2.98828125
12.231996	2.9931640625
12.232996	2.98828125
12.233996	2.98828125
12.234996	2.9833984375
12.235996	2.98828125
12.236996	2.9833984375
12.237996	2.9833984375
12.238996	2.98828125
12.239996	2.9833984375
12.240996	2.98828125
12.241996	2.98828125
12.242996	2.98828125
12.243996	2.9833984375
12.244996	2.9833984375
12.245996	2.978515625
12.246996	2.9736328125
12.247996	2.9736328125
12.248996	2.9736328125
12.249996	2.9736328125
12.250996	2.9833984375
12.251996	2.98828125
12.253	2.98828125
12.253996	2.98828125
12.255	2.978515625
12.256	2.9833984375
12.257	2.98828125
12.258	2.9833984375
12.259	2.9833984375
12.259996	2.9833984375
12.260996	2.98828125
12.261996	2.98828125
12.262996	2.98828125
12.263996	2.9833984375
12.264996	2.98828125
12.265996	2.98828125
12.266996	2.98828125
12.267996	2.98828125
12.268996	2.98828125
12.269996	2.9931640625
12.270996	2.98828125
12.271996	2.998046875
12.272996	2.9931640625
12.273996	2.98828125
12.274996	3.0029296875
12.275996	2.998046875
12.276996	3.0078125
12.277996	2.998046875
12.278996	3.0029296875
12.279996	3.0029296875
12.280996	3.0029296875
12.281996	3.0078125
12.282996	3.0078125
12.283996	3.0126953125
12.284996	3.0078125
12.285996	3.017578125
12.286996	3.0126953125
12.287996	3.017578125
12.288996	3.017578125
12.289996	3.017578125
12.290996	3.0224609375
12.291996	3.0224609375
12.292996	3.02734375
12.293996	3.02734375
12.295004	3.0224609375
12.295996	3.0322265625
12.297	3.0322265625
12.298	3.037109375
12.299	3.0419921875
12.3	3.037109375
12.301	3.0419921875
12.301996	3.0419921875
12.302996	3.0419921875
12.303996	3.0517578125
12.304996	3.046875
12.305996	3.0517578125
12.306996	3.0517578125
12.307996	3.056640625
12.308996	3.0615234375
12.309996	3.0517578125
12.310996	3.0615234375
12.311996	3.056640625
12.312996	3.0517578125
12.313996	3.056640625
12.314996	3.056640625
12.315996	3.06640625
12.316996	3.06640625
12.317996	3.0615234375
12.318996	3.0615234375
12.319996	3.06640625
12.320996	3.06640625
12.321996	3.06640625
12.322996	3.06640625
12.323996	3.06640625
12.324996	3.06640625
12.325996	3.0712890625
12.326996	3.06640625
12.327996	3.0712890625
12.328996	3.0712890625
12.329996	3.06640625
12.330996	3.0712890625
12.331996	3.06640625
12.332996	3.0712890625
12.333996	3.06640625
12.334996	3.0615234375
12.335996	3.06640625
12.336996	3.06640625
12.338	3.06640625
12.338996	3.06640625
12.34	3.0712890625
12.341	3.0712890625
12.342	3.06640625
12.343	3.06640625
12.344	3.0615234375
12.344996	3.06640625
12.345996	3.0615234375
12.346996	3.0615234375
12.347996	3.0615234375
12.348996	3.0615234375
12.349996	3.06640625
12.350996	3.056640625
12.351996	3.056640625
12.352996	3.056640625
12.353996	3.0517578125
12.354996	3.06640625
12.355996	3.0517578125
12.356996	3.0517578125
12.357996	3.0615234375
12.358996	3.056640625
12.359996	3.0517578125
12.360996	3.046875
12.361996	3.0419921875
12.362996	3.0419921875
12.363996	3.0517578125
12.364996	3.0419921875
12.365996	3.0419921875
12.366996	3.037109375
12.367996	3.037109375
12.368996	3.037109375
12.369996	3.0322265625
12.370996	3.02734375
12.371996	3.0224609375
12.372996	3.02734375
12.373996	3.0224609375
12.374996	3.017578125
12.375996	3.0224609375
12.376996	3.017578125
12.377996	3.0224609375
12.378996	3.0126953125
12.379996	3.017578125
12.381	3.0126953125
12.381996	3.0078125
12.383	3.017578125
12.384	3.0029296875
12.385	3.0029296875
12.386	3.0029296875
12.387	3.0078125
12.387996	2.998046875
12.388996	2.998046875
12.389996	3.0029296875
12.390996	2.9931640625
12.391996	2.9931640625
12.392996	2.998046875
12.393996	2.998046875
12.394996	2.9931640625
12.395996	2.9833984375
12.396996	2.98828125
12.397996	2.998046875
12.398996	2.9931640625
12.399996	2.98828125
12.400996	2.98828125
12.401996	2.98828125
12.402996	2.9931640625
12.403996	2.98828125
12.404996	2.9833984375
12.405996	2.9833984375
12.406996	2.98828125
12.407996	2.98828125
12.408996	2.9833984375
12.409996	2.9833984375
12.410996	2.9833984375
12.411996	2.98828125
12.412996	2.9833984375
12.413996	2.978515625
12.414996	2.9833984375
12.415996	2.9833984375
12.416996	2.978515625
12.417996	2.978515625
12.418996	2.978515625
12.419996	2.98828125
12.420996	2.9833984375
12.421996	2.978515625
12.423004	2.978515625
12.423996	2.98828125
12.425	2.98828125
12.426	2.98828125
12.427	2.98828125
12.428	2.9833984375
12.429	2.9833984375
12.429996	2.9833984375
12.430996	2.9833984375
12.431996	2.9931640625
12.432996	2.98828125
12.433996	2.98828125
12.434996	2.9833984375
12.435996	2.9931640625
12.436996	2.98828125
12.437996	2.9931640625
12.438996	2.98828125
12.439996	2.9931640625
12.440996	2.9931640625
12.441996	3.0029296875
12.442996	2.998046875
12.443996	2.9931640625
12.444996	3.0029296875
12.445996	2.998046875
12.446996	3.0029296875
12.447996	3.0029296875
12.448996	3.0029296875
12.449996	3.0078125
12.450996	3.0126953125
12.451996	3.0029296875
12.452996	3.0126953125
12.453996	3.0126953125
12.454996	3.0224609375
12.455996	3.0126953125
12.456996	3.0224609375
12.457996	3.017578125
12.458996	3.0224609375
12.459996	3.0224609375
12.460996	3.02734375
12.461996	3.0224609375
12.462996	3.02734375
12.463996	3.0322265625
12.464996	3.02734375
12.466	3.037109375
12.466996	3.02734375
12.468	3.0322265625
12.469	3.037109375
12.47	3.037109375
12.471	3.0419921875
12.472	3.046875
12.472996	3.037109375
12.473996	3.0517578125
12.474996	3.046875
12.475996	3.0517578125
12.476996	3.056640625
12.477996	3.0517578125
12.478996	3.056640625
12.479996	3.056640625
12.480996	3.0615234375
12.481996	3.056640625
12.482996	3.046875
12.483996	3.056640625
12.484996	3.056640625
12.485996	3.056640625
12.486996	3.056640625
12.487996	3.056640625
12.488996	3.056640625
12.489996	3.06640625
12.490996	3.0615234375
12.491996	3.06640625
12.492996	3.0615234375
12.493996	3.06640625
12.494996	3.06640625
12.495996	3.06640625
12.496996	3.06640625
12.497996	3.0712890625
12.498996	3.0712890625
12.499996	3.06640625
12.500996	3.0712890625
12.501996	3.0712890625
12.502996	3.0615234375
12.503996	3.06640625
12.504996	3.0712890625
12.505996	3.0712890625
12.506996	3.0712890625
12.507996	3.0712890625
12.509	3.0712890625
12.509996	3.06640625
12.511	3.06640625
12.512	3.056640625
12.513	3.06640625
12.514	3.0615234375
12.515	3.06640625
12.515996	3.056640625
12.516996	3.06640625
12.517996	3.0615234375
12.518996	3.056640625
12.519996	3.0615234375
12.520996	3.0615234375
12.521996	3.0517578125
12.522996	3.0517578125
12.523996	3.06640625
12.524996	3.056640625
12.525996	3.0615234375
12.526996	3.056640625
12.527996	3.056640625
12.528996	3.056640625
12.529996	3.046875
12.530996	3.0517578125
12.531996	3.0517578125
12.532996	3.037109375
12.533996	3.046875
12.534996	3.0322265625
12.535996	3.037109375
12.536996	3.0419921875
12.537996	3.037109375
12.538996	3.037109375
12.539996	3.0322265625
12.540996	3.0322265625
12.541996	3.0322265625
12.542996	3.02734375
12.543996	3.02734375
12.544996	3.0224609375
12.545996	3.0224609375
12.546996	3.017578125
12.547996	3.0126953125
12.548996	3.0224609375
12.549996	3.0224609375
12.551004	3.0224609375
12.551996	3.0126953125
12.553	3.0126953125
12.554	3.0029296875
12.555	3.0078125
12.556	3.0029296875
12.557	3.0078125
12.557996	3.0078125
12.558996	3.0029296875
12.559996	3.0029296875
12.560996	2.998046875
12.561996	2.9931640625
12.562996	2.998046875
12.563996	2.998046875
12.564996	2.98828125
12.565996	2.998046875
12.566996	2.9931640625
12.567996	2.998046875
12.568996	2.9931640625
12.569996	2.98828125
12.570996	2.9833984375
12.571996	2.98828125
12.572996	2.9833984375
12.573996	2.9931640625
12.574996	2.98828125
12.575996	2.98828125
12.576996	2.9833984375
12.577996	2.98828125
12.578996	2.9833984375
12.579996	2.9833984375
12.580996	2.98828125
12.581996	2.98828125
12.582996	2.98828125
12.583996	2.9833984375
12.584996	2.98828125
12.585996	2.9833984375
12.586996	2.98828125
12.587996	2.978515625
12.588996	2.98828125
12.589996	2.9833984375
12.590996	2.978515625
12.591996	2.98828125
12.592996	2.98828125
12.594	2.9833984375
12.594996	2.9833984375
12.596	2.98828125
12.597	2.98828125
12.598	2.98828125
12.599	2.98828125
12.6	2.9833984375
12.600996	2.978515625
12.601996	2.9833984375
12.602996	2.978515625
12.603996	2.9833984375
12.604996	2.9833984375
12.605996	2.9931640625
12.606996	2.98828125
12.607996	2.9931640625
12.608996	2.9931640625
12.609996	2.9931640625
12.610996	2.9931640625
12.611996	2.998046875
12.612996	2.998046875
12.613996	2.998046875
12.614996	2.998046875
12.615996	2.998046875
12.616996	3.0029296875
12.617996	2.998046875
12.618996	3.0078125
12.619996	3.0029296875
12.620996	3.0078125
12.621996	3.0078125
12.622996	3.0126953125
12.623996	3.0126953125
12.624996	3.0126953125
12.625996	3.017578125
12.626996	3.0126953125
12.627996	3.0224609375
12.628996	3.017578125
12.629996	3.0224609375
12.630996	3.02734375
12.631996	3.02734375
12.632996	3.0224609375
12.633996	3.02734375
12.634996	3.0322265625
12.635996	3.037109375
12.637	3.037109375
12.637996	3.0322265625
12.639	3.02734375
12.64	3.037109375
12.641	3.0419921875
12.642	3.0419921875
12.643	3.0419921875
12.643996	3.0419921875
12.644996	3.0517578125
12.645996	3.046875
12.646996	3.056640625
12.647996	3.0517578125
12.648996	3.056640625
12.649996	3.0517578125
12.650996	3.056640625
12.651996	3.0615234375
12.652996	3.056640625
12.653996	3.0615234375
12.654996	3.0615234375
12.655996	3.0615234375
12.656996	3.0615234375
12.657996	3.06640625
12.658996	3.0615234375
12.659996	3.0615234375
12.660996	3.0615234375
12.661996	3.0615234375
12.662996	3.0615234375
12.663996	3.0615234375
12.664996	3.0712890625
12.665996	3.0712890625
12.666996	3.06640625
12.667996	3.06640625
12.668996	3.0615234375
12.669996	3.0712890625
12.670996	3.06640625
12.671996	3.06640625
12.672996	3.06640625
12.673996	3.0712890625
12.674996	3.0615234375
12.675996	3.06640625
12.676996	3.0712890625
12.677996	3.0712890625
12.679004	3.06640625
12.679996	3.0615234375
12.681	3.0615234375
12.682	3.0615234375
12.683	3.056640625
12.684	3.0615234375
12.685	3.0615234375
12.685996	3.0615234375
12.686996	3.0615234375
12.687996	3.0615234375
12.688996	3.0615234375
12.689996	3.0615234375
12.690996	3.056640625
12.691996	3.056640625
12.692996	3.056640625
12.693996	3.0615234375
12.694996	3.056640625
12.695996	3.056640625
12.696996	3.0517578125
12.697996	3.0615234375
12.698996	3.046875
12.699996	3.0517578125
12.700996	3.0517578125
12.701996	3.0419921875
12.702996	3.0419921875
12.703996	3.037109375
12.704996	3.0419921875
12.705996	3.037109375
12.706996	3.0322265625
12.707996	3.037109375
12.708996	3.037109375
12.709996	3.0322265625
12.710996	3.0322265625
12.711996	3.02734375
12.712996	3.02734375
12.713996	3.0224609375
12.714996	3.0224609375
12.715996	3.0224609375
12.716996	3.017578125
12.717996	3.017578125
12.718996	3.017578125
12.719996	3.0224609375
12.720996	3.0078125
12.722	3.0078125
12.722996	3.0029296875
12.724	3.0029296875
12.725	3.0029296875
12.726	3.0029296875
12.727	2.998046875
12.728	3.0029296875
12.728996	2.998046875
12.729996	3.0029296875
12.730996	3.0029296875
12.731996	3.0029296875
12.732996	2.998046875
12.733996	2.998046875
12.734996	2.9931640625
12.735996	2.998046875
12.736996	2.9931640625
12.737996	2.98828125
12.738996	2.9931640625
12.739996	2.98828125
12.740996	2.9931640625
12.741996	2.98828125
12.742996	2.9931640625
12.743996	2.98828125
12.744996	2.98828125
12.745996	2.9931640625
12.746996	2.98828125
12.747996	2.98828125
12.748996	2.9833984375
12.749996	2.9833984375
12.750996	2.98828125
12.751996	2.9833984375
12.752996	2.98828125
12.753996	2.9833984375
12.754996	2.9833984375
12.755996	2.9833984375
12.756996	2.978515625
12.757996	2.9833984375
12.758996	2.98828125
12.759996	2.98828125
12.760996	2.9833984375
12.761996	2.98828125
12.762996	2.978515625
12.763996	2.9931640625
12.765	2.9833984375
12.765996	2.9833984375
12.767	2.98828125
12.768	2.98828125
12.769	2.98828125
12.77	2.9931640625
12.771	2.98828125
12.771996	2.98828125
12.772996	2.978515625
12.773996	2.98828125
12.774996	2.9931640625
12.775996	2.9931640625
12.776996	2.98828125
12.777996	2.9931640625
12.778996	2.9931640625
12.779996	2.9931640625
12.780996	2.998046875
12.781996	2.9931640625
12.782996	2.9931640625
12.783996	3.0029296875
12.784996	3.0029296875
12.785996	3.0029296875
12.786996	2.998046875
12.787996	2.998046875
12.788996	2.998046875
12.789996	3.0078125
12.790996	3.0078125
12.791996	3.0029296875
12.792996	3.0078125
12.793996	3.0126953125
12.794996	3.017578125
12.795996	3.0224609375
12.796996	3.0126953125
12.797996	3.017578125
12.798996	3.017578125
12.799996	3.02734375
12.800996	3.017578125
12.801996	3.017578125
12.802996	3.02734375
12.803996	3.02734375
12.804996	3.0322265625
12.805996	3.0322265625
12.807004	3.0322265625
12.807996	3.0419921875
12.809	3.037109375
12.81	3.037109375
12.811	3.0419921875
12.812	3.046875
12.813	3.046875
12.813996	3.037109375
12.814996	3.0517578125
12.815996	3.046875
12.816996	3.0517578125
12.817996	3.0517578125
12.818996	3.0517578125
12.819996	3.0517578125
12.820996	3.056640625
12.821996	3.056640625
12.822996	3.0615234375
12.823996	3.0615234375
12.824996	3.056640625
12.825996	3.0517578125
12.826996	3.0517578125
12.827996	3.0615234375
12.828996	3.06640625
12.829996	3.06640625
12.830996	3.0615234375
12.831996	3.0615234375
12.832996	3.0517578125
12.833996	3.0615234375
12.834996	3.056640625
12.835996	3.06640625
12.836996	3.0615234375
12.837996	3.0615234375
12.838996	3.06640625
12.839996	3.0712890625
12.840996	3.0615234375
12.841996	3.06640625
12.842996	3.06640625
12.843996	3.06640625
12.844996	3.06640625
12.845996	3.06640625
12.846996	3.06640625
12.847996	3.06640625
12.848996	3.0615234375
12.85	3.0615234375
12.850996	3.06640625
12.852	3.056640625
12.853	3.0615234375
12.854	3.0517578125
12.855	3.0517578125
12.856	3.056640625
12.856996	3.0615234375
12.857996	3.056640625
12.858996	3.06640625
12.859996	3.0615234375
12.860996	3.0615234375
12.861996	3.0615234375
12.862996	3.0615234375
12.863996	3.056640625
12.864996	3.06640625
12.865996	3.056640625
12.866996	3.056640625
12.867996	3.0615234375
12.868996	3.046875
12.869996	3.0517578125
12.870996	3.046875
12.871996	3.046875
12.872996	3.046875
12.873996	3.046875
12.874996	3.037109375
12.875996	3.037109375
12.876996	3.037109375
12.877996	3.037109375
12.878996	3.037109375
12.879996	3.037109375
12.880996	3.02734375
12.881996	3.017578125
12.882996	3.02734375
12.883996	3.0322265625
12.884996	3.02734375
12.885996	3.0224609375
12.886996	3.0224609375
12.887996	3.017578125
12.888996	3.017578125
12.889996	3.017578125
12.890996	3.017578125
12.891996	3.0126953125
12.893	3.0078125
12.893996	3.0029296875
12.895	3.0078125
12.896	3.0029296875
12.897	2.998046875
12.898	3.0029296875
12.899	3.0029296875
12.899996	2.998046875
12.900996	3.0029296875
12.901996	3.0029296875
12.902996	2.9931640625
12.903996	2.98828125
12.904996	2.998046875
12.905996	2.998046875
12.906996	2.998046875
12.907996	2.998046875
12.908996	2.98828125
12.909996	2.9931640625
12.910996	2.98828125
12.911996	2.9931640625
12.912996	2.98828125
12.913996	2.9833984375
12.914996	2.9833984375
12.915996	2.9931640625
12.916996	2.98828125
12.917996	2.98828125
12.918996	2.98828125
12.919996	2.978515625
12.920996	2.98828125
12.921996	2.98828125
12.922996	2.9833984375
12.923996	2.9931640625
12.924996	2.978515625
12.925996	2.9833984375
12.926996	2.978515625
12.927996	2.98828125
12.928996	2.978515625
12.929996	2.9833984375
12.930996	2.98828125
12.931996	2.9833984375
12.932996	2.98828125
12.933996	2.9931640625
12.935004	2.9931640625
12.935996	2.9833984375
12.937	2.98828125
12.938	2.9931640625
12.939	2.9833984375
12.94	2.98828125
12.941	2.9833984375
12.941996	2.98828125
12.942996	2.98828125
12.943996	2.98828125
12.944996	2.98828125
12.945996	2.9931640625
12.946996	2.9833984375
12.947996	2.998046875
12.948996	2.9931640625
12.949996	2.98828125
12.950996	2.998046875
12.951996	2.998046875
12.952996	2.998046875
12.953996	3.0029296875
12.954996	2.998046875
12.955996	3.0078125
12.956996	3.0029296875
12.957996	3.0029296875
12.958996	3.0029296875
12.959996	3.0078125
12.960996	3.0078125
12.961996	3.0078125
12.962996	3.0126953125
12.963996	3.0126953125
12.964996	3.0078125
12.965996	3.017578125
12.966996	3.017578125
12.967996	3.0224609375
12.968996	3.017578125
12.969996	3.02734375
12.970996	3.02734375
12.971996	3.0224609375
12.972996	3.02734375
12.973996	3.02734375
12.974996	3.02734375
12.975996	3.02734375
12.976996	3.02734375
12.978	3.037109375
12.978996	3.037109375
12.98	3.0322265625
12.981	3.0419921875
12.982	3.0419921875
12.983	3.046875
12.984	3.046875
12.984996	3.046875
12.985996	3.0419921875
12.986996	3.0419921875
12.987996	3.0517578125
12.988996	3.056640625
12.989996	3.056640625
12.990996	3.056640625
12.991996	3.0517578125
12.992996	3.0615234375
12.993996	3.0615234375
12.994996	3.06640625
12.995996	3.0615234375
12.996996	3.0615234375
12.997996	3.06640625
12.998996	3.0615234375
12.999996	3.056640625
13.000996	3.056640625
13.001996	3.06640625
13.002996	3.06640625
13.003996	3.0615234375
13.004996	3.06640625
13.005996	3.056640625
13.006996	3.0615234375
13.007996	3.06640625
13.008996	3.06640625
13.009996	3.06640625
13.010996	3.0615234375
13.011996	3.06640625
13.012996	3.0615234375
13.013996	3.06640625
13.014996	3.06640625
13.015996	3.06640625
13.016996	3.06640625
13.017996	3.0615234375
13.018996	3.0712890625
13.019996	3.0615234375
13.021	3.06640625
13.021996	3.056640625
13.023	3.0615234375
13.024	3.056640625
13.025	3.06640625
13.026	3.0615234375
13.027	3.0615234375
13.027996	3.0615234375
13.028996	3.0615234375
13.029996	3.056640625
13.030996	3.056640625
13.031996	3.056640625
13.032996	3.0615234375
13.033996	3.046875
13.034996	3.046875
13.035996	3.056640625
13.036996	3.0517578125
13.037996	3.046875
13.038996	3.046875
13.039996	3.046875
13.040996	3.0517578125
13.041996	3.037109375
13.042996	3.046875
13.043996	3.0419921875
13.044996	3.0419921875
13.045996	3.037109375
13.046996	3.037109375
13.047996	3.0322265625
13.048996	3.0322265625
13.049996	3.0322265625
13.050996	3.0322265625
13.051996	3.02734375
13.052996	3.02734375
13.053996	3.0224609375
13.054996	3.0224609375
13.055996	3.017578125
13.056996	3.017578125
13.057996	3.017578125
13.058996	3.0224609375
13.059996	3.0126953125
13.060996	3.0078125
13.061996	3.017578125
13.063004	3.0078125
13.063996	3.017578125
13.065	3.0126953125
13.066	3.017578125
13.067	3.0029296875
13.068	3.0029296875
13.069	3.0029296875
13.069996	3.0078125
13.070996	3.0029296875
13.071996	3.0029296875
13.072996	2.9931640625
13.073996	2.998046875
13.074996	2.9931640625
13.075996	2.998046875
13.076996	2.9931640625
13.077996	2.9931640625
13.078996	2.9931640625
13.079996	2.9931640625
13.080996	2.9931640625
13.081996	2.98828125
13.082996	2.9931640625
13.083996	2.98828125
13.084996	2.98828125
13.085996	2.98828125
13.086996	2.98828125
13.087996	2.9931640625
13.088996	2.98828125
13.089996	2.9931640625
13.090996	2.98828125
13.091996	2.98828125
13.092996	2.98828125
13.093996	2.978515625
13.094996	2.9833984375
13.095996	2.9833984375
13.096996	2.98828125
13.097996	2.98828125
13.098996	2.9833984375
13.099996	2.9833984375
13.100996	2.9833984375
13.101996	2.98828125
13.102996	2.9833984375
13.103996	2.9833984375
13.104996	2.9931640625
13.106	2.98828125
13.106996	2.98828125
13.108	2.9931640625
13.109	2.98828125
13.11	2.9833984375
13.111	2.98828125
13.112	2.98828125
13.112996	2.9931640625
13.113996	2.98828125
13.114996	2.98828125
13.115996	2.9833984375
13.116996	2.9931640625
13.117996	2.998046875
13.118996	2.998046875
13.119996	2.998046875
13.120996	3.0029296875
13.121996	3.0029296875
13.122996	3.0078125
13.123996	3.0078125
13.124996	3.0029296875
13.125996	3.0029296875
13.126996	3.0029296875
13.127996	2.998046875
13.128996	3.0078125
13.129996	3.0078125
13.130996	3.0029296875
13.131996	3.0126953125
13.132996	3.0078125
13.133996	3.0078125
13.134996	3.0126953125
13.135996	3.0224609375
13.136996	3.017578125
13.137996	3.017578125
13.138996	3.017578125
13.139996	3.0224609375
13.140996	3.0224609375
13.141996	3.02734375
13.142996	3.0224609375
13.143996	3.0322265625
13.144996	3.0322265625
13.145996	3.0322265625
13.146996	3.0322265625
13.147996	3.037109375
13.149	3.0322265625
13.149996	3.037109375
13.151	3.0419921875
13.152	3.037109375
13.153	3.0419921875
13.154	3.0419921875
13.155	3.046875
13.155996	3.0517578125
13.156996	3.046875
13.157996	3.046875
13.158996	3.056640625
13.159996	3.056640625
13.160996	3.056640625
13.161996	3.056640625
13.162996	3.0517578125
13.163996	3.0615234375
13.164996	3.0517578125
13.165996	3.056640625
13.166996	3.0517578125
13.167996	3.06640625
13.168996	3.0615234375
13.169996	3.0615234375
13.170996	3.0615234375
13.171996	3.0615234375
13.172996	3.06640625
13.173996	3.0615234375
13.174996	3.056640625
13.175996	3.0615234375
13.176996	3.0615234375
13.177996	3.06640625
13.178996	3.0615234375
13.179996	3.0615234375
13.180996	3.056640625
13.181996	3.06640625
13.182996	3.06640625
13.183996	3.0615234375
13.184996	3.0615234375
13.185996	3.06640625
13.186996	3.0615234375
13.187996	3.0615234375
13.188996	3.0615234375
13.189996	3.056640625
13.191004	3.056640625
13.191996	3.0615234375
13.193	3.06640625
13.194	3.0615234375
13.195	3.06640625
13.196	3.0517578125
13.197	3.0615234375
13.197996	3.06640625
13.198996	3.056640625
13.199996	3.0615234375
13.200996	3.056640625
13.201996	3.0615234375
13.202996	3.0517578125
13.203996	3.056640625
13.204996	3.056640625
13.205996	3.056640625
13.206996	3.0517578125
13.207996	3.0517578125
13.208996	3.0517578125
13.209996	3.0517578125
13.210996	3.046875
13.211996	3.0419921875
13.212996	3.0419921875
13.213996	3.0419921875
13.214996	3.0419921875
13.215996	3.0419921875
13.216996	3.0419921875
13.217996	3.037109375
13.218996	3.0322265625
13.219996	3.0322265625
13.220996	3.02734375
13.221996	3.02734375
13.222996	3.02734375
13.223996	3.02734375
13.224996	3.02734375
13.225996	3.02734375
13.226996	3.017578125
13.227996	3.0224609375
13.228996	3.017578125
13.229996	3.017578125
13.230996	3.017578125
13.231996	3.017578125
13.232996	3.0078125
13.234	3.0078125
13.234996	3.0078125
13.236	3.0078125
13.237	3.0029296875
13.238	2.998046875
13.239	3.0078125
13.24	2.998046875
13.240996	2.998046875
13.241996	3.0029296875
13.242996	2.998046875
13.243996	2.998046875
13.244996	2.998046875
13.245996	2.9931640625
13.246996	2.9931640625
13.247996	2.98828125
13.248996	2.98828125
13.249996	2.98828125
13.250996	2.998046875
13.251996	2.98828125
13.252996	2.98828125
13.253996	2.9833984375
13.254996	2.98828125
13.255996	2.9833984375
13.256996	2.98828125
13.257996	2.98828125
13.258996	2.9833984375
13.259996	2.9931640625
13.260996	2.9931640625
13.261996	2.9833984375
13.262996	2.98828125
13.263996	2.98828125
13.264996	2.98828125
13.265996	2.978515625
13.266996	2.98828125
13.267996	2.98828125
13.268996	2.98828125
13.269996	2.9833984375
13.270996	2.9833984375
13.271996	2.98828125
13.272996	2.98828125
13.273996	2.9833984375
13.274996	2.9931640625
13.275996	2.98828125
13.277	2.9931640625
13.277996	2.9931640625
13.279	2.9931640625
13.28	2.9931640625
13.281	2.9931640625
13.282	2.9931640625
13.283	2.9931640625
13.283996	2.98828125
13.284996	2.9931640625
13.285996	2.98828125
13.286996	2.9931640625
13.287996	3.0029296875
13.288996	2.998046875
13.289996	2.998046875
13.290996	3.0029296875
13.291996	2.9931640625
13.292996	3.0029296875
13.293996	2.998046875
13.294996	2.998046875
13.295996	3.0029296875
13.296996	3.0029296875
13.297996	2.998046875
13.298996	3.0078125
13.299996	3.0029296875
13.300996	3.0126953125
13.301996	3.017578125
13.302996	3.0078125
13.303996	3.017578125
13.304996	3.017578125
13.305996	3.0126953125
13.306996	3.017578125
13.307996	3.017578125
13.308996	3.017578125
13.309996	3.0224609375
13.310996	3.0224609375
13.311996	3.02734375
13.312996	3.0224609375
13.313996	3.02734375
13.314996	3.0224609375
13.315996	3.0224609375
13.316996	3.037109375
13.317996	3.0322265625
13.319004	3.037109375
13.319996	3.0322265625
13.321	3.037109375
13.322	3.0419921875
13.323	3.046875
13.324	3.0517578125
13.325	3.046875
13.325996	3.0517578125
13.326996	3.0517578125
13.327996	3.046875
13.328996	3.046875
13.329996	3.0517578125
13.330996	3.056640625
13.331996	3.056640625
13.332996	3.0615234375
13.333996	3.056640625
13.334996	3.0615234375
13.335996	3.056640625
13.336996	3.0517578125
13.337996	3.0517578125
13.338996	3.06640625
13.339996	3.0517578125
13.340996	3.0615234375
13.341996	3.06640625
13.342996	3.0615234375
13.343996	3.06640625
13.344996	3.06640625
13.345996	3.0615234375
13.346996	3.0517578125
13.347996	3.0615234375
13.348996	3.0615234375
13.349996	3.06640625
13.350996	3.06640625
13.351996	3.0615234375
13.352996	3.056640625
13.353996	3.0615234375
13.354996	3.0615234375
13.355996	3.056640625
13.356996	3.0615234375
13.357996	3.06640625
13.358996	3.0517578125
13.359996	3.0615234375
13.360996	3.06640625
13.362	3.0615234375
13.362996	3.0615234375
13.364	3.06640625
13.365	3.056640625
13.366	3.0517578125
13.367	3.0615234375
13.368	3.056640625
13.368996	3.0615234375
13.369996	3.0517578125
13.370996	3.0615234375
13.371996	3.06640625
13.372996	3.0615234375
13.373996	3.056640625
13.374996	3.056640625
13.375996	3.056640625
13.376996	3.056640625
13.377996	3.0517578125
13.378996	3.046875
13.379996	3.046875
13.380996	3.0419921875
13.381996	3.0419921875
13.382996	3.0419921875
13.383996	3.0419921875
13.384996	3.046875
13.385996	3.037109375
13.386996	3.0322265625
13.387996	3.037109375
13.388996	3.0322265625
13.389996	3.0322265625
13.390996	3.037109375
13.391996	3.02734375
13.392996	3.02734375
13.393996	3.0224609375
13.394996	3.0224609375
13.395996	3.0224609375
13.396996	3.0224609375
13.397996	3.017578125
13.398996	3.017578125
13.399996	3.0126953125
13.400996	3.0126953125
13.401996	3.0126953125
13.402996	3.0126953125
13.403996	3.0078125
13.405	3.0029296875
13.405996	3.0078125
13.407	3.0029296875
13.408	3.0029296875
13.409	3.0029296875
13.41	3.0078125
13.411	2.998046875
13.411996	3.0029296875
13.412996	2.9931640625
13.413996	2.998046875
13.414996	2.9931640625
13.415996	3.0029296875
13.416996	2.998046875
13.417996	2.998046875
13.418996	2.9931640625
13.419996	2.998046875
13.420996	2.9931640625
13.421996	2.998046875
13.422996	2.98828125
13.423996	2.98828125
13.424996	2.98828125
13.425996	2.98828125
13.426996	2.98828125
13.427996	2.98828125
13.428996	2.9833984375
13.429996	2.98828125
13.430996	2.9931640625
13.431996	2.9833984375
13.432996	2.98828125
13.433996	2.9833984375
13.434996	2.9931640625
13.435996	2.9931640625
13.436996	2.9833984375
13.437996	2.9833984375
13.438996	2.9931640625
13.439996	2.9931640625
13.440996	2.98828125
13.441996	2.9931640625
13.442996	2.98828125
13.443996	2.98828125
13.444996	2.98828125
13.445996	2.9931640625
13.447004	2.9931640625
13.447996	2.9833984375
13.449	2.9833984375
13.45	2.9931640625
13.451	2.9931640625
13.452	2.9833984375
13.453	2.98828125
13.453996	2.998046875
13.454996	2.9931640625
13.455996	2.9931640625
13.456996	2.998046875
13.457996	2.9931640625
13.458996	2.998046875
13.459996	2.998046875
13.460996	2.998046875
13.461996	3.0029296875
13.462996	3.0078125
13.463996	3.0078125
13.464996	2.998046875
13.465996	3.0078125
13.466996	3.0029296875
13.467996	3.0029296875
13.468996	3.0029296875
13.469996	3.0078125
13.470996	3.0078125
13.471996	3.0078125
13.472996	3.0078125
13.473996	3.017578125
13.474996	3.017578125
13.475996	3.017578125
13.476996	3.0224609375
13.477996	3.0224609375
13.478996	3.0224609375
13.479996	3.0224609375
13.480996	3.0322265625
13.481996	3.0224609375
13.482996	3.02734375
13.483996	3.0224609375
13.484996	3.0322265625
13.485996	3.02734375
13.486996	3.037109375
13.487996	3.037109375
13.488996	3.037109375
13.49	3.0322265625
13.490996	3.0322265625
13.492	3.0419921875
13.493	3.037109375
13.494	3.0419921875
13.495	3.037109375
13.496	3.0419921875
13.496996	3.046875
13.497996	3.056640625
13.498996	3.056640625
13.499996	3.056640625
13.500996	3.0517578125
13.501996	3.0517578125
13.502996	3.0615234375
13.503996	3.056640625
13.504996	3.056640625
13.505996	3.06640625
13.506996	3.056640625
13.507996	3.056640625
13.508996	3.056640625
13.509996	3.056640625
13.510996	3.056640625
13.511996	3.06640625
13.512996	3.06640625
13.513996	3.056640625
13.514996	3.0615234375
13.515996	3.06640625
13.516996	3.056640625
13.517996	3.056640625
13.518996	3.0615234375
13.519996	3.0517578125
13.520996	3.0615234375
13.521996	3.0615234375
13.522996	3.06640625
13.523996	3.056640625
13.524996	3.06640625
13.525996	3.056640625
13.526996	3.056640625
13.527996	3.0615234375
13.528996	3.0615234375
13.529996	3.06640625
13.530996	3.0615234375
13.531996	3.056640625
13.533	3.0615234375
13.533996	3.0615234375
13.535	3.0615234375
13.536	3.056640625
13.537	3.046875
13.538	3.0517578125
13.539	3.056640625
13.539996	3.056640625
13.540996	3.06640625
13.541996	3.056640625
13.542996	3.0615234375
13.543996	3.056640625
13.544996	3.0615234375
13.545996	3.056640625
13.546996	3.0517578125
13.547996	3.0517578125
13.548996	3.0517578125
13.549996	3.0517578125
13.550996	3.046875
13.551996	3.037109375
13.552996	3.037109375
13.553996	3.037109375
13.554996	3.037109375
13.555996	3.0419921875
13.556996	3.037109375
13.557996	3.0419921875
13.558996	3.037109375
13.559996	3.037109375
13.560996	3.0322265625
13.561996	3.02734375
13.562996	3.02734375
13.563996	3.02734375
13.564996	3.02734375
13.565996	3.02734375
13.566996	3.0224609375
13.567996	3.017578125
13.568996	3.0224609375
13.569996	3.0126953125
13.570996	3.017578125
13.571996	3.0078125
13.572996	3.0126953125
13.573996	3.0078125
13.575004	3.0078125
13.575996	3.0029296875
13.577	3.0078125
13.578	3.0029296875
13.579	3.0029296875
13.58	2.998046875
13.581	3.0078125
13.581996	2.998046875
13.582996	2.998046875
13.583996	3.0078125
13.584996	2.998046875
13.585996	2.9931640625
13.586996	2.998046875
13.587996	2.98828125
13.588996	2.9931640625
13.589996	2.998046875
13.590996	2.9931640625
13.591996	2.98828125
13.592996	2.998046875
13.593996	2.98828125
13.594996	2.98828125
13.595996	2.98828125
13.596996	2.98828125
13.597996	2.9833984375
13.598996	2.98828125
13.599996	2.98828125
13.600996	2.9833984375
13.601996	2.98828125
13.602996	2.98828125
13.603996	2.9833984375
13.604996	2.9931640625
13.605996	2.978515625
13.606996	2.98828125
13.607996	2.98828125
13.608996	2.98828125
13.609996	2.9833984375
13.610996	2.98828125
13.611996	2.98828125
13.612996	2.9931640625
13.613996	2.9833984375
13.614996	2.9833984375
13.615996	2.9833984375
13.616996	2.98828125
13.618	2.9833984375
13.618996	2.9833984375
13.62	2.9931640625
13.621	2.98828125
13.622	2.98828125
13.623	2.998046875
13.624	2.998046875
13.624996	2.9931640625
13.625996	2.998046875
13.626996	2.9931640625
13.627996	2.9931640625
13.628996	2.9931640625
13.629996	3.0029296875
13.630996	3.0029296875
13.631996	3.0029296875
13.632996	3.0029296875
13.633996	2.998046875
13.634996	2.998046875
13.635996	2.998046875
13.636996	3.0029296875
13.637996	3.0078125
13.638996	3.0078125
13.639996	3.0078125
13.640996	3.0078125
13.641996	3.0126953125
13.642996	3.017578125
13.643996	3.0126953125
13.644996	3.0126953125
13.645996	3.017578125
13.646996	3.017578125
13.647996	3.0224609375
13.648996	3.0224609375
13.649996	3.0224609375
13.650996	3.02734375
13.651996	3.0224609375
13.652996	3.02734375
13.653996	3.0322265625
13.654996	3.0224609375
13.655996	3.02734375
13.656996	3.037109375
13.657996	3.037109375
13.658996	3.0322265625
13.659996	3.037109375
13.661	3.037109375
13.661996	3.0419921875
13.663	3.037109375
13.664	3.0517578125
13.665	3.0419921875
13.666	3.046875
13.667	3.0517578125
13.667996	3.046875
13.668996	3.046875
13.669996	3.0517578125
13.670996	3.056640625
13.671996	3.0517578125
13.672996	3.0615234375
13.673996	3.056640625
13.674996	3.056640625
13.675996	3.0615234375
13.676996	3.06640625
13.677996	3.056640625
13.678996	3.056640625
13.679996	3.056640625
13.680996	3.06640625
13.681996	3.056640625
13.682996	3.0712890625
13.683996	3.0615234375
13.684996	3.056640625
13.685996	3.0615234375
13.686996	3.0615234375
13.687996	3.0615234375
13.688996	3.0712890625
13.689996	3.0615234375
13.690996	3.0615234375
13.691996	3.06640625
13.692996	3.06640625
13.693996	3.056640625
13.694996	3.0615234375
13.695996	3.056640625
13.696996	3.0615234375
13.697996	3.0615234375
13.698996	3.0615234375
13.699996	3.0615234375
13.700996	3.06640625
13.701996	3.056640625
13.703004	3.0615234375
13.703996	3.0615234375
13.705	3.056640625
13.706	3.056640625
13.707	3.056640625
13.708	3.0615234375
13.709	3.056640625
13.709996	3.0615234375
13.710996	3.0517578125
13.711996	3.056640625
13.712996	3.0615234375
13.713996	3.056640625
13.714996	3.0517578125
13.715996	3.046875
13.716996	3.0517578125
13.717996	3.046875
13.718996	3.0517578125
13.719996	3.046875
13.720996	3.0419921875
13.721996	3.046875
13.722996	3.0419921875
13.723996	3.0419921875
13.724996	3.037109375
13.725996	3.037109375
13.726996	3.037109375
13.727996	3.037109375
13.728996	3.0322265625
13.729996	3.0322265625
13.730996	3.0322265625
13.731996	3.0224609375
13.732996	3.017578125
13.733996	3.02734375
13.734996	3.017578125
13.735996	3.017578125
13.736996	3.017578125
13.737996	3.0126953125
13.738996	3.0224609375
13.739996	3.017578125
13.740996	3.0126953125
13.741996	3.0126953125
13.742996	3.0126953125
13.743996	3.0078125
13.744996	3.017578125
13.746	3.0078125
13.746996	3.0029296875
13.748	3.0029296875
13.749	2.998046875
13.75	3.0029296875
13.751	3.0029296875
13.752	3.0029296875
13.752996	2.9931640625
13.753996	3.0029296875
13.754996	3.0078125
13.755996	2.998046875
13.756996	2.9931640625
13.757996	2.9931640625
13.758996	2.9931640625
13.759996	2.9931640625
13.760996	2.98828125
13.761996	2.98828125
13.762996	2.9931640625
13.763996	3.0029296875
13.764996	2.998046875
13.765996	2.98828125
13.766996	2.9833984375
13.767996	2.9931640625
13.768996	2.9833984375
13.769996	2.98828125
13.770996	2.9931640625
13.771996	2.9833984375
13.772996	2.98828125
13.773996	2.98828125
13.774996	2.9931640625
13.775996	2.9931640625
13.776996	2.98828125
13.777996	2.9931640625
13.778996	2.9931640625
13.779996	2.98828125
13.780996	2.98828125
13.781996	2.98828125
13.782996	2.98828125
13.783996	2.9833984375
13.784996	2.98828125
13.785996	2.98828125
13.786996	2.98828125
13.787996	2.9931640625
13.789	2.9931640625
13.789996	2.98828125
13.791	2.9931640625
13.792	2.9931640625
13.793	2.9931640625
13.794	2.998046875
13.795	2.9931640625
13.795996	2.998046875
13.796996	2.9931640625
13.797996	2.998046875
13.798996	2.9931640625
13.799996	3.0029296875
13.800996	3.0029296875
13.801996	3.0029296875
13.802996	2.998046875
13.803996	3.0078125
13.804996	3.0029296875
13.805996	3.0029296875
13.806996	3.0078125
13.807996	3.0078125
13.808996	3.0078125
13.809996	3.0126953125
13.810996	3.0029296875
13.811996	3.0126953125
13.812996	3.0126953125
13.813996	3.017578125
13.814996	3.0126953125
13.815996	3.017578125
13.816996	3.0224609375
13.817996	3.02734375
13.818996	3.0224609375
13.819996	3.0224609375
13.820996	3.02734375
13.821996	3.02734375
13.822996	3.02734375
13.823996	3.02734375
13.824996	3.02734375
13.825996	3.0322265625
13.826996	3.0322265625
13.827996	3.0419921875
13.828996	3.046875
13.829996	3.037109375
13.831004	3.0419921875
13.831996	3.0419921875
13.833	3.0419921875
13.834	3.0419921875
13.835	3.0419921875
13.836	3.0419921875
13.837	3.046875
13.837996	3.046875
13.838996	3.046875
13.839996	3.046875
13.840996	3.056640625
13.841996	3.0517578125
13.842996	3.056640625
13.843996	3.056640625
13.844996	3.0615234375
13.845996	3.056640625
13.846996	3.0517578125
13.847996	3.056640625
13.848996	3.0517578125
13.849996	3.0517578125
13.850996	3.0615234375
13.851996	3.0615234375
13.852996	3.056640625
13.853996	3.0517578125
13.854996	3.0615234375
13.855996	3.0615234375
13.856996	3.056640625
13.857996	3.0615234375
13.858996	3.0615234375
13.859996	3.0615234375
13.860996	3.0615234375
13.861996	3.06640625
13.862996	3.056640625
13.863996	3.0615234375
13.864996	3.0615234375
13.865996	3.0615234375
13.866996	3.0615234375
13.867996	3.056640625
13.868996	3.0615234375
13.869996	3.0517578125
13.870996	3.0615234375
13.871996	3.0615234375
13.872996	3.0615234375
13.874	3.0615234375
13.874996	3.0615234375
13.876	3.06640625
13.877	3.056640625
13.878	3.056640625
13.879	3.056640625
13.88	3.0517578125
13.880996	3.0517578125
13.881996	3.06640625
13.882996	3.0517578125
13.883996	3.056640625
13.884996	3.0517578125
13.885996	3.046875
13.886996	3.0517578125
13.887996	3.0517578125
13.888996	3.046875
13.889996	3.0419921875
13.890996	3.0419921875
13.891996	3.046875
13.892996	3.046875
13.893996	3.0419921875
13.894996	3.037109375
13.895996	3.0419921875
13.896996	3.037109375
13.897996	3.037109375
13.898996	3.037109375
13.899996	3.0322265625
13.900996	3.02734375
13.901996	3.0322265625
13.902996	3.0224609375
13.903996	3.0224609375
13.904996	3.02734375
13.905996	3.02734375
13.906996	3.0224609375
13.907996	3.017578125
13.908996	3.0224609375
13.909996	3.0126953125
13.910996	3.017578125
13.911996	3.017578125
13.912996	3.0126953125
13.913996	3.0126953125
13.914996	3.0126953125
13.915996	3.0078125
13.917	3.0078125
13.917996	3.0029296875
13.919	2.998046875
13.92	2.998046875
13.921	2.998046875
13.922	2.998046875
13.923	3.0078125
13.923996	3.0078125
13.924996	3.0126953125
13.925996	3.0029296875
13.926996	2.998046875
13.927996	2.9931640625
13.928996	3.0029296875
13.929996	2.9931640625
13.930996	2.998046875
13.931996	2.998046875
13.932996	2.98828125
13.933996	2.98828125
13.934996	2.9931640625
13.935996	2.9931640625
13.936996	2.98828125
13.937996	2.9833984375
13.938996	2.98828125
13.939996	2.9931640625
13.940996	2.9931640625
13.941996	2.9833984375
13.942996	2.9931640625
13.943996	2.98828125
13.944996	2.9833984375
13.945996	2.98828125
13.946996	2.9833984375
13.947996	2.98828125
13.948996	2.9833984375
13.949996	2.978515625
13.950996	2.9833984375
13.951996	2.98828125
13.952996	2.9833984375
13.953996	2.98828125
13.954996	2.9833984375
13.955996	2.98828125
13.956996	2.98828125
13.957996	2.998046875
13.959004	2.98828125
13.959996	2.9931640625
13.961	2.9931640625
13.962	2.9931640625
13.963	2.9931640625
13.964	2.9931640625
13.965	3.0029296875
13.965996	2.9931640625
13.966996	2.9931640625
13.967996	2.998046875
13.968996	2.998046875
13.969996	2.998046875
13.970996	2.998046875
13.971996	3.0029296875
13.972996	3.0029296875
13.973996	2.998046875
13.974996	3.0078125
13.975996	3.0029296875
13.976996	3.0078125
13.977996	2.998046875
13.978996	3.0029296875
13.979996	3.0078125
13.980996	3.0029296875
13.981996	3.0029296875
13.982996	3.0078125
13.983996	3.0126953125
13.984996	3.017578125
13.985996	3.0126953125
13.986996	3.017578125
13.987996	3.017578125
13.988996	3.0224609375
13.989996	3.02734375
13.990996	3.02734375
13.991996	3.02734375
13.992996	3.0224609375
13.993996	3.02734375
13.994996	3.0322265625
13.995996	3.0322265625
13.996996	3.0322265625
13.997996	3.0322265625
13.998996	3.0419921875
13.999996	3.0322265625
14.000996	3.0419921875
14.002	3.0419921875
14.002996	3.0419921875
14.004	3.0419921875
14.005	3.046875
14.006	3.0419921875
14.007	3.0517578125
14.008	3.056640625
14.008996	3.056640625
14.009996	3.0517578125
14.010996	3.0517578125
14.011996	3.056640625
14.012996	3.056640625
14.013996	3.056640625
14.014996	3.056640625
14.015996	3.0615234375
14.016996	3.056640625
14.017996	3.0615234375
14.018996	3.0517578125
14.019996	3.056640625
14.020996	3.0615234375
14.021996	3.056640625
14.022996	3.056640625
14.023996	3.06640625
14.024996	3.0615234375
14.025996	3.0615234375
14.026996	3.06640625
14.027996	3.06640625
14.028996	3.0615234375
14.029996	3.06640625
14.030996	3.06640625
14.031996	3.06640625
14.032996	3.056640625
14.033996	3.0615234375
14.034996	3.0615234375
14.035996	3.0517578125
14.036996	3.0517578125
14.037996	3.056640625
14.038996	3.056640625
14.039996	3.06640625
14.040996	3.056640625
14.041996	3.0615234375
14.042996	3.0615234375
14.043996	3.0517578125
14.045	3.056640625
14.045996	3.06640625
14.047	3.0615234375
14.048	3.0615234375
14.049	3.0615234375
14.05	3.0517578125
14.051	3.056640625
14.051996	3.056640625
14.052996	3.0517578125
14.053996	3.056640625
14.054996	3.056640625
14.055996	3.0517578125
14.056996	3.0517578125
14.057996	3.0517578125
14.058996	3.046875
14.059996	3.046875
14.060996	3.046875
14.061996	3.0419921875
14.062996	3.0419921875
14.063996	3.046875
14.064996	3.037109375
14.065996	3.0322265625
14.066996	3.037109375
14.067996	3.02734375
14.068996	3.037109375
14.069996	3.02734375
14.070996	3.02734375
14.071996	3.02734375
14.072996	3.0224609375
14.073996	3.02734375
14.074996	3.02734375
14.075996	3.0224609375
14.076996	3.017578125
14.077996	3.017578125
14.078996	3.0224609375
14.079996	3.017578125
14.080996	3.0126953125
14.081996	3.017578125
14.082996	3.0126953125
14.083996	3.017578125
14.084996	3.0126953125
14.085996	3.0078125
14.087004	3.0126953125
14.087996	3.0029296875
14.089	2.998046875
14.09	3.0078125
14.091	3.0078125
14.092	3.0029296875
14.093	3.0029296875
14.093996	3.0029296875
14.094996	3.0029296875
14.095996	3.0029296875
14.096996	2.998046875
14.097996	2.998046875
14.098996	2.98828125
14.099996	2.98828125
14.100996	2.9931640625
14.101996	2.9931640625
14.102996	2.9833984375
14.103996	2.98828125
14.104996	2.9931640625
14.105996	2.98828125
14.106996	2.9931640625
14.107996	2.9931640625
14.108996	2.98828125
14.109996	2.98828125
14.110996	2.98828125
14.111996	2.98828125
14.112996	2.98828125
14.113996	2.98828125
14.114996	2.98828125
14.115996	2.9931640625
14.116996	2.9931640625
14.117996	2.98828125
14.118996	2.98828125
14.119996	2.98828125
14.120996	2.98828125
14.121996	2.98828125
14.122996	2.98828125
14.123996	2.98828125
14.124996	2.98828125
14.125996	2.9931640625
14.126996	2.98828125
14.127996	2.9931640625
14.128996	2.9931640625
14.13	3.0029296875
14.130996	2.9931640625
14.132	2.9931640625
14.133	2.9931640625
14.134	2.98828125
14.135	2.998046875
14.136	2.98828125
14.136996	2.998046875
14.137996	2.998046875
14.138996	2.998046875
14.139996	2.998046875
14.140996	3.0029296875
14.141996	2.998046875
14.142996	2.998046875
14.143996	3.0029296875
14.144996	2.998046875
14.145996	3.0078125
14.146996	3.0029296875
14.147996	2.998046875
14.148996	3.0126953125
14.149996	3.0078125
14.150996	3.0078125
14.151996	3.0078125
14.152996	3.0078125
14.153996	3.0224609375
14.154996	3.0126953125
14.155996	3.0224609375
14.156996	3.0224609375
14.157996	3.0224609375
14.158996	3.017578125
14.159996	3.0224609375
14.160996	3.0224609375
14.161996	3.0224609375
14.162996	3.0224609375
14.163996	3.02734375
14.164996	3.0224609375
14.165996	3.0322265625
14.166996	3.02734375
14.167996	3.0322265625
14.168996	3.0322265625
14.169996	3.037109375
14.170996	3.0322265625
14.171996	3.037109375
14.173	3.0419921875
14.173996	3.0419921875
14.175	3.046875
14.176	3.0419921875
14.177	3.0419921875
14.178	3.0419921875
14.179	3.0517578125
14.179996	3.056640625
14.180996	3.056640625
14.181996	3.056640625
14.182996	3.056640625
14.183996	3.0615234375
14.184996	3.0615234375
14.185996	3.0517578125
14.186996	3.056640625
14.187996	3.056640625
14.188996	3.0615234375
14.189996	3.0615234375
14.190996	3.0517578125
14.191996	3.0517578125
14.192996	3.056640625
14.193996	3.0615234375
14.194996	3.056640625
14.195996	3.0615234375
14.196996	3.056640625
14.197996	3.056640625
14.198996	3.0615234375
14.199996	3.06640625
14.200996	3.0615234375
14.201996	3.056640625
14.202996	3.0615234375
14.203996	3.0615234375
14.204996	3.056640625
14.205996	3.0615234375
14.206996	3.06640625
14.207996	3.06640625
14.208996	3.06640625
14.209996	3.056640625
14.210996	3.0517578125
14.211996	3.0517578125
14.212996	3.056640625
14.213996	3.056640625
14.215004	3.056640625
14.215996	3.0517578125
14.217	3.06640625
14.218	3.06640625
14.219	3.056640625
14.22	3.056640625
14.221	3.056640625
14.221996	3.056640625
14.222996	3.0517578125
14.223996	3.046875
14.224996	3.046875
14.225996	3.0517578125
14.226996	3.0419921875
14.227996	3.0517578125
14.228996	3.046875
14.229996	3.0419921875
14.230996	3.046875
14.231996	3.037109375
14.232996	3.0419921875
14.233996	3.046875
14.234996	3.0322265625
14.235996	3.0322265625
14.236996	3.037109375
14.237996	3.0322265625
14.238996	3.037109375
14.239996	3.0224609375
14.240996	3.0224609375
14.241996	3.02734375
14.242996	3.02734375
14.243996	3.0322265625
14.244996	3.02734375
14.245996	3.0224609375
14.246996	3.0224609375
14.247996	3.017578125
14.248996	3.017578125
14.249996	3.017578125
14.250996	3.0126953125
14.251996	3.0126953125
14.252996	3.017578125
14.253996	3.0029296875
14.254996	3.0029296875
14.255996	3.0078125
14.256996	3.0029296875
14.258	3.0126953125
14.258996	3.0029296875
14.26	3.0078125
14.261	3.0078125
14.262	3.0078125
14.263	3.0078125
14.264	3.0126953125
14.264996	2.998046875
14.265996	3.0029296875
14.266996	2.998046875
14.267996	2.98828125
14.268996	2.98828125
14.269996	2.998046875
14.270996	2.998046875
14.271996	2.998046875
14.272996	2.998046875
14.273996	2.9931640625
14.274996	2.9931640625
14.275996	2.9931640625
14.276996	2.9931640625
14.277996	2.98828125
14.278996	2.98828125
14.279996	2.98828125
14.280996	2.98828125
14.281996	2.98828125
14.282996	2.98828125
14.283996	2.9833984375
14.284996	2.9833984375
14.285996	2.978515625
14.286996	2.98828125
14.287996	2.9931640625
14.288996	2.9931640625
14.289996	2.9931640625
14.290996	2.98828125
14.291996	2.9931640625
14.292996	2.98828125
14.293996	2.9931640625
14.294996	2.9931640625
14.295996	2.9931640625
14.296996	2.9931640625
14.297996	2.9931640625
14.298996	2.9931640625
14.299996	2.98828125
14.301	2.9931640625
14.301996	2.9931640625
14.303	2.9931640625
14.304	2.98828125
14.305	2.9931640625
14.306	2.998046875
14.307	2.998046875
14.307996	2.9931640625
14.308996	2.998046875
14.309996	3.0029296875
14.310996	2.998046875
14.311996	3.0078125
14.312996	3.0029296875
14.313996	3.0078125
14.314996	3.0078125
14.315996	3.0029296875
14.316996	3.0029296875
14.317996	3.0029296875
14.318996	3.0029296875
14.319996	3.0029296875
14.320996	3.017578125
14.321996	3.017578125
14.322996	3.0126953125
14.323996	3.0126953125
14.324996	3.017578125
14.325996	3.0126953125
14.326996	3.017578125
14.327996	3.017578125
14.328996	3.0224609375
14.329996	3.0224609375
14.330996	3.0224609375
14.331996	3.0224609375
14.332996	3.0322265625
14.333996	3.0224609375
14.334996	3.0322265625
14.335996	3.0322265625
14.336996	3.0224609375
14.337996	3.0419921875
14.338996	3.02734375
14.339996	3.0322265625
14.340996	3.037109375
14.341996	3.0419921875
14.343004	3.0419921875
14.343996	3.0419921875
14.345	3.0419921875
14.346	3.0517578125
14.347	3.0419921875
14.348	3.0517578125
14.349	3.046875
14.349996	3.046875
14.350996	3.0517578125
14.351996	3.0517578125
14.352996	3.0517578125
14.353996	3.056640625
14.354996	3.0615234375
14.355996	3.0517578125
14.356996	3.0517578125
14.357996	3.056640625
14.358996	3.056640625
14.359996	3.06640625
14.360996	3.056640625
14.361996	3.0517578125
14.362996	3.0517578125
14.363996	3.0517578125
14.364996	3.056640625
14.365996	3.056640625
14.366996	3.056640625
14.367996	3.06640625
14.368996	3.056640625
14.369996	3.0517578125
14.370996	3.06640625
14.371996	3.056640625
14.372996	3.056640625
14.373996	3.056640625
14.374996	3.0615234375
14.375996	3.0517578125
14.376996	3.056640625
14.377996	3.056640625
14.378996	3.0615234375
14.379996	3.0615234375
14.380996	3.0517578125
14.381996	3.056640625
14.382996	3.0517578125
14.383996	3.056640625
14.384996	3.046875
14.386	3.056640625
14.386996	3.06640625
14.388	3.0615234375
14.389	3.056640625
14.39	3.0517578125
14.391	3.056640625
14.392	3.0517578125
14.392996	3.056640625
14.393996	3.056640625
14.394996	3.0517578125
14.395996	3.0517578125
14.396996	3.046875
14.397996	3.056640625
14.398996	3.0419921875
14.399996	3.0419921875
14.400996	3.0517578125
14.401996	3.037109375
14.402996	3.0419921875
14.403996	3.037109375
14.404996	3.037109375
14.405996	3.037109375
14.406996	3.037109375
14.407996	3.02734375
14.408996	3.0322265625
14.409996	3.0322265625
14.410996	3.0322265625
14.411996	3.02734375
14.412996	3.017578125
14.413996	3.02734375
14.414996	3.017578125
14.415996	3.0224609375
14.416996	3.02734375
14.417996	3.017578125
14.418996	3.0126953125
14.419996	3.017578125
14.420996	3.017578125
14.421996	3.017578125
14.422996	3.017578125
14.423996	3.0126953125
14.424996	3.0126953125
14.425996	3.0029296875
14.426996	3.0029296875
14.427996	3.0126953125
14.429	3.0029296875
14.429996	2.998046875
14.431	3.0029296875
14.432	3.0078125
14.433	3.0078125
14.434	3.0078125
14.435	3.0029296875
14.435996	2.998046875
14.436996	3.0078125
14.437996	2.998046875
14.438996	3.0029296875
14.439996	2.9931640625
14.440996	2.998046875
14.441996	2.9931640625
14.442996	3.0029296875
14.443996	2.998046875
14.444996	2.9931640625
14.445996	2.9931640625
14.446996	2.9931640625
14.447996	2.9931640625
14.448996	2.998046875
14.449996	2.9931640625
14.450996	2.98828125
14.451996	2.98828125
14.452996	2.98828125
14.453996	2.9931640625
14.454996	2.9931640625
14.455996	2.98828125
14.456996	2.98828125
14.457996	2.98828125
14.458996	2.98828125
14.459996	2.9931640625
14.460996	2.9931640625
14.461996	2.9931640625
14.462996	2.9931640625
14.463996	2.98828125
14.464996	2.9931640625
14.465996	2.9931640625
14.466996	2.98828125
14.467996	2.9931640625
14.468996	2.9931640625
14.469996	2.98828125
14.471004	2.9931640625
14.471996	2.9833984375
14.473	2.998046875
14.474	2.998046875
14.475	2.998046875
14.476	2.9931640625
14.477	2.9931640625
14.477996	2.998046875
14.478996	3.0029296875
14.479996	3.0029296875
14.480996	3.0029296875
14.481996	2.998046875
14.482996	3.0078125
14.483996	3.0078125
14.484996	3.0029296875
14.485996	2.998046875
14.486996	3.0029296875
14.487996	3.0029296875
14.488996	3.0126953125
14.489996	3.0126953125
14.490996	3.017578125
14.491996	3.0126953125
14.492996	3.0126953125
14.493996	3.017578125
14.494996	3.017578125
14.495996	3.0126953125
14.496996	3.017578125
14.497996	3.0224609375
14.498996	3.017578125
14.499996	3.0224609375
14.500996	3.02734375
14.501996	3.017578125
14.502996	3.02734375
14.503996	3.02734375
14.504996	3.0322265625
14.505996	3.0322265625
14.506996	3.02734375
14.507996	3.02734375
14.508996	3.037109375
14.509996	3.0322265625
14.510996	3.0322265625
14.511996	3.037109375
14.512996	3.0419921875
14.514	3.037109375
14.514996	3.046875
14.516	3.0419921875
14.517	3.046875
14.518	3.046875
14.519	3.0517578125
14.52	3.0517578125
14.520996	3.0517578125
14.521996	3.0517578125
14.522996	3.056640625
14.523996	3.0615234375
14.524996	3.0615234375
14.525996	3.0615234375
14.526996	3.0517578125
14.527996	3.0615234375
14.528996	3.0517578125
14.529996	3.056640625
14.530996	3.0615234375
14.531996	3.0615234375
14.532996	3.056640625
14.533996	3.056640625
14.534996	3.0615234375
14.535996	3.0517578125
14.536996	3.06640625
14.537996	3.0615234375
14.538996	3.056640625
14.539996	3.0615234375
14.540996	3.056640625
14.541996	3.06640625
14.542996	3.0615234375
14.543996	3.056640625
14.544996	3.0615234375
14.545996	3.0615234375
14.546996	3.056640625
14.547996	3.056640625
14.548996	3.056640625
14.549996	3.0615234375
14.550996	3.0517578125
14.551996	3.0517578125
14.552996	3.0517578125
14.553996	3.046875
14.554996	3.056640625
14.555996	3.0615234375
14.557	3.0517578125
14.557996	3.056640625
14.559	3.056640625
14.56	3.0517578125
14.561	3.056640625
14.562	3.056640625
14.563	3.0517578125
14.563996	3.0517578125
14.564996	3.0517578125
14.565996	3.046875
14.566996	3.0517578125
14.567996	3.0517578125
14.568996	3.046875
14.569996	3.0419921875
14.570996	3.046875
14.571996	3.0419921875
14.572996	3.0419921875
14.573996	3.0419921875
14.574996	3.02734375
14.575996	3.0419921875
14.576996	3.0419921875
14.577996	3.0322265625
14.578996	3.037109375
14.579996	3.0224609375
14.580996	3.0224609375
14.581996	3.0322265625
14.582996	3.0224609375
14.583996	3.02734375
14.584996	3.0224609375
14.585996	3.02734375
14.586996	3.02734375
14.587996	3.0126953125
14.588996	3.017578125
14.589996	3.0224609375
14.590996	3.0224609375
14.591996	3.0224609375
14.592996	3.0126953125
14.593996	3.0126953125
14.594996	3.017578125
14.595996	3.0126953125
14.596996	3.0029296875
14.597996	3.0126953125
14.599004	3.0078125
14.599996	3.0029296875
14.601	2.998046875
14.602	2.9931640625
14.603	2.998046875
14.604	3.0078125
14.605	3.0029296875
14.605996	2.998046875
14.606996	3.0029296875
14.607996	2.998046875
14.608996	3.0029296875
14.609996	2.998046875
14.610996	2.998046875
14.611996	2.998046875
14.612996	2.9931640625
14.613996	2.998046875
14.614996	2.9931640625
14.615996	2.9931640625
14.616996	2.98828125
14.617996	2.9931640625
14.618996	2.98828125
14.619996	2.998046875
14.620996	2.98828125
14.621996	2.98828125
14.622996	2.98828125
14.623996	2.9833984375
14.624996	2.98828125
14.625996	2.9931640625
14.626996	2.98828125
14.627996	2.9931640625
14.628996	2.9833984375
14.629996	2.9833984375
14.630996	2.9931640625
14.631996	2.98828125
14.632996	2.9931640625
14.633996	2.9931640625
14.634996	2.98828125
14.635996	2.98828125
14.636996	2.9931640625
14.637996	2.9931640625
14.638996	2.98828125
14.639996	2.98828125
14.640996	2.9931640625
14.642	2.9931640625
14.642996	2.9931640625
14.644	2.998046875
14.645	2.9931640625
14.646	2.998046875
14.647	2.9931640625
14.648	3.0029296875
14.648996	2.998046875
14.649996	2.998046875
14.650996	3.0029296875
14.651996	2.998046875
14.652996	3.0029296875
14.653996	3.0029296875
14.654996	3.0078125
14.655996	3.0029296875
14.656996	3.0078125
14.657996	3.0126953125
14.658996	3.0126953125
14.659996	3.0126953125
14.660996	3.0126953125
14.661996	3.0078125
14.662996	3.0078125
14.663996	3.0126953125
14.664996	3.017578125
14.665996	3.017578125
14.666996	3.0224609375
14.667996	3.0224609375
14.668996	3.017578125
14.669996	3.0224609375
14.670996	3.0224609375
14.671996	3.02734375
14.672996	3.0224609375
14.673996	3.0224609375
14.674996	3.0322265625
14.675996	3.0224609375
14.676996	3.02734375
14.677996	3.0322265625
14.678996	3.0322265625
14.679996	3.0322265625
14.680996	3.037109375
14.681996	3.037109375
14.682996	3.0419921875
14.683996	3.046875
14.685	3.0419921875
14.685996	3.046875
14.687	3.0419921875
14.688	3.046875
14.689	3.0517578125
14.69	3.046875
14.691	3.046875
14.691996	3.0517578125
14.692996	3.0517578125
14.693996	3.056640625
14.694996	3.0517578125
14.695996	3.056640625
14.696996	3.0615234375
14.697996	3.0517578125
14.698996	3.0517578125
14.699996	3.056640625
14.700996	3.056640625
14.701996	3.0615234375
14.702996	3.056640625
14.703996	3.046875
14.704996	3.056640625
14.705996	3.0615234375
14.706996	3.056640625
14.707996	3.0615234375
14.708996	3.0615234375
14.709996	3.056640625
14.710996	3.0615234375
14.711996	3.0615234375
14.712996	3.0615234375
14.713996	3.056640625
14.714996	3.0615234375
14.715996	3.0615234375
14.716996	3.0615234375
14.717996	3.056640625
14.718996	3.0517578125
14.719996	3.056640625
14.720996	3.056640625
14.721996	3.06640625
14.722996	3.056640625
14.723996	3.0615234375
14.724996	3.06640625
14.725996	3.056640625
14.727004	3.0517578125
14.727996	3.056640625
14.729	3.0615234375
14.73	3.0517578125
14.731	3.0615234375
14.732	3.046875
14.733	3.056640625
14.733996	3.0517578125
14.734996	3.0419921875
14.735996	3.046875
14.736996	3.046875
14.737996	3.046875
14.738996	3.0419921875
14.739996	3.046875
14.740996	3.0419921875
14.741996	3.0419921875
14.742996	3.0419921875
14.743996	3.0322265625
14.744996	3.0322265625
14.745996	3.037109375
14.746996	3.0419921875
14.747996	3.0322265625
14.748996	3.037109375
14.749996	3.0224609375
14.750996	3.0322265625
14.751996	3.02734375
14.752996	3.0224609375
14.753996	3.02734375
14.754996	3.0224609375
14.755996	3.0224609375
14.756996	3.0224609375
14.757996	3.0224609375
14.758996	3.0224609375
14.759996	3.0224609375
14.760996	3.0126953125
14.761996	3.017578125
14.762996	3.017578125
14.763996	3.0078125
14.764996	3.0126953125
14.765996	3.0029296875
14.766996	3.0126953125
14.767996	3.0126953125
14.768996	3.0029296875
14.77	3.0078125
14.770996	2.998046875
14.772	3.0029296875
14.773	3.0078125
14.774	3.0078125
14.775	2.998046875
14.776	3.0029296875
14.776996	3.0029296875
14.777996	3.0029296875
14.778996	2.998046875
14.779996	2.998046875
14.780996	2.998046875
14.781996	3.0029296875
14.782996	2.998046875
14.783996	2.9931640625
14.784996	2.998046875
14.785996	2.998046875
14.786996	2.9931640625
14.787996	2.9931640625
14.788996	2.9931640625
14.789996	2.9931640625
14.790996	2.9931640625
14.791996	2.98828125
14.792996	2.9931640625
14.793996	2.98828125
14.794996	2.98828125
14.795996	2.98828125
14.796996	2.9931640625
14.797996	2.98828125
14.798996	2.98828125
14.799996	2.9931640625
14.800996	2.9931640625
14.801996	2.98828125
14.802996	2.9931640625
14.803996	2.9931640625
14.804996	2.9931640625
14.805996	2.98828125
14.806996	2.9931640625
14.807996	2.98828125
14.808996	2.9931640625
14.809996	2.998046875
14.810996	2.9931640625
14.811996	2.9931640625
14.813	2.9931640625
14.813996	3.0029296875
14.815	2.9833984375
14.816	2.998046875
14.817	3.0029296875
14.818	3.0029296875
14.819	2.998046875
14.819996	3.0078125
14.820996	2.998046875
14.821996	3.0029296875
14.822996	3.0029296875
14.823996	3.0029296875
14.824996	3.0078125
14.825996	2.998046875
14.826996	3.0078125
14.827996	3.0029296875
14.828996	3.0078125
14.829996	3.0078125
14.830996	3.0126953125
14.831996	3.0126953125
14.832996	3.017578125
14.833996	3.017578125
14.834996	3.0224609375
14.835996	3.0126953125
14.836996	3.017578125
14.837996	3.017578125
14.838996	3.017578125
14.839996	3.02734375
14.840996	3.0224609375
14.841996	3.0224609375
14.842996	3.0224609375
14.843996	3.017578125
14.844996	3.0322265625
14.845996	3.02734375
14.846996	3.02734375
14.847996	3.037109375
14.848996	3.0419921875
14.849996	3.0322265625
14.850996	3.0322265625
14.851996	3.0322265625
14.852996	3.0419921875
14.853996	3.037109375
14.855004	3.0419921875
14.855996	3.0419921875
14.857	3.0419921875
14.858	3.046875
14.859	3.046875
14.86	3.0517578125
14.861	3.056640625
14.861996	3.0517578125
14.862996	3.046875
14.863996	3.056640625
14.864996	3.0517578125
14.865996	3.056640625
14.866996	3.056640625
14.867996	3.056640625
14.868996	3.0615234375
14.869996	3.0517578125
14.870996	3.0517578125
14.871996	3.0517578125
14.872996	3.056640625
14.873996	3.0615234375
14.874996	3.0615234375
14.875996	3.0615234375
14.876996	3.056640625
14.877996	3.0615234375
14.878996	3.056640625
14.879996	3.056640625
14.880996	3.0517578125
14.881996	3.06640625
14.882996	3.056640625
14.883996	3.056640625
14.884996	3.056640625
14.885996	3.056640625
14.886996	3.056640625
14.887996	3.056640625
14.888996	3.0615234375
14.889996	3.0615234375
14.890996	3.056640625
14.891996	3.0615234375
14.892996	3.0615234375
14.893996	3.0517578125
14.894996	3.0615234375
14.895996	3.0517578125
14.896996	3.056640625
14.898	3.056640625
14.898996	3.0615234375
14.9	3.056640625
14.901	3.056640625
14.902	3.0517578125
14.903	3.056640625
14.904	3.0517578125
14.904996	3.046875
14.905996	3.0517578125
14.906996	3.0517578125
14.907996	3.037109375
14.908996	3.0419921875
14.909996	3.0517578125
14.910996	3.037109375
14.911996	3.037109375
14.912996	3.037109375
14.913996	3.037109375
14.914996	3.0322265625
14.915996	3.037109375
14.916996	3.0322265625
14.917996	3.0322265625
14.918996	3.02734375
14.919996	3.02734375
14.920996	3.0224609375
14.921996	3.0322265625
14.922996	3.0224609375
14.923996	3.02734375
14.924996	3.0224609375
14.925996	3.02734375
14.926996	3.0224609375
14.927996	3.0224609375
14.928996	3.0224609375
14.929996	3.017578125
14.930996	3.0224609375
14.931996	3.017578125
14.932996	3.0126953125
14.933996	3.0078125
14.934996	3.0126953125
14.935996	3.0029296875
14.936996	3.0078125
14.937996	3.0029296875
14.938996	3.0078125
14.939996	3.0078125
14.941	3.0029296875
14.941996	3.0029296875
14.943	3.0078125
14.944	3.0029296875
14.945	3.0029296875
14.946	2.998046875
14.947	2.998046875
14.947996	3.0029296875
14.948996	2.998046875
14.949996	2.9931640625
14.950996	2.998046875
14.951996	2.98828125
14.952996	2.998046875
14.953996	2.9931640625
14.954996	2.998046875
14.955996	2.98828125
14.956996	2.98828125
14.957996	2.98828125
14.958996	2.98828125
14.959996	2.9931640625
14.960996	2.998046875
14.961996	2.9931640625
14.962996	2.98828125
14.963996	2.9931640625
14.964996	2.98828125
14.965996	2.98828125
14.966996	2.9931640625
14.967996	2.98828125
14.968996	2.98828125
14.969996	2.98828125
14.970996	2.9931640625
14.971996	2.9931640625
14.972996	2.998046875
14.973996	2.98828125
14.974996	2.98828125
14.975996	2.998046875
14.976996	2.9833984375
14.977996	2.9931640625
14.978996	2.9931640625
14.979996	2.9931640625
14.980996	2.9931640625
14.981996	2.9931640625
14.983004	2.9931640625
14.983996	2.998046875
14.985	2.9931640625
14.986	3.0029296875
14.987	3.0029296875
14.988	2.998046875
14.989	2.998046875
14.989996	3.0029296875
14.990996	2.9931640625
14.991996	2.998046875
14.992996	2.998046875
14.993996	3.0078125
14.994996	3.0078125
14.995996	3.0078125
14.996996	3.0078125
14.997996	3.0029296875
14.998996	3.0029296875
14.999996	3.0078125
15.000996	3.0029296875
15.001996	3.0126953125
15.002996	3.0126953125
15.003996	3.017578125
15.004996	3.017578125
15.005996	3.017578125
15.006996	3.0224609375
15.007996	3.02734375
15.008996	3.017578125
15.009996	3.0224609375
15.010996	3.0224609375
15.011996	3.0224609375
15.012996	3.02734375
15.013996	3.02734375
15.014996	3.02734375
15.015996	3.02734375
15.016996	3.0322265625
15.017996	3.02734375
15.018996	3.0322265625
15.019996	3.0322265625
15.020996	3.037109375
15.021996	3.037109375
15.022996	3.0322265625
15.023996	3.0419921875
15.024996	3.0419921875
15.026	3.0419921875
15.026996	3.0419921875
15.028	3.037109375
15.029	3.0419921875
15.03	3.046875
15.031	3.0517578125
15.032	3.0517578125
15.032996	3.046875
15.033996	3.056640625
15.034996	3.0517578125
15.035996	3.0419921875
15.036996	3.06640625
15.037996	3.0517578125
15.038996	3.056640625
15.039996	3.06640625
15.040996	3.0517578125
15.041996	3.0517578125
15.042996	3.0615234375
15.043996	3.056640625
15.044996	3.0615234375
15.045996	3.0517578125
15.046996	3.0517578125
15.047996	3.0517578125
15.048996	3.0517578125
15.049996	3.0615234375
15.050996	3.0615234375
15.051996	3.056640625
15.052996	3.0517578125
15.053996	3.0615234375
15.054996	3.056640625
15.055996	3.0517578125
15.056996	3.056640625
15.057996	3.056640625
15.058996	3.0615234375
15.059996	3.0517578125
15.060996	3.0615234375
15.061996	3.056640625
15.062996	3.0615234375
15.063996	3.056640625
15.064996	3.0517578125
15.065996	3.0615234375
15.066996	3.0517578125
15.067996	3.056640625
15.069	3.056640625
15.069996	3.056640625
15.071	3.056640625
15.072	3.0615234375
15.073	3.046875
15.074	3.046875
15.075	3.0517578125
15.075996	3.046875
15.076996	3.046875
15.077996	3.0419921875
15.078996	3.037109375
15.079996	3.046875
15.080996	3.0419921875
15.081996	3.0419921875
15.082996	3.0322265625
15.083996	3.037109375
15.084996	3.02734375
15.085996	3.037109375
15.086996	3.037109375
15.087996	3.037109375
15.088996	3.0322265625
15.089996	3.0224609375
15.090996	3.0322265625
15.091996	3.02734375
15.092996	3.017578125
15.093996	3.02734375
15.094996	3.0224609375
15.095996	3.017578125
15.096996	3.02734375
15.097996	3.017578125
15.098996	3.0224609375
15.099996	3.0224609375
15.100996	3.017578125
15.101996	3.0224609375
15.102996	3.0126953125
15.103996	3.017578125
15.104996	3.0029296875
15.105996	3.017578125
15.106996	3.0078125
15.107996	3.0029296875
15.108996	3.0078125
15.109996	3.0078125
15.111004	3.0029296875
15.111996	3.0078125
15.113	3.0029296875
15.114	3.0029296875
15.115	3.0029296875
15.116	2.9931640625
15.117	3.0029296875
15.117996	2.998046875
15.118996	3.0029296875
15.119996	2.9931640625
15.120996	2.998046875
15.121996	3.0029296875
15.122996	2.998046875
15.123996	2.998046875
15.124996	2.9931640625
15.125996	2.98828125
15.126996	2.998046875
15.127996	2.9931640625
15.128996	2.98828125
15.129996	2.9931640625
15.130996	2.98828125
15.131996	2.9931640625
15.132996	2.9931640625
15.133996	2.998046875
15.134996	2.98828125
15.135996	2.9931640625
15.136996	2.9931640625
15.137996	2.9931640625
15.138996	2.998046875
15.139996	2.998046875
15.140996	2.9931640625
15.141996	2.998046875
15.142996	2.98828125
15.143996	2.98828125
15.144996	2.9931640625
15.145996	2.9931640625
15.146996	2.9931640625
15.147996	2.9931640625
15.148996	2.98828125
15.149996	2.998046875
15.150996	2.9931640625
15.151996	2.9931640625
15.152996	2.9931640625
15.154	3.0029296875
15.154996	2.998046875
15.156	2.998046875
15.157	2.9931640625
15.158	3.0029296875
15.159	3.0029296875
15.16	3.0029296875
15.160996	3.0029296875
15.161996	3.0029296875
15.162996	3.0078125
15.163996	3.0029296875
15.164996	3.0029296875
15.165996	3.0078125
15.166996	3.0078125
15.167996	3.0078125
15.168996	3.0126953125
15.169996	3.0078125
15.170996	3.0078125
15.171996	3.017578125
15.172996	3.017578125
15.173996	3.017578125
15.174996	3.017578125
15.175996	3.017578125
15.176996	3.0224609375
15.177996	3.017578125
15.178996	3.0126953125
15.179996	3.02734375
15.180996	3.0224609375
15.181996	3.02734375
15.182996	3.02734375
15.183996	3.02734375
15.184996	3.02734375
15.185996	3.02734375
15.186996	3.02734375
15.187996	3.0322265625
15.188996	3.0322265625
15.189996	3.037109375
15.190996	3.037109375
15.191996	3.0322265625
15.192996	3.0419921875
15.193996	3.037109375
15.194996	3.0419921875
15.195996	3.0419921875
15.197	3.0517578125
15.197996	3.0419921875
15.199	3.046875
15.2	3.046875
15.201	3.0419921875
15.202	3.046875
15.203	3.046875
15.203996	3.046875
15.204996	3.0517578125
15.205996	3.0517578125
15.206996	3.056640625
15.207996	3.0615234375
15.208996	3.0615234375
15.209996	3.056640625
15.210996	3.0615234375
15.211996	3.056640625
15.212996	3.056640625
15.213996	3.0615234375
15.214996	3.0615234375
15.215996	3.0615234375
15.216996	3.0615234375
15.217996	3.0615234375
15.218996	3.056640625
15.219996	3.056640625
15.220996	3.0517578125
15.221996	3.0517578125
15.222996	3.0517578125
15.223996	3.056640625
15.224996	3.056640625
15.225996	3.056640625
15.226996	3.056640625
15.227996	3.0517578125
15.228996	3.0615234375
15.229996	3.0615234375
15.230996	3.056640625
15.231996	3.0615234375
15.232996	3.0615234375
15.233996	3.0615234375
15.234996	3.056640625
15.235996	3.056640625
15.236996	3.056640625
15.237996	3.056640625
15.239004	3.056640625
15.239996	3.0517578125
15.241	3.046875
15.242	3.056640625
15.243	3.046875
15.244	3.046875
15.245	3.046875
15.245996	3.0517578125
15.246996	3.046875
15.247996	3.0322265625
15.248996	3.0419921875
15.249996	3.0419921875
15.250996	3.046875
15.251996	3.0419921875
15.252996	3.0419921875
15.253996	3.0322265625
15.254996	3.037109375
15.255996	3.0322265625
15.256996	3.0322265625
15.257996	3.0322265625
15.258996	3.037109375
15.259996	3.02734375
15.260996	3.02734375
15.261996	3.0322265625
15.262996	3.0224609375
15.263996	3.02734375
15.264996	3.02734375
15.265996	3.02734375
15.266996	3.017578125
15.267996	3.017578125
15.268996	3.0224609375
15.269996	3.0224609375
15.270996	3.0126953125
15.271996	3.0126953125
15.272996	3.0224609375
15.273996	3.0126953125
15.274996	3.017578125
15.275996	3.0078125
15.276996	3.0078125
15.277996	3.0078125
15.278996	3.0078125
15.279996	3.0078125
15.280996	3.0029296875
15.282	3.0078125
15.282996	3.0029296875
15.284	3.0029296875
15.285	2.998046875
15.286	3.0029296875
15.287	3.0029296875
15.288	2.998046875
15.288996	2.998046875
15.289996	2.998046875
15.290996	2.998046875
15.291996	2.9931640625
15.292996	3.0029296875
15.293996	3.0029296875
15.294996	2.9931640625
15.295996	2.998046875
15.296996	2.9931640625
15.297996	2.9931640625
15.298996	2.9931640625
15.299996	2.98828125
15.300996	2.9931640625
15.301996	2.9931640625
15.302996	2.98828125
15.303996	2.9931640625
15.304996	2.98828125
15.305996	2.9931640625
15.306996	2.9931640625
15.307996	2.9931640625
15.308996	2.9931640625
15.309996	2.9931640625
15.310996	2.98828125
15.311996	2.98828125
15.312996	2.9931640625
15.313996	2.9931640625
15.314996	2.9931640625
15.315996	2.998046875
15.316996	2.9931640625
15.317996	2.98828125
15.318996	2.98828125
15.319996	2.998046875
15.320996	2.9931640625
15.321996	2.998046875
15.322996	2.98828125
15.323996	2.9931640625
15.325	2.998046875
15.325996	2.998046875
15.327	2.9931640625
15.328	3.0029296875
15.329	3.0029296875
15.33	2.998046875
15.331	3.0029296875
15.331996	3.0078125
15.332996	3.0029296875
15.333996	3.0078125
15.334996	3.0029296875
15.335996	3.0029296875
15.336996	3.0078125
15.337996	3.0126953125
15.338996	3.0126953125
15.339996	3.0029296875
15.340996	3.0078125
15.341996	3.017578125
15.342996	3.017578125
15.343996	3.017578125
15.344996	3.017578125
15.345996	3.017578125
15.346996	3.017578125
15.347996	3.017578125
15.348996	3.017578125
15.349996	3.0224609375
15.350996	3.02734375
15.351996	3.017578125
15.352996	3.02734375
15.353996	3.02734375
15.354996	3.02734375
15.355996	3.0322265625
15.356996	3.02734375
15.357996	3.0322265625
15.358996	3.037109375
15.359996	3.02734375
15.360996	3.037109375
15.361996	3.037109375
15.362996	3.037109375
15.363996	3.0322265625
15.364996	3.037109375
15.365996	3.0419921875
15.367004	3.0419921875
15.367996	3.0419921875
15.369	3.046875
15.37	3.046875
15.371	3.0517578125
15.372	3.046875
15.373	3.046875
15.373996	3.046875
15.374996	3.0517578125
15.375996	3.056640625
15.376996	3.046875
15.377996	3.056640625
15.378996	3.0517578125
15.379996	3.056640625
15.380996	3.056640625
15.381996	3.0615234375
15.382996	3.0615234375
15.383996	3.0615234375
15.384996	3.0517578125
15.385996	3.0615234375
15.386996	3.0615234375
15.387996	3.0615234375
15.388996	3.0615234375
15.389996	3.0615234375
15.390996	3.056640625
15.391996	3.0615234375
15.392996	3.056640625
15.393996	3.0517578125
15.394996	3.0615234375
15.395996	3.056640625
15.396996	3.0615234375
15.397996	3.0615234375
15.398996	3.0615234375
15.399996	3.06640625
15.400996	3.056640625
15.401996	3.056640625
15.402996	3.0615234375
15.403996	3.056640625
15.404996	3.056640625
15.405996	3.0615234375
15.406996	3.056640625
15.407996	3.056640625
15.408996	3.056640625
15.41	3.056640625
15.410996	3.0517578125
15.412	3.046875
15.413	3.0517578125
15.414	3.046875
15.415	3.046875
15.416	3.0517578125
15.416996	3.037109375
15.417996	3.0419921875
15.418996	3.046875
15.419996	3.0419921875
15.420996	3.0419921875
15.421996	3.0322265625
15.422996	3.0419921875
15.423996	3.0419921875
15.424996	3.037109375
15.425996	3.0419921875
15.426996	3.0322265625
15.427996	3.0322265625
15.428996	3.02734375
15.429996	3.0322265625
15.430996	3.0322265625
15.431996	3.0224609375
15.432996	3.0224609375
15.433996	3.02734375
15.434996	3.0224609375
15.435996	3.02734375
15.436996	3.02734375
15.437996	3.017578125
15.438996	3.0224609375
15.439996	3.0224609375
15.440996	3.0126953125
15.441996	3.0126953125
15.442996	3.0224609375
15.443996	3.017578125
15.444996	3.0078125
15.445996	3.0078125
15.446996	3.0126953125
15.447996	3.0078125
15.448996	3.0029296875
15.449996	3.0078125
15.450996	2.998046875
15.451996	2.998046875
15.453	3.0029296875
15.453996	3.0029296875
15.455	3.0029296875
15.456	3.0078125
15.457	3.0029296875
15.458	2.998046875
15.459	2.998046875
15.459996	3.0029296875
15.460996	3.0029296875
15.461996	2.998046875
15.462996	2.998046875
15.463996	2.998046875
15.464996	2.998046875
15.465996	2.9931640625
15.466996	2.9931640625
15.467996	2.9931640625
15.468996	2.998046875
15.469996	2.9931640625
15.470996	2.9931640625
15.471996	2.98828125
15.472996	2.9931640625
15.473996	2.998046875
15.474996	2.98828125
15.475996	2.998046875
15.476996	2.98828125
15.477996	2.98828125
15.478996	2.9931640625
15.479996	2.9931640625
15.480996	2.98828125
15.481996	2.98828125
15.482996	2.9931640625
15.483996	2.98828125
15.484996	2.98828125
15.485996	2.98828125
15.486996	2.9931640625
15.487996	2.998046875
15.488996	2.9931640625
15.489996	2.9931640625
15.490996	2.998046875
15.491996	2.9931640625
15.492996	2.9931640625
15.493996	2.998046875
15.495004	2.98828125
15.495996	3.0029296875
15.497	3.0029296875
15.498	3.0029296875
15.499	3.0078125
15.5	3.0029296875
15.501	2.998046875
15.501996	3.0029296875
15.502996	2.998046875
15.503996	3.0029296875
15.504996	3.0078125
15.505996	3.0078125
15.506996	3.0078125
15.507996	3.0126953125
15.508996	3.0078125
15.509996	3.0126953125
15.510996	3.0126953125
15.511996	3.017578125
15.512996	3.0126953125
15.513996	3.017578125
15.514996	3.017578125
15.515996	3.017578125
15.516996	3.017578125
15.517996	3.0224609375
15.518996	3.0126953125
15.519996	3.02734375
15.520996	3.02734375
15.521996	3.02734375
15.522996	3.02734375
15.523996	3.02734375
15.524996	3.02734375
15.525996	3.02734375
15.526996	3.0224609375
15.527996	3.0322265625
15.528996	3.0322265625
15.529996	3.0322265625
15.530996	3.037109375
15.531996	3.0419921875
15.532996	3.0419921875
15.533996	3.0419921875
15.534996	3.046875
15.535996	3.0419921875
15.536996	3.037109375
15.538	3.0517578125
15.538996	3.037109375
15.54	3.037109375
15.541	3.046875
15.542	3.0517578125
15.543	3.0517578125
15.544	3.046875
15.544996	3.046875
15.545996	3.056640625
15.546996	3.056640625
15.547996	3.046875
15.548996	3.056640625
15.549996	3.056640625
15.550996	3.0517578125
15.551996	3.056640625
15.552996	3.056640625
15.553996	3.0517578125
15.554996	3.0517578125
15.555996	3.056640625
15.556996	3.056640625
15.557996	3.0517578125
15.558996	3.056640625
15.559996	3.056640625
15.560996	3.0615234375
15.561996	3.056640625
15.562996	3.06640625
15.563996	3.0615234375
15.564996	3.0615234375
15.565996	3.0615234375
15.566996	3.056640625
15.567996	3.056640625
15.568996	3.0615234375
15.569996	3.0517578125
15.570996	3.056640625
15.571996	3.0517578125
15.572996	3.0517578125
15.573996	3.0517578125
15.574996	3.056640625
15.575996	3.056640625
15.576996	3.0517578125
15.577996	3.0517578125
15.578996	3.0517578125
15.579996	3.056640625
15.581	3.056640625
15.581996	3.0517578125
15.583	3.046875
15.584	3.0419921875
15.585	3.046875
15.586	3.0517578125
15.587	3.046875
15.587996	3.037109375
15.588996	3.0517578125
15.589996	3.0419921875
15.590996	3.037109375
15.591996	3.046875
15.592996	3.037109375
15.593996	3.0322265625
15.594996	3.0322265625
15.595996	3.037109375
15.596996	3.037109375
15.597996	3.02734375
15.598996	3.02734375
15.599996	3.0322265625
15.600996	3.02734375
15.601996	3.02734375
15.602996	3.0224609375
15.603996	3.02734375
15.604996	3.02734375
15.605996	3.02734375
15.606996	3.0224609375
15.607996	3.0224609375
15.608996	3.0224609375
15.609996	3.017578125
15.610996	3.0126953125
15.611996	3.017578125
15.612996	3.0224609375
15.613996	3.017578125
15.614996	3.0126953125
15.615996	3.0078125
15.616996	3.0126953125
15.617996	3.0029296875
15.618996	3.0126953125
15.619996	3.0078125
15.620996	3.0126953125
15.621996	3.0029296875
15.623004	3.0029296875
15.623996	3.0078125
15.625	3.0078125
15.626	3.0078125
15.627	3.0029296875
15.628	3.0029296875
15.629	2.998046875
15.629996	2.998046875
15.630996	3.0029296875
15.631996	2.998046875
15.632996	2.9931640625
15.633996	2.9931640625
15.634996	2.9931640625
15.635996	2.9931640625
15.636996	2.9931640625
15.637996	2.998046875
15.638996	2.9931640625
15.639996	2.98828125
15.640996	2.9931640625
15.641996	2.9931640625
15.642996	2.98828125
15.643996	2.9931640625
15.644996	2.998046875
15.645996	2.998046875
15.646996	2.98828125
15.647996	2.998046875
15.648996	2.9931640625
15.649996	2.9931640625
15.650996	2.9931640625
15.651996	2.98828125
15.652996	2.9833984375
15.653996	2.9931640625
15.654996	2.98828125
15.655996	2.998046875
15.656996	2.9931640625
15.657996	2.9931640625
15.658996	2.9931640625
15.659996	2.9931640625
15.660996	2.9931640625
15.661996	2.998046875
15.662996	2.998046875
15.663996	3.0029296875
15.664996	3.0029296875
15.666	2.998046875
15.666996	2.998046875
15.668	3.0029296875
15.669	3.0029296875
15.67	3.0029296875
15.671	3.0029296875
15.672	3.0078125
15.672996	3.0029296875
15.673996	3.0029296875
15.674996	2.9931640625
15.675996	3.0078125
15.676996	3.0078125
15.677996	3.0078125
15.678996	3.0078125
15.679996	3.0078125
15.680996	3.0078125
15.681996	3.0078125
15.682996	3.0078125
15.683996	3.017578125
15.684996	3.017578125
15.685996	3.017578125
15.686996	3.0224609375
15.687996	3.017578125
15.688996	3.0224609375
15.689996	3.02734375
15.690996	3.0224609375
15.691996	3.0224609375
15.692996	3.0224609375
15.693996	3.0322265625
15.694996	3.02734375
15.695996	3.0224609375
15.696996	3.0322265625
15.697996	3.02734375
15.698996	3.0322265625
15.699996	3.02734375
15.700996	3.0322265625
15.701996	3.0322265625
15.702996	3.0322265625
15.703996	3.037109375
15.704996	3.0419921875
15.705996	3.037109375
15.706996	3.046875
15.707996	3.0419921875
15.709	3.046875
15.709996	3.0419921875
15.711	3.0419921875
15.712	3.046875
15.713	3.0419921875
15.714	3.0419921875
15.715	3.0517578125
15.715996	3.0517578125
15.716996	3.0517578125
15.717996	3.046875
15.718996	3.0517578125
15.719996	3.056640625
15.720996	3.056640625
15.721996	3.056640625
15.722996	3.056640625
15.723996	3.0615234375
15.724996	3.056640625
15.725996	3.0615234375
15.726996	3.0517578125
15.727996	3.056640625
15.728996	3.0615234375
15.729996	3.0615234375
15.730996	3.056640625
15.731996	3.056640625
15.732996	3.0517578125
15.733996	3.0615234375
15.734996	3.0615234375
15.735996	3.0615234375
15.736996	3.0615234375
15.737996	3.0615234375
15.738996	3.056640625
15.739996	3.056640625
15.740996	3.056640625
15.741996	3.0615234375
15.742996	3.056640625
15.743996	3.0517578125
15.744996	3.0517578125
15.745996	3.056640625
15.746996	3.056640625
15.747996	3.046875
15.748996	3.056640625
15.749996	3.056640625
15.751004	3.046875
15.751996	3.0517578125
15.753	3.046875
15.754	3.0419921875
15.755	3.0615234375
15.756	3.046875
15.757	3.0419921875
15.757996	3.0419921875
15.758996	3.046875
15.759996	3.046875
15.760996	3.0419921875
15.761996	3.0322265625
15.762996	3.037109375
15.763996	3.0322265625
15.764996	3.037109375
15.765996	3.0322265625
15.766996	3.0322265625
15.767996	3.037109375
15.768996	3.0322265625
15.769996	3.02734375
15.770996	3.02734375
15.771996	3.0322265625
15.772996	3.02734375
15.773996	3.017578125
15.774996	3.0224609375
15.775996	3.0224609375
15.776996	3.02734375
15.777996	3.017578125
15.778996	3.0224609375
15.779996	3.0126953125
15.780996	3.017578125
15.781996	3.0126953125
15.782996	3.0126953125
15.783996	3.0078125
15.784996	3.0078125
15.785996	3.0029296875
15.786996	3.0029296875
15.787996	3.0078125
15.788996	3.0078125
15.789996	3.0078125
15.790996	3.0029296875
15.791996	3.0029296875
15.792996	3.0029296875
15.794	3.0029296875
15.794996	3.0029296875
15.796	3.0078125
15.797	3.0029296875
15.798	3.0029296875
15.799	3.0029296875
15.8	2.998046875
15.800996	2.998046875
15.801996	2.998046875
15.802996	2.998046875
15.803996	2.9931640625
15.804996	2.998046875
15.805996	2.998046875
15.806996	2.9931640625
15.807996	2.9931640625
15.808996	2.998046875
15.809996	2.9931640625
15.810996	2.98828125
15.811996	2.998046875
15.812996	2.9931640625
15.813996	2.9931640625
15.814996	2.9931640625
15.815996	2.98828125
15.816996	2.9931640625
15.817996	2.9833984375
15.818996	2.9931640625
15.819996	2.98828125
15.820996	2.98828125
15.821996	2.9931640625
15.822996	2.98828125
15.823996	2.998046875
15.824996	2.998046875
15.825996	2.9931640625
15.826996	2.998046875
15.827996	2.9931640625
15.828996	2.998046875
15.829996	2.998046875
15.830996	2.9931640625
15.831996	3.0029296875
15.832996	2.9931640625
15.833996	2.9931640625
15.834996	2.9931640625
15.835996	3.0029296875
15.837	3.0078125
15.837996	3.0029296875
15.839	3.0029296875
15.84	3.0078125
15.841	3.0078125
15.842	3.0029296875
15.843	3.0078125
15.843996	3.0078125
15.844996	3.0078125
15.845996	3.0029296875
15.846996	3.0078125
15.847996	3.0078125
15.848996	3.0029296875
15.849996	3.0078125
15.850996	2.998046875
15.851996	3.0126953125
15.852996	3.017578125
15.853996	3.017578125
15.854996	3.017578125
15.855996	3.0126953125
15.856996	3.0126953125
15.857996	3.017578125
15.858996	3.017578125
15.859996	3.0224609375
15.860996	3.0224609375
15.861996	3.0224609375
15.862996	3.02734375
15.863996	3.02734375
15.864996	3.0224609375
15.865996	3.0322265625
15.866996	3.02734375
15.867996	3.02734375
15.868996	3.0322265625
15.869996	3.0322265625
15.870996	3.037109375
15.871996	3.0322265625
15.872996	3.037109375
15.873996	3.037109375
15.874996	3.0419921875
15.875996	3.037109375
15.876996	3.0419921875
15.877996	3.0419921875
15.879004	3.0419921875
15.879996	3.037109375
15.881	3.037109375
15.882	3.046875
15.883	3.056640625
15.884	3.0517578125
15.885	3.0517578125
15.885996	3.046875
15.886996	3.056640625
15.887996	3.056640625
15.888996	3.0517578125
15.889996	3.0615234375
15.890996	3.056640625
15.891996	3.0615234375
15.892996	3.056640625
15.893996	3.0517578125
15.894996	3.056640625
15.895996	3.0615234375
15.896996	3.0517578125
15.897996	3.0517578125
15.898996	3.0517578125
15.899996	3.0615234375
15.900996	3.056640625
15.901996	3.056640625
15.902996	3.056640625
15.903996	3.056640625
15.904996	3.056640625
15.905996	3.0517578125
15.906996	3.0615234375
15.907996	3.0517578125
15.908996	3.056640625
15.909996	3.056640625
15.910996	3.0517578125
15.911996	3.0615234375
15.912996	3.056640625
15.913996	3.0517578125
15.914996	3.056640625
15.915996	3.056640625
15.916996	3.056640625
15.917996	3.056640625
15.918996	3.056640625
15.919996	3.046875
15.920996	3.0517578125
15.922	3.0517578125
15.922996	3.0517578125
15.924	3.0517578125
15.925	3.0517578125
15.926	3.046875
15.927	3.0419921875
15.928	3.046875
15.928996	3.0419921875
15.929996	3.0419921875
15.930996	3.0419921875
15.931996	3.0419921875
15.932996	3.037109375
15.933996	3.0322265625
15.934996	3.0322265625
15.935996	3.02734375
15.936996	3.037109375
15.937996	3.0322265625
15.938996	3.0322265625
15.939996	3.0224609375
15.940996	3.0322265625
15.941996	3.02734375
15.942996	3.0224609375
15.943996	3.0322265625
15.944996	3.0224609375
15.945996	3.0224609375
15.946996	3.0224609375
15.947996	3.0126953125
15.948996	3.017578125
15.949996	3.0224609375
15.950996	3.0224609375
15.951996	3.017578125
15.952996	3.0224609375
15.953996	3.017578125
15.954996	3.017578125
15.955996	3.017578125
15.956996	3.0078125
15.957996	3.017578125
15.958996	3.0126953125
15.959996	3.0029296875
15.960996	3.0126953125
15.961996	3.0029296875
15.962996	3.0078125
15.963996	2.998046875
15.965	3.0078125
15.965996	3.0078125
15.967	3.0029296875
15.968	2.9931640625
15.969	3.0029296875
15.97	3.0029296875
15.971	3.0029296875
15.971996	2.998046875
15.972996	2.998046875
15.973996	2.998046875
15.974996	2.998046875
15.975996	2.998046875
15.976996	2.9931640625
15.977996	2.9931640625
15.978996	2.9931640625
15.979996	2.98828125
15.980996	2.9931640625
15.981996	2.9931640625
15.982996	2.998046875
15.983996	2.98828125
15.984996	2.9931640625
15.985996	2.98828125
15.986996	2.9931640625
15.987996	2.9931640625
15.988996	2.9931640625
15.989996	2.998046875
15.990996	2.9931640625
15.991996	2.98828125
15.992996	2.98828125
15.993996	2.998046875
15.994996	2.998046875
15.995996	2.998046875
15.996996	2.9931640625
15.997996	2.998046875
15.998996	2.9931640625
15.999996	2.998046875
16.000996	2.9931640625
16.001996	2.9931640625
16.002996	3.0029296875
16.003996	2.998046875
16.004996	2.998046875
16.005996	3.0029296875
16.007004	2.998046875
16.007996	3.0078125
16.009	3.0029296875
16.01	3.0029296875
16.011	3.0029296875
16.012	3.0078125
16.013	3.0029296875
16.013996	3.0029296875
16.014996	3.0078125
16.015996	3.0078125
16.016996	3.0029296875
16.017996	3.0126953125
16.018996	3.0078125
16.019996	3.0126953125
16.020996	3.0078125
16.021996	3.0126953125
16.022996	3.0224609375
16.023996	3.017578125
16.024996	3.017578125
16.025996	3.017578125
16.026996	3.017578125
16.027996	3.0224609375
16.028996	3.017578125
16.029996	3.0224609375
16.030996	3.02734375
16.031996	3.0224609375
16.032996	3.0224609375
16.033996	3.0224609375
16.034996	3.02734375
16.035996	3.02734375
16.036996	3.0322265625
16.037996	3.0322265625
16.038996	3.02734375
16.039996	3.02734375
16.040996	3.02734375
16.041996	3.0322265625
16.042996	3.037109375
16.043996	3.0322265625
16.044996	3.037109375
16.045996	3.037109375
16.046996	3.037109375
16.047996	3.046875
16.048996	3.046875
16.05	3.0419921875
16.050996	3.0419921875
16.052	3.0517578125
16.053	3.046875
16.054	3.046875
16.055	3.0517578125
16.056	3.046875
16.056996	3.0517578125
16.057996	3.0517578125
16.058996	3.056640625
16.059996	3.0517578125
16.060996	3.0517578125
16.061996	3.0517578125
16.062996	3.0517578125
16.063996	3.056640625
16.064996	3.0517578125
16.065996	3.056640625
16.066996	3.0517578125
16.067996	3.056640625
16.068996	3.056640625
16.069996	3.0517578125
16.070996	3.0517578125
16.071996	3.056640625
16.072996	3.056640625
16.073996	3.0615234375
16.074996	3.0615234375
16.075996	3.0615234375
16.076996	3.056640625
16.077996	3.0517578125
16.078996	3.0517578125
16.079996	3.0615234375
16.080996	3.0615234375
16.081996	3.056640625
16.082996	3.0615234375
16.083996	3.0517578125
16.084996	3.0615234375
16.085996	3.056640625
16.086996	3.0517578125
16.087996	3.056640625
16.088996	3.0517578125
16.089996	3.046875
16.090996	3.0517578125
16.091996	3.056640625
16.093	3.046875
16.093996	3.046875
16.095	3.0419921875
16.096	3.0419921875
16.097	3.0419921875
16.098	3.037109375
16.099	3.046875
16.099996	3.0419921875
16.100996	3.0419921875
16.101996	3.037109375
16.102996	3.037109375
16.103996	3.037109375
16.104996	3.037109375
16.105996	3.0322265625
16.106996	3.037109375
16.107996	3.0322265625
16.108996	3.02734375
16.109996	3.0224609375
16.110996	3.02734375
16.111996	3.02734375
16.112996	3.02734375
16.113996	3.0224609375
16.114996	3.02734375
16.115996	3.017578125
16.116996	3.02734375
16.117996	3.017578125
16.118996	3.0224609375
16.119996	3.0126953125
16.120996	3.017578125
16.121996	3.017578125
16.122996	3.0224609375
16.123996	3.017578125
16.124996	3.017578125
16.125996	3.0078125
16.126996	3.0126953125
16.127996	3.0126953125
16.128996	3.0029296875
16.129996	3.0078125
16.130996	3.0078125
16.131996	3.0078125
16.132996	3.0029296875
16.133996	3.0029296875
16.135004	3.0078125
16.135996	3.0029296875
16.137	3.0078125
16.138	3.0029296875
16.139	3.0029296875
16.14	2.998046875
16.141	3.0029296875
16.141996	3.0029296875
16.142996	3.0078125
16.143996	2.998046875
16.144996	3.0029296875
16.145996	2.9931640625
16.146996	3.0029296875
16.147996	2.9931640625
16.148996	2.9931640625
16.149996	2.998046875
16.150996	2.998046875
16.151996	2.998046875
16.152996	2.998046875
16.153996	2.998046875
16.154996	2.998046875
16.155996	2.9931640625
16.156996	2.998046875
16.157996	2.98828125
16.158996	2.9931640625
16.159996	2.9931640625
16.160996	2.998046875
16.161996	2.9931640625
16.162996	2.9931640625
16.163996	2.9931640625
16.164996	2.98828125
16.165996	2.998046875
16.166996	2.998046875
16.167996	2.998046875
16.168996	2.9931640625
16.169996	2.998046875
16.170996	2.998046875
16.171996	2.9931640625
16.172996	2.998046875
16.173996	3.0029296875
16.174996	2.998046875
16.175996	3.0029296875
16.176996	3.0029296875
16.178	2.998046875
16.178996	3.0029296875
16.18	3.0029296875
16.181	3.0029296875
16.182	2.998046875
16.183	3.0029296875
16.184	3.0078125
16.184996	2.998046875
16.185996	3.0078125
16.186996	3.0078125
16.187996	3.0078125
16.188996	2.998046875
16.189996	3.0126953125
16.190996	3.0078125
16.191996	3.017578125
16.192996	3.017578125
16.193996	3.017578125
16.194996	3.0224609375
16.195996	3.0126953125
16.196996	3.017578125
16.197996	3.0224609375
16.198996	3.0126953125
16.199996	3.017578125
16.200996	3.0224609375
16.201996	3.0224609375
16.202996	3.0224609375
16.203996	3.02734375
16.204996	3.02734375
16.205996	3.0322265625
16.206996	3.0224609375
16.207996	3.02734375
16.208996	3.02734375
16.209996	3.0322265625
16.210996	3.037109375
16.211996	3.0322265625
16.212996	3.0322265625
16.213996	3.0322265625
16.214996	3.0419921875
16.215996	3.037109375
16.216996	3.0322265625
16.217996	3.037109375
16.218996	3.0419921875
16.219996	3.0419921875
16.221	3.0419921875
16.221996	3.0419921875
16.223	3.046875
16.224	3.0517578125
16.225	3.0419921875
16.226	3.046875
16.227	3.0517578125
16.227996	3.0517578125
16.228996	3.056640625
16.229996	3.056640625
16.230996	3.056640625
16.231996	3.056640625
16.232996	3.056640625
16.233996	3.0517578125
16.234996	3.0517578125
16.235996	3.0517578125
16.236996	3.0517578125
16.237996	3.0615234375
16.238996	3.056640625
16.239996	3.056640625
16.240996	3.056640625
16.241996	3.056640625
16.242996	3.0615234375
16.243996	3.056640625
16.244996	3.0615234375
16.245996	3.0517578125
16.246996	3.056640625
16.247996	3.0615234375
16.248996	3.06640625
16.249996	3.0517578125
16.250996	3.0517578125
16.251996	3.056640625
16.252996	3.0615234375
16.253996	3.0517578125
16.254996	3.056640625
16.255996	3.0517578125
16.256996	3.056640625
16.257996	3.0517578125
16.258996	3.0517578125
16.259996	3.056640625
16.260996	3.0517578125
16.261996	3.046875
16.263004	3.0419921875
16.263996	3.0517578125
16.265	3.0419921875
16.266	3.046875
16.267	3.037109375
16.268	3.046875
16.269	3.037109375
16.269996	3.046875
16.270996	3.0419921875
16.271996	3.0322265625
16.272996	3.0322265625
16.273996	3.0322265625
16.274996	3.037109375
16.275996	3.037109375
16.276996	3.037109375
16.277996	3.0322265625
16.278996	3.0322265625
16.279996	3.02734375
16.280996	3.017578125
16.281996	3.0322265625
16.282996	3.02734375
16.283996	3.0224609375
16.284996	3.02734375
16.285996	3.0224609375
16.286996	3.0224609375
16.287996	3.017578125
16.288996	3.0224609375
16.289996	3.0224609375
16.290996	3.017578125
16.291996	3.0126953125
16.292996	3.017578125
16.293996	3.0126953125
16.294996	3.017578125
16.295996	3.017578125
16.296996	3.0126953125
16.297996	3.017578125
16.298996	3.0029296875
16.299996	3.0078125
16.300996	3.0078125
16.301996	3.0078125
16.302996	3.0078125
16.303996	3.0029296875
16.304996	3.0029296875
16.306	2.998046875
16.306996	3.0078125
16.308	2.998046875
16.309	2.998046875
16.31	2.998046875
16.311	3.0078125
16.312	3.0029296875
16.312996	3.0029296875
16.313996	3.0029296875
16.314996	3.0029296875
16.315996	2.9931640625
16.316996	2.998046875
16.317996	2.998046875
16.318996	2.9931640625
16.319996	2.998046875
16.320996	3.0029296875
16.321996	2.9931640625
16.322996	2.998046875
16.323996	2.998046875
16.324996	2.98828125
16.325996	2.998046875
16.326996	2.9931640625
16.327996	2.9931640625
16.328996	2.9931640625
16.329996	2.98828125
16.330996	2.998046875
16.331996	2.98828125
16.332996	2.998046875
16.333996	2.98828125
16.334996	3.0029296875
16.335996	2.998046875
16.336996	2.98828125
16.337996	2.998046875
16.338996	2.998046875
16.339996	2.9931640625
16.340996	2.998046875
16.341996	2.998046875
16.342996	3.0029296875
16.343996	3.0029296875
16.344996	3.0078125
16.345996	3.0029296875
16.346996	3.0029296875
16.347996	3.0029296875
16.349	3.0029296875
16.349996	2.998046875
16.351	2.998046875
16.352	3.0029296875
16.353	3.0078125
16.354	3.0029296875
16.355	3.0078125
16.355996	3.0078125
16.356996	3.0078125
16.357996	3.0029296875
16.358996	3.0029296875
16.359996	3.0078125
16.360996	3.0126953125
16.361996	3.0078125
16.362996	3.017578125
16.363996	3.017578125
16.364996	3.017578125
16.365996	3.0126953125
16.366996	3.017578125
16.367996	3.0224609375
16.368996	3.0126953125
16.369996	3.0224609375
16.370996	3.0224609375
16.371996	3.0224609375
16.372996	3.0224609375
16.373996	3.0224609375
16.374996	3.0224609375
16.375996	3.0224609375
16.376996	3.0322265625
16.377996	3.0322265625
16.378996	3.0322265625
16.379996	3.037109375
16.380996	3.0322265625
16.381996	3.037109375
16.382996	3.02734375
16.383996	3.037109375
16.384996	3.037109375
16.385996	3.0419921875
16.386996	3.0419921875
16.387996	3.0419921875
16.388996	3.0419921875
16.389996	3.0419921875
16.391004	3.037109375
16.391996	3.046875
16.393	3.0419921875
16.394	3.0517578125
16.395	3.0419921875
16.396	3.046875
16.397	3.0419921875
16.397996	3.056640625
16.398996	3.046875
16.399996	3.046875
16.400996	3.056640625
16.401996	3.0517578125
16.402996	3.056640625
16.403996	3.0615234375
16.404996	3.056640625
16.405996	3.0615234375
16.406996	3.056640625
16.407996	3.0615234375
16.408996	3.0615234375
16.409996	3.056640625
16.410996	3.056640625
16.411996	3.0517578125
16.412996	3.056640625
16.413996	3.056640625
16.414996	3.056640625
16.415996	3.0517578125
16.416996	3.0517578125
16.417996	3.0517578125
16.418996	3.0517578125
16.419996	3.056640625
16.420996	3.0517578125
16.421996	3.056640625
16.422996	3.056640625
16.423996	3.056640625
16.424996	3.056640625
16.425996	3.056640625
16.426996	3.0615234375
16.427996	3.0517578125
16.428996	3.046875
16.429996	3.0517578125
16.430996	3.0517578125
16.431996	3.0517578125
16.432996	3.046875
16.434	3.0517578125
16.434996	3.0419921875
16.436	3.0419921875
16.437	3.046875
16.438	3.0419921875
16.439	3.0419921875
16.44	3.037109375
16.440996	3.0419921875
16.441996	3.0419921875
16.442996	3.037109375
16.443996	3.037109375
16.444996	3.0322265625
16.445996	3.0322265625
16.446996	3.037109375
16.447996	3.0322265625
16.448996	3.0322265625
16.449996	3.0224609375
16.450996	3.0322265625
16.451996	3.02734375
16.452996	3.0224609375
16.453996	3.02734375
16.454996	3.02734375
16.455996	3.02734375
16.456996	3.0224609375
16.457996	3.017578125
16.458996	3.0224609375
16.459996	3.02734375
16.460996	3.017578125
16.461996	3.0224609375
16.462996	3.0224609375
16.463996	3.0126953125
16.464996	3.017578125
16.465996	3.0126953125
16.466996	3.0078125
16.467996	3.0078125
16.468996	3.0078125
16.469996	3.0126953125
16.470996	3.0078125
16.471996	3.0078125
16.472996	3.0029296875
16.473996	3.0029296875
16.474996	2.998046875
16.475996	2.998046875
16.477	3.0029296875
16.477996	3.0029296875
16.479	2.998046875
16.48	2.998046875
16.481	3.0029296875
16.482	3.0029296875
16.483	3.0029296875
16.483996	2.998046875
16.484996	3.0029296875
16.485996	2.9931640625
16.486996	2.998046875
16.487996	2.998046875
16.488996	2.998046875
16.489996	2.9931640625
16.490996	2.9931640625
16.491996	2.998046875
16.492996	2.998046875
16.493996	2.998046875
16.494996	2.998046875
16.495996	2.98828125
16.496996	2.9931640625
16.497996	2.9931640625
16.498996	2.998046875
16.499996	2.998046875
16.500996	2.9931640625
16.501996	2.9931640625
16.502996	2.9931640625
16.503996	2.9931640625
16.504996	2.998046875
16.505996	2.98828125
16.506996	2.998046875
16.507996	2.998046875
16.508996	2.9931640625
16.509996	2.998046875
16.510996	2.9931640625
16.511996	2.9931640625
16.512996	2.998046875
16.513996	3.0029296875
16.514996	3.0029296875
16.515996	3.0029296875
16.516996	3.0029296875
16.517996	2.998046875
16.519004	3.0029296875
16.519996	3.0029296875
16.521	3.0029296875
16.522	2.998046875
16.523	3.0078125
16.524	2.998046875
16.525	3.0029296875
16.525996	3.0078125
16.526996	3.0126953125
16.527996	3.0126953125
16.528996	3.0126953125
16.529996	3.0126953125
16.530996	3.0126953125
16.531996	3.017578125
16.532996	3.0126953125
16.533996	3.0126953125
16.534996	3.0126953125
16.535996	3.0224609375
16.536996	3.0224609375
16.537996	3.017578125
16.538996	3.017578125
16.539996	3.0224609375
16.540996	3.02734375
16.541996	3.02734375
16.542996	3.0322265625
16.543996	3.02734375
16.544996	3.0224609375
16.545996	3.0224609375
16.546996	3.02734375
16.547996	3.0322265625
16.548996	3.0224609375
16.549996	3.0322265625
16.550996	3.0322265625
16.551996	3.0322265625
16.552996	3.0322265625
16.553996	3.0322265625
16.554996	3.037109375
16.555996	3.037109375
16.556996	3.037109375
16.557996	3.0419921875
16.558996	3.037109375
16.559996	3.046875
16.560996	3.046875
16.562	3.037109375
16.562996	3.046875
16.564	3.0517578125
16.565	3.0517578125
16.566	3.046875
16.567	3.046875
16.568	3.046875
16.568996	3.046875
16.569996	3.0517578125
16.570996	3.0517578125
16.571996	3.056640625
16.572996	3.0517578125
16.573996	3.0517578125
16.574996	3.0517578125
16.575996	3.06640625
16.576996	3.0615234375
16.577996	3.0615234375
16.578996	3.0517578125
16.579996	3.056640625
16.580996	3.0517578125
16.581996	3.056640625
16.582996	3.0517578125
16.583996	3.056640625
16.584996	3.056640625
16.585996	3.056640625
16.586996	3.056640625
16.587996	3.0615234375
16.588996	3.0615234375
16.589996	3.056640625
16.590996	3.0517578125
16.591996	3.0615234375
16.592996	3.056640625
16.593996	3.056640625
16.594996	3.046875
16.595996	3.056640625
16.596996	3.056640625
16.597996	3.056640625
16.598996	3.0517578125
16.599996	3.0517578125
16.600996	3.0419921875
16.601996	3.046875
16.602996	3.056640625
16.603996	3.046875
16.605	3.0419921875
16.605996	3.0419921875
16.607	3.046875
16.608	3.037109375
16.609	3.046875
16.61	3.0419921875
16.611	3.0419921875
16.611996	3.0419921875
16.612996	3.0322265625
16.613996	3.0322265625
16.614996	3.037109375
16.615996	3.02734375
16.616996	3.0322265625
16.617996	3.0224609375
16.618996	3.0322265625
16.619996	3.0224609375
16.620996	3.0224609375
16.621996	3.017578125
16.622996	3.0224609375
16.623996	3.0224609375
16.624996	3.0224609375
16.625996	3.017578125
16.626996	3.0224609375
16.627996	3.017578125
16.628996	3.0126953125
16.629996	3.017578125
16.630996	3.017578125
16.631996	3.0126953125
16.632996	3.017578125
16.633996	3.0224609375
16.634996	3.017578125
16.635996	3.0078125
16.636996	3.0078125
16.637996	3.0126953125
16.638996	3.0029296875
16.639996	3.0078125
16.640996	3.0078125
16.641996	3.0078125
16.642996	3.0078125
16.643996	3.0078125
16.644996	3.0029296875
16.645996	3.0029296875
16.647004	3.0078125
16.647996	3.0029296875
16.649	3.0029296875
16.65	2.998046875
16.651	2.998046875
16.652	3.0078125
16.653	2.998046875
16.653996	2.998046875
16.654996	2.998046875
16.655996	3.0029296875
16.656996	3.0029296875
16.657996	3.0029296875
16.658996	2.998046875
16.659996	3.0029296875
16.660996	2.998046875
16.661996	2.998046875
16.662996	2.998046875
16.663996	2.98828125
16.664996	3.0029296875
16.665996	2.998046875
16.666996	2.9931640625
16.667996	2.9931640625
16.668996	2.998046875
16.669996	3.0029296875
16.670996	2.998046875
16.671996	2.998046875
16.672996	2.998046875
16.673996	2.9931640625
16.674996	2.998046875
16.675996	2.9931640625
16.676996	2.998046875
16.677996	2.998046875
16.678996	2.998046875
16.679996	2.998046875
16.680996	3.0029296875
16.681996	2.998046875
16.682996	2.998046875
16.683996	2.998046875
16.684996	2.998046875
16.685996	2.998046875
16.686996	2.998046875
16.687996	3.0029296875
16.688996	3.0029296875
16.69	3.0029296875
16.690996	3.0029296875
16.692	2.998046875
16.693	2.9931640625
16.694	3.0078125
16.695	3.0029296875
16.696	3.0078125
16.696996	3.0029296875
16.697996	3.017578125
16.698996	3.0126953125
16.699996	2.998046875
16.700996	3.0126953125
16.701996	3.0126953125
16.702996	3.017578125
16.703996	3.0126953125
16.704996	3.017578125
16.705996	3.017578125
16.706996	3.0224609375
16.707996	3.017578125
16.708996	3.017578125
16.709996	3.02734375
16.710996	3.0224609375
16.711996	3.02734375
16.712996	3.0224609375
16.713996	3.0224609375
16.714996	3.0224609375
16.715996	3.02734375
16.716996	3.0224609375
16.717996	3.0322265625
16.718996	3.037109375
16.719996	3.0322265625
16.720996	3.037109375
16.721996	3.037109375
16.722996	3.0419921875
16.723996	3.037109375
16.724996	3.037109375
16.725996	3.0419921875
16.726996	3.0419921875
16.727996	3.037109375
16.728996	3.037109375
16.729996	3.037109375
16.730996	3.037109375
16.731996	3.0419921875
16.733	3.0419921875
16.733996	3.0517578125
16.735	3.0517578125
16.736	3.046875
16.737	3.0419921875
16.738	3.046875
16.739	3.0517578125
16.739996	3.046875
16.740996	3.0517578125
16.741996	3.0517578125
16.742996	3.0517578125
16.743996	3.056640625
16.744996	3.056640625
16.745996	3.056640625
16.746996	3.0517578125
16.747996	3.056640625
16.748996	3.056640625
16.749996	3.056640625
16.750996	3.0517578125
16.751996	3.056640625
16.752996	3.056640625
16.753996	3.056640625
16.754996	3.056640625
16.755996	3.056640625
16.756996	3.0517578125
16.757996	3.056640625
16.758996	3.056640625
16.759996	3.0517578125
16.760996	3.0615234375
16.761996	3.0517578125
16.762996	3.056640625
16.763996	3.056640625
16.764996	3.056640625
16.765996	3.046875
16.766996	3.046875
16.767996	3.0517578125
16.768996	3.046875
16.769996	3.0517578125
16.770996	3.0419921875
16.771996	3.0517578125
16.772996	3.0419921875
16.773996	3.0419921875
16.775004	3.0419921875
16.775996	3.046875
16.777	3.037109375
16.778	3.0419921875
16.779	3.0419921875
16.78	3.0419921875
16.781	3.0419921875
16.781996	3.0419921875
16.782996	3.037109375
16.783996	3.02734375
16.784996	3.037109375
16.785996	3.037109375
16.786996	3.02734375
16.787996	3.0322265625
16.788996	3.0322265625
16.789996	3.02734375
16.790996	3.02734375
16.791996	3.0224609375
16.792996	3.0224609375
16.793996	3.0322265625
16.794996	3.0224609375
16.795996	3.017578125
16.796996	3.017578125
16.797996	3.017578125
16.798996	3.0126953125
16.799996	3.017578125
16.800996	3.0126953125
16.801996	3.0126953125
16.802996	3.0224609375
16.803996	3.0078125
16.804996	3.0078125
16.805996	3.0126953125
16.806996	3.0126953125
16.807996	3.0126953125
16.808996	3.0078125
16.809996	3.0029296875
16.810996	3.0078125
16.811996	3.0078125
16.812996	3.0029296875
16.813996	3.0078125
16.814996	3.0029296875
16.815996	3.0029296875
16.816996	2.998046875
16.818	3.0029296875
16.818996	3.0029296875
16.82	3.0029296875
16.821	3.0029296875
16.822	3.0029296875
16.823	3.0078125
16.824	3.0029296875
16.824996	2.998046875
16.825996	2.9931640625
16.826996	2.998046875
16.827996	2.9931640625
16.828996	2.998046875
16.829996	2.9931640625
16.830996	3.0029296875
16.831996	2.998046875
16.832996	2.9931640625
16.833996	2.998046875
16.834996	2.9931640625
16.835996	2.9931640625
16.836996	2.998046875
16.837996	2.998046875
16.838996	2.9931640625
16.839996	2.9931640625
16.840996	2.9833984375
16.841996	2.9931640625
16.842996	2.998046875
16.843996	2.9931640625
16.844996	2.998046875
16.845996	2.9931640625
16.846996	2.9931640625
16.847996	2.9931640625
16.848996	3.0029296875
16.849996	2.98828125
16.850996	2.998046875
16.851996	3.0029296875
16.852996	3.0029296875
16.853996	3.0029296875
16.854996	3.0029296875
16.855996	3.0029296875
16.856996	3.0029296875
16.857996	3.0029296875
16.858996	3.0029296875
16.859996	2.998046875
16.861	3.0029296875
16.861996	3.0029296875
16.863	3.0029296875
16.864	3.0029296875
16.865	3.0029296875
16.866	3.0029296875
16.867	3.0029296875
16.867996	3.0029296875
16.868996	3.0126953125
16.869996	3.0029296875
16.870996	3.0126953125
16.871996	3.0224609375
16.872996	3.0126953125
16.873996	3.017578125
16.874996	3.017578125
16.875996	3.0126953125
16.876996	3.017578125
16.877996	3.0126953125
16.878996	3.017578125
16.879996	3.0224609375
16.880996	3.017578125
16.881996	3.0224609375
16.882996	3.0322265625
16.883996	3.02734375
16.884996	3.02734375
16.885996	3.0224609375
16.886996	3.0322265625
16.887996	3.0224609375
16.888996	3.0322265625
16.889996	3.0322265625
16.890996	3.0322265625
16.891996	3.037109375
16.892996	3.037109375
16.893996	3.0322265625
16.894996	3.0419921875
16.895996	3.037109375
16.896996	3.0322265625
16.897996	3.0419921875
16.898996	3.037109375
16.899996	3.0419921875
16.900996	3.0419921875
16.901996	3.046875
16.903004	3.046875
16.903996	3.0419921875
16.905	3.046875
16.906	3.0517578125
16.907	3.046875
16.908	3.046875
16.909	3.0517578125
16.909996	3.0517578125
16.910996	3.056640625
16.911996	3.056640625
16.912996	3.046875
16.913996	3.056640625
16.914996	3.0615234375
16.915996	3.0517578125
16.916996	3.0517578125
16.917996	3.056640625
16.918996	3.056640625
16.919996	3.0615234375
16.920996	3.0615234375
16.921996	3.0517578125
16.922996	3.056640625
16.923996	3.0517578125
16.924996	3.0615234375
16.925996	3.0517578125
16.926996	3.0517578125
16.927996	3.056640625
16.928996	3.0615234375
16.929996	3.056640625
16.930996	3.056640625
16.931996	3.0517578125
16.932996	3.056640625
16.933996	3.056640625
16.934996	3.0517578125
16.935996	3.046875
16.936996	3.0517578125
16.937996	3.0419921875
16.938996	3.0419921875
16.939996	3.0517578125
16.940996	3.0517578125
16.941996	3.046875
16.942996	3.046875
16.943996	3.0419921875
16.944996	3.037109375
16.946	3.046875
16.946996	3.037109375
16.948	3.0419921875
16.949	3.0419921875
16.95	3.037109375
16.951	3.037109375
16.952	3.0419921875
16.952996	3.0322265625
16.953996	3.037109375
16.954996	3.037109375
16.955996	3.02734375
16.956996	3.037109375
16.957996	3.02734375
16.958996	3.02734375
16.959996	3.02734375
16.960996	3.02734375
16.961996	3.0224609375
16.962996	3.02734375
16.963996	3.017578125
16.964996	3.02734375
16.965996	3.017578125
16.966996	3.0224609375
16.967996	3.0126953125
16.968996	3.0224609375
16.969996	3.0224609375
16.970996	3.0224609375
16.971996	3.0126953125
16.972996	3.017578125
16.973996	3.017578125
16.974996	3.0224609375
16.975996	3.0078125
16.976996	3.0126953125
16.977996	3.0078125
16.978996	3.0078125
16.979996	3.0029296875
16.980996	3.0078125
16.981996	3.0029296875
16.982996	2.998046875
16.983996	2.998046875
16.984996	3.0029296875
16.985996	3.0029296875
16.986996	3.0078125
16.987996	3.0029296875
16.989	3.0078125
16.989996	2.998046875
16.991	3.0078125
16.992	2.998046875
16.993	3.0029296875
16.994	2.998046875
16.995	3.0078125
16.995996	3.0029296875
16.996996	3.0029296875
16.997996	3.0029296875
16.998996	2.998046875
16.999996	2.9931640625
17.000996	2.998046875
17.001996	3.0029296875
17.002996	2.998046875
17.003996	2.998046875
17.004996	3.0029296875
17.005996	2.9931640625
17.006996	2.9931640625
17.007996	2.998046875
17.008996	3.0029296875
17.009996	2.9931640625
17.010996	2.9931640625
17.011996	2.9931640625
17.012996	2.9931640625
17.013996	2.998046875
17.014996	3.0029296875
17.015996	2.98828125
17.016996	3.0078125
17.017996	2.998046875
17.018996	3.0029296875
17.019996	2.998046875
17.020996	2.998046875
17.021996	2.9931640625
17.022996	3.0029296875
17.023996	3.0029296875
17.024996	3.0029296875
17.025996	3.0029296875
17.026996	2.9931640625
17.027996	3.0029296875
17.028996	3.0029296875
17.029996	3.0029296875
17.031004	3.0029296875
17.031996	3.0029296875
17.033	2.998046875
17.034	2.998046875
17.035	3.0078125
17.036	3.0078125
17.037	3.0029296875
17.037996	3.0078125
17.038996	3.0078125
17.039996	3.0078125
17.040996	3.017578125
17.041996	3.0126953125
17.042996	3.0078125
17.043996	3.0224609375
17.044996	3.017578125
17.045996	3.017578125
17.046996	3.0224609375
17.047996	3.0224609375
17.048996	3.017578125
17.049996	3.017578125
17.050996	3.0224609375
17.051996	3.0224609375
17.052996	3.0224609375
17.053996	3.02734375
17.054996	3.02734375
17.055996	3.02734375
17.056996	3.02734375
17.057996	3.02734375
17.058996	3.02734375
17.059996	3.037109375
17.060996	3.037109375
17.061996	3.037109375
17.062996	3.0419921875
17.063996	3.0419921875
17.064996	3.037109375
17.065996	3.0322265625
17.066996	3.037109375
17.067996	3.046875
17.068996	3.046875
17.069996	3.046875
17.070996	3.037109375
17.071996	3.046875
17.072996	3.037109375
17.074	3.046875
17.074996	3.046875
17.076	3.0517578125
17.077	3.046875
17.078	3.0517578125
17.079	3.046875
17.08	3.046875
17.080996	3.046875
17.081996	3.0517578125
17.082996	3.046875
17.083996	3.046875
17.084996	3.0517578125
17.085996	3.0517578125
17.086996	3.056640625
17.087996	3.056640625
17.088996	3.0517578125
17.089996	3.056640625
17.090996	3.056640625
17.091996	3.056640625
17.092996	3.056640625
17.093996	3.046875
17.094996	3.0517578125
17.095996	3.0517578125
17.096996	3.046875
17.097996	3.056640625
17.098996	3.056640625
17.099996	3.046875
17.100996	3.056640625
17.101996	3.0517578125
17.102996	3.0517578125
17.103996	3.046875
17.104996	3.056640625
17.105996	3.046875
17.106996	3.046875
17.107996	3.0419921875
17.108996	3.046875
17.109996	3.046875
17.110996	3.0517578125
17.111996	3.046875
17.112996	3.0419921875
17.113996	3.0322265625
17.114996	3.037109375
17.115996	3.0419921875
17.117	3.0419921875
17.117996	3.0419921875
17.119	3.046875
17.12	3.0419921875
17.121	3.037109375
17.122	3.0322265625
17.123	3.0419921875
17.123996	3.037109375
17.124996	3.037109375
17.125996	3.0322265625
17.126996	3.02734375
17.127996	3.0322265625
17.128996	3.02734375
17.129996	3.02734375
17.130996	3.02734375
17.131996	3.02734375
17.132996	3.02734375
17.133996	3.0224609375
17.134996	3.0224609375
17.135996	3.02734375
17.136996	3.0224609375
17.137996	3.0224609375
17.138996	3.0126953125
17.139996	3.0224609375
17.140996	3.017578125
17.141996	3.017578125
17.142996	3.0126953125
17.143996	3.017578125
17.144996	3.017578125
17.145996	3.0126953125
17.146996	3.0078125
17.147996	3.0029296875
17.148996	3.0126953125
17.149996	3.0126953125
17.150996	3.0078125
17.151996	3.0029296875
17.152996	3.0078125
17.153996	3.0078125
17.154996	2.998046875
17.155996	2.998046875
17.156996	2.998046875
17.157996	2.998046875
17.159004	2.998046875
17.159996	3.0078125
17.161	3.0029296875
17.162	2.998046875
17.163	2.998046875
17.164	2.998046875
17.165	2.998046875
17.165996	2.998046875
17.166996	3.0029296875
17.167996	3.0029296875
17.168996	2.998046875
17.169996	3.0029296875
17.170996	2.9931640625
17.171996	2.998046875
17.172996	2.9931640625
17.173996	2.998046875
17.174996	2.998046875
17.175996	2.9931640625
17.176996	2.998046875
17.177996	3.0029296875
17.178996	2.998046875
17.179996	3.0029296875
17.180996	2.9931640625
17.181996	2.998046875
17.182996	2.998046875
17.183996	2.998046875
17.184996	2.9931640625
17.185996	2.9931640625
17.186996	2.9931640625
17.187996	2.9931640625
17.188996	2.9931640625
17.189996	3.0029296875
17.190996	3.0029296875
17.191996	3.0029296875
17.192996	2.9931640625
17.193996	3.0029296875
17.194996	3.0029296875
17.195996	3.0029296875
17.196996	2.998046875
17.197996	2.998046875
17.198996	3.0029296875
17.199996	3.0078125
17.200996	3.0078125
17.202	3.0078125
17.202996	3.0078125
17.204	3.0078125
17.205	3.0078125
17.206	3.0029296875
17.207	3.0029296875
17.208	3.0078125
17.208996	3.0126953125
17.209996	3.0078125
17.210996	3.0126953125
17.211996	3.017578125
17.212996	3.017578125
17.213996	3.017578125
17.214996	3.0126953125
17.215996	3.0126953125
17.216996	3.017578125
17.217996	3.017578125
17.218996	3.0126953125
17.219996	3.0224609375
17.220996	3.0224609375
17.221996	3.02734375
17.222996	3.02734375
17.223996	3.0322265625
17.224996	3.02734375
17.225996	3.02734375
17.226996	3.0224609375
17.227996	3.02734375
17.228996	3.0322265625
17.229996	3.0322265625
17.230996	3.0224609375
17.231996	3.0322265625
17.232996	3.0322265625
17.233996	3.0322265625
17.234996	3.0322265625
17.235996	3.037109375
17.236996	3.0322265625
17.237996	3.0419921875
17.238996	3.0419921875
17.239996	3.037109375
17.240996	3.0419921875
17.241996	3.0517578125
17.242996	3.0419921875
17.243996	3.037109375
17.245	3.0419921875
17.245996	3.046875
17.247	3.056640625
17.248	3.046875
17.249	3.046875
17.25	3.0517578125
17.251	3.0517578125
17.251996	3.046875
17.252996	3.0517578125
17.253996	3.046875
17.254996	3.0517578125
17.255996	3.0517578125
17.256996	3.0517578125
17.257996	3.056640625
17.258996	3.0517578125
17.259996	3.0517578125
17.260996	3.056640625
17.261996	3.0517578125
17.262996	3.056640625
17.263996	3.056640625
17.264996	3.056640625
17.265996	3.056640625
17.266996	3.056640625
17.267996	3.046875
17.268996	3.056640625
17.269996	3.056640625
17.270996	3.0517578125
17.271996	3.056640625
17.272996	3.0517578125
17.273996	3.0517578125
17.274996	3.046875
17.275996	3.0419921875
17.276996	3.046875
17.277996	3.046875
17.278996	3.056640625
17.279996	3.0517578125
17.280996	3.046875
17.281996	3.0419921875
17.282996	3.037109375
17.283996	3.037109375
17.284996	3.046875
17.285996	3.0419921875
17.287004	3.037109375
17.287996	3.037109375
17.289	3.0419921875
17.29	3.0322265625
17.291	3.0322265625
17.292	3.0419921875
17.293	3.037109375
17.293996	3.0419921875
17.294996	3.037109375
17.295996	3.037109375
17.296996	3.0322265625
17.297996	3.0322265625
17.298996	3.0224609375
17.299996	3.02734375
17.300996	3.02734375
17.301996	3.02734375
17.302996	3.02734375
17.303996	3.0224609375
17.304996	3.02734375
17.305996	3.0224609375
17.306996	3.02734375
17.307996	3.017578125
17.308996	3.017578125
17.309996	3.017578125
17.310996	3.017578125
17.311996	3.017578125
17.312996	3.017578125
17.313996	3.017578125
17.314996	3.0126953125
17.315996	3.017578125
17.316996	3.017578125
17.317996	2.998046875
17.318996	3.0029296875
17.319996	2.998046875
17.320996	2.998046875
17.321996	3.0078125
17.322996	3.0029296875
17.323996	3.0078125
17.324996	2.998046875
17.325996	3.0078125
17.326996	3.0029296875
17.327996	3.0029296875
17.328996	3.0029296875
17.33	3.0029296875
17.330996	2.998046875
17.332	3.0029296875
17.333	3.0029296875
17.334	2.998046875
17.335	3.0029296875
17.336	2.998046875
17.336996	2.998046875
17.337996	2.998046875
17.338996	3.0029296875
17.339996	3.0029296875
17.340996	2.9931640625
17.341996	2.998046875
17.342996	2.98828125
17.343996	2.998046875
17.344996	2.98828125
17.345996	2.998046875
17.346996	2.9931640625
17.347996	3.0029296875
17.348996	2.98828125
17.349996	2.98828125
17.350996	2.9931640625
17.351996	2.998046875
17.352996	2.998046875
17.353996	2.998046875
17.354996	2.998046875
17.355996	2.998046875
17.356996	3.0029296875
17.357996	2.998046875
17.358996	3.0029296875
17.359996	2.998046875
17.360996	3.0029296875
17.361996	2.998046875
17.362996	3.0029296875
17.363996	3.0029296875
17.364996	2.998046875
17.365996	3.0029296875
17.366996	3.0078125
17.367996	3.0029296875
17.368996	3.0078125
17.369996	2.998046875
17.370996	2.9931640625
17.371996	3.0029296875
17.373	3.0078125
17.373996	3.0126953125
17.375	3.0078125
17.376	3.0078125
17.377	3.0078125
17.378	3.0078125
17.379	3.0029296875
17.379996	3.0078125
17.380996	3.0126953125
17.381996	3.0078125
17.382996	3.0078125
17.383996	3.017578125
17.384996	3.017578125
17.385996	3.0224609375
17.386996	3.0224609375
17.387996	3.0224609375
17.388996	3.0224609375
17.389996	3.0224609375
17.390996	3.02734375
17.391996	3.0224609375
17.392996	3.0224609375
17.393996	3.0224609375
17.394996	3.02734375
17.395996	3.02734375
17.396996	3.02734375
17.397996	3.02734375
17.398996	3.02734375
17.399996	3.02734375
17.400996	3.0322265625
17.401996	3.0419921875
17.402996	3.0322265625
17.403996	3.037109375
17.404996	3.0322265625
17.405996	3.0322265625
17.406996	3.037109375
17.407996	3.0322265625
17.408996	3.0419921875
17.409996	3.046875
17.410996	3.037109375
17.411996	3.046875
17.412996	3.046875
17.413996	3.037109375
17.415004	3.0419921875
17.415996	3.037109375
17.417	3.046875
17.418	3.056640625
17.419	3.0517578125
17.42	3.046875
17.421	3.046875
17.421996	3.046875
17.422996	3.046875
17.423996	3.0419921875
17.424996	3.0517578125
17.425996	3.0517578125
17.426996	3.0517578125
17.427996	3.0517578125
17.428996	3.0517578125
17.429996	3.056640625
17.430996	3.056640625
17.431996	3.056640625
17.432996	3.0517578125
17.433996	3.0517578125
17.434996	3.0517578125
17.435996	3.056640625
17.436996	3.0517578125
17.437996	3.056640625
17.438996	3.0517578125
17.439996	3.0517578125
17.440996	3.0517578125
17.441996	3.056640625
17.442996	3.056640625
17.443996	3.046875
17.444996	3.0517578125
17.445996	3.046875
17.446996	3.0419921875
17.447996	3.0517578125
17.448996	3.046875
17.449996	3.046875
17.450996	3.046875
17.451996	3.037109375
17.452996	3.0419921875
17.453996	3.0419921875
17.454996	3.0419921875
17.455996	3.0419921875
17.456996	3.0419921875
17.458	3.0322265625
17.458996	3.046875
17.46	3.0419921875
17.461	3.0322265625
17.462	3.037109375
17.463	3.037109375
17.464	3.0322265625
17.464996	3.0322265625
17.465996	3.0322265625
17.466996	3.037109375
17.467996	3.0322265625
17.468996	3.0224609375
17.469996	3.02734375
17.470996	3.0322265625
17.471996	3.0224609375
17.472996	3.0224609375
17.473996	3.0224609375
17.474996	3.02734375
17.475996	3.02734375
17.476996	3.02734375
17.477996	3.0224609375
17.478996	3.017578125
17.479996	3.02734375
17.480996	3.0224609375
17.481996	3.0224609375
17.482996	3.017578125
17.483996	3.017578125
17.484996	3.017578125
17.485996	3.017578125
17.486996	3.0078125
17.487996	3.0126953125
17.488996	3.0126953125
17.489996	3.0078125
17.490996	3.0078125
17.491996	3.0078125
17.492996	3.0078125
17.493996	3.0126953125
17.494996	3.0029296875
17.495996	2.998046875
17.496996	3.0029296875
17.497996	3.0029296875
17.498996	3.0029296875
17.499996	3.0078125
17.501	3.0078125
17.501996	3.0078125
17.503	3.0078125
17.504	2.998046875
17.505	3.0078125
17.506	3.0029296875
17.507	2.998046875
17.507996	3.0029296875
17.508996	3.0029296875
17.509996	2.998046875
17.510996	2.998046875
17.511996	2.998046875
17.512996	2.998046875
17.513996	2.9931640625
17.514996	2.9931640625
17.515996	2.998046875
17.516996	2.998046875
17.517996	3.0029296875
17.518996	2.9931640625
17.519996	2.9931640625
17.520996	2.9931640625
17.521996	3.0029296875
17.522996	2.998046875
17.523996	2.9931640625
17.524996	2.998046875
17.525996	2.998046875
17.526996	3.0029296875
17.527996	3.0029296875
17.528996	3.0078125
17.529996	3.0029296875
17.530996	3.0029296875
17.531996	2.998046875
17.532996	3.0029296875
17.533996	3.0029296875
17.534996	3.0029296875
17.535996	3.0029296875
17.536996	2.998046875
17.537996	3.0078125
17.538996	3.0078125
17.539996	2.998046875
17.540996	3.0029296875
17.541996	3.0078125
17.543004	3.0029296875
17.543996	3.0078125
17.545	3.0029296875
17.546	3.0029296875
17.547	3.0126953125
17.548	3.0078125
17.549	3.0029296875
17.549996	3.0126953125
17.550996	3.0078125
17.551996	3.017578125
17.552996	3.017578125
17.553996	3.017578125
17.554996	3.0126953125
17.555996	3.017578125
17.556996	3.0224609375
17.557996	3.0126953125
17.558996	3.017578125
17.559996	3.02734375
17.560996	3.0224609375
17.561996	3.0224609375
17.562996	3.0224609375
17.563996	3.02734375
17.564996	3.02734375
17.565996	3.0224609375
17.566996	3.0224609375
17.567996	3.02734375
17.568996	3.0224609375
17.569996	3.0322265625
17.570996	3.0322265625
17.571996	3.037109375
17.572996	3.0322265625
17.573996	3.0419921875
17.574996	3.02734375
17.575996	3.037109375
17.576996	3.037109375
17.577996	3.037109375
17.578996	3.037109375
17.579996	3.0419921875
17.580996	3.0419921875
17.581996	3.0419921875
17.582996	3.046875
17.583996	3.0419921875
17.584996	3.046875
17.586	3.046875
17.586996	3.0517578125
17.588	3.0517578125
17.589	3.056640625
17.59	3.0419921875
17.591	3.046875
17.592	3.0419921875
17.592996	3.046875
17.593996	3.0517578125
17.594996	3.0517578125
17.595996	3.0517578125
17.596996	3.0517578125
17.597996	3.046875
17.598996	3.046875
17.599996	3.056640625
17.600996	3.0517578125
17.601996	3.0517578125
17.602996	3.056640625
17.603996	3.0517578125
17.604996	3.056640625
17.605996	3.0517578125
17.606996	3.056640625
17.607996	3.056640625
17.608996	3.0517578125
17.609996	3.0517578125
17.610996	3.0517578125
17.611996	3.056640625
17.612996	3.0517578125
17.613996	3.046875
17.614996	3.056640625
17.615996	3.0517578125
17.616996	3.0517578125
17.617996	3.0517578125
17.618996	3.046875
17.619996	3.046875
17.620996	3.0419921875
17.621996	3.0419921875
17.622996	3.046875
17.623996	3.0419921875
17.624996	3.0419921875
17.625996	3.0419921875
17.626996	3.0419921875
17.627996	3.0419921875
17.629	3.0419921875
17.629996	3.0322265625
17.631	3.037109375
17.632	3.037109375
17.633	3.037109375
17.634	3.0419921875
17.635	3.0322265625
17.635996	3.0322265625
17.636996	3.0322265625
17.637996	3.02734375
17.638996	3.0322265625
17.639996	3.02734375
17.640996	3.0224609375
17.641996	3.0224609375
17.642996	3.02734375
17.643996	3.02734375
17.644996	3.02734375
17.645996	3.02734375
17.646996	3.0224609375
17.647996	3.0224609375
17.648996	3.0126953125
17.649996	3.0126953125
17.650996	3.0224609375
17.651996	3.017578125
17.652996	3.017578125
17.653996	3.0224609375
17.654996	3.0126953125
17.655996	3.017578125
17.656996	3.0126953125
17.657996	3.0126953125
17.658996	3.0126953125
17.659996	3.0126953125
17.660996	3.0029296875
17.661996	3.0126953125
17.662996	3.0029296875
17.663996	3.0078125
17.664996	3.0078125
17.665996	2.998046875
17.666996	3.0029296875
17.667996	3.0029296875
17.668996	3.0029296875
17.669996	3.0078125
17.671004	2.998046875
17.671996	3.0029296875
17.673	3.0078125
17.674	3.0029296875
17.675	2.998046875
17.676	3.0029296875
17.677	3.0029296875
17.677996	3.0029296875
17.678996	3.0029296875
17.679996	3.0029296875
17.680996	3.0029296875
17.681996	2.998046875
17.682996	2.998046875
17.683996	2.9931640625
17.684996	2.9931640625
17.685996	2.998046875
17.686996	2.998046875
17.687996	2.9931640625
17.688996	2.998046875
17.689996	2.998046875
17.690996	2.9931640625
17.691996	2.9931640625
17.692996	2.998046875
17.693996	2.9931640625
17.694996	3.0029296875
17.695996	3.0029296875
17.696996	3.0029296875
17.697996	2.998046875
17.698996	2.998046875
17.699996	2.998046875
17.700996	2.998046875
17.701996	3.0029296875
17.702996	2.998046875
17.703996	3.0078125
17.704996	2.998046875
17.705996	3.0029296875
17.706996	3.0078125
17.707996	2.998046875
17.708996	3.0078125
17.709996	2.998046875
17.710996	3.0078125
17.711996	3.0029296875
17.712996	3.0078125
17.714	3.0078125
17.714996	3.0078125
17.716	3.0078125
17.717	3.0029296875
17.718	3.0078125
17.719	3.017578125
17.72	3.0126953125
17.720996	3.017578125
17.721996	3.0126953125
17.722996	3.017578125
17.723996	3.017578125
17.724996	3.0126953125
17.725996	3.0224609375
17.726996	3.0224609375
17.727996	3.0224609375
17.728996	3.0224609375
17.729996	3.017578125
17.730996	3.0224609375
17.731996	3.0224609375
17.732996	3.0224609375
17.733996	3.0224609375
17.734996	3.0224609375
17.735996	3.0224609375
17.736996	3.02734375
17.737996	3.02734375
17.738996	3.0322265625
17.739996	3.0322265625
17.740996	3.0224609375
17.741996	3.02734375
17.742996	3.037109375
17.743996	3.0322265625
17.744996	3.037109375
17.745996	3.0322265625
17.746996	3.037109375
17.747996	3.0322265625
17.748996	3.0322265625
17.749996	3.0419921875
17.750996	3.037109375
17.751996	3.046875
17.752996	3.046875
17.753996	3.037109375
17.754996	3.046875
17.755996	3.046875
17.757	3.0419921875
17.757996	3.0419921875
17.759	3.0517578125
17.76	3.046875
17.761	3.046875
17.762	3.0517578125
17.763	3.0517578125
17.763996	3.046875
17.764996	3.0517578125
17.765996	3.046875
17.766996	3.0517578125
17.767996	3.0517578125
17.768996	3.056640625
17.769996	3.0517578125
17.770996	3.0517578125
17.771996	3.0517578125
17.772996	3.046875
17.773996	3.0615234375
17.774996	3.056640625
17.775996	3.056640625
17.776996	3.0517578125
17.777996	3.046875
17.778996	3.0517578125
17.779996	3.046875
17.780996	3.046875
17.781996	3.046875
17.782996	3.0517578125
17.783996	3.0517578125
17.784996	3.0517578125
17.785996	3.0517578125
17.786996	3.056640625
17.787996	3.0517578125
17.788996	3.0517578125
17.789996	3.0517578125
17.790996	3.046875
17.791996	3.0419921875
17.792996	3.0419921875
17.793996	3.037109375
17.794996	3.0419921875
17.795996	3.0419921875
17.796996	3.046875
17.797996	3.0419921875
17.799004	3.037109375
17.799996	3.037109375
17.801	3.0322265625
17.802	3.02734375
17.803	3.0322265625
17.804	3.037109375
17.805	3.037109375
17.805996	3.0322265625
17.806996	3.0322265625
17.807996	3.02734375
17.808996	3.0322265625
17.809996	3.02734375
17.810996	3.02734375
17.811996	3.02734375
17.812996	3.02734375
17.813996	3.0224609375
17.814996	3.0224609375
17.815996	3.0224609375
17.816996	3.02734375
17.817996	3.0224609375
17.818996	3.017578125
17.819996	3.0224609375
17.820996	3.0224609375
17.821996	3.017578125
17.822996	3.0126953125
17.823996	3.017578125
17.824996	3.0078125
17.825996	3.017578125
17.826996	3.0126953125
17.827996	3.0126953125
17.828996	3.0029296875
17.829996	3.0126953125
17.830996	3.0029296875
17.831996	3.0078125
17.832996	3.0078125
17.833996	3.0126953125
17.834996	2.998046875
17.835996	3.0078125
17.836996	2.998046875
17.837996	2.998046875
17.838996	2.998046875
17.839996	3.0078125
17.840996	2.998046875
17.842	3.0029296875
17.842996	2.998046875
17.844	3.0029296875
17.845	3.0029296875
17.846	2.998046875
17.847	3.0078125
17.848	2.998046875
17.848996	2.998046875
17.849996	3.0029296875
17.850996	3.0078125
17.851996	2.998046875
17.852996	3.0078125
17.853996	3.0029296875
17.854996	3.0029296875
17.855996	3.0029296875
17.856996	3.0029296875
17.857996	2.9931640625
17.858996	2.998046875
17.859996	2.998046875
17.860996	2.9931640625
17.861996	2.9931640625
17.862996	2.998046875
17.863996	3.0029296875
17.864996	2.9931640625
17.865996	3.0078125
17.866996	2.998046875
17.867996	2.998046875
17.868996	3.0078125
17.869996	3.0078125
17.870996	2.998046875
17.871996	3.0029296875
17.872996	3.0029296875
17.873996	2.998046875
17.874996	2.998046875
17.875996	3.0029296875
17.876996	3.0029296875
17.877996	3.0029296875
17.878996	3.0078125
17.879996	3.0029296875
17.880996	2.998046875
17.881996	3.0029296875
17.882996	2.998046875
17.883996	3.0078125
17.885	3.0126953125
17.885996	3.0029296875
17.887	3.0078125
17.888	3.0029296875
17.889	3.0078125
17.89	3.0078125
17.891	3.017578125
17.891996	3.0126953125
17.892996	3.0224609375
17.893996	3.017578125
17.894996	3.0224609375
17.895996	3.0224609375
17.896996	3.0224609375
17.897996	3.0224609375
17.898996	3.017578125
17.899996	3.02734375
17.900996	3.0224609375
17.901996	3.02734375
17.902996	3.02734375
17.903996	3.02734375
17.904996	3.02734375
17.905996	3.02734375
17.906996	3.017578125
17.907996	3.0322265625
17.908996	3.037109375
17.909996	3.02734375
17.910996	3.0322265625
17.911996	3.037109375
17.912996	3.037109375
17.913996	3.037109375
17.914996	3.037109375
17.915996	3.037109375
17.916996	3.0322265625
17.917996	3.037109375
17.918996	3.0419921875
17.919996	3.0419921875
17.920996	3.0419921875
17.921996	3.0419921875
17.922996	3.037109375
17.923996	3.046875
17.924996	3.037109375
17.925996	3.0419921875
17.927004	3.0419921875
17.927996	3.0419921875
17.929	3.046875
17.93	3.0517578125
17.931	3.0517578125
17.932	3.046875
17.933	3.046875
17.933996	3.0517578125
17.934996	3.046875
17.935996	3.0517578125
17.936996	3.0517578125
17.937996	3.046875
17.938996	3.0517578125
17.939996	3.046875
17.940996	3.046875
17.941996	3.056640625
17.942996	3.046875
17.943996	3.056640625
17.944996	3.056640625
17.945996	3.0517578125
17.946996	3.046875
17.947996	3.0517578125
17.948996	3.0517578125
17.949996	3.046875
17.950996	3.0419921875
17.951996	3.056640625
17.952996	3.046875
17.953996	3.0517578125
17.954996	3.0419921875
17.955996	3.0517578125
17.956996	3.046875
17.957996	3.046875
17.958996	3.0517578125
17.959996	3.0419921875
17.960996	3.037109375
17.961996	3.0419921875
17.962996	3.0419921875
17.963996	3.0419921875
17.964996	3.0419921875
17.965996	3.046875
17.966996	3.0419921875
17.967996	3.046875
17.968996	3.037109375
17.97	3.0322265625
17.970996	3.037109375
17.972	3.037109375
17.973	3.0322265625
17.974	3.0419921875
17.975	3.0322265625
17.976	3.037109375
17.976996	3.0322265625
17.977996	3.02734375
17.978996	3.0322265625
17.979996	3.037109375
17.980996	3.02734375
17.981996	3.02734375
17.982996	3.02734375
17.983996	3.02734375
17.984996	3.0224609375
17.985996	3.02734375
17.986996	3.0224609375
17.987996	3.02734375
17.988996	3.0224609375
17.989996	3.0224609375
17.990996	3.017578125
17.991996	3.017578125
17.992996	3.017578125
17.993996	3.017578125
17.994996	3.017578125
17.995996	3.017578125
17.996996	3.0126953125
17.997996	3.0126953125
17.998996	3.0078125
17.999996	3.0078125
18.000996	3.0078125
18.001996	3.0078125
18.002996	3.0126953125
18.003996	3.0029296875
18.004996	3.0078125
18.005996	3.0078125
18.006996	3.0029296875
18.007996	3.0126953125
18.008996	3.0029296875
18.009996	3.0078125
18.010996	3.0029296875
18.011996	3.0029296875
18.013	3.0029296875
18.013996	3.0029296875
18.015	2.998046875
18.016	2.9931640625
18.017	3.0029296875
18.018	2.9931640625
18.019	3.0029296875
18.019996	3.0029296875
18.020996	3.0029296875
18.021996	3.0029296875
18.022996	3.0029296875
18.023996	3.0029296875
18.024996	2.998046875
18.025996	3.0029296875
18.026996	3.0029296875
18.027996	3.0029296875
18.028996	3.0078125
18.029996	3.0029296875
18.030996	2.998046875
18.031996	3.0029296875
18.032996	3.0029296875
18.033996	2.998046875
18.034996	2.9931640625
18.035996	2.998046875
18.036996	2.998046875
18.037996	3.0029296875
18.038996	2.998046875
18.039996	3.0029296875
18.040996	3.0029296875
18.041996	2.998046875
18.042996	3.0029296875
18.043996	3.0078125
18.044996	3.0029296875
18.045996	3.0029296875
18.046996	2.998046875
18.047996	3.0078125
18.048996	2.998046875
18.049996	3.0029296875
18.050996	3.0078125
18.051996	3.0126953125
18.052996	3.0126953125
18.053996	3.0078125
18.055004	3.0078125
18.055996	3.0078125
18.057	3.0078125
18.058	3.0078125
18.059	3.0126953125
18.06	3.0126953125
18.061	3.0126953125
18.061996	3.017578125
18.062996	3.0126953125
18.063996	3.017578125
18.064996	3.017578125
18.065996	3.017578125
18.066996	3.017578125
18.067996	3.017578125
18.068996	3.0224609375
18.069996	3.0224609375
18.070996	3.02734375
18.071996	3.0224609375
18.072996	3.0224609375
18.073996	3.0224609375
18.074996	3.02734375
18.075996	3.02734375
18.076996	3.02734375
18.077996	3.02734375
18.078996	3.02734375
18.079996	3.0322265625
18.080996	3.0224609375
18.081996	3.0224609375
18.082996	3.0322265625
18.083996	3.037109375
18.084996	3.0322265625
18.085996	3.037109375
18.086996	3.0419921875
18.087996	3.037109375
18.088996	3.0419921875
18.089996	3.0419921875
18.090996	3.0419921875
18.091996	3.0419921875
18.092996	3.0419921875
18.093996	3.0419921875
18.094996	3.046875
18.095996	3.0419921875
18.096996	3.046875
18.098	3.037109375
18.098996	3.0419921875
18.1	3.046875
18.101	3.046875
18.102	3.046875
18.103	3.046875
18.104	3.0419921875
18.104996	3.0517578125
18.105996	3.046875
18.106996	3.046875
18.107996	3.0419921875
18.108996	3.0517578125
18.109996	3.046875
18.110996	3.0517578125
18.111996	3.0517578125
18.112996	3.056640625
18.113996	3.046875
18.114996	3.046875
18.115996	3.056640625
18.116996	3.056640625
18.117996	3.056640625
18.118996	3.0517578125
18.119996	3.046875
18.120996	3.046875
18.121996	3.0517578125
18.122996	3.037109375
18.123996	3.0517578125
18.124996	3.0517578125
18.125996	3.0517578125
18.126996	3.0517578125
18.127996	3.0517578125
18.128996	3.0419921875
18.129996	3.0419921875
18.130996	3.037109375
18.131996	3.0419921875
18.132996	3.046875
18.133996	3.046875
18.134996	3.046875
18.135996	3.037109375
18.136996	3.0419921875
18.137996	3.046875
18.138996	3.0322265625
18.139996	3.0322265625
18.141	3.0419921875
18.141996	3.02734375
18.143	3.02734375
18.144	3.02734375
18.145	3.02734375
18.146	3.0322265625
18.147	3.0322265625
18.147996	3.02734375
18.148996	3.02734375
18.149996	3.02734375
18.150996	3.02734375
18.151996	3.0322265625
18.152996	3.0224609375
18.153996	3.0224609375
18.154996	3.0224609375
18.155996	3.0322265625
18.156996	3.02734375
18.157996	3.017578125
18.158996	3.0126953125
18.159996	3.017578125
18.160996	3.0224609375
18.161996	3.017578125
18.162996	3.017578125
18.163996	3.0224609375
18.164996	3.0126953125
18.165996	3.0126953125
18.166996	3.0126953125
18.167996	3.0126953125
18.168996	3.0078125
18.169996	3.0126953125
18.170996	3.0078125
18.171996	3.0126953125
18.172996	3.0078125
18.173996	3.0126953125
18.174996	3.0029296875
18.175996	3.0029296875
18.176996	3.0078125
18.177996	3.0029296875
18.178996	3.0029296875
18.179996	3.0029296875
18.180996	3.0029296875
18.181996	3.0029296875
18.183004	2.998046875
18.183996	3.0029296875
18.185	3.0029296875
18.186	2.998046875
18.187	3.0029296875
18.188	3.0029296875
18.189	2.9931640625
18.189996	2.998046875
18.190996	2.998046875
18.191996	2.998046875
18.192996	3.0029296875
18.193996	3.0078125
18.194996	3.0029296875
18.195996	3.0029296875
18.196996	2.998046875
18.197996	2.998046875
18.198996	3.0029296875
18.199996	3.0029296875
18.200996	3.0078125
18.201996	3.0078125
18.202996	2.998046875
18.203996	3.0029296875
18.204996	3.0029296875
18.205996	3.0078125
18.206996	3.0029296875
18.207996	3.0029296875
18.208996	3.0029296875
18.209996	3.0029296875
18.210996	2.9931640625
18.211996	3.0029296875
18.212996	2.998046875
18.213996	3.0029296875
18.214996	2.998046875
18.215996	3.0078125
18.216996	3.0078125
18.217996	2.998046875
18.218996	3.0029296875
18.219996	3.0078125
18.220996	3.0126953125
18.221996	3.0029296875
18.222996	3.0126953125
18.223996	3.0078125
18.224996	3.0029296875
18.226	3.0078125
18.226996	3.0126953125
18.228	3.0029296875
18.229	3.0078125
18.23	3.0126953125
18.231	3.0078125
18.232	3.0078125
18.232996	3.017578125
18.233996	3.0126953125
18.234996	3.017578125
18.235996	3.017578125
18.236996	3.017578125
18.237996	3.0126953125
18.238996	3.017578125
18.239996	3.0224609375
18.240996	3.017578125
18.241996	3.02734375
18.242996	3.02734375
18.243996	3.0224609375
18.244996	3.0224609375
18.245996	3.0224609375
18.246996	3.0224609375
18.247996	3.02734375
18.248996	3.02734375
18.249996	3.02734375
18.250996	3.0322265625
18.251996	3.037109375
18.252996	3.037109375
18.253996	3.037109375
18.254996	3.0322265625
18.255996	3.0322265625
18.256996	3.0419921875
18.257996	3.0322265625
18.258996	3.0419921875
18.259996	3.037109375
18.260996	3.037109375
18.261996	3.037109375
18.262996	3.046875
18.263996	3.0419921875
18.264996	3.046875
18.265996	3.0419921875
18.266996	3.046875
18.267996	3.0419921875
18.269	3.046875
18.269996	3.046875
18.271	3.0517578125
18.272	3.046875
18.273	3.046875
18.274	3.0517578125
18.275	3.046875
18.275996	3.0517578125
18.276996	3.046875
18.277996	3.0419921875
18.278996	3.0517578125
18.279996	3.0517578125
18.280996	3.0517578125
18.281996	3.046875
18.282996	3.0517578125
18.283996	3.046875
18.284996	3.0517578125
18.285996	3.0517578125
18.286996	3.046875
18.287996	3.0517578125
18.288996	3.056640625
18.289996	3.0517578125
18.290996	3.046875
18.291996	3.046875
18.292996	3.0419921875
18.293996	3.046875
18.294996	3.0517578125
18.295996	3.0517578125
18.296996	3.0517578125
18.297996	3.037109375
18.298996	3.0419921875
18.299996	3.037109375
18.300996	3.037109375
18.301996	3.0419921875
18.302996	3.0419921875
18.303996	3.0419921875
18.304996	3.037109375
18.305996	3.037109375
18.306996	3.0419921875
18.307996	3.0322265625
18.308996	3.0419921875
18.309996	3.0322265625
18.311004	3.037109375
18.311996	3.0322265625
18.313	3.037109375
18.314	3.0419921875
18.315	3.0322265625
18.316	3.02734375
18.317	3.0322265625
18.317996	3.0322265625
18.318996	3.02734375
18.319996	3.0322265625
18.320996	3.0224609375
18.321996	3.0224609375
18.322996	3.02734375
18.323996	3.02734375
18.324996	3.02734375
18.325996	3.02734375
18.326996	3.017578125
18.327996	3.02734375
18.328996	3.017578125
18.329996	3.0224609375
18.330996	3.0126953125
18.331996	3.0224609375
18.332996	3.0224609375
18.333996	3.017578125
18.334996	3.0224609375
18.335996	3.017578125
18.336996	3.0126953125
18.337996	3.017578125
18.338996	3.0126953125
18.339996	3.0078125
18.340996	3.0126953125
18.341996	3.0126953125
18.342996	2.998046875
18.343996	3.0078125
18.344996	3.0029296875
18.345996	3.0078125
18.346996	3.0078125
18.347996	3.0029296875
18.348996	3.0029296875
18.349996	3.0078125
18.350996	3.0078125
18.351996	3.0029296875
18.352996	3.0029296875
18.354	3.0078125
18.354996	3.0029296875
18.356	3.0029296875
18.357	3.0029296875
18.358	3.0029296875
18.359	3.0029296875
18.36	3.0029296875
18.360996	3.0029296875
18.361996	2.998046875
18.362996	2.998046875
18.363996	3.0029296875
18.364996	2.9931640625
18.365996	2.998046875
18.366996	3.0029296875
18.367996	2.9931640625
18.368996	3.0029296875
18.369996	3.0029296875
18.370996	3.0029296875
18.371996	2.998046875
18.372996	2.998046875
18.373996	3.0029296875
18.374996	2.998046875
18.375996	3.0078125
18.376996	3.0078125
18.377996	3.0029296875
18.378996	3.0029296875
18.379996	3.0029296875
18.380996	2.998046875
18.381996	3.0029296875
18.382996	3.0029296875
18.383996	3.0078125
18.384996	3.0029296875
18.385996	3.0078125
18.386996	3.0029296875
18.387996	3.0078125
18.388996	3.0078125
18.389996	2.998046875
18.390996	3.0029296875
18.391996	2.998046875
18.392996	3.0126953125
18.393996	3.0029296875
18.394996	3.0078125
18.395996	3.0029296875
18.397	3.0078125
18.397996	3.0126953125
18.399	3.0126953125
18.4	3.0126953125
18.401	3.017578125
18.402	3.017578125
18.403	3.0224609375
18.403996	3.0224609375
18.404996	3.0224609375
18.405996	3.017578125
18.406996	3.0224609375
18.407996	3.0224609375
18.408996	3.017578125
18.409996	3.02734375
18.410996	3.0224609375
18.411996	3.02734375
18.412996	3.02734375
18.413996	3.0224609375
18.414996	3.0224609375
18.415996	3.0224609375
18.416996	3.02734375
18.417996	3.02734375
18.418996	3.037109375
18.419996	3.02734375
18.420996	3.0322265625
18.421996	3.0322265625
18.422996	3.02734375
18.423996	3.037109375
18.424996	3.037109375
18.425996	3.02734375
18.426996	3.037109375
18.427996	3.037109375
18.428996	3.0322265625
18.429996	3.0419921875
18.430996	3.0419921875
18.431996	3.037109375
18.432996	3.0419921875
18.433996	3.0419921875
18.434996	3.0419921875
18.435996	3.0517578125
18.436996	3.0419921875
18.437996	3.0419921875
18.439004	3.0419921875
18.439996	3.0419921875
18.441	3.046875
18.442	3.0517578125
18.443	3.0517578125
18.444	3.0517578125
18.445	3.0419921875
18.445996	3.0517578125
18.446996	3.046875
18.447996	3.0517578125
18.448996	3.046875
18.449996	3.0517578125
18.450996	3.0517578125
18.451996	3.0517578125
18.452996	3.046875
18.453996	3.046875
18.454996	3.0517578125
18.455996	3.046875
18.456996	3.046875
18.457996	3.046875
18.458996	3.0517578125
18.459996	3.046875
18.460996	3.046875
18.461996	3.0419921875
18.462996	3.046875
18.463996	3.0419921875
18.464996	3.0419921875
18.465996	3.056640625
18.466996	3.046875
18.467996	3.046875
18.468996	3.046875
18.469996	3.0419921875
18.470996	3.046875
18.471996	3.0419921875
18.472996	3.0419921875
18.473996	3.0419921875
18.474996	3.037109375
18.475996	3.0419921875
18.476996	3.0419921875
18.477996	3.037109375
18.478996	3.0419921875
18.479996	3.0419921875
18.480996	3.037109375
18.482	3.037109375
18.482996	3.0322265625
18.484	3.0419921875
18.485	3.037109375
18.486	3.02734375
18.487	3.02734375
18.488	3.02734375
18.488996	3.02734375
18.489996	3.0224609375
18.490996	3.0322265625
18.491996	3.02734375
18.492996	3.0224609375
18.493996	3.02734375
18.494996	3.02734375
18.495996	3.02734375
18.496996	3.0224609375
18.497996	3.017578125
18.498996	3.017578125
18.499996	3.0224609375
18.500996	3.017578125
18.501996	3.017578125
18.502996	3.0126953125
18.503996	3.017578125
18.504996	3.017578125
18.505996	3.017578125
18.506996	3.017578125
18.507996	3.0126953125
18.508996	3.0078125
18.509996	3.0029296875
18.510996	3.0126953125
18.511996	3.0078125
18.512996	3.0078125
18.513996	3.0078125
18.514996	3.0029296875
18.515996	3.0078125
18.516996	3.0029296875
18.517996	3.0078125
18.518996	3.0029296875
18.519996	3.0029296875
18.520996	3.0078125
18.521996	2.998046875
18.522996	2.998046875
18.523996	2.9931640625
18.525	3.0029296875
18.525996	3.0029296875
18.527	2.998046875
18.528	2.998046875
18.529	3.0078125
18.53	2.998046875
18.531	3.0029296875
18.531996	3.0029296875
18.532996	3.0029296875
18.533996	3.0078125
18.534996	2.998046875
18.535996	3.0029296875
18.536996	3.0029296875
18.537996	3.0029296875
18.538996	2.998046875
18.539996	3.0029296875
18.540996	2.998046875
18.541996	2.998046875
18.542996	3.0029296875
18.543996	3.0078125
18.544996	3.0078125
18.545996	2.998046875
18.546996	3.0029296875
18.547996	2.998046875
18.548996	3.0029296875
18.549996	3.0078125
18.550996	3.0078125
18.551996	3.0029296875
18.552996	2.998046875
18.553996	3.0029296875
18.554996	2.998046875
18.555996	2.998046875
18.556996	3.0029296875
18.557996	2.998046875
18.558996	3.0029296875
18.559996	3.0029296875
18.560996	3.0029296875
18.561996	3.0078125
18.562996	3.0078125
18.563996	3.0126953125
18.564996	3.0078125
18.565996	3.0126953125
18.567004	3.0126953125
18.567996	3.0126953125
18.569	3.0126953125
18.57	3.0126953125
18.571	3.0224609375
18.572	3.017578125
18.573	3.02734375
18.573996	3.0224609375
18.574996	3.0224609375
18.575996	3.0224609375
18.576996	3.017578125
18.577996	3.017578125
18.578996	3.0224609375
18.579996	3.02734375
18.580996	3.0224609375
18.581996	3.017578125
18.582996	3.0224609375
18.583996	3.0224609375
18.584996	3.0224609375
18.585996	3.017578125
18.586996	3.0322265625
18.587996	3.02734375
18.588996	3.0322265625
18.589996	3.0322265625
18.590996	3.0322265625
18.591996	3.037109375
18.592996	3.0322265625
18.593996	3.037109375
18.594996	3.0322265625
18.595996	3.037109375
18.596996	3.037109375
18.597996	3.037109375
18.598996	3.037109375
18.599996	3.037109375
18.600996	3.037109375
18.601996	3.046875
18.602996	3.0419921875
18.603996	3.0419921875
18.604996	3.046875
18.605996	3.046875
18.606996	3.046875
18.607996	3.0419921875
18.608996	3.046875
18.61	3.0419921875
18.610996	3.046875
18.612	3.0517578125
18.613	3.056640625
18.614	3.046875
18.615	3.046875
18.616	3.056640625
18.616996	3.0517578125
18.617996	3.0419921875
18.618996	3.0517578125
18.619996	3.046875
18.620996	3.0517578125
18.621996	3.056640625
18.622996	3.046875
18.623996	3.0517578125
18.624996	3.056640625
18.625996	3.0517578125
18.626996	3.046875
18.627996	3.0517578125
18.628996	3.0419921875
18.629996	3.0517578125
18.630996	3.046875
18.631996	3.046875
18.632996	3.0419921875
18.633996	3.046875
18.634996	3.0517578125
18.635996	3.046875
18.636996	3.0419921875
18.637996	3.046875
18.638996	3.0419921875
18.639996	3.037109375
18.640996	3.046875
18.641996	3.037109375
18.642996	3.037109375
18.643996	3.046875
18.644996	3.037109375
18.645996	3.037109375
18.646996	3.0419921875
18.647996	3.0322265625
18.648996	3.0322265625
18.649996	3.037109375
18.650996	3.0322265625
18.651996	3.0322265625
18.653	3.0419921875
18.653996	3.0322265625
18.655	3.037109375
18.656	3.02734375
18.657	3.037109375
18.658	3.02734375
18.659	3.02734375
18.659996	3.0322265625
18.660996	3.0224609375
18.661996	3.02734375
18.662996	3.0322265625
18.663996	3.017578125
18.664996	3.0224609375
18.665996	3.0224609375
18.666996	3.02734375
18.667996	3.0224609375
18.668996	3.0224609375
18.669996	3.017578125
18.670996	3.0126953125
18.671996	3.02734375
18.672996	3.0126953125
18.673996	3.017578125
18.674996	3.0126953125
18.675996	3.0126953125
18.676996	3.0126953125
18.677996	3.017578125
18.678996	3.0078125
18.679996	3.0126953125
18.680996	3.0078125
18.681996	3.0029296875
18.682996	3.0078125
18.683996	3.0078125
18.684996	3.0078125
18.685996	3.0078125
18.686996	3.0078125
18.687996	3.0078125
18.688996	3.0029296875
18.689996	3.0029296875
18.690996	3.0029296875
18.691996	3.0029296875
18.692996	3.0029296875
18.693996	3.0078125
18.695004	3.0029296875
18.695996	2.9931640625
18.697	2.998046875
18.698	3.0029296875
18.699	3.0029296875
18.7	2.998046875
18.701	3.0029296875
18.701996	3.0029296875
18.702996	3.0078125
18.703996	3.0029296875
18.704996	2.998046875
18.705996	2.998046875
18.706996	2.998046875
18.707996	2.998046875
18.708996	3.0029296875
18.709996	2.998046875
18.710996	3.0029296875
18.711996	2.998046875
18.712996	3.0029296875
18.713996	2.998046875
18.714996	2.9931640625
18.715996	2.998046875
18.716996	2.998046875
18.717996	3.0029296875
18.718996	2.998046875
18.719996	3.0029296875
18.720996	3.0078125
18.721996	3.0078125
18.722996	3.0078125
18.723996	3.0078125
18.724996	3.0029296875
18.725996	2.998046875
18.726996	3.0078125
18.727996	3.0029296875
18.728996	3.0078125
18.729996	3.0078125
18.730996	3.0078125
18.731996	3.0078125
18.732996	3.0078125
18.733996	3.0029296875
18.734996	3.0078125
18.735996	3.0078125
18.736996	3.0126953125
18.738	3.0078125
18.738996	3.0126953125
18.74	3.0126953125
18.741	3.0126953125
18.742	3.0126953125
18.743	3.017578125
18.744	3.017578125
18.744996	3.017578125
18.745996	3.0224609375
18.746996	3.017578125
18.747996	3.0126953125
18.748996	3.0126953125
18.749996	3.0224609375
18.750996	3.0224609375
18.751996	3.0224609375
18.752996	3.02734375
18.753996	3.0224609375
18.754996	3.0224609375
18.755996	3.0224609375
18.756996	3.0224609375
18.757996	3.02734375
18.758996	3.0224609375
18.759996	3.0224609375
18.760996	3.02734375
18.761996	3.037109375
18.762996	3.02734375
18.763996	3.037109375
18.764996	3.0322265625
18.765996	3.0322265625
18.766996	3.0419921875
18.767996	3.037109375
18.768996	3.037109375
18.769996	3.0419921875
18.770996	3.037109375
18.771996	3.037109375
18.772996	3.037109375
18.773996	3.046875
18.774996	3.037109375
18.775996	3.046875
18.776996	3.037109375
18.777996	3.046875
18.778996	3.0419921875
18.779996	3.0419921875
18.781	3.046875
18.781996	3.0419921875
18.783	3.046875
18.784	3.0517578125
18.785	3.0517578125
18.786	3.046875
18.787	3.046875
18.787996	3.0517578125
18.788996	3.046875
18.789996	3.046875
18.790996	3.0517578125
18.791996	3.046875
18.792996	3.046875
18.793996	3.046875
18.794996	3.0419921875
18.795996	3.046875
18.796996	3.0419921875
18.797996	3.037109375
18.798996	3.046875
18.799996	3.046875
18.800996	3.0517578125
18.801996	3.0517578125
18.802996	3.046875
18.803996	3.0517578125
18.804996	3.046875
18.805996	3.046875
18.806996	3.0419921875
18.807996	3.0419921875
18.808996	3.0419921875
18.809996	3.037109375
18.810996	3.0517578125
18.811996	3.0419921875
18.812996	3.046875
18.813996	3.0419921875
18.814996	3.0419921875
18.815996	3.0419921875
18.816996	3.0419921875
18.817996	3.0419921875
18.818996	3.0419921875
18.819996	3.037109375
18.820996	3.037109375
18.821996	3.037109375
18.823004	3.0322265625
18.823996	3.037109375
18.825	3.0322265625
18.826	3.0322265625
18.827	3.02734375
18.828	3.0322265625
18.829	3.02734375
18.829996	3.02734375
18.830996	3.017578125
18.831996	3.02734375
18.832996	3.02734375
18.833996	3.0224609375
18.834996	3.0224609375
18.835996	3.02734375
18.836996	3.0224609375
18.837996	3.02734375
18.838996	3.017578125
18.839996	3.017578125
18.840996	3.0224609375
18.841996	3.0126953125
18.842996	3.0224609375
18.843996	3.017578125
18.844996	3.017578125
18.845996	3.017578125
18.846996	3.0126953125
18.847996	3.0078125
18.848996	3.0126953125
18.849996	3.0078125
18.850996	3.0029296875
18.851996	3.017578125
18.852996	3.0029296875
18.853996	3.0078125
18.854996	3.017578125
18.855996	3.0078125
18.856996	3.0078125
18.857996	3.0029296875
18.858996	3.0078125
18.859996	3.0029296875
18.860996	2.998046875
18.861996	2.998046875
18.862996	3.0029296875
18.863996	2.998046875
18.864996	3.0029296875
18.866	3.0078125
18.866996	3.0029296875
18.868	2.998046875
18.869	3.0029296875
18.87	3.0029296875
18.871	3.0029296875
18.872	2.998046875
18.872996	2.998046875
18.873996	2.9931640625
18.874996	3.0029296875
18.875996	3.0029296875
18.876996	3.0029296875
18.877996	3.0029296875
18.878996	2.998046875
18.879996	2.998046875
18.880996	3.0029296875
18.881996	3.0029296875
18.882996	3.0029296875
18.883996	3.0029296875
18.884996	3.0029296875
18.885996	3.0029296875
18.886996	2.998046875
18.887996	3.0078125
18.888996	3.0078125
18.889996	3.0029296875
18.890996	3.0078125
18.891996	3.0078125
18.892996	3.0029296875
18.893996	3.0029296875
18.894996	3.0029296875
18.895996	3.0029296875
18.896996	2.998046875
18.897996	2.998046875
18.898996	3.0029296875
18.899996	3.0029296875
18.900996	3.0126953125
18.901996	3.0029296875
18.902996	3.0078125
18.903996	3.0078125
18.904996	3.0078125
18.905996	3.0126953125
18.906996	3.0078125
18.907996	3.0126953125
18.909	3.017578125
18.909996	3.017578125
18.911	3.0126953125
18.912	3.017578125
18.913	3.017578125
18.914	3.0126953125
18.915	3.0224609375
18.915996	3.0224609375
18.916996	3.0224609375
18.917996	3.0126953125
18.918996	3.017578125
18.919996	3.0126953125
18.920996	3.02734375
18.921996	3.02734375
18.922996	3.0224609375
18.923996	3.02734375
18.924996	3.0224609375
18.925996	3.02734375
18.926996	3.02734375
18.927996	3.0224609375
18.928996	3.02734375
18.929996	3.0322265625
18.930996	3.02734375
18.931996	3.0322265625
18.932996	3.0322265625
18.933996	3.0322265625
18.934996	3.037109375
18.935996	3.037109375
18.936996	3.037109375
18.937996	3.0419921875
18.938996	3.0419921875
18.939996	3.037109375
18.940996	3.046875
18.941996	3.037109375
18.942996	3.046875
18.943996	3.0419921875
18.944996	3.0419921875
18.945996	3.0419921875
18.946996	3.0419921875
18.947996	3.046875
18.948996	3.0419921875
18.949996	3.046875
18.951004	3.046875
18.951996	3.0419921875
18.953	3.0419921875
18.954	3.0517578125
18.955	3.046875
18.956	3.0517578125
18.957	3.0419921875
18.957996	3.0517578125
18.958996	3.0517578125
18.959996	3.046875
18.960996	3.046875
18.961996	3.0517578125
18.962996	3.0419921875
18.963996	3.046875
18.964996	3.0517578125
18.965996	3.046875
18.966996	3.056640625
18.967996	3.0517578125
18.968996	3.0517578125
18.969996	3.056640625
18.970996	3.0517578125
18.971996	3.0517578125
18.972996	3.0517578125
18.973996	3.056640625
18.974996	3.046875
18.975996	3.046875
18.976996	3.0419921875
18.977996	3.0419921875
18.978996	3.037109375
18.979996	3.046875
18.980996	3.037109375
18.981996	3.0419921875
18.982996	3.046875
18.983996	3.0419921875
18.984996	3.0419921875
18.985996	3.037109375
18.986996	3.037109375
18.987996	3.0419921875
18.988996	3.037109375
18.989996	3.0322265625
18.990996	3.037109375
18.991996	3.037109375
18.992996	3.0322265625
18.994	3.0322265625
18.994996	3.0322265625
18.996	3.02734375
18.997	3.0322265625
18.998	3.02734375
18.999	3.0224609375
19.0	3.02734375
19.000996	3.02734375
19.001996	3.0224609375
19.002996	3.0322265625
19.003996	3.02734375
19.004996	3.0224609375
19.005996	3.02734375
19.006996	3.02734375
19.007996	3.02734375
19.008996	3.0224609375
19.009996	3.017578125
19.010996	3.0224609375
19.011996	3.017578125
19.012996	3.017578125
19.013996	3.0126953125
19.014996	3.0224609375
19.015996	3.017578125
19.016996	3.0126953125
19.017996	3.0126953125
19.018996	3.0126953125
19.019996	3.0126953125
19.020996	3.017578125
19.021996	3.0029296875
19.022996	3.0078125
19.023996	3.0078125
19.024996	3.0126953125
19.025996	3.0078125
19.026996	3.0029296875
19.027996	3.0078125
19.028996	3.0078125
19.029996	3.0029296875
19.030996	3.0029296875
19.031996	2.998046875
19.032996	3.0029296875
19.033996	3.0078125
19.034996	3.0029296875
19.035996	3.0078125
19.037	3.0029296875
19.037996	2.998046875
19.039	3.0029296875
19.04	2.998046875
19.041	3.0029296875
19.042	2.9931640625
19.043	2.998046875
19.043996	2.998046875
19.044996	2.998046875
19.045996	3.0029296875
19.046996	3.0029296875
19.047996	2.998046875
19.048996	3.0029296875
19.049996	3.0029296875
19.050996	2.998046875
19.051996	3.0029296875
19.052996	2.9931640625
19.053996	3.0029296875
19.054996	3.0029296875
19.055996	3.0029296875
19.056996	3.0029296875
19.057996	3.0078125
19.058996	3.0029296875
19.059996	3.0078125
19.060996	3.0029296875
19.061996	3.0029296875
19.062996	3.0078125
19.063996	3.0029296875
19.064996	3.0029296875
19.065996	2.998046875
19.066996	3.0029296875
19.067996	3.0078125
19.068996	3.0029296875
19.069996	3.0029296875
19.070996	3.0078125
19.071996	3.0078125
19.072996	3.0078125
19.073996	3.0078125
19.074996	3.0078125
19.075996	3.0078125
19.076996	3.0029296875
19.077996	3.0078125
19.079004	3.0126953125
19.079996	3.0078125
19.081	3.0078125
19.082	3.0126953125
19.083	3.0126953125
19.084	3.0126953125
19.085	3.017578125
19.085996	3.0126953125
19.086996	3.0126953125
19.087996	3.0224609375
19.088996	3.0224609375
19.089996	3.02734375
19.090996	3.0224609375
19.091996	3.0224609375
19.092996	3.02734375
19.093996	3.017578125
19.094996	3.0322265625
19.095996	3.0224609375
19.096996	3.0322265625
19.097996	3.02734375
19.098996	3.0322265625
19.099996	3.0322265625
19.100996	3.02734375
19.101996	3.037109375
19.102996	3.0322265625
19.103996	3.0322265625
19.104996	3.0322265625
19.105996	3.037109375
19.106996	3.037109375
19.107996	3.0322265625
19.108996	3.037109375
19.109996	3.0419921875
19.110996	3.0322265625
19.111996	3.037109375
19.112996	3.0419921875
19.113996	3.0322265625
19.114996	3.0419921875
19.115996	3.046875
19.116996	3.046875
19.117996	3.0419921875
19.118996	3.0419921875
19.119996	3.037109375
19.120996	3.0419921875
19.122	3.037109375
19.122996	3.046875
19.124	3.0419921875
19.125	3.0517578125
19.126	3.056640625
19.127	3.0517578125
19.128	3.0517578125
19.128996	3.0517578125
19.129996	3.046875
19.130996	3.0419921875
19.131996	3.046875
19.132996	3.0517578125
19.133996	3.0419921875
19.134996	3.037109375
19.135996	3.0419921875
19.136996	3.0419921875
19.137996	3.046875
19.138996	3.0517578125
19.139996	3.056640625
19.140996	3.0517578125
19.141996	3.046875
19.142996	3.0517578125
19.143996	3.046875
19.144996	3.046875
19.145996	3.0419921875
19.146996	3.0419921875
19.147996	3.037109375
19.148996	3.0419921875
19.149996	3.0419921875
19.150996	3.0419921875
19.151996	3.0419921875
19.152996	3.037109375
19.153996	3.0419921875
19.154996	3.0419921875
19.155996	3.037109375
19.156996	3.037109375
19.157996	3.0322265625
19.158996	3.0322265625
19.159996	3.0322265625
19.160996	3.037109375
19.161996	3.037109375
19.162996	3.0419921875
19.163996	3.0322265625
19.165	3.02734375
19.165996	3.0322265625
19.167	3.02734375
19.168	3.02734375
19.169	3.02734375
19.17	3.0224609375
19.171	3.017578125
19.171996	3.017578125
19.172996	3.0322265625
19.173996	3.0224609375
19.174996	3.0224609375
19.175996	3.0224609375
19.176996	3.017578125
19.177996	3.0224609375
19.178996	3.0126953125
19.179996	3.0224609375
19.180996	3.017578125
19.181996	3.0126953125
19.182996	3.0224609375
19.183996	3.0224609375
19.184996	3.017578125
19.185996	3.017578125
19.186996	3.0126953125
19.187996	3.017578125
19.188996	3.0078125
19.189996	3.017578125
19.190996	3.0078125
19.191996	3.017578125
19.192996	3.0078125
19.193996	3.0029296875
19.194996	3.0126953125
19.195996	3.0126953125
19.196996	3.0078125
19.197996	3.0126953125
19.198996	3.0078125
19.199996	2.998046875
19.200996	3.0029296875
19.201996	2.998046875
19.202996	3.0029296875
19.203996	3.0078125
19.204996	3.0078125
19.205996	2.998046875
19.207004	3.0029296875
19.207996	3.0078125
19.209	2.998046875
19.21	3.0078125
19.211	3.0029296875
19.212	3.0029296875
19.213	2.998046875
19.213996	3.0029296875
19.214996	3.0029296875
19.215996	3.0029296875
19.216996	3.0029296875
19.217996	2.998046875
19.218996	3.0029296875
19.219996	3.0029296875
19.220996	3.0029296875
19.221996	3.0029296875
19.222996	2.998046875
19.223996	3.0029296875
19.224996	2.998046875
19.225996	3.0078125
19.226996	3.0029296875
19.227996	3.0078125
19.228996	3.0078125
19.229996	3.0029296875
19.230996	3.0029296875
19.231996	3.0029296875
19.232996	3.0078125
19.233996	3.0029296875
19.234996	3.0029296875
19.235996	3.0029296875
19.236996	2.998046875
19.237996	2.998046875
19.238996	3.0078125
19.239996	3.0029296875
19.240996	3.0078125
19.241996	3.0078125
19.242996	3.0078125
19.243996	3.0078125
19.244996	3.017578125
19.245996	3.0078125
19.246996	3.0078125
19.247996	3.0126953125
19.248996	3.0126953125
19.25	3.0126953125
19.250996	3.017578125
19.252	3.0224609375
19.253	3.0224609375
19.254	3.017578125
19.255	3.0224609375
19.256	3.017578125
19.256996	3.0224609375
19.257996	3.017578125
19.258996	3.0224609375
19.259996	3.017578125
19.260996	3.017578125
19.261996	3.02734375
19.262996	3.02734375
19.263996	3.02734375
19.264996	3.0224609375
19.265996	3.02734375
19.266996	3.02734375
19.267996	3.0322265625
19.268996	3.0224609375
19.269996	3.037109375
19.270996	3.0322265625
19.271996	3.037109375
19.272996	3.0419921875
19.273996	3.037109375
19.274996	3.0322265625
19.275996	3.037109375
19.276996	3.0419921875
19.277996	3.037109375
19.278996	3.037109375
19.279996	3.037109375
19.280996	3.037109375
19.281996	3.0419921875
19.282996	3.037109375
19.283996	3.0419921875
19.284996	3.0419921875
19.285996	3.0419921875
19.286996	3.046875
19.287996	3.0419921875
19.288996	3.046875
19.289996	3.0419921875
19.290996	3.0419921875
19.291996	3.046875
19.293	3.0419921875
19.293996	3.0419921875
19.295	3.046875
19.296	3.046875
19.297	3.0517578125
19.298	3.0517578125
19.299	3.0517578125
19.299996	3.046875
19.300996	3.046875
19.301996	3.0517578125
19.302996	3.046875
19.303996	3.056640625
19.304996	3.046875
19.305996	3.046875
19.306996	3.046875
19.307996	3.046875
19.308996	3.0517578125
19.309996	3.046875
19.310996	3.056640625
19.311996	3.0517578125
19.312996	3.0419921875
19.313996	3.0419921875
19.314996	3.046875
19.315996	3.037109375
19.316996	3.0419921875
19.317996	3.046875
19.318996	3.046875
19.319996	3.046875
19.320996	3.0419921875
19.321996	3.0419921875
19.322996	3.0419921875
19.323996	3.0419921875
19.324996	3.037109375
19.325996	3.037109375
19.326996	3.037109375
19.327996	3.037109375
19.328996	3.0322265625
19.329996	3.0322265625
19.330996	3.037109375
19.331996	3.037109375
19.332996	3.037109375
19.333996	3.0224609375
19.335004	3.0322265625
19.335996	3.0322265625
19.337	3.02734375
19.338	3.02734375
19.339	3.02734375
19.34	3.0224609375
19.341	3.02734375
19.341996	3.02734375
19.342996	3.02734375
19.343996	3.02734375
19.344996	3.02734375
19.345996	3.017578125
19.346996	3.017578125
19.347996	3.0224609375
19.348996	3.0126953125
19.349996	3.017578125
19.350996	3.017578125
19.351996	3.0224609375
19.352996	3.0224609375
19.353996	3.017578125
19.354996	3.017578125
19.355996	3.0224609375
19.356996	3.017578125
19.357996	3.017578125
19.358996	3.0078125
19.359996	3.017578125
19.360996	3.0078125
19.361996	3.0029296875
19.362996	3.0078125
19.363996	3.0029296875
19.364996	3.0029296875
19.365996	3.0078125
19.366996	3.0078125
19.367996	3.0078125
19.368996	3.0078125
19.369996	3.0029296875
19.370996	3.0078125
19.371996	2.998046875
19.372996	2.998046875
19.373996	3.0029296875
19.374996	2.998046875
19.375996	3.0029296875
19.376996	3.0029296875
19.378	3.0029296875
19.378996	3.0078125
19.38	3.0078125
19.381	3.0029296875
19.382	3.0029296875
19.383	2.998046875
19.384	2.998046875
19.384996	3.0029296875
19.385996	3.0029296875
19.386996	3.0029296875
19.387996	3.0029296875
19.388996	2.998046875
19.389996	2.998046875
19.390996	2.998046875
19.391996	2.998046875
19.392996	2.998046875
19.393996	3.0029296875
19.394996	2.998046875
19.395996	2.9931640625
19.396996	3.0029296875
19.397996	3.0078125
19.398996	3.0029296875
19.399996	2.998046875
19.400996	3.0029296875
19.401996	3.0126953125
19.402996	3.0078125
19.403996	2.998046875
19.404996	2.998046875
19.405996	3.0029296875
19.406996	2.9931640625
19.407996	3.0126953125
19.408996	3.0029296875
19.409996	3.0029296875
19.410996	3.0126953125
19.411996	3.0029296875
19.412996	3.0078125
19.413996	3.0029296875
19.414996	3.017578125
19.415996	3.0126953125
19.416996	3.0126953125
19.417996	3.0126953125
19.418996	3.0126953125
19.419996	3.0126953125
19.421	3.0126953125
19.421996	3.017578125
19.423	3.017578125
19.424	3.017578125
19.425	3.017578125
19.426	3.0224609375
19.427	3.017578125
19.427996	3.0126953125
19.428996	3.017578125
19.429996	3.02734375
19.430996	3.0224609375
19.431996	3.0224609375
19.432996	3.02734375
19.433996	3.0224609375
19.434996	3.02734375
19.435996	3.0224609375
19.436996	3.02734375
19.437996	3.0322265625
19.438996	3.0322265625
19.439996	3.0322265625
19.440996	3.02734375
19.441996	3.0322265625
19.442996	3.037109375
19.443996	3.037109375
19.444996	3.037109375
19.445996	3.037109375
19.446996	3.037109375
19.447996	3.0322265625
19.448996	3.02734375
19.449996	3.0419921875
19.450996	3.0419921875
19.451996	3.0322265625
19.452996	3.0419921875
19.453996	3.037109375
19.454996	3.046875
19.455996	3.046875
19.456996	3.0419921875
19.457996	3.046875
19.458996	3.046875
19.459996	3.0419921875
19.460996	3.0419921875
19.461996	3.0419921875
19.463004	3.0419921875
19.463996	3.0419921875
19.465	3.037109375
19.466	3.0517578125
19.467	3.046875
19.468	3.046875
19.469	3.056640625
19.469996	3.056640625
19.470996	3.0517578125
19.471996	3.0517578125
19.472996	3.046875
19.473996	3.0517578125
19.474996	3.0517578125
19.475996	3.0517578125
19.476996	3.0517578125
19.477996	3.0517578125
19.478996	3.046875
19.479996	3.0517578125
19.480996	3.0517578125
19.481996	3.046875
19.482996	3.046875
19.483996	3.046875
19.484996	3.046875
19.485996	3.037109375
19.486996	3.037109375
19.487996	3.046875
19.488996	3.0419921875
19.489996	3.0419921875
19.490996	3.0419921875
19.491996	3.0419921875
19.492996	3.0419921875
19.493996	3.037109375
19.494996	3.046875
19.495996	3.0322265625
19.496996	3.0322265625
19.497996	3.0322265625
19.498996	3.037109375
19.499996	3.037109375
19.500996	3.0419921875
19.501996	3.037109375
19.502996	3.0322265625
19.503996	3.037109375
19.504996	3.0322265625
19.506	3.02734375
19.506996	3.0322265625
19.508	3.02734375
19.509	3.0224609375
19.51	3.02734375
19.511	3.02734375
19.512	3.0224609375
19.512996	3.0224609375
19.513996	3.0224609375
19.514996	3.02734375
19.515996	3.017578125
19.516996	3.0322265625
19.517996	3.0224609375
19.518996	3.0224609375
19.519996	3.017578125
19.520996	3.017578125
19.521996	3.0224609375
19.522996	3.0224609375
19.523996	3.017578125
19.524996	3.02734375
19.525996	3.0126953125
19.526996	3.0126953125
19.527996	3.017578125
19.528996	3.0126953125
19.529996	3.017578125
19.530996	3.0029296875
19.531996	3.0126953125
19.532996	3.0078125
19.533996	3.0126953125
19.534996	3.0078125
19.535996	3.0126953125
19.536996	3.0078125
19.537996	3.0126953125
19.538996	3.0078125
19.539996	3.0078125
19.540996	3.0029296875
19.541996	3.0078125
19.542996	3.0029296875
19.543996	3.0029296875
19.544996	2.998046875
19.545996	3.0029296875
19.546996	2.9931640625
19.547996	2.998046875
19.549	3.0029296875
19.549996	3.0029296875
19.551	3.0029296875
19.552	3.0029296875
19.553	3.0029296875
19.554	3.0029296875
19.555	3.0029296875
19.555996	3.0029296875
19.556996	3.0029296875
19.557996	2.998046875
19.558996	3.0029296875
19.559996	2.998046875
19.560996	3.0078125
19.561996	3.0029296875
19.562996	2.998046875
19.563996	3.0029296875
19.564996	2.998046875
19.565996	3.0029296875
19.566996	3.0029296875
19.567996	3.0029296875
19.568996	2.998046875
19.569996	3.0078125
19.570996	3.0029296875
19.571996	3.0078125
19.572996	3.0029296875
19.573996	2.998046875
19.574996	3.0029296875
19.575996	2.998046875
19.576996	3.0078125
19.577996	3.0029296875
19.578996	3.0078125
19.579996	3.0078125
19.580996	3.0078125
19.581996	3.0078125
19.582996	3.0029296875
19.583996	3.0126953125
19.584996	3.0126953125
19.585996	2.998046875
19.586996	3.0126953125
19.587996	3.0078125
19.588996	3.017578125
19.589996	3.0126953125
19.591004	3.0126953125
19.591996	3.017578125
19.593	3.017578125
19.594	3.0224609375
19.595	3.017578125
19.596	3.017578125
19.597	3.0126953125
19.597996	3.0224609375
19.598996	3.017578125
19.599996	3.0322265625
19.600996	3.02734375
19.601996	3.0224609375
19.602996	3.02734375
19.603996	3.0224609375
19.604996	3.0322265625
19.605996	3.02734375
19.606996	3.0224609375
19.607996	3.0224609375
19.608996	3.0322265625
19.609996	3.0322265625
19.610996	3.0322265625
19.611996	3.0322265625
19.612996	3.037109375
19.613996	3.02734375
19.614996	3.037109375
19.615996	3.02734375
19.616996	3.037109375
19.617996	3.037109375
19.618996	3.037109375
19.619996	3.037109375
19.620996	3.0419921875
19.621996	3.0322265625
19.622996	3.0419921875
19.623996	3.0419921875
19.624996	3.0419921875
19.625996	3.0419921875
19.626996	3.046875
19.627996	3.0419921875
19.628996	3.0419921875
19.629996	3.046875
19.630996	3.0419921875
19.631996	3.0419921875
19.632996	3.0419921875
19.634	3.046875
19.634996	3.037109375
19.636	3.037109375
19.637	3.0517578125
19.638	3.0419921875
19.639	3.0517578125
19.64	3.046875
19.640996	3.0517578125
19.641996	3.0517578125
19.642996	3.046875
19.643996	3.0517578125
19.644996	3.046875
19.645996	3.046875
19.646996	3.046875
19.647996	3.0419921875
19.648996	3.0517578125
19.649996	3.046875
19.650996	3.046875
19.651996	3.0419921875
19.652996	3.0419921875
19.653996	3.046875
19.654996	3.046875
19.655996	3.0419921875
19.656996	3.0419921875
19.657996	3.046875
19.658996	3.0419921875
19.659996	3.046875
19.660996	3.0419921875
19.661996	3.0419921875
19.662996	3.0419921875
19.663996	3.037109375
19.664996	3.046875
19.665996	3.037109375
19.666996	3.0419921875
19.667996	3.0419921875
19.668996	3.037109375
19.669996	3.037109375
19.670996	3.0322265625
19.671996	3.0419921875
19.672996	3.02734375
19.673996	3.037109375
19.674996	3.02734375
19.675996	3.0322265625
19.677	3.02734375
19.677996	3.0322265625
19.679	3.02734375
19.68	3.0224609375
19.681	3.02734375
19.682	3.0322265625
19.683	3.02734375
19.683996	3.02734375
19.684996	3.0224609375
19.685996	3.0224609375
19.686996	3.02734375
19.687996	3.0224609375
19.688996	3.0126953125
19.689996	3.017578125
19.690996	3.0224609375
19.691996	3.0224609375
19.692996	3.0224609375
19.693996	3.0224609375
19.694996	3.017578125
19.695996	3.0126953125
19.696996	3.017578125
19.697996	3.0126953125
19.698996	3.017578125
19.699996	3.0126953125
19.700996	3.0126953125
19.701996	3.017578125
19.702996	3.0078125
19.703996	3.0029296875
19.704996	3.0126953125
19.705996	3.0078125
19.706996	3.0029296875
19.707996	3.0029296875
19.708996	3.0029296875
19.709996	3.0078125
19.710996	3.0029296875
19.711996	2.998046875
19.712996	3.0029296875
19.713996	2.998046875
19.714996	2.998046875
19.715996	3.0029296875
19.716996	2.998046875
19.717996	3.0029296875
19.719004	3.0078125
19.719996	3.0029296875
19.721	3.0078125
19.722	3.0029296875
19.723	3.0029296875
19.724	3.0029296875
19.725	2.998046875
19.725996	3.0078125
19.726996	3.0029296875
19.727996	3.0078125
19.728996	3.0029296875
19.729996	2.998046875
19.730996	3.0029296875
19.731996	3.0029296875
19.732996	2.998046875
19.733996	2.998046875
19.734996	3.0078125
19.735996	3.0029296875
19.736996	2.998046875
19.737996	3.0029296875
19.738996	3.0029296875
19.739996	3.0029296875
19.740996	3.0078125
19.741996	3.0029296875
19.742996	2.9931640625
19.743996	3.0029296875
19.744996	3.0029296875
19.745996	2.998046875
19.746996	3.0078125
19.747996	3.0078125
19.748996	3.0126953125
19.749996	3.0078125
19.750996	3.0126953125
19.751996	3.0126953125
19.752996	3.0126953125
19.753996	3.0126953125
19.754996	3.0078125
19.755996	3.0029296875
19.756996	3.0126953125
19.757996	3.017578125
19.758996	3.0126953125
19.759996	3.017578125
19.760996	3.017578125
19.762	3.017578125
19.762996	3.0078125
19.764	3.0224609375
19.765	3.017578125
19.766	3.017578125
19.767	3.017578125
19.768	3.0224609375
19.768996	3.0224609375
19.769996	3.0224609375
19.770996	3.02734375
19.771996	3.02734375
19.772996	3.017578125
19.773996	3.02734375
19.774996	3.017578125
19.775996	3.02734375
19.776996	3.02734375
19.777996	3.0224609375
19.778996	3.0224609375
19.779996	3.02734375
19.780996	3.0322265625
19.781996	3.037109375
19.782996	3.0322265625
19.783996	3.0322265625
19.784996	3.037109375
19.785996	3.0322265625
19.786996	3.0419921875
19.787996	3.037109375
19.788996	3.037109375
19.789996	3.0419921875
19.790996	3.0322265625
19.791996	3.037109375
19.792996	3.0419921875
19.793996	3.0419921875
19.794996	3.0419921875
19.795996	3.0419921875
19.796996	3.0419921875
19.797996	3.0419921875
19.798996	3.0419921875
19.799996	3.0419921875
19.800996	3.0419921875
19.801996	3.0419921875
19.802996	3.0419921875
19.803996	3.0419921875
19.805	3.037109375
19.805996	3.0419921875
19.807	3.046875
19.808	3.0419921875
19.809	3.0419921875
19.81	3.0517578125
19.811	3.046875
19.811996	3.046875
19.812996	3.0517578125
19.813996	3.046875
19.814996	3.0419921875
19.815996	3.046875
19.816996	3.046875
19.817996	3.046875
19.818996	3.0517578125
19.819996	3.046875
19.820996	3.0419921875
19.821996	3.0517578125
19.822996	3.046875
19.823996	3.0419921875
19.824996	3.046875
19.825996	3.046875
19.826996	3.0517578125
19.827996	3.0419921875
19.828996	3.037109375
19.829996	3.0419921875
19.830996	3.046875
19.831996	3.0419921875
19.832996	3.037109375
19.833996	3.0419921875
19.834996	3.037109375
19.835996	3.0322265625
19.836996	3.037109375
19.837996	3.0322265625
19.838996	3.037109375
19.839996	3.0322265625
19.840996	3.037109375
19.841996	3.037109375
19.842996	3.0322265625
19.843996	3.037109375
19.844996	3.037109375
19.845996	3.0224609375
19.847004	3.02734375
19.847996	3.0322265625
19.849	3.02734375
19.85	3.0224609375
19.851	3.02734375
19.852	3.02734375
19.853	3.02734375
19.853996	3.02734375
19.854996	3.0224609375
19.855996	3.02734375
19.856996	3.02734375
19.857996	3.0224609375
19.858996	3.0224609375
19.859996	3.0126953125
19.860996	3.017578125
19.861996	3.017578125
19.862996	3.017578125
19.863996	3.0126953125
19.864996	3.017578125
19.865996	3.0126953125
19.866996	3.017578125
19.867996	3.017578125
19.868996	3.0126953125
19.869996	3.0078125
19.870996	3.0126953125
19.871996	3.0078125
19.872996	3.0078125
19.873996	3.0078125
19.874996	3.0078125
19.875996	3.0078125
19.876996	3.0078125
19.877996	3.0078125
19.878996	3.0078125
19.879996	3.0078125
19.880996	3.0029296875
19.881996	3.0078125
19.882996	3.0078125
19.883996	3.0029296875
19.884996	3.0029296875
19.885996	3.0029296875
19.886996	3.0078125
19.887996	3.0078125
19.888996	2.998046875
19.89	3.0029296875
19.890996	3.0078125
19.892	3.0029296875
19.893	3.0078125
19.894	3.0029296875
19.895	3.0029296875
19.896	3.0078125
19.896996	2.998046875
19.897996	3.0078125
19.898996	3.0029296875
19.899996	2.998046875
19.900996	2.998046875
19.901996	2.998046875
19.902996	2.998046875
19.903996	3.0078125
19.904996	3.0029296875
19.905996	3.0029296875
19.906996	2.998046875
19.907996	2.998046875
19.908996	3.0029296875
19.909996	2.998046875
19.910996	3.0029296875
19.911996	3.0078125
19.912996	2.998046875
19.913996	3.0029296875
19.914996	2.998046875
19.915996	3.0029296875
19.916996	3.0078125
19.917996	3.0126953125
19.918996	3.0078125
19.919996	3.0078125
19.920996	3.0078125
19.921996	2.998046875
19.922996	3.0078125
19.923996	3.0126953125
19.924996	3.0029296875
19.925996	3.0078125
19.926996	3.017578125
19.927996	3.0126953125
19.928996	3.0126953125
19.929996	3.0126953125
19.930996	3.0126953125
19.931996	3.0224609375
19.933	3.0224609375
19.933996	3.0126953125
19.935	3.017578125
19.936	3.017578125
19.937	3.017578125
19.938	3.017578125
19.939	3.017578125
19.939996	3.0224609375
19.940996	3.02734375
19.941996	3.02734375
19.942996	3.0224609375
19.943996	3.0224609375
19.944996	3.02734375
19.945996	3.02734375
19.946996	3.02734375
19.947996	3.02734375
19.948996	3.0322265625
19.949996	3.0322265625
19.950996	3.037109375
19.951996	3.02734375
19.952996	3.0322265625
19.953996	3.02734375
19.954996	3.02734375
19.955996	3.0419921875
19.956996	3.037109375
19.957996	3.037109375
19.958996	3.0419921875
19.959996	3.0419921875
19.960996	3.037109375
19.961996	3.0419921875
19.962996	3.037109375
19.963996	3.0419921875
19.964996	3.0419921875
19.965996	3.037109375
19.966996	3.046875
19.967996	3.046875
19.968996	3.0419921875
19.969996	3.046875
19.970996	3.0419921875
19.971996	3.0419921875
19.972996	3.0419921875
19.973996	3.0322265625
19.975004	3.046875
19.975996	3.046875
19.977	3.046875
19.978	3.0419921875
19.979	3.037109375
19.98	3.037109375
19.981	3.0419921875
19.981996	3.046875
19.982996	3.0517578125
19.983996	3.0517578125
19.984996	3.0419921875
19.985996	3.046875
19.986996	3.046875
19.987996	3.0419921875
19.988996	3.046875
19.989996	3.046875
19.990996	3.046875
19.991996	3.0419921875
19.992996	3.0419921875
19.993996	3.037109375
19.994996	3.0419921875
19.995996	3.046875
19.996996	3.037109375
19.997996	3.0419921875
19.998996	3.046875
19.999996	3.0419921875
20.000996	3.0419921875
20.001996	3.0419921875
20.002996	3.0419921875
20.003996	3.0419921875
20.004996	3.0419921875
20.005996	3.0419921875
20.006996	3.0419921875
20.007996	3.037109375
20.008996	3.037109375
20.009996	3.0322265625
20.010996	3.0322265625
20.011996	3.037109375
20.012996	3.0322265625
20.013996	3.037109375
20.014996	3.037109375
20.015996	3.0322265625
20.016996	3.0322265625
20.018	3.0322265625
20.018996	3.02734375
20.02	3.02734375
20.021	3.0322265625
20.022	3.02734375
20.023	3.02734375
20.024	3.02734375
20.024996	3.017578125
20.025996	3.02734375
20.026996	3.0322265625
20.027996	3.02734375
20.028996	3.017578125
20.029996	3.0224609375
20.030996	3.017578125
20.031996	3.0224609375
20.032996	3.02734375
20.033996	3.017578125
20.034996	3.0126953125
20.035996	3.017578125
20.036996	3.0224609375
20.037996	3.017578125
20.038996	3.0078125
20.039996	3.0078125
20.040996	3.0078125
20.041996	3.0029296875
20.042996	3.0126953125
20.043996	3.0078125
20.044996	3.0078125
20.045996	3.0078125
20.046996	3.0126953125
20.047996	3.017578125
20.048996	3.0078125
20.049996	3.0078125
20.050996	3.0078125
20.051996	3.0029296875
20.052996	3.0029296875
20.053996	3.0078125
20.054996	2.9931640625
20.055996	3.0078125
20.056996	3.0078125
20.057996	3.0029296875
20.058996	3.0078125
20.059996	3.0029296875
20.061	3.0078125
20.061996	3.0078125
20.063	3.0029296875
20.064	3.0029296875
20.065	3.0029296875
20.066	3.0029296875
20.067	3.0126953125
20.067996	3.0078125
20.068996	3.0029296875
20.069996	3.0078125
20.070996	3.0029296875
20.071996	3.0029296875
20.072996	3.0078125
20.073996	3.0029296875
20.074996	3.0029296875
20.075996	2.998046875
20.076996	3.0029296875
20.077996	3.0029296875
20.078996	2.998046875
20.079996	3.0078125
20.080996	3.0029296875
20.081996	3.0078125
20.082996	3.0029296875
20.083996	3.0078125
20.084996	2.998046875
20.085996	3.0078125
20.086996	3.0126953125
20.087996	3.0126953125
20.088996	3.0126953125
20.089996	3.0126953125
20.090996	3.0126953125
20.091996	3.0029296875
20.092996	3.0078125
20.093996	3.0126953125
20.094996	3.0126953125
20.095996	3.017578125
20.096996	3.0126953125
20.097996	3.017578125
20.098996	3.017578125
20.099996	3.0224609375
20.100996	3.0224609375
20.101996	3.017578125
20.103004	3.017578125
20.103996	3.0224609375
20.105	3.017578125
20.106	3.02734375
20.107	3.0224609375
20.108	3.0224609375
20.109	3.017578125
20.109996	3.0224609375
20.110996	3.02734375
20.111996	3.02734375
20.112996	3.0322265625
20.113996	3.02734375
20.114996	3.02734375
20.115996	3.02734375
20.116996	3.02734375
20.117996	3.02734375
20.118996	3.02734375
20.119996	3.0322265625
20.120996	3.0322265625
20.121996	3.0224609375
20.122996	3.0322265625
20.123996	3.0322265625
20.124996	3.037109375
20.125996	3.037109375
20.126996	3.0419921875
20.127996	3.037109375
20.128996	3.02734375
20.129996	3.037109375
20.130996	3.0419921875
20.131996	3.037109375
20.132996	3.0322265625
20.133996	3.037109375
20.134996	3.0419921875
20.135996	3.037109375
20.136996	3.0419921875
20.137996	3.0419921875
20.138996	3.046875
20.139996	3.037109375
20.140996	3.037109375
20.141996	3.0419921875
20.142996	3.046875
20.143996	3.0419921875
20.144996	3.046875
20.146	3.0419921875
20.146996	3.046875
20.148	3.0419921875
20.149	3.046875
20.15	3.0419921875
20.151	3.0419921875
20.152	3.046875
20.152996	3.037109375
20.153996	3.0419921875
20.154996	3.0322265625
20.155996	3.046875
20.156996	3.046875
20.157996	3.037109375
20.158996	3.0419921875
20.159996	3.0419921875
20.160996	3.0419921875
20.161996	3.037109375
20.162996	3.046875
20.163996	3.046875
20.164996	3.0419921875
20.165996	3.0517578125
20.166996	3.0419921875
20.167996	3.046875
20.168996	3.0419921875
20.169996	3.046875
20.170996	3.0419921875
20.171996	3.0419921875
20.172996	3.0419921875
20.173996	3.0419921875
20.174996	3.0322265625
20.175996	3.0322265625
20.176996	3.037109375
20.177996	3.037109375
20.178996	3.02734375
20.179996	3.0322265625
20.180996	3.02734375
20.181996	3.037109375
20.182996	3.037109375
20.183996	3.037109375
20.184996	3.02734375
20.185996	3.0322265625
20.186996	3.02734375
20.187996	3.0322265625
20.189	3.02734375
20.189996	3.0224609375
20.191	3.02734375
20.192	3.02734375
20.193	3.0224609375
20.194	3.02734375
20.195	3.0224609375
20.195996	3.02734375
20.196996	3.02734375
20.197996	3.0224609375
20.198996	3.017578125
20.199996	3.0126953125
20.200996	3.0224609375
20.201996	3.0224609375
20.202996	3.017578125
20.203996	3.0126953125
20.204996	3.017578125
20.205996	3.017578125
20.206996	3.017578125
20.207996	3.0126953125
20.208996	3.017578125
20.209996	3.0126953125
20.210996	3.017578125
20.211996	3.0078125
20.212996	3.0029296875
20.213996	3.0078125
20.214996	3.0078125
20.215996	3.0078125
20.216996	3.0078125
20.217996	3.0126953125
20.218996	3.0078125
20.219996	3.0078125
20.220996	3.0078125
20.221996	3.0029296875
20.222996	3.0029296875
20.223996	2.998046875
20.224996	3.0078125
20.225996	3.0029296875
20.226996	2.998046875
20.227996	3.0078125
20.228996	2.998046875
20.229996	2.998046875
20.231004	3.0078125
20.231996	3.0029296875
20.233	3.0029296875
20.234	3.0029296875
20.235	3.0029296875
20.236	2.998046875
20.237	3.0029296875
20.237996	3.0078125
20.238996	2.998046875
20.239996	3.0078125
20.240996	3.0078125
20.241996	2.998046875
20.242996	3.0029296875
20.243996	3.0029296875
20.244996	3.0078125
20.245996	3.0078125
20.246996	3.0078125
20.247996	3.0029296875
20.248996	3.0029296875
20.249996	2.998046875
20.250996	3.0029296875
20.251996	3.0029296875
20.252996	3.0078125
20.253996	3.0078125
20.254996	3.0078125
20.255996	3.0078125
20.256996	2.998046875
20.257996	3.0126953125
20.258996	3.0078125
20.259996	3.0126953125
20.260996	3.0078125
20.261996	3.0126953125
20.262996	3.0126953125
20.263996	3.0126953125
20.264996	3.0126953125
20.265996	3.0126953125
20.266996	3.0126953125
20.267996	3.017578125
20.268996	3.017578125
20.269996	3.0126953125
20.270996	3.0224609375
20.271996	3.0224609375
20.272996	3.0224609375
20.274	3.0224609375
20.274996	3.017578125
20.276	3.0224609375
20.277	3.0224609375
20.278	3.0224609375
20.279	3.02734375
20.28	3.02734375
20.280996	3.02734375
20.281996	3.0224609375
20.282996	3.02734375
20.283996	3.0224609375
20.284996	3.0322265625
20.285996	3.0224609375
20.286996	3.02734375
20.287996	3.02734375
20.288996	3.02734375
20.289996	3.02734375
20.290996	3.0224609375
20.291996	3.02734375
20.292996	3.02734375
20.293996	3.0322265625
20.294996	3.0322265625
20.295996	3.037109375
20.296996	3.0322265625
20.297996	3.0322265625
20.298996	3.037109375
20.299996	3.037109375
20.300996	3.037109375
20.301996	3.0322265625
20.302996	3.0322265625
20.303996	3.037109375
20.304996	3.0419921875
20.305996	3.0419921875
20.306996	3.037109375
20.307996	3.037109375
20.308996	3.046875
20.309996	3.046875
20.310996	3.0419921875
20.311996	3.0419921875
20.312996	3.046875
20.313996	3.046875
20.314996	3.0322265625
20.315996	3.037109375
20.317	3.0419921875
20.317996	3.046875
20.319	3.0419921875
20.32	3.0419921875
20.321	3.046875
20.322	3.046875
20.323	3.0419921875
20.323996	3.0419921875
20.324996	3.046875
20.325996	3.046875
20.326996	3.0419921875
20.327996	3.0419921875
20.328996	3.0419921875
20.329996	3.037109375
20.330996	3.0419921875
20.331996	3.0419921875
20.332996	3.0419921875
20.333996	3.046875
20.334996	3.046875
20.335996	3.0419921875
20.336996	3.0419921875
20.337996	3.0419921875
20.338996	3.037109375
20.339996	3.0419921875
20.340996	3.0419921875
20.341996	3.0419921875
20.342996	3.0322265625
20.343996	3.0322265625
20.344996	3.037109375
20.345996	3.0419921875
20.346996	3.0322265625
20.347996	3.0322265625
20.348996	3.037109375
20.349996	3.037109375
20.350996	3.0322265625
20.351996	3.037109375
20.352996	3.0322265625
20.353996	3.0322265625
20.354996	3.02734375
20.355996	3.02734375
20.356996	3.02734375
20.357996	3.02734375
20.359004	3.0224609375
20.359996	3.0224609375
20.361	3.0224609375
20.362	3.02734375
20.363	3.0224609375
20.364	3.02734375
20.365	3.0224609375
20.365996	3.0224609375
20.366996	3.0224609375
20.367996	3.02734375
20.368996	3.0224609375
20.369996	3.0126953125
20.370996	3.0224609375
20.371996	3.017578125
20.372996	3.017578125
20.373996	3.017578125
20.374996	3.017578125
20.375996	3.0126953125
20.376996	3.0126953125
20.377996	3.0126953125
20.378996	3.017578125
20.379996	3.0126953125
20.380996	3.0078125
20.381996	3.0078125
20.382996	3.0126953125
20.383996	3.0126953125
20.384996	3.0126953125
20.385996	3.0078125
20.386996	3.0078125
20.387996	3.0126953125
20.388996	3.0126953125
20.389996	3.0078125
20.390996	3.0078125
20.391996	3.0078125
20.392996	3.0078125
20.393996	2.998046875
20.394996	3.0029296875
20.395996	3.0029296875
20.396996	3.0029296875
20.397996	3.0029296875
20.398996	3.0078125
20.399996	3.0078125
20.400996	3.0078125
20.402	3.0029296875
20.402996	3.0029296875
20.404	3.0078125
20.405	3.0078125
20.406	3.0029296875
20.407	3.0029296875
20.408	3.0029296875
20.408996	3.0078125
20.409996	3.0029296875
20.410996	3.0029296875
20.411996	3.0029296875
20.412996	3.0029296875
20.413996	3.0029296875
20.414996	3.0078125
20.415996	3.0078125
20.416996	3.0029296875
20.417996	2.998046875
20.418996	2.998046875
20.419996	3.0029296875
20.420996	3.0078125
20.421996	3.0029296875
20.422996	3.0029296875
20.423996	3.0078125
20.424996	3.0029296875
20.425996	3.0078125
20.426996	3.0126953125
20.427996	3.0078125
20.428996	3.0078125
20.429996	3.0126953125
20.430996	3.0078125
20.431996	3.0078125
20.432996	3.0078125
20.433996	3.0078125
20.434996	3.0126953125
20.435996	3.0078125
20.436996	3.0126953125
20.437996	3.017578125
20.438996	3.0126953125
20.439996	3.017578125
20.440996	3.017578125
20.441996	3.0224609375
20.442996	3.0224609375
20.443996	3.0224609375
20.445	3.0224609375
20.445996	3.0224609375
20.447	3.0126953125
20.448	3.0224609375
20.449	3.02734375
20.45	3.02734375
20.451	3.02734375
20.451996	3.017578125
20.452996	3.02734375
20.453996	3.0224609375
20.454996	3.0224609375
20.455996	3.02734375
20.456996	3.0322265625
20.457996	3.02734375
20.458996	3.0224609375
20.459996	3.0224609375
20.460996	3.0224609375
20.461996	3.02734375
20.462996	3.02734375
20.463996	3.037109375
20.464996	3.037109375
20.465996	3.037109375
20.466996	3.0322265625
20.467996	3.0419921875
20.468996	3.037109375
20.469996	3.0322265625
20.470996	3.0419921875
20.471996	3.037109375
20.472996	3.0419921875
20.473996	3.0419921875
20.474996	3.046875
20.475996	3.0419921875
20.476996	3.0419921875
20.477996	3.0419921875
20.478996	3.0419921875
20.479996	3.0419921875
20.480996	3.046875
20.481996	3.037109375
20.482996	3.0517578125
20.483996	3.037109375
20.484996	3.0517578125
20.485996	3.0419921875
20.487004	3.046875
20.487996	3.0419921875
20.489	3.037109375
20.49	3.0419921875
20.491	3.0419921875
20.492	3.046875
20.493	3.0419921875
20.493996	3.0419921875
20.494996	3.046875
20.495996	3.0419921875
20.496996	3.0419921875
20.497996	3.0419921875
20.498996	3.046875
20.499996	3.0419921875
20.500996	3.046875
20.501996	3.046875
20.502996	3.046875
20.503996	3.0419921875
20.504996	3.046875
20.505996	3.0419921875
20.506996	3.037109375
20.507996	3.037109375
20.508996	3.037109375
20.509996	3.0419921875
20.510996	3.037109375
20.511996	3.0322265625
20.512996	3.037109375
20.513996	3.037109375
20.514996	3.0322265625
20.515996	3.0322265625
20.516996	3.0322265625
20.517996	3.037109375
20.518996	3.037109375
20.519996	3.037109375
20.520996	3.02734375
20.521996	3.037109375
20.522996	3.037109375
20.523996	3.0322265625
20.524996	3.0322265625
20.525996	3.02734375
20.526996	3.0322265625
20.527996	3.0322265625
20.528996	3.0224609375
20.53	3.0322265625
20.530996	3.02734375
20.532	3.02734375
20.533	3.02734375
20.534	3.0224609375
20.535	3.0224609375
20.536	3.0224609375
20.536996	3.017578125
20.537996	3.02734375
20.538996	3.017578125
20.539996	3.0224609375
20.540996	3.02734375
20.541996	3.017578125
20.542996	3.0224609375
20.543996	3.017578125
20.544996	3.0224609375
20.545996	3.0224609375
20.546996	3.017578125
20.547996	3.0126953125
20.548996	3.0126953125
20.549996	3.017578125
20.550996	3.0126953125
20.551996	3.017578125
20.552996	3.0029296875
20.553996	3.0126953125
20.554996	3.0029296875
20.555996	3.0029296875
20.556996	3.0029296875
20.557996	3.0078125
20.558996	3.0078125
20.559996	3.0126953125
20.560996	3.0126953125
20.561996	3.0029296875
20.562996	3.0029296875
20.563996	3.0029296875
20.564996	3.0029296875
20.565996	3.0029296875
20.566996	2.998046875
20.567996	3.0029296875
20.568996	2.998046875
20.569996	3.0029296875
20.570996	2.998046875
20.571996	3.0029296875
20.573	3.0078125
20.573996	3.0029296875
20.575	2.998046875
20.576	2.998046875
20.577	3.0029296875
20.578	3.0029296875
20.579	3.0029296875
20.579996	2.998046875
20.580996	3.0078125
20.581996	3.0029296875
20.582996	3.0078125
20.583996	3.0029296875
20.584996	3.0029296875
20.585996	3.0029296875
20.586996	3.0029296875
20.587996	3.0078125
20.588996	3.0029296875
20.589996	3.0029296875
20.590996	2.998046875
20.591996	3.0029296875
20.592996	3.0078125
20.593996	3.0029296875
20.594996	3.0078125
20.595996	3.0126953125
20.596996	3.0126953125
20.597996	3.0126953125
20.598996	3.0126953125
20.599996	3.0126953125
20.600996	3.0029296875
20.601996	3.0078125
20.602996	3.017578125
20.603996	3.0078125
20.604996	3.0126953125
20.605996	3.0126953125
20.606996	3.0078125
20.607996	3.0078125
20.608996	3.0126953125
20.609996	3.017578125
20.610996	3.017578125
20.611996	3.0224609375
20.612996	3.0224609375
20.613996	3.0224609375
20.615004	3.017578125
20.615996	3.017578125
20.617	3.0224609375
20.618	3.017578125
20.619	3.017578125
20.62	3.02734375
20.621	3.0224609375
20.621996	3.0224609375
20.622996	3.02734375
20.623996	3.017578125
20.624996	3.0322265625
20.625996	3.017578125
20.626996	3.02734375
20.627996	3.0224609375
20.628996	3.0322265625
20.629996	3.0322265625
20.630996	3.02734375
20.631996	3.0224609375
20.632996	3.0322265625
20.633996	3.0322265625
20.634996	3.037109375
20.635996	3.037109375
20.636996	3.037109375
20.637996	3.0322265625
20.638996	3.037109375
20.639996	3.0419921875
20.640996	3.0419921875
20.641996	3.0322265625
20.642996	3.037109375
20.643996	3.037109375
20.644996	3.0322265625
20.645996	3.0419921875
20.646996	3.046875
20.647996	3.0419921875
20.648996	3.0419921875
20.649996	3.0419921875
20.650996	3.0419921875
20.651996	3.037109375
20.652996	3.0419921875
20.653996	3.046875
20.654996	3.046875
20.655996	3.0517578125
20.656996	3.046875
20.658	3.0419921875
20.658996	3.0419921875
20.66	3.046875
20.661	3.0419921875
20.662	3.046875
20.663	3.0419921875
20.664	3.037109375
20.664996	3.0419921875
20.665996	3.037109375
20.666996	3.0419921875
20.667996	3.046875
20.668996	3.0419921875
20.669996	3.046875
20.670996	3.046875
20.671996	3.0517578125
20.672996	3.0517578125
20.673996	3.037109375
20.674996	3.0419921875
20.675996	3.0419921875
20.676996	3.046875
20.677996	3.046875
20.678996	3.037109375
20.679996	3.0419921875
20.680996	3.046875
20.681996	3.0419921875
20.682996	3.037109375
20.683996	3.037109375
20.684996	3.0419921875
20.685996	3.0419921875
20.686996	3.0322265625
20.687996	3.037109375
20.688996	3.02734375
20.689996	3.037109375
20.690996	3.037109375
20.691996	3.0322265625
20.692996	3.037109375
20.693996	3.037109375
20.694996	3.0224609375
20.695996	3.02734375
20.696996	3.02734375
20.697996	3.02734375
20.698996	3.0224609375
20.699996	3.02734375
20.701	3.0224609375
20.701996	3.0322265625
20.703	3.02734375
20.704	3.0224609375
20.705	3.0224609375
20.706	3.02734375
20.707	3.02734375
20.707996	3.0224609375
20.708996	3.0224609375
20.709996	3.0126953125
20.710996	3.017578125
20.711996	3.0126953125
20.712996	3.02734375
20.713996	3.017578125
20.714996	3.0126953125
20.715996	3.0126953125
20.716996	3.017578125
20.717996	3.017578125
20.718996	3.017578125
20.719996	3.0126953125
20.720996	3.0126953125
20.721996	3.0126953125
20.722996	3.0078125
20.723996	3.0078125
20.724996	3.0078125
20.725996	3.0078125
20.726996	3.0078125
20.727996	3.0078125
20.728996	3.0078125
20.729996	3.0078125
20.730996	3.0126953125
20.731996	3.0078125
20.732996	3.0078125
20.733996	3.0078125
20.734996	3.0126953125
20.735996	3.0029296875
20.736996	3.0078125
20.737996	2.998046875
20.738996	3.0029296875
20.739996	3.0078125
20.740996	2.998046875
20.741996	2.998046875
20.743004	3.0078125
20.743996	3.0029296875
20.745	3.0029296875
20.746	3.0029296875
20.747	2.998046875
20.748	3.0078125
20.749	2.998046875
20.749996	3.0078125
20.750996	3.0029296875
20.751996	3.0029296875
20.752996	3.0029296875
20.753996	3.0078125
20.754996	3.0029296875
20.755996	3.0078125
20.756996	3.0029296875
20.757996	3.0029296875
20.758996	3.0029296875
20.759996	3.0029296875
20.760996	3.0029296875
20.761996	3.0029296875
20.762996	2.998046875
20.763996	3.0078125
20.764996	3.0078125
20.765996	3.0078125
20.766996	3.0078125
20.767996	3.0029296875
20.768996	3.0126953125
20.769996	2.998046875
20.770996	3.0078125
20.771996	3.0029296875
20.772996	3.0126953125
20.773996	3.0078125
20.774996	3.0078125
20.775996	3.0126953125
20.776996	3.017578125
20.777996	3.0126953125
20.778996	3.017578125
20.779996	3.0224609375
20.780996	3.0224609375
20.781996	3.0126953125
20.782996	3.0224609375
20.783996	3.017578125
20.784996	3.0224609375
20.786	3.0224609375
20.786996	3.0224609375
20.788	3.017578125
20.789	3.02734375
20.79	3.0126953125
20.791	3.0224609375
20.792	3.0224609375
20.792996	3.0224609375
20.793996	3.017578125
20.794996	3.02734375
20.795996	3.0224609375
20.796996	3.0224609375
20.797996	3.0322265625
20.798996	3.0224609375
20.799996	3.02734375
20.800996	3.02734375
20.801996	3.0322265625
20.802996	3.02734375
20.803996	3.037109375
20.804996	3.0322265625
20.805996	3.0322265625
20.806996	3.037109375
20.807996	3.037109375
20.808996	3.037109375
20.809996	3.037109375
20.810996	3.02734375
20.811996	3.037109375
20.812996	3.0322265625
20.813996	3.0322265625
20.814996	3.037109375
20.815996	3.0419921875
20.816996	3.0419921875
20.817996	3.037109375
20.818996	3.0419921875
20.819996	3.0322265625
20.820996	3.0419921875
20.821996	3.037109375
20.822996	3.0419921875
20.823996	3.0419921875
20.824996	3.046875
20.825996	3.0419921875
20.826996	3.037109375
20.827996	3.0419921875
20.829	3.046875
20.829996	3.0419921875
20.831	3.0419921875
20.832	3.046875
20.833	3.046875
20.834	3.037109375
20.835	3.0419921875
20.835996	3.0419921875
20.836996	3.0419921875
20.837996	3.0419921875
20.838996	3.0419921875
20.839996	3.0419921875
20.840996	3.046875
20.841996	3.0419921875
20.842996	3.037109375
20.843996	3.037109375
20.844996	3.0419921875
20.845996	3.046875
20.846996	3.0322265625
20.847996	3.0419921875
20.848996	3.0419921875
20.849996	3.037109375
20.850996	3.0419921875
20.851996	3.0419921875
20.852996	3.0322265625
20.853996	3.0419921875
20.854996	3.0419921875
20.855996	3.0419921875
20.856996	3.0322265625
20.857996	3.0419921875
20.858996	3.0322265625
20.859996	3.037109375
20.860996	3.0322265625
20.861996	3.037109375
20.862996	3.037109375
20.863996	3.02734375
20.864996	3.0322265625
20.865996	3.02734375
20.866996	3.02734375
20.867996	3.02734375
20.868996	3.0224609375
20.869996	3.02734375
20.871004	3.02734375
20.871996	3.0322265625
20.873	3.02734375
20.874	3.02734375
20.875	3.0224609375
20.876	3.017578125
20.877	3.017578125
20.877996	3.017578125
20.878996	3.0126953125
20.879996	3.0224609375
20.880996	3.0224609375
20.881996	3.0224609375
20.882996	3.017578125
20.883996	3.017578125
20.884996	3.0126953125
20.885996	3.017578125
20.886996	3.0224609375
20.887996	3.017578125
20.888996	3.0224609375
20.889996	3.0126953125
20.890996	3.017578125
20.891996	3.0126953125
20.892996	3.0126953125
20.893996	3.0029296875
20.894996	3.017578125
20.895996	3.0029296875
20.896996	3.0029296875
20.897996	3.0078125
20.898996	3.0078125
20.899996	3.0078125
20.900996	3.0078125
20.901996	3.0029296875
20.902996	3.0078125
20.903996	3.0029296875
20.904996	3.0078125
20.905996	3.0029296875
20.906996	3.0029296875
20.907996	3.0078125
20.908996	3.0078125
20.909996	2.998046875
20.910996	3.0029296875
20.911996	3.0029296875
20.912996	3.0078125
20.914	3.0078125
20.914996	3.0078125
20.916	3.0029296875
20.917	3.0078125
20.918	3.0078125
20.919	3.0029296875
20.92	3.0029296875
20.920996	3.0029296875
20.921996	3.0029296875
20.922996	3.0078125
20.923996	2.998046875
20.924996	3.0029296875
20.925996	2.998046875
20.926996	3.0029296875
20.927996	2.998046875
20.928996	3.0029296875
20.929996	3.0078125
20.930996	3.0078125
20.931996	2.998046875
20.932996	3.0078125
20.933996	3.0029296875
20.934996	3.0078125
20.935996	3.0126953125
20.936996	3.0078125
20.937996	3.0078125
20.938996	3.0078125
20.939996	3.0029296875
20.940996	3.0078125
20.941996	3.0126953125
20.942996	3.0126953125
20.943996	3.0029296875
20.944996	3.0078125
20.945996	3.0126953125
20.946996	3.0126953125
20.947996	3.017578125
20.948996	3.017578125
20.949996	3.017578125
20.950996	3.017578125
20.951996	3.017578125
20.952996	3.017578125
20.953996	3.0126953125
20.954996	3.017578125
20.955996	3.0224609375
20.957	3.017578125
20.957996	3.017578125
20.959	3.0224609375
20.96	3.02734375
20.961	3.0322265625
20.962	3.02734375
20.963	3.02734375
20.963996	3.017578125
20.964996	3.02734375
20.965996	3.0224609375
20.966996	3.0224609375
20.967996	3.02734375
20.968996	3.02734375
20.969996	3.0224609375
20.970996	3.0322265625
20.971996	3.0322265625
20.972996	3.02734375
20.973996	3.037109375
20.974996	3.037109375
20.975996	3.0322265625
20.976996	3.037109375
20.977996	3.037109375
20.978996	3.0419921875
20.979996	3.0322265625
20.980996	3.0322265625
20.981996	3.0419921875
20.982996	3.037109375
20.983996	3.037109375
20.984996	3.0419921875
20.985996	3.037109375
20.986996	3.0419921875
20.987996	3.037109375
20.988996	3.037109375
20.989996	3.0322265625
20.990996	3.037109375
20.991996	3.0419921875
20.992996	3.0419921875
20.993996	3.037109375
20.994996	3.037109375
20.995996	3.046875
20.996996	3.037109375
20.997996	3.0419921875
20.999004	3.046875
20.999996	3.0419921875
21.001	3.0419921875
21.002	3.046875
21.003	3.046875
21.004	3.0419921875
21.005	3.037109375
21.005996	3.046875
21.006996	3.0419921875
21.007996	3.046875
21.008996	3.0419921875
21.009996	3.0517578125
21.010996	3.037109375
21.011996	3.0419921875
21.012996	3.037109375
21.013996	3.037109375
21.014996	3.046875
21.015996	3.0419921875
21.016996	3.0419921875
21.017996	3.0419921875
21.018996	3.0419921875
21.019996	3.037109375
21.020996	3.037109375
21.021996	3.0322265625
21.022996	3.037109375
21.023996	3.037109375
21.024996	3.037109375
21.025996	3.0322265625
21.026996	3.0419921875
21.027996	3.0322265625
21.028996	3.037109375
21.029996	3.037109375
21.030996	3.0224609375
21.031996	3.0322265625
21.032996	3.037109375
21.033996	3.02734375
21.034996	3.02734375
21.035996	3.02734375
21.036996	3.02734375
21.037996	3.0224609375
21.038996	3.0224609375
21.039996	3.017578125
21.040996	3.02734375
21.042	3.0224609375
21.042996	3.02734375
21.044	3.0224609375
21.045	3.017578125
21.046	3.02734375
21.047	3.02734375
21.048	3.017578125
21.048996	3.017578125
21.049996	3.0126953125
21.050996	3.0224609375
21.051996	3.017578125
21.052996	3.0224609375
21.053996	3.0224609375
21.054996	3.0126953125
21.055996	3.017578125
21.056996	3.017578125
21.057996	3.0126953125
21.058996	3.0126953125
21.059996	3.0126953125
21.060996	3.0078125
21.061996	3.0126953125
21.062996	3.0078125
21.063996	3.0126953125
21.064996	3.017578125
21.065996	3.0126953125
21.066996	3.0078125
21.067996	3.0078125
21.068996	3.0126953125
21.069996	3.017578125
21.070996	3.0078125
21.071996	3.0078125
21.072996	3.0078125
21.073996	3.0078125
21.074996	3.0078125
21.075996	3.0078125
21.076996	3.0029296875
21.077996	3.0078125
21.078996	2.998046875
21.079996	3.0029296875
21.080996	3.0029296875
21.081996	3.0029296875
21.082996	3.0029296875
21.083996	3.0029296875
21.085	3.0078125
21.085996	3.0029296875
21.087	2.998046875
21.088	3.0029296875
21.089	3.0029296875
21.09	2.998046875
21.091	3.0029296875
21.091996	2.998046875
21.092996	3.0029296875
21.093996	2.998046875
21.094996	2.998046875
21.095996	3.0029296875
21.096996	2.998046875
21.097996	2.998046875
21.098996	3.0078125
21.099996	3.0029296875
21.100996	3.0029296875
21.101996	3.0078125
21.102996	3.0078125
21.103996	3.0029296875
21.104996	3.0078125
21.105996	3.0078125
21.106996	3.0078125
21.107996	3.0126953125
21.108996	3.0078125
21.109996	3.0078125
21.110996	3.0078125
21.111996	3.0126953125
21.112996	3.0078125
21.113996	3.017578125
21.114996	3.017578125
21.115996	3.0126953125
21.116996	3.0126953125
21.117996	3.0126953125
21.118996	3.017578125
21.119996	3.0224609375
21.120996	3.017578125
21.121996	3.017578125
21.122996	3.017578125
21.123996	3.0126953125
21.124996	3.0224609375
21.125996	3.0224609375
21.127004	3.017578125
21.127996	3.017578125
21.129	3.02734375
21.13	3.0224609375
21.131	3.0224609375
21.132	3.017578125
21.133	3.02734375
21.133996	3.0322265625
21.134996	3.0322265625
21.135996	3.02734375
21.136996	3.02734375
21.137996	3.0224609375
21.138996	3.02734375
21.139996	3.02734375
21.140996	3.037109375
21.141996	3.02734375
21.142996	3.02734375
21.143996	3.037109375
21.144996	3.0322265625
21.145996	3.037109375
21.146996	3.0322265625
21.147996	3.037109375
21.148996	3.037109375
21.149996	3.037109375
21.150996	3.0419921875
21.151996	3.037109375
21.152996	3.037109375
21.153996	3.0419921875
21.154996	3.0322265625
21.155996	3.037109375
21.156996	3.0419921875
21.157996	3.0419921875
21.158996	3.0419921875
21.159996	3.0419921875
21.160996	3.037109375
21.161996	3.0419921875
21.162996	3.0419921875
21.163996	3.046875
21.164996	3.037109375
21.165996	3.0419921875
21.166996	3.046875
21.167996	3.0419921875
21.168996	3.0419921875
21.17	3.0419921875
21.170996	3.046875
21.172	3.046875
21.173	3.046875
21.174	3.0419921875
21.175	3.0419921875
21.176	3.046875
21.176996	3.037109375
21.177996	3.0419921875
21.178996	3.046875
21.179996	3.046875
21.180996	3.037109375
21.181996	3.046875
21.182996	3.046875
21.183996	3.037109375
21.184996	3.037109375
21.185996	3.046875
21.186996	3.0419921875
21.187996	3.0419921875
21.188996	3.046875
21.189996	3.037109375
21.190996	3.037109375
21.191996	3.0322265625
21.192996	3.037109375
21.193996	3.0322265625
21.194996	3.037109375
21.195996	3.037109375
21.196996	3.0322265625
21.197996	3.0322265625
21.198996	3.037109375
21.199996	3.0322265625
21.200996	3.02734375
21.201996	3.0322265625
21.202996	3.02734375
21.203996	3.02734375
21.204996	3.0322265625
21.205996	3.0224609375
21.206996	3.0224609375
21.207996	3.0224609375
21.208996	3.0224609375
21.209996	3.0224609375
21.210996	3.017578125
21.211996	3.0224609375
21.213	3.02734375
21.213996	3.0224609375
21.215	3.017578125
21.216	3.0224609375
21.217	3.0224609375
21.218	3.017578125
21.219	3.017578125
21.219996	3.0224609375
21.220996	3.0224609375
21.221996	3.017578125
21.222996	3.0126953125
21.223996	3.017578125
21.224996	3.017578125
21.225996	3.0126953125
21.226996	3.017578125
21.227996	3.017578125
21.228996	3.0126953125
21.229996	3.017578125
21.230996	3.0126953125
21.231996	3.017578125
21.232996	3.0078125
21.233996	3.0078125
21.234996	3.0126953125
21.235996	3.0078125
21.236996	3.0126953125
21.237996	3.0126953125
21.238996	3.0126953125
21.239996	3.0126953125
21.240996	3.0078125
21.241996	3.0126953125
21.242996	3.0029296875
21.243996	3.0029296875
21.244996	3.0029296875
21.245996	3.0029296875
21.246996	3.0029296875
21.247996	3.0078125
21.248996	3.0029296875
21.249996	2.998046875
21.250996	2.998046875
21.251996	2.998046875
21.252996	2.9931640625
21.253996	2.998046875
21.255004	2.998046875
21.255996	2.998046875
21.257	3.0029296875
21.258	3.0029296875
21.259	3.0078125
21.26	3.0078125
21.261	3.0078125
21.261996	3.0029296875
21.262996	3.0029296875
21.263996	2.998046875
21.264996	3.0029296875
21.265996	3.0029296875
21.266996	3.0029296875
21.267996	3.0126953125
21.268996	3.0078125
21.269996	2.998046875
21.270996	3.0078125
21.271996	3.0078125
21.272996	3.0029296875
21.273996	3.0078125
21.274996	3.0126953125
21.275996	3.0126953125
21.276996	3.0029296875
21.277996	3.0029296875
21.278996	2.998046875
21.279996	3.0029296875
21.280996	3.0126953125
21.281996	3.0029296875
21.282996	3.0078125
21.283996	3.0078125
21.284996	3.0126953125
21.285996	3.017578125
21.286996	3.017578125
21.287996	3.0126953125
21.288996	3.0126953125
21.289996	3.0224609375
21.290996	3.017578125
21.291996	3.0126953125
21.292996	3.0224609375
21.293996	3.0224609375
21.294996	3.0224609375
21.295996	3.017578125
21.296996	3.0126953125
21.298	3.017578125
21.298996	3.0224609375
21.3	3.017578125
21.301	3.0224609375
21.302	3.02734375
21.303	3.02734375
21.304	3.0322265625
21.304996	3.02734375
21.305996	3.02734375
21.306996	3.0224609375
21.307996	3.0224609375
21.308996	3.02734375
21.309996	3.0322265625
21.310996	3.0322265625
21.311996	3.02734375
21.312996	3.0224609375
21.313996	3.02734375
21.314996	3.037109375
21.315996	3.0322265625
21.316996	3.0322265625
21.317996	3.037109375
21.318996	3.037109375
21.319996	3.037109375
21.320996	3.0419921875
21.321996	3.037109375
21.322996	3.037109375
21.323996	3.0419921875
21.324996	3.0322265625
21.325996	3.037109375
21.326996	3.037109375
21.327996	3.0419921875
21.328996	3.0419921875
21.329996	3.0419921875
21.330996	3.0322265625
21.331996	3.046875
21.332996	3.0419921875
21.333996	3.0419921875
21.334996	3.046875
21.335996	3.0419921875
21.336996	3.046875
21.337996	3.037109375
21.338996	3.046875
21.339996	3.0419921875
21.341	3.037109375
21.341996	3.046875
21.343	3.046875
21.344	3.046875
21.345	3.046875
21.346	3.046875
21.347	3.046875
21.347996	3.0419921875
21.348996	3.037109375
21.349996	3.0419921875
21.350996	3.037109375
21.351996	3.046875
21.352996	3.0419921875
21.353996	3.0419921875
21.354996	3.037109375
21.355996	3.0419921875
21.356996	3.0419921875
21.357996	3.0322265625
21.358996	3.037109375
21.359996	3.0419921875
21.360996	3.0322265625
21.361996	3.037109375
21.362996	3.037109375
21.363996	3.0322265625
21.364996	3.037109375
21.365996	3.037109375
21.366996	3.0419921875
21.367996	3.0322265625
21.368996	3.037109375
21.369996	3.037109375
21.370996	3.037109375
21.371996	3.037109375
21.372996	3.037109375
21.373996	3.02734375
21.374996	3.02734375
21.375996	3.0224609375
21.376996	3.0322265625
21.377996	3.02734375
21.378996	3.02734375
21.379996	3.0224609375
21.380996	3.02734375
21.381996	3.02734375
21.383004	3.0322265625
21.383996	3.017578125
21.385	3.0224609375
21.386	3.0126953125
21.387	3.02734375
21.388	3.0224609375
21.389	3.0224609375
21.389996	3.0078125
21.390996	3.017578125
21.391996	3.017578125
21.392996	3.017578125
21.393996	3.0126953125
21.394996	3.0126953125
21.395996	3.017578125
21.396996	3.0126953125
21.397996	3.017578125
21.398996	3.017578125
21.399996	3.017578125
21.400996	3.0126953125
21.401996	3.0126953125
21.402996	3.0126953125
21.403996	3.0029296875
21.404996	3.0078125
21.405996	3.0078125
21.406996	3.0126953125
21.407996	3.0078125
21.408996	3.0078125
21.409996	3.0078125
21.410996	3.0029296875
21.411996	3.0029296875
21.412996	3.0078125
21.413996	3.0029296875
21.414996	3.0078125
21.415996	3.0029296875
21.416996	3.0029296875
21.417996	3.0029296875
21.418996	2.998046875
21.419996	3.0029296875
21.420996	3.0029296875
21.421996	2.998046875
21.422996	3.0029296875
21.423996	3.0029296875
21.424996	3.0029296875
21.426	3.0029296875
21.426996	2.998046875
21.428	3.0078125
21.429	3.0078125
21.43	3.0078125
21.431	3.0029296875
21.432	3.0029296875
21.432996	3.0029296875
21.433996	3.0029296875
21.434996	3.0029296875
21.435996	3.0078125
21.436996	3.0029296875
21.437996	3.0029296875
21.438996	3.0029296875
21.439996	3.0078125
21.440996	3.0029296875
21.441996	3.0029296875
21.442996	3.0078125
21.443996	3.0078125
21.444996	3.0078125
21.445996	3.0078125
21.446996	3.0078125
21.447996	2.998046875
21.448996	3.0078125
21.449996	3.0078125
21.450996	3.0029296875
21.451996	3.0029296875
21.452996	3.0029296875
21.453996	3.0078125
21.454996	3.017578125
21.455996	3.0126953125
21.456996	3.017578125
21.457996	3.0126953125
21.458996	3.017578125
21.459996	3.017578125
21.460996	3.0224609375
21.461996	3.0126953125
21.462996	3.017578125
21.463996	3.0126953125
21.464996	3.017578125
21.465996	3.017578125
21.466996	3.017578125
21.467996	3.0224609375
21.469	3.0224609375
21.469996	3.0224609375
21.471	3.0224609375
21.472	3.0224609375
21.473	3.0224609375
21.474	3.02734375
21.475	3.02734375
21.475996	3.02734375
21.476996	3.0224609375
21.477996	3.0224609375
21.478996	3.0322265625
21.479996	3.0224609375
21.480996	3.02734375
21.481996	3.02734375
21.482996	3.02734375
21.483996	3.0322265625
21.484996	3.037109375
21.485996	3.037109375
21.486996	3.0322265625
21.487996	3.02734375
21.488996	3.0322265625
21.489996	3.037109375
21.490996	3.0322265625
21.491996	3.0322265625
21.492996	3.037109375
21.493996	3.0322265625
21.494996	3.0322265625
21.495996	3.037109375
21.496996	3.037109375
21.497996	3.0419921875
21.498996	3.0419921875
21.499996	3.046875
21.500996	3.0419921875
21.501996	3.037109375
21.502996	3.0419921875
21.503996	3.0419921875
21.504996	3.046875
21.505996	3.037109375
21.506996	3.037109375
21.507996	3.046875
21.508996	3.037109375
21.509996	3.046875
21.511004	3.0419921875
21.511996	3.037109375
21.513	3.0419921875
21.514	3.0419921875
21.515	3.046875
21.516	3.0419921875
21.517	3.0419921875
21.517996	3.0419921875
21.518996	3.037109375
21.519996	3.046875
21.520996	3.046875
21.521996	3.0419921875
21.522996	3.046875
21.523996	3.0419921875
21.524996	3.037109375
21.525996	3.037109375
21.526996	3.037109375
21.527996	3.046875
21.528996	3.0419921875
21.529996	3.0322265625
21.530996	3.0322265625
21.531996	3.037109375
21.532996	3.02734375
21.533996	3.0322265625
21.534996	3.037109375
21.535996	3.037109375
21.536996	3.037109375
21.537996	3.02734375
21.538996	3.0322265625
21.539996	3.0322265625
21.540996	3.0322265625
21.541996	3.037109375
21.542996	3.037109375
21.543996	3.0224609375
21.544996	3.037109375
21.545996	3.0322265625
21.546996	3.0322265625
21.547996	3.0224609375
21.548996	3.0224609375
21.549996	3.0224609375
21.550996	3.02734375
21.551996	3.0224609375
21.552996	3.02734375
21.554	3.0224609375
21.554996	3.0224609375
21.556	3.02734375
21.557	3.0224609375
21.558	3.0224609375
21.559	3.017578125
21.56	3.0224609375
21.560996	3.0224609375
21.561996	3.0224609375
21.562996	3.017578125
21.563996	3.0224609375
21.564996	3.017578125
21.565996	3.017578125
21.566996	3.017578125
21.567996	3.017578125
21.568996	3.0126953125
21.569996	3.017578125
21.570996	3.0126953125
21.571996	3.017578125
21.572996	3.0078125
21.573996	3.0029296875
21.574996	3.0078125
21.575996	3.0078125
21.576996	3.0029296875
21.577996	3.0126953125
21.578996	3.0078125
21.579996	3.0126953125
21.580996	3.0078125
21.581996	3.0078125
21.582996	3.0029296875
21.583996	3.0078125
21.584996	3.0029296875
21.585996	3.0078125
21.586996	3.0078125
21.587996	3.0029296875
21.588996	3.0029296875
21.589996	3.0029296875
21.590996	3.0029296875
21.591996	3.0029296875
21.592996	3.0029296875
21.593996	3.0029296875
21.594996	3.0078125
21.595996	3.0029296875
21.597	2.998046875
21.597996	2.998046875
21.599	3.0029296875
21.6	2.998046875
21.601	2.998046875
21.602	2.998046875
21.603	3.0029296875
21.603996	3.0029296875
21.604996	2.998046875
21.605996	2.998046875
21.606996	3.0029296875
21.607996	3.0029296875
21.608996	3.0078125
21.609996	3.0078125
21.610996	3.0029296875
21.611996	3.0126953125
21.612996	3.0078125
21.613996	3.0126953125
21.614996	3.0078125
21.615996	3.0078125
21.616996	3.0029296875
21.617996	3.0029296875
21.618996	3.0126953125
21.619996	3.0078125
21.620996	3.0126953125
21.621996	3.0126953125
21.622996	3.0078125
21.623996	3.0126953125
21.624996	3.0126953125
21.625996	3.0126953125
21.626996	3.0126953125
21.627996	3.0126953125
21.628996	3.0224609375
21.629996	3.017578125
21.630996	3.017578125
21.631996	3.017578125
21.632996	3.0224609375
21.633996	3.0224609375
21.634996	3.0224609375
21.635996	3.017578125
21.636996	3.017578125
21.637996	3.0224609375
21.639004	3.02734375
21.639996	3.02734375
21.641	3.0126953125
21.642	3.0224609375
21.643	3.0224609375
21.644	3.0224609375
21.645	3.02734375
21.645996	3.02734375
21.646996	3.02734375
21.647996	3.02734375
21.648996	3.02734375
21.649996	3.0224609375
21.650996	3.0224609375
21.651996	3.0322265625
21.652996	3.0322265625
21.653996	3.0322265625
21.654996	3.037109375
21.655996	3.0322265625
21.656996	3.02734375
21.657996	3.037109375
21.658996	3.037109375
21.659996	3.0322265625
21.660996	3.0322265625
21.661996	3.02734375
21.662996	3.037109375
21.663996	3.0322265625
21.664996	3.037109375
21.665996	3.0322265625
21.666996	3.037109375
21.667996	3.0322265625
21.668996	3.037109375
21.669996	3.0419921875
21.670996	3.0419921875
21.671996	3.046875
21.672996	3.037109375
21.673996	3.0419921875
21.674996	3.0419921875
21.675996	3.0419921875
21.676996	3.037109375
21.677996	3.0419921875
21.678996	3.037109375
21.679996	3.0419921875
21.680996	3.0419921875
21.682	3.046875
21.682996	3.0419921875
21.684	3.037109375
21.685	3.0419921875
21.686	3.037109375
21.687	3.0419921875
21.688	3.0419921875
21.688996	3.046875
21.689996	3.0419921875
21.690996	3.0419921875
21.691996	3.037109375
21.692996	3.0419921875
21.693996	3.037109375
21.694996	3.037109375
21.695996	3.0419921875
21.696996	3.0419921875
21.697996	3.0419921875
21.698996	3.0419921875
21.699996	3.037109375
21.700996	3.0322265625
21.701996	3.037109375
21.702996	3.0419921875
21.703996	3.0419921875
21.704996	3.0322265625
21.705996	3.037109375
21.706996	3.037109375
21.707996	3.037109375
21.708996	3.0322265625
21.709996	3.037109375
21.710996	3.02734375
21.711996	3.02734375
21.712996	3.02734375
21.713996	3.02734375
21.714996	3.0322265625
21.715996	3.02734375
21.716996	3.02734375
21.717996	3.02734375
21.718996	3.0322265625
21.719996	3.0224609375
21.720996	3.02734375
21.721996	3.0224609375
21.722996	3.02734375
21.723996	3.0224609375
21.725	3.0224609375
21.725996	3.0224609375
21.727	3.0224609375
21.728	3.02734375
21.729	3.017578125
21.73	3.0126953125
21.731	3.0224609375
21.731996	3.0126953125
21.732996	3.017578125
21.733996	3.017578125
21.734996	3.0126953125
21.735996	3.0126953125
21.736996	3.0224609375
21.737996	3.0078125
21.738996	3.0126953125
21.739996	3.017578125
21.740996	3.0126953125
21.741996	3.0078125
21.742996	3.017578125
21.743996	3.0029296875
21.744996	3.0078125
21.745996	3.0078125
21.746996	3.0126953125
21.747996	3.017578125
21.748996	3.0029296875
21.749996	3.0126953125
21.750996	3.0078125
21.751996	2.998046875
21.752996	3.0126953125
21.753996	2.998046875
21.754996	3.0126953125
21.755996	3.0029296875
21.756996	2.998046875
21.757996	3.0078125
21.758996	3.0029296875
21.759996	3.0078125
21.760996	3.0029296875
21.761996	3.0078125
21.762996	3.0078125
21.763996	3.0078125
21.764996	3.0029296875
21.765996	3.0078125
21.767004	3.0078125
21.767996	3.0029296875
21.769	3.0029296875
21.77	2.998046875
21.771	3.0078125
21.772	3.0029296875
21.773	2.998046875
21.773996	2.998046875
21.774996	2.998046875
21.775996	3.0029296875
21.776996	2.998046875
21.777996	3.0029296875
21.778996	3.0029296875
21.779996	3.0078125
21.780996	3.0078125
21.781996	3.0078125
21.782996	3.0126953125
21.783996	3.0078125
21.784996	3.0126953125
21.785996	3.0078125
21.786996	3.0029296875
21.787996	3.0078125
21.788996	3.0078125
21.789996	3.017578125
21.790996	3.0029296875
21.791996	3.0078125
21.792996	3.0126953125
21.793996	3.0126953125
21.794996	3.0126953125
21.795996	3.0078125
21.796996	3.0126953125
21.797996	3.0126953125
21.798996	3.0126953125
21.799996	3.0126953125
21.800996	3.017578125
21.801996	3.017578125
21.802996	3.0224609375
21.803996	3.0126953125
21.804996	3.017578125
21.805996	3.017578125
21.806996	3.02734375
21.807996	3.017578125
21.808996	3.02734375
21.81	3.017578125
21.810996	3.02734375
21.812	3.02734375
21.813	3.02734375
21.814	3.02734375
21.815	3.0224609375
21.816	3.02734375
21.816996	3.02734375
21.817996	3.02734375
21.818996	3.02734375
21.819996	3.0224609375
21.820996	3.02734375
21.821996	3.02734375
21.822996	3.02734375
21.823996	3.02734375
21.824996	3.0322265625
21.825996	3.0322265625
21.826996	3.0224609375
21.827996	3.037109375
21.828996	3.037109375
21.829996	3.037109375
21.830996	3.0322265625
21.831996	3.037109375
21.832996	3.037109375
21.833996	3.0322265625
21.834996	3.0419921875
21.835996	3.0419921875
21.836996	3.037109375
21.837996	3.037109375
21.838996	3.0419921875
21.839996	3.0419921875
21.840996	3.046875
21.841996	3.046875
21.842996	3.0419921875
21.843996	3.037109375
21.844996	3.0419921875
21.845996	3.037109375
21.846996	3.0419921875
21.847996	3.0419921875
21.848996	3.0419921875
21.849996	3.0419921875
21.850996	3.046875
21.851996	3.0419921875
21.853	3.037109375
21.853996	3.0419921875
21.855	3.0419921875
21.856	3.0419921875
21.857	3.037109375
21.858	3.0419921875
21.859	3.037109375
21.859996	3.037109375
21.860996	3.0419921875
21.861996	3.0419921875
21.862996	3.037109375
21.863996	3.037109375
21.864996	3.037109375
21.865996	3.046875
21.866996	3.046875
21.867996	3.0419921875
21.868996	3.0322265625
21.869996	3.0322265625
21.870996	3.0419921875
21.871996	3.0419921875
21.872996	3.0419921875
21.873996	3.037109375
21.874996	3.0322265625
21.875996	3.0322265625
21.876996	3.0322265625
21.877996	3.0322265625
21.878996	3.037109375
21.879996	3.037109375
21.880996	3.0322265625
21.881996	3.02734375
21.882996	3.0322265625
21.883996	3.017578125
21.884996	3.0322265625
21.885996	3.02734375
21.886996	3.0224609375
21.887996	3.02734375
21.888996	3.02734375
21.889996	3.02734375
21.890996	3.02734375
21.891996	3.02734375
21.892996	3.02734375
21.893996	3.02734375
21.895004	3.02734375
21.895996	3.017578125
21.897	3.017578125
21.898	3.02734375
21.899	3.0224609375
21.9	3.017578125
21.901	3.0224609375
21.901996	3.0126953125
21.902996	3.0224609375
21.903996	3.017578125
21.904996	3.0126953125
21.905996	3.0224609375
21.906996	3.017578125
21.907996	3.017578125
21.908996	3.0078125
21.909996	3.017578125
21.910996	3.0126953125
21.911996	3.0126953125
21.912996	3.0126953125
21.913996	3.0078125
21.914996	3.0029296875
21.915996	3.0078125
21.916996	3.017578125
21.917996	3.0126953125
21.918996	3.0029296875
21.919996	3.0029296875
21.920996	3.0078125
21.921996	3.0078125
21.922996	3.0078125
21.923996	3.0078125
21.924996	3.0126953125
21.925996	2.998046875
21.926996	2.998046875
21.927996	3.0029296875
21.928996	3.0078125
21.929996	3.0078125
21.930996	3.0078125
21.931996	3.0078125
21.932996	3.0029296875
21.933996	3.0029296875
21.934996	3.0029296875
21.935996	3.0029296875
21.936996	3.0078125
21.938	3.0078125
21.938996	3.0029296875
21.94	2.998046875
21.941	3.0029296875
21.942	2.998046875
21.943	3.0078125
21.944	3.0078125
21.944996	3.0126953125
21.945996	2.998046875
21.946996	3.0078125
21.947996	3.0078125
21.948996	3.0029296875
21.949996	3.0078125
21.950996	3.0078125
21.951996	3.0126953125
21.952996	3.0078125
21.953996	3.0078125
21.954996	3.0078125
21.955996	3.0126953125
21.956996	3.0078125
21.957996	3.0029296875
21.958996	3.0029296875
21.959996	2.998046875
21.960996	3.0126953125
21.961996	3.0078125
21.962996	3.0078125
21.963996	3.017578125
21.964996	3.0126953125
21.965996	3.017578125
21.966996	3.0078125
21.967996	3.0078125
21.968996	3.017578125
21.969996	3.0126953125
21.970996	3.017578125
21.971996	3.017578125
21.972996	3.0126953125
21.973996	3.0224609375
21.974996	3.017578125
21.975996	3.0224609375
21.976996	3.0224609375
21.977996	3.0224609375
21.978996	3.0224609375
21.979996	3.02734375
21.981	3.0224609375
21.981996	3.0224609375
21.983	3.02734375
21.984	3.0224609375
21.985	3.02734375
21.986	3.017578125
21.987	3.0224609375
21.987996	3.02734375
21.988996	3.02734375
21.989996	3.02734375
21.990996	3.02734375
21.991996	3.02734375
21.992996	3.0224609375
21.993996	3.0322265625
21.994996	3.02734375
21.995996	3.0322265625
21.996996	3.037109375
21.997996	3.0322265625
21.998996	3.0419921875
21.999996	3.037109375
22.000996	3.0419921875
22.001996	3.037109375
22.002996	3.0419921875
22.003996	3.037109375
22.004996	3.037109375
22.005996	3.0322265625
22.006996	3.037109375
22.007996	3.037109375
22.008996	3.0419921875
22.009996	3.037109375
22.010996	3.0419921875
22.011996	3.046875
22.012996	3.0419921875
22.013996	3.0322265625
22.014996	3.0419921875
22.015996	3.037109375
22.016996	3.0419921875
22.017996	3.0419921875
22.018996	3.037109375
22.019996	3.0419921875
22.020996	3.0322265625
22.021996	3.0419921875
22.023004	3.037109375
22.023996	3.037109375
22.025	3.037109375
22.026	3.0517578125
22.027	3.046875
22.028	3.0419921875
22.029	3.046875
22.029996	3.0419921875
22.030996	3.0419921875
22.031996	3.046875
22.032996	3.0419921875
22.033996	3.0419921875
22.034996	3.0419921875
22.035996	3.037109375
22.036996	3.0419921875
22.037996	3.0322265625
22.038996	3.0322265625
22.039996	3.037109375
22.040996	3.0419921875
22.041996	3.037109375
22.042996	3.037109375
22.043996	3.037109375
22.044996	3.037109375
22.045996	3.037109375
22.046996	3.0419921875
22.047996	3.0322265625
22.048996	3.037109375
22.049996	3.02734375
22.050996	3.037109375
22.051996	3.0322265625
22.052996	3.0322265625
22.053996	3.0224609375
22.054996	3.02734375
22.055996	3.02734375
22.056996	3.02734375
22.057996	3.02734375
22.058996	3.0322265625
22.059996	3.02734375
22.060996	3.017578125
22.061996	3.0224609375
22.062996	3.017578125
22.063996	3.0224609375
22.064996	3.02734375
22.066	3.0224609375
22.066996	3.017578125
22.068	3.017578125
22.069	3.0224609375
22.07	3.017578125
22.071	3.0224609375
22.072	3.0224609375
22.072996	3.0224609375
22.073996	3.0224609375
22.074996	3.017578125
22.075996	3.0224609375
22.076996	3.0126953125
22.077996	3.017578125
22.078996	3.0078125
22.079996	3.0126953125
22.080996	3.017578125
22.081996	3.0078125
22.082996	3.0126953125
22.083996	3.0126953125
22.084996	3.0029296875
22.085996	3.0078125
22.086996	3.0078125
22.087996	3.0126953125
22.088996	3.0078125
22.089996	3.0078125
22.090996	3.0029296875
22.091996	3.0078125
22.092996	3.0078125
22.093996	3.0078125
22.094996	3.0078125
22.095996	3.0078125
22.096996	3.0029296875
22.097996	3.0078125
22.098996	3.0078125
22.099996	3.0078125
22.100996	3.0078125
22.101996	2.998046875
22.102996	3.0029296875
22.103996	3.0029296875
22.104996	3.0078125
22.105996	3.0029296875
22.106996	3.0078125
22.107996	3.0029296875
22.109	2.998046875
22.109996	2.998046875
22.111	2.998046875
22.112	2.998046875
22.113	3.0029296875
22.114	2.998046875
22.115	3.0078125
22.115996	3.0078125
22.116996	3.0078125
22.117996	3.0029296875
22.118996	3.0029296875
22.119996	3.0078125
22.120996	3.0078125
22.121996	3.0078125
22.122996	3.0029296875
22.123996	3.0078125
22.124996	3.0029296875
22.125996	2.998046875
22.126996	3.0029296875
22.127996	3.0078125
22.128996	3.0126953125
22.129996	3.0078125
22.130996	3.0126953125
22.131996	3.0078125
22.132996	3.017578125
22.133996	3.0126953125
22.134996	3.0224609375
22.135996	3.0126953125
22.136996	3.0126953125
22.137996	3.0126953125
22.138996	3.0126953125
22.139996	3.0224609375
22.140996	3.0126953125
22.141996	3.0224609375
22.142996	3.017578125
22.143996	3.0224609375
22.144996	3.017578125
22.145996	3.0224609375
22.146996	3.017578125
22.147996	3.0224609375
22.148996	3.0224609375
22.149996	3.0224609375
22.151004	3.0224609375
22.151996	3.0224609375
22.153	3.0224609375
22.154	3.0224609375
22.155	3.02734375
22.156	3.02734375
22.157	3.02734375
22.157996	3.0322265625
22.158996	3.02734375
22.159996	3.0224609375
22.160996	3.0322265625
22.161996	3.037109375
22.162996	3.0322265625
22.163996	3.0322265625
22.164996	3.037109375
22.165996	3.037109375
22.166996	3.0322265625
22.167996	3.0322265625
22.168996	3.037109375
22.169996	3.037109375
22.170996	3.0322265625
22.171996	3.037109375
22.172996	3.0322265625
22.173996	3.0322265625
22.174996	3.02734375
22.175996	3.037109375
22.176996	3.0419921875
22.177996	3.0419921875
22.178996	3.037109375
22.179996	3.037109375
22.180996	3.0419921875
22.181996	3.0419921875
22.182996	3.0419921875
22.183996	3.0419921875
22.184996	3.037109375
22.185996	3.0419921875
22.186996	3.0419921875
22.187996	3.0419921875
22.188996	3.0419921875
22.189996	3.0419921875
22.190996	3.0419921875
22.191996	3.0419921875
22.192996	3.037109375
22.194	3.046875
22.194996	3.037109375
22.196	3.0419921875
22.197	3.0419921875
22.198	3.0419921875
22.199	3.0419921875
22.2	3.0419921875
22.200996	3.037109375
22.201996	3.0419921875
22.202996	3.0419921875
22.203996	3.037109375
22.204996	3.0419921875
22.205996	3.046875
22.206996	3.0419921875
22.207996	3.037109375
22.208996	3.0322265625
22.209996	3.037109375
22.210996	3.037109375
22.211996	3.0322265625
22.212996	3.037109375
22.213996	3.0322265625
22.214996	3.0419921875
22.215996	3.0419921875
22.216996	3.0322265625
22.217996	3.0322265625
22.218996	3.037109375
22.219996	3.02734375
22.220996	3.0322265625
22.221996	3.037109375
22.222996	3.0322265625
22.223996	3.0322265625
22.224996	3.02734375
22.225996	3.02734375
22.226996	3.0322265625
22.227996	3.0224609375
22.228996	3.02734375
22.229996	3.02734375
22.230996	3.0224609375
22.231996	3.0224609375
22.232996	3.0224609375
22.233996	3.0224609375
22.234996	3.017578125
22.235996	3.0224609375
22.237	3.02734375
22.237996	3.017578125
22.239	3.017578125
22.24	3.017578125
22.241	3.017578125
22.242	3.0224609375
22.243	3.0224609375
22.243996	3.0224609375
22.244996	3.0224609375
22.245996	3.0126953125
22.246996	3.0224609375
22.247996	3.017578125
22.248996	3.017578125
22.249996	3.0126953125
22.250996	3.017578125
22.251996	3.0126953125
22.252996	3.017578125
22.253996	3.0078125
22.254996	3.0078125
22.255996	3.0029296875
22.256996	2.998046875
22.257996	3.0078125
22.258996	3.0029296875
22.259996	3.0029296875
22.260996	3.0078125
22.261996	3.0029296875
22.262996	3.0078125
22.263996	3.0029296875
22.264996	3.0126953125
22.265996	3.0078125
22.266996	3.0126953125
22.267996	3.0078125
22.268996	3.0078125
22.269996	3.0078125
22.270996	3.0029296875
22.271996	3.0078125
22.272996	3.0029296875
22.273996	3.0126953125
22.274996	3.0078125
22.275996	3.0029296875
22.276996	3.0029296875
22.277996	2.998046875
22.279004	3.0126953125
22.279996	3.0078125
22.281	2.998046875
22.282	3.0029296875
22.283	3.0078125
22.284	3.0029296875
22.285	3.0078125
22.285996	3.0078125
22.286996	3.0078125
22.287996	3.0126953125
22.288996	3.017578125
22.289996	3.0029296875
22.290996	3.0078125
22.291996	3.0078125
22.292996	3.0126953125
22.293996	3.0078125
22.294996	3.0078125
22.295996	3.0078125
22.296996	3.0029296875
22.297996	3.0078125
22.298996	3.0078125
22.299996	3.0078125
22.300996	3.017578125
22.301996	3.017578125
22.302996	3.0078125
22.303996	3.0078125
22.304996	3.0078125
22.305996	3.0078125
22.306996	3.0126953125
22.307996	3.017578125
22.308996	3.0224609375
22.309996	3.0078125
